base_contrast_id,contrast_id,family,book_question,slice_name,slice_value,paired_decision_n,mean_delta,mean_delta_ci95_low,mean_delta_ci95_high,regret_delta,threshold_mass_delta,lower_tail_mass_delta,preferred_actual_action_rate,alternative_actual_action_rate
bidder_lead_called_suit_vs_off_suit,bidder_lead_called_suit_vs_off_suit__count_points=0,lead_plan,"When bidder is on lead, does pulling/using the called suit beat an off-suit lead in the same public state?",count_points,0,87,-3.8782124132260507,-4.961943311595369,-2.7764761694546403,3.8782124132260507,-0.009597701973271096,0.09885057543629203,0.3793103448275862,0.5172413793103449
bidder_lead_called_suit_vs_off_suit,bidder_lead_called_suit_vs_off_suit__current_winner_team=,lead_plan,"When bidder is on lead, does pulling/using the called suit beat an off-suit lead in the same public state?",current_winner_team,,91,-3.7338177813933444,-4.891587040254048,-2.6942991473517575,3.7338177813933444,-0.008461538947873062,0.09505494555028585,0.3956043956043956,0.5054945054945055
bidder_lead_called_suit_vs_off_suit,bidder_lead_called_suit_vs_off_suit__decl=blanks,lead_plan,"When bidder is on lead, does pulling/using the called suit beat an off-suit lead in the same public state?",decl,blanks,14,-3.1508377279554094,-5.371330414499555,-0.7680775948933193,3.1508377279554094,5.32184328351702e-10,0.0810714225018663,0.35714285714285715,0.5714285714285714
bidder_lead_called_suit_vs_off_suit,bidder_lead_called_suit_vs_off_suit__decl=doubles,lead_plan,"When bidder is on lead, does pulling/using the called suit beat an off-suit lead in the same public state?",decl,doubles,7,0.7336106300354004,-1.7372256347111292,3.298584086554391,-0.7336106300354004,0.032142856291362217,0.027142858930996487,0.7142857142857143,0.0
bidder_lead_called_suit_vs_off_suit,bidder_lead_called_suit_vs_off_suit__decl=doubles-suit,lead_plan,"When bidder is on lead, does pulling/using the called suit beat an off-suit lead in the same public state?",decl,doubles-suit,7,0.06419401509421212,-2.997697183064052,3.0162926742008755,-0.06419401509421212,2.128737313406808e-09,-0.008571423590183258,0.2857142857142857,0.2857142857142857
bidder_lead_called_suit_vs_off_suit,bidder_lead_called_suit_vs_off_suit__decl=fives,lead_plan,"When bidder is on lead, does pulling/using the called suit beat an off-suit lead in the same public state?",decl,fives,8,-4.859012544155121,-7.818757027387619,-2.1406786143779755,4.859012544155121,-0.009374996647238731,0.14687500521540642,0.375,0.5
bidder_lead_called_suit_vs_off_suit,bidder_lead_called_suit_vs_off_suit__decl=fours,lead_plan,"When bidder is on lead, does pulling/using the called suit beat an off-suit lead in the same public state?",decl,fours,13,-5.340721669105383,-8.176378321189146,-2.545337356053866,5.340721669105383,-0.017307694141681377,0.11384615302085876,0.23076923076923078,0.6923076923076923
bidder_lead_called_suit_vs_off_suit,bidder_lead_called_suit_vs_off_suit__decl=ones,lead_plan,"When bidder is on lead, does pulling/using the called suit beat an off-suit lead in the same public state?",decl,ones,14,-6.704900822469166,-9.584908519472394,-4.14964017697743,6.704900822469166,-0.041785716478313716,0.15107143417532956,0.2857142857142857,0.6428571428571429
bidder_lead_called_suit_vs_off_suit,bidder_lead_called_suit_vs_off_suit__decl=sixes,lead_plan,"When bidder is on lead, does pulling/using the called suit beat an off-suit lead in the same public state?",decl,sixes,6,-1.7515264749526978,-4.750866373380025,0.44381392002105713,1.7515264749526978,0.023333335916201275,0.07250000055258472,0.8333333333333334,0.16666666666666666
bidder_lead_called_suit_vs_off_suit,bidder_lead_called_suit_vs_off_suit__decl=threes,lead_plan,"When bidder is on lead, does pulling/using the called suit beat an off-suit lead in the same public state?",decl,threes,11,-5.290017165920951,-8.214991130612113,-3.1424131122502414,5.290017165920951,-0.03227273340929638,0.1186363681812178,0.2727272727272727,0.7272727272727273
bidder_lead_called_suit_vs_off_suit,bidder_lead_called_suit_vs_off_suit__decl=twos,lead_plan,"When bidder is on lead, does pulling/using the called suit beat an off-suit lead in the same public state?",decl,twos,11,-2.7618982900272715,-5.737949458035556,0.5294311263344504,2.7618982900272715,0.009545456279407848,0.07954544726420533,0.5454545454545454,0.45454545454545453
bidder_lead_called_suit_vs_off_suit,bidder_lead_called_suit_vs_off_suit__family_role=bidder,lead_plan,"When bidder is on lead, does pulling/using the called suit beat an off-suit lead in the same public state?",family_role,bidder,91,-3.7338177813933444,-4.923758799558158,-2.884432484487911,3.7338177813933444,-0.008461538947873062,0.09505494555028585,0.3956043956043956,0.5054945054945055
bidder_lead_called_suit_vs_off_suit,bidder_lead_called_suit_vs_off_suit__phase=early,lead_plan,"When bidder is on lead, does pulling/using the called suit beat an off-suit lead in the same public state?",phase,early,67,-3.9627348607155812,-5.384055664290243,-2.8465509281229617,3.9627348607155812,-0.00462686604083474,0.10380597063687755,0.3880597014925373,0.5074626865671642
bidder_lead_called_suit_vs_off_suit,bidder_lead_called_suit_vs_off_suit__phase=middle,lead_plan,"When bidder is on lead, does pulling/using the called suit beat an off-suit lead in the same public state?",phase,middle,23,-3.243739506472712,-4.9813792601875635,-1.7324085546576458,3.243739506472712,-0.02000000084871831,0.07369565271327029,0.391304347826087,0.5217391304347826
bidder_lead_called_suit_vs_off_suit,bidder_lead_called_suit_vs_off_suit__position=lead,lead_plan,"When bidder is on lead, does pulling/using the called suit beat an off-suit lead in the same public state?",position,lead,91,-3.7338177813933444,-4.909258910915354,-2.590198978617951,3.7338177813933444,-0.008461538947873062,0.09505494555028585,0.3956043956043956,0.5054945054945055
bidder_lead_called_suit_vs_off_suit,bidder_lead_called_suit_vs_off_suit__seat_role=bidder,lead_plan,"When bidder is on lead, does pulling/using the called suit beat an off-suit lead in the same public state?",seat_role,bidder,91,-3.7338177813933444,-4.7020048679231286,-2.667621996376541,3.7338177813933444,-0.008461538947873062,0.09505494555028585,0.3956043956043956,0.5054945054945055
bidder_lead_called_suit_vs_off_suit,bidder_lead_called_suit_vs_off_suit__trick_idx=0,lead_plan,"When bidder is on lead, does pulling/using the called suit beat an off-suit lead in the same public state?",trick_idx,0,46,-3.494927119301713,-5.346890276540881,-2.180559011257213,3.494927119301713,0.007282608067211898,0.10184782559214078,0.41304347826086957,0.5
bidder_lead_called_suit_vs_off_suit,bidder_lead_called_suit_vs_off_suit__trick_idx=1,lead_plan,"When bidder is on lead, does pulling/using the called suit beat an off-suit lead in the same public state?",trick_idx,1,21,-4.987456580003102,-8.099292959485735,-2.911992975643703,4.987456580003102,-0.030714285515603564,0.10809524073487237,0.3333333333333333,0.5238095238095238
bidder_lead_called_suit_vs_off_suit,bidder_lead_called_suit_vs_off_suit__trick_idx=2,lead_plan,"When bidder is on lead, does pulling/using the called suit beat an off-suit lead in the same public state?",trick_idx,2,12,-4.786115676164627,-6.962866226832072,-2.7188126941521964,4.786115676164627,-0.03541666859139999,0.0941666685199986,0.3333333333333333,0.5833333333333334
bidder_lead_called_suit_vs_off_suit,bidder_lead_called_suit_vs_off_suit__trick_idx=3,lead_plan,"When bidder is on lead, does pulling/using the called suit beat an off-suit lead in the same public state?",trick_idx,3,6,-2.4855825901031494,-6.691313982009888,1.5041131178538005,2.4855825901031494,-0.025833333532015484,0.0616666649778684,0.3333333333333333,0.5
bidder_lead_called_suit_vs_off_suit,bidder_lead_called_suit_vs_off_suit__trick_idx=4,lead_plan,"When bidder is on lead, does pulling/using the called suit beat an off-suit lead in the same public state?",trick_idx,4,5,-0.4518249988555908,-3.6116611480712892,2.262534999847412,0.4518249988555908,0.024000000953674317,0.03900000005960465,0.6,0.4
bidder_lead_called_suit_vs_off_suit,bidder_lead_called_suit_vs_off_suit__trick_position=0,lead_plan,"When bidder is on lead, does pulling/using the called suit beat an off-suit lead in the same public state?",trick_position,0,91,-3.7338177813933444,-4.788472656692777,-2.7761552117683075,3.7338177813933444,-0.008461538947873062,0.09505494555028585,0.3956043956043956,0.5054945054945055
bidder_lead_called_double_vs_called_non_double,bidder_lead_called_double_vs_called_non_double__count_points=0,lead_plan,"When both are legal called-suit leads, is the double lead better than a lower called-suit lead?",count_points,0,10,5.327449524402619,2.436953973770142,7.320735847949981,-5.327449524402619,0.08649998903274536,-0.07649999335408211,0.7,0.1
bidder_lead_called_double_vs_called_non_double,bidder_lead_called_double_vs_called_non_double__current_winner_team=,lead_plan,"When both are legal called-suit leads, is the double lead better than a lower called-suit lead?",current_winner_team,,12,5.00858657558759,3.1890759567419686,7.151755928993225,-5.00858657558759,0.09541666011015575,-0.06374999446173508,0.6666666666666666,0.08333333333333333
bidder_lead_called_double_vs_called_non_double,bidder_lead_called_double_vs_called_non_double__decl=fours,lead_plan,"When both are legal called-suit leads, is the double lead better than a lower called-suit lead?",decl,fours,3,10.12736145655314,9.0550057888031,11.972032070159912,-10.12736145655314,0.08166666825612386,-0.21833331634600958,0.6666666666666666,0.0
bidder_lead_called_double_vs_called_non_double,bidder_lead_called_double_vs_called_non_double__decl=twos,lead_plan,"When both are legal called-suit leads, is the double lead better than a lower called-suit lead?",decl,twos,3,2.3263081312179565,-0.24288475513458252,4.830877304077148,-2.3263081312179565,0.059999982515970864,-0.014999995628992716,0.3333333333333333,0.3333333333333333
bidder_lead_called_double_vs_called_non_double,bidder_lead_called_double_vs_called_non_double__family_role=bidder,lead_plan,"When both are legal called-suit leads, is the double lead better than a lower called-suit lead?",family_role,bidder,12,5.00858657558759,3.0075323283672333,7.280063500006993,-5.00858657558759,0.09541666011015575,-0.06374999446173508,0.6666666666666666,0.08333333333333333
bidder_lead_called_double_vs_called_non_double,bidder_lead_called_double_vs_called_non_double__phase=early,lead_plan,"When both are legal called-suit leads, is the double lead better than a lower called-suit lead?",phase,early,11,5.123154997825623,3.126007849519903,7.623327190225774,-5.123154997825623,0.09181817553260109,-0.06954544850371101,0.6363636363636364,0.09090909090909091
bidder_lead_called_double_vs_called_non_double,bidder_lead_called_double_vs_called_non_double__position=lead,lead_plan,"When both are legal called-suit leads, is the double lead better than a lower called-suit lead?",position,lead,12,5.00858657558759,2.829038014014562,6.979413489500682,-5.00858657558759,0.09541666011015575,-0.06374999446173508,0.6666666666666666,0.08333333333333333
bidder_lead_called_double_vs_called_non_double,bidder_lead_called_double_vs_called_non_double__seat_role=bidder,lead_plan,"When both are legal called-suit leads, is the double lead better than a lower called-suit lead?",seat_role,bidder,12,5.00858657558759,3.132209728161494,7.244202077388763,-5.00858657558759,0.09541666011015575,-0.06374999446173508,0.6666666666666666,0.08333333333333333
bidder_lead_called_double_vs_called_non_double,bidder_lead_called_double_vs_called_non_double__trick_idx=0,lead_plan,"When both are legal called-suit leads, is the double lead better than a lower called-suit lead?",trick_idx,0,10,4.699965846538544,2.470121777057648,7.222013258934021,-4.699965846538544,0.09499999284744262,-0.05749999657273293,0.6,0.1
bidder_lead_called_double_vs_called_non_double,bidder_lead_called_double_vs_called_non_double__trick_position=0,lead_plan,"When both are legal called-suit leads, is the double lead better than a lower called-suit lead?",trick_position,0,12,5.00858657558759,3.3445919255415597,7.231424142916997,-5.00858657558759,0.09541666011015575,-0.06374999446173508,0.6666666666666666,0.08333333333333333
bidder_low_called_suit_vs_called_double,bidder_low_called_suit_vs_called_double__count_points=0,lead_plan_exception,Does the low-trump-first exception show up against leading the double?,count_points,0,10,-4.169298660755158,-6.801831293106079,-2.275555944442749,4.169298660755158,-0.10199999213218688,0.03649999871850014,0.1,0.7
bidder_low_called_suit_vs_called_double,bidder_low_called_suit_vs_called_double__current_winner_team=,lead_plan_exception,Does the low-trump-first exception show up against leading the double?,current_winner_team,,12,-5.00858657558759,-7.028172264496486,-3.115321377913157,5.00858657558759,-0.09541666011015575,0.06374999446173508,0.08333333333333333,0.6666666666666666
bidder_low_called_suit_vs_called_double,bidder_low_called_suit_vs_called_double__decl=fours,lead_plan_exception,Does the low-trump-first exception show up against leading the double?,decl,fours,3,-10.12736145655314,-11.972032070159912,-9.0550057888031,10.12736145655314,-0.08166666825612386,0.21833331634600958,0.0,0.6666666666666666
bidder_low_called_suit_vs_called_double,bidder_low_called_suit_vs_called_double__decl=twos,lead_plan_exception,Does the low-trump-first exception show up against leading the double?,decl,twos,3,-2.3263081312179565,-4.830877304077148,0.24288475513458252,2.3263081312179565,-0.059999982515970864,0.014999995628992716,0.3333333333333333,0.3333333333333333
bidder_low_called_suit_vs_called_double,bidder_low_called_suit_vs_called_double__family_role=bidder,lead_plan_exception,Does the low-trump-first exception show up against leading the double?,family_role,bidder,12,-5.00858657558759,-7.288935671250026,-3.0418130358060202,5.00858657558759,-0.09541666011015575,0.06374999446173508,0.08333333333333333,0.6666666666666666
bidder_low_called_suit_vs_called_double,bidder_low_called_suit_vs_called_double__phase=early,lead_plan_exception,Does the low-trump-first exception show up against leading the double?,phase,early,11,-5.123154997825623,-7.706029783595692,-3.2576036995107476,5.123154997825623,-0.09181817553260109,0.06954544850371101,0.09090909090909091,0.6363636363636364
bidder_low_called_suit_vs_called_double,bidder_low_called_suit_vs_called_double__position=lead,lead_plan_exception,Does the low-trump-first exception show up against leading the double?,position,lead,12,-5.00858657558759,-6.886825660864512,-3.3439854085445404,5.00858657558759,-0.09541666011015575,0.06374999446173508,0.08333333333333333,0.6666666666666666
bidder_low_called_suit_vs_called_double,bidder_low_called_suit_vs_called_double__seat_role=bidder,lead_plan_exception,Does the low-trump-first exception show up against leading the double?,seat_role,bidder,12,-5.00858657558759,-6.983786463737488,-3.5222232937812805,5.00858657558759,-0.09541666011015575,0.06374999446173508,0.08333333333333333,0.6666666666666666
bidder_low_called_suit_vs_called_double,bidder_low_called_suit_vs_called_double__trick_idx=0,lead_plan_exception,Does the low-trump-first exception show up against leading the double?,trick_idx,0,10,-4.699965846538544,-6.868703460693359,-2.43267902135849,4.699965846538544,-0.09499999284744262,0.05749999657273293,0.1,0.6
bidder_low_called_suit_vs_called_double,bidder_low_called_suit_vs_called_double__trick_position=0,lead_plan_exception,Does the low-trump-first exception show up against leading the double?,trick_position,0,12,-5.00858657558759,-7.310946404933929,-2.9703480203946433,5.00858657558759,-0.09541666011015575,0.06374999446173508,0.08333333333333333,0.6666666666666666
bidder_lead_count_vs_noncount,bidder_lead_count_vs_noncount__count_points=10,count_inventory,Is leading count from the bidder side better than leading non-count in the same lead state?,count_points,10,31,-4.675652184794026,-7.762923132988714,-1.8631956846483293,4.675652184794026,-0.029193548425551382,0.09032258045889678,0.25806451612903225,0.5483870967741935
bidder_lead_count_vs_noncount,bidder_lead_count_vs_noncount__count_points=5,count_inventory,Is leading count from the bidder side better than leading non-count in the same lead state?,count_points,5,53,-7.220965523729628,-8.881439742052331,-5.402520538465875,7.220965523729628,-0.06679245295389644,0.13245282733356054,0.1509433962264151,0.6792452830188679
bidder_lead_count_vs_noncount,bidder_lead_count_vs_noncount__current_winner_team=,count_inventory,Is leading count from the bidder side better than leading non-count in the same lead state?,current_winner_team,,84,-6.2816236962652985,-7.985965406610852,-4.760268004855052,6.2816236962652985,-0.05291666675891195,0.11690476003457748,0.19047619047619047,0.6309523809523809
bidder_lead_count_vs_noncount,bidder_lead_count_vs_noncount__decl=blanks,count_inventory,Is leading count from the bidder side better than leading non-count in the same lead state?,decl,blanks,9,-6.603082789315118,-10.456873469882542,-2.35908842086792,6.603082789315118,-0.043888890080981784,0.14000000059604645,0.2222222222222222,0.5555555555555556
bidder_lead_count_vs_noncount,bidder_lead_count_vs_noncount__decl=doubles,count_inventory,Is leading count from the bidder side better than leading non-count in the same lead state?,decl,doubles,12,-3.909886767466863,-6.642023513714473,-1.9616008599599202,3.909886767466863,-0.02958333461234967,0.05874999426305294,0.08333333333333333,0.75
bidder_lead_count_vs_noncount,bidder_lead_count_vs_noncount__decl=doubles-suit,count_inventory,Is leading count from the bidder side better than leading non-count in the same lead state?,decl,doubles-suit,6,-7.186844348907471,-13.250676393508911,-2.7841018438339233,7.186844348907471,-0.04249999796350797,0.1649999978641669,0.5,0.5
bidder_lead_count_vs_noncount,bidder_lead_count_vs_noncount__decl=fives,count_inventory,Is leading count from the bidder side better than leading non-count in the same lead state?,decl,fives,7,-6.426243305206299,-9.987009184701103,-3.096428326198033,6.426243305206299,-0.05071428205285754,0.08857142925262451,0.14285714285714285,0.5714285714285714
bidder_lead_count_vs_noncount,bidder_lead_count_vs_noncount__decl=fours,count_inventory,Is leading count from the bidder side better than leading non-count in the same lead state?,decl,fours,7,-10.805412428719658,-16.813531466892787,-6.6627494267054965,10.805412428719658,-0.05499999863760812,0.23357141869408743,0.2857142857142857,0.7142857142857143
bidder_lead_count_vs_noncount,bidder_lead_count_vs_noncount__decl=no-trump,count_inventory,Is leading count from the bidder side better than leading non-count in the same lead state?,decl,no-trump,10,-8.186492598056793,-14.504247307777405,-0.7798846960067749,8.186492598056793,-0.09250000417232514,0.13000000240281223,0.2,0.7
bidder_lead_count_vs_noncount,bidder_lead_count_vs_noncount__decl=ones,count_inventory,Is leading count from the bidder side better than leading non-count in the same lead state?,decl,ones,7,-6.369958341121674,-10.80527629171099,-1.6110991324697221,6.369958341121674,-0.04642857291868755,0.1392857115715742,0.14285714285714285,0.5714285714285714
bidder_lead_count_vs_noncount,bidder_lead_count_vs_noncount__decl=sixes,count_inventory,Is leading count from the bidder side better than leading non-count in the same lead state?,decl,sixes,9,-5.97994605700175,-9.602619184388054,-2.7938796944088407,5.97994605700175,-0.08944444192780389,0.08388888960083325,0.1111111111111111,0.6666666666666666
bidder_lead_count_vs_noncount,bidder_lead_count_vs_noncount__decl=threes,count_inventory,Is leading count from the bidder side better than leading non-count in the same lead state?,decl,threes,7,-6.029875099658966,-9.569621665137154,-3.155077040195465,6.029875099658966,-0.03500000440648624,0.12928570806980133,0.0,0.7142857142857143
bidder_lead_count_vs_noncount,bidder_lead_count_vs_noncount__decl=twos,count_inventory,Is leading count from the bidder side better than leading non-count in the same lead state?,decl,twos,10,-3.5084073362872004,-8.771254634857177,1.9297060374170543,3.5084073362872004,-0.03999999687075615,0.06750000156462192,0.3,0.5
bidder_lead_count_vs_noncount,bidder_lead_count_vs_noncount__family_role=bidder,count_inventory,Is leading count from the bidder side better than leading non-count in the same lead state?,family_role,bidder,84,-6.2816236962652985,-7.941266013730672,-4.5684088120636135,6.2816236962652985,-0.05291666675891195,0.11690476003457748,0.19047619047619047,0.6309523809523809
bidder_lead_count_vs_noncount,bidder_lead_count_vs_noncount__phase=early,count_inventory,Is leading count from the bidder side better than leading non-count in the same lead state?,phase,early,61,-8.227990875478651,-9.819057159736508,-6.589929914865338,8.227990875478651,-0.06467213109135628,0.15778688370387572,0.11475409836065574,0.6885245901639344
bidder_lead_count_vs_noncount,bidder_lead_count_vs_noncount__phase=late,count_inventory,Is leading count from the bidder side better than leading non-count in the same lead state?,phase,late,6,0.5062291128560901,-2.3020455042521157,2.593622963875532,-0.5062291128560901,-0.0008333350221316019,0.009166665375232697,0.5,0.5
bidder_lead_count_vs_noncount,bidder_lead_count_vs_noncount__phase=middle,count_inventory,Is leading count from the bidder side better than leading non-count in the same lead state?,phase,middle,17,-1.6933130446602316,-4.20980905084049,0.5407988884869743,1.6933130446602316,-0.02911764712018125,0.008235290865687764,0.35294117647058826,0.47058823529411764
bidder_lead_count_vs_noncount,bidder_lead_count_vs_noncount__position=lead,count_inventory,Is leading count from the bidder side better than leading non-count in the same lead state?,position,lead,84,-6.2816236962652985,-7.8547504671760615,-4.770898870037247,6.2816236962652985,-0.05291666675891195,0.11690476003457748,0.19047619047619047,0.6309523809523809
bidder_lead_count_vs_noncount,bidder_lead_count_vs_noncount__seat_role=bidder,count_inventory,Is leading count from the bidder side better than leading non-count in the same lead state?,seat_role,bidder,84,-6.2816236962652985,-7.8650910542124794,-4.753280587804814,6.2816236962652985,-0.05291666675891195,0.11690476003457748,0.19047619047619047,0.6309523809523809
bidder_lead_count_vs_noncount,bidder_lead_count_vs_noncount__trick_idx=0,count_inventory,Is leading count from the bidder side better than leading non-count in the same lead state?,trick_idx,0,40,-9.693721221387387,-11.600928762555123,-8.04098462611437,9.693721221387387,-0.07587499907240272,0.18774999876040965,0.075,0.75
bidder_lead_count_vs_noncount,bidder_lead_count_vs_noncount__trick_idx=1,count_inventory,Is leading count from the bidder side better than leading non-count in the same lead state?,trick_idx,1,21,-5.436123549938202,-8.905430589403425,-2.8089939923513505,5.436123549938202,-0.04333333493698211,0.10071428359619208,0.19047619047619047,0.5714285714285714
bidder_lead_count_vs_noncount,bidder_lead_count_vs_noncount__trick_idx=2,count_inventory,Is leading count from the bidder side better than leading non-count in the same lead state?,trick_idx,2,11,-1.8736067793586038,-5.936359568075701,0.6044659181074663,1.8736067793586038,-0.023636363785375248,0.021363633938811043,0.45454545454545453,0.36363636363636365
bidder_lead_count_vs_noncount,bidder_lead_count_vs_noncount__trick_idx=4,count_inventory,Is leading count from the bidder side better than leading non-count in the same lead state?,trick_idx,4,4,-0.18363726139068604,-3.4317657947540283,3.0644912719726562,0.18363726139068604,-0.01874999701976776,-0.03500000387430191,0.25,0.5
bidder_lead_count_vs_noncount,bidder_lead_count_vs_noncount__trick_idx=5,count_inventory,Is leading count from the bidder side better than leading non-count in the same lead state?,trick_idx,5,6,0.5062291128560901,-1.1001909573872883,2.7201610213766494,-0.5062291128560901,-0.0008333350221316019,0.009166665375232697,0.5,0.5
bidder_lead_count_vs_noncount,bidder_lead_count_vs_noncount__trick_position=0,count_inventory,Is leading count from the bidder side better than leading non-count in the same lead state?,trick_position,0,84,-6.2816236962652985,-7.7123660572715815,-4.817202753897401,6.2816236962652985,-0.05291666675891195,0.11690476003457748,0.19047619047619047,0.6309523809523809
follower_beat_opponent_vs_decline,follower_beat_opponent_vs_decline__count_points=0,follow_obligation,"When an opponent is winning the trick and a follower can beat them, is taking control better than declining?",count_points,0,77,9.292481841020551,7.008628658660046,11.432039928900732,-9.292481841020551,0.17363636511341704,-0.10025974003864187,0.7922077922077922,0.12987012987012986
follower_beat_opponent_vs_decline,follower_beat_opponent_vs_decline__count_points=10,follow_obligation,"When an opponent is winning the trick and a follower can beat them, is taking control better than declining?",count_points,10,19,9.560251078641924,4.089252938418404,15.738023811583652,-9.560251078641924,0.19657895287596866,-0.08684210273388185,0.7894736842105263,0.10526315789473684
follower_beat_opponent_vs_decline,follower_beat_opponent_vs_decline__count_points=5,follow_obligation,"When an opponent is winning the trick and a follower can beat them, is taking control better than declining?",count_points,5,16,15.732456310652196,11.06268477998674,19.503402934409678,-15.732456310652196,0.10656250081956387,-0.06749999773455784,0.875,0.0625
follower_beat_opponent_vs_decline,follower_beat_opponent_vs_decline__current_winner_team=defense,follow_obligation,"When an opponent is winning the trick and a follower can beat them, is taking control better than declining?",current_winner_team,defense,52,10.192254073344744,8.135586452025633,12.186185519282635,-10.192254073344744,0.2397115403571381,-0.07769230498860662,0.8653846153846154,0.07692307692307693
follower_beat_opponent_vs_decline,follower_beat_opponent_vs_decline__current_winner_team=offense,follow_obligation,"When an opponent is winning the trick and a follower can beat them, is taking control better than declining?",current_winner_team,offense,60,10.314799356821458,7.824325492659894,12.899515557673293,-10.314799356821458,0.10575000221530596,-0.10683333398774267,0.75,0.15
follower_beat_opponent_vs_decline,follower_beat_opponent_vs_decline__decl=blanks,follow_obligation,"When an opponent is winning the trick and a follower can beat them, is taking control better than declining?",decl,blanks,13,9.521716906474186,5.835653983629667,13.072220747287457,-9.521716906474186,0.2338461600817167,-0.1526923067151354,0.9230769230769231,0.07692307692307693
follower_beat_opponent_vs_decline,follower_beat_opponent_vs_decline__decl=doubles,follow_obligation,"When an opponent is winning the trick and a follower can beat them, is taking control better than declining?",decl,doubles,14,8.3779458041702,3.7457969209977557,14.155840030738286,-8.3779458041702,0.12714285915717483,-0.05321428505703807,0.7857142857142857,0.14285714285714285
follower_beat_opponent_vs_decline,follower_beat_opponent_vs_decline__decl=doubles-suit,follow_obligation,"When an opponent is winning the trick and a follower can beat them, is taking control better than declining?",decl,doubles-suit,3,7.400702317555745,4.013052463531494,10.420854568481445,-7.400702317555745,0.09333335359891255,-0.07833334058523178,1.0,0.0
follower_beat_opponent_vs_decline,follower_beat_opponent_vs_decline__decl=fives,follow_obligation,"When an opponent is winning the trick and a follower can beat them, is taking control better than declining?",decl,fives,12,6.537515760709842,2.1444734844068685,11.137474976480007,-6.537515760709842,0.20291667679945627,-0.043333332830419145,0.75,0.08333333333333333
follower_beat_opponent_vs_decline,follower_beat_opponent_vs_decline__decl=fours,follow_obligation,"When an opponent is winning the trick and a follower can beat them, is taking control better than declining?",decl,fours,14,7.029418943616163,-0.11275416612625122,14.597638377121516,-7.029418943616163,0.09749999748808998,-0.0874999946515475,0.7142857142857143,0.21428571428571427
follower_beat_opponent_vs_decline,follower_beat_opponent_vs_decline__decl=ones,follow_obligation,"When an opponent is winning the trick and a follower can beat them, is taking control better than declining?",decl,ones,13,13.609790467298948,6.678023054049565,18.37998390656251,-13.609790467298948,0.14115383884368035,-0.13038461247029212,0.7692307692307693,0.15384615384615385
follower_beat_opponent_vs_decline,follower_beat_opponent_vs_decline__decl=sixes,follow_obligation,"When an opponent is winning the trick and a follower can beat them, is taking control better than declining?",decl,sixes,8,15.392091393470764,9.628274738788605,20.26068426668644,-15.392091393470764,0.19750000536441803,-0.11999999871477485,1.0,0.0
follower_beat_opponent_vs_decline,follower_beat_opponent_vs_decline__decl=threes,follow_obligation,"When an opponent is winning the trick and a follower can beat them, is taking control better than declining?",decl,threes,13,11.835688886787885,5.258252773201093,16.091208681464195,-11.835688886787885,0.1726923051934976,-0.10384615675474589,0.6923076923076923,0.07692307692307693
follower_beat_opponent_vs_decline,follower_beat_opponent_vs_decline__decl=twos,follow_obligation,"When an opponent is winning the trick and a follower can beat them, is taking control better than declining?",decl,twos,21,11.48396985161872,7.088633559999012,15.513846550668989,-11.48396985161872,0.18166666939145043,-0.08119047575053714,0.8095238095238095,0.14285714285714285
follower_beat_opponent_vs_decline,follower_beat_opponent_vs_decline__family_role=bidder,follow_obligation,"When an opponent is winning the trick and a follower can beat them, is taking control better than declining?",family_role,bidder,26,11.286019455928068,6.75619895870869,14.889217243744778,-11.286019455928068,0.2801923108143875,-0.09115384297015575,0.8461538461538461,0.11538461538461539
follower_beat_opponent_vs_decline,follower_beat_opponent_vs_decline__family_role=partner,follow_obligation,"When an opponent is winning the trick and a follower can beat them, is taking control better than declining?",family_role,partner,26,9.09848869076142,5.838864188927871,11.641245461427248,-9.09848869076142,0.1992307698998887,-0.06423076700705749,0.8846153846153846,0.038461538461538464
follower_beat_opponent_vs_decline,follower_beat_opponent_vs_decline__family_role=setter,follow_obligation,"When an opponent is winning the trick and a follower can beat them, is taking control better than declining?",family_role,setter,60,10.314799356821458,7.510651221972269,12.901769492775202,-10.314799356821458,0.10575000221530596,-0.10683333398774267,0.75,0.15
follower_beat_opponent_vs_decline,follower_beat_opponent_vs_decline__phase=early,follow_obligation,"When an opponent is winning the trick and a follower can beat them, is taking control better than declining?",phase,early,33,13.89766585332285,10.346112107258346,17.491614942770507,-13.89766585332285,0.19757576487168219,-0.14727272790376889,0.8181818181818182,0.030303030303030304
follower_beat_opponent_vs_decline,follower_beat_opponent_vs_decline__phase=late,follow_obligation,"When an opponent is winning the trick and a follower can beat them, is taking control better than declining?",phase,late,12,8.594618204981089,3.549243900924921,13.023536069939533,-8.594618204981089,0.12958333268761635,-0.04541666433215141,0.9166666666666666,0.08333333333333333
follower_beat_opponent_vs_decline,follower_beat_opponent_vs_decline__phase=middle,follow_obligation,"When an opponent is winning the trick and a follower can beat them, is taking control better than declining?",phase,middle,67,8.763086292593837,5.5919824574879415,10.854845810292373,-8.763086292593837,0.16022388057421838,-0.0752985060576405,0.7761194029850746,0.16417910447761194
follower_beat_opponent_vs_decline,follower_beat_opponent_vs_decline__position=last,follow_obligation,"When an opponent is winning the trick and a follower can beat them, is taking control better than declining?",position,last,32,16.103302309755236,11.422384514007717,21.270744462497532,-16.103302309755236,0.2506250014703255,-0.1589062473794911,0.8125,0.0625
follower_beat_opponent_vs_decline,follower_beat_opponent_vs_decline__position=second,follow_obligation,"When an opponent is winning the trick and a follower can beat them, is taking control better than declining?",position,second,53,7.002486480140777,4.289336700712876,8.749438293278217,-7.002486480140777,0.10783019282345502,-0.07943396314205427,0.7735849056603774,0.1320754716981132
follower_beat_opponent_vs_decline,follower_beat_opponent_vs_decline__position=third,follow_obligation,"When an opponent is winning the trick and a follower can beat them, is taking control better than declining?",position,third,27,9.720285772725388,6.372714813108797,13.281085383009028,-9.720285772725388,0.18796296165911136,-0.042777775407389355,0.8518518518518519,0.14814814814814814
follower_beat_opponent_vs_decline,follower_beat_opponent_vs_decline__seat_role=bidder,follow_obligation,"When an opponent is winning the trick and a follower can beat them, is taking control better than declining?",seat_role,bidder,26,11.286019455928068,7.535969287157059,15.366052875152,-11.286019455928068,0.2801923108143875,-0.09115384297015575,0.8461538461538461,0.11538461538461539
follower_beat_opponent_vs_decline,follower_beat_opponent_vs_decline__seat_role=bidder_partner,follow_obligation,"When an opponent is winning the trick and a follower can beat them, is taking control better than declining?",seat_role,bidder_partner,26,9.09848869076142,6.423290867071885,12.11307999262443,-9.09848869076142,0.1992307698998887,-0.06423076700705749,0.8846153846153846,0.038461538461538464
follower_beat_opponent_vs_decline,follower_beat_opponent_vs_decline__seat_role=left_setter,follow_obligation,"When an opponent is winning the trick and a follower can beat them, is taking control better than declining?",seat_role,left_setter,33,7.789024155269462,4.527021039615978,11.211705450779956,-7.789024155269462,0.11015152073267734,-0.11257575782523914,0.696969696969697,0.18181818181818182
follower_beat_opponent_vs_decline,follower_beat_opponent_vs_decline__seat_role=right_setter,follow_obligation,"When an opponent is winning the trick and a follower can beat them, is taking control better than declining?",seat_role,right_setter,27,13.401857936496121,9.292182840682843,17.214555577116293,-13.401857936496121,0.10037036847185206,-0.09981481596413586,0.8148148148148148,0.1111111111111111
follower_beat_opponent_vs_decline,follower_beat_opponent_vs_decline__trick_idx=0,follow_obligation,"When an opponent is winning the trick and a follower can beat them, is taking control better than declining?",trick_idx,0,11,15.644245149123229,10.956793852827765,20.914571167583663,-15.644245149123229,0.165000010620464,-0.16636363891038028,0.7272727272727273,0.0
follower_beat_opponent_vs_decline,follower_beat_opponent_vs_decline__trick_idx=1,follow_obligation,"When an opponent is winning the trick and a follower can beat them, is taking control better than declining?",trick_idx,1,22,13.024376205422662,9.542499577457255,17.32675874775106,-13.024376205422662,0.21386364199729127,-0.13772727240046317,0.8636363636363636,0.045454545454545456
follower_beat_opponent_vs_decline,follower_beat_opponent_vs_decline__trick_idx=2,follow_obligation,"When an opponent is winning the trick and a follower can beat them, is taking control better than declining?",trick_idx,2,17,11.99328734594233,8.02179799711003,15.394911092870375,-11.99328734594233,0.16529411428114948,-0.07147058817174505,0.8235294117647058,0.11764705882352941
follower_beat_opponent_vs_decline,follower_beat_opponent_vs_decline__trick_idx=3,follow_obligation,"When an opponent is winning the trick and a follower can beat them, is taking control better than declining?",trick_idx,3,24,12.260783754910031,8.560058444738388,15.546224050844708,-12.260783754910031,0.21604166796896607,-0.10541666399997969,0.8333333333333334,0.125
follower_beat_opponent_vs_decline,follower_beat_opponent_vs_decline__trick_idx=4,follow_obligation,"When an opponent is winning the trick and a follower can beat them, is taking control better than declining?",trick_idx,4,26,3.4223879463433358,-0.3629749176593927,8.38083964609541,-3.4223879463433358,0.10538461632453479,-0.04999999888241291,0.6923076923076923,0.23076923076923078
follower_beat_opponent_vs_decline,follower_beat_opponent_vs_decline__trick_idx=5,follow_obligation,"When an opponent is winning the trick and a follower can beat them, is taking control better than declining?",trick_idx,5,12,8.594618204981089,3.602575421333313,14.14338148633639,-8.594618204981089,0.12958333268761635,-0.04541666433215141,0.9166666666666666,0.08333333333333333
follower_beat_opponent_vs_decline,follower_beat_opponent_vs_decline__trick_position=1,follow_obligation,"When an opponent is winning the trick and a follower can beat them, is taking control better than declining?",trick_position,1,53,7.002486480140777,4.82269666921611,8.991624787282902,-7.002486480140777,0.10783019282345502,-0.07943396314205427,0.7735849056603774,0.1320754716981132
follower_beat_opponent_vs_decline,follower_beat_opponent_vs_decline__trick_position=2,follow_obligation,"When an opponent is winning the trick and a follower can beat them, is taking control better than declining?",trick_position,2,27,9.720285772725388,5.7027489300127385,13.111129625527948,-9.720285772725388,0.18796296165911136,-0.042777775407389355,0.8518518518518519,0.14814814814814814
follower_beat_opponent_vs_decline,follower_beat_opponent_vs_decline__trick_position=3,follow_obligation,"When an opponent is winning the trick and a follower can beat them, is taking control better than declining?",trick_position,3,32,16.103302309755236,11.827374016866088,20.265309719834477,-16.103302309755236,0.2506250014703255,-0.1589062473794911,0.8125,0.0625
follower_count_into_opponent_vs_noncount,follower_count_into_opponent_vs_noncount__count_points=10,follow_obligation,Is dumping count while the opponent controls the trick punished relative to non-count alternatives?,count_points,10,64,-13.02848836989142,-15.543344172881916,-10.557300420012325,13.02848836989142,-0.1896093749674037,0.20375000199419446,0.0625,0.8125
follower_count_into_opponent_vs_noncount,follower_count_into_opponent_vs_noncount__count_points=5,follow_obligation,Is dumping count while the opponent controls the trick punished relative to non-count alternatives?,count_points,5,118,-5.893254017425796,-7.774640872316845,-4.335908205327341,5.893254017425796,-0.09817796554889972,0.07389830678732971,0.11016949152542373,0.7457627118644068
follower_count_into_opponent_vs_noncount,follower_count_into_opponent_vs_noncount__current_winner_team=defense,follow_obligation,Is dumping count while the opponent controls the trick punished relative to non-count alternatives?,current_winner_team,defense,76,-10.101022738375162,-12.232725886137862,-7.925242587139732,10.101022738375162,-0.1595394738190072,0.1343421078483133,0.09210526315789473,0.7631578947368421
follower_count_into_opponent_vs_noncount,follower_count_into_opponent_vs_noncount__current_winner_team=offense,follow_obligation,Is dumping count while the opponent controls the trick punished relative to non-count alternatives?,current_winner_team,offense,106,-7.184429260497948,-8.734838310699418,-5.338257882111478,7.184429260497948,-0.10938679172112695,0.10896226539680699,0.09433962264150944,0.7735849056603774
follower_count_into_opponent_vs_noncount,follower_count_into_opponent_vs_noncount__decl=blanks,follow_obligation,Is dumping count while the opponent controls the trick punished relative to non-count alternatives?,decl,blanks,23,-8.083675175257351,-12.10587605510069,-4.991066137733667,8.083675175257351,-0.16847825763018234,0.13695652126941993,0.043478260869565216,0.8695652173913043
follower_count_into_opponent_vs_noncount,follower_count_into_opponent_vs_noncount__decl=doubles,follow_obligation,Is dumping count while the opponent controls the trick punished relative to non-count alternatives?,decl,doubles,14,-7.496422495160784,-11.233276333127703,-4.160907013075692,7.496422495160784,-0.07964286015235952,0.11392857347215925,0.0,0.6428571428571429
follower_count_into_opponent_vs_noncount,follower_count_into_opponent_vs_noncount__decl=doubles-suit,follow_obligation,Is dumping count while the opponent controls the trick punished relative to non-count alternatives?,decl,doubles-suit,20,-7.384461072087288,-10.531792163848877,-4.314811256527901,7.384461072087288,-0.05674999738112092,0.12400000113993884,0.15,0.65
follower_count_into_opponent_vs_noncount,follower_count_into_opponent_vs_noncount__decl=fives,follow_obligation,Is dumping count while the opponent controls the trick punished relative to non-count alternatives?,decl,fives,7,-6.449870382036481,-12.048456736973353,-2.1776845114571706,6.449870382036481,-0.245714294058936,0.10285714348512036,0.14285714285714285,0.7142857142857143
follower_count_into_opponent_vs_noncount,follower_count_into_opponent_vs_noncount__decl=fours,follow_obligation,Is dumping count while the opponent controls the trick punished relative to non-count alternatives?,decl,fours,16,-6.25966714322567,-9.739586379379034,-2.7541650496423244,6.25966714322567,-0.11437499767635018,0.10468750726431608,0.25,0.6875
follower_count_into_opponent_vs_noncount,follower_count_into_opponent_vs_noncount__decl=no-trump,follow_obligation,Is dumping count while the opponent controls the trick punished relative to non-count alternatives?,decl,no-trump,21,-10.388854543368021,-14.187506261326018,-7.019315495377495,10.388854543368021,-0.15761905021610714,0.18476191340457826,0.09523809523809523,0.8571428571428571
follower_count_into_opponent_vs_noncount,follower_count_into_opponent_vs_noncount__decl=ones,follow_obligation,Is dumping count while the opponent controls the trick punished relative to non-count alternatives?,decl,ones,20,-8.836284267902375,-17.098302483558655,-4.117825973033905,8.836284267902375,-0.1197499979287386,0.11800000271759928,0.05,0.8
follower_count_into_opponent_vs_noncount,follower_count_into_opponent_vs_noncount__decl=sixes,follow_obligation,Is dumping count while the opponent controls the trick punished relative to non-count alternatives?,decl,sixes,21,-8.062506817636036,-14.3013083253588,-3.8257027921222506,8.062506817636036,-0.146666667911978,0.04523809484782673,0.14285714285714285,0.7619047619047619
follower_count_into_opponent_vs_noncount,follower_count_into_opponent_vs_noncount__decl=threes,follow_obligation,Is dumping count while the opponent controls the trick punished relative to non-count alternatives?,decl,threes,18,-8.958471248547236,-12.286660419570076,-6.061656647258335,8.958471248547236,-0.1258333298481173,0.19388888652125993,0.05555555555555555,0.8333333333333334
follower_count_into_opponent_vs_noncount,follower_count_into_opponent_vs_noncount__decl=twos,follow_obligation,Is dumping count while the opponent controls the trick punished relative to non-count alternatives?,decl,twos,22,-9.995592770251362,-14.305309176445007,-6.086050621487877,9.995592770251362,-0.13613636453043332,0.06636363555761901,0.045454545454545456,0.7727272727272727
follower_count_into_opponent_vs_noncount,follower_count_into_opponent_vs_noncount__family_role=bidder,follow_obligation,Is dumping count while the opponent controls the trick punished relative to non-count alternatives?,family_role,bidder,35,-9.062911690984453,-12.707511508464814,-5.537616767202105,9.062911690984453,-0.12771428544074298,0.11557142809033394,0.11428571428571428,0.8
follower_count_into_opponent_vs_noncount,follower_count_into_opponent_vs_noncount__family_role=partner,follow_obligation,Is dumping count while the opponent controls the trick punished relative to non-count alternatives?,family_role,partner,41,-10.987215095903816,-13.977890969776526,-8.774455971834136,10.987215095903816,-0.18670731755654987,0.1503658588612225,0.07317073170731707,0.7317073170731707
follower_count_into_opponent_vs_noncount,follower_count_into_opponent_vs_noncount__family_role=setter,follow_obligation,Is dumping count while the opponent controls the trick punished relative to non-count alternatives?,family_role,setter,106,-7.184429260497948,-8.638599538297024,-5.972775403058754,7.184429260497948,-0.10938679172112695,0.10896226539680699,0.09433962264150944,0.7735849056603774
follower_count_into_opponent_vs_noncount,follower_count_into_opponent_vs_noncount__phase=early,follow_obligation,Is dumping count while the opponent controls the trick punished relative to non-count alternatives?,phase,early,47,-12.544964032921385,-16.27933266885737,-10.02092378760906,12.544964032921385,-0.1872340421132902,0.20042553468746074,0.0425531914893617,0.7872340425531915
follower_count_into_opponent_vs_noncount,follower_count_into_opponent_vs_noncount__phase=late,follow_obligation,Is dumping count while the opponent controls the trick punished relative to non-count alternatives?,phase,late,25,-2.1517582631111143,-4.1891649007797245,-0.026065235137939454,2.1517582631111143,-0.01259999930858612,-0.027599998712539674,0.28,0.72
follower_count_into_opponent_vs_noncount,follower_count_into_opponent_vs_noncount__phase=middle,follow_obligation,Is dumping count while the opponent controls the trick punished relative to non-count alternatives?,phase,middle,110,-8.052908760038289,-9.582835419882427,-6.545332262190906,8.052908760038289,-0.132772727005861,0.11845454696396535,0.07272727272727272,0.7727272727272727
follower_count_into_opponent_vs_noncount,follower_count_into_opponent_vs_noncount__position=last,follow_obligation,Is dumping count while the opponent controls the trick punished relative to non-count alternatives?,position,last,71,-9.449336022138596,-12.393523361481412,-7.154314204001091,9.449336022138596,-0.12633802916224993,0.12330985877295615,0.09859154929577464,0.7464788732394366
follower_count_into_opponent_vs_noncount,follower_count_into_opponent_vs_noncount__position=second,follow_obligation,Is dumping count while the opponent controls the trick punished relative to non-count alternatives?,position,second,82,-6.354130969360107,-7.666978962901162,-4.798169510211887,6.354130969360107,-0.09914634033765007,0.1029268327487133,0.12195121951219512,0.7560975609756098
follower_count_into_opponent_vs_noncount,follower_count_into_opponent_vs_noncount__position=third,follow_obligation,Is dumping count while the opponent controls the trick punished relative to non-count alternatives?,position,third,29,-11.630539057583645,-16.23494708126989,-8.397033050142486,11.630539057583645,-0.22827586049920526,0.15741379552617155,0.0,0.8620689655172413
follower_count_into_opponent_vs_noncount,follower_count_into_opponent_vs_noncount__seat_role=bidder,follow_obligation,Is dumping count while the opponent controls the trick punished relative to non-count alternatives?,seat_role,bidder,35,-9.062911690984453,-12.349850230557578,-5.140051150321961,9.062911690984453,-0.12771428544074298,0.11557142809033394,0.11428571428571428,0.8
follower_count_into_opponent_vs_noncount,follower_count_into_opponent_vs_noncount__seat_role=bidder_partner,follow_obligation,Is dumping count while the opponent controls the trick punished relative to non-count alternatives?,seat_role,bidder_partner,41,-10.987215095903816,-14.350050117911362,-8.026219206612284,10.987215095903816,-0.18670731755654987,0.1503658588612225,0.07317073170731707,0.7317073170731707
follower_count_into_opponent_vs_noncount,follower_count_into_opponent_vs_noncount__seat_role=left_setter,follow_obligation,Is dumping count while the opponent controls the trick punished relative to non-count alternatives?,seat_role,left_setter,41,-6.032766059041023,-8.351681338577736,-4.196618213886168,6.032766059041023,-0.10987804752842682,0.10926829223952643,0.12195121951219512,0.7560975609756098
follower_count_into_opponent_vs_noncount,follower_count_into_opponent_vs_noncount__seat_role=right_setter,follow_obligation,Is dumping count while the opponent controls the trick punished relative to non-count alternatives?,seat_role,right_setter,65,-7.910862972186162,-9.792276092676016,-5.592002717348246,7.910862972186162,-0.10907692267344549,0.10876923308063012,0.07692307692307693,0.7846153846153846
follower_count_into_opponent_vs_noncount,follower_count_into_opponent_vs_noncount__trick_idx=0,follow_obligation,Is dumping count while the opponent controls the trick punished relative to non-count alternatives?,trick_idx,0,20,-15.362706389278173,-20.073363412171602,-11.5844022937119,15.362706389278173,-0.2187500017695129,0.2495000060647726,0.0,0.75
follower_count_into_opponent_vs_noncount,follower_count_into_opponent_vs_noncount__trick_idx=1,follow_obligation,Is dumping count while the opponent controls the trick punished relative to non-count alternatives?,trick_idx,1,27,-10.457747472657097,-14.509369174639383,-7.270490483001426,10.457747472657097,-0.16388888681238448,0.16407407440797048,0.07407407407407407,0.8148148148148148
follower_count_into_opponent_vs_noncount,follower_count_into_opponent_vs_noncount__trick_idx=2,follow_obligation,Is dumping count while the opponent controls the trick punished relative to non-count alternatives?,trick_idx,2,37,-9.969069379407006,-12.78221182726525,-7.6095329764727,9.969069379407006,-0.17797297007731488,0.15851351774826244,0.0,0.8108108108108109
follower_count_into_opponent_vs_noncount,follower_count_into_opponent_vs_noncount__trick_idx=3,follow_obligation,Is dumping count while the opponent controls the trick punished relative to non-count alternatives?,trick_idx,3,38,-9.639654768140693,-13.418596562586332,-6.536327213048935,9.639654768140693,-0.14828947451161711,0.11500000117934848,0.10526315789473684,0.7368421052631579
follower_count_into_opponent_vs_noncount,follower_count_into_opponent_vs_noncount__trick_idx=4,follow_obligation,Is dumping count while the opponent controls the trick punished relative to non-count alternatives?,trick_idx,4,35,-4.304500439337322,-5.834638237953186,-2.7266567332404,4.304500439337322,-0.06814285846693176,0.0798571418438639,0.11428571428571428,0.7714285714285715
follower_count_into_opponent_vs_noncount,follower_count_into_opponent_vs_noncount__trick_idx=5,follow_obligation,Is dumping count while the opponent controls the trick punished relative to non-count alternatives?,trick_idx,5,25,-2.1517582631111143,-4.736200106143952,-0.10713561058044434,2.1517582631111143,-0.01259999930858612,-0.027599998712539674,0.28,0.72
follower_count_into_opponent_vs_noncount,follower_count_into_opponent_vs_noncount__trick_position=1,follow_obligation,Is dumping count while the opponent controls the trick punished relative to non-count alternatives?,trick_position,1,82,-6.354130969360107,-7.635568472306903,-5.126707874238491,6.354130969360107,-0.09914634033765007,0.1029268327487133,0.12195121951219512,0.7560975609756098
follower_count_into_opponent_vs_noncount,follower_count_into_opponent_vs_noncount__trick_position=2,follow_obligation,Is dumping count while the opponent controls the trick punished relative to non-count alternatives?,trick_position,2,29,-11.630539057583645,-15.224658838633832,-8.204155190237637,11.630539057583645,-0.22827586049920526,0.15741379552617155,0.0,0.8620689655172413
follower_count_into_opponent_vs_noncount,follower_count_into_opponent_vs_noncount__trick_position=3,follow_obligation,Is dumping count while the opponent controls the trick punished relative to non-count alternatives?,trick_position,3,71,-9.449336022138596,-12.174066197704262,-6.709739627972455,9.449336022138596,-0.12633802916224993,0.12330985877295615,0.09859154929577464,0.7464788732394366
partner_count_when_bidder_side_controls_vs_other,partner_count_when_bidder_side_controls_vs_other__count_points=10,partner_support_timing,"When bidder's side controls the trick, does partner count donation beat other same-state actions?",count_points,10,23,-0.4568489478982013,-2.431564082270083,0.9214211184045543,0.4568489478982013,-0.0036956525367239246,-0.016739130263095318,0.4782608695652174,0.391304347826087
partner_count_when_bidder_side_controls_vs_other,partner_count_when_bidder_side_controls_vs_other__count_points=5,partner_support_timing,"When bidder's side controls the trick, does partner count donation beat other same-state actions?",count_points,5,12,2.0646074265241623,-0.23405951261520386,3.7427008350690207,-2.0646074265241623,-0.007500000298023224,-0.022500000661239028,0.6666666666666666,0.3333333333333333
partner_count_when_bidder_side_controls_vs_other,partner_count_when_bidder_side_controls_vs_other__current_winner_team=offense,partner_support_timing,"When bidder's side controls the trick, does partner count donation beat other same-state actions?",current_winner_team,offense,35,0.4076503804751805,-1.2093960727964128,1.7775401745523725,-0.4076503804751805,-0.00500000034059797,-0.01871428582817316,0.5428571428571428,0.37142857142857144
partner_count_when_bidder_side_controls_vs_other,partner_count_when_bidder_side_controls_vs_other__decl=blanks,partner_support_timing,"When bidder's side controls the trick, does partner count donation beat other same-state actions?",decl,blanks,3,-2.90495236714681,-4.568927764892578,-0.006618499755859375,2.90495236714681,-0.05666665236155192,0.008333333147068819,0.0,1.0
partner_count_when_bidder_side_controls_vs_other,partner_count_when_bidder_side_controls_vs_other__decl=doubles,partner_support_timing,"When bidder's side controls the trick, does partner count donation beat other same-state actions?",decl,doubles,4,-2.880897283554077,-6.616687774658203,0.05131387710571289,2.880897283554077,-0.012500002980232239,0.0012499988079071045,0.5,0.25
partner_count_when_bidder_side_controls_vs_other,partner_count_when_bidder_side_controls_vs_other__decl=fours,partner_support_timing,"When bidder's side controls the trick, does partner count donation beat other same-state actions?",decl,fours,3,3.225571612517039,2.8770041267077127,3.574139098326365,-3.225571612517039,-0.0033333400885264077,-0.036666671435038246,0.3333333333333333,0.3333333333333333
partner_count_when_bidder_side_controls_vs_other,partner_count_when_bidder_side_controls_vs_other__decl=no-trump,partner_support_timing,"When bidder's side controls the trick, does partner count donation beat other same-state actions?",decl,no-trump,7,0.16112382071358816,-1.9662854330880302,2.1132711683000838,-0.16112382071358816,-0.008571428912026542,0.0,0.7142857142857143,0.2857142857142857
partner_count_when_bidder_side_controls_vs_other,partner_count_when_bidder_side_controls_vs_other__decl=ones,partner_support_timing,"When bidder's side controls the trick, does partner count donation beat other same-state actions?",decl,ones,5,-0.8929527997970581,-5.5625087261199955,3.824250650405884,0.8929527997970581,0.009999990463256836,0.010000000521540642,0.6,0.4
partner_count_when_bidder_side_controls_vs_other,partner_count_when_bidder_side_controls_vs_other__decl=sixes,partner_support_timing,"When bidder's side controls the trick, does partner count donation beat other same-state actions?",decl,sixes,4,1.8607740998268127,-0.40792083740234375,4.129469037055969,-1.8607740998268127,7.450580596923828e-09,-0.061249999329447746,0.25,0.75
partner_count_when_bidder_side_controls_vs_other,partner_count_when_bidder_side_controls_vs_other__decl=twos,partner_support_timing,"When bidder's side controls the trick, does partner count donation beat other same-state actions?",decl,twos,4,3.1630201041698456,0.19106674194335938,4.9212431609630585,-3.1630201041698456,0.03874999284744263,-0.09124999726191163,1.0,0.0
partner_count_when_bidder_side_controls_vs_other,partner_count_when_bidder_side_controls_vs_other__family_role=partner,partner_support_timing,"When bidder's side controls the trick, does partner count donation beat other same-state actions?",family_role,partner,35,0.4076503804751805,-1.2113564440182276,1.8310201849256242,-0.4076503804751805,-0.00500000034059797,-0.01871428582817316,0.5428571428571428,0.37142857142857144
partner_count_when_bidder_side_controls_vs_other,partner_count_when_bidder_side_controls_vs_other__phase=early,partner_support_timing,"When bidder's side controls the trick, does partner count donation beat other same-state actions?",phase,early,19,0.3435309184224982,-1.0480085297634727,1.6043098098353337,-0.3435309184224982,0.0021052627187026175,-0.012368419403700452,0.5263157894736842,0.3684210526315789
partner_count_when_bidder_side_controls_vs_other,partner_count_when_bidder_side_controls_vs_other__phase=middle,partner_support_timing,"When bidder's side controls the trick, does partner count donation beat other same-state actions?",phase,middle,14,0.28464446323258535,-2.5072949145521437,2.5645428555352345,-0.28464446323258535,-0.015357143112591334,-0.030000002522553717,0.5714285714285714,0.35714285714285715
partner_count_when_bidder_side_controls_vs_other,partner_count_when_bidder_side_controls_vs_other__position=third,partner_support_timing,"When bidder's side controls the trick, does partner count donation beat other same-state actions?",position,third,33,0.05497153058196559,-1.4593411395044038,1.234684832168348,-0.05497153058196559,-0.012575758225990065,-0.010757575517125202,0.5151515151515151,0.3939393939393939
partner_count_when_bidder_side_controls_vs_other,partner_count_when_bidder_side_controls_vs_other__seat_role=bidder_partner,partner_support_timing,"When bidder's side controls the trick, does partner count donation beat other same-state actions?",seat_role,bidder_partner,35,0.4076503804751805,-1.3949081182479859,1.2929952638489859,-0.4076503804751805,-0.00500000034059797,-0.01871428582817316,0.5428571428571428,0.37142857142857144
partner_count_when_bidder_side_controls_vs_other,partner_count_when_bidder_side_controls_vs_other__trick_idx=0,partner_support_timing,"When bidder's side controls the trick, does partner count donation beat other same-state actions?",trick_idx,0,11,0.4874232682314786,-1.2535626671530984,2.388635288585316,-0.4874232682314786,0.015454544262452559,-0.0099999981678345,0.6363636363636364,0.18181818181818182
partner_count_when_bidder_side_controls_vs_other,partner_count_when_bidder_side_controls_vs_other__trick_idx=1,partner_support_timing,"When bidder's side controls the trick, does partner count donation beat other same-state actions?",trick_idx,1,8,0.14567893743515015,-1.76253342628479,1.7209377884864807,-0.14567893743515015,-0.016249999403953552,-0.015624998603016138,0.375,0.625
partner_count_when_bidder_side_controls_vs_other,partner_count_when_bidder_side_controls_vs_other__trick_idx=2,partner_support_timing,"When bidder's side controls the trick, does partner count donation beat other same-state actions?",trick_idx,2,7,0.42855498620441984,-2.409927717276982,2.816867172718048,-0.42855498620441984,-0.032142856291362217,-0.04357143331851278,0.5714285714285714,0.2857142857142857
partner_count_when_bidder_side_controls_vs_other,partner_count_when_bidder_side_controls_vs_other__trick_idx=4,partner_support_timing,"When bidder's side controls the trick, does partner count donation beat other same-state actions?",trick_idx,4,5,0.6830680131912231,-5.190621423721313,5.135214519500733,-0.6830680131912231,-0.03700000047683716,-0.023000000417232512,0.6,0.4
partner_count_when_bidder_side_controls_vs_other,partner_count_when_bidder_side_controls_vs_other__trick_position=2,partner_support_timing,"When bidder's side controls the trick, does partner count donation beat other same-state actions?",trick_position,2,33,0.05497153058196559,-1.4681926857341419,1.3156506997166257,-0.05497153058196559,-0.012575758225990065,-0.010757575517125202,0.5151515151515151,0.3939393939393939
partner_count_into_defense_vs_other,partner_count_into_defense_vs_other__count_points=10,partner_support_timing,"When defense controls the trick, is partner count donation into that control punished?",count_points,10,26,-14.605504249150936,-18.159904145277462,-11.240757018327713,14.605504249150936,-0.2144230781123042,0.2175000043800817,0.07692307692307693,0.8846153846153846
partner_count_into_defense_vs_other,partner_count_into_defense_vs_other__count_points=5,partner_support_timing,"When defense controls the trick, is partner count donation into that control punished?",count_points,5,17,-6.985481507637921,-10.016498600735384,-3.8047548672732185,6.985481507637921,-0.16647058845881155,0.07823529795688741,0.058823529411764705,0.8235294117647058
partner_count_into_defense_vs_other,partner_count_into_defense_vs_other__current_winner_team=defense,partner_support_timing,"When defense controls the trick, is partner count donation into that control punished?",current_winner_team,defense,43,-11.592937118785326,-14.84959064666615,-9.314709731312686,11.592937118785326,-0.19546511708650477,0.162441864631377,0.06976744186046512,0.8604651162790697
partner_count_into_defense_vs_other,partner_count_into_defense_vs_other__decl=blanks,partner_support_timing,"When defense controls the trick, is partner count donation into that control punished?",decl,blanks,4,-17.56494027376175,-29.406852900981903,-3.461568295955658,17.56494027376175,-0.3462500087916851,0.13374999561347067,0.0,1.0
partner_count_into_defense_vs_other,partner_count_into_defense_vs_other__decl=doubles,partner_support_timing,"When defense controls the trick, is partner count donation into that control punished?",decl,doubles,3,-16.853278398513794,-28.920446395874023,-8.012284199396769,16.853278398513794,-0.201666671782732,0.321666677792867,0.0,0.6666666666666666
partner_count_into_defense_vs_other,partner_count_into_defense_vs_other__decl=doubles-suit,partner_support_timing,"When defense controls the trick, is partner count donation into that control punished?",decl,doubles-suit,6,-10.946196724971136,-16.698501418034237,-7.522775491078694,10.946196724971136,-0.0933333324889342,0.17416667441527048,0.0,0.8333333333333334
partner_count_into_defense_vs_other,partner_count_into_defense_vs_other__decl=fours,partner_support_timing,"When defense controls the trick, is partner count donation into that control punished?",decl,fours,8,-7.222452312707901,-12.808600306510925,-3.7227811217308044,7.222452312707901,-0.1162499999627471,0.09937500953674316,0.25,0.75
partner_count_into_defense_vs_other,partner_count_into_defense_vs_other__decl=no-trump,partner_support_timing,"When defense controls the trick, is partner count donation into that control punished?",decl,no-trump,6,-8.862966020901998,-16.104968150456745,-1.6209638913472493,8.862966020901998,-0.10250000407298406,0.18250000104308128,0.16666666666666666,0.8333333333333334
partner_count_into_defense_vs_other,partner_count_into_defense_vs_other__decl=ones,partner_support_timing,"When defense controls the trick, is partner count donation into that control punished?",decl,ones,4,-8.789279639720917,-15.531746804714203,-4.507932126522064,8.789279639720917,-0.1849999949336052,0.14500000327825546,0.0,1.0
partner_count_into_defense_vs_other,partner_count_into_defense_vs_other__decl=sixes,partner_support_timing,"When defense controls the trick, is partner count donation into that control punished?",decl,sixes,5,-10.058500504493713,-24.757674050331115,-2.185911202430725,10.058500504493713,-0.23599999994039536,0.028000009059906007,0.0,1.0
partner_count_into_defense_vs_other,partner_count_into_defense_vs_other__decl=threes,partner_support_timing,"When defense controls the trick, is partner count donation into that control punished?",decl,threes,3,-16.25360941886902,-18.376174926757812,-15.1569983959198,16.25360941886902,-0.19666666289170584,0.338333323597908,0.0,0.6666666666666666
partner_count_into_defense_vs_other,partner_count_into_defense_vs_other__decl=twos,partner_support_timing,"When defense controls the trick, is partner count donation into that control punished?",decl,twos,3,-17.87465763092041,-30.8012113571167,-3.9707908630371094,17.87465763092041,-0.285000001390775,0.27166666835546494,0.0,1.0
partner_count_into_defense_vs_other,partner_count_into_defense_vs_other__family_role=partner,partner_support_timing,"When defense controls the trick, is partner count donation into that control punished?",family_role,partner,43,-11.592937118785326,-13.916158612384352,-8.402922308722207,11.592937118785326,-0.19546511708650477,0.162441864631377,0.06976744186046512,0.8604651162790697
partner_count_into_defense_vs_other,partner_count_into_defense_vs_other__phase=early,partner_support_timing,"When defense controls the trick, is partner count donation into that control punished?",phase,early,10,-19.30158026814461,-24.9981907248497,-13.279741835594177,19.30158026814461,-0.2540000004693866,0.32450000653043387,0.0,1.0
partner_count_into_defense_vs_other,partner_count_into_defense_vs_other__phase=late,partner_support_timing,"When defense controls the trick, is partner count donation into that control punished?",phase,late,8,-2.7913736701011658,-6.593090742826462,0.7493463754653931,2.7913736701011658,-0.07187499850988388,-0.02187499590218067,0.25,0.75
partner_count_into_defense_vs_other,partner_count_into_defense_vs_other__phase=middle,partner_support_timing,"When defense controls the trick, is partner count donation into that control punished?",phase,middle,25,-11.325980162620544,-14.325938906669617,-9.047305173873902,11.325980162620544,-0.21160000167787074,0.15660000324249268,0.04,0.84
partner_count_into_defense_vs_other,partner_count_into_defense_vs_other__position=last,partner_support_timing,"When defense controls the trick, is partner count donation into that control punished?",position,last,4,-6.496672749519348,-9.069885492324829,-2.12540340423584,6.496672749519348,-0.0625,0.17749999463558197,0.0,0.75
partner_count_into_defense_vs_other,partner_count_into_defense_vs_other__position=second,partner_support_timing,"When defense controls the trick, is partner count donation into that control punished?",position,second,23,-10.04536063256471,-12.574150500090227,-6.7834029301353125,10.04536063256471,-0.1319565208547789,0.1513043505989987,0.13043478260869565,0.782608695652174
partner_count_into_defense_vs_other,partner_count_into_defense_vs_other__position=third,partner_support_timing,"When defense controls the trick, is partner count donation into that control punished?",position,third,16,-15.091644410043955,-19.382565397769213,-9.377890691161156,15.091644410043955,-0.3200000034412369,0.17468750855186954,0.0,1.0
partner_count_into_defense_vs_other,partner_count_into_defense_vs_other__seat_role=bidder_partner,partner_support_timing,"When defense controls the trick, is partner count donation into that control punished?",seat_role,bidder_partner,43,-11.592937118785326,-15.507664810779483,-8.792616469915522,11.592937118785326,-0.19546511708650477,0.162441864631377,0.06976744186046512,0.8604651162790697
partner_count_into_defense_vs_other,partner_count_into_defense_vs_other__trick_idx=0,partner_support_timing,"When defense controls the trick, is partner count donation into that control punished?",trick_idx,0,3,-24.127791583538055,-28.920446395874023,-19.24192500114441,24.127791583538055,-0.2750000028560559,0.48500001430511475,0.0,1.0
partner_count_into_defense_vs_other,partner_count_into_defense_vs_other__trick_idx=1,partner_support_timing,"When defense controls the trick, is partner count donation into that control punished?",trick_idx,1,7,-17.233203990118845,-26.251546587262833,-8.948622703552246,17.233203990118845,-0.2449999994465283,0.2557142889127135,0.0,1.0
partner_count_into_defense_vs_other,partner_count_into_defense_vs_other__trick_idx=2,partner_support_timing,"When defense controls the trick, is partner count donation into that control punished?",trick_idx,2,11,-14.645279364152389,-21.477012374184348,-8.792265631935813,14.645279364152389,-0.2981818176128648,0.17409091713753613,0.0,0.8181818181818182
partner_count_into_defense_vs_other,partner_count_into_defense_vs_other__trick_idx=3,partner_support_timing,"When defense controls the trick, is partner count donation into that control punished?",trick_idx,3,7,-10.071192520005363,-14.122690013476781,-5.652425289154053,10.071192520005363,-0.15642857445137842,0.13928571875606263,0.14285714285714285,0.8571428571428571
partner_count_into_defense_vs_other,partner_count_into_defense_vs_other__trick_idx=4,partner_support_timing,"When defense controls the trick, is partner count donation into that control punished?",trick_idx,4,7,-7.364726202828543,-11.836880922317505,-4.690686225891113,7.364726202828543,-0.13071428957794393,0.14642856589385442,0.0,0.8571428571428571
partner_count_into_defense_vs_other,partner_count_into_defense_vs_other__trick_idx=5,partner_support_timing,"When defense controls the trick, is partner count donation into that control punished?",trick_idx,5,8,-2.7913736701011658,-6.021362811326981,-0.06509524583816528,2.7913736701011658,-0.07187499850988388,-0.02187499590218067,0.25,0.75
partner_count_into_defense_vs_other,partner_count_into_defense_vs_other__trick_position=1,partner_support_timing,"When defense controls the trick, is partner count donation into that control punished?",trick_position,1,23,-10.04536063256471,-13.292662169622337,-7.065097772556802,10.04536063256471,-0.1319565208547789,0.1513043505989987,0.13043478260869565,0.782608695652174
partner_count_into_defense_vs_other,partner_count_into_defense_vs_other__trick_position=2,partner_support_timing,"When defense controls the trick, is partner count donation into that control punished?",trick_position,2,16,-15.091644410043955,-18.770342133939266,-9.360319375991821,15.091644410043955,-0.3200000034412369,0.17468750855186954,0.0,1.0
partner_count_into_defense_vs_other,partner_count_into_defense_vs_other__trick_position=3,partner_support_timing,"When defense controls the trick, is partner count donation into that control punished?",trick_position,3,4,-6.496672749519348,-9.069885492324829,-2.12540340423584,6.496672749519348,-0.0625,0.17749999463558197,0.0,0.75
setter_pounce_count_vs_other,setter_pounce_count_vs_other__count_points=10,setter_pounce,"When the bidder side is winning, does a setter pounce with count beat other same-state actions?",count_points,10,8,5.083372686814982,-2.435716058302205,12.630548664950766,-5.083372686814982,0.04437500238418579,-0.04500000167172402,0.75,0.125
setter_pounce_count_vs_other,setter_pounce_count_vs_other__count_points=5,setter_pounce,"When the bidder side is winning, does a setter pounce with count beat other same-state actions?",count_points,5,14,7.208785310387611,3.1605645396879742,11.320928494845118,-7.208785310387611,0.015714279242924283,-0.019642855439867293,0.7857142857142857,0.14285714285714285
setter_pounce_count_vs_other,setter_pounce_count_vs_other__current_winner_team=offense,setter_pounce,"When the bidder side is winning, does a setter pounce with count beat other same-state actions?",current_winner_team,offense,22,6.435907992724837,3.422382250026038,10.485723565396091,-6.435907992724837,0.026136360385201195,-0.028863635887815195,0.7727272727272727,0.13636363636363635
setter_pounce_count_vs_other,setter_pounce_count_vs_other__decl=fours,setter_pounce,"When the bidder side is winning, does a setter pounce with count beat other same-state actions?",decl,fours,4,4.71912483277265,-12.220259478664957,17.454086005687714,-4.71912483277265,0.056249991059303284,-0.05625000223517418,0.5,0.25
setter_pounce_count_vs_other,setter_pounce_count_vs_other__decl=threes,setter_pounce,"When the bidder side is winning, does a setter pounce with count beat other same-state actions?",decl,threes,4,9.595064651221037,2.5461695194244385,16.643959783017635,-9.595064651221037,-0.007500007748603821,0.005000002682209015,0.75,0.25
setter_pounce_count_vs_other,setter_pounce_count_vs_other__decl=twos,setter_pounce,"When the bidder side is winning, does a setter pounce with count beat other same-state actions?",decl,twos,3,5.8768588701883955,3.360426425933838,7.728456497192383,-5.8768588701883955,0.008333325386047363,-0.004999995231628418,0.6666666666666666,0.0
setter_pounce_count_vs_other,setter_pounce_count_vs_other__family_role=setter,setter_pounce,"When the bidder side is winning, does a setter pounce with count beat other same-state actions?",family_role,setter,22,6.435907992724837,3.1546363071961836,10.22989829047583,-6.435907992724837,0.026136360385201195,-0.028863635887815195,0.7727272727272727,0.13636363636363635
setter_pounce_count_vs_other,setter_pounce_count_vs_other__phase=early,setter_pounce,"When the bidder side is winning, does a setter pounce with count beat other same-state actions?",phase,early,7,10.138024847422328,2.8464225828647614,18.316297401274955,-10.138024847422328,0.058571432318006246,-0.061428570188581944,0.8571428571428571,0.14285714285714285
setter_pounce_count_vs_other,setter_pounce_count_vs_other__phase=late,setter_pounce,"When the bidder side is winning, does a setter pounce with count beat other same-state actions?",phase,late,4,10.642006855458021,3.095852643251419,20.099137514829636,-10.642006855458021,0.004999995231628418,-0.017499998211860657,1.0,0.0
setter_pounce_count_vs_other,setter_pounce_count_vs_other__phase=middle,setter_pounce,"When the bidder side is winning, does a setter pounce with count beat other same-state actions?",phase,middle,11,2.550524953287095,-1.6960020682943815,5.752293964974921,-2.550524953287095,0.013181811029260809,-0.01227272776040164,0.6363636363636364,0.18181818181818182
setter_pounce_count_vs_other,setter_pounce_count_vs_other__position=last,setter_pounce,"When the bidder side is winning, does a setter pounce with count beat other same-state actions?",position,last,6,5.365801393985748,-4.908440907796224,14.229037404060364,-5.365801393985748,0.04416666428248087,-0.037500000248352684,0.6666666666666666,0.16666666666666666
setter_pounce_count_vs_other,setter_pounce_count_vs_other__position=second,setter_pounce,"When the bidder side is winning, does a setter pounce with count beat other same-state actions?",position,second,10,3.856186397979036,1.6457481262274087,5.403647077083588,-3.856186397979036,0.022499996423721313,-0.034000000171363357,0.8,0.2
setter_pounce_count_vs_other,setter_pounce_count_vs_other__position=third,setter_pounce,"When the bidder side is winning, does a setter pounce with count beat other same-state actions?",position,third,6,11.805550582706928,4.669211228688558,20.632176717122395,-11.805550582706928,0.01416666309038798,-0.011666664388030767,0.8333333333333334,0.0
setter_pounce_count_vs_other,setter_pounce_count_vs_other__seat_role=left_setter,setter_pounce,"When the bidder side is winning, does a setter pounce with count beat other same-state actions?",seat_role,left_setter,9,1.841248442729314,-1.939973685476515,5.958194770746761,-1.841248442729314,0.026666661103566486,-0.03666666377749708,0.6666666666666666,0.1111111111111111
setter_pounce_count_vs_other,setter_pounce_count_vs_other__seat_role=right_setter,setter_pounce,"When the bidder side is winning, does a setter pounce with count beat other same-state actions?",seat_role,right_setter,13,9.616826142721738,5.131124114080404,15.328128689076179,-9.616826142721738,0.025769229118640605,-0.023461539656496964,0.8461538461538461,0.15384615384615385
setter_pounce_count_vs_other,setter_pounce_count_vs_other__trick_idx=0,setter_pounce,"When the bidder side is winning, does a setter pounce with count beat other same-state actions?",trick_idx,0,4,10.782290052622557,3.779822789132595,24.279171496629715,-10.782290052622557,0.08500000834465027,-0.08875000057742,1.0,0.0
setter_pounce_count_vs_other,setter_pounce_count_vs_other__trick_idx=1,setter_pounce,"When the bidder side is winning, does a setter pounce with count beat other same-state actions?",trick_idx,1,3,9.279004573822021,-0.816281795501709,23.537750244140625,-9.279004573822021,0.02333333094914754,-0.024999996336797874,0.6666666666666666,0.3333333333333333
setter_pounce_count_vs_other,setter_pounce_count_vs_other__trick_idx=2,setter_pounce,"When the bidder side is winning, does a setter pounce with count beat other same-state actions?",trick_idx,2,4,5.203395485877991,2.096808075904846,7.8206000328063965,-5.203395485877991,0.01624998450279236,-0.012499997392296791,0.5,0.25
setter_pounce_count_vs_other,setter_pounce_count_vs_other__trick_idx=3,setter_pounce,"When the bidder side is winning, does a setter pounce with count beat other same-state actions?",trick_idx,3,4,5.088778614997864,1.9530837535858154,8.401042342185974,-5.088778614997864,0.027500003576278687,-0.02500000037252903,1.0,0.0
setter_pounce_count_vs_other,setter_pounce_count_vs_other__trick_idx=4,setter_pounce,"When the bidder side is winning, does a setter pounce with count beat other same-state actions?",trick_idx,4,3,-4.370973972448458,-10.818785099157443,2.918750762939453,4.370973972448458,-0.010000010331471762,0.004999995231628418,0.3333333333333333,0.3333333333333333
setter_pounce_count_vs_other,setter_pounce_count_vs_other__trick_idx=5,setter_pounce,"When the bidder side is winning, does a setter pounce with count beat other same-state actions?",trick_idx,5,4,10.642006855458021,4.278969012200832,21.462796341627836,-10.642006855458021,0.004999995231628418,-0.017499998211860657,1.0,0.0
setter_pounce_count_vs_other,setter_pounce_count_vs_other__trick_position=1,setter_pounce,"When the bidder side is winning, does a setter pounce with count beat other same-state actions?",trick_position,1,10,3.856186397979036,2.4069778916426,5.864450673758983,-3.856186397979036,0.022499996423721313,-0.034000000171363357,0.8,0.2
setter_pounce_count_vs_other,setter_pounce_count_vs_other__trick_position=2,setter_pounce,"When the bidder side is winning, does a setter pounce with count beat other same-state actions?",trick_position,2,6,11.805550582706928,4.669211228688558,19.062251575291157,-11.805550582706928,0.01416666309038798,-0.011666664388030767,0.8333333333333334,0.0
setter_pounce_count_vs_other,setter_pounce_count_vs_other__trick_position=3,setter_pounce,"When the bidder side is winning, does a setter pounce with count beat other same-state actions?",trick_position,3,6,5.365801393985748,-4.905963897705078,14.784221669038137,-5.365801393985748,0.04416666428248087,-0.037500000248352684,0.6666666666666666,0.16666666666666666
setter_pounce_sets_now_vs_other,setter_pounce_sets_now_vs_other__count_points=5,setter_pounce,"When pouncing count sets the bid immediately, does it dominate other same-state actions?",count_points,5,7,10.868964791297913,3.409700461796352,19.188211134501866,-10.868964791297913,0.02571427822113037,-0.01999999795641218,0.7142857142857143,0.14285714285714285
setter_pounce_sets_now_vs_other,setter_pounce_sets_now_vs_other__current_winner_team=offense,setter_pounce,"When pouncing count sets the bid immediately, does it dominate other same-state actions?",current_winner_team,offense,8,9.559470434498508,2.0526504263398238,17.812566056847572,-9.559470434498508,0.018749989569187164,-0.015625,0.625,0.25
setter_pounce_sets_now_vs_other,setter_pounce_sets_now_vs_other__family_role=setter,setter_pounce,"When pouncing count sets the bid immediately, does it dominate other same-state actions?",family_role,setter,8,9.559470434498508,3.1739380449289456,17.266562297940254,-9.559470434498508,0.018749989569187164,-0.015625,0.625,0.25
setter_pounce_sets_now_vs_other,setter_pounce_sets_now_vs_other__phase=middle,setter_pounce,"When pouncing count sets the bid immediately, does it dominate other same-state actions?",phase,middle,5,2.2722834181971847,0.5756779409013688,4.042739295959473,-2.2722834181971847,-0.0010000109672546388,0.0,0.4,0.4
setter_pounce_sets_now_vs_other,setter_pounce_sets_now_vs_other__position=last,setter_pounce,"When pouncing count sets the bid immediately, does it dominate other same-state actions?",position,last,4,9.678059428930283,0.8496799468994141,18.50643891096115,-9.678059428930283,0.03874999284744263,-0.03125,0.75,0.25
setter_pounce_sets_now_vs_other,setter_pounce_sets_now_vs_other__position=third,setter_pounce,"When pouncing count sets the bid immediately, does it dominate other same-state actions?",position,third,3,12.456838607788086,3.360426425933838,26.281632900238037,-12.456838607788086,0.008333325386047363,-0.004999995231628418,0.6666666666666666,0.0
setter_pounce_sets_now_vs_other,setter_pounce_sets_now_vs_other__seat_role=right_setter,setter_pounce,"When pouncing count sets the bid immediately, does it dominate other same-state actions?",seat_role,right_setter,7,10.445048150007747,2.176125001960567,17.436575099426722,-10.445048150007747,0.017857134342193604,-0.015714287757873535,0.7142857142857143,0.2857142857142857
setter_pounce_sets_now_vs_other,setter_pounce_sets_now_vs_other__trick_idx=2,setter_pounce,"When pouncing count sets the bid immediately, does it dominate other same-state actions?",trick_idx,2,3,3.648216406504313,1.6756019592285156,5.05922269821167,-3.648216406504313,0.008333325386047363,-0.004999995231628418,0.3333333333333333,0.3333333333333333
setter_pounce_sets_now_vs_other,setter_pounce_sets_now_vs_other__trick_position=2,setter_pounce,"When pouncing count sets the bid immediately, does it dominate other same-state actions?",trick_position,2,3,12.456838607788086,3.360426425933838,20.097240765889484,-12.456838607788086,0.008333325386047363,-0.004999995231628418,0.6666666666666666,0.0
setter_pounce_sets_now_vs_other,setter_pounce_sets_now_vs_other__trick_position=3,setter_pounce,"When pouncing count sets the bid immediately, does it dominate other same-state actions?",trick_position,3,4,9.678059428930283,0.8496799468994141,23.747093230485916,-9.678059428930283,0.03874999284744263,-0.03125,0.75,0.25
setter_reckless_count_to_bidder_vs_other,setter_reckless_count_to_bidder_vs_other__count_points=10,setter_pounce_negative_control,Is setter count that fails to win the trick punished as the book warns?,count_points,10,30,-11.634148252010345,-15.890899986028671,-7.931238446633021,11.634148252010345,-0.18016666695475578,0.177666666234533,0.03333333333333333,0.9333333333333333
setter_reckless_count_to_bidder_vs_other,setter_reckless_count_to_bidder_vs_other__count_points=5,setter_pounce_negative_control,Is setter count that fails to win the trick punished as the book warns?,count_points,5,77,-5.8973181941304595,-7.462414252608047,-4.4124226520599965,5.8973181941304595,-0.08272727170064077,0.0838961060122623,0.11688311688311688,0.7662337662337663
setter_reckless_count_to_bidder_vs_other,setter_reckless_count_to_bidder_vs_other__current_winner_team=offense,setter_pounce_negative_control,Is setter count that fails to win the trick punished as the book warns?,current_winner_team,offense,107,-7.505775219704259,-9.113224610603615,-5.938418155688375,7.505775219704259,-0.11004672831394405,0.11018691728953446,0.09345794392523364,0.8130841121495327
setter_reckless_count_to_bidder_vs_other,setter_reckless_count_to_bidder_vs_other__decl=blanks,setter_pounce_negative_control,Is setter count that fails to win the trick punished as the book warns?,decl,blanks,19,-6.307356112881711,-10.287075588577672,-3.500056316978053,6.307356112881711,-0.13473683909366005,0.14184210606311498,0.05263157894736842,0.9473684210526315
setter_reckless_count_to_bidder_vs_other,setter_reckless_count_to_bidder_vs_other__decl=doubles,setter_pounce_negative_control,Is setter count that fails to win the trick punished as the book warns?,decl,doubles,8,-7.599351555109024,-12.200788617134094,-4.01552677154541,7.599351555109024,-0.0643750037997961,0.059375002165324986,0.0,0.75
setter_reckless_count_to_bidder_vs_other,setter_reckless_count_to_bidder_vs_other__decl=doubles-suit,setter_pounce_negative_control,Is setter count that fails to win the trick punished as the book warns?,decl,doubles-suit,11,-4.35983264988119,-9.851093265143307,-0.5931125770915638,4.35983264988119,-0.04409090294079347,0.05545454438437115,0.18181818181818182,0.5454545454545454
setter_reckless_count_to_bidder_vs_other,setter_reckless_count_to_bidder_vs_other__decl=fives,setter_pounce_negative_control,Is setter count that fails to win the trick punished as the book warns?,decl,fives,5,-5.436582946777344,-11.184927940368652,-2.1348827362060545,5.436582946777344,-0.14500001221895217,0.14200000278651714,0.2,0.8
setter_reckless_count_to_bidder_vs_other,setter_reckless_count_to_bidder_vs_other__decl=fours,setter_pounce_negative_control,Is setter count that fails to win the trick punished as the book warns?,decl,fours,4,-10.331425675773062,-15.371595740318298,-3.023345369147137,10.331425675773062,-0.20124999433755875,0.20500001311302185,0.25,0.75
setter_reckless_count_to_bidder_vs_other,setter_reckless_count_to_bidder_vs_other__decl=no-trump,setter_pounce_negative_control,Is setter count that fails to win the trick punished as the book warns?,decl,no-trump,13,-8.276805203694563,-11.39090731052252,-5.531337114480825,8.276805203694563,-0.15346154284018737,0.141153858258174,0.07692307692307693,0.8461538461538461
setter_reckless_count_to_bidder_vs_other,setter_reckless_count_to_bidder_vs_other__decl=ones,setter_pounce_negative_control,Is setter count that fails to win the trick punished as the book warns?,decl,ones,14,-7.454292859349932,-14.534712382725306,-2.5688749381474087,7.454292859349932,-0.10357142718774932,0.09714285942858883,0.07142857142857142,0.7857142857142857
setter_reckless_count_to_bidder_vs_other,setter_reckless_count_to_bidder_vs_other__decl=sixes,setter_pounce_negative_control,Is setter count that fails to win the trick punished as the book warns?,decl,sixes,12,-7.542274902264277,-13.605315009752909,-1.9578735828399658,7.542274902264277,-0.08083333307877183,0.08166665987422068,0.16666666666666666,0.75
setter_reckless_count_to_bidder_vs_other,setter_reckless_count_to_bidder_vs_other__decl=threes,setter_pounce_negative_control,Is setter count that fails to win the trick punished as the book warns?,decl,threes,8,-7.837689347565174,-12.898256242275238,-4.498846456408501,7.837689347565174,-0.14624999463558197,0.15312499832361937,0.0,1.0
setter_reckless_count_to_bidder_vs_other,setter_reckless_count_to_bidder_vs_other__decl=twos,setter_pounce_negative_control,Is setter count that fails to win the trick punished as the book warns?,decl,twos,13,-10.834554773110609,-15.60359706557714,-7.056923114336454,10.834554773110609,-0.08461538415688735,0.08307692064688756,0.07692307692307693,0.8461538461538461
setter_reckless_count_to_bidder_vs_other,setter_reckless_count_to_bidder_vs_other__family_role=setter,setter_pounce_negative_control,Is setter count that fails to win the trick punished as the book warns?,family_role,setter,107,-7.505775219704259,-9.100033926185674,-6.194614648988697,7.505775219704259,-0.11004672831394405,0.11018691728953446,0.09345794392523364,0.8130841121495327
setter_reckless_count_to_bidder_vs_other,setter_reckless_count_to_bidder_vs_other__phase=early,setter_pounce_negative_control,Is setter count that fails to win the trick punished as the book warns?,phase,early,34,-11.03628221066559,-15.101508314118666,-8.03459757566452,11.03628221066559,-0.1729411780834198,0.17676470650579124,0.058823529411764705,0.8529411764705882
setter_reckless_count_to_bidder_vs_other,setter_reckless_count_to_bidder_vs_other__phase=late,setter_pounce_negative_control,Is setter count that fails to win the trick punished as the book warns?,phase,late,12,-2.121042475104332,-8.05863787730535,1.4289888540903728,2.121042475104332,0.04333333422740301,-0.030000001192092896,0.3333333333333333,0.6666666666666666
setter_reckless_count_to_bidder_vs_other,setter_reckless_count_to_bidder_vs_other__phase=middle,setter_pounce_negative_control,Is setter count that fails to win the trick punished as the book warns?,phase,middle,61,-6.597243338433995,-9.132634758559956,-4.7619675761394085,6.597243338433995,-0.10516393254892747,0.10065574005062951,0.06557377049180328,0.819672131147541
setter_reckless_count_to_bidder_vs_other,setter_reckless_count_to_bidder_vs_other__position=last,setter_pounce_negative_control,Is setter count that fails to win the trick punished as the book warns?,position,last,50,-8.515897169709206,-11.312837417721749,-5.9562783944606785,8.515897169709206,-0.11140000130981206,0.11060000002384186,0.12,0.74
setter_reckless_count_to_bidder_vs_other,setter_reckless_count_to_bidder_vs_other__position=second,setter_pounce_negative_control,Is setter count that fails to win the trick punished as the book warns?,position,second,46,-5.85658904664097,-7.627896912719892,-4.377261600031963,5.85658904664097,-0.1008695636106574,0.10597826493903995,0.08695652173913043,0.8478260869565217
setter_reckless_count_to_bidder_vs_other,setter_reckless_count_to_bidder_vs_other__position=third,setter_pounce_negative_control,Is setter count that fails to win the trick punished as the book warns?,position,third,11,-9.81090853431008,-15.228930018164895,-5.483808755874634,9.81090853431008,-0.14227272163737903,0.12590908741747792,0.0,1.0
setter_reckless_count_to_bidder_vs_other,setter_reckless_count_to_bidder_vs_other__seat_role=left_setter,setter_pounce_negative_control,Is setter count that fails to win the trick punished as the book warns?,seat_role,left_setter,41,-6.217147658510906,-8.492107248160897,-3.9935168216868147,6.217147658510906,-0.11353658498605577,0.11414634109270282,0.12195121951219512,0.8048780487804879
setter_reckless_count_to_bidder_vs_other,setter_reckless_count_to_bidder_vs_other__seat_role=right_setter,setter_pounce_negative_control,Is setter count that fails to win the trick punished as the book warns?,seat_role,right_setter,66,-8.306286280445585,-10.48022061279467,-6.274071777408773,8.306286280445585,-0.10787878704793526,0.10772727522999048,0.07575757575757576,0.8181818181818182
setter_reckless_count_to_bidder_vs_other,setter_reckless_count_to_bidder_vs_other__trick_idx=0,setter_pounce_negative_control,Is setter count that fails to win the trick punished as the book warns?,trick_idx,0,17,-14.260611683130264,-18.43874066366869,-9.831043693949194,14.260611683130264,-0.21764706250499277,0.21970588713884354,0.0,0.8235294117647058
setter_reckless_count_to_bidder_vs_other,setter_reckless_count_to_bidder_vs_other__trick_idx=1,setter_pounce_negative_control,Is setter count that fails to win the trick punished as the book warns?,trick_idx,1,17,-7.811952738200917,-11.358441324794994,-5.305145880755256,7.811952738200917,-0.12823529366184683,0.13382352587273894,0.11764705882352941,0.8823529411764706
setter_reckless_count_to_bidder_vs_other,setter_reckless_count_to_bidder_vs_other__trick_idx=2,setter_pounce_negative_control,Is setter count that fails to win the trick punished as the book warns?,trick_idx,2,21,-6.820234264646258,-10.132641712824503,-4.681531270345052,6.820234264646258,-0.13404761432182222,0.1326190484244199,0.0,0.8571428571428571
setter_reckless_count_to_bidder_vs_other,setter_reckless_count_to_bidder_vs_other__trick_idx=3,setter_pounce_negative_control,Is setter count that fails to win the trick punished as the book warns?,trick_idx,3,21,-8.21914165360587,-14.527995302563621,-3.7781896931784495,8.21914165360587,-0.10095238188902537,0.09095238410823402,0.14285714285714285,0.7619047619047619
setter_reckless_count_to_bidder_vs_other,setter_reckless_count_to_bidder_vs_other__trick_idx=4,setter_pounce_negative_control,Is setter count that fails to win the trick punished as the book warns?,trick_idx,4,19,-4.558155229535738,-6.973843894825366,-2.345120929745271,4.558155229535738,-0.07789473500298827,0.07605263473171937,0.05263157894736842,0.8421052631578947
setter_reckless_count_to_bidder_vs_other,setter_reckless_count_to_bidder_vs_other__trick_idx=5,setter_pounce_negative_control,Is setter count that fails to win the trick punished as the book warns?,trick_idx,5,12,-2.121042475104332,-6.350194965799649,0.8709972302118937,2.121042475104332,0.04333333422740301,-0.030000001192092896,0.3333333333333333,0.6666666666666666
setter_reckless_count_to_bidder_vs_other,setter_reckless_count_to_bidder_vs_other__trick_position=1,setter_pounce_negative_control,Is setter count that fails to win the trick punished as the book warns?,trick_position,1,46,-5.85658904664097,-7.746664469788337,-3.8325241508731698,5.85658904664097,-0.1008695636106574,0.10597826493903995,0.08695652173913043,0.8478260869565217
setter_reckless_count_to_bidder_vs_other,setter_reckless_count_to_bidder_vs_other__trick_position=2,setter_pounce_negative_control,Is setter count that fails to win the trick punished as the book warns?,trick_position,2,11,-9.81090853431008,-15.394061522050338,-5.75070671601729,9.81090853431008,-0.14227272163737903,0.12590908741747792,0.0,1.0
setter_reckless_count_to_bidder_vs_other,setter_reckless_count_to_bidder_vs_other__trick_position=3,setter_pounce_negative_control,Is setter count that fails to win the trick punished as the book warns?,trick_position,3,50,-8.515897169709206,-11.888651095628738,-5.763092268705368,8.515897169709206,-0.11140000130981206,0.11060000002384186,0.12,0.74
closure_take_trick_vs_decline,closure_take_trick_vs_decline__count_points=0,last_seat_closure,"From last seat, does taking the trick beat declining when both are available?",count_points,0,30,9.106758463382722,3.8984699408213297,13.76829019387563,-9.106758463382722,0.17550000020613274,-0.11099999829505881,0.6666666666666666,0.16666666666666666
closure_take_trick_vs_decline,closure_take_trick_vs_decline__count_points=10,last_seat_closure,"From last seat, does taking the trick beat declining when both are available?",count_points,10,5,9.80128131210804,-5.845097160339355,29.709916260838508,-9.80128131210804,0.2220000060275197,-0.17199999503791333,0.6,0.2
closure_take_trick_vs_decline,closure_take_trick_vs_decline__count_points=5,last_seat_closure,"From last seat, does taking the trick beat declining when both are available?",count_points,5,9,14.293508496549395,6.09023505449295,22.08925688929028,-14.293508496549395,0.058888889021343656,-0.057222220632765025,0.5555555555555556,0.3333333333333333
closure_take_trick_vs_decline,closure_take_trick_vs_decline__current_winner_team=defense,last_seat_closure,"From last seat, does taking the trick beat declining when both are available?",current_winner_team,defense,21,8.98307802563622,3.4355703308468772,15.693729423341297,-8.98307802563622,0.20714286071736188,-0.07642856799066067,0.6666666666666666,0.23809523809523808
closure_take_trick_vs_decline,closure_take_trick_vs_decline__current_winner_team=offense,last_seat_closure,"From last seat, does taking the trick beat declining when both are available?",current_winner_team,offense,23,11.4002651475046,4.243308461230734,17.16675194579622,-11.4002651475046,0.11108695488909016,-0.13478260791010183,0.6086956521739131,0.17391304347826086
closure_take_trick_vs_decline,closure_take_trick_vs_decline__decl=blanks,last_seat_closure,"From last seat, does taking the trick beat declining when both are available?",decl,blanks,4,13.63215509057045,7.440812945365906,23.368340641260147,-13.63215509057045,0.35625000298023224,-0.3962499964982271,1.0,0.0
closure_take_trick_vs_decline,closure_take_trick_vs_decline__decl=doubles,last_seat_closure,"From last seat, does taking the trick beat declining when both are available?",decl,doubles,4,4.667632579803467,-13.151307106018066,15.682888984680176,-4.667632579803467,0.08750000246800482,-0.1299999940674752,0.25,0.75
closure_take_trick_vs_decline,closure_take_trick_vs_decline__decl=fives,last_seat_closure,"From last seat, does taking the trick beat declining when both are available?",decl,fives,3,11.344270313779512,2.3968944549560547,17.73990322649479,-11.344270313779512,0.17000001668930054,-0.07833333313465118,1.0,0.0
closure_take_trick_vs_decline,closure_take_trick_vs_decline__decl=fours,last_seat_closure,"From last seat, does taking the trick beat declining when both are available?",decl,fours,8,8.206636533141136,-0.9243784546852112,19.106252402067184,-8.206636533141136,0.13187499716877937,-0.16437499318271875,0.75,0.125
closure_take_trick_vs_decline,closure_take_trick_vs_decline__decl=ones,last_seat_closure,"From last seat, does taking the trick beat declining when both are available?",decl,ones,8,9.105217158794403,-1.0702518820762634,19.13227903842926,-9.105217158794403,0.031874994514510036,-0.0643750000745058,0.375,0.5
closure_take_trick_vs_decline,closure_take_trick_vs_decline__decl=threes,last_seat_closure,"From last seat, does taking the trick beat declining when both are available?",decl,threes,5,9.844454681873321,-1.8443150877952577,21.73767704963684,-9.844454681873321,0.17199999690055848,-0.030000000447034835,0.4,0.2
closure_take_trick_vs_decline,closure_take_trick_vs_decline__decl=twos,last_seat_closure,"From last seat, does taking the trick beat declining when both are available?",decl,twos,9,11.517374197642008,1.9832230144076877,20.118406931559246,-11.517374197642008,0.16388889153798422,-0.037222222321563296,0.6666666666666666,0.0
closure_take_trick_vs_decline,closure_take_trick_vs_decline__family_role=bidder,last_seat_closure,"From last seat, does taking the trick beat declining when both are available?",family_role,bidder,15,11.735503069559734,5.009786287943522,19.430816555023192,-11.735503069559734,0.24933334036419788,-0.11299999716381232,0.6,0.2
closure_take_trick_vs_decline,closure_take_trick_vs_decline__family_role=partner,last_seat_closure,"From last seat, does taking the trick beat declining when both are available?",family_role,partner,4,5.224599242210388,-0.9935927391052246,15.677885174751282,-5.224599242210388,0.028749991208314896,-0.022499993443489075,0.75,0.25
closure_take_trick_vs_decline,closure_take_trick_vs_decline__family_role=setter,last_seat_closure,"From last seat, does taking the trick beat declining when both are available?",family_role,setter,25,10.156791756749152,3.3333811521530152,16.230583150982856,-10.156791756749152,0.12199999868869782,-0.116799999140203,0.64,0.2
closure_take_trick_vs_decline,closure_take_trick_vs_decline__phase=early,last_seat_closure,"From last seat, does taking the trick beat declining when both are available?",phase,early,14,13.538394621440343,4.599187007972172,20.508650396551406,-13.538394621440343,0.1607142883086843,-0.16178571033690656,0.6428571428571429,0.14285714285714285
closure_take_trick_vs_decline,closure_take_trick_vs_decline__phase=middle,last_seat_closure,"From last seat, does taking the trick beat declining when both are available?",phase,middle,28,9.498044978827238,4.249625103814261,13.611347954188075,-9.498044978827238,0.16625000004257476,-0.08714285589355443,0.6428571428571429,0.21428571428571427
closure_take_trick_vs_decline,closure_take_trick_vs_decline__position=last,last_seat_closure,"From last seat, does taking the trick beat declining when both are available?",position,last,44,10.246607657521963,6.164164398881522,13.594734712757848,-10.246607657521963,0.15693181903440168,-0.10693181613036855,0.6363636363636364,0.20454545454545456
closure_take_trick_vs_decline,closure_take_trick_vs_decline__seat_role=bidder,last_seat_closure,"From last seat, does taking the trick beat declining when both are available?",seat_role,bidder,15,11.735503069559734,4.7463378270467125,18.081716855367024,-11.735503069559734,0.24933334036419788,-0.11299999716381232,0.6,0.2
closure_take_trick_vs_decline,closure_take_trick_vs_decline__seat_role=bidder_partner,last_seat_closure,"From last seat, does taking the trick beat declining when both are available?",seat_role,bidder_partner,4,5.224599242210388,-2.9766907691955566,12.018500089645386,-5.224599242210388,0.028749991208314896,-0.022499993443489075,0.75,0.25
closure_take_trick_vs_decline,closure_take_trick_vs_decline__seat_role=left_setter,last_seat_closure,"From last seat, does taking the trick beat declining when both are available?",seat_role,left_setter,6,9.24144152800242,-3.1007012526194253,22.034895658493042,-9.24144152800242,0.2383333370089531,-0.2274999978641669,0.8333333333333334,0.0
closure_take_trick_vs_decline,closure_take_trick_vs_decline__seat_role=right_setter,last_seat_closure,"From last seat, does taking the trick beat declining when both are available?",seat_role,right_setter,19,10.445849723721805,4.473669699932399,15.755457765961948,-10.445849723721805,0.0852631550086172,-0.08184210480631966,0.5789473684210527,0.2631578947368421
closure_take_trick_vs_decline,closure_take_trick_vs_decline__trick_idx=0,last_seat_closure,"From last seat, does taking the trick beat declining when both are available?",trick_idx,0,6,8.031969368457794,-5.9505172570546465,23.78452557325363,-8.031969368457794,0.0,-0.0016666669398546219,0.3333333333333333,0.3333333333333333
closure_take_trick_vs_decline,closure_take_trick_vs_decline__trick_idx=1,last_seat_closure,"From last seat, does taking the trick beat declining when both are available?",trick_idx,1,8,17.668213561177254,6.8575966358184814,26.772923812270164,-17.668213561177254,0.28125000454019755,-0.28187499288469553,0.875,0.0
closure_take_trick_vs_decline,closure_take_trick_vs_decline__trick_idx=2,last_seat_closure,"From last seat, does taking the trick beat declining when both are available?",trick_idx,2,7,8.92850628069469,-0.19085332325526647,20.53137846503939,-8.92850628069469,0.017142857824053084,-0.05142857174256018,0.42857142857142855,0.42857142857142855
closure_take_trick_vs_decline,closure_take_trick_vs_decline__trick_idx=3,last_seat_closure,"From last seat, does taking the trick beat declining when both are available?",trick_idx,3,12,11.660940648367008,4.887856264909108,19.209582349906366,-11.660940648367008,0.2183333324889342,-0.06083333088705937,0.6666666666666666,0.16666666666666666
closure_take_trick_vs_decline,closure_take_trick_vs_decline__trick_idx=4,last_seat_closure,"From last seat, does taking the trick beat declining when both are available?",trick_idx,4,9,7.057158629099528,-2.6023698912726507,13.855292797088623,-7.057158629099528,0.212777778506279,-0.1499999991307656,0.7777777777777778,0.1111111111111111
closure_take_trick_vs_decline,closure_take_trick_vs_decline__trick_position=3,last_seat_closure,"From last seat, does taking the trick beat declining when both are available?",trick_position,3,44,10.246607657521963,6.452629165215925,14.814782738685608,-10.246607657521963,0.15693181903440168,-0.10693181613036855,0.6363636363636364,0.20454545454545456
closure_take_count_vs_other,closure_take_count_vs_other__count_points=10,last_seat_closure,"From last seat, does taking count beat other same-state closure options?",count_points,10,7,6.268740790230887,-7.1499543871198386,16.53636932373047,-6.268740790230887,0.1521428633215172,-0.12642856767135008,0.5714285714285714,0.2857142857142857
closure_take_count_vs_other,closure_take_count_vs_other__count_points=5,last_seat_closure,"From last seat, does taking count beat other same-state closure options?",count_points,5,9,3.5882934066984387,-2.1869273450639515,11.770050168037415,-3.5882934066984387,-0.012222220500310263,-0.02555555436346266,0.5555555555555556,0.4444444444444444
closure_take_count_vs_other,closure_take_count_vs_other__current_winner_team=defense,last_seat_closure,"From last seat, does taking count beat other same-state closure options?",current_winner_team,defense,8,6.6304764449596405,-1.3156185150146484,18.169798374176025,-6.6304764449596405,0.12562500883359462,-0.11124999518506229,0.625,0.375
closure_take_count_vs_other,closure_take_count_vs_other__current_winner_team=offense,last_seat_closure,"From last seat, does taking count beat other same-state closure options?",current_winner_team,offense,8,2.8915018290281296,-6.090082406997681,9.083644479513168,-2.8915018290281296,-0.006250001490116119,-0.028125000186264515,0.5,0.375
closure_take_count_vs_other,closure_take_count_vs_other__decl=fives,last_seat_closure,"From last seat, does taking count beat other same-state closure options?",decl,fives,3,1.4027318954467773,-4.74557367960612,9.90725326538086,-1.4027318954467773,0.04833334684371948,-0.033333333830038704,0.6666666666666666,0.3333333333333333
closure_take_count_vs_other,closure_take_count_vs_other__decl=fours,last_seat_closure,"From last seat, does taking count beat other same-state closure options?",decl,fours,4,3.546149402856827,-11.18822592496872,19.222022086381912,-3.546149402856827,0.01874999701976776,-0.07499999739229679,0.5,0.25
closure_take_count_vs_other,closure_take_count_vs_other__decl=ones,last_seat_closure,"From last seat, does taking count beat other same-state closure options?",decl,ones,5,-2.415597438812256,-4.4038393020629885,0.06720209121704102,2.415597438812256,-0.06299999952316285,0.0,0.2,0.8
closure_take_count_vs_other,closure_take_count_vs_other__family_role=bidder,last_seat_closure,"From last seat, does taking count beat other same-state closure options?",family_role,bidder,6,8.587273319562277,-0.8406200408935547,18.795727292696636,-8.587273319562277,0.13583335047587752,-0.12166666084279616,0.6666666666666666,0.3333333333333333
closure_take_count_vs_other,closure_take_count_vs_other__family_role=partner,last_seat_closure,"From last seat, does taking count beat other same-state closure options?",family_role,partner,3,-0.942689577738444,-8.537663459777832,11.245092391967773,0.942689577738444,-0.04166667660077413,-0.05333333214124044,0.3333333333333333,0.6666666666666666
closure_take_count_vs_other,closure_take_count_vs_other__family_role=setter,last_seat_closure,"From last seat, does taking count beat other same-state closure options?",family_role,setter,7,3.9257507153919766,-5.025111947740827,15.596594418798174,-3.9257507153919766,0.03785714081355503,-0.03214285735573087,0.5714285714285714,0.2857142857142857
closure_take_count_vs_other,closure_take_count_vs_other__phase=early,last_seat_closure,"From last seat, does taking count beat other same-state closure options?",phase,early,4,19.3787981569767,3.6798750162124634,37.064453452825546,-19.3787981569767,0.18375000753439963,-0.1887499913573265,1.0,0.0
closure_take_count_vs_other,closure_take_count_vs_other__phase=middle,last_seat_closure,"From last seat, does taking count beat other same-state closure options?",phase,middle,11,0.3068351745605469,-4.292035362937233,5.003744818947532,-0.3068351745605469,0.020000002600929954,-0.03272727250375531,0.45454545454545453,0.45454545454545453
closure_take_count_vs_other,closure_take_count_vs_other__position=last,last_seat_closure,"From last seat, does taking count beat other same-state closure options?",position,last,16,4.760989136993885,-1.0826966762542725,11.638883717358112,-4.760989136993885,0.05968750367173925,-0.0696874976856634,0.5625,0.375
closure_take_count_vs_other,closure_take_count_vs_other__seat_role=bidder,last_seat_closure,"From last seat, does taking count beat other same-state closure options?",seat_role,bidder,6,8.587273319562277,-1.373043179512024,21.719116886456806,-8.587273319562277,0.13583335047587752,-0.12166666084279616,0.6666666666666666,0.3333333333333333
closure_take_count_vs_other,closure_take_count_vs_other__seat_role=bidder_partner,last_seat_closure,"From last seat, does taking count beat other same-state closure options?",seat_role,bidder_partner,3,-0.942689577738444,-8.537663459777832,5.651562372843425,0.942689577738444,-0.04166667660077413,-0.05333333214124044,0.3333333333333333,0.6666666666666666
closure_take_count_vs_other,closure_take_count_vs_other__seat_role=right_setter,last_seat_closure,"From last seat, does taking count beat other same-state closure options?",seat_role,right_setter,6,7.317489604155223,0.7654645442962646,18.192067166169483,-7.317489604155223,0.04416666428248087,-0.037500000248352684,0.6666666666666666,0.3333333333333333
closure_take_count_vs_other,closure_take_count_vs_other__trick_idx=1,last_seat_closure,"From last seat, does taking count beat other same-state closure options?",trick_idx,1,3,15.470311880111694,2.8386058807373047,27.54117178916931,-15.470311880111694,0.19333335291594267,-0.20999998847643533,1.0,0.0
closure_take_count_vs_other,closure_take_count_vs_other__trick_idx=2,last_seat_closure,"From last seat, does taking count beat other same-state closure options?",trick_idx,2,4,3.825504779815674,-2.226571559906006,8.852719783782959,-3.825504779815674,-0.004999987781047821,-0.03999999910593033,0.5,0.5
closure_take_count_vs_other,closure_take_count_vs_other__trick_idx=3,last_seat_closure,"From last seat, does taking count beat other same-state closure options?",trick_idx,3,4,-0.1551518440246582,-5.145965099334717,6.176409721374512,0.1551518440246582,-0.048750005662441254,-0.042500000447034836,0.5,0.5
closure_take_count_vs_other,closure_take_count_vs_other__trick_idx=4,last_seat_closure,"From last seat, does taking count beat other same-state closure options?",trick_idx,4,3,-3.7687416076660156,-16.4246826171875,6.258193016052246,3.7687416076660156,0.1450000007947286,-0.009999999776482582,0.3333333333333333,0.3333333333333333
closure_take_count_vs_other,closure_take_count_vs_other__trick_position=3,last_seat_closure,"From last seat, does taking count beat other same-state closure options?",trick_position,3,16,4.760989136993885,-2.256796717643738,9.849088206887245,-4.760989136993885,0.05968750367173925,-0.0696874976856634,0.5625,0.375
closure_slough_count_vs_other,closure_slough_count_vs_other__count_points=10,last_seat_closure_negative_control,"From last seat, is sloughing count while declining the trick punished?",count_points,10,30,-9.076778011520704,-14.69242766201496,-3.7310882449150085,9.076778011520704,-0.09750000064571698,0.12183333452170093,0.26666666666666666,0.7
closure_slough_count_vs_other,closure_slough_count_vs_other__count_points=5,last_seat_closure_negative_control,"From last seat, is sloughing count while declining the trick punished?",count_points,5,66,-5.097947963259437,-7.663832718675787,-2.6282747676878264,5.097947963259437,-0.0762121228952751,0.06356060462580486,0.25757575757575757,0.5757575757575758
closure_slough_count_vs_other,closure_slough_count_vs_other__current_winner_team=defense,last_seat_closure_negative_control,"From last seat, is sloughing count while declining the trick punished?",current_winner_team,defense,38,-5.447327687552101,-9.158398433735496,-1.7324868252402859,5.447327687552101,-0.07078947715069119,0.06934210398283444,0.39473684210526316,0.5
closure_slough_count_vs_other,closure_slough_count_vs_other__current_winner_team=offense,last_seat_closure_negative_control,"From last seat, is sloughing count while declining the trick punished?",current_winner_team,offense,58,-6.927059548168347,-9.463170769913443,-4.526659305753379,6.927059548168347,-0.0907758620471276,0.08991379292424896,0.1724137931034483,0.6896551724137931
closure_slough_count_vs_other,closure_slough_count_vs_other__decl=blanks,last_seat_closure_negative_control,"From last seat, is sloughing count while declining the trick punished?",decl,blanks,13,-4.7183270912904005,-10.42295986872453,-1.327709592305697,4.7183270912904005,-0.11692307660212883,0.13692307701477638,0.23076923076923078,0.7692307692307693
closure_slough_count_vs_other,closure_slough_count_vs_other__decl=doubles,last_seat_closure_negative_control,"From last seat, is sloughing count while declining the trick punished?",decl,doubles,11,-4.79139072786678,-13.720558036457408,1.818156123161316,4.79139072786678,-0.056363640183752235,0.04954545115205375,0.36363636363636365,0.36363636363636365
closure_slough_count_vs_other,closure_slough_count_vs_other__decl=doubles-suit,last_seat_closure_negative_control,"From last seat, is sloughing count while declining the trick punished?",decl,doubles-suit,9,-5.397221717569563,-12.500298394097221,-0.5932217107878791,5.397221717569563,-0.04333333174387614,0.0616666612525781,0.1111111111111111,0.5555555555555556
closure_slough_count_vs_other,closure_slough_count_vs_other__decl=fives,last_seat_closure_negative_control,"From last seat, is sloughing count while declining the trick punished?",decl,fives,6,-3.612029552459717,-8.184357484181723,0.4209992090861003,3.612029552459717,-0.11333333949247996,0.10333333164453506,0.16666666666666666,0.8333333333333334
closure_slough_count_vs_other,closure_slough_count_vs_other__decl=fours,last_seat_closure_negative_control,"From last seat, is sloughing count while declining the trick punished?",decl,fours,4,-2.4609508514404297,-7.05560302734375,2.1337013244628906,2.4609508514404297,0.020000003278255463,0.06500000320374966,0.5,0.5
closure_slough_count_vs_other,closure_slough_count_vs_other__decl=no-trump,last_seat_closure_negative_control,"From last seat, is sloughing count while declining the trick punished?",decl,no-trump,11,-11.916956175457347,-17.828931786797263,-6.497474133968353,11.916956175457347,-0.1863636388020082,0.19227273626761002,0.18181818181818182,0.7272727272727273
closure_slough_count_vs_other,closure_slough_count_vs_other__decl=ones,last_seat_closure_negative_control,"From last seat, is sloughing count while declining the trick punished?",decl,ones,8,-11.530171513557434,-26.152278065681458,0.22224628925323486,11.530171513557434,-0.08124999608844519,0.12937499769032001,0.25,0.625
closure_slough_count_vs_other,closure_slough_count_vs_other__decl=sixes,last_seat_closure_negative_control,"From last seat, is sloughing count while declining the trick punished?",decl,sixes,11,-6.248697616837242,-15.538205981254578,-0.4014179923317649,6.248697616837242,-0.06409091011367062,0.018181815658780662,0.36363636363636365,0.5454545454545454
closure_slough_count_vs_other,closure_slough_count_vs_other__decl=threes,last_seat_closure_negative_control,"From last seat, is sloughing count while declining the trick punished?",decl,threes,6,-5.354911049207051,-12.241115808486938,1.6174079577128093,5.354911049207051,-0.05999999741713206,0.1333333345440527,0.16666666666666666,0.6666666666666666
closure_slough_count_vs_other,closure_slough_count_vs_other__decl=twos,last_seat_closure_negative_control,"From last seat, is sloughing count while declining the trick punished?",decl,twos,17,-5.3200205546968125,-10.817818091196173,-1.443749057895997,5.3200205546968125,-0.062352946575950176,-0.003529413931948297,0.29411764705882354,0.5882352941176471
closure_slough_count_vs_other,closure_slough_count_vs_other__family_role=bidder,last_seat_closure_negative_control,"From last seat, is sloughing count while declining the trick punished?",family_role,bidder,23,-10.681992815888446,-15.648341497649318,-3.6670988046604656,10.681992815888446,-0.15565217383529828,0.13152173781038626,0.13043478260869565,0.782608695652174
closure_slough_count_vs_other,closure_slough_count_vs_other__family_role=partner,last_seat_closure_negative_control,"From last seat, is sloughing count while declining the trick punished?",family_role,partner,6,-2.4119505286216736,-7.454313516616821,3.277325928211212,2.4119505286216736,-0.007499992847442627,0.06833332777023315,0.3333333333333333,0.5
closure_slough_count_vs_other,closure_slough_count_vs_other__family_role=setter,last_seat_closure_negative_control,"From last seat, is sloughing count while declining the trick punished?",family_role,setter,67,-5.203139820650442,-8.479560136795044,-2.747005456863944,5.203139820650442,-0.06462686828601716,0.0658955224581174,0.29850746268656714,0.5671641791044776
closure_slough_count_vs_other,closure_slough_count_vs_other__phase=early,last_seat_closure_negative_control,"From last seat, is sloughing count while declining the trick punished?",phase,early,32,-7.819262694567442,-13.615477414801717,-3.1706263422966003,7.819262694567442,-0.10468750447034836,0.1121875012468081,0.25,0.59375
closure_slough_count_vs_other,closure_slough_count_vs_other__phase=late,last_seat_closure_negative_control,"From last seat, is sloughing count while declining the trick punished?",phase,late,15,0.08124129374821981,-3.351623316605886,2.7646031777064004,-0.08124129374821981,0.0346666673819224,-0.02433333396911621,0.5333333333333333,0.4666666666666667
closure_slough_count_vs_other,closure_slough_count_vs_other__phase=middle,last_seat_closure_negative_control,"From last seat, is sloughing count while declining the trick punished?",phase,middle,49,-7.34224732858794,-11.120207727563624,-5.014897563019577,7.34224732858794,-0.1045918366966807,0.09438775327740884,0.1836734693877551,0.673469387755102
closure_slough_count_vs_other,closure_slough_count_vs_other__position=last,last_seat_closure_negative_control,"From last seat, is sloughing count while declining the trick punished?",position,last,96,-6.341332353341083,-9.714083378203213,-4.085425443947315,6.341332353341083,-0.08286458469228819,0.08177083271827239,0.2604166666666667,0.6145833333333334
closure_slough_count_vs_other,closure_slough_count_vs_other__seat_role=bidder,last_seat_closure_negative_control,"From last seat, is sloughing count while declining the trick punished?",seat_role,bidder,23,-10.681992815888446,-15.367891109508017,-4.80647052111833,10.681992815888446,-0.15565217383529828,0.13152173781038626,0.13043478260869565,0.782608695652174
closure_slough_count_vs_other,closure_slough_count_vs_other__seat_role=bidder_partner,last_seat_closure_negative_control,"From last seat, is sloughing count while declining the trick punished?",seat_role,bidder_partner,6,-2.4119505286216736,-6.559499363104503,2.8343995213508606,2.4119505286216736,-0.007499992847442627,0.06833332777023315,0.3333333333333333,0.5
closure_slough_count_vs_other,closure_slough_count_vs_other__seat_role=left_setter,last_seat_closure_negative_control,"From last seat, is sloughing count while declining the trick punished?",seat_role,left_setter,22,-3.6590647521344097,-6.115807048299096,-1.136430407112295,3.6590647521344097,-0.044318182139911434,0.046363635496659714,0.22727272727272727,0.6818181818181818
closure_slough_count_vs_other,closure_slough_count_vs_other__seat_role=right_setter,last_seat_closure_negative_control,"From last seat, is sloughing count while declining the trick punished?",seat_role,right_setter,45,-5.958020965258281,-9.194973829057481,-2.772930528057946,5.958020965258281,-0.07455555929077996,0.07544444497260783,0.3333333333333333,0.5111111111111111
closure_slough_count_vs_other,closure_slough_count_vs_other__trick_idx=0,last_seat_closure_negative_control,"From last seat, is sloughing count while declining the trick punished?",trick_idx,0,17,-5.9008049964904785,-12.254234152681688,-0.20592943359823787,5.9008049964904785,-0.05323529944700353,0.05735294537290054,0.29411764705882354,0.47058823529411764
closure_slough_count_vs_other,closure_slough_count_vs_other__trick_idx=1,last_seat_closure_negative_control,"From last seat, is sloughing count while declining the trick punished?",trick_idx,1,15,-9.993514752388,-16.53906713326772,-2.5766675313313803,9.993514752388,-0.16300000349680582,0.17433333123723666,0.2,0.7333333333333333
closure_slough_count_vs_other,closure_slough_count_vs_other__trick_idx=2,last_seat_closure_negative_control,"From last seat, is sloughing count while declining the trick punished?",trick_idx,2,18,-4.821933292680317,-9.6580111682415,-0.7085407939222124,4.821933292680317,-0.05833333440952831,0.0769444422589408,0.3888888888888889,0.4444444444444444
closure_slough_count_vs_other,closure_slough_count_vs_other__trick_idx=3,last_seat_closure_negative_control,"From last seat, is sloughing count while declining the trick punished?",trick_idx,3,16,-12.169258963316679,-18.81737544760108,-6.893594037741423,12.169258963316679,-0.17749999929219484,0.11624999903142452,0.125,0.8125
closure_slough_count_vs_other,closure_slough_count_vs_other__trick_idx=4,last_seat_closure_negative_control,"From last seat, is sloughing count while declining the trick punished?",trick_idx,4,15,-5.217811761299769,-7.84178236524264,-3.403099157412847,5.217811761299769,-0.08233333267271518,0.09199999769528706,0.0,0.8
closure_slough_count_vs_other,closure_slough_count_vs_other__trick_idx=5,last_seat_closure_negative_control,"From last seat, is sloughing count while declining the trick punished?",trick_idx,5,15,0.08124129374821981,-4.81695206562678,3.21205313205719,-0.08124129374821981,0.0346666673819224,-0.02433333396911621,0.5333333333333333,0.4666666666666667
closure_slough_count_vs_other,closure_slough_count_vs_other__trick_position=3,last_seat_closure_negative_control,"From last seat, is sloughing count while declining the trick punished?",trick_position,3,96,-6.341332353341083,-8.972143415672084,-4.3301480778803425,6.341332353341083,-0.08286458469228819,0.08177083271827239,0.2604166666666667,0.6145833333333334
