game_idx,hand_idx,seed,a_team,dealer,redeals,forced,bidder,bidder_is_a,bid_value,decl_id,team_a_pts,team_b_pts,made,marks_a_after,marks_b_after
0,0,1909233376,0,0,0,0,1,0,30,5,7,35,1,0,1
0,1,767852945,0,1,0,0,2,1,30,4,12,30,0,0,2
0,2,431793364,0,2,0,0,3,0,30,6,25,17,0,1,2
0,3,3537762216,0,3,0,0,0,1,30,4,0,42,0,1,3
0,4,3201702635,0,0,0,0,1,0,30,5,24,18,0,2,3
0,5,1207383341,0,1,0,0,2,1,30,0,30,12,1,3,3
0,6,871323760,0,2,0,0,3,0,30,4,18,24,0,4,3
0,7,3977292612,0,3,0,0,0,1,30,5,36,6,1,5,3
0,8,3641233031,0,0,0,0,1,0,30,5,18,24,0,6,3
0,9,2499852600,0,1,0,0,2,1,30,4,14,28,0,6,4
0,10,1310854156,0,2,0,0,3,0,30,5,2,40,1,6,5
0,11,3122278223,0,3,0,0,0,1,30,4,24,18,0,6,6
0,12,4080763427,0,0,0,0,1,0,30,4,23,19,0,7,6
1,0,3412359473,0,0,0,0,1,0,30,5,1,41,1,0,1
1,1,3076299892,0,1,0,0,2,1,30,1,21,21,0,0,2
1,2,3983064222,0,2,0,0,3,0,30,5,40,2,0,1,2
1,3,745921017,0,3,0,0,0,1,30,5,12,30,0,1,3
1,4,409861436,0,0,0,0,1,0,30,4,7,35,1,1,4
1,5,3515830288,0,1,0,0,2,1,30,0,25,17,0,1,5
1,6,3179770707,0,2,0,0,3,0,30,5,12,30,1,1,6
1,7,1185451413,0,3,0,0,0,1,30,5,20,22,0,1,7
2,0,2668663035,0,0,0,0,1,0,30,5,36,6,0,1,0
2,1,2332603454,0,1,0,0,2,1,30,2,29,13,0,1,1
2,2,1143605010,0,2,0,0,3,0,30,5,23,19,0,2,1
2,3,807545429,0,3,0,0,0,1,30,4,41,1,1,3,1
2,4,3961132294,0,0,0,0,1,0,30,1,17,25,0,4,1
2,5,2772133850,0,1,0,0,2,1,30,5,20,22,0,4,2
2,6,2436074269,0,2,0,0,3,0,30,2,17,25,0,5,2
2,7,1247075825,0,3,0,0,0,1,30,0,31,11,1,6,2
2,8,105695394,0,0,0,0,1,0,30,5,29,13,0,7,2
3,0,1954501361,0,0,0,0,1,0,30,5,23,19,0,1,0
3,1,864841804,0,1,0,0,2,1,30,4,40,2,1,2,0
3,2,2676265871,0,2,0,0,3,0,30,5,0,42,1,2,1
3,3,582607690,0,3,0,0,0,1,30,5,13,29,0,2,2
3,4,2394031757,0,0,0,0,1,0,30,6,0,42,1,2,3
3,5,1304372200,0,1,0,0,2,1,30,4,11,31,0,2,4
3,6,3115796267,0,2,0,0,3,0,30,4,26,16,0,3,4
3,7,4022560597,0,3,0,0,0,1,30,5,17,25,0,3,5
3,8,2833562153,0,0,0,0,1,0,30,4,12,30,1,3,6
3,9,2497502572,0,1,0,0,2,1,30,5,25,17,0,3,7
4,0,1041043983,0,0,0,0,1,0,30,5,41,1,0,1,0
4,1,2852468050,0,1,0,0,2,1,30,5,41,1,1,2,0
4,2,3810953254,0,2,0,0,3,0,30,5,19,23,0,3,0
4,3,522089175,0,3,0,0,0,1,30,0,30,12,1,4,0
4,4,186029594,0,0,0,0,1,0,30,4,0,42,1,4,1
4,5,3291998446,0,1,0,0,2,1,30,5,30,12,1,5,1
4,6,2955938865,0,2,0,0,3,0,30,4,1,41,1,5,2
4,7,3109103219,0,3,0,0,0,1,30,2,24,18,0,5,3
4,8,625559990,0,0,0,0,1,0,30,2,13,29,0,6,3
4,9,3731528842,0,1,0,0,2,1,30,5,13,29,0,6,4
4,10,3395469261,0,2,0,0,3,0,30,5,18,24,0,7,4
5,0,3768910742,0,0,0,0,1,0,30,5,17,25,0,1,0
5,1,3432851161,0,1,0,0,2,1,30,3,36,6,1,2,0
5,2,2291470730,0,2,0,0,3,0,30,4,23,19,0,3,0
5,3,1102472286,0,3,0,0,0,1,30,4,30,12,1,4,0
5,4,766412705,0,0,0,0,1,0,30,3,11,31,1,4,1
5,5,3872381557,0,1,0,0,2,1,30,4,35,7,1,5,1
5,6,2731001126,0,2,0,0,3,0,30,5,14,28,0,6,1
5,7,1542002682,0,3,0,0,0,1,30,5,29,13,0,6,2
5,8,1205943101,0,0,0,0,1,0,30,5,30,12,0,7,2
6,0,977069543,0,0,0,0,1,0,30,5,19,23,0,1,0
6,1,641009962,0,1,0,0,2,1,30,4,25,17,0,1,1
6,2,304950381,0,2,0,0,3,0,30,4,3,39,1,1,2
6,3,3410919233,0,3,0,0,0,1,30,5,13,29,0,1,3
6,4,2269538802,0,0,0,0,1,0,30,2,8,34,1,1,4
6,5,1080540358,0,1,0,0,2,1,30,1,31,11,1,2,4
6,6,744480777,0,2,0,0,3,0,30,6,13,29,0,3,4
6,7,3850449629,0,3,0,0,0,1,30,4,19,23,0,3,5
6,8,2709069198,0,0,0,0,1,0,30,0,13,29,0,4,5
6,9,225525969,0,1,0,0,2,1,30,4,24,18,0,4,6
6,10,1184011173,0,2,0,0,3,0,30,5,36,6,0,5,6
6,11,2995435240,0,3,0,0,0,1,30,5,24,18,0,5,7
7,0,262907869,0,0,0,0,1,0,30,5,29,13,0,1,0
7,1,3368876721,0,1,0,0,2,1,30,2,11,31,0,1,1
7,2,2227496290,0,2,0,0,3,0,30,5,8,34,1,1,2
7,3,3185981494,0,3,0,0,0,1,30,4,24,18,0,1,3
7,4,702438265,0,0,0,0,1,0,30,4,8,34,1,1,4
7,5,3808407117,0,1,0,0,2,1,30,4,18,24,0,1,5
7,6,3472347536,0,2,0,0,3,0,30,5,1,41,1,1,6
7,7,2330967105,0,3,0,0,0,1,30,5,40,2,1,2,6
7,8,1141968661,0,0,0,0,1,0,30,5,7,35,1,2,7
8,0,3644417787,0,0,0,0,1,0,30,5,35,7,0,1,0
8,1,3209019319,0,1,0,0,2,1,30,4,29,13,0,1,1
8,2,4266843410,0,2,0,0,3,0,30,4,1,41,1,1,2
8,3,878640444,0,3,0,0,0,1,30,4,21,21,0,1,3
8,4,542580863,0,0,0,0,1,0,30,5,34,8,0,2,3
8,5,1600404954,0,1,0,0,2,1,30,4,17,25,0,2,4
8,6,3312490134,0,2,0,0,3,0,30,4,17,25,0,3,4
8,7,1318170840,0,3,0,0,0,1,30,5,21,21,0,3,5
8,8,982111259,0,0,0,0,1,0,30,4,34,8,0,4,5
8,9,2039935350,0,1,0,0,2,1,30,5,42,0,1,5,5
8,10,1703875769,0,2,0,0,3,0,30,4,18,24,0,6,5
8,11,2610640099,0,3,0,0,0,1,30,6,41,1,1,7,5
9,0,2900721349,0,0,0,0,1,0,30,4,25,17,0,1,0
9,1,417178120,0,1,0,0,2,1,30,3,42,0,1,2,0
9,2,1375663324,0,2,0,0,3,0,30,0,30,12,0,3,0
9,3,3187087391,0,3,0,0,0,1,30,4,8,34,0,3,1
9,4,2045706960,0,0,0,0,1,0,30,6,12,30,1,3,2
9,5,856708516,0,1,0,0,2,1,30,5,12,30,0,3,3
9,6,520648935,0,2,0,0,3,0,30,5,18,24,0,4,3
9,7,3626617787,0,3,0,0,0,1,30,6,12,30,0,4,4
9,8,3290558206,0,0,0,0,1,0,30,5,23,19,0,5,4
9,9,1296238912,0,1,0,0,2,1,30,1,34,8,1,6,4
9,10,960179331,0,2,0,0,3,0,30,4,18,24,0,7,4
10,0,1333620812,0,0,0,0,1,0,30,2,12,30,1,0,1
10,1,997561231,0,1,0,0,2,1,30,4,18,24,0,0,2
10,2,2808985298,0,2,0,0,3,0,30,2,13,29,0,1,2
10,3,2962149652,0,3,0,0,0,1,30,5,31,11,1,2,2
10,4,2626090071,0,0,0,0,1,0,30,5,23,19,0,3,2
10,5,1437091627,0,1,0,0,2,1,30,1,42,0,1,4,2
10,6,1101032046,0,2,0,0,3,0,30,1,31,11,0,5,2
10,7,3401680048,0,3,0,0,0,1,30,5,11,31,0,5,3
10,8,3065620467,0,0,0,0,1,0,30,4,31,11,0,6,3
10,9,582077238,0,1,0,0,2,1,30,4,32,10,1,7,3
11,0,3642067759,0,0,0,0,1,0,30,6,13,29,0,1,0
11,1,2500687328,0,1,0,0,2,1,30,6,26,16,0,1,1
11,2,2164627747,0,2,0,0,3,0,30,4,26,16,0,2,1
11,3,975629303,0,3,0,0,0,1,30,5,31,11,1,3,1
11,4,639569722,0,0,0,0,1,0,30,5,1,41,1,3,2
11,5,2940217724,0,1,0,0,2,1,30,6,21,21,0,3,3
11,6,2604158143,0,2,0,0,3,0,30,5,35,7,0,4,3
11,7,1415159699,0,3,0,0,0,1,30,2,15,27,0,4,4
11,8,1079100118,0,0,0,0,1,0,30,4,12,30,1,4,5
11,9,2085203335,0,1,0,0,2,1,30,4,15,27,0,4,6
11,10,3043688539,0,2,0,0,3,0,30,5,17,25,0,5,6
11,11,560145310,0,3,0,0,0,1,30,4,23,19,0,5,7
12,0,2122585235,0,0,0,0,1,0,30,4,18,24,0,1,0
12,1,933586791,0,1,0,0,2,1,30,5,35,7,1,2,0
12,2,597527210,0,2,0,0,3,0,30,3,6,36,1,2,1
12,3,3703496062,0,3,0,0,0,1,30,5,24,18,0,2,2
12,4,2562115631,0,0,0,0,1,0,30,4,25,17,0,3,2
12,5,1373117187,0,1,0,0,2,1,30,4,23,19,0,3,3
12,6,1037057606,0,2,0,0,3,0,30,5,39,3,0,4,3
12,7,700998025,0,3,0,0,0,1,30,1,29,13,0,4,4
12,8,3001646027,0,0,0,0,1,0,30,2,7,35,1,4,5
12,9,2665586446,0,1,0,0,2,1,30,4,16,26,0,4,6
12,10,1476588002,0,2,0,0,3,0,30,4,41,1,0,5,6
12,11,1140528421,0,3,0,0,0,1,30,4,31,11,1,6,6
12,12,4294115286,0,0,0,0,1,0,30,4,25,17,0,7,6
13,0,1209127857,0,0,0,0,1,0,30,6,8,34,1,0,1
13,1,773729389,0,1,0,0,2,1,30,5,25,17,0,0,2
13,2,3979037128,0,2,0,0,3,0,30,0,27,15,0,1,2
13,3,1495493899,0,3,0,0,0,1,30,4,24,18,0,1,3
13,4,2402258229,0,0,0,0,1,0,30,5,13,29,0,2,3
13,5,3460082320,0,1,0,0,2,1,30,4,7,35,0,2,4
13,6,877200204,0,2,0,0,3,0,30,6,12,30,1,2,5
13,7,1935024295,0,3,0,0,0,1,30,5,30,12,1,3,5
13,8,2841788625,0,0,0,0,1,0,30,4,11,31,1,3,6
13,9,3899612716,0,1,0,0,2,1,30,5,29,13,0,3,7
14,0,3936994616,0,0,0,0,1,0,30,5,18,24,0,1,0
14,1,3600935035,0,1,0,0,2,1,30,4,42,0,1,2,0
14,2,1117391806,0,2,0,0,3,0,30,4,35,7,0,3,0
14,3,1270556160,0,3,0,0,0,1,30,2,24,18,0,3,1
14,4,934496579,0,0,0,0,1,0,30,4,29,13,0,4,1
14,5,4040465431,0,1,0,0,2,1,30,5,35,7,1,5,1
14,6,1556922202,0,2,0,0,3,0,30,4,18,24,0,6,1
14,7,415541771,0,3,0,0,0,1,30,5,25,17,0,6,2
14,8,1374026975,0,0,0,0,1,0,30,1,8,34,1,6,3
14,9,3185451042,0,1,0,0,2,1,30,5,24,18,0,6,4
14,10,1996452598,0,2,0,0,3,0,30,4,17,25,0,7,4
15,0,3193298178,0,0,0,0,1,0,30,4,12,30,1,0,1
15,1,2857238597,0,1,0,0,2,1,30,4,14,28,0,0,2
15,2,373695368,0,2,0,0,3,0,30,4,30,12,0,1,2
15,3,1332180572,0,3,0,0,0,1,30,5,12,30,0,1,3
15,4,190800141,0,0,0,0,1,0,30,4,0,42,1,1,4
15,5,3296768993,0,1,0,0,2,1,30,5,19,23,0,1,5
15,6,2960709412,0,2,0,0,3,0,30,4,41,1,0,2,5
15,7,4018533503,0,3,0,0,0,1,30,4,31,11,1,3,5
15,8,3583135035,0,0,0,0,1,0,30,4,31,11,0,4,5
15,9,2441754604,0,1,0,0,2,1,30,4,25,17,0,4,6
15,10,3400239808,0,2,0,0,3,0,30,4,13,29,0,5,6
15,11,916696579,0,3,0,0,0,1,30,5,30,12,1,6,6
15,12,4122004318,0,0,0,0,1,0,30,5,11,31,1,6,7
16,0,1206777829,0,0,0,0,1,0,30,5,6,36,1,0,1
16,1,870718248,0,1,0,0,2,1,30,4,22,20,0,0,2
16,2,4024305113,0,2,0,0,3,0,30,5,20,22,0,1,2
16,3,2835306669,0,3,0,0,0,1,30,5,19,23,0,1,3
16,4,2499247088,0,0,0,0,1,0,30,0,12,30,1,1,4
16,5,1310248644,0,1,0,0,2,1,30,5,12,30,0,1,5
16,6,168868213,0,2,0,0,3,0,30,2,36,6,0,2,5
16,7,3274837065,0,3,0,0,0,1,30,4,29,13,0,2,6
16,8,2938777484,0,0,0,0,1,0,30,5,1,41,1,2,7
17,0,3713162774,0,0,0,0,1,0,30,5,18,24,0,1,0
17,1,3377103193,0,1,0,0,2,1,30,4,23,19,0,1,1
17,2,2188104749,0,2,0,0,3,0,30,4,35,7,0,2,1
17,3,1852045168,0,3,0,0,0,1,30,5,2,40,0,2,2
17,4,710664737,0,0,0,0,1,0,30,0,1,41,1,2,3
17,5,3816633589,0,1,0,0,2,1,30,4,23,19,0,2,4
17,6,3480574008,0,2,0,0,3,0,30,6,18,24,0,3,4
17,7,2291575564,0,3,0,0,0,1,30,4,24,18,0,3,5
17,8,1150195133,0,0,0,0,1,0,30,4,19,23,0,4,5
17,9,814135552,0,1,0,0,2,1,30,4,12,30,0,4,6
17,10,3920104404,0,2,0,0,3,0,30,5,30,12,0,5,6
17,11,3584044823,0,3,0,0,0,1,30,6,41,1,1,6,6
17,12,1589725529,0,0,0,0,1,0,30,6,0,42,1,6,7
18,0,1726642425,0,0,0,0,1,0,30,4,42,0,0,1,0
18,1,2633406755,0,1,0,0,2,1,30,4,19,23,0,1,1
18,2,1543747198,0,2,0,0,3,0,30,4,19,23,0,2,1
18,3,3355171265,0,3,0,0,0,1,30,0,13,29,0,2,2
18,4,3019111684,0,0,0,0,1,0,30,0,8,34,1,2,3
18,5,1024792390,0,1,0,0,2,1,30,6,14,28,0,2,4
18,6,2736877570,0,2,0,0,3,0,30,5,16,26,0,3,4
18,7,3794701661,0,3,0,0,0,1,30,6,24,18,0,3,5
18,8,3458642080,0,0,0,0,1,0,30,4,39,3,0,4,5
18,9,2269643636,0,1,0,0,2,1,30,5,17,25,0,4,6
18,10,1128263205,0,2,0,0,3,0,30,5,6,36,1,4,7
19,0,1501704686,0,0,0,0,1,0,30,4,1,41,1,0,1
19,1,1165645105,0,1,0,0,2,1,30,0,18,24,0,0,2
19,2,2977069172,0,2,0,0,3,0,30,5,21,21,0,1,2
19,3,3935554376,0,3,0,0,0,1,30,0,35,7,1,2,2
19,4,2794173945,0,0,0,0,1,0,30,4,1,41,1,2,3
19,5,1605175501,0,1,0,0,2,1,30,5,31,11,1,3,3
19,6,3416599568,0,2,0,0,3,0,30,4,18,24,0,4,3
19,7,3080539987,0,3,0,0,0,1,30,6,19,23,0,4,4
19,8,3233704341,0,0,0,0,1,0,30,4,36,6,0,5,4
19,9,750161112,0,1,0,0,2,1,30,6,25,17,0,5,5
19,10,3856129964,0,2,0,0,3,0,30,1,7,35,1,5,6
19,11,3520070383,0,3,0,0,0,1,30,1,24,18,0,5,7
20,0,3810151633,0,0,0,0,1,0,30,1,0,42,1,0,1
20,1,3474092052,0,1,0,0,2,1,30,4,33,9,1,1,1
20,2,85889086,0,2,0,0,3,0,30,4,1,41,1,1,2
20,3,3191857938,0,3,0,0,0,1,30,0,42,0,1,2,2
20,4,708314709,0,0,0,0,1,0,30,6,24,18,0,3,2
20,5,3913622448,0,1,0,0,2,1,30,6,29,13,0,3,3
20,6,525419482,0,2,0,0,3,0,30,5,26,16,0,4,3
20,7,1583243573,0,3,0,0,0,1,30,5,8,34,0,4,4
20,8,1147845105,0,0,0,0,1,0,30,5,41,1,0,5,4
20,9,811785524,0,1,0,0,2,1,30,3,33,9,1,6,4
20,10,964949878,0,2,0,0,3,0,30,1,18,24,0,7,4
21,0,3650294231,0,0,0,0,1,0,30,2,1,41,1,0,1
21,1,1166751002,0,1,0,0,2,1,30,4,29,13,0,0,2
21,2,1319915356,0,2,0,0,3,0,30,4,40,2,0,1,2
21,3,983855775,0,3,0,0,0,1,30,3,24,18,0,1,3
21,4,4089824627,0,0,0,0,1,0,30,4,39,3,0,2,3
21,5,3753765046,0,1,0,0,2,1,30,6,19,23,0,2,4
21,6,464900967,0,2,0,0,3,0,30,6,23,19,0,3,4
21,7,1423386171,0,3,0,0,0,1,30,5,30,12,1,4,4
21,8,3234810238,0,0,0,0,1,0,30,3,14,28,0,5,4
21,9,4193295442,0,1,0,0,2,1,30,4,9,33,0,5,5
21,10,904431363,0,2,0,0,3,0,30,2,0,42,1,5,6
21,11,1862916567,0,3,0,0,0,1,30,0,25,17,0,5,7
22,0,2083193694,0,0,0,0,1,0,30,4,24,18,0,1,0
22,1,941813263,0,1,0,0,2,1,30,2,31,11,1,2,0
22,2,4047782115,0,2,0,0,3,0,30,6,22,20,0,3,0
22,3,3711722534,0,3,0,0,0,1,30,6,31,11,1,4,0
22,4,3375662953,0,0,0,0,1,0,30,0,19,23,0,5,0
22,5,1381343659,0,1,0,0,2,1,30,5,8,34,0,5,1
22,6,1045284078,0,2,0,0,3,0,30,5,34,8,0,6,1
22,7,4151252930,0,3,0,0,0,1,30,4,27,15,0,6,2
22,8,3815193349,0,0,0,0,1,0,30,0,11,31,1,6,3
22,9,2673812918,0,1,0,0,2,1,30,4,35,7,1,7,3
23,0,3586319791,0,0,0,0,1,0,30,4,34,8,0,1,0
23,1,3250260210,0,1,0,0,2,1,30,5,30,12,1,2,0
23,2,3403424564,0,2,0,0,3,0,30,5,35,7,0,3,0
23,3,919881335,0,3,0,0,0,1,30,2,25,17,0,3,1
23,4,583821754,0,0,0,0,1,0,30,4,42,0,0,4,1
23,5,3689790606,0,1,0,0,2,1,30,4,25,17,0,4,2
23,6,3353731025,0,2,0,0,3,0,30,5,26,16,0,5,2
23,7,1359411731,0,3,0,0,0,1,30,5,25,17,0,5,3
23,8,1023352150,0,0,0,0,1,0,30,5,18,24,0,6,3
23,9,4129321002,0,1,0,0,2,1,30,6,0,42,0,6,4
23,10,3793261421,0,2,0,0,3,0,30,1,0,42,1,6,5
23,11,2651880990,0,3,0,0,0,1,30,5,11,31,0,6,6
23,12,1462882546,0,0,0,0,1,0,30,4,7,35,1,6,7
24,0,4166702902,0,0,0,0,1,0,30,2,1,41,1,0,1
24,1,3025322471,0,1,0,0,2,1,30,6,19,23,0,0,2
24,2,541779242,0,2,0,0,3,0,30,6,0,42,1,0,3
24,3,1500264446,0,3,0,0,0,1,30,4,42,0,1,1,3
24,4,3311688513,0,0,0,0,1,0,30,5,12,30,1,1,4
24,5,3464852867,0,1,0,0,2,1,30,5,42,0,1,2,4
24,6,981309638,0,2,0,0,3,0,30,4,11,31,1,2,5
24,7,645250057,0,3,0,0,0,1,30,6,25,17,0,2,6
24,8,3751218909,0,0,0,0,1,0,30,4,35,7,0,3,6
24,9,3415159328,0,1,0,0,2,1,30,4,29,13,0,3,7
25,0,1958700739,0,0,0,0,1,0,30,5,16,26,0,1,0
25,1,1523302271,0,1,0,0,2,1,30,4,35,7,1,2,0
25,2,1676466625,0,2,0,0,3,0,30,1,38,4,0,3,0
25,3,3487890692,0,3,0,0,0,1,30,2,19,23,0,3,1
25,4,3151831111,0,0,0,0,1,0,30,3,18,24,0,4,1
25,5,4209655202,0,1,0,0,2,1,30,4,8,34,0,4,2
25,6,821452236,0,2,0,0,3,0,30,4,34,8,0,5,2
25,7,1779937440,0,3,0,0,0,1,30,5,15,27,0,5,3
25,8,3591361507,0,0,0,0,1,0,30,4,18,24,0,6,3
25,9,354218302,0,1,0,0,2,1,30,6,34,8,1,7,3
26,0,391600202,0,0,0,0,1,0,30,5,17,25,0,1,0
26,1,3545187067,0,1,0,0,2,1,30,5,17,25,0,1,1
26,2,3209127486,0,2,0,0,3,0,30,2,17,25,0,2,1
26,3,2020129042,0,3,0,0,0,1,30,4,39,3,1,3,1
26,4,1684069461,0,0,0,0,1,0,30,4,12,30,1,3,2
26,5,3984717463,0,1,0,0,2,1,30,3,42,0,1,4,2
26,6,3648657882,0,2,0,0,3,0,30,5,36,6,0,5,2
26,7,2459659438,0,3,0,0,0,1,30,4,14,28,0,5,3
26,8,2123599857,0,0,0,0,1,0,30,3,24,18,0,6,3
26,9,3030364187,0,1,0,0,2,1,30,3,26,16,0,6,4
26,10,4088188278,0,2,0,0,3,0,30,4,14,28,0,7,4
27,0,3942871060,0,0,0,0,1,0,30,5,27,15,0,1,0
27,1,3606811479,0,1,0,0,2,1,30,5,19,23,0,1,1
27,2,1612492185,0,2,0,0,3,0,30,2,1,41,1,1,2
27,3,1276432604,0,3,0,0,0,1,30,5,23,19,0,1,3
27,4,940373023,0,0,0,0,1,0,30,6,13,29,0,2,3
27,5,4046341875,0,1,0,0,2,1,30,3,40,2,1,3,3
27,6,2904961444,0,2,0,0,3,0,30,4,17,25,0,4,3
27,7,1715963000,0,3,0,0,0,1,30,5,11,31,0,4,4
27,8,1379903419,0,0,0,0,1,0,30,6,19,23,0,5,4
27,9,3191327486,0,1,0,0,2,1,30,0,39,3,1,6,4
27,10,3344491840,0,2,0,0,3,0,30,5,29,13,0,7,4
28,0,1151029861,0,0,0,0,1,0,30,5,11,31,1,0,1
28,1,814970280,0,1,0,0,2,1,30,5,29,13,0,0,2
28,2,3920939132,0,2,0,0,3,0,30,5,25,17,0,1,2
28,3,3584879551,0,3,0,0,0,1,30,6,30,12,1,2,2
28,4,2443499120,0,0,0,0,1,0,30,5,23,19,0,3,2
28,5,1254500676,0,1,0,0,2,1,30,5,12,30,0,3,3
28,6,918441095,0,2,0,0,3,0,30,4,40,2,0,4,3
28,7,4024409947,0,3,0,0,0,1,30,4,40,2,1,5,3
28,8,2883029516,0,0,0,0,1,0,30,4,19,23,0,6,3
28,9,1694031072,0,1,0,0,2,1,30,5,40,2,1,7,3
29,0,2315252008,0,0,0,0,1,0,30,6,24,18,0,1,0
29,1,3321355225,0,1,0,0,2,1,30,4,18,24,0,1,1
29,2,4279840429,0,2,0,0,3,0,30,1,16,26,0,2,1
29,3,1796297200,0,3,0,0,0,1,30,4,7,35,0,2,2
29,4,1460237619,0,0,0,0,1,0,30,4,10,32,1,2,3
29,5,271239175,0,1,0,0,2,1,30,4,13,29,0,2,4
29,6,3424826040,0,2,0,0,3,0,30,4,24,18,0,3,4
29,7,2235827596,0,3,0,0,0,1,30,5,23,19,0,3,5
29,8,1899768015,0,0,0,0,1,0,30,5,23,19,0,4,5
29,9,710769571,0,1,0,0,2,1,30,4,31,11,1,5,5
29,10,3864356436,0,2,0,0,3,0,30,6,34,8,0,6,5
29,11,3528296855,0,3,0,0,0,1,30,3,28,14,0,6,6
29,12,2339298411,0,0,0,0,1,0,30,5,2,40,1,6,7
30,0,3818378105,0,0,0,0,1,0,30,2,11,31,1,0,1
30,1,3382979637,0,1,0,0,2,1,30,1,12,30,0,0,2
30,2,2293320080,0,2,0,0,3,0,30,4,42,0,0,1,2
30,3,1052600762,0,3,0,0,0,1,30,0,19,23,0,1,3
30,4,716541181,0,0,0,0,1,0,30,4,12,30,1,1,4
30,5,1774365272,0,1,0,0,2,1,30,4,4,38,0,1,5
30,6,3486450452,0,2,0,0,3,0,30,6,11,31,1,1,6
30,7,3639614806,0,3,0,0,0,1,30,5,29,13,0,1,7
31,0,2251277568,0,0,0,0,1,0,30,1,29,13,0,1,0
31,1,1915217987,0,1,0,0,2,1,30,0,22,20,0,1,1
31,2,773837556,0,2,0,0,3,0,30,4,18,24,0,2,1
31,3,3879806408,0,3,0,0,0,1,30,2,30,12,1,3,1
31,4,3543746827,0,0,0,0,1,0,30,4,1,41,1,3,2
31,5,2354748383,0,1,0,0,2,1,30,0,20,22,0,3,3
31,6,1213367952,0,2,0,0,3,0,30,4,19,23,0,4,3
31,7,24369508,0,3,0,0,0,1,30,2,31,11,1,5,3
31,8,3983277223,0,0,0,0,1,0,30,5,40,2,0,6,3
31,9,1499733994,0,1,0,0,2,1,30,4,14,28,0,6,4
31,10,1652898348,0,2,0,0,3,0,30,3,7,35,1,6,5
31,11,3464322415,0,3,0,0,0,1,30,5,25,17,0,6,6
31,12,127840323,0,0,0,0,1,0,30,5,23,19,0,7,6
32,0,1507581130,0,0,0,0,1,0,30,5,1,41,1,0,1
32,1,1171521549,0,1,0,0,2,1,30,6,41,1,1,1,1
32,2,835461968,0,2,0,0,3,0,30,4,25,17,0,2,1
32,3,3136109970,0,3,0,0,0,1,30,4,17,25,0,2,2
32,4,2800050389,0,0,0,0,1,0,30,5,25,17,0,3,2
32,5,1611051945,0,1,0,0,2,1,30,5,0,42,0,3,3
32,6,1274992364,0,2,0,0,3,0,30,4,14,28,0,4,3
32,7,3575640366,0,3,0,0,0,1,30,4,1,41,0,4,4
32,8,3239580785,0,0,0,0,1,0,30,5,30,12,0,5,4
32,9,756037556,0,1,0,0,2,1,30,5,42,0,1,6,4
32,10,1714522760,0,2,0,0,3,0,30,3,7,35,1,6,5
32,11,3525946827,0,3,0,0,0,1,30,4,8,34,0,6,6
32,12,3679111181,0,0,0,0,1,0,30,0,6,36,1,6,7
33,0,2771142164,0,0,0,0,1,0,30,5,35,7,0,1,0
33,1,3677906494,0,1,0,0,2,1,30,5,31,11,1,2,0
33,2,2588246937,0,2,0,0,3,0,30,5,27,15,0,3,0
33,3,2152848469,0,3,0,0,0,1,30,4,8,34,0,3,1
33,4,1816788888,0,0,0,0,1,0,30,6,24,18,0,4,1
33,5,4117436890,0,1,0,0,2,1,30,4,15,27,0,4,2
33,6,3781377309,0,2,0,0,3,0,30,2,25,17,0,5,2
33,7,544234104,0,3,0,0,0,1,30,6,42,0,1,6,2
33,8,2256319284,0,0,0,0,1,0,30,3,35,7,0,7,2
34,0,4174929374,0,0,0,0,1,0,30,6,18,24,0,1,0
34,1,1691386145,0,1,0,0,2,1,30,3,33,9,1,2,0
34,2,502387701,0,2,0,0,3,0,30,4,26,16,0,3,0
34,3,3655974566,0,3,0,0,0,1,30,4,2,40,0,3,1
34,4,3319914985,0,0,0,0,1,0,30,4,11,31,1,3,2
34,5,2130916541,0,1,0,0,2,1,30,2,31,11,1,4,2
34,6,1794856960,0,2,0,0,3,0,30,2,12,30,1,4,3
34,7,4095504962,0,3,0,0,0,1,30,4,18,24,0,4,4
34,8,3759445381,0,0,0,0,1,0,30,3,25,17,0,5,4
34,9,2570446937,0,1,0,0,2,1,30,4,41,1,1,6,4
34,10,2234387356,0,2,0,0,3,0,30,4,18,24,0,7,4
35,0,1383088175,0,0,0,0,1,0,30,6,33,9,0,1,0
35,1,3194512242,0,1,0,0,2,1,30,3,31,11,1,2,0
35,2,4152997446,0,2,0,0,3,0,30,4,0,42,1,2,1
35,3,1669454217,0,3,0,0,0,1,30,4,42,0,1,3,1
35,4,2576218547,0,0,0,0,1,0,30,5,35,7,0,4,1
35,5,3634042638,0,1,0,0,2,1,30,2,42,0,1,5,1
35,6,3297983057,0,2,0,0,3,0,30,4,11,31,1,5,2
35,7,2108984613,0,3,0,0,0,1,30,5,7,35,0,5,3
35,8,3015748943,0,0,0,0,1,0,30,5,19,23,0,6,3
35,9,4073573034,0,1,0,0,2,1,30,6,11,31,0,6,4
35,10,3737513453,0,2,0,0,3,0,30,0,17,25,0,7,4
36,0,4110954934,0,0,0,0,1,0,30,5,23,19,0,1,0
36,1,3774895353,0,1,0,0,2,1,30,4,25,17,0,1,1
36,2,1291352124,0,2,0,0,3,0,30,5,17,25,0,2,1
36,3,1444516478,0,3,0,0,0,1,30,5,23,19,0,2,2
36,4,1108456897,0,0,0,0,1,0,30,5,20,22,0,3,2
36,5,4214425749,0,1,0,0,2,1,30,1,35,7,1,4,2
36,6,3878366168,0,2,0,0,3,0,30,4,23,19,0,5,2
36,7,1884046874,0,3,0,0,0,1,30,5,25,17,0,5,3
36,8,1547987293,0,0,0,0,1,0,30,4,12,30,1,5,4
36,9,3359411360,0,1,0,0,2,1,30,4,40,2,1,6,4
36,10,22929268,0,2,0,0,3,0,30,1,13,29,0,7,4
37,0,3367258496,0,0,0,0,1,0,30,6,17,25,0,1,0
37,1,3031198915,0,1,0,0,2,1,30,5,17,25,0,1,1
37,2,2695139334,0,2,0,0,3,0,30,4,0,42,1,1,2
37,3,1506140890,0,3,0,0,0,1,30,6,0,42,0,1,3
37,4,1170081309,0,0,0,0,1,0,30,4,13,29,0,2,3
37,5,3470729311,0,1,0,0,2,1,30,4,34,8,1,3,3
37,6,3134669730,0,2,0,0,3,0,30,4,14,28,0,4,3
37,7,4192493821,0,3,0,0,0,1,30,4,23,19,0,4,4
37,8,1609611705,0,0,0,0,1,0,30,5,13,29,0,5,4
37,9,2615714922,0,1,0,0,2,1,30,4,13,29,0,5,5
37,10,3574200126,0,2,0,0,3,0,30,5,24,18,0,6,5
37,11,1090656897,0,3,0,0,0,1,30,4,7,35,0,6,6
37,12,997340,0,0,0,0,1,0,30,5,35,7,0,7,6
38,0,335852234,0,0,0,0,1,0,30,4,0,42,1,0,1
38,1,4294759949,0,1,0,0,2,1,30,4,1,41,0,0,2
38,2,152957007,0,2,0,0,3,0,30,5,36,6,0,1,2
38,3,4012525835,0,3,0,0,0,1,30,6,7,35,0,1,3
38,4,3676466254,0,0,0,0,1,0,30,5,41,1,0,2,3
38,5,439323049,0,1,0,0,2,1,30,2,34,8,1,3,3
38,6,103263468,0,2,0,0,3,0,30,4,35,7,0,4,3
38,7,2403911470,0,3,0,0,0,1,30,5,41,1,1,5,3
38,8,2067851889,0,0,0,0,1,0,30,4,21,21,0,6,3
38,9,878853445,0,1,0,0,2,1,30,3,41,1,1,7,3
39,0,1739639444,0,0,0,0,1,0,30,6,18,24,0,1,0
39,1,3551063511,0,1,0,0,2,1,30,5,20,22,0,1,1
39,2,214581419,0,2,0,0,3,0,30,5,35,7,0,2,1
39,3,2026005486,0,3,0,0,0,1,30,4,36,6,1,3,1
39,4,884625055,0,0,0,0,1,0,30,3,12,30,1,3,2
39,5,3990593907,0,1,0,0,2,1,30,4,22,20,0,3,3
39,6,3654534326,0,2,0,0,3,0,30,1,35,7,0,4,3
39,7,2465535882,0,3,0,0,0,1,30,2,36,6,1,5,3
39,8,1324155451,0,0,0,0,1,0,30,1,35,7,0,6,3
39,9,135157007,0,1,0,0,2,1,30,5,7,35,0,6,4
39,10,4094064722,0,2,0,0,3,0,30,4,12,30,1,6,5
39,11,3758005141,0,3,0,0,0,1,30,6,31,11,1,7,5
40,0,172538907,0,0,0,0,1,0,30,5,24,18,0,1,0
40,1,4131446622,0,1,0,0,2,1,30,5,2,40,0,1,1
40,2,1647903393,0,2,0,0,3,0,30,5,17,25,0,2,1
40,3,1801067747,0,3,0,0,0,1,30,5,14,28,0,2,2
40,4,1465008166,0,0,0,0,1,0,30,4,1,41,1,2,3
40,5,276009722,0,1,0,0,2,1,30,4,42,0,1,3,3
40,6,2087433789,0,2,0,0,3,0,30,4,29,13,0,4,3
40,7,2240598143,0,3,0,0,0,1,30,6,18,24,0,4,4
40,8,1904538562,0,0,0,0,1,0,30,5,41,1,0,5,4
40,9,3715962629,0,1,0,0,2,1,30,4,12,30,0,5,5
40,10,2526964185,0,2,0,0,3,0,30,4,29,13,0,6,5
40,11,1385583754,0,3,0,0,0,1,30,4,35,7,1,7,5
41,0,1675665004,0,0,0,0,1,0,30,0,2,40,1,0,1
41,1,1339605423,0,1,0,0,2,1,30,4,14,28,0,0,2
41,2,3151029490,0,2,0,0,3,0,30,2,18,24,0,1,2
41,3,4109514694,0,3,0,0,0,1,30,0,41,1,1,2,2
41,4,2968134263,0,0,0,0,1,0,30,5,1,41,1,2,3
41,5,1779135819,0,1,0,0,2,1,30,6,19,23,0,2,4
41,6,1443076238,0,2,0,0,3,0,30,4,42,0,0,3,4
41,7,254077794,0,3,0,0,0,1,30,5,7,35,0,3,5
41,8,3407664659,0,0,0,0,1,0,30,5,18,24,0,4,5
41,9,924121430,0,1,0,0,2,1,30,2,42,0,1,5,5
41,10,1882606634,0,2,0,0,3,0,30,4,1,41,1,5,6
41,11,3694030701,0,3,0,0,0,1,30,6,14,28,0,5,7
42,0,272983691,0,0,0,0,1,0,30,4,35,7,0,1,0
42,1,1179748021,0,1,0,0,2,1,30,5,18,24,0,1,1
42,2,4285716873,0,2,0,0,3,0,30,0,17,25,0,2,1
42,3,3949657292,0,3,0,0,0,1,30,5,24,18,0,2,2
42,4,712514087,0,0,0,0,1,0,30,5,29,13,0,3,2
42,5,1619278417,0,1,0,0,2,1,30,4,14,28,0,3,3
42,6,3430702484,0,2,0,0,3,0,30,5,24,18,0,4,3
42,7,94220392,0,3,0,0,0,1,30,4,36,6,1,5,3
42,8,1905644459,0,0,0,0,1,0,30,2,18,24,0,6,3
42,9,2058808813,0,1,0,0,2,1,30,4,28,14,0,6,4
42,10,3870232880,0,2,0,0,3,0,30,2,0,42,1,6,5
42,11,533750788,0,3,0,0,0,1,30,5,14,28,0,6,6
42,12,2345174855,0,0,0,0,1,0,30,4,6,36,1,6,7
43,0,2195529600,0,0,0,0,1,0,30,6,0,42,1,0,1
43,1,1859470019,0,1,0,0,2,1,30,2,39,3,1,1,1
43,2,670471575,0,2,0,0,3,0,30,5,12,30,1,1,2
43,3,334411994,0,3,0,0,0,1,30,5,42,0,1,2,2
43,4,1241176324,0,0,0,0,1,0,30,6,31,11,0,3,2
43,5,2299000415,0,1,0,0,2,1,30,5,7,35,0,3,3
43,6,1962940834,0,2,0,0,3,0,30,0,12,30,1,3,4
43,7,773942390,0,3,0,0,0,1,30,6,24,18,0,3,5
43,8,3927529255,0,0,0,0,1,0,30,5,41,1,0,4,5
43,9,1344647139,0,1,0,0,2,1,30,4,25,17,0,4,6
43,10,2402471230,0,2,0,0,3,0,30,1,18,24,0,5,6
43,11,2066411649,0,3,0,0,0,1,30,5,39,3,1,6,6
43,12,72092355,0,0,0,0,1,0,30,5,11,31,1,6,7
44,0,2257154012,0,0,0,0,1,0,30,4,0,42,1,0,1
44,1,1115773581,0,1,0,0,2,1,30,4,11,31,0,0,2
44,2,2074258785,0,2,0,0,3,0,30,6,17,25,0,1,2
44,3,3885682852,0,3,0,0,0,1,30,5,14,28,0,1,3
44,4,3549623271,0,0,0,0,1,0,30,4,2,40,1,1,4
44,5,1555303977,0,1,0,0,2,1,30,4,19,23,0,1,5
44,6,1219244396,0,2,0,0,3,0,30,5,20,22,0,2,5
44,7,30245952,0,3,0,0,0,1,30,4,19,23,0,2,6
44,8,3989153667,0,0,0,0,1,0,30,4,6,36,1,2,7
45,0,2032216273,0,0,0,0,1,0,30,5,1,41,1,0,1
45,1,1696156692,0,1,0,0,2,1,30,4,24,18,0,0,2
45,2,3507580759,0,2,0,0,3,0,30,2,11,31,1,0,3
45,3,2417921202,0,3,0,0,0,1,30,6,35,7,1,1,3
45,4,3324685532,0,0,0,0,1,0,30,4,1,41,1,1,4
45,5,2135687088,0,1,0,0,2,1,30,5,18,24,0,1,5
45,6,3947111155,0,2,0,0,3,0,30,6,0,42,1,1,6
45,7,2857451598,0,3,0,0,0,1,30,0,25,17,0,1,7
46,0,4119181406,0,0,0,0,1,0,30,0,11,31,1,0,1
46,1,3783121825,0,1,0,0,2,1,30,5,18,24,0,0,2
46,2,2594123381,0,2,0,0,3,0,30,6,0,42,1,0,3
46,3,110580152,0,3,0,0,0,1,30,5,41,1,1,1,3
46,4,263744506,0,0,0,0,1,0,30,5,12,30,1,1,4
46,5,4222652221,0,1,0,0,2,1,30,1,42,0,1,2,4
46,6,1739108992,0,2,0,0,3,0,30,4,7,35,1,2,5
46,7,2697594196,0,3,0,0,0,1,30,5,24,18,0,2,6
46,8,214050967,0,0,0,0,1,0,30,5,20,22,0,3,6
46,9,367215321,0,1,0,0,2,1,30,4,42,0,1,4,6
46,10,2178639388,0,2,0,0,3,0,30,2,11,31,1,4,7
47,0,2132661057,0,0,0,0,1,0,30,4,12,30,1,0,1
47,1,3944085124,0,1,0,0,2,1,30,4,31,11,1,1,1
47,2,1850426943,0,2,0,0,3,0,30,3,12,30,1,1,2
47,3,1514367362,0,3,0,0,0,1,30,4,17,25,0,1,3
47,4,2572191453,0,0,0,0,1,0,30,5,42,0,0,2,3
47,5,2236131872,0,1,0,0,2,1,30,4,0,42,0,2,4
47,6,995412554,0,2,0,0,3,0,30,3,17,25,0,3,4
47,7,1953897758,0,3,0,0,0,1,30,4,24,18,0,3,5
47,8,3765321825,0,0,0,0,1,0,30,5,6,36,1,3,6
47,9,2675662268,0,1,0,0,2,1,30,5,26,16,0,3,7
48,0,565560520,0,0,0,0,1,0,30,5,7,35,1,0,1
48,1,3719147385,0,1,0,0,2,1,30,5,35,7,1,1,1
48,2,2530148941,0,2,0,0,3,0,30,6,2,40,1,1,2
48,3,2194089360,0,3,0,0,0,1,30,4,41,1,1,2,2
48,4,1858029779,0,0,0,0,1,0,30,5,25,17,0,3,2
48,5,4158677781,0,1,0,0,2,1,30,4,41,1,1,4,2
48,6,3822618200,0,2,0,0,3,0,30,4,1,41,1,4,3
48,7,2633619756,0,3,0,0,0,1,30,5,11,31,0,4,4
48,8,2297560175,0,0,0,0,1,0,30,3,14,28,0,5,4
48,9,3204324505,0,1,0,0,2,1,30,4,36,6,1,6,4
48,10,4262148596,0,2,0,0,3,0,30,5,14,28,0,7,4
49,0,4116831378,0,0,0,0,1,0,30,5,42,0,0,1,0
49,1,3780771797,0,1,0,0,2,1,30,5,23,19,0,1,1
49,2,3933936151,0,2,0,0,3,0,30,0,14,28,0,2,1
49,3,1450392922,0,3,0,0,0,1,30,5,8,34,0,2,2
49,4,1114333341,0,0,0,0,1,0,30,3,11,31,1,2,3
49,5,4220302193,0,1,0,0,2,1,30,5,31,11,1,3,3
49,6,3078921762,0,2,0,0,3,0,30,5,6,36,1,3,4
49,7,1889923318,0,3,0,0,0,1,30,5,41,1,1,4,4
49,8,1553863737,0,0,0,0,1,0,30,4,33,9,0,5,4
49,9,364865293,0,1,0,0,2,1,30,5,41,1,1,6,4
49,10,3518452158,0,2,0,0,3,0,30,5,23,19,0,7,4
50,0,180765379,0,0,0,0,1,0,30,1,28,14,0,1,0
50,1,1992189446,0,1,0,0,2,1,30,4,2,40,0,1,1
50,2,902529889,0,2,0,0,3,0,30,4,3,39,1,1,2
50,3,467131421,0,3,0,0,0,1,30,5,0,42,0,1,3
50,4,3620718286,0,0,0,0,1,0,30,6,23,19,0,2,3
50,5,2431719842,0,1,0,0,2,1,30,4,25,17,0,2,4
50,6,2095660261,0,2,0,0,3,0,30,4,17,25,0,3,4
50,7,3153484352,0,3,0,0,0,1,30,3,29,13,0,3,5
50,8,4060248682,0,0,0,0,1,0,30,3,0,42,1,3,6
50,9,723766590,0,1,0,0,2,1,30,5,18,24,0,3,7
51,0,2489212326,0,0,0,0,1,0,30,4,39,3,0,1,0
51,1,5669097,0,1,0,0,2,1,30,3,18,24,0,1,1
51,2,158833451,0,2,0,0,3,0,30,5,23,19,0,2,1
51,3,1970257518,0,3,0,0,0,1,30,4,13,29,0,2,2
51,4,2928742722,0,0,0,0,1,0,30,4,1,41,1,2,3
51,5,445199493,0,1,0,0,2,1,30,5,14,28,0,2,4
51,6,3598786358,0,2,0,0,3,0,30,5,18,24,0,3,4
51,7,262304266,0,3,0,0,0,1,30,1,42,0,1,4,4
51,8,2073728333,0,0,0,0,1,0,30,4,28,14,0,5,4
51,9,884729889,0,1,0,0,2,1,30,6,29,13,0,5,5
51,10,4038316754,0,2,0,0,3,0,30,0,6,36,1,5,6
51,11,3702257173,0,3,0,0,0,1,30,4,12,30,0,5,7
52,0,116790939,0,0,0,0,1,0,30,5,42,0,0,1,0
52,1,4075698654,0,1,0,0,2,1,30,2,19,23,0,1,1
52,2,3739639073,0,2,0,0,3,0,30,5,28,14,0,2,1
52,3,2550640629,0,3,0,0,0,1,30,5,13,29,0,2,2
52,4,2214581048,0,0,0,0,1,0,30,3,16,26,0,3,2
52,5,220261754,0,1,0,0,2,1,30,5,29,13,0,3,3
52,6,4179169469,0,2,0,0,3,0,30,5,41,1,0,4,3
52,7,2990171025,0,3,0,0,0,1,30,4,24,18,0,4,4
52,8,2654111444,0,0,0,0,1,0,30,5,41,1,0,5,4
52,9,1512731013,0,1,0,0,2,1,30,5,42,0,1,6,4
52,10,323732569,0,2,0,0,3,0,30,4,15,27,0,7,4
53,0,2425237886,0,0,0,0,1,0,30,6,22,20,0,1,0
53,1,2089178305,0,1,0,0,2,1,30,3,13,29,0,1,1
53,2,94859011,0,2,0,0,3,0,30,6,2,40,1,1,2
53,3,4053766726,0,3,0,0,0,1,30,0,12,30,0,1,3
53,4,3717707145,0,0,0,0,1,0,30,4,42,0,0,2,3
53,5,2528708701,0,1,0,0,2,1,30,5,36,6,1,3,3
53,6,1387328270,0,2,0,0,3,0,30,4,1,41,1,3,4
53,7,198329826,0,3,0,0,0,1,30,4,41,1,1,4,4
53,8,4157237541,0,0,0,0,1,0,30,4,23,19,0,5,4
53,9,1673694312,0,1,0,0,2,1,30,5,3,39,0,5,5
53,10,1826858666,0,2,0,0,3,0,30,5,24,18,0,6,5
53,11,1490799085,0,3,0,0,0,1,30,5,25,17,0,6,6
53,12,301800641,0,0,0,0,1,0,30,4,22,20,0,7,6
54,0,2265380484,0,0,0,0,1,0,30,6,7,35,1,0,1
54,1,1929320903,0,1,0,0,2,1,30,6,24,18,0,0,2
54,2,4229968905,0,2,0,0,3,0,30,4,33,9,0,1,2
54,3,3893909324,0,3,0,0,0,1,30,4,12,30,0,1,3
54,4,2704910880,0,0,0,0,1,0,30,1,1,41,1,1,4
54,5,2368851299,0,1,0,0,2,1,30,0,25,17,0,1,5
54,6,1179852855,0,2,0,0,3,0,30,4,1,41,1,1,6
54,7,38472424,0,3,0,0,0,1,30,6,25,17,0,1,7
55,0,797618834,0,0,0,0,1,0,30,4,41,1,0,1,0
55,1,3851866812,0,1,0,0,2,1,30,4,28,14,0,1,1
55,2,2762207255,0,2,0,0,3,0,30,4,8,34,1,1,2
55,3,278664026,0,3,0,0,0,1,30,2,18,24,0,1,3
55,4,1990749206,0,0,0,0,1,0,30,5,28,14,0,2,3
55,5,2143913560,0,1,0,0,2,1,30,5,25,17,0,2,4
55,6,3955337627,0,2,0,0,3,0,30,4,20,22,0,3,4
55,7,718194422,0,3,0,0,0,1,30,5,24,18,0,3,5
55,8,382134841,0,0,0,0,1,0,30,5,35,7,0,4,5
55,9,3488103693,0,1,0,0,2,1,30,4,12,30,0,4,6
55,10,99900727,0,2,0,0,3,0,30,4,29,13,0,5,6
55,11,4058808442,0,3,0,0,0,1,30,4,1,41,0,5,7
56,0,53922396,0,0,0,0,1,0,30,5,6,36,1,0,1
56,1,1865346463,0,1,0,0,2,1,30,6,42,0,1,1,1
56,2,2823831667,0,2,0,0,3,0,30,5,17,25,0,2,1
56,3,3829934884,0,3,0,0,0,1,30,4,41,1,1,3,1
56,4,493452792,0,0,0,0,1,0,30,4,40,2,0,4,1
56,5,2304876859,0,1,0,0,2,1,30,6,35,7,1,5,1
56,6,1968817278,0,2,0,0,3,0,30,4,32,10,0,6,1
56,7,2121981632,0,3,0,0,0,1,30,5,29,13,0,6,2
56,8,3933405699,0,0,0,0,1,0,30,2,31,11,0,7,2
57,0,2781789155,0,0,0,0,1,0,30,4,29,13,0,1,0
57,1,2445729574,0,1,0,0,2,1,30,4,17,25,0,1,1
57,2,1304349143,0,2,0,0,3,0,30,5,41,1,0,2,1
57,3,115350699,0,3,0,0,0,1,30,2,20,22,0,2,2
57,4,4074258414,0,0,0,0,1,0,30,4,40,2,0,3,2
57,5,2885259970,0,1,0,0,2,1,30,5,6,36,0,3,3
57,6,1743879539,0,2,0,0,3,0,30,4,6,36,1,3,4
57,7,554881095,0,3,0,0,0,1,30,3,19,23,0,3,5
57,8,218821514,0,0,0,0,1,0,30,2,11,31,1,3,6
57,9,2030245581,0,1,0,0,2,1,30,4,31,11,1,4,6
57,10,2183409935,0,2,0,0,3,0,30,5,24,18,0,5,6
57,11,3994834002,0,3,0,0,0,1,30,4,36,6,1,6,6
57,12,658351910,0,0,0,0,1,0,30,4,18,24,0,7,6
58,0,4284915252,0,0,0,0,1,0,30,1,0,42,1,0,1
58,1,3948855671,0,1,0,0,2,1,30,3,18,24,0,0,2
58,2,2759857227,0,2,0,0,3,0,30,3,6,36,1,0,3
58,3,1618476796,0,3,0,0,0,1,30,4,12,30,0,0,4
58,4,1282417215,0,0,0,0,1,0,30,1,30,12,0,1,4
58,5,93418771,0,1,0,0,2,1,30,5,29,13,0,1,5
58,6,4052326486,0,2,0,0,3,0,30,3,2,40,1,1,6
58,7,2058007192,0,3,0,0,0,1,30,5,30,12,1,2,6
58,8,1721947611,0,0,0,0,1,0,30,5,12,30,1,2,7
59,0,3301653751,0,0,0,0,1,0,30,3,24,18,0,1,0
59,1,2160273320,0,1,0,0,2,1,30,4,9,33,0,1,1
59,2,3118758524,0,2,0,0,3,0,30,5,23,19,0,2,1
59,3,635215295,0,3,0,0,0,1,30,2,36,6,1,3,1
59,4,299155714,0,0,0,0,1,0,30,3,41,1,0,4,1
59,5,2599803716,0,1,0,0,2,1,30,5,33,9,1,5,1
59,6,2263744135,0,2,0,0,3,0,30,1,23,19,0,6,1
59,7,1074745691,0,3,0,0,0,1,30,5,25,17,0,6,2
59,8,738686110,0,0,0,0,1,0,30,4,12,30,1,6,3
59,9,3039334112,0,1,0,0,2,1,30,4,6,36,0,6,4
59,10,2703274531,0,2,0,0,3,0,30,5,1,41,1,6,5
59,11,2367214950,0,3,0,0,0,1,30,4,18,24,0,6,6
59,12,1178216506,0,0,0,0,1,0,30,4,0,42,1,6,7
60,0,2657296200,0,0,0,0,1,0,30,4,18,24,0,1,0
60,1,173752971,0,1,0,0,2,1,30,4,34,8,1,2,0
60,2,326917325,0,2,0,0,3,0,30,4,30,12,0,3,0
60,3,2138341392,0,3,0,0,0,1,30,5,25,17,0,3,1
60,4,3850426572,0,0,0,0,1,0,30,6,1,41,1,3,2
60,5,613283367,0,1,0,0,2,1,30,5,40,2,1,4,2
60,6,277223786,0,2,0,0,3,0,30,4,17,25,0,5,2
60,7,2577871788,0,3,0,0,0,1,30,4,28,14,0,5,3
60,8,2241812207,0,0,0,0,1,0,30,0,35,7,0,6,3
60,9,1052813763,0,1,0,0,2,1,30,5,24,18,0,6,4
60,10,716754182,0,2,0,0,3,0,30,3,35,7,0,7,4
61,0,1913599762,0,0,0,0,1,0,30,1,12,30,1,0,1
61,1,3725023829,0,1,0,0,2,1,30,5,35,7,1,1,1
61,2,388541737,0,2,0,0,3,0,30,2,0,42,1,1,2
61,3,2199965804,0,3,0,0,0,1,30,4,41,1,1,2,2
61,4,2353130158,0,0,0,0,1,0,30,5,17,25,0,3,2
61,5,4164554225,0,1,0,0,2,1,30,5,15,27,0,3,3
61,6,3828494644,0,2,0,0,3,0,30,5,41,1,0,4,3
61,7,2639496200,0,3,0,0,0,1,30,3,28,14,0,4,4
61,8,1498115769,0,0,0,0,1,0,30,4,13,29,0,5,4
61,9,309117325,0,1,0,0,2,1,30,1,41,1,1,6,4
61,10,4268025040,0,2,0,0,3,0,30,5,7,35,1,6,5
61,11,3931965459,0,3,0,0,0,1,30,4,35,7,1,7,5
62,0,346499225,0,0,0,0,1,0,30,4,22,20,0,1,0
62,1,10439644,0,1,0,0,2,1,30,4,42,0,1,2,0
62,2,1821863711,0,2,0,0,3,0,30,5,16,26,0,3,0
62,3,1975028065,0,3,0,0,0,1,30,6,36,6,1,4,0
62,4,1638968484,0,0,0,0,1,0,30,4,33,9,0,5,0
62,5,449970040,0,1,0,0,2,1,30,4,23,19,0,5,1
62,6,113910459,0,2,0,0,3,0,30,3,40,2,0,6,1
62,7,2414558461,0,3,0,0,0,1,30,5,12,30,0,6,2
62,8,2078498880,0,0,0,0,1,0,30,4,13,29,0,7,2
63,0,2433464358,0,0,0,0,1,0,30,6,20,22,0,1,0
63,1,2097404777,0,1,0,0,2,1,30,5,1,41,0,1,1
63,2,908406333,0,2,0,0,3,0,30,4,12,30,1,1,2
63,3,4061993198,0,3,0,0,0,1,30,3,29,13,0,1,3
63,4,2872994754,0,0,0,0,1,0,30,3,19,23,0,2,3
63,5,2536935173,0,1,0,0,2,1,30,5,4,38,0,2,4
63,6,53391944,0,2,0,0,3,0,30,4,19,23,0,3,4
63,7,206556298,0,3,0,0,0,1,30,5,25,17,0,3,5
63,8,4165464013,0,0,0,0,1,0,30,5,11,31,1,3,6
63,9,2976465569,0,1,0,0,2,1,30,5,12,30,0,3,7
64,0,866363821,0,0,0,0,1,0,30,5,25,17,0,1,0
64,1,530304240,0,1,0,0,2,1,30,5,42,0,1,2,0
64,2,683468594,0,2,0,0,3,0,30,5,25,17,0,3,0
64,3,2494892661,0,3,0,0,0,1,30,5,31,11,1,4,0
64,4,2158833080,0,0,0,0,1,0,30,6,41,1,0,5,0
64,5,969834636,0,1,0,0,2,1,30,5,30,12,1,6,0
64,6,4123421501,0,2,0,0,3,0,30,5,16,26,0,7,0
65,0,222006270,0,0,0,0,1,0,30,4,28,14,0,1,0
65,1,2033430337,0,1,0,0,2,1,30,4,30,12,1,2,0
65,2,2991915541,0,2,0,0,3,0,30,5,28,14,0,3,0
65,3,508372312,0,3,0,0,0,1,30,4,18,24,0,3,1
65,4,1415136642,0,0,0,0,1,0,30,4,40,2,0,4,1
65,5,2472960733,0,1,0,0,2,1,30,4,6,36,0,4,2
65,6,2136901152,0,2,0,0,3,0,30,4,42,0,0,5,2
65,7,947902708,0,3,0,0,0,1,30,4,41,1,1,6,2
65,8,4101489573,0,0,0,0,1,0,30,5,12,30,1,6,3
65,9,2912491129,0,1,0,0,2,1,30,4,25,17,0,6,4
65,10,2576431548,0,2,0,0,3,0,30,4,0,42,1,6,5
65,11,2240371967,0,3,0,0,0,1,30,5,15,27,0,6,6
65,12,246052673,0,0,0,0,1,0,30,2,25,17,0,7,6
66,0,2431114330,0,0,0,0,1,0,30,5,41,1,0,1,0
66,1,1289733899,0,1,0,0,2,1,30,6,17,25,0,1,1
66,2,2248219103,0,2,0,0,3,0,30,6,0,42,1,1,2
66,3,4059643170,0,3,0,0,0,1,30,6,36,6,1,2,2
66,4,723161078,0,0,0,0,1,0,30,0,24,18,0,3,2
66,5,1729264295,0,1,0,0,2,1,30,5,13,29,0,3,3
66,6,1393204714,0,2,0,0,3,0,30,5,2,40,1,3,4
66,7,204206270,0,3,0,0,0,1,30,6,29,13,0,3,5
66,8,4163113985,0,0,0,0,1,0,30,4,14,28,0,4,5
66,9,21311043,0,1,0,0,2,1,30,0,42,0,1,5,5
66,10,1832735110,0,2,0,0,3,0,30,5,23,19,0,6,5
66,11,1496675529,0,3,0,0,0,1,30,0,23,19,0,6,6
66,12,307677085,0,0,0,0,1,0,30,5,17,25,0,7,6
67,0,2790015627,0,0,0,0,1,0,30,6,19,23,0,1,0
67,1,2453956046,0,1,0,0,2,1,30,5,15,27,0,1,1
67,2,3511780137,0,2,0,0,3,0,30,5,6,36,1,1,2
67,3,123577171,0,3,0,0,0,1,30,5,13,29,0,1,3
67,4,3229546023,0,0,0,0,1,0,30,5,22,20,0,2,3
67,5,2893486442,0,1,0,0,2,1,30,5,13,29,0,2,4
67,6,409943213,0,2,0,0,3,0,30,4,1,41,1,2,5
67,7,563107567,0,3,0,0,0,1,30,0,42,0,1,3,5
67,8,2374531634,0,0,0,0,1,0,30,5,8,34,1,3,6
67,9,3333016838,0,1,0,0,2,1,30,6,31,11,1,4,6
67,10,849473609,0,2,0,0,3,0,30,4,29,13,0,5,6
67,11,1002637963,0,3,0,0,0,1,30,1,17,25,0,5,7
68,0,4293141724,0,0,0,0,1,0,30,5,34,8,0,1,0
68,1,3957082143,0,1,0,0,2,1,30,4,30,12,1,2,0
68,2,2768083699,0,2,0,0,3,0,30,4,11,31,1,2,1
68,3,2432024118,0,3,0,0,0,1,30,6,35,7,1,3,1
68,4,437704824,0,0,0,0,1,0,30,4,19,23,0,4,1
68,5,101645243,0,1,0,0,2,1,30,4,13,29,0,4,2
68,6,1913069310,0,2,0,0,3,0,30,5,34,8,0,5,2
68,7,2871554514,0,3,0,0,0,1,30,5,23,19,0,5,3
68,8,388011285,0,0,0,0,1,0,30,1,0,42,1,5,4
68,9,541175639,0,1,0,0,2,1,30,4,8,34,0,5,5
68,10,2352599706,0,2,0,0,3,0,30,4,16,26,0,6,5
68,11,3311084910,0,3,0,0,0,1,30,4,18,24,0,6,6
68,12,827541681,0,0,0,0,1,0,30,3,1,41,1,6,7
69,0,2726041187,0,0,0,0,1,0,30,4,6,36,1,0,1
69,1,2389981606,0,1,0,0,2,1,30,4,11,31,0,0,2
69,2,1200983162,0,2,0,0,3,0,30,4,7,35,1,0,3
69,3,59602731,0,3,0,0,0,1,30,5,19,23,0,0,4
69,4,4018510446,0,0,0,0,1,0,30,6,42,0,0,1,4
69,5,2829512002,0,1,0,0,2,1,30,4,6,36,0,1,5
69,6,2493452421,0,2,0,0,3,0,30,5,21,21,0,2,5
69,7,1304453977,0,3,0,0,0,1,30,3,42,0,1,3,5
69,8,163073546,0,0,0,0,1,0,30,5,29,13,0,4,5
69,9,3269042398,0,1,0,0,2,1,30,4,14,28,0,4,6
69,10,2932982817,0,2,0,0,3,0,30,2,30,12,0,5,6
69,11,2596923236,0,3,0,0,0,1,30,2,19,23,0,5,7
70,0,739520838,0,0,0,0,1,0,30,4,11,31,1,0,1
70,1,3893107703,0,1,0,0,2,1,30,4,13,29,0,0,2
70,2,556625611,0,2,0,0,3,0,30,6,7,35,1,0,3
70,3,2368049678,0,3,0,0,0,1,30,0,41,1,1,1,3
70,4,2031990097,0,0,0,0,1,0,30,4,0,42,1,1,4
70,5,37670803,0,1,0,0,2,1,30,1,20,22,0,1,5
70,6,3996578518,0,2,0,0,3,0,30,5,17,25,0,2,5
70,7,2807580074,0,3,0,0,0,1,30,6,25,17,0,2,6
70,8,2471520493,0,0,0,0,1,0,30,6,11,31,1,2,7
71,0,1098422135,0,0,0,0,1,0,30,4,29,13,0,1,0
71,1,2909846202,0,1,0,0,2,1,30,5,14,28,0,1,1
71,2,3868331406,0,2,0,0,3,0,30,4,18,24,0,2,1
71,3,2726950975,0,3,0,0,0,1,30,4,21,21,0,2,2
71,4,1537952531,0,0,0,0,1,0,30,4,6,36,1,2,3
71,5,3349376598,0,1,0,0,2,1,30,4,1,41,0,2,4
71,6,3013317017,0,2,0,0,3,0,30,4,30,12,0,3,4
71,7,3166481371,0,3,0,0,0,1,30,5,26,16,0,3,5
71,8,682938142,0,0,0,0,1,0,30,4,18,24,0,4,5
71,9,1641423346,0,1,0,0,2,1,30,5,24,18,0,4,6
71,10,3452847413,0,2,0,0,3,0,30,5,1,41,1,4,7
72,0,354725697,0,0,0,0,1,0,30,1,24,18,0,1,0
72,1,18666116,0,1,0,0,2,1,30,4,23,19,0,1,1
72,2,1076490207,0,2,0,0,3,0,30,5,42,0,0,2,1
72,3,2887914274,0,3,0,0,0,1,30,4,6,36,0,2,2
72,4,794256093,0,0,0,0,1,0,30,4,8,34,1,2,3
72,5,458196512,0,1,0,0,2,1,30,4,35,7,1,3,3
72,6,2269620579,0,2,0,0,3,0,30,5,39,3,0,4,3
72,7,1179961022,0,3,0,0,0,1,30,1,27,15,0,4,4
72,8,4234209000,0,0,0,0,1,0,30,4,30,12,0,5,4
72,9,897726908,0,1,0,0,2,1,30,5,18,24,0,5,5
72,10,2709150975,0,2,0,0,3,0,30,4,38,4,0,6,5
72,11,1619491418,0,3,0,0,0,1,30,6,41,1,1,7,5
73,0,2663172644,0,0,0,0,1,0,30,3,13,29,0,1,0
73,1,179629415,0,1,0,0,2,1,30,5,29,13,0,1,1
73,2,332793769,0,2,0,0,3,0,30,2,15,27,0,2,1
73,3,4291701484,0,3,0,0,0,1,30,4,0,42,0,2,2
73,4,3102703040,0,0,0,0,1,0,30,4,42,0,0,3,2
73,5,2766643459,0,1,0,0,2,1,30,5,35,7,1,4,2
73,6,3772746676,0,2,0,0,3,0,30,4,17,25,0,5,2
73,7,436264584,0,3,0,0,0,1,30,4,12,30,0,5,3
73,8,2247688651,0,0,0,0,1,0,30,5,11,31,1,5,4
73,9,3206173855,0,1,0,0,2,1,30,5,23,19,0,5,5
73,10,4212277072,0,2,0,0,3,0,30,4,18,24,0,6,5
73,11,875794980,0,3,0,0,0,1,30,5,6,36,0,6,6
73,12,2687219047,0,0,0,0,1,0,30,4,7,35,1,6,7
74,0,2438234905,0,0,0,0,1,0,30,3,7,35,1,0,1
74,1,4249658972,0,1,0,0,2,1,30,4,18,24,0,0,2
74,2,3060660528,0,2,0,0,3,0,30,6,7,35,1,0,3
74,3,2724600947,0,3,0,0,0,1,30,4,34,8,1,1,3
74,4,2388541366,0,0,0,0,1,0,30,5,23,19,0,2,3
74,5,394222072,0,1,0,0,2,1,30,6,25,17,0,2,4
74,6,58162491,0,2,0,0,3,0,30,5,18,24,0,3,4
74,7,3164131343,0,3,0,0,0,1,30,4,14,28,0,3,5
74,8,2828071762,0,0,0,0,1,0,30,4,24,18,0,4,5
74,9,833752468,0,1,0,0,2,1,30,5,24,18,0,4,6
74,10,497692887,0,2,0,0,3,0,30,5,39,3,0,5,6
74,11,161633306,0,3,0,0,0,1,30,4,34,8,1,6,6
74,12,3267602158,0,0,0,0,1,0,30,4,35,7,0,7,6
75,0,3183037240,0,0,0,0,1,0,30,4,23,19,0,1,0
75,1,2041656809,0,1,0,0,2,1,30,5,17,25,0,1,1
75,2,852658365,0,2,0,0,3,0,30,5,23,19,0,2,1
75,3,516598784,0,3,0,0,0,1,30,5,25,17,0,2,2
75,4,3622567636,0,0,0,0,1,0,30,5,18,24,0,3,2
75,5,2481187205,0,1,0,0,2,1,30,5,6,36,0,3,3
75,6,1292188761,0,2,0,0,3,0,30,0,35,7,0,4,3
75,7,956129180,0,3,0,0,0,1,30,5,17,25,0,4,4
75,8,620069599,0,0,0,0,1,0,30,5,27,15,0,5,4
75,9,2920717601,0,1,0,0,2,1,30,3,42,0,1,6,4
75,10,2584658020,0,2,0,0,3,0,30,0,11,31,1,6,5
75,11,1395659576,0,3,0,0,0,1,30,4,3,39,0,6,6
75,12,1059599995,0,0,0,0,1,0,30,5,30,12,0,7,6
76,0,2958099501,0,0,0,0,1,0,30,6,30,12,0,1,0
76,1,474556272,0,1,0,0,2,1,30,4,41,1,1,2,0
76,2,1433041476,0,2,0,0,3,0,30,4,36,6,0,3,0
76,3,3244465543,0,3,0,0,0,1,30,6,41,1,1,4,0
76,4,3397629897,0,0,0,0,1,0,30,4,26,16,0,5,0
76,5,3061570316,0,1,0,0,2,1,30,5,25,17,0,5,1
76,6,578027087,0,2,0,0,3,0,30,5,28,14,0,6,1
76,7,3683995939,0,3,0,0,0,1,30,3,12,30,0,6,2
76,8,2542615508,0,0,0,0,1,0,30,4,34,8,0,7,2
77,0,971579152,0,0,0,0,1,0,30,4,18,24,0,1,0
77,1,1878343482,0,1,0,0,2,1,30,1,29,13,0,1,1
77,2,2936167573,0,2,0,0,3,0,30,5,13,29,0,2,1
77,3,452624344,0,3,0,0,0,1,30,6,24,18,0,2,2
77,4,1411109548,0,0,0,0,1,0,30,5,23,19,0,3,2
77,5,2317873878,0,1,0,0,2,1,30,2,42,0,1,4,2
77,6,4129297945,0,2,0,0,3,0,30,5,19,23,0,5,2
77,7,3039638388,0,3,0,0,0,1,30,6,41,1,1,6,2
77,8,556095159,0,0,0,0,1,0,30,4,30,12,0,7,2
78,0,2894125061,0,0,0,0,1,0,30,0,36,6,0,1,0
78,1,2558065480,0,1,0,0,2,1,30,4,42,0,1,2,0
78,2,1369067036,0,2,0,0,3,0,30,2,29,13,0,3,0
78,3,1033007455,0,3,0,0,0,1,30,5,17,25,0,3,1
78,4,4186594320,0,0,0,0,1,0,30,1,26,16,0,4,1
78,5,2997595876,0,1,0,0,2,1,30,6,12,30,0,4,2
78,6,2661536295,0,2,0,0,3,0,30,4,1,41,1,4,3
78,7,1472537851,0,3,0,0,0,1,30,0,42,0,1,5,3
78,8,1136478270,0,0,0,0,1,0,30,4,1,41,1,5,4
78,9,4290065135,0,1,0,0,2,1,30,4,36,6,1,6,4
78,10,3101066691,0,2,0,0,3,0,30,5,6,36,1,6,5
78,11,617523462,0,3,0,0,0,1,30,2,41,1,1,7,5
79,0,3539588509,0,0,0,0,1,0,30,5,34,8,0,1,0
79,1,2398208078,0,1,0,0,2,1,30,4,28,14,0,1,1
79,2,1209209634,0,2,0,0,3,0,30,5,31,11,0,2,1
79,3,873150053,0,3,0,0,0,1,30,4,19,23,0,2,2
79,4,3979118905,0,0,0,0,1,0,30,5,22,20,0,3,2
79,5,2837738474,0,1,0,0,2,1,30,4,42,0,1,4,2
79,6,2501678893,0,2,0,0,3,0,30,4,34,8,0,5,2
79,7,1312680449,0,3,0,0,0,1,30,4,9,33,0,5,3
79,8,3124104516,0,0,0,0,1,0,30,5,30,12,0,6,3
79,9,3277268870,0,1,0,0,2,1,30,1,24,18,0,6,4
79,10,2941209289,0,2,0,0,3,0,30,5,35,7,0,7,4
80,0,747747310,0,0,0,0,1,0,30,5,35,7,0,1,0
80,1,411687729,0,1,0,0,2,1,30,5,10,32,0,1,1
80,2,2712335731,0,2,0,0,3,0,30,5,24,18,0,2,1
80,3,2376276150,0,3,0,0,0,1,30,5,26,16,0,2,2
80,4,1187277706,0,0,0,0,1,0,30,5,24,18,0,3,2
80,5,851218125,0,1,0,0,2,1,30,5,24,18,0,3,3
80,6,3151866127,0,2,0,0,3,0,30,4,17,25,0,4,3
80,7,2815806546,0,3,0,0,0,1,30,5,15,27,0,4,4
80,8,2479746965,0,0,0,0,1,0,30,5,6,36,1,4,5
80,9,1290748521,0,1,0,0,2,1,30,2,19,23,0,4,6
80,10,149368090,0,2,0,0,3,0,30,5,8,34,1,4,7
81,0,1328130421,0,0,0,0,1,0,30,5,25,17,0,1,0
81,1,2334233638,0,1,0,0,2,1,30,5,15,27,0,1,1
81,2,3292718842,0,2,0,0,3,0,30,5,34,8,0,2,1
81,3,809175613,0,3,0,0,0,1,30,4,7,35,0,2,2
81,4,1767660817,0,0,0,0,1,0,30,4,3,39,1,2,3
81,5,626280386,0,1,0,0,2,1,30,6,35,7,1,3,3
81,6,2437704453,0,2,0,0,3,0,30,5,6,36,1,3,4
81,7,1248706009,0,3,0,0,0,1,30,4,18,24,0,3,5
81,8,912646428,0,0,0,0,1,0,30,0,34,8,0,4,5
81,9,1065810782,0,1,0,0,2,1,30,6,42,0,1,5,5
81,10,2877234849,0,2,0,0,3,0,30,4,42,0,0,6,5
81,11,2541175268,0,3,0,0,0,1,30,4,2,40,0,6,6
81,12,1352176824,0,0,0,0,1,0,30,0,1,41,1,6,7
82,0,2831256518,0,0,0,0,1,0,30,4,42,0,0,1,0
82,1,347713289,0,1,0,0,2,1,30,5,36,6,1,2,0
82,2,500877643,0,2,0,0,3,0,30,4,26,16,0,3,0
82,3,164818062,0,3,0,0,0,1,30,5,41,1,1,4,0
82,4,3270786914,0,0,0,0,1,0,30,4,42,0,0,5,0
82,5,787243685,0,1,0,0,2,1,30,5,31,11,1,6,0
82,6,451184104,0,2,0,0,3,0,30,3,12,30,1,6,1
82,7,604348458,0,3,0,0,0,1,30,4,26,16,0,6,2
82,8,2415772525,0,0,0,0,1,0,30,5,22,20,0,7,2
83,0,1264155981,0,0,0,0,1,0,30,5,41,1,0,1,0
83,1,122775550,0,1,0,0,2,1,30,6,31,11,1,2,0
83,2,3228744402,0,2,0,0,3,0,30,3,6,36,1,2,1
83,3,2892684821,0,3,0,0,0,1,30,0,41,1,1,3,1
83,4,2556625240,0,0,0,0,1,0,30,4,7,35,1,3,2
83,5,1367626796,0,1,0,0,2,1,30,5,20,22,0,3,3
83,6,226246365,0,2,0,0,3,0,30,6,18,24,0,4,3
83,7,3332215217,0,3,0,0,0,1,30,2,42,0,1,5,3
83,8,2996155636,0,0,0,0,1,0,30,4,1,41,1,5,4
83,9,512612407,0,1,0,0,2,1,30,2,35,7,1,6,4
83,10,665776761,0,2,0,0,3,0,30,5,8,34,1,6,5
83,11,2477200828,0,3,0,0,0,1,30,4,18,24,0,6,6
83,12,3435686032,0,0,0,0,1,0,30,5,17,25,0,7,6
84,0,1104298579,0,0,0,0,1,0,30,3,17,25,0,1,0
84,1,768238998,0,1,0,0,2,1,30,4,30,12,1,2,0
84,2,3068887000,0,2,0,0,3,0,30,3,18,24,0,3,0
84,3,2732827419,0,3,0,0,0,1,30,6,40,2,1,4,0
84,4,1543828975,0,0,0,0,1,0,30,5,13,29,0,5,0
84,5,1207769394,0,1,0,0,2,1,30,5,13,29,0,5,1
84,6,66388963,0,2,0,0,3,0,30,4,25,17,0,6,1
84,7,3172357815,0,3,0,0,0,1,30,4,7,35,0,6,2
84,8,2836298234,0,0,0,0,1,0,30,1,14,28,0,7,2
85,0,1784020577,0,0,0,0,1,0,30,4,23,19,0,1,0
85,1,2690784907,0,1,0,0,2,1,30,4,31,11,1,2,0
85,2,1601125350,0,2,0,0,3,0,30,5,3,39,1,2,1
85,3,3412549417,0,3,0,0,0,1,30,4,30,12,1,3,1
85,4,3076489836,0,0,0,0,1,0,30,1,6,36,1,3,2
85,5,1082170542,0,1,0,0,2,1,30,1,29,13,0,3,3
85,6,2794255722,0,2,0,0,3,0,30,4,27,15,0,4,3
85,7,3852079813,0,3,0,0,0,1,30,4,25,17,0,4,4
85,8,3516020232,0,0,0,0,1,0,30,4,18,24,0,5,4
85,9,1521700938,0,1,0,0,2,1,30,0,24,18,0,5,5
85,10,1185641357,0,2,0,0,3,0,30,4,0,42,1,5,6
85,11,849581776,0,3,0,0,0,1,30,5,39,3,1,6,6
85,12,3955550628,0,0,0,0,1,0,30,5,12,30,1,6,7
86,0,3187807787,0,0,0,0,1,0,30,5,13,29,0,1,0
86,1,704264558,0,1,0,0,2,1,30,4,13,29,0,1,1
86,2,857428912,0,2,0,0,3,0,30,0,20,22,0,2,1
86,3,2668852979,0,3,0,0,0,1,30,5,41,1,1,3,1
86,4,3627338183,0,0,0,0,1,0,30,4,34,8,0,4,1
86,5,1143794954,0,1,0,0,2,1,30,5,24,18,0,4,2
86,6,2414523,0,2,0,0,3,0,30,5,14,28,0,5,2
86,7,3108383375,0,3,0,0,0,1,30,3,24,18,0,5,3
86,8,2772323794,0,0,0,0,1,0,30,5,11,31,1,5,4
86,9,1583325350,0,1,0,0,2,1,30,4,20,22,0,5,5
86,10,1247265769,0,2,0,0,3,0,30,5,24,18,0,6,5
86,11,105885338,0,3,0,0,0,1,30,4,39,3,1,7,5
87,0,395966588,0,0,0,0,1,0,30,2,24,18,0,1,0
87,1,2207390655,0,1,0,0,2,1,30,4,31,11,1,2,0
87,2,3165875859,0,2,0,0,3,0,30,4,17,25,0,3,0
87,3,682332630,0,3,0,0,0,1,30,6,42,0,1,4,0
87,4,835496984,0,0,0,0,1,0,30,4,19,23,0,5,0
87,5,2646921051,0,1,0,0,2,1,30,4,30,12,1,6,0
87,6,2310861470,0,2,0,0,3,0,30,4,25,17,0,7,0
88,0,3707672383,0,0,0,0,1,0,30,1,15,27,0,1,0
88,1,3371612802,0,1,0,0,2,1,30,5,42,0,1,2,0
88,2,1377293508,0,2,0,0,3,0,30,5,7,35,1,2,1
88,3,1041233927,0,3,0,0,0,1,30,4,18,24,0,2,2
88,4,4147202779,0,0,0,0,1,0,30,6,8,34,1,2,3
88,5,3811143198,0,1,0,0,2,1,30,4,42,0,1,3,3
88,6,522279119,0,2,0,0,3,0,30,6,14,28,0,4,3
88,7,1480764323,0,3,0,0,0,1,30,4,30,12,1,5,3
88,8,3292188390,0,0,0,0,1,0,30,3,0,42,1,5,4
88,9,4250673594,0,1,0,0,2,1,30,4,20,22,0,5,5
88,10,3109293163,0,2,0,0,3,0,30,5,34,8,0,6,5
88,11,1920294719,0,3,0,0,0,1,30,5,30,12,1,7,5
89,0,2963975945,0,0,0,0,1,0,30,5,6,36,1,0,1
89,1,2627916364,0,1,0,0,2,1,30,4,41,1,1,1,1
89,2,3685740455,0,2,0,0,3,0,30,1,2,40,1,1,2
89,3,297537489,0,3,0,0,0,1,30,4,42,0,1,2,2
89,4,3403506341,0,0,0,0,1,0,30,5,42,0,0,3,2
89,5,3067446760,0,1,0,0,2,1,30,5,31,11,1,4,2
89,6,583903531,0,2,0,0,3,0,30,0,17,25,0,5,2
89,7,737067885,0,3,0,0,0,1,30,5,42,0,1,6,2
89,8,401008304,0,0,0,0,1,0,30,5,41,1,0,7,2
90,0,3643697943,0,0,0,0,1,0,30,6,33,9,0,1,0
90,1,3307638362,0,1,0,0,2,1,30,1,41,1,1,2,0
90,2,3460802716,0,2,0,0,3,0,30,5,32,10,0,3,0
90,3,977259487,0,3,0,0,0,1,30,5,20,22,0,3,1
90,4,641199906,0,0,0,0,1,0,30,3,18,24,0,4,1
90,5,3747168758,0,1,0,0,2,1,30,5,25,17,0,4,2
90,6,2605788327,0,2,0,0,3,0,30,5,30,12,0,5,2
90,7,1416789883,0,3,0,0,0,1,30,4,40,2,1,6,2
90,8,1080730302,0,0,0,0,1,0,30,5,41,1,0,7,2
91,0,752517857,0,0,0,0,1,0,30,5,18,24,0,1,0
91,1,2563941924,0,1,0,0,2,1,30,0,41,1,1,2,0
91,2,3522427128,0,2,0,0,3,0,30,5,25,17,0,3,0
91,3,233563049,0,3,0,0,0,1,30,4,24,18,0,3,1
91,4,4192470764,0,0,0,0,1,0,30,3,2,40,1,3,2
91,5,3003472320,0,1,0,0,2,1,30,4,42,0,1,4,2
91,6,2667412739,0,2,0,0,3,0,30,5,34,8,0,5,2
91,7,1478414295,0,3,0,0,0,1,30,2,42,0,1,6,2
91,8,337033864,0,0,0,0,1,0,30,1,17,25,0,7,2
92,0,691999342,0,0,0,0,1,0,30,5,0,42,1,0,1
92,1,1650484546,0,1,0,0,2,1,30,1,14,28,0,0,2
92,2,3461908613,0,2,0,0,3,0,30,4,32,10,0,1,2
92,3,3125849032,0,3,0,0,0,1,30,0,23,19,0,1,3
92,4,1131529738,0,0,0,0,1,0,30,2,25,17,0,2,3
92,5,795470157,0,1,0,0,2,1,30,5,17,25,0,2,4
92,6,3901439009,0,2,0,0,3,0,30,2,27,15,0,3,4
92,7,3565379428,0,3,0,0,0,1,30,4,7,35,0,3,5
92,8,177176462,0,0,0,0,1,0,30,4,28,14,0,4,5
92,9,1235000553,0,1,0,0,2,1,30,4,1,41,0,4,6
92,10,898940972,0,2,0,0,3,0,30,5,1,41,1,4,7
93,0,1272382453,0,0,0,0,1,0,30,3,12,30,1,0,1
93,1,936322872,0,1,0,0,2,1,30,5,25,17,0,0,2
93,2,4042291724,0,2,0,0,3,0,30,1,25,17,0,1,2
93,3,2900911293,0,3,0,0,0,1,30,4,7,35,0,1,3
93,4,1711912849,0,0,0,0,1,0,30,5,2,40,1,1,4
93,5,1375853268,0,1,0,0,2,1,30,2,22,20,0,1,5
93,6,3187277335,0,2,0,0,3,0,30,2,0,42,1,1,6
93,7,3340441689,0,3,0,0,0,1,30,5,12,30,0,1,7
94,0,528686015,0,0,0,0,1,0,30,4,24,18,0,1,0
94,1,192626434,0,1,0,0,2,1,30,5,19,23,0,1,1
94,2,1250450525,0,2,0,0,3,0,30,5,25,17,0,2,1
94,3,914390944,0,3,0,0,0,1,30,5,22,20,0,2,2
94,4,968216411,0,0,0,0,1,0,30,4,16,26,0,3,2
94,5,632156830,0,1,0,0,2,1,30,4,36,6,1,4,2
94,6,2443580897,0,2,0,0,3,0,30,5,18,24,0,5,2
94,7,1353921340,0,3,0,0,0,1,30,4,1,41,0,5,3
94,8,2260685670,0,0,0,0,1,0,30,5,11,31,1,5,4
94,9,3318509761,0,1,0,0,2,1,30,4,1,41,0,5,5
94,10,2883111293,0,2,0,0,3,0,30,5,11,31,1,5,6
94,11,1793451736,0,3,0,0,0,1,30,4,16,26,0,5,7
95,0,1208408013,0,0,0,0,1,0,30,4,11,31,1,0,1
95,1,872348432,0,1,0,0,2,1,30,5,18,24,0,0,2
95,2,3978317284,0,2,0,0,3,0,30,5,17,25,0,1,2
95,3,2836936853,0,3,0,0,0,1,30,5,25,17,0,1,3
95,4,2500877272,0,0,0,0,1,0,30,2,22,20,0,2,3
95,5,1311878828,0,1,0,0,2,1,30,5,31,11,1,3,3
95,6,975819247,0,2,0,0,3,0,30,4,6,36,1,3,4
95,7,3276467249,0,3,0,0,0,1,30,6,18,24,0,3,5
95,8,2940407668,0,0,0,0,1,0,30,5,6,36,1,3,6
95,9,1751409224,0,1,0,0,2,1,30,4,13,29,0,3,7
96,0,1048550611,0,0,0,0,1,0,30,6,0,42,1,0,1
96,1,712491030,0,1,0,0,2,1,30,5,11,31,0,0,2
96,2,3818459882,0,2,0,0,3,0,30,6,8,34,1,0,3
96,3,3482400301,0,3,0,0,0,1,30,0,29,13,0,0,4
96,4,1488081007,0,0,0,0,1,0,30,4,17,25,0,1,4
96,5,1152021426,0,1,0,0,2,1,30,3,42,0,1,2,4
96,6,4257990278,0,2,0,0,3,0,30,5,18,24,0,3,4
96,7,3921930697,0,3,0,0,0,1,30,4,22,20,0,3,5
96,8,2780550266,0,0,0,0,1,0,30,4,31,11,0,4,5
96,9,1591551822,0,1,0,0,2,1,30,4,36,6,1,5,5
96,10,1255492241,0,2,0,0,3,0,30,4,25,17,0,6,5
96,11,66493797,0,3,0,0,0,1,30,4,14,28,0,6,6
96,12,3220080662,0,0,0,0,1,0,30,6,18,24,0,7,6
97,0,3875756257,0,0,0,0,1,0,30,5,28,14,0,1,0
97,1,3440357789,0,1,0,0,2,1,30,5,41,1,1,2,0
97,2,2350698232,0,2,0,0,3,0,30,6,23,19,0,3,0
97,3,3257462562,0,3,0,0,0,1,30,5,1,41,0,3,1
97,4,20319357,0,0,0,0,1,0,30,1,1,41,1,3,2
97,5,1831743424,0,1,0,0,2,1,30,5,28,14,0,3,3
97,6,3543828604,0,2,0,0,3,0,30,4,6,36,1,3,4
97,7,3696992958,0,3,0,0,0,1,30,5,24,18,0,3,5
97,8,1213449729,0,0,0,0,1,0,30,5,28,14,0,4,5
97,9,123790172,0,1,0,0,2,1,30,5,24,18,0,4,6
97,10,1935214239,0,2,0,0,3,0,30,3,11,31,1,4,7
98,0,3132059819,0,0,0,0,1,0,30,5,35,7,0,1,0
98,1,2796000238,0,1,0,0,2,1,30,4,2,40,0,1,1
98,2,1607001794,0,2,0,0,3,0,30,6,1,41,1,1,2
98,3,3418425861,0,3,0,0,0,1,30,4,20,22,0,1,3
98,4,3571590215,0,0,0,0,1,0,30,0,24,18,0,2,3
98,5,3235530634,0,1,0,0,2,1,30,4,7,35,0,2,4
98,6,751987405,0,2,0,0,3,0,30,3,12,30,1,2,5
98,7,1710472609,0,3,0,0,0,1,30,5,42,0,1,3,5
98,8,2716575826,0,0,0,0,1,0,30,5,30,12,0,4,5
98,9,3675061030,0,1,0,0,2,1,30,4,0,42,0,4,6
98,10,1191517801,0,2,0,0,3,0,30,4,17,25,0,5,6
98,11,2150003005,0,3,0,0,0,1,30,5,18,24,0,5,7
99,0,1145539470,0,0,0,0,1,0,30,4,1,41,1,0,1
99,1,2052303800,0,1,0,0,2,1,30,6,7,35,0,0,2
99,2,3110127891,0,2,0,0,3,0,30,5,24,18,0,1,2
99,3,2774068310,0,3,0,0,0,1,30,6,42,0,1,2,2
99,4,1585069866,0,0,0,0,1,0,30,5,18,24,0,3,2
99,5,2491834196,0,1,0,0,2,1,30,5,8,34,0,3,3
99,6,8290967,0,2,0,0,3,0,30,5,13,29,0,4,3
99,7,3213598706,0,3,0,0,0,1,30,4,42,0,1,5,3
99,8,730055477,0,0,0,0,1,0,30,6,6,36,1,5,4
99,9,1688540681,0,1,0,0,2,1,30,4,11,31,0,5,5
99,10,447821363,0,2,0,0,3,0,30,6,7,35,1,5,6
99,11,3653129102,0,3,0,0,0,1,30,6,36,6,1,6,6
99,12,1169585873,0,0,0,0,1,0,30,5,13,29,0,7,6
100,0,3651924415,0,0,0,0,1,0,30,4,0,42,1,0,1
100,1,3315864834,0,1,0,0,2,1,30,5,19,23,0,0,2
100,2,2126866390,0,2,0,0,3,0,30,5,28,14,0,1,2
100,3,985485959,0,3,0,0,0,1,30,4,18,24,0,1,3
100,4,4091454811,0,0,0,0,1,0,30,4,1,41,1,1,4
100,5,3755395230,0,1,0,0,2,1,30,0,42,0,1,2,4
100,6,2566396786,0,2,0,0,3,0,30,4,18,24,0,3,4
100,7,2230337205,0,3,0,0,0,1,30,4,19,23,0,3,5
100,8,1088956774,0,0,0,0,1,0,30,5,12,30,1,3,6
100,9,4194925626,0,1,0,0,2,1,30,5,20,22,0,3,7
101,0,3713548827,0,0,0,0,1,0,30,5,42,0,0,1,0
101,1,2572168396,0,1,0,0,2,1,30,5,12,30,0,1,1
101,2,1383169952,0,2,0,0,3,0,30,6,7,35,1,1,2
101,3,1047110371,0,3,0,0,0,1,30,2,20,22,0,1,3
101,4,4153079223,0,0,0,0,1,0,30,5,30,12,0,2,3
101,5,3011698792,0,1,0,0,2,1,30,5,13,29,0,2,4
101,6,1822700348,0,2,0,0,3,0,30,4,35,7,0,3,4
101,7,1486640767,0,3,0,0,0,1,30,4,23,19,0,3,5
101,8,1150581186,0,0,0,0,1,0,30,6,36,6,0,4,5
101,9,3451229188,0,1,0,0,2,1,30,4,35,7,1,5,5
101,10,3115169607,0,2,0,0,3,0,30,4,41,1,0,6,5
101,11,1926171163,0,3,0,0,0,1,30,4,30,12,1,7,5
102,0,1440466327,0,0,0,0,1,0,30,5,19,23,0,1,0
102,1,3251890394,0,1,0,0,2,1,30,5,35,7,1,2,0
102,2,4210375598,0,2,0,0,3,0,30,1,18,24,0,3,0
102,3,1726832369,0,3,0,0,0,1,30,5,23,19,0,3,1
102,4,1879996723,0,0,0,0,1,0,30,4,0,42,1,3,2
102,5,1543937142,0,1,0,0,2,1,30,2,20,22,0,3,3
102,6,3355361209,0,2,0,0,3,0,30,4,0,42,1,3,4
102,7,2166362765,0,3,0,0,0,1,30,5,42,0,1,4,4
102,8,3073127095,0,0,0,0,1,0,30,2,2,40,1,4,5
102,9,1983467538,0,1,0,0,2,1,30,4,42,0,1,5,5
102,10,3794891605,0,2,0,0,3,0,30,6,20,22,0,6,5
102,11,3458832024,0,3,0,0,0,1,30,4,13,29,0,6,6
102,12,3512657491,0,0,0,0,1,0,30,2,7,35,1,6,7
103,0,1502090739,0,0,0,0,1,0,30,6,40,2,0,1,0
103,1,360710308,0,1,0,0,2,1,30,5,9,33,0,1,1
103,2,3466679160,0,2,0,0,3,0,30,5,30,12,0,2,1
103,3,983135931,0,3,0,0,0,1,30,4,24,18,0,2,2
103,4,1941621135,0,0,0,0,1,0,30,4,22,20,0,3,2
103,5,800240704,0,1,0,0,2,1,30,5,42,0,1,4,2
103,6,2611664771,0,2,0,0,3,0,30,4,13,29,0,5,2
103,7,3570149975,0,3,0,0,0,1,30,5,19,23,0,5,3
103,8,1086606746,0,0,0,0,1,0,30,5,2,40,1,5,4
103,9,1239771100,0,1,0,0,2,1,30,5,41,1,1,6,4
103,10,3051195167,0,2,0,0,3,0,30,5,42,0,0,7,4
104,0,4008475684,0,0,0,0,1,0,30,0,9,33,1,0,1
104,1,3672416103,0,1,0,0,2,1,30,5,42,0,1,1,1
104,2,2483417659,0,2,0,0,3,0,30,4,0,42,1,1,2
104,3,1342037228,0,3,0,0,0,1,30,5,9,33,0,1,3
104,4,153038784,0,0,0,0,1,0,30,0,11,31,1,1,4
104,5,4111946499,0,1,0,0,2,1,30,4,30,12,1,2,4
104,6,1628403270,0,2,0,0,3,0,30,4,2,40,1,2,5
104,7,1781567624,0,3,0,0,0,1,30,5,36,6,1,3,5
104,8,1445508043,0,0,0,0,1,0,30,5,11,31,1,3,6
104,9,256509599,0,1,0,0,2,1,30,4,23,19,0,3,7
105,0,1216634485,0,0,0,0,1,0,30,4,18,24,0,1,0
105,1,880574904,0,1,0,0,2,1,30,5,30,12,1,2,0
105,2,3986543756,0,2,0,0,3,0,30,5,20,22,0,3,0
105,3,3650484175,0,3,0,0,0,1,30,4,2,40,0,3,1
105,4,2461485731,0,0,0,0,1,0,30,6,9,33,1,3,2
105,5,1320105300,0,1,0,0,2,1,30,5,30,12,1,4,2
105,6,131106856,0,2,0,0,3,0,30,5,22,20,0,5,2
105,7,4090014571,0,3,0,0,0,1,30,5,14,28,0,5,3
105,8,1606471342,0,0,0,0,1,0,30,5,16,26,0,6,3
105,9,1759635696,0,1,0,0,2,1,30,4,9,33,0,6,4
105,10,1423576115,0,2,0,0,3,0,30,4,23,19,0,7,4
106,0,1278258897,0,0,0,0,1,0,30,4,22,20,0,1,0
106,1,942199316,0,1,0,0,2,1,30,5,0,42,0,1,1
106,2,3242847318,0,2,0,0,3,0,30,4,6,36,1,1,2
106,3,2906787737,0,3,0,0,0,1,30,5,30,12,1,2,2
106,4,1717789293,0,0,0,0,1,0,30,6,28,14,0,3,2
106,5,1381729712,0,1,0,0,2,1,30,3,26,16,0,3,3
106,6,3682377714,0,2,0,0,3,0,30,5,17,25,0,4,3
106,7,3346318133,0,3,0,0,0,1,30,4,14,28,0,4,4
106,8,3010258552,0,0,0,0,1,0,30,5,18,24,0,5,4
106,9,4068082643,0,1,0,0,2,1,30,4,41,1,1,6,4
106,10,679879677,0,2,0,0,3,0,30,6,0,42,1,6,5
106,11,3785848529,0,3,0,0,0,1,30,4,42,0,1,7,5
107,0,4105464543,0,0,0,0,1,0,30,4,9,33,1,0,1
107,1,816600464,0,1,0,0,2,1,30,5,6,36,0,0,2
107,2,1775085668,0,2,0,0,3,0,30,5,24,18,0,1,2
107,3,3586509735,0,3,0,0,0,1,30,4,30,12,1,2,2
107,4,250027643,0,0,0,0,1,0,30,6,22,20,0,3,2
107,5,3403614508,0,1,0,0,2,1,30,4,12,30,0,3,3
107,6,920071279,0,2,0,0,3,0,30,6,39,3,0,4,3
107,7,4026040131,0,3,0,0,0,1,30,4,42,0,1,5,3
107,8,3689980550,0,0,0,0,1,0,30,3,1,41,1,5,4
107,9,3843144904,0,1,0,0,2,1,30,5,28,14,0,5,5
107,10,1359601675,0,2,0,0,3,0,30,2,3,39,1,5,6
107,11,1023542094,0,3,0,0,0,1,30,4,24,18,0,5,7
108,0,3361768105,0,0,0,0,1,0,30,6,14,28,0,1,0
108,1,878224876,0,1,0,0,2,1,30,5,18,24,0,1,1
108,2,1031389230,0,2,0,0,3,0,30,0,7,35,1,1,2
108,3,695329649,0,3,0,0,0,1,30,5,24,18,0,1,3
108,4,3801298501,0,0,0,0,1,0,30,4,36,6,0,2,3
108,5,1317755272,0,1,0,0,2,1,30,5,36,6,1,3,3
108,6,176374841,0,2,0,0,3,0,30,5,13,29,0,4,3
108,7,1134860045,0,3,0,0,0,1,30,5,18,24,0,4,4
108,8,2946284112,0,0,0,0,1,0,30,1,6,36,1,4,5
108,9,1757285668,0,1,0,0,2,1,30,5,0,42,0,4,6
108,10,1421226087,0,2,0,0,3,0,30,4,1,41,1,4,7
109,0,1573185754,0,0,0,0,1,0,30,6,30,12,0,1,0
109,1,1237126173,0,1,0,0,2,1,30,5,29,13,0,1,1
109,2,48127729,0,2,0,0,3,0,30,5,25,17,0,2,1
109,3,4007035444,0,3,0,0,0,1,30,5,25,17,0,2,2
109,4,2012716150,0,0,0,0,1,0,30,0,11,31,1,2,3
109,5,1676656569,0,1,0,0,2,1,30,6,42,0,1,3,3
109,6,3488080636,0,2,0,0,3,0,30,5,29,13,0,4,3
109,7,151598544,0,3,0,0,0,1,30,4,10,32,0,4,4
109,8,3305185409,0,0,0,0,1,0,30,4,1,41,1,4,5
109,9,2116186965,0,1,0,0,2,1,30,5,19,23,0,4,6
109,10,1780127384,0,2,0,0,3,0,30,0,11,31,1,4,7
110,0,3881632701,0,0,0,0,1,0,30,4,1,41,1,0,1
110,1,3545573120,0,1,0,0,2,1,30,1,7,35,0,0,2
110,2,1551253826,0,2,0,0,3,0,30,5,42,0,0,1,2
110,3,1215194245,0,3,0,0,0,1,30,5,29,13,0,1,3
110,4,26195801,0,0,0,0,1,0,30,3,7,35,1,1,4
110,5,3985103516,0,1,0,0,2,1,30,5,7,35,0,1,5
110,6,1990784222,0,2,0,0,3,0,30,4,19,23,0,2,5
110,7,1654724641,0,3,0,0,0,1,30,6,36,6,1,3,5
110,8,1318665060,0,0,0,0,1,0,30,1,12,30,1,3,6
110,9,129666616,0,1,0,0,2,1,30,4,8,34,0,3,7
111,0,3137936263,0,0,0,0,1,0,30,4,26,16,0,1,0
111,1,2801876682,0,1,0,0,2,1,30,4,42,0,1,2,0
111,2,3859700773,0,2,0,0,3,0,30,3,23,19,0,3,0
111,3,471497807,0,3,0,0,0,1,30,4,40,2,1,4,0
111,4,1529321898,0,0,0,0,1,0,30,5,0,42,1,4,1
111,5,3241407078,0,1,0,0,2,1,30,4,8,34,0,4,2
111,6,4263873,0,2,0,0,3,0,30,1,31,11,0,5,2
111,7,911028203,0,3,0,0,0,1,30,5,11,31,0,5,3
111,8,574968622,0,0,0,0,1,0,30,2,24,18,0,6,3
111,9,1632792713,0,1,0,0,2,1,30,4,15,27,0,6,4
111,10,3344877893,0,2,0,0,3,0,30,4,12,30,1,6,5
111,11,1350558599,0,3,0,0,0,1,30,4,18,24,0,6,6
111,12,1014499018,0,0,0,0,1,0,30,5,0,42,1,6,7
112,0,1670174613,0,0,0,0,1,0,30,5,8,34,1,0,1
112,1,3481598680,0,1,0,0,2,1,30,0,24,18,0,0,2
112,2,3634763034,0,2,0,0,3,0,30,4,35,7,0,1,2
112,3,1151219805,0,3,0,0,0,1,30,5,18,24,0,1,3
112,4,2109705009,0,0,0,0,1,0,30,4,23,19,0,2,3
112,5,3921129076,0,1,0,0,2,1,30,2,40,2,1,3,3
112,6,2779748645,0,2,0,0,3,0,30,4,12,30,1,3,4
112,7,1590750201,0,3,0,0,0,1,30,5,25,17,0,3,5
112,8,1254690620,0,0,0,0,1,0,30,4,31,11,0,4,5
112,9,65692176,0,1,0,0,2,1,30,4,25,17,0,4,6
112,10,3219279041,0,2,0,0,3,0,30,4,0,42,1,4,7
113,0,3657800859,0,0,0,0,1,0,30,5,31,11,0,1,0
113,1,321318767,0,1,0,0,2,1,30,5,40,2,1,2,0
113,2,3474905632,0,2,0,0,3,0,30,5,17,25,0,3,0
113,3,991362403,0,3,0,0,0,1,30,4,0,42,0,3,1
113,4,4097331255,0,0,0,0,1,0,30,4,2,40,1,3,2
113,5,3761271674,0,1,0,0,2,1,30,4,42,0,1,4,2
113,6,2572273230,0,2,0,0,3,0,30,4,30,12,0,5,2
113,7,1430892799,0,3,0,0,0,1,30,4,36,6,1,6,2
113,8,2389378003,0,0,0,0,1,0,30,4,13,29,0,7,2
114,0,2190039209,0,0,0,0,1,0,30,5,42,0,0,1,0
114,1,3096803539,0,1,0,0,2,1,30,5,6,36,0,1,1
114,2,1907805095,0,2,0,0,3,0,30,5,17,25,0,2,1
114,3,1571745514,0,3,0,0,0,1,30,6,23,19,0,2,2
114,4,2629569605,0,0,0,0,1,0,30,5,41,1,0,3,2
114,5,2293510024,0,1,0,0,2,1,30,1,31,11,1,4,2
114,6,1052790706,0,2,0,0,3,0,30,4,36,6,0,5,2
114,7,2011275910,0,3,0,0,0,1,30,6,29,13,0,5,3
114,8,3822699977,0,0,0,0,1,0,30,6,2,40,1,5,4
114,9,2733040420,0,1,0,0,2,1,30,3,25,17,0,5,5
114,10,3639804750,0,2,0,0,3,0,30,5,23,19,0,6,5
114,11,402661545,0,3,0,0,0,1,30,4,23,19,0,6,6
114,12,4262230373,0,0,0,0,1,0,30,2,7,35,1,6,7
115,0,1446342771,0,0,0,0,1,0,30,6,24,18,0,1,0
115,1,1110283190,0,1,0,0,2,1,30,4,18,24,0,1,1
115,2,4216252042,0,2,0,0,3,0,30,4,33,9,0,2,1
115,3,3074871611,0,3,0,0,0,1,30,5,25,17,0,2,2
115,4,1885873167,0,0,0,0,1,0,30,4,18,24,0,3,2
115,5,1549813586,0,1,0,0,2,1,30,5,25,17,0,3,3
115,6,360815142,0,2,0,0,3,0,30,2,30,12,0,4,3
115,7,3514402007,0,3,0,0,0,1,30,4,13,29,0,4,4
115,8,3178342426,0,0,0,0,1,0,30,4,42,0,0,5,4
115,9,1989343982,0,1,0,0,2,1,30,4,41,1,1,6,4
115,10,3800768049,0,2,0,0,3,0,30,5,42,0,0,7,4
116,0,4174209530,0,0,0,0,1,0,30,1,35,7,0,1,0
116,1,3838149949,0,1,0,0,2,1,30,5,30,12,1,2,0
116,2,3991314303,0,2,0,0,3,0,30,4,9,33,1,2,1
116,3,1507771074,0,3,0,0,0,1,30,3,36,6,1,3,1
116,4,1171711493,0,0,0,0,1,0,30,1,39,3,0,4,1
116,5,4277680345,0,1,0,0,2,1,30,4,7,35,0,4,2
116,6,3136299914,0,2,0,0,3,0,30,6,28,14,0,5,2
116,7,1947301470,0,3,0,0,0,1,30,4,2,40,0,5,3
116,8,1611241889,0,0,0,0,1,0,30,4,1,41,1,5,4
116,9,422243445,0,1,0,0,2,1,30,6,23,19,0,5,5
116,10,3575830310,0,2,0,0,3,0,30,6,20,22,0,6,5
116,11,3239770729,0,3,0,0,0,1,30,4,42,0,1,7,5
117,0,1966207367,0,0,0,0,1,0,30,6,23,19,0,1,0
117,1,2924692571,0,1,0,0,2,1,30,5,26,16,0,1,1
117,2,3930795788,0,2,0,0,3,0,30,5,18,24,0,2,1
117,3,3594736207,0,3,0,0,0,1,30,4,29,13,0,2,2
117,4,2405737763,0,0,0,0,1,0,30,5,35,7,0,3,2
117,5,2069678182,0,1,0,0,2,1,30,4,35,7,1,4,2
117,6,2222842536,0,2,0,0,3,0,30,4,30,12,0,5,2
117,7,4034266603,0,3,0,0,0,1,30,5,7,35,0,5,3
117,8,3698207022,0,0,0,0,1,0,30,5,35,7,0,6,3
117,9,2509208578,0,1,0,0,2,1,30,4,2,40,0,6,4
117,10,2173148997,0,2,0,0,3,0,30,4,2,40,1,6,5
117,11,178829703,0,3,0,0,0,1,30,5,19,23,0,6,6
117,12,4137737418,0,0,0,0,1,0,30,4,24,18,0,7,6
118,0,1222510929,0,0,0,0,1,0,30,5,18,24,0,1,0
118,1,2180996133,0,1,0,0,2,1,30,4,18,24,0,1,1
118,2,3992420200,0,2,0,0,3,0,30,3,21,21,0,2,1
118,3,3656360619,0,3,0,0,0,1,30,4,18,24,0,2,2
118,4,1662041325,0,0,0,0,1,0,30,0,18,24,0,3,2
118,5,1325981744,0,1,0,0,2,1,30,0,11,31,0,3,3
118,6,136983300,0,2,0,0,3,0,30,6,18,24,0,4,3
118,7,4095891015,0,3,0,0,0,1,30,5,17,25,0,4,4
118,8,4249055369,0,0,0,0,1,0,30,6,1,41,1,4,5
118,9,1765512140,0,1,0,0,2,1,30,2,25,17,0,4,6
118,10,1429452559,0,2,0,0,3,0,30,5,16,26,0,5,6
118,11,240454115,0,3,0,0,0,1,30,5,34,8,1,6,6
118,12,3394040980,0,0,0,0,1,0,30,4,36,6,0,7,6
119,0,4049716575,0,0,0,0,1,0,30,5,8,34,1,0,1
119,1,3713656994,0,1,0,0,2,1,30,4,21,21,0,0,2
119,2,2524658550,0,2,0,0,3,0,30,4,19,23,0,1,2
119,3,3431422880,0,3,0,0,0,1,30,2,8,34,0,1,3
119,4,194279675,0,0,0,0,1,0,30,4,18,24,0,2,3
119,5,4153187390,0,1,0,0,2,1,30,4,19,23,0,2,4
119,6,1669644161,0,2,0,0,3,0,30,2,7,35,1,2,5
119,7,3870953276,0,3,0,0,0,1,30,5,17,25,0,2,6
119,8,1387410047,0,0,0,0,1,0,30,6,1,41,1,2,7
120,0,3306020137,0,0,0,0,1,0,30,5,1,41,1,0,1
120,1,2969960556,0,1,0,0,2,1,30,4,19,23,0,0,2
120,2,1780962112,0,2,0,0,3,0,30,5,8,34,1,0,3
120,3,1444902531,0,3,0,0,0,1,30,5,36,6,1,1,3
120,4,3745550533,0,0,0,0,1,0,30,5,24,18,0,2,3
120,5,3409490952,0,1,0,0,2,1,30,4,2,40,0,2,4
120,6,2220492508,0,2,0,0,3,0,30,4,23,19,0,3,4
120,7,1884432927,0,3,0,0,0,1,30,6,41,1,1,4,4
120,8,743052496,0,0,0,0,1,0,30,5,23,19,0,5,4
120,9,3849021348,0,1,0,0,2,1,30,5,13,29,0,5,5
120,10,1365478119,0,2,0,0,3,0,30,6,32,10,0,6,5
120,11,2323963323,0,3,0,0,0,1,30,4,7,35,0,6,6
120,12,1182582892,0,0,0,0,1,0,30,5,2,40,1,6,7
121,0,2322758636,0,0,0,0,1,0,30,4,31,11,0,1,0
121,1,1986699055,0,1,0,0,2,1,30,4,18,24,0,1,1
121,2,4287347057,0,2,0,0,3,0,30,4,23,19,0,2,1
121,3,3951287476,0,3,0,0,0,1,30,4,17,25,0,2,2
121,4,2762289032,0,0,0,0,1,0,30,4,2,40,1,2,3
121,5,2426229451,0,1,0,0,2,1,30,4,42,0,1,3,3
121,6,431910157,0,2,0,0,3,0,30,4,31,11,0,4,3
121,7,95850576,0,3,0,0,0,1,30,6,17,25,0,4,4
121,8,4054758291,0,0,0,0,1,0,30,5,17,25,0,5,4
121,9,2865759847,0,1,0,0,2,1,30,6,34,8,1,6,4
121,10,1724379416,0,2,0,0,3,0,30,5,34,8,0,7,4
122,0,3825884733,0,0,0,0,1,0,30,4,31,11,0,1,0
122,1,489402641,0,1,0,0,2,1,30,4,25,17,0,1,1
122,2,2300826708,0,2,0,0,3,0,30,5,34,8,0,2,1
122,3,1159446277,0,3,0,0,0,1,30,4,34,8,1,3,1
122,4,4265415129,0,0,0,0,1,0,30,2,34,8,0,4,1
122,5,3929355548,0,1,0,0,2,1,30,4,18,24,0,4,2
122,6,2740357104,0,2,0,0,3,0,30,5,36,6,0,5,2
122,7,2404297523,0,3,0,0,0,1,30,5,24,18,0,5,3
122,8,1262917092,0,0,0,0,1,0,30,4,0,42,1,5,4
122,9,73918648,0,1,0,0,2,1,30,5,7,35,0,5,5
122,10,4032826363,0,2,0,0,3,0,30,5,36,6,0,6,5
122,11,2843827919,0,3,0,0,0,1,30,6,19,23,0,6,6
122,12,1702447488,0,0,0,0,1,0,30,6,12,30,1,6,7
123,0,111300548,0,0,0,0,1,0,30,4,1,41,1,0,1
123,1,1922724615,0,1,0,0,2,1,30,6,29,13,0,0,2
123,2,2075888969,0,2,0,0,3,0,30,6,24,18,0,1,2
123,3,1739829388,0,3,0,0,0,1,30,4,25,17,0,1,3
123,4,550830944,0,0,0,0,1,0,30,5,19,23,0,2,3
123,5,2362255011,0,1,0,0,2,1,30,5,1,41,0,2,4
123,6,1220874580,0,2,0,0,3,0,30,6,12,30,1,2,5
123,7,2179359784,0,3,0,0,0,1,30,4,31,11,1,3,5
123,8,3990783851,0,0,0,0,1,0,30,5,25,17,0,4,5
123,9,654301759,0,1,0,0,2,1,30,5,7,35,0,4,6
123,10,2465725826,0,2,0,0,3,0,30,2,18,24,0,5,6
123,11,2618890180,0,3,0,0,0,1,30,2,42,0,1,6,6
123,12,135346951,0,0,0,0,1,0,30,5,24,18,0,7,6
124,0,1614426645,0,0,0,0,1,0,30,5,30,12,0,1,0
124,1,1278367064,0,1,0,0,2,1,30,0,28,14,0,1,1
124,2,89368620,0,2,0,0,3,0,30,5,12,30,1,1,2
124,3,1900792687,0,3,0,0,0,1,30,5,18,24,0,1,3
124,4,2053957041,0,0,0,0,1,0,30,5,13,29,0,2,3
124,5,1717897460,0,1,0,0,2,1,30,6,35,7,1,3,3
124,6,3529321527,0,2,0,0,3,0,30,5,23,19,0,4,3
124,7,192839435,0,3,0,0,0,1,30,5,1,41,0,4,4
124,8,3247087413,0,0,0,0,1,0,30,1,0,42,1,4,5
124,9,2157427856,0,1,0,0,2,1,30,5,27,15,0,4,6
124,10,3968851923,0,2,0,0,3,0,30,5,33,9,0,5,6
124,11,632369831,0,3,0,0,0,1,30,4,24,18,0,5,7
125,0,1454569243,0,0,0,0,1,0,30,4,0,42,1,0,1
125,1,265570799,0,1,0,0,2,1,30,4,1,41,0,0,2
125,2,4224478514,0,2,0,0,3,0,30,4,36,6,0,1,2
125,3,1740935285,0,3,0,0,0,1,30,1,30,12,1,2,2
125,4,1894099639,0,0,0,0,1,0,30,4,26,16,0,3,2
125,5,3705523706,0,1,0,0,2,1,30,4,35,7,1,4,2
125,6,369041614,0,2,0,0,3,0,30,6,7,35,1,4,3
125,7,2180465681,0,3,0,0,0,1,30,2,25,17,0,4,4
125,8,2333630035,0,0,0,0,1,0,30,5,22,20,0,5,4
125,9,1997570454,0,1,0,0,2,1,30,5,14,28,0,5,5
125,10,3808994521,0,2,0,0,3,0,30,4,29,13,0,6,5
125,11,2619996077,0,3,0,0,0,1,30,2,42,0,1,7,5
126,0,4182436002,0,0,0,0,1,0,30,3,12,30,1,0,1
126,1,3846376421,0,1,0,0,2,1,30,5,12,30,0,0,2
126,2,2657377977,0,2,0,0,3,0,30,5,6,36,1,0,3
126,3,1515997546,0,3,0,0,0,1,30,5,25,17,0,0,4
126,4,326999102,0,0,0,0,1,0,30,3,0,42,1,0,5
126,5,4285906817,0,1,0,0,2,1,30,5,28,14,0,0,6
126,6,1048763612,0,2,0,0,3,0,30,1,25,17,0,1,6
126,7,1955527942,0,3,0,0,0,1,30,1,41,1,1,2,6
126,8,1619468361,0,0,0,0,1,0,30,4,18,24,0,3,6
126,9,430469917,0,1,0,0,2,1,30,5,8,34,0,3,7
127,0,1390594803,0,0,0,0,1,0,30,0,26,16,0,1,0
127,1,1054535222,0,1,0,0,2,1,30,5,20,22,0,1,1
127,2,4160504074,0,2,0,0,3,0,30,4,11,31,1,1,2
127,3,3824444493,0,3,0,0,0,1,30,4,12,30,0,1,3
127,4,2635446049,0,0,0,0,1,0,30,0,24,18,0,2,3
127,5,1494065618,0,1,0,0,2,1,30,4,19,23,0,2,4
127,6,305067174,0,2,0,0,3,0,30,4,35,7,0,3,4
127,7,4263974889,0,3,0,0,0,1,30,5,40,2,1,4,4
127,8,3927915308,0,0,0,0,1,0,30,4,8,34,1,4,5
127,9,1933596014,0,1,0,0,2,1,30,5,12,30,0,4,6
127,10,1597536433,0,2,0,0,3,0,30,4,24,18,0,5,6
127,11,408537989,0,3,0,0,0,1,30,5,12,30,0,5,7
128,0,1970977914,0,0,0,0,1,0,30,3,22,20,0,1,0
128,1,3782401981,0,1,0,0,2,1,30,5,34,8,1,2,0
128,2,445919889,0,2,0,0,3,0,30,4,29,13,0,3,0
128,3,3599506754,0,3,0,0,0,1,30,4,30,12,1,4,0
128,4,2410508310,0,0,0,0,1,0,30,4,18,24,0,5,0
128,5,2074448729,0,1,0,0,2,1,30,5,30,12,1,6,0
128,6,3885872796,0,2,0,0,3,0,30,4,19,23,0,7,0
129,0,4279424861,0,0,0,0,1,0,30,5,7,35,1,0,1
129,1,3138044430,0,1,0,0,2,1,30,4,13,29,0,0,2
129,2,1949045986,0,2,0,0,3,0,30,4,40,2,0,1,2
129,3,3760470053,0,3,0,0,0,1,30,3,33,9,1,2,2
129,4,423987961,0,0,0,0,1,0,30,6,18,24,0,3,2
129,5,3577574826,0,1,0,0,2,1,30,1,35,7,1,4,2
129,6,1094031597,0,2,0,0,3,0,30,1,33,9,0,5,2
129,7,2052516801,0,3,0,0,0,1,30,6,19,23,0,5,3
129,8,3863940868,0,0,0,0,1,0,30,0,7,35,1,5,4
129,9,4017105222,0,1,0,0,2,1,30,4,13,29,0,5,5
129,10,1533561993,0,2,0,0,3,0,30,6,11,31,1,5,6
129,11,2492047197,0,3,0,0,0,1,30,4,1,41,0,5,7
130,0,2490842510,0,0,0,0,1,0,30,5,30,12,0,1,0
130,1,2154782929,0,1,0,0,2,1,30,4,3,39,0,1,1
130,2,965784485,0,2,0,0,3,0,30,4,19,23,0,2,1
130,3,4119371350,0,3,0,0,0,1,30,4,36,6,1,3,1
130,4,2930372906,0,0,0,0,1,0,30,5,25,17,0,4,1
130,5,2594313325,0,1,0,0,2,1,30,3,30,12,1,5,1
130,6,1405314881,0,2,0,0,3,0,30,4,18,24,0,6,1
130,7,263934450,0,3,0,0,0,1,30,5,17,25,0,6,2
130,8,4222842165,0,0,0,0,1,0,30,4,42,0,0,7,2
131,0,1747146072,0,0,0,0,1,0,30,6,17,25,0,1,0
131,1,1411086491,0,1,0,0,2,1,30,5,18,24,0,1,1
131,2,222088047,0,2,0,0,3,0,30,4,11,31,1,1,2
131,3,4180995762,0,3,0,0,0,1,30,4,18,24,0,1,3
131,4,2186676468,0,0,0,0,1,0,30,5,17,25,0,2,3
131,5,1850616887,0,1,0,0,2,1,30,0,19,23,0,2,4
131,6,2908440978,0,2,0,0,3,0,30,5,19,23,0,3,4
131,7,325558862,0,3,0,0,0,1,30,5,17,25,0,3,5
131,8,2136982929,0,0,0,0,1,0,30,4,18,24,0,4,5
131,9,2290147283,0,1,0,0,2,1,30,0,17,25,0,4,6
131,10,1954087702,0,2,0,0,3,0,30,2,0,42,1,4,7
132,0,4055593019,0,0,0,0,1,0,30,6,34,8,0,1,0
132,1,3719533438,0,1,0,0,2,1,30,4,9,33,0,1,1
132,2,1725214144,0,2,0,0,3,0,30,5,41,1,0,2,1
132,3,1389154563,0,3,0,0,0,1,30,5,25,17,0,2,2
132,4,200156119,0,0,0,0,1,0,30,5,25,17,0,3,2
132,5,4159063834,0,1,0,0,2,1,30,4,41,1,1,4,2
132,6,2164744540,0,2,0,0,3,0,30,4,8,34,1,4,3
132,7,1828684959,0,3,0,0,0,1,30,4,19,23,0,4,4
132,8,1492625378,0,0,0,0,1,0,30,0,1,41,1,4,5
132,9,303626934,0,1,0,0,2,1,30,1,7,35,0,4,6
132,10,3457213799,0,2,0,0,3,0,30,5,36,6,0,5,6
132,11,2268215355,0,3,0,0,0,1,30,5,18,24,0,5,7
133,0,341008834,0,0,0,0,1,0,30,5,0,42,1,0,1
133,1,1347112051,0,1,0,0,2,1,30,5,11,31,0,0,2
133,2,2305597255,0,2,0,0,3,0,30,5,8,34,1,0,3
133,3,4117021322,0,3,0,0,0,1,30,4,0,42,0,0,4
133,4,780539230,0,0,0,0,1,0,30,4,11,31,1,0,5
133,5,3934126095,0,1,0,0,2,1,30,4,23,19,0,0,6
133,6,1450582866,0,2,0,0,3,0,30,5,35,7,0,1,6
133,7,261584422,0,3,0,0,0,1,30,5,1,41,0,1,7
134,0,280490319,0,0,0,0,1,0,30,6,0,42,1,0,1
134,1,433654673,0,1,0,0,2,1,30,4,17,25,0,0,2
134,2,97595092,0,2,0,0,3,0,30,5,40,2,0,1,2
134,3,1909019159,0,3,0,0,0,1,30,1,17,25,0,1,3
134,4,720020715,0,0,0,0,1,0,30,0,3,39,1,1,4
134,5,3873607580,0,1,0,0,2,1,30,5,23,19,0,1,5
134,6,537125488,0,2,0,0,3,0,30,6,19,23,0,2,5
134,7,2348549555,0,3,0,0,0,1,30,1,25,17,0,2,6
134,8,3307034759,0,0,0,0,1,0,30,5,7,35,1,2,7
135,0,55552580,0,0,0,0,1,0,30,1,8,34,1,0,1
135,1,4014460295,0,1,0,0,2,1,30,4,24,18,0,0,2
135,2,2825461851,0,2,0,0,3,0,30,5,36,6,0,1,2
135,3,2489402270,0,3,0,0,0,1,30,3,19,23,0,1,3
135,4,495082976,0,0,0,0,1,0,30,5,23,19,0,2,3
135,5,159023395,0,1,0,0,2,1,30,4,42,0,1,3,3
135,6,3264992247,0,2,0,0,3,0,30,5,19,23,0,4,3
135,7,2928932666,0,3,0,0,0,1,30,4,42,0,1,5,3
135,8,1787552235,0,0,0,0,1,0,30,4,13,29,0,6,3
135,9,598553791,0,1,0,0,2,1,30,1,41,1,1,7,3
136,0,2363999527,0,0,0,0,1,0,30,5,11,31,1,0,1
136,1,3270763857,0,1,0,0,2,1,30,5,42,0,1,1,1
136,2,2081765413,0,2,0,0,3,0,30,5,0,42,1,1,2
136,3,1745705832,0,3,0,0,0,1,30,4,8,34,0,1,3
136,4,2803529923,0,0,0,0,1,0,30,1,1,41,1,1,4
136,5,2467470342,0,1,0,0,2,1,30,4,29,13,0,1,5
136,6,473151048,0,2,0,0,3,0,30,5,30,12,0,2,5
136,7,2185236228,0,3,0,0,0,1,30,5,15,27,0,2,6
136,8,1849176647,0,0,0,0,1,0,30,4,0,42,1,2,7
137,0,1620303089,0,0,0,0,1,0,30,5,19,23,0,1,0
137,1,1284243508,0,1,0,0,2,1,30,6,36,6,1,2,0
137,2,95245064,0,2,0,0,3,0,30,4,0,42,1,2,1
137,3,3248831929,0,3,0,0,0,1,30,4,0,42,0,2,2
137,4,2059833485,0,0,0,0,1,0,30,5,23,19,0,3,2
137,5,1723773904,0,1,0,0,2,1,30,5,25,17,0,3,3
137,6,534775460,0,2,0,0,3,0,30,4,1,41,1,3,4
137,7,3688362325,0,3,0,0,0,1,30,5,2,40,0,3,5
137,8,3352302744,0,0,0,0,1,0,30,2,11,31,1,3,6
137,9,2163304300,0,1,0,0,2,1,30,2,36,6,1,4,6
137,10,1827244719,0,2,0,0,3,0,30,5,21,21,0,5,6
137,11,4127892721,0,3,0,0,0,1,30,5,25,17,0,5,7
138,0,637041588,0,0,0,0,1,0,30,5,23,19,0,1,0
138,1,790205942,0,1,0,0,2,1,30,1,29,13,0,1,1
138,2,2601630009,0,2,0,0,3,0,30,4,42,0,0,2,1
138,3,2265570428,0,3,0,0,0,1,30,4,31,11,1,3,1
138,4,1076571984,0,0,0,0,1,0,30,5,11,31,1,3,2
138,5,4230158849,0,1,0,0,2,1,30,1,13,29,0,3,3
138,6,893676757,0,2,0,0,3,0,30,5,29,13,0,4,3
138,7,2705100824,0,3,0,0,0,1,30,3,23,19,0,4,4
138,8,2369041243,0,0,0,0,1,0,30,4,24,18,0,5,4
138,9,374721949,0,1,0,0,2,1,30,5,28,14,0,5,5
138,10,38662368,0,2,0,0,3,0,30,2,0,42,1,5,6
138,11,3144631220,0,3,0,0,0,1,30,3,36,6,1,6,6
138,12,2808571639,0,0,0,0,1,0,30,6,23,19,0,7,6
139,0,2140167685,0,0,0,0,1,0,30,4,24,18,0,1,0
139,1,3098652889,0,1,0,0,2,1,30,4,42,0,1,2,0
139,2,1957272458,0,2,0,0,3,0,30,3,19,23,0,3,0
139,3,3768696525,0,3,0,0,0,1,30,4,36,6,1,4,0
139,4,2579698081,0,0,0,0,1,0,30,0,34,8,0,5,0
139,5,2243638500,0,1,0,0,2,1,30,6,14,28,0,5,1
139,6,2396802854,0,2,0,0,3,0,30,6,6,36,1,5,2
139,7,4208226921,0,3,0,0,0,1,30,3,35,7,1,6,2
139,8,871744829,0,0,0,0,1,0,30,6,24,18,0,7,2
140,0,2720550796,0,0,0,0,1,0,30,4,20,22,0,1,0
140,1,1579170365,0,1,0,0,2,1,30,5,3,39,0,1,1
140,2,390171921,0,2,0,0,3,0,30,3,13,29,0,2,1
140,3,54112340,0,3,0,0,0,1,30,5,35,7,1,3,1
140,4,3160081192,0,0,0,0,1,0,30,2,6,36,1,3,2
140,5,2018700761,0,1,0,0,2,1,30,2,6,36,0,3,3
140,6,829702317,0,2,0,0,3,0,30,5,41,1,0,4,3
140,7,493642736,0,3,0,0,0,1,30,4,2,40,0,4,4
140,8,2305066803,0,0,0,0,1,0,30,4,42,0,0,5,4
140,9,2458231157,0,1,0,0,2,1,30,2,25,17,0,5,5
140,10,2122171576,0,2,0,0,3,0,30,3,8,34,1,5,6
140,11,933173132,0,3,0,0,0,1,30,4,12,30,0,5,7
141,0,4223676893,0,0,0,0,1,0,30,6,24,18,0,1,0
141,1,3887617312,0,1,0,0,2,1,30,2,26,16,0,1,1
141,2,2698618868,0,2,0,0,3,0,30,2,12,30,1,1,2
141,3,3605383198,0,3,0,0,0,1,30,0,36,6,1,2,2
141,4,368239993,0,0,0,0,1,0,30,5,17,25,0,3,2
141,5,32180412,0,1,0,0,2,1,30,6,18,24,0,3,3
141,6,3138149264,0,2,0,0,3,0,30,4,18,24,0,4,3
141,7,4044913594,0,3,0,0,0,1,30,1,23,19,0,4,4
141,8,3708854013,0,0,0,0,1,0,30,2,20,22,0,5,4
141,9,471710808,0,1,0,0,2,1,30,0,42,0,1,6,4
141,10,2283134875,0,2,0,0,3,0,30,4,27,15,0,7,4
142,0,2435094542,0,0,0,0,1,0,30,1,1,41,1,0,1
142,1,2099034961,0,1,0,0,2,1,30,2,24,18,0,0,2
142,2,910036517,0,2,0,0,3,0,30,5,18,24,0,1,2
142,3,573976936,0,3,0,0,0,1,30,4,34,8,1,2,2
142,4,3679945788,0,0,0,0,1,0,30,6,22,20,0,3,2
142,5,2538565357,0,1,0,0,2,1,30,5,41,1,1,4,2
142,6,1349566913,0,2,0,0,3,0,30,3,8,34,1,4,3
142,7,1013507332,0,3,0,0,0,1,30,1,19,23,0,4,4
142,8,677447751,0,0,0,0,1,0,30,5,18,24,0,5,4
142,9,2978095753,0,1,0,0,2,1,30,5,11,31,0,5,5
142,10,2642036172,0,2,0,0,3,0,30,5,24,18,0,6,5
142,11,1453037728,0,3,0,0,0,1,30,5,6,36,0,6,6
142,12,1116978147,0,0,0,0,1,0,30,4,9,33,1,6,7
143,0,2496718954,0,0,0,0,1,0,30,5,28,14,0,1,0
143,1,1407059397,0,1,0,0,2,1,30,2,30,12,1,2,0
143,2,166340079,0,2,0,0,3,0,30,5,29,13,0,3,0
143,3,4125247794,0,3,0,0,0,1,30,5,36,6,1,4,0
143,4,2936249350,0,0,0,0,1,0,30,6,0,42,1,4,1
143,5,2600189769,0,1,0,0,2,1,30,6,26,16,0,4,2
143,6,2753354123,0,2,0,0,3,0,30,1,18,24,0,5,2
143,7,269810894,0,3,0,0,0,1,30,4,8,34,0,5,3
143,8,4228718609,0,0,0,0,1,0,30,3,29,13,0,6,3
143,9,3039720165,0,1,0,0,2,1,30,3,29,13,0,6,4
143,10,1898339734,0,2,0,0,3,0,30,4,42,0,0,7,4
144,0,3999845051,0,0,0,0,1,0,30,4,23,19,0,1,0
144,1,663362959,0,1,0,0,2,1,30,4,26,16,0,1,1
144,2,2474787026,0,2,0,0,3,0,30,4,35,7,0,2,1
144,3,1333406595,0,3,0,0,0,1,30,5,23,19,0,2,2
144,4,2291891799,0,0,0,0,1,0,30,4,0,42,1,2,3
144,5,4103315866,0,1,0,0,2,1,30,4,31,11,1,3,3
144,6,2914317422,0,2,0,0,3,0,30,5,24,18,0,4,3
144,7,2578257841,0,3,0,0,0,1,30,4,20,22,0,4,4
144,8,2731422195,0,0,0,0,1,0,30,0,30,12,0,5,4
144,9,247878966,0,1,0,0,2,1,30,1,36,6,1,6,4
144,10,4206786681,0,2,0,0,3,0,30,5,31,11,0,7,4
145,0,285260866,0,0,0,0,1,0,30,6,34,8,0,1,0
145,1,4244168581,0,1,0,0,2,1,30,5,23,19,0,1,1
145,2,2249849287,0,2,0,0,3,0,30,5,28,14,0,2,1
145,3,1913789706,0,3,0,0,0,1,30,5,30,12,1,3,1
145,4,724791262,0,0,0,0,1,0,30,6,23,19,0,4,1
145,5,388731681,0,1,0,0,2,1,30,2,12,30,0,4,2
145,6,3542318546,0,2,0,0,3,0,30,4,8,34,1,4,3
145,7,2353320102,0,3,0,0,0,1,30,4,18,24,0,4,4
145,8,4164744169,0,0,0,0,1,0,30,6,2,40,1,4,5
145,9,828262077,0,1,0,0,2,1,30,5,23,19,0,4,6
145,10,2639686144,0,2,0,0,3,0,30,5,22,20,0,5,6
145,11,2792850498,0,3,0,0,0,1,30,5,11,31,0,5,7
146,0,2372225999,0,0,0,0,1,0,30,4,25,17,0,1,0
146,1,1183227555,0,1,0,0,2,1,30,4,42,0,1,2,0
146,2,847167974,0,2,0,0,3,0,30,5,36,6,0,3,0
146,3,3147815976,0,3,0,0,0,1,30,5,30,12,1,4,0
146,4,2811756395,0,0,0,0,1,0,30,4,13,29,0,5,0
146,5,328213166,0,1,0,0,2,1,30,6,18,24,0,5,1
146,6,1286698370,0,2,0,0,3,0,30,4,35,7,0,6,1
146,7,2193462700,0,3,0,0,0,1,30,5,25,17,0,6,2
146,8,3251286791,0,0,0,0,1,0,30,6,0,42,1,6,3
146,9,2915227210,0,1,0,0,2,1,30,4,31,11,1,7,3
147,0,805125462,0,0,0,0,1,0,30,5,28,14,0,1,0
147,1,469065881,0,1,0,0,2,1,30,5,16,26,0,1,1
147,2,2769713883,0,2,0,0,3,0,30,5,40,2,0,2,1
147,3,2433654302,0,3,0,0,0,1,30,6,36,6,1,3,1
147,4,1244655858,0,0,0,0,1,0,30,2,39,3,0,4,1
147,5,908596277,0,1,0,0,2,1,30,4,40,2,1,5,1
147,6,3209244279,0,2,0,0,3,0,30,3,25,17,0,6,1
147,7,2873184698,0,3,0,0,0,1,30,5,8,34,0,6,2
147,8,2537125117,0,0,0,0,1,0,30,4,34,8,0,7,2
148,0,61429024,0,0,0,0,1,0,30,6,12,30,1,0,1
148,1,3266736763,0,1,0,0,2,1,30,5,17,25,0,0,2
148,2,2831338295,0,2,0,0,3,0,30,5,24,18,0,1,2
148,3,1689957864,0,3,0,0,0,1,30,6,42,0,1,2,2
148,4,500959420,0,0,0,0,1,0,30,4,9,33,1,2,3
148,5,164899839,0,1,0,0,2,1,30,5,41,1,1,3,3
148,6,1222723930,0,2,0,0,3,0,30,6,0,42,1,3,4
148,7,2129488260,0,3,0,0,0,1,30,4,28,14,0,3,5
148,8,1793428679,0,0,0,0,1,0,30,3,0,42,1,3,6
148,9,604430235,0,1,0,0,2,1,30,5,17,25,0,3,7
149,0,2888634670,0,0,0,0,1,0,30,5,0,42,1,0,1
149,1,405091441,0,1,0,0,2,1,30,5,42,0,1,1,1
149,2,558255795,0,2,0,0,3,0,30,3,2,40,1,1,2
149,3,222196214,0,3,0,0,0,1,30,5,36,6,1,2,2
149,4,3328165066,0,0,0,0,1,0,30,4,12,30,1,2,3
149,5,2992105485,0,1,0,0,2,1,30,6,30,12,1,3,3
149,6,1751386167,0,2,0,0,3,0,30,6,19,23,0,4,3
149,7,661726610,0,3,0,0,0,1,30,5,17,25,0,4,4
149,8,2473150677,0,0,0,0,1,0,30,6,11,31,1,4,5
149,9,3431635881,0,1,0,0,2,1,30,5,2,40,0,4,6
149,10,2190916563,0,2,0,0,3,0,30,5,40,2,0,5,6
149,11,1101257006,0,3,0,0,0,1,30,6,18,24,0,5,7
150,0,2728777268,0,0,0,0,1,0,30,5,19,23,0,1,0
150,1,1539778824,0,1,0,0,2,1,30,5,24,18,0,1,1
150,2,1203719243,0,2,0,0,3,0,30,4,24,18,0,2,1
150,3,2209822460,0,3,0,0,0,1,30,6,6,36,0,2,2
150,4,3168307664,0,0,0,0,1,0,30,6,23,19,0,3,2
150,5,684764435,0,1,0,0,2,1,30,4,4,38,0,3,3
150,6,1643249639,0,2,0,0,3,0,30,4,29,13,0,4,3
150,7,2649352856,0,3,0,0,0,1,30,5,34,8,1,5,3
150,8,3607838060,0,0,0,0,1,0,30,4,27,15,0,6,3
150,9,1124294831,0,1,0,0,2,1,30,4,34,8,1,7,3
151,0,4231903365,0,0,0,0,1,0,30,0,23,19,0,1,0
151,1,3042904921,0,1,0,0,2,1,30,3,13,29,0,1,1
151,2,2706845340,0,2,0,0,3,0,30,2,19,23,0,2,1
151,3,1517846896,0,3,0,0,0,1,30,4,29,13,0,2,2
151,4,376466465,0,0,0,0,1,0,30,5,39,3,0,3,2
151,5,2187890532,0,1,0,0,2,1,30,2,14,28,0,3,3
151,6,3146375736,0,2,0,0,3,0,30,1,13,29,0,4,3
151,7,662832507,0,3,0,0,0,1,30,4,23,19,0,4,4
151,8,815996861,0,0,0,0,1,0,30,4,14,28,0,5,4
151,9,479937280,0,1,0,0,2,1,30,5,41,1,1,6,4
151,10,2291361347,0,2,0,0,3,0,30,5,34,8,0,7,4
152,0,2664802828,0,0,0,0,1,0,30,4,36,6,0,1,0
152,1,2328743247,0,1,0,0,2,1,30,5,17,25,0,1,1
152,2,1139744803,0,2,0,0,3,0,30,3,12,30,1,1,2
152,3,4293331668,0,3,0,0,0,1,30,0,40,2,1,2,2
152,4,3104333224,0,0,0,0,1,0,30,6,1,41,1,2,3
152,5,2768273643,0,1,0,0,2,1,30,5,9,33,0,2,4
152,6,1579275199,0,2,0,0,3,0,30,4,6,36,1,2,5
152,7,437894768,0,3,0,0,0,1,30,4,41,1,1,3,5
152,8,101835187,0,0,0,0,1,0,30,4,0,42,1,3,6
152,9,3207804039,0,1,0,0,2,1,30,4,42,0,1,4,6
152,10,2871744458,0,2,0,0,3,0,30,4,7,35,1,4,7
153,0,1921106390,0,0,0,0,1,0,30,5,27,15,0,1,0
153,1,831446833,0,1,0,0,2,1,30,5,13,29,0,1,1
153,2,396048365,0,2,0,0,3,0,30,2,13,29,0,2,1
153,3,59988784,0,3,0,0,0,1,30,0,24,18,0,2,2
153,4,2360636786,0,0,0,0,1,0,30,2,19,23,0,3,2
153,5,2024577205,0,1,0,0,2,1,30,5,31,11,1,4,2
153,6,3082401296,0,2,0,0,3,0,30,5,23,19,0,5,2
153,7,499519180,0,3,0,0,0,1,30,5,14,28,0,5,3
153,8,163459599,0,0,0,0,1,0,30,4,41,1,0,6,3
153,9,2464107601,0,1,0,0,2,1,30,5,3,39,0,6,4
153,10,2128048020,0,2,0,0,3,0,30,4,25,17,0,7,4
154,0,453344740,0,0,0,0,1,0,30,5,26,16,0,1,0
154,1,2264768807,0,1,0,0,2,1,30,4,30,12,1,2,0
154,2,3223254011,0,2,0,0,3,0,30,5,15,27,0,3,0
154,3,2081873580,0,3,0,0,0,1,30,4,3,39,0,3,1
154,4,892875136,0,0,0,0,1,0,30,5,11,31,1,3,2
154,5,556815555,0,1,0,0,2,1,30,2,29,13,0,3,3
154,6,2368239622,0,2,0,0,3,0,30,4,42,0,0,4,3
154,7,2521403976,0,3,0,0,0,1,30,1,30,12,1,5,3
154,8,37860747,0,0,0,0,1,0,30,1,11,31,1,5,4
154,9,996345951,0,1,0,0,2,1,30,4,22,20,0,5,5
154,10,2807770018,0,2,0,0,3,0,30,6,1,41,1,5,6
154,11,1618771574,0,3,0,0,0,1,30,5,35,7,1,6,6
154,12,477391143,0,0,0,0,1,0,30,6,30,12,0,7,6
155,0,293487338,0,0,0,0,1,0,30,4,23,19,0,1,0
155,1,3399456190,0,1,0,0,2,1,30,4,29,13,0,1,1
155,2,3063396609,0,2,0,0,3,0,30,4,19,23,0,2,1
155,3,579853380,0,3,0,0,0,1,30,5,18,24,0,2,2
155,4,733017734,0,0,0,0,1,0,30,4,0,42,1,2,3
155,5,2544441801,0,1,0,0,2,1,30,5,14,28,0,2,4
155,6,3502927005,0,2,0,0,3,0,30,5,41,1,0,3,4
155,7,1019383776,0,3,0,0,0,1,30,4,13,29,0,3,5
155,8,1172548130,0,0,0,0,1,0,30,4,29,13,0,4,5
155,9,2983972197,0,1,0,0,2,1,30,5,42,0,1,5,5
155,10,2647912616,0,2,0,0,3,0,30,4,13,29,0,6,5
155,11,1458914172,0,3,0,0,0,1,30,4,24,18,0,6,6
155,12,317533741,0,0,0,0,1,0,30,1,6,36,1,6,7
156,0,2601934285,0,0,0,0,1,0,30,4,8,34,1,0,1
156,1,607614991,0,1,0,0,2,1,30,4,1,41,0,0,2
156,2,271555410,0,2,0,0,3,0,30,6,13,29,0,1,2
156,3,3377524262,0,3,0,0,0,1,30,6,35,7,1,2,2
156,4,3041464681,0,0,0,0,1,0,30,3,36,6,0,3,2
156,5,4047567898,0,1,0,0,2,1,30,4,1,41,0,3,3
156,6,711085806,0,2,0,0,3,0,30,0,25,17,0,4,3
156,7,2522509873,0,3,0,0,0,1,30,4,0,42,0,4,4
156,8,3480995077,0,0,0,0,1,0,30,4,2,40,1,4,5
156,9,2339614646,0,1,0,0,2,1,30,4,26,16,0,4,6
156,10,4151038713,0,2,0,0,3,0,30,6,11,31,1,4,7
157,0,229512898,0,0,0,0,1,0,30,2,12,30,1,0,1
157,1,4188420613,0,1,0,0,2,1,30,3,9,33,0,0,2
157,2,2999422169,0,2,0,0,3,0,30,6,28,14,0,1,2
157,3,2663362588,0,3,0,0,0,1,30,6,24,18,0,1,3
157,4,669043294,0,0,0,0,1,0,30,5,0,42,1,1,4
157,5,332983713,0,1,0,0,2,1,30,4,41,1,1,2,4
157,6,3438952565,0,2,0,0,3,0,30,2,28,14,0,3,4
157,7,3102892984,0,3,0,0,0,1,30,5,25,17,0,3,5
157,8,1961512553,0,0,0,0,1,0,30,4,0,42,1,3,6
157,9,772514109,0,1,0,0,2,1,30,4,41,1,1,4,6
157,10,436454528,0,2,0,0,3,0,30,0,14,28,0,5,6
157,11,3542423380,0,3,0,0,0,1,30,4,35,7,1,6,6
157,12,2401042949,0,0,0,0,1,0,30,4,19,23,0,7,6
158,0,2537959845,0,0,0,0,1,0,30,5,23,19,0,1,0
158,1,2691124199,0,1,0,0,2,1,30,3,42,0,1,2,0
158,2,207580970,0,2,0,0,3,0,30,3,17,25,0,3,0
158,3,1919666150,0,3,0,0,0,1,30,4,7,35,0,3,1
158,4,2977490241,0,0,0,0,1,0,30,4,36,6,0,4,1
158,5,2641430660,0,1,0,0,2,1,30,6,42,0,1,5,1
158,6,647111366,0,2,0,0,3,0,30,1,1,41,1,5,2
158,7,311051785,0,3,0,0,0,1,30,4,22,20,0,5,3
158,8,2023136965,0,0,0,0,1,0,30,4,26,16,0,6,3
158,9,3080961056,0,1,0,0,2,1,30,5,24,18,0,6,4
158,10,3987725386,0,2,0,0,3,0,30,0,23,19,0,7,4
159,0,2896861142,0,0,0,0,1,0,30,6,7,35,1,0,1
159,1,1707862698,0,1,0,0,2,1,30,4,34,8,1,1,1
159,2,3519286765,0,2,0,0,3,0,30,5,0,42,1,1,2
159,3,131083799,0,3,0,0,0,1,30,3,41,1,1,2,2
159,4,3336391538,0,0,0,0,1,0,30,1,11,31,1,2,3
159,5,852848309,0,1,0,0,2,1,30,1,30,12,1,3,3
159,6,3958817161,0,2,0,0,3,0,30,4,0,42,1,3,4
159,7,3622757580,0,3,0,0,0,1,30,4,24,18,0,3,5
159,8,3775921934,0,0,0,0,1,0,30,5,18,24,0,4,5
159,9,1292378705,0,1,0,0,2,1,30,4,17,25,0,4,6
159,10,956319124,0,2,0,0,3,0,30,1,11,31,1,4,7
160,0,811001906,0,0,0,0,1,0,30,5,22,20,0,1,0
160,1,964166260,0,1,0,0,2,1,30,3,25,17,0,1,1
160,2,628106679,0,2,0,0,3,0,30,5,19,23,0,2,1
160,3,2439530746,0,3,0,0,0,1,30,4,30,12,1,3,1
160,4,1250532302,0,0,0,0,1,0,30,5,31,11,0,4,1
160,5,109151871,0,1,0,0,2,1,30,4,30,12,1,5,1
160,6,1067637075,0,2,0,0,3,0,30,4,0,42,1,5,2
160,7,2879061142,0,3,0,0,0,1,30,5,18,24,0,5,3
160,8,3837546346,0,0,0,0,1,0,30,6,12,30,1,5,4
160,9,548682267,0,1,0,0,2,1,30,1,42,0,1,6,4
160,10,212622686,0,2,0,0,3,0,30,6,14,28,0,7,4
161,0,586064167,0,0,0,0,1,0,30,2,0,42,1,0,1
161,1,250004586,0,1,0,0,2,1,30,4,25,17,0,0,2
161,2,1307828677,0,2,0,0,3,0,30,2,0,42,1,0,3
161,3,971769096,0,3,0,0,0,1,30,2,13,29,0,0,4
161,4,1025594563,0,0,0,0,1,0,30,4,8,34,1,0,5
161,5,689534982,0,1,0,0,2,1,30,5,24,18,0,0,6
161,6,1747359073,0,2,0,0,3,0,30,3,22,20,0,1,6
161,7,1411299492,0,3,0,0,0,1,30,4,42,0,1,2,6
161,8,2318063822,0,0,0,0,1,0,30,5,16,26,0,3,6
161,9,3375887913,0,1,0,0,2,1,30,0,36,6,1,4,6
161,10,793005797,0,2,0,0,3,0,30,4,30,12,0,5,6
161,11,1850829888,0,3,0,0,0,1,30,6,31,11,1,6,6
161,12,2757594218,0,0,0,0,1,0,30,5,13,29,0,7,6
162,0,2894511114,0,0,0,0,1,0,30,4,13,29,0,1,0
162,1,1753130683,0,1,0,0,2,1,30,5,9,33,0,1,1
162,2,564132239,0,2,0,0,3,0,30,4,1,41,1,1,2
162,3,228072658,0,3,0,0,0,1,30,2,33,9,1,2,2
162,4,3334041510,0,0,0,0,1,0,30,4,29,13,0,3,2
162,5,2192661079,0,1,0,0,2,1,30,5,36,6,1,4,2
162,6,1003662635,0,2,0,0,3,0,30,1,0,42,1,4,3
162,7,667603054,0,3,0,0,0,1,30,5,23,19,0,4,4
162,8,331543473,0,0,0,0,1,0,30,5,1,41,1,4,5
162,9,2632191475,0,1,0,0,2,1,30,5,36,6,1,5,5
162,10,2296131894,0,2,0,0,3,0,30,4,11,31,1,5,6
162,11,1107133450,0,3,0,0,0,1,30,5,15,27,0,5,7
163,0,686508951,0,0,0,0,1,0,30,5,35,7,0,1,0
163,1,3792477803,0,1,0,0,2,1,30,1,35,7,1,2,0
163,2,404274837,0,2,0,0,3,0,30,4,19,23,0,3,0
163,3,1462098928,0,3,0,0,0,1,30,5,20,22,0,3,1
163,4,1126039347,0,0,0,0,1,0,30,3,18,24,0,4,1
163,5,789979766,0,1,0,0,2,1,30,5,30,12,1,5,1
163,6,843805233,0,2,0,0,3,0,30,5,33,9,0,6,1
163,7,507745652,0,3,0,0,0,1,30,6,0,42,0,6,2
163,8,1565569743,0,0,0,0,1,0,30,5,16,26,0,7,2
164,0,3414375710,0,0,0,0,1,0,30,4,1,41,1,0,1
164,1,3567540064,0,1,0,0,2,1,30,5,24,18,0,0,2
164,2,1083996835,0,2,0,0,3,0,30,6,18,24,0,1,2
164,3,747937254,0,3,0,0,0,1,30,1,31,11,1,2,2
164,4,3853906106,0,0,0,0,1,0,30,6,17,25,0,3,2
164,5,2712525675,0,1,0,0,2,1,30,5,30,12,1,4,2
164,6,3671010879,0,2,0,0,3,0,30,2,25,17,0,5,2
164,7,1187467650,0,3,0,0,0,1,30,5,24,18,0,5,3
164,8,4293436502,0,0,0,0,1,0,30,5,8,34,1,5,4
164,9,3152056071,0,1,0,0,2,1,30,5,19,23,0,5,5
164,10,2815996490,0,2,0,0,3,0,30,4,42,0,0,6,5
164,11,1626998046,0,3,0,0,0,1,30,5,19,23,0,6,6
164,12,1290938465,0,0,0,0,1,0,30,2,8,34,1,6,7
165,0,2670679272,0,0,0,0,1,0,30,1,31,11,0,1,0
165,1,1581019715,0,1,0,0,2,1,30,4,17,25,0,1,1
165,2,2487784045,0,2,0,0,3,0,30,4,31,11,0,2,1
165,3,4240816,0,3,0,0,0,1,30,4,25,17,0,2,2
165,4,3110209668,0,0,0,0,1,0,30,4,35,7,0,3,2
165,5,2774150087,0,1,0,0,2,1,30,5,8,34,0,3,3
165,6,2927314441,0,2,0,0,3,0,30,3,17,25,0,4,3
165,7,443771212,0,3,0,0,0,1,30,5,20,22,0,4,4
165,8,1402256416,0,0,0,0,1,0,30,5,30,12,0,5,4
165,9,3213680483,0,1,0,0,2,1,30,4,29,13,0,5,5
165,10,2072300052,0,2,0,0,3,0,30,5,24,18,0,6,5
165,11,883301608,0,3,0,0,0,1,30,5,25,17,0,6,6
165,12,547242027,0,0,0,0,1,0,30,3,12,30,1,6,7
166,0,1202917622,0,0,0,0,1,0,30,4,25,17,0,1,0
166,1,2109681952,0,1,0,0,2,1,30,5,18,24,0,1,1
166,2,3167506043,0,2,0,0,3,0,30,4,7,35,1,1,2
166,3,2831446462,0,3,0,0,0,1,30,3,41,1,1,2,2
166,4,1642448018,0,0,0,0,1,0,30,6,19,23,0,3,2
166,5,2549212348,0,1,0,0,2,1,30,5,19,23,0,3,3
166,6,3607036439,0,2,0,0,3,0,30,4,35,7,0,4,3
166,7,3270976858,0,3,0,0,0,1,30,4,28,14,0,4,4
166,8,787433629,0,0,0,0,1,0,30,4,19,23,0,5,4
166,9,940597983,0,1,0,0,2,1,30,5,13,29,0,5,5
166,10,2652683163,0,2,0,0,3,0,30,1,30,12,0,6,5
166,11,3710507254,0,3,0,0,0,1,30,3,25,17,0,6,6
166,12,1226964025,0,0,0,0,1,0,30,5,16,26,0,7,6
167,0,1043060220,0,0,0,0,1,0,30,4,0,42,1,0,1
167,1,3343708222,0,1,0,0,2,1,30,3,35,7,1,1,1
167,2,3007648641,0,2,0,0,3,0,30,6,38,4,0,2,1
167,3,1818650197,0,3,0,0,0,1,30,6,19,23,0,2,2
167,4,1482590616,0,0,0,0,1,0,30,4,17,25,0,3,2
167,5,3294014683,0,1,0,0,2,1,30,4,2,40,0,3,3
167,6,3447179037,0,2,0,0,3,0,30,5,26,16,0,4,3
167,7,3111119456,0,3,0,0,0,1,30,5,13,29,0,4,4
167,8,1922121012,0,0,0,0,1,0,30,2,16,26,0,5,4
167,9,3733545079,0,1,0,0,2,1,30,3,25,17,0,5,5
167,10,3886709433,0,2,0,0,3,0,30,4,41,1,0,6,5
167,11,3550649852,0,3,0,0,0,1,30,4,2,40,0,6,6
167,12,1067106623,0,0,0,0,1,0,30,1,11,31,1,6,7
168,0,2965606129,0,0,0,0,1,0,30,3,35,7,0,1,0
168,1,3924091333,0,1,0,0,2,1,30,4,0,42,0,1,1
168,2,1440548104,0,2,0,0,3,0,30,6,28,14,0,2,1
168,3,1104488523,0,3,0,0,0,1,30,1,31,11,1,3,1
168,4,3405136525,0,0,0,0,1,0,30,1,7,35,1,3,2
168,5,3069076944,0,1,0,0,2,1,30,1,36,6,1,4,2
168,6,1880078500,0,2,0,0,3,0,30,4,42,0,0,5,2
168,7,1544018919,0,3,0,0,0,1,30,3,42,0,1,6,2
168,8,1207959338,0,0,0,0,1,0,30,1,1,41,1,6,3
168,9,3508607340,0,1,0,0,2,1,30,5,42,0,1,7,3
169,0,979085780,0,0,0,0,1,0,30,1,6,36,1,0,1
169,1,1937570984,0,1,0,0,2,1,30,5,8,34,0,0,2
169,2,2943674201,0,2,0,0,3,0,30,4,41,1,0,1,2
169,3,2607614620,0,3,0,0,0,1,30,5,13,29,0,1,3
169,4,1418616176,0,0,0,0,1,0,30,4,20,22,0,2,3
169,5,1082556595,0,1,0,0,2,1,30,4,13,29,0,2,4
169,6,1235720949,0,2,0,0,3,0,30,5,25,17,0,3,4
169,7,3047145016,0,3,0,0,0,1,30,4,0,42,0,3,5
169,8,1858146572,0,0,0,0,1,0,30,4,41,1,0,4,5
169,9,1522086991,0,1,0,0,2,1,30,4,9,33,0,4,6
169,10,380706560,0,2,0,0,3,0,30,1,23,19,0,5,6
169,11,3486675412,0,3,0,0,0,1,30,5,17,25,0,5,7
170,0,235389342,0,0,0,0,1,0,30,4,9,33,1,0,1
170,1,3440697081,0,1,0,0,2,1,30,5,0,42,0,0,2
170,2,957153852,0,2,0,0,3,0,30,4,14,28,0,1,2
170,3,1863918182,0,3,0,0,0,1,30,6,36,6,1,2,2
170,4,2822403386,0,0,0,0,1,0,30,5,1,41,1,2,3
170,5,338860157,0,1,0,0,2,1,30,5,17,25,0,2,4
170,6,1396684248,0,2,0,0,3,0,30,5,30,12,0,3,4
170,7,2303448578,0,3,0,0,0,1,30,5,31,11,1,4,4
170,8,3261933782,0,0,0,0,1,0,30,1,11,31,1,4,5
170,9,778390553,0,1,0,0,2,1,30,4,24,18,0,4,6
170,10,442330972,0,2,0,0,3,0,30,4,42,0,0,5,6
170,11,1500155063,0,3,0,0,0,1,30,4,8,34,0,5,7
171,0,3646434024,0,0,0,0,1,0,30,5,27,15,0,1,0
171,1,1652114730,0,1,0,0,2,1,30,1,42,0,1,2,0
171,2,1316055149,0,2,0,0,3,0,30,5,31,11,0,3,0
171,3,127056705,0,3,0,0,0,1,30,0,30,12,1,4,0
171,4,4085964420,0,0,0,0,1,0,30,4,8,34,1,4,1
171,5,697761454,0,1,0,0,2,1,30,6,24,18,0,4,2
171,6,1755585545,0,2,0,0,3,0,30,5,30,12,0,5,2
171,7,3567009612,0,3,0,0,0,1,30,4,16,26,0,5,3
171,8,230527520,0,0,0,0,1,0,30,6,0,42,1,5,4
171,9,1137291850,0,1,0,0,2,1,30,5,3,39,0,5,5
171,10,2948715917,0,2,0,0,3,0,30,5,17,25,0,6,5
171,11,1859056360,0,3,0,0,0,1,30,3,41,1,1,7,5
172,0,2902737586,0,0,0,0,1,0,30,2,23,19,0,1,0
172,1,1713739142,0,1,0,0,2,1,30,5,2,40,0,1,1
172,2,1377679561,0,2,0,0,3,0,30,4,6,36,1,1,2
172,3,3678327563,0,3,0,0,0,1,30,4,33,9,1,2,2
172,4,3342267982,0,0,0,0,1,0,30,2,0,42,1,2,3
172,5,858724753,0,1,0,0,2,1,30,4,30,12,1,3,3
172,6,1817209957,0,2,0,0,3,0,30,2,23,19,0,4,3
172,7,675829526,0,3,0,0,0,1,30,5,23,19,0,4,4
172,8,3781798378,0,0,0,0,1,0,30,5,2,40,1,4,5
172,9,3445738797,0,1,0,0,2,1,30,4,12,30,0,4,6
172,10,2256740353,0,2,0,0,3,0,30,5,36,6,0,5,6
172,11,1115359922,0,3,0,0,0,1,30,0,36,6,1,6,6
172,12,2926783989,0,0,0,0,1,0,30,5,12,30,1,6,7
173,0,1335637049,0,0,0,0,1,0,30,3,13,29,0,1,0
173,1,1488801403,0,1,0,0,2,1,30,1,34,8,1,2,0
173,2,3300225470,0,2,0,0,3,0,30,4,15,27,0,3,0
173,3,2964165889,0,3,0,0,0,1,30,2,20,22,0,3,1
173,4,1775167445,0,0,0,0,1,0,30,4,30,12,0,4,1
173,5,1439107864,0,1,0,0,2,1,30,5,1,41,0,4,2
173,6,3739755866,0,2,0,0,3,0,30,4,18,24,0,5,2
173,7,3403696285,0,3,0,0,0,1,30,5,41,1,1,6,2
173,8,3067636704,0,0,0,0,1,0,30,5,24,18,0,7,2
174,0,2838763146,0,0,0,0,1,0,30,4,30,12,0,1,0
174,1,3797248350,0,1,0,0,2,1,30,4,20,22,0,1,1
174,2,1313705121,0,2,0,0,3,0,30,4,0,42,1,1,2
174,3,172324690,0,3,0,0,0,1,30,5,31,11,1,2,2
174,4,3278293542,0,0,0,0,1,0,30,5,18,24,0,3,2
174,5,2942233961,0,1,0,0,2,1,30,5,13,29,0,3,3
174,6,1753235517,0,2,0,0,3,0,30,4,1,41,1,3,4
174,7,611855086,0,3,0,0,0,1,30,6,29,13,0,3,5
174,8,3717823938,0,0,0,0,1,0,30,1,13,29,0,4,5
174,9,3381764357,0,1,0,0,2,1,30,4,42,0,1,5,5
174,10,3045704776,0,2,0,0,3,0,30,2,24,18,0,6,5
174,11,1051385482,0,3,0,0,0,1,30,4,8,34,0,6,6
174,12,715325901,0,0,0,0,1,0,30,5,18,24,0,7,6
175,0,1855501645,0,0,0,0,1,0,30,4,13,29,0,1,0
175,1,2008665999,0,1,0,0,2,1,30,4,3,39,0,1,1
175,2,1672606418,0,2,0,0,3,0,30,4,39,3,0,2,1
175,3,3484030485,0,3,0,0,0,1,30,4,24,18,0,2,2
175,4,147548393,0,0,0,0,1,0,30,4,17,25,0,3,2
175,5,1153651610,0,1,0,0,2,1,30,5,23,19,0,3,3
175,6,2112136814,0,2,0,0,3,0,30,4,30,12,0,4,3
175,7,3923560881,0,3,0,0,0,1,30,4,1,41,0,4,4
175,8,587078789,0,0,0,0,1,0,30,5,0,42,1,4,5
175,9,3740665654,0,1,0,0,2,1,30,5,0,42,0,4,6
175,10,1257122425,0,2,0,0,3,0,30,6,0,42,1,4,7
176,0,1211144094,0,0,0,0,1,0,30,2,33,9,0,1,0
176,1,22145650,0,1,0,0,2,1,30,5,42,0,1,2,0
176,2,3175732515,0,2,0,0,3,0,30,5,21,21,0,3,0
176,3,1986734071,0,3,0,0,0,1,30,5,24,18,0,3,1
176,4,1650674490,0,0,0,0,1,0,30,4,1,41,1,3,2
176,5,3462098557,0,1,0,0,2,1,30,5,42,0,1,4,2
176,6,3615262911,0,2,0,0,3,0,30,3,7,35,1,4,3
176,7,1131719682,0,3,0,0,0,1,30,4,25,17,0,4,4
176,8,2090204886,0,0,0,0,1,0,30,4,22,20,0,5,4
176,9,3901628953,0,1,0,0,2,1,30,4,31,11,1,6,4
176,10,3565569372,0,2,0,0,3,0,30,5,13,29,0,7,4
177,0,467447656,0,0,0,0,1,0,30,5,24,18,0,1,0
177,1,3573416508,0,1,0,0,2,1,30,4,19,23,0,1,1
177,2,3237356927,0,2,0,0,3,0,30,1,18,24,0,2,1
177,3,2048358483,0,3,0,0,0,1,30,4,30,12,1,3,1
177,4,906978052,0,0,0,0,1,0,30,4,30,12,0,4,1
177,5,2718402119,0,1,0,0,2,1,30,4,29,13,0,4,2
177,6,3676887323,0,2,0,0,3,0,30,4,0,42,1,4,3
177,7,1193344094,0,3,0,0,0,1,30,4,36,6,1,5,3
177,8,1346508448,0,0,0,0,1,0,30,4,2,40,1,5,4
177,9,1010448867,0,1,0,0,2,1,30,5,22,20,0,5,5
177,10,4116417719,0,2,0,0,3,0,30,5,41,1,0,6,5
177,11,1632874490,0,3,0,0,0,1,30,4,26,16,0,6,6
177,12,491494059,0,0,0,0,1,0,30,4,23,19,0,7,6
178,0,3195314415,0,0,0,0,1,0,30,2,24,18,0,1,0
178,1,4253138506,0,1,0,0,2,1,30,5,42,0,1,2,0
178,2,3917078925,0,2,0,0,3,0,30,5,42,0,0,3,0
178,3,528875959,0,3,0,0,0,1,30,4,41,1,1,4,0
178,4,1586700050,0,0,0,0,1,0,30,3,34,8,0,5,0
178,5,3298785230,0,1,0,0,2,1,30,0,19,23,0,5,1
178,6,61642025,0,2,0,0,3,0,30,5,23,19,0,6,1
178,7,968406355,0,3,0,0,0,1,30,5,19,23,0,6,2
178,8,632346774,0,0,0,0,1,0,30,5,11,31,1,6,3
178,9,1690170865,0,1,0,0,2,1,30,1,25,17,0,6,4
178,10,3402256045,0,2,0,0,3,0,30,5,30,12,0,7,4
179,0,403473216,0,0,0,0,1,0,30,4,25,17,0,1,0
179,1,1361958420,0,1,0,0,2,1,30,4,22,20,0,1,1
179,2,3173382487,0,2,0,0,3,0,30,5,30,12,0,2,1
179,3,2837322906,0,3,0,0,0,1,30,3,31,11,1,3,1
179,4,843003612,0,0,0,0,1,0,30,4,8,34,1,3,2
179,5,506944031,0,1,0,0,2,1,30,5,9,33,0,3,3
179,6,3612912883,0,2,0,0,3,0,30,4,19,23,0,4,3
179,7,3276853302,0,3,0,0,0,1,30,5,25,17,0,4,4
179,8,1282534008,0,0,0,0,1,0,30,4,1,41,1,4,5
179,9,946474427,0,1,0,0,2,1,30,5,7,35,0,4,6
179,10,610414846,0,2,0,0,3,0,30,5,11,31,1,4,7
180,0,1567695363,0,0,0,0,1,0,30,4,31,11,0,1,0
180,1,378696919,0,1,0,0,2,1,30,6,35,7,1,2,0
180,2,3532283784,0,2,0,0,3,0,30,3,1,41,1,2,1
180,3,1048740555,0,3,0,0,0,1,30,5,19,23,0,2,2
180,4,2007225759,0,0,0,0,1,0,30,4,7,35,1,2,3
180,5,3818649826,0,1,0,0,2,1,30,5,35,7,1,3,3
180,6,3971814180,0,2,0,0,3,0,30,6,24,18,0,4,3
180,7,1488270951,0,3,0,0,0,1,30,5,8,34,0,4,4
180,8,2446756155,0,0,0,0,1,0,30,5,34,8,0,5,4
180,9,4258180222,0,1,0,0,2,1,30,4,1,41,0,5,5
180,10,3116799791,0,2,0,0,3,0,30,4,28,14,0,6,5
180,11,1927801347,0,3,0,0,0,1,30,0,30,12,1,7,5
181,0,3070821460,0,0,0,0,1,0,30,5,28,14,0,1,0
181,1,1881823016,0,1,0,0,2,1,30,5,2,40,0,1,1
181,2,1545763435,0,2,0,0,3,0,30,4,36,6,0,2,1
181,3,2551866652,0,3,0,0,0,1,30,5,31,11,1,3,1
181,4,3510351856,0,0,0,0,1,0,30,5,12,30,1,3,2
181,5,1026808627,0,1,0,0,2,1,30,5,25,17,0,3,3
181,6,1985293831,0,2,0,0,3,0,30,4,2,40,1,3,4
181,7,3796717898,0,3,0,0,0,1,30,4,23,19,0,3,5
181,8,3949882252,0,0,0,0,1,0,30,5,30,12,0,4,5
181,9,1466339023,0,1,0,0,2,1,30,4,24,18,0,4,6
181,10,1130279442,0,2,0,0,3,0,30,5,24,18,0,5,6
181,11,4236248294,0,3,0,0,0,1,30,5,8,34,0,5,7
182,0,3132445872,0,0,0,0,1,0,30,4,0,42,1,0,1
182,1,1138126578,0,1,0,0,2,1,30,5,32,10,1,1,1
182,2,802066997,0,2,0,0,3,0,30,4,29,13,0,2,1
182,3,3908035849,0,3,0,0,0,1,30,4,30,12,1,3,1
182,4,3571976268,0,0,0,0,1,0,30,3,0,42,1,3,2
182,5,283112189,0,1,0,0,2,1,30,4,0,42,0,3,3
182,6,1241597393,0,2,0,0,3,0,30,2,23,19,0,4,3
182,7,3053021460,0,3,0,0,0,1,30,5,26,16,0,4,4
182,8,4011506664,0,0,0,0,1,0,30,5,41,1,0,5,4
182,9,2870126233,0,1,0,0,2,1,30,4,18,24,0,5,5
182,10,386583004,0,2,0,0,3,0,30,6,28,14,0,6,5
182,11,3492551856,0,3,0,0,0,1,30,6,31,11,1,7,5
183,0,760024485,0,0,0,0,1,0,30,6,11,31,1,0,1
183,1,3965332224,0,1,0,0,2,1,30,2,2,40,0,0,2
183,2,1481788995,0,2,0,0,3,0,30,5,18,24,0,1,2
183,3,1145729414,0,3,0,0,0,1,30,5,24,18,0,1,3
183,4,3446377416,0,0,0,0,1,0,30,4,26,16,0,2,3
183,5,863495300,0,1,0,0,2,1,30,4,18,24,0,2,4
183,6,1921319391,0,2,0,0,3,0,30,6,1,41,1,2,5
183,7,1585259810,0,3,0,0,0,1,30,5,12,30,0,2,6
183,8,2492024140,0,0,0,0,1,0,30,5,6,36,1,2,7
184,0,2846989618,0,0,0,0,1,0,30,4,22,20,0,1,0
184,1,1657991174,0,1,0,0,2,1,30,5,1,41,0,1,1
184,2,1321931593,0,2,0,0,3,0,30,1,33,9,0,2,1
184,3,132933149,0,3,0,0,0,1,30,5,13,29,0,2,2
184,4,3286520014,0,0,0,0,1,0,30,5,34,8,0,3,2
184,5,2950460433,0,1,0,0,2,1,30,6,23,19,0,3,3
184,6,1761461989,0,2,0,0,3,0,30,4,35,7,0,4,3
184,7,1425402408,0,3,0,0,0,1,30,4,25,17,0,4,4
184,8,236403964,0,0,0,0,1,0,30,6,1,41,1,4,5
184,9,3389990829,0,1,0,0,2,1,30,5,0,42,0,4,6
184,10,2200992385,0,2,0,0,3,0,30,5,6,36,1,4,7
185,0,3427372729,0,0,0,0,1,0,30,5,42,0,0,1,0
185,1,2238374285,0,1,0,0,2,1,30,5,19,23,0,1,1
185,2,4049798352,0,2,0,0,3,0,30,4,1,41,1,1,2
185,3,2908417921,0,3,0,0,0,1,30,4,35,7,1,2,2
185,4,3866903125,0,0,0,0,1,0,30,6,23,19,0,3,2
185,5,1383359896,0,1,0,0,2,1,30,4,12,30,0,3,3
185,6,194361452,0,2,0,0,3,0,30,2,42,0,0,4,3
185,7,3347948317,0,3,0,0,0,1,30,1,15,27,0,4,4
185,8,11466225,0,0,0,0,1,0,30,4,30,12,0,5,4
185,9,1822890292,0,1,0,0,2,1,30,5,19,23,0,5,5
185,10,1486830711,0,2,0,0,3,0,30,4,0,42,1,5,6
185,11,297832267,0,3,0,0,0,1,30,5,42,0,1,6,6
185,12,3451419132,0,0,0,0,1,0,30,5,24,18,0,7,6
186,0,3588336028,0,0,0,0,1,0,30,4,29,13,0,1,0
186,1,3741500382,0,1,0,0,2,1,30,0,23,19,0,1,1
186,2,3405440801,0,2,0,0,3,0,30,5,41,1,0,2,1
186,3,921897572,0,3,0,0,0,1,30,4,4,38,0,2,2
186,4,4027866424,0,0,0,0,1,0,30,5,35,7,0,3,2
186,5,2886485993,0,1,0,0,2,1,30,5,31,11,1,4,2
186,6,3844971197,0,2,0,0,3,0,30,4,3,39,1,4,3
186,7,1361427968,0,3,0,0,0,1,30,5,42,0,1,5,3
186,8,2319913172,0,0,0,0,1,0,30,0,13,29,0,6,3
186,9,3326016389,0,1,0,0,2,1,30,4,29,13,0,6,4
186,10,2989956808,0,2,0,0,3,0,30,4,30,12,0,7,4
187,0,3363398289,0,0,0,0,1,0,30,5,11,31,1,0,1
187,1,3027338708,0,1,0,0,2,1,30,5,12,30,0,0,2
187,2,1838340264,0,2,0,0,3,0,30,5,34,8,0,1,2
187,3,1502280683,0,3,0,0,0,1,30,5,42,0,1,2,2
187,4,3802928685,0,0,0,0,1,0,30,5,22,20,0,3,2
187,5,3466869104,0,1,0,0,2,1,30,4,15,27,0,3,3
187,6,2277870660,0,2,0,0,3,0,30,3,1,41,1,3,4
187,7,1941811079,0,3,0,0,0,1,30,4,35,7,1,4,4
187,8,800430648,0,0,0,0,1,0,30,4,35,7,0,5,4
187,9,3906399500,0,1,0,0,2,1,30,4,19,23,0,5,5
187,10,3570339919,0,2,0,0,3,0,30,5,18,24,0,6,5
187,11,2381341475,0,3,0,0,0,1,30,4,18,24,0,6,6
187,12,1239961044,0,0,0,0,1,0,30,4,30,12,0,7,6
188,0,3203540887,0,0,0,0,1,0,30,4,35,7,0,1,0
188,1,4261364978,0,1,0,0,2,1,30,4,24,18,0,1,1
188,2,3925305397,0,2,0,0,3,0,30,5,35,7,0,2,1
188,3,2736306953,0,3,0,0,0,1,30,4,20,22,0,2,2
188,4,3643071283,0,0,0,0,1,0,30,4,31,11,0,3,2
188,5,3307011702,0,1,0,0,2,1,30,2,29,13,0,3,3
188,6,69868497,0,2,0,0,3,0,30,2,22,20,0,4,3
188,7,4028776212,0,3,0,0,0,1,30,5,6,36,0,4,4
188,8,4082601679,0,0,0,0,1,0,30,0,1,41,1,4,5
188,9,3746542098,0,1,0,0,2,1,30,5,12,30,0,4,6
188,10,509398893,0,2,0,0,3,0,30,3,19,23,0,5,6
188,11,173339312,0,3,0,0,0,1,30,5,42,0,1,6,6
188,12,1080103642,0,0,0,0,1,0,30,4,2,40,1,6,7
189,0,1217020538,0,0,0,0,1,0,30,4,0,42,1,0,1
189,1,3517668540,0,1,0,0,2,1,30,5,39,3,1,1,1
189,2,3181608959,0,2,0,0,3,0,30,6,11,31,1,1,2
189,3,1992610515,0,3,0,0,0,1,30,2,25,17,0,1,3
189,4,1656550934,0,0,0,0,1,0,30,5,29,13,0,2,3
189,5,1320491353,0,1,0,0,2,1,30,5,42,0,1,3,3
189,6,3621139355,0,2,0,0,3,0,30,6,0,42,1,3,4
189,7,3285079774,0,3,0,0,0,1,30,4,14,28,0,3,5
189,8,2096081330,0,0,0,0,1,0,30,0,14,28,0,4,5
189,9,1760021749,0,1,0,0,2,1,30,0,30,12,1,5,5
189,10,4060669751,0,2,0,0,3,0,30,4,0,42,1,5,6
189,11,3724610170,0,3,0,0,0,1,30,4,31,11,1,6,6
189,12,1241066941,0,0,0,0,1,0,30,4,24,18,0,7,6
190,0,992082799,0,0,0,0,1,0,30,5,24,18,0,1,0
190,1,4098051651,0,1,0,0,2,1,30,6,40,2,1,2,0
190,2,1614508422,0,2,0,0,3,0,30,4,42,0,0,3,0
190,3,1278448841,0,3,0,0,0,1,30,1,4,38,0,3,1
190,4,1431613195,0,0,0,0,1,0,30,4,0,42,1,3,2
190,5,3243037262,0,1,0,0,2,1,30,4,36,6,1,4,2
190,6,4201522466,0,2,0,0,3,0,30,5,6,36,1,4,3
190,7,1717979237,0,3,0,0,0,1,30,4,0,42,0,4,4
190,8,2775803328,0,0,0,0,1,0,30,4,6,36,1,4,5
190,9,3682567658,0,1,0,0,2,1,30,4,9,33,0,4,6
190,10,3346508077,0,2,0,0,3,0,30,4,27,15,0,5,6
190,11,2157509633,0,3,0,0,0,1,30,5,20,22,0,5,7
191,0,1153046098,0,0,0,0,1,0,30,5,23,19,0,1,0
191,1,2111531302,0,1,0,0,2,1,30,4,22,20,0,1,1
191,2,970150871,0,2,0,0,3,0,30,3,7,35,1,1,2
191,3,2781574938,0,3,0,0,0,1,30,5,35,7,1,2,2
191,4,1592576494,0,0,0,0,1,0,30,1,0,42,1,2,3
191,5,1256516913,0,1,0,0,2,1,30,6,29,13,0,2,4
191,6,1409681267,0,2,0,0,3,0,30,6,18,24,0,3,4
191,7,3221105334,0,3,0,0,0,1,30,6,41,1,1,4,4
191,8,4179590538,0,0,0,0,1,0,30,2,0,42,1,4,5
191,9,1696047309,0,1,0,0,2,1,30,2,14,28,0,4,6
191,10,554666878,0,2,0,0,3,0,30,1,17,25,0,5,6
191,11,3660635730,0,3,0,0,0,1,30,2,19,23,0,5,7
192,0,1511947395,0,0,0,0,1,0,30,4,17,25,0,1,0
192,1,322948951,0,1,0,0,2,1,30,1,36,6,1,2,0
192,2,4281856666,0,2,0,0,3,0,30,5,24,18,0,3,0
192,3,3092858222,0,3,0,0,0,1,30,0,30,12,1,4,0
192,4,1951477791,0,0,0,0,1,0,30,5,0,42,1,4,1
192,5,1615418210,0,1,0,0,2,1,30,3,42,0,1,5,1
192,6,426419766,0,2,0,0,3,0,30,5,1,41,1,5,2
192,7,2237843833,0,3,0,0,0,1,30,6,8,34,0,5,3
192,8,2391008187,0,0,0,0,1,0,30,4,12,30,1,5,4
192,9,2054948606,0,1,0,0,2,1,30,5,25,17,0,5,5
192,10,865950162,0,2,0,0,3,0,30,4,25,17,0,6,5
192,11,529890581,0,3,0,0,0,1,30,5,17,25,0,6,6
192,12,1535993798,0,0,0,0,1,0,30,5,12,30,1,6,7
193,0,3820394342,0,0,0,0,1,0,30,5,35,7,0,1,0
193,1,1826075048,0,1,0,0,2,1,30,0,30,12,1,2,0
193,2,1490015467,0,2,0,0,3,0,30,4,35,7,0,3,0
193,3,301017023,0,3,0,0,0,1,30,4,31,11,1,4,0
193,4,4259924738,0,0,0,0,1,0,30,5,42,0,0,5,0
193,5,871721772,0,1,0,0,2,1,30,4,7,35,0,5,1
193,6,1929545863,0,2,0,0,3,0,30,1,27,15,0,6,1
193,7,1593486282,0,3,0,0,0,1,30,5,24,18,0,6,2
193,8,404487838,0,0,0,0,1,0,30,4,41,1,0,7,2
194,0,1447972955,0,0,0,0,1,0,30,4,7,35,1,0,1
194,1,2406458159,0,1,0,0,2,1,30,4,0,42,0,0,2
194,2,4217882226,0,2,0,0,3,0,30,0,0,42,1,0,3
194,3,3881822645,0,3,0,0,0,1,30,6,3,39,0,0,4
194,4,1887503351,0,0,0,0,1,0,30,4,0,42,1,0,5
194,5,1551443770,0,1,0,0,2,1,30,5,19,23,0,0,6
194,6,362445326,0,2,0,0,3,0,30,4,35,7,0,1,6
194,7,26385745,0,3,0,0,0,1,30,5,14,28,0,1,7
195,0,1509597367,0,0,0,0,1,0,30,0,17,25,0,1,0
195,1,1662761721,0,1,0,0,2,1,30,1,0,42,0,1,1
195,2,3474185788,0,2,0,0,3,0,30,4,17,25,0,2,1
195,3,3138126207,0,3,0,0,0,1,30,4,30,12,1,3,1
195,4,4195950298,0,0,0,0,1,0,30,5,22,20,0,4,1
195,5,1613068182,0,1,0,0,2,1,30,4,24,18,0,4,2
195,6,1766232536,0,2,0,0,3,0,30,5,11,31,1,4,3
195,7,3577656603,0,3,0,0,0,1,30,6,30,12,1,5,3
195,8,340513398,0,0,0,0,1,0,30,4,36,6,0,6,3
195,9,4453817,0,1,0,0,2,1,30,4,14,28,0,6,4
195,10,911218147,0,2,0,0,3,0,30,5,27,15,0,7,4
196,0,3596562500,0,0,0,0,1,0,30,6,20,22,0,1,0
196,1,2407564056,0,1,0,0,2,1,30,2,30,12,1,2,0
196,2,1266183625,0,2,0,0,3,0,30,5,36,6,0,3,0
196,3,2224668829,0,3,0,0,0,1,30,4,24,18,0,3,1
196,4,4036092896,0,0,0,0,1,0,30,4,6,36,1,3,2
196,5,2847094452,0,1,0,0,2,1,30,4,11,31,0,3,3
196,6,1705714021,0,2,0,0,3,0,30,5,2,40,1,3,4
196,7,1369654440,0,3,0,0,0,1,30,4,24,18,0,3,5
196,8,180655996,0,0,0,0,1,0,30,0,7,35,1,3,6
196,9,4139563711,0,1,0,0,2,1,30,3,35,7,1,4,6
196,10,2145244417,0,2,0,0,3,0,30,0,17,25,0,5,6
196,11,1809184836,0,3,0,0,0,1,30,6,42,0,1,6,6
196,12,620186392,0,0,0,0,1,0,30,4,12,30,1,6,7
197,0,4176945611,0,0,0,0,1,0,30,5,14,28,0,1,0
197,1,2182626317,0,1,0,0,2,1,30,5,25,17,0,1,1
197,2,1846566736,0,2,0,0,3,0,30,1,42,0,0,2,1
197,3,657568292,0,3,0,0,0,1,30,5,25,17,0,2,2
197,4,321508711,0,0,0,0,1,0,30,5,7,35,1,2,3
197,5,3475095576,0,1,0,0,2,1,30,6,41,1,1,3,3
197,6,2286097132,0,2,0,0,3,0,30,5,35,7,0,4,3
197,7,4097521199,0,3,0,0,0,1,30,4,0,42,0,4,4
197,8,761039107,0,0,0,0,1,0,30,4,24,18,0,5,4
197,9,3914625972,0,1,0,0,2,1,30,2,42,0,1,6,4
197,10,1431082743,0,2,0,0,3,0,30,5,35,7,0,7,4
198,0,1385104412,0,0,0,0,1,0,30,5,11,31,1,0,1
198,1,196105968,0,1,0,0,2,1,30,4,30,12,1,1,1
198,2,3349692833,0,2,0,0,3,0,30,2,7,35,1,1,2
198,3,2160694389,0,3,0,0,0,1,30,4,14,28,0,1,3
198,4,1824634808,0,0,0,0,1,0,30,4,1,41,1,1,4
198,5,3636058875,0,1,0,0,2,1,30,5,35,7,1,2,4
198,6,3789223229,0,2,0,0,3,0,30,5,42,0,0,3,4
198,7,3453163648,0,3,0,0,0,1,30,5,23,19,0,3,5
198,8,2264165204,0,0,0,0,1,0,30,6,24,18,0,4,5
198,9,1928105623,0,1,0,0,2,1,30,6,7,35,0,4,6
198,10,739107179,0,2,0,0,3,0,30,5,6,36,1,4,7
199,0,4112971171,0,0,0,0,1,0,30,4,24,18,0,1,0
199,1,4266135525,0,1,0,0,2,1,30,5,34,8,1,2,0
199,2,1782592296,0,2,0,0,3,0,30,5,35,7,0,3,0
199,3,1446532715,0,3,0,0,0,1,30,2,41,1,1,4,0
199,4,257534271,0,0,0,0,1,0,30,5,0,42,1,4,1
199,5,3411121136,0,1,0,0,2,1,30,5,42,0,1,5,1
199,6,2222122692,0,2,0,0,3,0,30,6,42,0,0,6,1
199,7,1886063111,0,3,0,0,0,1,30,4,8,34,0,6,2
199,8,697064667,0,0,0,0,1,0,30,6,12,30,1,6,3
199,9,361005086,0,1,0,0,2,1,30,5,0,42,0,6,4
199,10,3514591951,0,2,0,0,3,0,30,2,25,17,0,7,4
200,0,3369274733,0,0,0,0,1,0,30,5,27,15,0,1,0
200,1,2279615176,0,1,0,0,2,1,30,6,19,23,0,1,1
200,2,4091039243,0,2,0,0,3,0,30,5,28,14,0,2,1
200,3,702836277,0,3,0,0,0,1,30,5,19,23,0,2,2
200,4,1760660368,0,0,0,0,1,0,30,5,9,33,1,2,3
200,5,3472745548,0,1,0,0,2,1,30,4,23,19,0,2,4
200,6,235602343,0,2,0,0,3,0,30,4,23,19,0,3,4
200,7,1142366673,0,3,0,0,0,1,30,5,13,29,0,3,5
200,8,2200190764,0,0,0,0,1,0,30,0,0,42,1,3,6
200,9,1864131183,0,1,0,0,2,1,30,5,12,30,0,3,7
201,0,1161272570,0,0,0,0,1,0,30,4,27,15,0,1,0
201,1,4267241422,0,1,0,0,2,1,30,5,30,12,1,2,0
201,2,3931181841,0,2,0,0,3,0,30,4,19,23,0,3,0
201,3,4084346195,0,3,0,0,0,1,30,0,7,35,0,3,1
201,4,1600802966,0,0,0,0,1,0,30,3,12,30,1,3,2
201,5,411804522,0,1,0,0,2,1,30,4,24,18,0,3,3
201,6,75744941,0,2,0,0,3,0,30,5,25,17,0,4,3
201,7,3229331806,0,3,0,0,0,1,30,4,42,0,1,5,3
201,8,2040333362,0,0,0,0,1,0,30,6,33,9,0,6,3
201,9,1704273781,0,1,0,0,2,1,30,5,3,39,0,6,4
201,10,515275337,0,2,0,0,3,0,30,5,42,0,0,7,4
202,0,1741655681,0,0,0,0,1,0,30,4,12,30,1,0,1
202,1,552657237,0,1,0,0,2,1,30,4,0,42,0,0,2
202,2,3706244102,0,2,0,0,3,0,30,5,18,24,0,1,2
202,3,2517245658,0,3,0,0,0,1,30,5,9,33,0,1,3
202,4,2181186077,0,0,0,0,1,0,30,5,29,13,0,2,3
202,5,3992610144,0,1,0,0,2,1,30,5,18,24,0,2,4
202,6,4145774498,0,2,0,0,3,0,30,6,30,12,0,3,4
202,7,1662231269,0,3,0,0,0,1,30,4,14,28,0,3,5
202,8,2620716473,0,0,0,0,1,0,30,6,24,18,0,4,5
202,9,137173244,0,1,0,0,2,1,30,5,7,35,0,4,6
202,10,3290760109,0,2,0,0,3,0,30,5,8,34,1,4,7
203,0,3244781778,0,0,0,0,1,0,30,0,1,41,1,0,1
203,1,2055783334,0,1,0,0,2,1,30,4,30,12,1,1,1
203,2,1719723753,0,2,0,0,3,0,30,5,11,31,1,1,2
203,3,530725309,0,3,0,0,0,1,30,5,7,35,0,1,3
203,4,3684312174,0,0,0,0,1,0,30,6,13,29,0,2,3
203,5,1200768945,0,1,0,0,2,1,30,5,1,41,0,2,4
203,6,2159254149,0,2,0,0,3,0,30,3,6,36,1,2,5
203,7,3970678216,0,3,0,0,0,1,30,0,42,0,1,3,5
203,8,4123842570,0,0,0,0,1,0,30,0,2,40,1,3,6
203,9,3787782989,0,1,0,0,2,1,30,3,30,12,1,4,6
203,10,2598784545,0,2,0,0,3,0,30,5,24,18,0,5,6
203,11,115241316,0,3,0,0,0,1,30,4,25,17,0,5,7
204,0,1677681241,0,0,0,0,1,0,30,4,30,12,0,1,0
204,1,488682797,0,1,0,0,2,1,30,4,16,26,0,1,1
204,2,3642269662,0,2,0,0,3,0,30,5,30,12,0,2,1
204,3,3306210081,0,3,0,0,0,1,30,5,28,14,0,2,2
204,4,2117211637,0,0,0,0,1,0,30,6,12,30,1,2,3
204,5,1781152056,0,1,0,0,2,1,30,4,41,1,1,3,3
204,6,592153612,0,2,0,0,3,0,30,6,17,25,0,4,3
204,7,3745740477,0,3,0,0,0,1,30,4,17,25,0,4,4
204,8,3409680896,0,0,0,0,1,0,30,4,34,8,0,5,4
204,9,2220682452,0,1,0,0,2,1,30,4,24,18,0,5,5
204,10,1884622871,0,2,0,0,3,0,30,6,7,35,1,5,6
204,11,4185270873,0,3,0,0,0,1,30,4,17,25,0,5,7
205,0,1517823839,0,0,0,0,1,0,30,5,29,13,0,1,0
205,1,2575647930,0,1,0,0,2,1,30,5,0,42,0,1,1
205,2,2239588349,0,2,0,0,3,0,30,4,18,24,0,2,1
205,3,245269055,0,3,0,0,0,1,30,5,3,39,0,2,2
205,4,1957354235,0,0,0,0,1,0,30,5,41,1,0,3,2
205,5,3015178326,0,1,0,0,2,1,30,1,17,25,0,3,3
205,6,2679118745,0,2,0,0,3,0,30,6,18,24,0,4,3
205,7,3585883075,0,3,0,0,0,1,30,0,14,28,0,4,4
205,8,348739870,0,0,0,0,1,0,30,6,41,1,0,5,4
205,9,2060825050,0,1,0,0,2,1,30,5,29,13,0,5,5
205,10,3118649141,0,2,0,0,3,0,30,4,7,35,1,5,6
205,11,4025413471,0,3,0,0,0,1,30,5,3,39,0,5,7
206,0,50062189,0,0,0,0,1,0,30,4,25,17,0,1,0
206,1,3156031041,0,1,0,0,2,1,30,4,17,25,0,1,1
206,2,2014650610,0,2,0,0,3,0,30,3,17,25,0,2,1
206,3,3826074677,0,3,0,0,0,1,30,5,15,27,0,2,2
206,4,489592585,0,0,0,0,1,0,30,5,8,34,1,2,3
206,5,2301016652,0,1,0,0,2,1,30,2,42,0,1,3,3
206,6,2454181006,0,2,0,0,3,0,30,5,40,2,0,4,3
206,7,4265605073,0,3,0,0,0,1,30,0,31,11,1,5,3
206,8,929122981,0,0,0,0,1,0,30,4,30,12,0,6,3
206,9,2740547048,0,1,0,0,2,1,30,5,1,41,0,6,4
206,10,1599166617,0,2,0,0,3,0,30,4,13,29,0,7,4
207,0,3601333047,0,0,0,0,1,0,30,5,29,13,0,1,0
207,1,2412334603,0,1,0,0,2,1,30,3,1,41,0,1,1
207,2,2076275022,0,2,0,0,3,0,30,6,6,36,1,1,2
207,3,81955728,0,3,0,0,0,1,30,1,31,11,1,2,2
207,4,4040863443,0,0,0,0,1,0,30,3,12,30,1,2,3
207,5,1557320214,0,1,0,0,2,1,30,5,18,24,0,2,4
207,6,2515805418,0,2,0,0,3,0,30,4,42,0,0,3,4
207,7,1374424987,0,3,0,0,0,1,30,4,25,17,0,3,5
207,8,185426543,0,0,0,0,1,0,30,4,18,24,0,4,5
207,9,1996850610,0,1,0,0,2,1,30,4,24,18,0,4,6
207,10,1660791029,0,2,0,0,3,0,30,5,42,0,0,5,6
207,11,471792585,0,3,0,0,0,1,30,5,23,19,0,5,7
208,0,1614812698,0,0,0,0,1,0,30,5,11,31,1,0,1
208,1,3915460700,0,1,0,0,2,1,30,4,41,1,1,1,1
208,2,3579401119,0,2,0,0,3,0,30,5,34,8,0,2,1
208,3,2390402675,0,3,0,0,0,1,30,5,42,0,1,3,1
208,4,2054343094,0,0,0,0,1,0,30,5,29,13,0,4,1
208,5,3060446311,0,1,0,0,2,1,30,4,25,17,0,4,2
208,6,4018931515,0,2,0,0,3,0,30,5,29,13,0,5,2
208,7,1535388286,0,3,0,0,0,1,30,4,42,0,1,6,2
208,8,2493873490,0,0,0,0,1,0,30,4,36,6,0,7,2
209,0,4121197643,0,0,0,0,1,0,30,6,28,14,0,1,0
209,1,2932199199,0,1,0,0,2,1,30,5,29,13,0,1,1
209,2,2596139618,0,2,0,0,3,0,30,0,1,41,1,1,2
209,3,601820324,0,3,0,0,0,1,30,4,6,36,0,1,3
209,4,265760743,0,0,0,0,1,0,30,5,42,0,0,2,3
209,5,4224668458,0,1,0,0,2,1,30,3,42,0,1,3,3
209,6,3035670014,0,2,0,0,3,0,30,5,35,7,0,4,3
209,7,1894289583,0,3,0,0,0,1,30,1,41,1,1,5,3
209,8,705291139,0,0,0,0,1,0,30,0,24,18,0,6,3
209,9,369231558,0,1,0,0,2,1,30,4,31,11,1,7,3
210,0,3377501205,0,0,0,0,1,0,30,6,19,23,0,1,0
210,1,140358000,0,1,0,0,2,1,30,4,15,27,0,1,1
210,2,4099265715,0,2,0,0,3,0,30,4,21,21,0,2,1
210,3,2910267271,0,3,0,0,0,1,30,0,25,17,0,2,2
210,4,3817031601,0,0,0,0,1,0,30,5,6,36,1,2,3
210,5,579888396,0,1,0,0,2,1,30,4,36,6,1,3,3
210,6,243828815,0,2,0,0,3,0,30,5,0,42,1,3,4
210,7,4202736530,0,3,0,0,0,1,30,5,42,0,1,4,4
210,8,2208417236,0,0,0,0,1,0,30,4,9,33,1,4,5
210,9,3920502416,0,1,0,0,2,1,30,4,34,8,1,5,5
210,10,683359211,0,2,0,0,3,0,30,5,29,13,0,6,5
210,11,347299630,0,3,0,0,0,1,30,4,29,13,0,6,6
210,12,1254063960,0,0,0,0,1,0,30,5,12,30,1,6,7
211,0,1909739555,0,0,0,0,1,0,30,5,23,19,0,1,0
211,1,720741111,0,1,0,0,2,1,30,4,35,7,1,2,0
211,2,2532165178,0,2,0,0,3,0,30,4,8,34,1,2,1
211,3,1390784747,0,3,0,0,0,1,30,6,13,29,0,2,2
211,4,2349269951,0,0,0,0,1,0,30,5,34,8,0,3,2
211,5,4160694018,0,1,0,0,2,1,30,6,26,16,0,3,3
211,6,824211926,0,2,0,0,3,0,30,5,0,42,1,3,4
211,7,1830315143,0,3,0,0,0,1,30,5,24,18,0,3,5
211,8,2788800347,0,0,0,0,1,0,30,1,17,25,0,4,5
211,9,305257118,0,1,0,0,2,1,30,5,9,33,0,4,6
211,10,4264164833,0,2,0,0,3,0,30,5,2,40,1,4,7
212,0,1166043117,0,0,0,0,1,0,30,4,34,8,0,1,0
212,1,4272011969,0,1,0,0,2,1,30,0,42,0,1,2,0
212,2,3935952388,0,2,0,0,3,0,30,0,0,42,1,2,1
212,3,698809183,0,3,0,0,0,1,30,5,12,30,0,2,2
212,4,1605573513,0,0,0,0,1,0,30,4,15,27,0,3,2
212,5,3416997580,0,1,0,0,2,1,30,3,11,31,0,3,3
212,6,80515488,0,2,0,0,3,0,30,5,29,13,0,4,3
212,7,1891939555,0,3,0,0,0,1,30,4,41,1,1,5,3
212,8,802279998,0,0,0,0,1,0,30,6,1,41,1,5,4
212,9,3856527976,0,1,0,0,2,1,30,5,25,17,0,5,5
212,10,3520468395,0,2,0,0,3,0,30,4,24,18,0,6,5
212,11,2331469951,0,3,0,0,0,1,30,4,33,9,1,7,5
213,0,2429604151,0,0,0,0,1,0,30,5,23,19,0,1,0
213,1,1240605707,0,1,0,0,2,1,30,4,24,18,0,1,1
213,2,2147370037,0,2,0,0,3,0,30,5,36,6,0,2,1
213,3,3205194128,0,3,0,0,0,1,30,2,13,29,0,2,2
213,4,2869134547,0,0,0,0,1,0,30,4,0,42,1,2,3
213,5,2533074966,0,1,0,0,2,1,30,4,42,0,1,3,3
213,6,1344076522,0,2,0,0,3,0,30,0,11,31,1,3,4
213,7,2250840852,0,3,0,0,0,1,30,4,1,41,0,3,5
213,8,3308664943,0,0,0,0,1,0,30,3,6,36,1,3,6
213,9,2972605362,0,1,0,0,2,1,30,4,30,12,1,4,6
213,10,1783606918,0,2,0,0,3,0,30,6,24,18,0,5,6
213,11,2690371248,0,3,0,0,0,1,30,4,31,11,1,6,6
213,12,206828019,0,0,0,0,1,0,30,3,0,42,1,6,7
214,0,1685907713,0,0,0,0,1,0,30,6,29,13,0,1,0
214,1,496909269,0,1,0,0,2,1,30,5,12,30,0,1,1
214,2,160849688,0,2,0,0,3,0,30,5,35,7,0,2,1
214,3,3266818540,0,3,0,0,0,1,30,3,18,24,0,2,2
214,4,2125438109,0,0,0,0,1,0,30,4,16,26,0,3,2
214,5,1789378528,0,1,0,0,2,1,30,4,31,11,1,4,2
214,6,600380084,0,2,0,0,3,0,30,6,40,2,0,5,2
214,7,264320503,0,3,0,0,0,1,30,5,1,41,0,5,3
214,8,2564968505,0,0,0,0,1,0,30,4,33,9,0,6,3
214,9,2228908924,0,1,0,0,2,1,30,2,26,16,0,6,4
214,10,1039910480,0,2,0,0,3,0,30,1,1,41,1,6,5
214,11,703850899,0,3,0,0,0,1,30,2,34,8,1,7,5
215,0,3994354660,0,0,0,0,1,0,30,4,13,29,0,1,0
215,1,2000035366,0,1,0,0,2,1,30,0,25,17,0,1,1
215,2,1663975785,0,2,0,0,3,0,30,5,12,30,1,1,2
215,3,474977341,0,3,0,0,0,1,30,4,23,19,0,1,3
215,4,138917760,0,0,0,0,1,0,30,4,18,24,0,2,3
215,5,2439565762,0,1,0,0,2,1,30,5,19,23,0,2,4
215,6,2103506181,0,2,0,0,3,0,30,4,9,33,1,2,5
215,7,1767446600,0,3,0,0,0,1,30,5,13,29,0,2,6
215,8,578448156,0,0,0,0,1,0,30,4,12,30,1,2,7
216,0,3769416921,0,0,0,0,1,0,30,4,41,1,0,1,0
216,1,2580418477,0,1,0,0,2,1,30,4,7,35,0,1,1
216,2,96875248,0,2,0,0,3,0,30,5,18,24,0,2,1
216,3,4055782963,0,3,0,0,0,1,30,6,36,6,1,3,1
216,4,4208947317,0,0,0,0,1,0,30,4,7,35,1,3,2
216,5,1725404088,0,1,0,0,2,1,30,4,34,8,1,4,2
216,6,2683889292,0,2,0,0,3,0,30,5,8,34,1,4,3
216,7,200346063,0,3,0,0,0,1,30,1,1,41,0,4,4
216,8,353510417,0,0,0,0,1,0,30,6,0,42,1,4,5
216,9,2164934484,0,1,0,0,2,1,30,6,41,1,1,5,5
216,10,1828874903,0,2,0,0,3,0,30,2,3,39,1,5,6
216,11,639876459,0,3,0,0,0,1,30,5,25,17,0,5,7
217,0,1513796745,0,0,0,0,1,0,30,5,23,19,0,1,0
217,1,2420561075,0,1,0,0,2,1,30,5,28,14,0,1,1
217,2,4231985142,0,2,0,0,3,0,30,6,12,30,1,1,2
217,3,3142325585,0,3,0,0,0,1,30,4,2,40,0,1,3
217,4,2706927117,0,0,0,0,1,0,30,5,35,7,0,2,3
217,5,2860091471,0,1,0,0,2,1,30,4,26,16,0,2,4
217,6,376548242,0,2,0,0,3,0,30,6,1,41,1,2,5
217,7,40488661,0,3,0,0,0,1,30,1,42,0,1,3,5
217,8,1098312752,0,0,0,0,1,0,30,3,17,25,0,4,5
217,9,2005077082,0,1,0,0,2,1,30,1,36,6,1,5,5
217,10,816078638,0,2,0,0,3,0,30,0,35,7,0,6,5
217,11,480019057,0,3,0,0,0,1,30,5,19,23,0,6,6
217,12,1537843148,0,0,0,0,1,0,30,4,31,11,0,7,6
218,0,4289281517,0,0,0,0,1,0,30,4,30,12,0,1,0
218,1,3100283073,0,1,0,0,2,1,30,5,19,23,0,1,1
218,2,2764223492,0,2,0,0,3,0,30,5,7,35,1,1,2
218,3,1575225048,0,3,0,0,0,1,30,4,34,8,1,2,2
218,4,433844617,0,0,0,0,1,0,30,6,0,42,1,2,3
218,5,97785036,0,1,0,0,2,1,30,5,12,30,0,2,4
218,6,3203753888,0,2,0,0,3,0,30,6,12,30,1,2,5
218,7,720210659,0,3,0,0,0,1,30,5,26,16,0,2,6
218,8,873375013,0,0,0,0,1,0,30,5,27,15,0,3,6
218,9,537315432,0,1,0,0,2,1,30,4,24,18,0,3,7
219,0,55938633,0,0,0,0,1,0,30,4,31,11,0,1,0
219,1,2356586635,0,1,0,0,2,1,30,5,8,34,0,1,1
219,2,2020527054,0,2,0,0,3,0,30,4,28,14,0,2,1
219,3,831528610,0,3,0,0,0,1,30,4,19,23,0,2,2
219,4,495469029,0,0,0,0,1,0,30,4,17,25,0,3,2
219,5,3649055894,0,1,0,0,2,1,30,5,31,11,1,4,2
219,6,2460057450,0,2,0,0,3,0,30,6,7,35,1,4,3
219,7,2123997869,0,3,0,0,0,1,30,3,31,11,1,5,3
219,8,934999425,0,0,0,0,1,0,30,4,13,29,0,6,3
219,9,4088586290,0,1,0,0,2,1,30,4,36,6,1,7,3
220,0,1978484542,0,0,0,0,1,0,30,4,27,15,0,1,0
220,1,888824985,0,1,0,0,2,1,30,4,24,18,0,1,1
220,2,453426517,0,2,0,0,3,0,30,5,11,31,1,1,2
220,3,117366936,0,3,0,0,0,1,30,6,42,0,1,2,2
220,4,2418014938,0,0,0,0,1,0,30,5,35,7,0,3,2
220,5,2081955357,0,1,0,0,2,1,30,5,0,42,0,3,3
220,6,3139779448,0,2,0,0,3,0,30,5,7,35,1,3,4
220,7,556897332,0,3,0,0,0,1,30,6,13,29,0,3,5
220,8,710061686,0,0,0,0,1,0,30,5,7,35,1,3,6
220,9,2521485753,0,1,0,0,2,1,30,2,12,30,0,3,7
221,0,4065449675,0,0,0,0,1,0,30,4,25,17,0,1,0
221,1,728967583,0,1,0,0,2,1,30,5,30,12,1,2,0
221,2,2540391650,0,2,0,0,3,0,30,4,16,26,0,3,0
221,3,1351393206,0,3,0,0,0,1,30,4,14,28,0,3,1
221,4,210012775,0,0,0,0,1,0,30,4,30,12,0,4,1
221,5,1168497979,0,1,0,0,2,1,30,4,42,0,1,5,1
221,6,2979922046,0,2,0,0,3,0,30,6,18,24,0,6,1
221,7,2643862465,0,3,0,0,0,1,30,6,23,19,0,6,2
221,8,1454864021,0,0,0,0,1,0,30,5,16,26,0,7,2
222,0,4127074087,0,0,0,0,1,0,30,5,11,31,1,0,1
222,1,889930882,0,1,0,0,2,1,30,4,24,18,0,0,2
222,2,1796695212,0,2,0,0,3,0,30,5,17,25,0,1,2
222,3,707035655,0,3,0,0,0,1,30,5,17,25,0,1,3
222,4,271637187,0,0,0,0,1,0,30,4,24,18,0,2,3
222,5,1329461278,0,1,0,0,2,1,30,4,2,40,0,2,4
222,6,2236225608,0,2,0,0,3,0,30,6,3,39,1,2,5
222,7,1900166027,0,3,0,0,0,1,30,6,0,42,0,2,6
222,8,2957990118,0,0,0,0,1,0,30,4,42,0,0,3,6
222,9,375108002,0,1,0,0,2,1,30,5,1,41,0,3,7
223,0,2659312437,0,0,0,0,1,0,30,1,28,14,0,1,0
223,1,664993143,0,1,0,0,2,1,30,4,35,7,1,2,0
223,2,328933562,0,2,0,0,3,0,30,4,16,26,0,3,0
223,3,3434902414,0,3,0,0,0,1,30,4,29,13,0,3,1
223,4,3098842833,0,0,0,0,1,0,30,5,36,6,0,4,1
223,5,1957462402,0,1,0,0,2,1,30,5,7,35,0,4,2
223,6,768463958,0,2,0,0,3,0,30,6,17,25,0,5,2
223,7,2579888025,0,3,0,0,0,1,30,5,34,8,1,6,2
223,8,3538373229,0,0,0,0,1,0,30,0,0,42,1,6,3
223,9,2396992798,0,1,0,0,2,1,30,4,27,15,0,6,4
223,10,1207994354,0,2,0,0,3,0,30,5,14,28,0,7,4
224,0,1915615999,0,0,0,0,1,0,30,4,27,15,0,1,0
224,1,726617555,0,1,0,0,2,1,30,0,42,0,1,2,0
224,2,3880204420,0,2,0,0,3,0,30,5,22,20,0,3,0
224,3,2691205976,0,3,0,0,0,1,30,4,7,35,0,3,1
224,4,2355146395,0,0,0,0,1,0,30,3,29,13,0,4,1
224,5,4166570462,0,1,0,0,2,1,30,3,42,0,1,5,1
224,6,24767520,0,2,0,0,3,0,30,4,0,42,1,5,2
224,7,3983675235,0,3,0,0,0,1,30,4,29,13,0,5,3
224,8,2794676791,0,0,0,0,1,0,30,1,24,18,0,6,3
224,9,2458617210,0,1,0,0,2,1,30,5,13,29,0,6,4
224,10,464297916,0,2,0,0,3,0,30,4,1,41,1,6,5
224,11,128238335,0,3,0,0,0,1,30,4,23,19,0,6,6
224,12,1939662402,0,0,0,0,1,0,30,2,11,31,1,6,7
225,0,2595337997,0,0,0,0,1,0,30,5,17,25,0,1,0
225,1,2748502351,0,1,0,0,2,1,30,4,7,35,0,1,1
225,2,264959122,0,2,0,0,3,0,30,3,28,14,0,2,1
225,3,1977044302,0,3,0,0,0,1,30,4,2,40,0,2,2
225,4,3034868393,0,0,0,0,1,0,30,6,1,41,1,2,3
225,5,3941632723,0,1,0,0,2,1,30,5,1,41,0,2,4
225,6,704489518,0,2,0,0,3,0,30,0,16,26,0,3,4
225,7,368429937,0,3,0,0,0,1,30,3,30,12,1,4,4
225,8,3474398789,0,0,0,0,1,0,30,4,1,41,1,4,5
225,9,86195823,0,1,0,0,2,1,30,4,23,19,0,4,6
225,10,4045103538,0,2,0,0,3,0,30,5,23,19,0,5,6
225,11,807960333,0,3,0,0,0,1,30,6,24,18,0,5,7
226,0,2435480595,0,0,0,0,1,0,30,3,0,42,1,0,1
226,1,2588644949,0,1,0,0,2,1,30,0,31,11,1,1,1
226,2,105101720,0,2,0,0,3,0,30,4,29,13,0,2,1
226,3,3211070572,0,3,0,0,0,1,30,5,13,29,0,2,2
226,4,2875010991,0,0,0,0,1,0,30,0,28,14,0,3,2
226,5,1686012547,0,1,0,0,2,1,30,4,40,2,1,4,2
226,6,544632116,0,2,0,0,3,0,30,6,2,40,1,4,3
226,7,208572535,0,3,0,0,0,1,30,2,41,1,1,5,3
226,8,3314541387,0,0,0,0,1,0,30,1,19,23,0,6,3
226,9,2978481806,0,1,0,0,2,1,30,5,1,41,0,6,4
226,10,984162512,0,2,0,0,3,0,30,4,30,12,0,7,4
227,0,1691784157,0,0,0,0,1,0,30,4,13,29,0,1,0
227,1,2749608248,0,1,0,0,2,1,30,4,35,7,1,2,0
227,2,2413548667,0,2,0,0,3,0,30,4,17,25,0,3,0
227,3,2566713021,0,3,0,0,0,1,30,4,33,9,1,4,0
227,4,2131314553,0,0,0,0,1,0,30,4,0,42,1,4,1
227,5,3189138644,0,1,0,0,2,1,30,5,11,31,0,4,2
227,6,2853079063,0,2,0,0,3,0,30,6,17,25,0,5,2
227,7,3759843393,0,3,0,0,0,1,30,5,19,23,0,5,3
227,8,522700188,0,0,0,0,1,0,30,6,16,26,0,6,3
227,9,2234785368,0,1,0,0,2,1,30,0,0,42,0,6,4
227,10,3292609459,0,2,0,0,3,0,30,4,17,25,0,7,4
228,0,224022507,0,0,0,0,1,0,30,5,33,9,0,1,0
228,1,3329991359,0,1,0,0,2,1,30,5,23,19,0,1,1
228,2,2188610928,0,2,0,0,3,0,30,5,13,29,0,2,1
228,3,999612484,0,3,0,0,0,1,30,6,30,12,1,3,1
228,4,663552903,0,0,0,0,1,0,30,5,30,12,0,4,1
228,5,2474976970,0,1,0,0,2,1,30,4,40,2,1,5,1
228,6,2628141324,0,2,0,0,3,0,30,5,33,9,0,6,1
228,7,144598095,0,3,0,0,0,1,30,4,1,41,0,6,2
228,8,1103083299,0,0,0,0,1,0,30,6,23,19,0,7,2
229,0,3775293365,0,0,0,0,1,0,30,2,18,24,0,1,0
229,1,2586294921,0,1,0,0,2,1,30,3,24,18,0,1,1
229,2,2250235340,0,2,0,0,3,0,30,4,24,18,0,2,1
229,3,255916046,0,3,0,0,0,1,30,4,14,28,0,2,2
229,4,4214823761,0,0,0,0,1,0,30,5,8,34,1,2,3
229,5,1731280532,0,1,0,0,2,1,30,5,24,18,0,2,4
229,6,2689765736,0,2,0,0,3,0,30,4,19,23,0,3,4
229,7,1548385305,0,3,0,0,0,1,30,6,39,3,1,4,4
229,8,359386861,0,0,0,0,1,0,30,4,34,8,0,5,4
229,9,23327280,0,1,0,0,2,1,30,1,31,11,1,6,4
229,10,1081151371,0,2,0,0,3,0,30,4,18,24,0,7,4
230,0,743887103,0,0,0,0,1,0,30,3,1,41,1,0,1
230,1,797712570,0,1,0,0,2,1,30,5,0,42,0,0,2
230,2,461652989,0,2,0,0,3,0,30,1,6,36,1,0,3
230,3,1519477080,0,3,0,0,0,1,30,1,24,18,0,0,4
230,4,1183417499,0,0,0,0,1,0,30,4,34,8,0,1,4
230,5,3484065501,0,1,0,0,2,1,30,6,36,6,1,2,4
230,6,901183385,0,2,0,0,3,0,30,6,24,18,0,3,4
230,7,565123804,0,3,0,0,0,1,30,1,42,0,1,4,4
230,8,1622947895,0,0,0,0,1,0,30,5,23,19,0,5,4
230,9,1286888314,0,1,0,0,2,1,30,5,2,40,0,5,5
230,10,3587536316,0,2,0,0,3,0,30,2,40,2,0,6,5
230,11,1004654200,0,3,0,0,0,1,30,4,40,2,1,7,5
231,0,190665,0,0,0,0,1,0,30,5,11,31,1,0,1
231,1,3106159517,0,1,0,0,2,1,30,2,41,1,1,1,1
231,2,2770099936,0,2,0,0,3,0,30,5,6,36,1,1,2
231,3,775780642,0,3,0,0,0,1,30,2,35,7,1,2,2
231,4,439721061,0,0,0,0,1,0,30,3,42,0,0,3,2
231,5,3545689913,0,1,0,0,2,1,30,5,20,22,0,3,3
231,6,3209630332,0,2,0,0,3,0,30,5,36,6,0,4,3
231,7,2068249901,0,3,0,0,0,1,30,4,8,34,0,4,4
231,8,879251457,0,0,0,0,1,0,30,5,25,17,0,5,4
231,9,543191876,0,1,0,0,2,1,30,5,30,12,1,6,4
231,10,3649160728,0,2,0,0,3,0,30,5,42,0,0,7,4
232,0,580573776,0,0,0,0,1,0,30,4,17,25,0,1,0
232,1,1638397867,0,1,0,0,2,1,30,1,9,33,0,1,1
232,2,2545162197,0,2,0,0,3,0,30,5,11,31,1,1,2
232,3,1356163753,0,3,0,0,0,1,30,2,25,17,0,1,3
232,4,1020104172,0,0,0,0,1,0,30,6,0,42,1,1,4
232,5,2831528239,0,1,0,0,2,1,30,6,31,11,1,2,4
232,6,2984692593,0,2,0,0,3,0,30,4,6,36,1,2,5
232,7,501149364,0,3,0,0,0,1,30,6,1,41,0,2,6
232,8,1459634568,0,0,0,0,1,0,30,5,16,26,0,3,6
232,9,3271058635,0,1,0,0,2,1,30,4,35,7,1,4,6
232,10,2129678204,0,2,0,0,3,0,30,5,39,3,0,5,6
232,11,940679760,0,3,0,0,0,1,30,5,7,35,0,5,7
233,0,2083699873,0,0,0,0,1,0,30,4,19,23,0,1,0
233,1,894701429,0,1,0,0,2,1,30,6,25,17,0,1,1
233,2,558641848,0,2,0,0,3,0,30,4,24,18,0,2,1
233,3,2859289850,0,3,0,0,0,1,30,5,41,1,1,3,1
233,4,2523230269,0,0,0,0,1,0,30,6,2,40,1,3,2
233,5,39687040,0,1,0,0,2,1,30,5,1,41,0,3,3
233,6,998172244,0,2,0,0,3,0,30,4,7,35,1,3,4
233,7,4151759109,0,3,0,0,0,1,30,3,40,2,1,4,4
233,8,2962760665,0,0,0,0,1,0,30,4,30,12,0,5,4
233,9,479217436,0,1,0,0,2,1,30,3,42,0,1,6,4
233,10,1437702640,0,2,0,0,3,0,30,4,13,29,0,7,4
234,0,1070903608,0,0,0,0,1,0,30,4,7,35,1,0,1
234,1,734844027,0,1,0,0,2,1,30,1,34,8,1,1,1
234,2,2546268094,0,2,0,0,3,0,30,4,41,1,0,2,1
234,3,1456608537,0,3,0,0,0,1,30,5,18,24,0,2,2
234,4,2363372867,0,0,0,0,1,0,30,4,40,2,0,3,2
234,5,1174374423,0,1,0,0,2,1,30,6,42,0,1,4,2
234,6,2985798490,0,2,0,0,3,0,30,6,11,31,1,4,3
234,7,1896138933,0,3,0,0,0,1,30,6,42,0,1,5,3
234,8,2802903263,0,0,0,0,1,0,30,4,30,12,0,6,3
234,9,319360034,0,1,0,0,2,1,30,3,17,25,0,6,4
234,10,1277845238,0,2,0,0,3,0,30,2,0,42,1,6,5
234,11,3089269305,0,3,0,0,0,1,30,4,19,23,0,6,6
234,12,3242433659,0,0,0,0,1,0,30,2,23,19,0,7,6
235,0,2603564469,0,0,0,0,1,0,30,1,1,41,1,0,1
235,1,1414566025,0,1,0,0,2,1,30,3,29,13,0,0,2
235,2,2321330355,0,2,0,0,3,0,30,5,27,15,0,1,2
235,3,3379154446,0,3,0,0,0,1,30,4,41,1,1,2,2
235,4,3043094865,0,0,0,0,1,0,30,6,0,42,1,2,3
235,5,1854096421,0,1,0,0,2,1,30,5,14,28,0,2,4
235,6,1518036840,0,2,0,0,3,0,30,5,29,13,0,3,4
235,7,2424801170,0,3,0,0,0,1,30,0,19,23,0,3,5
235,8,3482625261,0,0,0,0,1,0,30,4,17,25,0,4,5
235,9,3146565680,0,1,0,0,2,1,30,5,14,28,0,4,6
235,10,1957567236,0,2,0,0,3,0,30,4,17,25,0,5,6
235,11,2864331566,0,3,0,0,0,1,30,3,31,11,1,6,6
235,12,2528271985,0,0,0,0,1,0,30,1,26,16,0,7,6
236,0,1859868031,0,0,0,0,1,0,30,6,0,42,1,0,1
236,1,670869587,0,1,0,0,2,1,30,5,14,28,0,0,2
236,2,334810006,0,2,0,0,3,0,30,5,17,25,0,1,2
236,3,3440778858,0,3,0,0,0,1,30,5,1,41,0,1,3
236,4,2299398427,0,0,0,0,1,0,30,5,6,36,1,1,4
236,5,1110399983,0,1,0,0,2,1,30,4,6,36,0,1,5
236,6,774340402,0,2,0,0,3,0,30,5,17,25,0,2,5
236,7,438280821,0,3,0,0,0,1,30,4,0,42,0,2,6
236,8,2738928823,0,0,0,0,1,0,30,0,11,31,1,2,7
237,0,2440251142,0,0,0,0,1,0,30,4,12,30,1,0,1
237,1,3498075233,0,1,0,0,2,1,30,4,40,2,1,1,1
237,2,1014532004,0,2,0,0,3,0,30,4,7,35,1,1,2
237,3,3215841119,0,3,0,0,0,1,30,0,14,28,0,1,3
237,4,2879781538,0,0,0,0,1,0,30,4,10,32,1,1,4
237,5,396238309,0,1,0,0,2,1,30,3,18,24,0,1,5
237,6,3601546048,0,2,0,0,3,0,30,6,40,2,0,2,5
237,7,2360826730,0,3,0,0,0,1,30,4,42,0,1,3,5
237,8,3319311934,0,0,0,0,1,0,30,5,11,31,1,3,6
237,9,835768705,0,1,0,0,2,1,30,5,42,0,1,4,6
237,10,499709124,0,2,0,0,3,0,30,5,41,1,0,5,6
237,11,2800357126,0,3,0,0,0,1,30,1,42,0,1,6,6
237,12,2464297545,0,0,0,0,1,0,30,6,1,41,1,6,7
238,0,3674277412,0,0,0,0,1,0,30,4,22,20,0,1,0
238,1,3338217831,0,1,0,0,2,1,30,6,7,35,0,1,1
238,2,854674602,0,2,0,0,3,0,30,3,0,42,1,1,2
238,3,1007838956,0,3,0,0,0,1,30,4,40,2,1,2,2
238,4,2819263023,0,0,0,0,1,0,30,5,13,29,0,3,2
238,5,3777748227,0,1,0,0,2,1,30,5,42,0,1,4,2
238,6,1294204998,0,2,0,0,3,0,30,3,2,40,1,4,3
238,7,152824567,0,3,0,0,0,1,30,4,34,8,1,5,3
238,8,3258793419,0,0,0,0,1,0,30,6,11,31,1,5,4
238,9,2922733838,0,1,0,0,2,1,30,4,28,14,0,5,5
238,10,1733735394,0,2,0,0,3,0,30,4,11,31,1,5,6
238,11,1397675813,0,3,0,0,0,1,30,4,23,19,0,5,7
239,0,2960115738,0,0,0,0,1,0,30,6,1,41,1,0,1
239,1,1771117294,0,1,0,0,2,1,30,5,41,1,1,1,1
239,2,629736863,0,2,0,0,3,0,30,3,0,42,1,1,2
239,3,3735705715,0,3,0,0,0,1,30,1,41,1,1,2,2
239,4,3399646134,0,0,0,0,1,0,30,4,25,17,0,3,2
239,5,3063586553,0,1,0,0,2,1,30,4,35,7,1,4,2
239,6,1069267259,0,2,0,0,3,0,30,3,0,42,1,4,3
239,7,733207678,0,3,0,0,0,1,30,3,41,1,1,5,3
239,8,3839176530,0,0,0,0,1,0,30,4,2,40,1,5,4
239,9,3503116949,0,1,0,0,2,1,30,5,13,29,0,5,5
239,10,1508797655,0,2,0,0,3,0,30,3,31,11,0,6,5
239,11,1172738074,0,3,0,0,0,1,30,4,25,17,0,6,6
239,12,2984162141,0,0,0,0,1,0,30,5,19,23,0,7,6
240,0,168274539,0,0,0,0,1,0,30,5,17,25,0,1,0
240,1,3274243391,0,1,0,0,2,1,30,3,42,0,1,2,0
240,2,2938183810,0,2,0,0,3,0,30,6,7,35,1,2,1
240,3,1749185366,0,3,0,0,0,1,30,4,9,33,0,2,2
240,4,607804935,0,0,0,0,1,0,30,4,27,15,0,3,2
240,5,271745354,0,1,0,0,2,1,30,5,25,17,0,3,3
240,6,3377714206,0,2,0,0,3,0,30,3,35,7,0,4,3
240,7,3041654625,0,3,0,0,0,1,30,4,18,24,0,4,4
240,8,1047335331,0,0,0,0,1,0,30,6,17,25,0,5,4
240,9,711275750,0,1,0,0,2,1,30,4,11,31,0,5,5
240,10,3817244602,0,2,0,0,3,0,30,5,35,7,0,6,5
240,11,3481185021,0,3,0,0,0,1,30,5,30,12,1,7,5
241,0,229898951,0,0,0,0,1,0,30,3,22,20,0,1,0
241,1,2530546953,0,1,0,0,2,1,30,4,35,7,1,2,0
241,2,2194487372,0,2,0,0,3,0,30,4,40,2,0,3,0
241,3,1005488928,0,3,0,0,0,1,30,4,13,29,0,3,1
241,4,669429347,0,0,0,0,1,0,30,4,33,9,0,4,1
241,5,2970077349,0,1,0,0,2,1,30,3,30,12,1,5,1
241,6,2634017768,0,2,0,0,3,0,30,4,28,14,0,6,1
241,7,2297958187,0,3,0,0,0,1,30,4,42,0,1,7,1
242,0,2736283896,0,0,0,0,1,0,30,4,24,18,0,1,0
242,1,3694769100,0,1,0,0,2,1,30,5,31,11,1,2,0
242,2,1211225871,0,2,0,0,3,0,30,5,0,42,1,2,1
242,3,1364390225,0,3,0,0,0,1,30,2,31,11,1,3,1
242,4,3175814292,0,0,0,0,1,0,30,5,13,29,0,4,1
242,5,2086154735,0,1,0,0,2,1,30,5,9,33,0,4,2
242,6,1650756267,0,2,0,0,3,0,30,3,12,30,1,4,3
242,7,509375836,0,3,0,0,0,1,30,4,35,7,1,5,3
242,8,3615344688,0,0,0,0,1,0,30,4,35,7,0,6,3
242,9,3279285107,0,1,0,0,2,1,30,3,41,1,1,7,3
243,0,1238987482,0,0,0,0,1,0,30,4,19,23,0,1,0
243,1,902927901,0,1,0,0,2,1,30,4,31,11,1,2,0
243,2,2714351968,0,2,0,0,3,0,30,2,26,16,0,3,0
243,3,3672837172,0,3,0,0,0,1,30,5,30,12,1,4,0
243,4,383973093,0,0,0,0,1,0,30,6,12,30,1,4,1
243,5,1342458297,0,1,0,0,2,1,30,5,41,1,1,5,1
243,6,3153882364,0,2,0,0,3,0,30,3,8,34,1,5,2
243,7,2817822783,0,3,0,0,0,1,30,5,28,14,0,5,3
243,8,1628824339,0,0,0,0,1,0,30,4,35,7,0,6,3
243,9,487443908,0,1,0,0,2,1,30,4,31,11,1,7,3
244,0,524825808,0,0,0,0,1,0,30,4,7,35,1,0,1
244,1,3630794660,0,1,0,0,2,1,30,4,28,14,0,0,2
244,2,3294735079,0,2,0,0,3,0,30,4,0,42,1,0,3
244,3,1300415785,0,3,0,0,0,1,30,0,25,17,0,0,4
244,4,964356204,0,0,0,0,1,0,30,5,42,0,0,1,4
244,5,628296623,0,1,0,0,2,1,30,3,25,17,0,1,5
244,6,3734265475,0,2,0,0,3,0,30,0,18,24,0,2,5
244,7,1250722246,0,3,0,0,0,1,30,4,15,27,0,2,6
244,8,1403886600,0,0,0,0,1,0,30,5,23,19,0,3,6
244,9,1067827019,0,1,0,0,2,1,30,4,31,11,1,4,6
244,10,4173795871,0,2,0,0,3,0,30,5,12,30,1,4,7
245,0,2833272755,0,0,0,0,1,0,30,4,35,7,0,1,0
245,1,838953461,0,1,0,0,2,1,30,1,36,6,1,2,0
245,2,502893880,0,2,0,0,3,0,30,4,24,18,0,3,0
245,3,3608862732,0,3,0,0,0,1,30,5,8,34,0,3,1
245,4,3272803151,0,0,0,0,1,0,30,5,17,25,0,4,1
245,5,2131422720,0,1,0,0,2,1,30,1,26,16,0,4,2
245,6,942424276,0,2,0,0,3,0,30,5,27,15,0,5,2
245,7,606364695,0,3,0,0,0,1,30,4,6,36,0,5,3
245,8,3712333547,0,0,0,0,1,0,30,2,7,35,1,5,4
245,9,2570953116,0,1,0,0,2,1,30,4,12,30,0,5,5
245,10,1381954672,0,2,0,0,3,0,30,4,17,25,0,6,5
245,11,1045895091,0,3,0,0,0,1,30,5,29,13,0,6,6
245,12,2857319158,0,0,0,0,1,0,30,1,18,24,0,7,6
246,0,1820476490,0,0,0,0,1,0,30,4,23,19,0,1,0
246,1,679096059,0,1,0,0,2,1,30,1,24,18,0,1,1
246,2,3785064911,0,2,0,0,3,0,30,4,0,42,1,1,2
246,3,3449005330,0,3,0,0,0,1,30,4,40,2,1,2,2
246,4,3112945749,0,0,0,0,1,0,30,1,20,22,0,3,2
246,5,1118626455,0,1,0,0,2,1,30,1,25,17,0,3,3
246,6,782566874,0,2,0,0,3,0,30,5,0,42,1,3,4
246,7,3888535726,0,3,0,0,0,1,30,4,42,0,1,4,4
246,8,3552476145,0,0,0,0,1,0,30,4,2,40,1,4,5
246,9,2411095714,0,1,0,0,2,1,30,3,14,28,0,4,6
246,10,1222097270,0,2,0,0,3,0,30,6,7,35,1,4,7
247,0,300993966,0,0,0,0,1,0,30,6,42,0,0,1,0
247,1,1259479170,0,1,0,0,2,1,30,3,40,2,1,2,0
247,2,3070903237,0,2,0,0,3,0,30,4,14,28,0,3,0
247,3,4128727328,0,3,0,0,0,1,30,4,20,22,0,3,1
247,4,740524362,0,0,0,0,1,0,30,4,40,2,0,4,1
247,5,3945832101,0,1,0,0,2,1,30,4,34,8,1,5,1
247,6,3510433633,0,2,0,0,3,0,30,4,36,6,0,6,1
247,7,3174374052,0,3,0,0,0,1,30,4,25,17,0,6,2
247,8,1180054758,0,0,0,0,1,0,30,5,18,24,0,7,2
248,0,3903985698,0,0,0,0,1,0,30,5,23,19,0,1,0
248,1,2762605267,0,1,0,0,2,1,30,4,23,19,0,1,1
248,2,279062038,0,2,0,0,3,0,30,4,14,28,0,2,1
248,3,1237547242,0,3,0,0,0,1,30,4,23,19,0,2,2
248,4,3048971309,0,0,0,0,1,0,30,5,24,18,0,3,2
248,5,1859972865,0,1,0,0,2,1,30,5,24,18,0,3,3
248,6,718592434,0,2,0,0,3,0,30,4,29,13,0,4,3
248,7,382532853,0,3,0,0,0,1,30,6,1,41,0,4,4
248,8,3488501705,0,0,0,0,1,0,30,5,3,39,1,4,5
248,9,3152442124,0,1,0,0,2,1,30,5,17,25,0,4,6
248,10,1158122830,0,2,0,0,3,0,30,0,6,36,1,4,7
249,0,2384503174,0,0,0,0,1,0,30,4,7,35,1,0,1
249,1,1195504730,0,1,0,0,2,1,30,5,19,23,0,0,2
249,2,859445149,0,2,0,0,3,0,30,4,32,10,0,1,2
249,3,3965414001,0,3,0,0,0,1,30,4,19,23,0,1,3
249,4,3629354420,0,0,0,0,1,0,30,6,11,31,1,1,4
249,5,2487973989,0,1,0,0,2,1,30,5,41,1,1,2,4
249,6,1298975545,0,2,0,0,3,0,30,6,11,31,1,2,5
249,7,3110399612,0,3,0,0,0,1,30,4,41,1,1,3,5
249,8,4068884816,0,0,0,0,1,0,30,6,19,23,0,4,5
249,9,2927504385,0,1,0,0,2,1,30,5,25,17,0,4,6
249,10,1738505941,0,2,0,0,3,0,30,4,12,30,1,4,7
250,0,397982825,0,0,0,0,1,0,30,4,29,13,0,1,0
250,1,3503951677,0,1,0,0,2,1,30,4,23,19,0,1,1
250,2,2362571246,0,2,0,0,3,0,30,6,28,14,0,2,1
250,3,1173572802,0,3,0,0,0,1,30,4,35,7,1,3,1
250,4,837513221,0,0,0,0,1,0,30,5,23,19,0,4,1
250,5,2648937288,0,1,0,0,2,1,30,5,29,13,0,4,2
250,6,2802101642,0,2,0,0,3,0,30,5,31,11,0,5,2
250,7,2466042061,0,3,0,0,0,1,30,6,38,4,1,6,2
250,8,1277043617,0,0,0,0,1,0,30,1,35,7,0,7,2
251,0,2904367770,0,0,0,0,1,0,30,5,1,41,1,0,1
251,1,1715369326,0,1,0,0,2,1,30,4,36,6,1,1,1
251,2,1379309745,0,2,0,0,3,0,30,6,1,41,1,1,2
251,3,190311301,0,3,0,0,0,1,30,4,19,23,0,1,3
251,4,3343898166,0,0,0,0,1,0,30,6,27,15,0,2,3
251,5,2154899722,0,1,0,0,2,1,30,4,0,42,0,2,4
251,6,1818840141,0,2,0,0,3,0,30,5,42,0,0,3,4
251,7,1482780560,0,3,0,0,0,1,30,3,21,21,0,3,5
251,8,3783428562,0,0,0,0,1,0,30,5,17,25,0,4,5
251,9,3447368981,0,1,0,0,2,1,30,5,8,34,0,4,6
251,10,2258370537,0,2,0,0,3,0,30,3,12,30,1,4,7
252,0,917847421,0,0,0,0,1,0,30,5,23,19,0,1,0
252,1,3119156536,0,1,0,0,2,1,30,6,31,11,1,2,0
252,2,635613307,0,2,0,0,3,0,30,3,15,27,0,3,0
252,3,1693437398,0,3,0,0,0,1,30,4,0,42,0,3,1
252,4,1357377817,0,0,0,0,1,0,30,5,17,25,0,4,1
252,5,1510542171,0,1,0,0,2,1,30,4,13,29,0,4,2
252,6,1075143703,0,2,0,0,3,0,30,4,29,13,0,5,2
252,7,739084122,0,3,0,0,0,1,30,4,24,18,0,5,3
252,8,1796908213,0,0,0,0,1,0,30,4,30,12,0,6,3
252,9,1460848632,0,1,0,0,2,1,30,5,30,12,1,7,3
253,0,1468695768,0,0,0,0,1,0,30,4,35,7,0,1,0
253,1,3280119835,0,1,0,0,2,1,30,1,25,17,0,1,1
253,2,2944060254,0,2,0,0,3,0,30,5,41,1,0,2,1
253,3,3097224608,0,3,0,0,0,1,30,6,25,17,0,2,2
253,4,613681379,0,0,0,0,1,0,30,6,22,20,0,3,2
253,5,3719650231,0,1,0,0,2,1,30,0,13,29,0,3,3
253,6,3383590650,0,2,0,0,3,0,30,4,19,23,0,4,3
253,7,2242210219,0,3,0,0,0,1,30,5,18,24,0,4,4
253,8,1053211775,0,0,0,0,1,0,30,4,12,30,1,4,5
253,9,717152194,0,1,0,0,2,1,30,5,12,30,0,4,6
253,10,3823121046,0,2,0,0,3,0,30,4,7,35,1,4,7
254,0,754534094,0,0,0,0,1,0,30,5,23,19,0,1,0
254,1,1812358185,0,1,0,0,2,1,30,5,31,11,1,2,0
254,2,2719122515,0,2,0,0,3,0,30,5,36,6,0,3,0
254,3,1530124071,0,3,0,0,0,1,30,5,29,13,0,3,1
254,4,1194064490,0,0,0,0,1,0,30,3,8,34,1,3,2
254,5,3005488557,0,1,0,0,2,1,30,3,25,17,0,3,3
254,6,3158652911,0,2,0,0,3,0,30,6,0,42,1,3,4
254,7,675109682,0,3,0,0,0,1,30,4,28,14,0,3,5
254,8,1633594886,0,0,0,0,1,0,30,1,0,42,1,3,6
254,9,3445018953,0,1,0,0,2,1,30,4,42,0,1,4,6
254,10,3598183307,0,2,0,0,3,0,30,5,0,42,1,4,7
255,0,1988560364,0,0,0,0,1,0,30,5,17,25,0,1,0
255,1,1652500783,0,1,0,0,2,1,30,4,36,6,1,2,0
255,2,511120352,0,2,0,0,3,0,30,3,0,42,1,2,1
255,3,3617089204,0,3,0,0,0,1,30,4,38,4,1,3,1
255,4,3281029623,0,0,0,0,1,0,30,4,33,9,0,4,1
255,5,2092031179,0,1,0,0,2,1,30,5,25,17,0,4,2
255,6,950650748,0,2,0,0,3,0,30,5,23,19,0,5,2
255,7,4056619600,0,3,0,0,0,1,30,4,22,20,0,5,3
255,8,3720560019,0,0,0,0,1,0,30,1,24,18,0,6,3
255,9,1237016790,0,1,0,0,2,1,30,4,17,25,0,6,4
255,10,1390181144,0,2,0,0,3,0,30,3,11,31,1,6,5
255,11,3201605211,0,3,0,0,0,1,30,5,42,0,1,7,5
0,0,1909233376,1,0,0,0,1,1,30,5,35,7,1,1,0
0,1,767852945,1,1,0,0,2,0,30,4,18,24,0,2,0
0,2,431793364,1,2,0,0,3,1,30,6,12,30,0,2,1
0,3,3537762216,1,3,0,0,0,0,30,4,40,2,0,3,1
0,4,3201702635,1,0,0,0,1,1,30,5,18,24,0,3,2
0,5,1207383341,1,1,0,0,2,0,30,0,13,29,0,4,2
0,6,871323760,1,2,0,0,3,1,30,4,25,17,0,4,3
0,7,3977292612,1,3,0,0,0,0,30,5,18,24,0,5,3
0,8,3641233031,1,0,0,0,1,1,30,5,31,11,1,6,3
0,9,2499852600,1,1,0,0,2,0,30,4,28,14,0,7,3
1,0,3412359473,1,0,0,0,1,1,30,5,41,1,1,1,0
1,1,3076299892,1,1,0,0,2,0,30,1,0,42,1,1,1
1,2,3983064222,1,2,0,0,3,1,30,5,2,40,0,1,2
1,3,745921017,1,3,0,0,0,0,30,5,30,12,0,2,2
1,4,409861436,1,0,0,0,1,1,30,4,25,17,0,2,3
1,5,3515830288,1,1,0,0,2,0,30,0,17,25,0,3,3
1,6,3179770707,1,2,0,0,3,1,30,5,30,12,1,4,3
1,7,1185451413,1,3,0,0,0,0,30,5,23,19,0,5,3
1,8,849391832,1,0,0,0,1,1,30,3,30,12,1,6,3
1,9,2660815899,1,1,0,0,2,0,30,4,27,15,0,7,3
2,0,2668663035,1,0,0,0,1,1,30,5,12,30,0,0,1
2,1,2332603454,1,1,0,0,2,0,30,2,2,40,1,0,2
2,2,1143605010,1,2,0,0,3,1,30,5,18,24,0,0,3
2,3,807545429,1,3,0,0,0,0,30,4,0,42,1,0,4
2,4,3961132294,1,0,0,0,1,1,30,1,31,11,1,1,4
2,5,2772133850,1,1,0,0,2,0,30,5,16,26,0,2,4
2,6,2436074269,1,2,0,0,3,1,30,2,35,7,1,3,4
2,7,1247075825,1,3,0,0,0,0,30,0,1,41,1,3,5
2,8,105695394,1,0,0,0,1,1,30,5,14,28,0,3,6
2,9,4064603109,1,1,0,0,2,0,30,2,12,30,1,3,7
3,0,1954501361,1,0,0,0,1,1,30,5,20,22,0,0,1
3,1,864841804,1,1,0,0,2,0,30,4,12,30,1,0,2
3,2,2676265871,1,2,0,0,3,1,30,5,26,16,0,0,3
3,3,582607690,1,3,0,0,0,0,30,5,35,7,0,1,3
3,4,2394031757,1,0,0,0,1,1,30,6,42,0,1,2,3
3,5,1304372200,1,1,0,0,2,0,30,4,42,0,0,3,3
3,6,3115796267,1,2,0,0,3,1,30,4,0,42,0,3,4
3,7,4022560597,1,3,0,0,0,0,30,5,29,13,0,4,4
3,8,2833562153,1,0,0,0,1,1,30,4,4,38,0,4,5
3,9,2497502572,1,1,0,0,2,0,30,5,39,3,0,5,5
3,10,3555326663,1,2,0,0,3,1,30,5,18,24,0,5,6
3,11,167123697,1,3,0,0,0,0,30,4,19,23,0,6,6
3,12,1224947788,1,0,0,0,1,1,30,0,24,18,0,6,7
4,0,1041043983,1,0,0,0,1,1,30,5,1,41,0,0,1
4,1,2852468050,1,1,0,0,2,0,30,5,23,19,0,1,1
4,2,3810953254,1,2,0,0,3,1,30,5,24,18,0,1,2
4,3,522089175,1,3,0,0,0,0,30,0,17,25,0,2,2
4,4,186029594,1,0,0,0,1,1,30,4,42,0,1,3,2
4,5,3291998446,1,1,0,0,2,0,30,5,24,18,0,4,2
4,6,2955938865,1,2,0,0,3,1,30,4,11,31,0,4,3
4,7,3109103219,1,3,0,0,0,0,30,2,18,24,0,5,3
4,8,625559990,1,0,0,0,1,1,30,2,35,7,1,6,3
4,9,3731528842,1,1,0,0,2,0,30,5,30,12,0,7,3
5,0,3768910742,1,0,0,0,1,1,30,5,20,22,0,0,1
5,1,3432851161,1,1,0,0,2,0,30,3,8,34,1,0,2
5,2,2291470730,1,2,0,0,3,1,30,4,19,23,0,0,3
5,3,1102472286,1,3,0,0,0,0,30,4,12,30,1,0,4
5,4,766412705,1,0,0,0,1,1,30,3,41,1,1,1,4
5,5,3872381557,1,1,0,0,2,0,30,4,17,25,0,2,4
5,6,2731001126,1,2,0,0,3,1,30,5,29,13,0,2,5
5,7,1542002682,1,3,0,0,0,0,30,5,19,23,0,3,5
5,8,1205943101,1,0,0,0,1,1,30,5,21,21,0,3,6
5,9,3017367168,1,1,0,0,2,0,30,0,17,25,0,4,6
5,10,3170531522,1,2,0,0,3,1,30,5,13,29,0,4,7
6,0,977069543,1,0,0,0,1,1,30,5,19,23,0,0,1
6,1,641009962,1,1,0,0,2,0,30,4,17,25,0,1,1
6,2,304950381,1,2,0,0,3,1,30,4,27,15,0,1,2
6,3,3410919233,1,3,0,0,0,0,30,5,23,19,0,2,2
6,4,2269538802,1,0,0,0,1,1,30,2,34,8,1,3,2
6,5,1080540358,1,1,0,0,2,0,30,1,1,41,1,3,3
6,6,744480777,1,2,0,0,3,1,30,6,41,1,1,4,3
6,7,3850449629,1,3,0,0,0,0,30,4,24,18,0,5,3
6,8,2709069198,1,0,0,0,1,1,30,0,18,24,0,5,4
6,9,225525969,1,1,0,0,2,0,30,4,35,7,0,6,4
6,10,1184011173,1,2,0,0,3,1,30,5,1,41,0,6,5
6,11,2995435240,1,3,0,0,0,0,30,5,18,24,0,7,5
7,0,262907869,1,0,0,0,1,1,30,5,12,30,0,0,1
7,1,3368876721,1,1,0,0,2,0,30,2,31,11,0,1,1
7,2,2227496290,1,2,0,0,3,1,30,5,35,7,1,2,1
7,3,3185981494,1,3,0,0,0,0,30,4,17,25,0,3,1
7,4,702438265,1,0,0,0,1,1,30,4,39,3,1,4,1
7,5,3808407117,1,1,0,0,2,0,30,4,24,18,0,5,1
7,6,3472347536,1,2,0,0,3,1,30,5,41,1,1,6,1
7,7,2330967105,1,3,0,0,0,0,30,5,7,35,1,6,2
7,8,1141968661,1,0,0,0,1,1,30,5,29,13,0,6,3
7,9,805909080,1,1,0,0,2,0,30,4,29,13,0,7,3
8,0,3644417787,1,0,0,0,1,1,30,5,23,19,0,0,1
8,1,3209019319,1,1,0,0,2,0,30,4,16,26,0,1,1
8,2,4266843410,1,2,0,0,3,1,30,4,41,1,1,2,1
8,3,878640444,1,3,0,0,0,0,30,4,11,31,1,2,2
8,4,542580863,1,0,0,0,1,1,30,5,18,24,0,2,3
8,5,1600404954,1,1,0,0,2,0,30,4,26,16,0,3,3
8,6,3312490134,1,2,0,0,3,1,30,4,31,11,1,4,3
8,7,1318170840,1,3,0,0,0,0,30,5,23,19,0,5,3
8,8,982111259,1,0,0,0,1,1,30,4,25,17,0,5,4
8,9,2039935350,1,1,0,0,2,0,30,5,0,42,1,5,5
8,10,1703875769,1,2,0,0,3,1,30,4,19,23,0,5,6
8,11,2610640099,1,3,0,0,0,0,30,6,0,42,1,5,7
9,0,2900721349,1,0,0,0,1,1,30,4,13,29,0,0,1
9,1,417178120,1,1,0,0,2,0,30,3,0,42,1,0,2
9,2,1375663324,1,2,0,0,3,1,30,0,13,29,0,0,3
9,3,3187087391,1,3,0,0,0,0,30,4,12,30,1,0,4
9,4,2045706960,1,0,0,0,1,1,30,6,25,17,0,0,5
9,5,856708516,1,1,0,0,2,0,30,5,9,33,1,0,6
9,6,520648935,1,2,0,0,3,1,30,5,30,12,1,1,6
9,7,3626617787,1,3,0,0,0,0,30,6,30,12,0,2,6
9,8,3290558206,1,0,0,0,1,1,30,5,13,29,0,2,7
10,0,1333620812,1,0,0,0,1,1,30,2,30,12,1,1,0
10,1,997561231,1,1,0,0,2,0,30,4,27,15,0,2,0
10,2,2808985298,1,2,0,0,3,1,30,2,42,0,1,3,0
10,3,2962149652,1,3,0,0,0,0,30,5,28,14,0,4,0
10,4,2626090071,1,0,0,0,1,1,30,5,18,24,0,4,1
10,5,1437091627,1,1,0,0,2,0,30,1,0,42,1,4,2
10,6,1101032046,1,2,0,0,3,1,30,1,6,36,0,4,3
10,7,3401680048,1,3,0,0,0,0,30,5,40,2,0,5,3
10,8,3065620467,1,0,0,0,1,1,30,4,11,31,0,5,4
10,9,582077238,1,1,0,0,2,0,30,4,8,34,1,5,5
10,10,1540562442,1,2,0,0,3,1,30,2,40,2,1,6,5
10,11,3351986509,1,3,0,0,0,0,30,4,16,26,0,7,5
11,0,3642067759,1,0,0,0,1,1,30,6,9,33,0,0,1
11,1,2500687328,1,1,0,0,2,0,30,6,16,26,0,1,1
11,2,2164627747,1,2,0,0,3,1,30,4,11,31,0,1,2
11,3,975629303,1,3,0,0,0,0,30,5,11,31,1,1,3
11,4,639569722,1,0,0,0,1,1,30,5,35,7,1,2,3
11,5,2940217724,1,1,0,0,2,0,30,6,17,25,0,3,3
11,6,2604158143,1,2,0,0,3,1,30,5,13,29,0,3,4
11,7,1415159699,1,3,0,0,0,0,30,2,33,9,0,4,4
11,8,1079100118,1,0,0,0,1,1,30,4,30,12,1,5,4
11,9,2085203335,1,1,0,0,2,0,30,4,17,25,0,6,4
11,10,3043688539,1,2,0,0,3,1,30,5,25,17,0,6,5
11,11,560145310,1,3,0,0,0,0,30,4,14,28,0,7,5
12,0,2122585235,1,0,0,0,1,1,30,4,35,7,1,1,0
12,1,933586791,1,1,0,0,2,0,30,5,1,41,1,1,1
12,2,597527210,1,2,0,0,3,1,30,3,42,0,1,2,1
12,3,3703496062,1,3,0,0,0,0,30,5,23,19,0,3,1
12,4,2562115631,1,0,0,0,1,1,30,4,17,25,0,3,2
12,5,1373117187,1,1,0,0,2,0,30,4,25,17,0,4,2
12,6,1037057606,1,2,0,0,3,1,30,5,19,23,0,4,3
12,7,700998025,1,3,0,0,0,0,30,1,13,29,0,5,3
12,8,3001646027,1,0,0,0,1,1,30,2,42,0,1,6,3
12,9,2665586446,1,1,0,0,2,0,30,4,26,16,0,7,3
13,0,1209127857,1,0,0,0,1,1,30,6,18,24,0,0,1
13,1,773729389,1,1,0,0,2,0,30,5,12,30,1,0,2
13,2,3979037128,1,2,0,0,3,1,30,0,31,11,1,1,2
13,3,1495493899,1,3,0,0,0,0,30,4,13,29,0,2,2
13,4,2402258229,1,0,0,0,1,1,30,5,29,13,0,2,3
13,5,3460082320,1,1,0,0,2,0,30,4,25,17,0,3,3
13,6,877200204,1,2,0,0,3,1,30,6,19,23,0,3,4
13,7,1935024295,1,3,0,0,0,0,30,5,12,30,1,3,5
13,8,2841788625,1,0,0,0,1,1,30,4,25,17,0,3,6
13,9,3899612716,1,1,0,0,2,0,30,5,13,29,0,4,6
13,10,3563553135,1,2,0,0,3,1,30,3,31,11,1,5,6
13,11,980671019,1,3,0,0,0,0,30,2,23,19,0,6,6
13,12,3281319021,1,0,0,0,1,1,30,4,7,35,0,6,7
14,0,3936994616,1,0,0,0,1,1,30,5,34,8,1,1,0
14,1,3600935035,1,1,0,0,2,0,30,4,7,35,1,1,1
14,2,1117391806,1,2,0,0,3,1,30,4,12,30,0,1,2
14,3,1270556160,1,3,0,0,0,0,30,2,2,40,1,1,3
14,4,934496579,1,0,0,0,1,1,30,4,35,7,1,2,3
14,5,4040465431,1,1,0,0,2,0,30,5,6,36,1,2,4
14,6,1556922202,1,2,0,0,3,1,30,4,35,7,1,3,4
14,7,415541771,1,3,0,0,0,0,30,5,35,7,0,4,4
14,8,1374026975,1,0,0,0,1,1,30,1,17,25,0,4,5
14,9,3185451042,1,1,0,0,2,0,30,5,35,7,0,5,5
14,10,1996452598,1,2,0,0,3,1,30,4,26,16,0,5,6
14,11,855072167,1,3,0,0,0,0,30,4,7,35,1,5,7
15,0,3193298178,1,0,0,0,1,1,30,4,29,13,0,0,1
15,1,2857238597,1,1,0,0,2,0,30,4,28,14,0,1,1
15,2,373695368,1,2,0,0,3,1,30,4,8,34,0,1,2
15,3,1332180572,1,3,0,0,0,0,30,5,30,12,0,2,2
15,4,190800141,1,0,0,0,1,1,30,4,42,0,1,3,2
15,5,3296768993,1,1,0,0,2,0,30,5,17,25,0,4,2
15,6,2960709412,1,2,0,0,3,1,30,4,18,24,0,4,3
15,7,4018533503,1,3,0,0,0,0,30,4,0,42,1,4,4
15,8,3583135035,1,0,0,0,1,1,30,4,0,42,0,4,5
15,9,2441754604,1,1,0,0,2,0,30,4,19,23,0,5,5
15,10,3400239808,1,2,0,0,3,1,30,4,19,23,0,5,6
15,11,916696579,1,3,0,0,0,0,30,5,23,19,0,6,6
15,12,4122004318,1,0,0,0,1,1,30,5,31,11,1,7,6
16,0,1206777829,1,0,0,0,1,1,30,5,31,11,1,1,0
16,1,870718248,1,1,0,0,2,0,30,4,19,23,0,2,0
16,2,4024305113,1,2,0,0,3,1,30,5,29,13,0,2,1
16,3,2835306669,1,3,0,0,0,0,30,5,27,15,0,3,1
16,4,2499247088,1,0,0,0,1,1,30,0,29,13,0,3,2
16,5,1310248644,1,1,0,0,2,0,30,5,30,12,0,4,2
16,6,168868213,1,2,0,0,3,1,30,2,22,20,0,4,3
16,7,3274837065,1,3,0,0,0,0,30,4,11,31,1,4,4
16,8,2938777484,1,0,0,0,1,1,30,5,41,1,1,5,4
16,9,455234255,1,1,0,0,2,0,30,3,0,42,1,5,5
16,10,608398609,1,2,0,0,3,1,30,2,17,25,0,5,6
16,11,2419822676,1,3,0,0,0,0,30,0,0,42,1,5,7
17,0,3713162774,1,0,0,0,1,1,30,5,29,13,0,0,1
17,1,3377103193,1,1,0,0,2,0,30,4,34,8,0,1,1
17,2,2188104749,1,2,0,0,3,1,30,4,12,30,0,1,2
17,3,1852045168,1,3,0,0,0,0,30,5,18,24,0,2,2
17,4,710664737,1,0,0,0,1,1,30,0,35,7,1,3,2
17,5,3816633589,1,1,0,0,2,0,30,4,19,23,0,4,2
17,6,3480574008,1,2,0,0,3,1,30,6,13,29,0,4,3
17,7,2291575564,1,3,0,0,0,0,30,4,8,34,1,4,4
17,8,1150195133,1,0,0,0,1,1,30,4,30,12,1,5,4
17,9,814135552,1,1,0,0,2,0,30,4,40,2,0,6,4
17,10,3920104404,1,2,0,0,3,1,30,5,18,24,0,6,5
17,11,3584044823,1,3,0,0,0,0,30,6,0,42,1,6,6
17,12,1589725529,1,0,0,0,1,1,30,6,42,0,1,7,6
18,0,1726642425,1,0,0,0,1,1,30,4,0,42,0,0,1
18,1,2633406755,1,1,0,0,2,0,30,4,35,7,0,1,1
18,2,1543747198,1,2,0,0,3,1,30,4,18,24,0,1,2
18,3,3355171265,1,3,0,0,0,0,30,0,19,23,0,2,2
18,4,3019111684,1,0,0,0,1,1,30,0,34,8,1,3,2
18,5,1024792390,1,1,0,0,2,0,30,6,23,19,0,4,2
18,6,2736877570,1,2,0,0,3,1,30,5,13,29,0,4,3
18,7,3794701661,1,3,0,0,0,0,30,6,17,25,0,5,3
18,8,3458642080,1,0,0,0,1,1,30,4,8,34,0,5,4
18,9,2269643636,1,1,0,0,2,0,30,5,24,18,0,6,4
18,10,1128263205,1,2,0,0,3,1,30,5,36,6,1,7,4
19,0,1501704686,1,0,0,0,1,1,30,4,40,2,1,1,0
19,1,1165645105,1,1,0,0,2,0,30,0,34,8,0,2,0
19,2,2977069172,1,2,0,0,3,1,30,5,26,16,0,2,1
19,3,3935554376,1,3,0,0,0,0,30,0,6,36,1,2,2
19,4,2794173945,1,0,0,0,1,1,30,4,41,1,1,3,2
19,5,1605175501,1,1,0,0,2,0,30,5,27,15,0,4,2
19,6,3416599568,1,2,0,0,3,1,30,4,13,29,0,4,3
19,7,3080539987,1,3,0,0,0,0,30,6,18,24,0,5,3
19,8,3233704341,1,0,0,0,1,1,30,4,6,36,0,5,4
19,9,750161112,1,1,0,0,2,0,30,6,18,24,0,6,4
19,10,3856129964,1,2,0,0,3,1,30,1,36,6,1,7,4
20,0,3810151633,1,0,0,0,1,1,30,1,42,0,1,1,0
20,1,3474092052,1,1,0,0,2,0,30,4,19,23,0,2,0
20,2,85889086,1,2,0,0,3,1,30,4,41,1,1,3,0
20,3,3191857938,1,3,0,0,0,0,30,0,12,30,1,3,1
20,4,708314709,1,0,0,0,1,1,30,6,17,25,0,3,2
20,5,3913622448,1,1,0,0,2,0,30,6,13,29,0,4,2
20,6,525419482,1,2,0,0,3,1,30,5,16,26,0,4,3
20,7,1583243573,1,3,0,0,0,0,30,5,40,2,0,5,3
20,8,1147845105,1,0,0,0,1,1,30,5,17,25,0,5,4
20,9,811785524,1,1,0,0,2,0,30,3,8,34,1,5,5
20,10,964949878,1,2,0,0,3,1,30,1,29,13,0,5,6
20,11,2776373945,1,3,0,0,0,0,30,6,1,41,1,5,7
21,0,3650294231,1,0,0,0,1,1,30,2,41,1,1,1,0
21,1,1166751002,1,1,0,0,2,0,30,4,24,18,0,2,0
21,2,1319915356,1,2,0,0,3,1,30,4,8,34,0,2,1
21,3,983855775,1,3,0,0,0,0,30,3,18,24,0,3,1
21,4,4089824627,1,0,0,0,1,1,30,4,4,38,0,3,2
21,5,3753765046,1,1,0,0,2,0,30,6,18,24,0,4,2
21,6,464900967,1,2,0,0,3,1,30,6,20,22,0,4,3
21,7,1423386171,1,3,0,0,0,0,30,5,22,20,0,5,3
21,8,3234810238,1,0,0,0,1,1,30,3,23,19,0,5,4
21,9,4193295442,1,1,0,0,2,0,30,4,35,7,0,6,4
21,10,904431363,1,2,0,0,3,1,30,2,42,0,1,7,4
22,0,2083193694,1,0,0,0,1,1,30,4,24,18,0,0,1
22,1,941813263,1,1,0,0,2,0,30,2,0,42,1,0,2
22,2,4047782115,1,2,0,0,3,1,30,6,35,7,1,1,2
22,3,3711722534,1,3,0,0,0,0,30,6,23,19,0,2,2
22,4,3375662953,1,0,0,0,1,1,30,0,29,13,0,2,3
22,5,1381343659,1,1,0,0,2,0,30,5,17,25,0,3,3
22,6,1045284078,1,2,0,0,3,1,30,5,6,36,0,3,4
22,7,4151252930,1,3,0,0,0,0,30,4,15,27,0,4,4
22,8,3815193349,1,0,0,0,1,1,30,0,42,0,1,5,4
22,9,2673812918,1,1,0,0,2,0,30,4,17,25,0,6,4
22,10,1484814474,1,2,0,0,3,1,30,4,41,1,1,7,4
23,0,3586319791,1,0,0,0,1,1,30,4,19,23,0,0,1
23,1,3250260210,1,1,0,0,2,0,30,5,18,24,0,1,1
23,2,3403424564,1,2,0,0,3,1,30,5,7,35,0,1,2
23,3,919881335,1,3,0,0,0,0,30,2,16,26,0,2,2
23,4,583821754,1,0,0,0,1,1,30,4,6,36,0,2,3
23,5,3689790606,1,1,0,0,2,0,30,4,23,19,0,3,3
23,6,3353731025,1,2,0,0,3,1,30,5,17,25,0,3,4
23,7,1359411731,1,3,0,0,0,0,30,5,1,41,1,3,5
23,8,1023352150,1,0,0,0,1,1,30,5,24,18,0,3,6
23,9,4129321002,1,1,0,0,2,0,30,6,42,0,0,4,6
23,10,3793261421,1,2,0,0,3,1,30,1,42,0,1,5,6
23,11,2651880990,1,3,0,0,0,0,30,5,14,28,0,6,6
23,12,1462882546,1,0,0,0,1,1,30,4,30,12,1,7,6
24,0,4166702902,1,0,0,0,1,1,30,2,40,2,1,1,0
24,1,3025322471,1,1,0,0,2,0,30,6,33,9,0,2,0
24,2,541779242,1,2,0,0,3,1,30,6,42,0,1,3,0
24,3,1500264446,1,3,0,0,0,0,30,4,0,42,1,3,1
24,4,3311688513,1,0,0,0,1,1,30,5,41,1,1,4,1
24,5,3464852867,1,1,0,0,2,0,30,5,0,42,1,4,2
24,6,981309638,1,2,0,0,3,1,30,4,34,8,1,5,2
24,7,645250057,1,3,0,0,0,0,30,6,17,25,0,6,2
24,8,3751218909,1,0,0,0,1,1,30,4,8,34,0,6,3
24,9,3415159328,1,1,0,0,2,0,30,4,12,30,1,6,4
24,10,3568323682,1,2,0,0,3,1,30,1,36,6,1,7,4
25,0,1958700739,1,0,0,0,1,1,30,5,26,16,0,0,1
25,1,1523302271,1,1,0,0,2,0,30,4,7,35,1,0,2
25,2,1676466625,1,2,0,0,3,1,30,1,9,33,0,0,3
25,3,3487890692,1,3,0,0,0,0,30,2,18,24,0,1,3
25,4,3151831111,1,0,0,0,1,1,30,3,24,18,0,1,4
25,5,4209655202,1,1,0,0,2,0,30,4,27,15,0,2,4
25,6,821452236,1,2,0,0,3,1,30,4,2,40,0,2,5
25,7,1779937440,1,3,0,0,0,0,30,5,35,7,0,3,5
25,8,3591361507,1,0,0,0,1,1,30,4,35,7,1,4,5
25,9,354218302,1,1,0,0,2,0,30,6,13,29,0,5,5
25,10,1260982632,1,2,0,0,3,1,30,5,29,13,0,5,6
25,11,924923051,1,3,0,0,0,0,30,4,41,1,0,6,6
25,12,4030891903,1,0,0,0,1,1,30,4,23,19,0,6,7
26,0,391600202,1,0,0,0,1,1,30,5,18,24,0,0,1
26,1,3545187067,1,1,0,0,2,0,30,5,34,8,0,1,1
26,2,3209127486,1,2,0,0,3,1,30,2,14,28,0,1,2
26,3,2020129042,1,3,0,0,0,0,30,4,8,34,1,1,3
26,4,1684069461,1,0,0,0,1,1,30,4,23,19,0,1,4
26,5,3984717463,1,1,0,0,2,0,30,3,0,42,1,1,5
26,6,3648657882,1,2,0,0,3,1,30,5,6,36,0,1,6
26,7,2459659438,1,3,0,0,0,0,30,4,28,14,0,2,6
26,8,2123599857,1,0,0,0,1,1,30,3,18,24,0,2,7
27,0,3942871060,1,0,0,0,1,1,30,5,24,18,0,0,1
27,1,3606811479,1,1,0,0,2,0,30,5,19,23,0,1,1
27,2,1612492185,1,2,0,0,3,1,30,2,31,11,1,2,1
27,3,1276432604,1,3,0,0,0,0,30,5,8,34,1,2,2
27,4,940373023,1,0,0,0,1,1,30,6,23,19,0,2,3
27,5,4046341875,1,1,0,0,2,0,30,3,1,41,1,2,4
27,6,2904961444,1,2,0,0,3,1,30,4,30,12,1,3,4
27,7,1715963000,1,3,0,0,0,0,30,5,30,12,0,4,4
27,8,1379903419,1,0,0,0,1,1,30,6,18,24,0,4,5
27,9,3191327486,1,1,0,0,2,0,30,0,8,34,1,4,6
27,10,3344491840,1,2,0,0,3,1,30,5,9,33,0,4,7
28,0,1151029861,1,0,0,0,1,1,30,5,31,11,1,1,0
28,1,814970280,1,1,0,0,2,0,30,5,14,28,0,2,0
28,2,3920939132,1,2,0,0,3,1,30,5,18,24,0,2,1
28,3,3584879551,1,3,0,0,0,0,30,6,12,30,1,2,2
28,4,2443499120,1,0,0,0,1,1,30,5,19,23,0,2,3
28,5,1254500676,1,1,0,0,2,0,30,5,30,12,0,3,3
28,6,918441095,1,2,0,0,3,1,30,4,2,40,0,3,4
28,7,4024409947,1,3,0,0,0,0,30,4,2,40,1,3,5
28,8,2883029516,1,0,0,0,1,1,30,4,19,23,0,3,6
28,9,1694031072,1,1,0,0,2,0,30,5,7,35,1,3,7
29,0,2315252008,1,0,0,0,1,1,30,6,6,36,0,0,1
29,1,3321355225,1,1,0,0,2,0,30,4,8,34,1,0,2
29,2,4279840429,1,2,0,0,3,1,30,1,26,16,0,0,3
29,3,1796297200,1,3,0,0,0,0,30,4,35,7,0,1,3
29,4,1460237619,1,0,0,0,1,1,30,4,32,10,1,2,3
29,5,271239175,1,1,0,0,2,0,30,4,19,23,0,3,3
29,6,3424826040,1,2,0,0,3,1,30,4,18,24,0,3,4
29,7,2235827596,1,3,0,0,0,0,30,5,34,8,0,4,4
29,8,1899768015,1,0,0,0,1,1,30,5,24,18,0,4,5
29,9,710769571,1,1,0,0,2,0,30,4,16,26,0,5,5
29,10,3864356436,1,2,0,0,3,1,30,6,12,30,0,5,6
29,11,3528296855,1,3,0,0,0,0,30,3,14,28,0,6,6
29,12,2339298411,1,0,0,0,1,1,30,5,41,1,1,7,6
30,0,3818378105,1,0,0,0,1,1,30,2,23,19,0,0,1
30,1,3382979637,1,1,0,0,2,0,30,1,29,13,0,1,1
30,2,2293320080,1,2,0,0,3,1,30,4,0,42,0,1,2
30,3,1052600762,1,3,0,0,0,0,30,0,7,35,1,1,3
30,4,716541181,1,0,0,0,1,1,30,4,42,0,1,2,3
30,5,1774365272,1,1,0,0,2,0,30,4,35,7,0,3,3
30,6,3486450452,1,2,0,0,3,1,30,6,42,0,1,4,3
30,7,3639614806,1,3,0,0,0,0,30,5,23,19,0,5,3
30,8,1156071577,1,0,0,0,1,1,30,4,36,6,1,6,3
30,9,2213895668,1,1,0,0,2,0,30,4,14,28,0,7,3
31,0,2251277568,1,0,0,0,1,1,30,1,18,24,0,0,1
31,1,1915217987,1,1,0,0,2,0,30,0,36,6,0,1,1
31,2,773837556,1,2,0,0,3,1,30,4,23,19,0,1,2
31,3,3879806408,1,3,0,0,0,0,30,2,28,14,0,2,2
31,4,3543746827,1,0,0,0,1,1,30,4,40,2,1,3,2
31,5,2354748383,1,1,0,0,2,0,30,0,28,14,0,4,2
31,6,1213367952,1,2,0,0,3,1,30,4,19,23,0,4,3
31,7,24369508,1,3,0,0,0,0,30,2,12,30,1,4,4
31,8,3983277223,1,0,0,0,1,1,30,5,1,41,0,4,5
31,9,1499733994,1,1,0,0,2,0,30,4,23,19,0,5,5
31,10,1652898348,1,2,0,0,3,1,30,3,35,7,1,6,5
31,11,3464322415,1,3,0,0,0,0,30,5,28,14,0,7,5
32,0,1507581130,1,0,0,0,1,1,30,5,35,7,1,1,0
32,1,1171521549,1,1,0,0,2,0,30,6,0,42,1,1,1
32,2,835461968,1,2,0,0,3,1,30,4,13,29,0,1,2
32,3,3136109970,1,3,0,0,0,0,30,4,19,23,0,2,2
32,4,2800050389,1,0,0,0,1,1,30,5,12,30,0,2,3
32,5,1611051945,1,1,0,0,2,0,30,5,20,22,0,3,3
32,6,1274992364,1,2,0,0,3,1,30,4,34,8,1,4,3
32,7,3575640366,1,3,0,0,0,0,30,4,41,1,0,5,3
32,8,3239580785,1,0,0,0,1,1,30,5,19,23,0,5,4
32,9,756037556,1,1,0,0,2,0,30,5,0,42,1,5,5
32,10,1714522760,1,2,0,0,3,1,30,3,35,7,1,6,5
32,11,3525946827,1,3,0,0,0,0,30,4,29,13,0,7,5
33,0,2771142164,1,0,0,0,1,1,30,5,13,29,0,0,1
33,1,3677906494,1,1,0,0,2,0,30,5,22,20,0,1,1
33,2,2588246937,1,2,0,0,3,1,30,5,15,27,0,1,2
33,3,2152848469,1,3,0,0,0,0,30,4,29,13,0,2,2
33,4,1816788888,1,0,0,0,1,1,30,6,24,18,0,2,3
33,5,4117436890,1,1,0,0,2,0,30,4,23,19,0,3,3
33,6,3781377309,1,2,0,0,3,1,30,2,7,35,0,3,4
33,7,544234104,1,3,0,0,0,0,30,6,0,42,1,3,5
33,8,2256319284,1,0,0,0,1,1,30,3,8,34,0,3,6
33,9,3314143375,1,1,0,0,2,0,30,6,29,13,0,4,6
33,10,4220907705,1,2,0,0,3,1,30,4,9,33,0,4,7
34,0,4174929374,1,0,0,0,1,1,30,6,13,29,0,0,1
34,1,1691386145,1,1,0,0,2,0,30,3,13,29,0,1,1
34,2,502387701,1,2,0,0,3,1,30,4,16,26,0,1,2
34,3,3655974566,1,3,0,0,0,0,30,4,34,8,0,2,2
34,4,3319914985,1,0,0,0,1,1,30,4,34,8,1,3,2
34,5,2130916541,1,1,0,0,2,0,30,2,0,42,1,3,3
34,6,1794856960,1,2,0,0,3,1,30,2,36,6,1,4,3
34,7,4095504962,1,3,0,0,0,0,30,4,29,13,0,5,3
34,8,3759445381,1,0,0,0,1,1,30,3,17,25,0,5,4
34,9,2570446937,1,1,0,0,2,0,30,4,7,35,1,5,5
34,10,2234387356,1,2,0,0,3,1,30,4,34,8,1,6,5
34,11,1093006925,1,3,0,0,0,0,30,4,41,1,0,7,5
35,0,1383088175,1,0,0,0,1,1,30,6,19,23,0,0,1
35,1,3194512242,1,1,0,0,2,0,30,3,0,42,1,0,2
35,2,4152997446,1,2,0,0,3,1,30,4,42,0,1,1,2
35,3,1669454217,1,3,0,0,0,0,30,4,0,42,1,1,3
35,4,2576218547,1,0,0,0,1,1,30,5,7,35,0,1,4
35,5,3634042638,1,1,0,0,2,0,30,2,6,36,1,1,5
35,6,3297983057,1,2,0,0,3,1,30,4,31,11,1,2,5
35,7,2108984613,1,3,0,0,0,0,30,5,17,25,0,3,5
35,8,3015748943,1,0,0,0,1,1,30,5,18,24,0,3,6
35,9,4073573034,1,1,0,0,2,0,30,6,31,11,0,4,6
35,10,3737513453,1,2,0,0,3,1,30,0,25,17,0,4,7
36,0,4110954934,1,0,0,0,1,1,30,5,18,24,0,0,1
36,1,3774895353,1,1,0,0,2,0,30,4,12,30,1,0,2
36,2,1291352124,1,2,0,0,3,1,30,5,25,17,0,0,3
36,3,1444516478,1,3,0,0,0,0,30,5,24,18,0,1,3
36,4,1108456897,1,0,0,0,1,1,30,5,12,30,0,1,4
36,5,4214425749,1,1,0,0,2,0,30,1,2,40,1,1,5
36,6,3878366168,1,2,0,0,3,1,30,4,19,23,0,1,6
36,7,1884046874,1,3,0,0,0,0,30,5,21,21,0,2,6
36,8,1547987293,1,0,0,0,1,1,30,4,34,8,1,3,6
36,9,3359411360,1,1,0,0,2,0,30,4,3,39,1,3,7
37,0,3367258496,1,0,0,0,1,1,30,6,30,12,1,1,0
37,1,3031198915,1,1,0,0,2,0,30,5,35,7,0,2,0
37,2,2695139334,1,2,0,0,3,1,30,4,42,0,1,3,0
37,3,1506140890,1,3,0,0,0,0,30,6,29,13,0,4,0
37,4,1170081309,1,0,0,0,1,1,30,4,24,18,0,4,1
37,5,3470729311,1,1,0,0,2,0,30,4,9,33,1,4,2
37,6,3134669730,1,2,0,0,3,1,30,4,22,20,0,4,3
37,7,4192493821,1,3,0,0,0,0,30,4,30,12,0,5,3
37,8,1609611705,1,0,0,0,1,1,30,5,19,23,0,5,4
37,9,2615714922,1,1,0,0,2,0,30,4,39,3,0,6,4
37,10,3574200126,1,2,0,0,3,1,30,5,19,23,0,6,5
37,11,1090656897,1,3,0,0,0,0,30,4,35,7,0,7,5
38,0,335852234,1,0,0,0,1,1,30,4,35,7,1,1,0
38,1,4294759949,1,1,0,0,2,0,30,4,23,19,0,2,0
38,2,152957007,1,2,0,0,3,1,30,5,6,36,0,2,1
38,3,4012525835,1,3,0,0,0,0,30,6,24,18,0,3,1
38,4,3676466254,1,0,0,0,1,1,30,5,1,41,0,3,2
38,5,439323049,1,1,0,0,2,0,30,2,15,27,0,4,2
38,6,103263468,1,2,0,0,3,1,30,4,6,36,0,4,3
38,7,2403911470,1,3,0,0,0,0,30,5,1,41,1,4,4
38,8,2067851889,1,0,0,0,1,1,30,4,26,16,0,4,5
38,9,878853445,1,1,0,0,2,0,30,3,3,39,1,4,6
38,10,542793864,1,2,0,0,3,1,30,5,34,8,1,5,6
38,11,1449558194,1,3,0,0,0,0,30,4,24,18,0,6,6
38,12,2507382285,1,0,0,0,1,1,30,1,31,11,1,7,6
39,0,1739639444,1,0,0,0,1,1,30,6,24,18,0,0,1
39,1,3551063511,1,1,0,0,2,0,30,5,1,41,1,0,2
39,2,214581419,1,2,0,0,3,1,30,5,8,34,0,0,3
39,3,2026005486,1,3,0,0,0,0,30,4,0,42,1,0,4
39,4,884625055,1,0,0,0,1,1,30,3,30,12,1,1,4
39,5,3990593907,1,1,0,0,2,0,30,4,24,18,0,2,4
39,6,3654534326,1,2,0,0,3,1,30,1,19,23,0,2,5
39,7,2465535882,1,3,0,0,0,0,30,2,1,41,1,2,6
39,8,1324155451,1,0,0,0,1,1,30,1,23,19,0,2,7
40,0,172538907,1,0,0,0,1,1,30,5,18,24,0,0,1
40,1,4131446622,1,1,0,0,2,0,30,5,39,3,0,1,1
40,2,1647903393,1,2,0,0,3,1,30,5,20,22,0,1,2
40,3,1801067747,1,3,0,0,0,0,30,5,22,20,0,2,2
40,4,1465008166,1,0,0,0,1,1,30,4,41,1,1,3,2
40,5,276009722,1,1,0,0,2,0,30,4,0,42,1,3,3
40,6,2087433789,1,2,0,0,3,1,30,4,18,24,0,3,4
40,7,2240598143,1,3,0,0,0,0,30,6,17,25,0,4,4
40,8,1904538562,1,0,0,0,1,1,30,5,12,30,0,4,5
40,9,3715962629,1,1,0,0,2,0,30,4,19,23,0,5,5
40,10,2526964185,1,2,0,0,3,1,30,4,23,19,0,5,6
40,11,1385583754,1,3,0,0,0,0,30,4,7,35,1,5,7
41,0,1675665004,1,0,0,0,1,1,30,0,34,8,1,1,0
41,1,1339605423,1,1,0,0,2,0,30,4,40,2,0,2,0
41,2,3151029490,1,2,0,0,3,1,30,2,8,34,0,2,1
41,3,4109514694,1,3,0,0,0,0,30,0,1,41,1,2,2
41,4,2968134263,1,0,0,0,1,1,30,5,36,6,1,3,2
41,5,1779135819,1,1,0,0,2,0,30,6,22,20,0,4,2
41,6,1443076238,1,2,0,0,3,1,30,4,0,42,0,4,3
41,7,254077794,1,3,0,0,0,0,30,5,35,7,0,5,3
41,8,3407664659,1,0,0,0,1,1,30,5,24,18,0,5,4
41,9,924121430,1,1,0,0,2,0,30,2,1,41,1,5,5
41,10,1882606634,1,2,0,0,3,1,30,4,42,0,1,6,5
41,11,3694030701,1,3,0,0,0,0,30,6,23,19,0,7,5
42,0,272983691,1,0,0,0,1,1,30,4,13,29,0,0,1
42,1,1179748021,1,1,0,0,2,0,30,5,23,19,0,1,1
42,2,4285716873,1,2,0,0,3,1,30,0,9,33,0,1,2
42,3,3949657292,1,3,0,0,0,0,30,5,30,12,0,2,2
42,4,712514087,1,0,0,0,1,1,30,5,18,24,0,2,3
42,5,1619278417,1,1,0,0,2,0,30,4,24,18,0,3,3
42,6,3430702484,1,2,0,0,3,1,30,5,34,8,1,4,3
42,7,94220392,1,3,0,0,0,0,30,4,0,42,1,4,4
42,8,1905644459,1,0,0,0,1,1,30,2,9,33,0,4,5
42,9,2058808813,1,1,0,0,2,0,30,4,9,33,1,4,6
42,10,3870232880,1,2,0,0,3,1,30,2,42,0,1,5,6
42,11,533750788,1,3,0,0,0,0,30,5,17,25,0,6,6
42,12,2345174855,1,0,0,0,1,1,30,4,36,6,1,7,6
43,0,2195529600,1,0,0,0,1,1,30,6,42,0,1,1,0
43,1,1859470019,1,1,0,0,2,0,30,2,34,8,0,2,0
43,2,670471575,1,2,0,0,3,1,30,5,34,8,1,3,0
43,3,334411994,1,3,0,0,0,0,30,5,0,42,1,3,1
43,4,1241176324,1,0,0,0,1,1,30,6,23,19,0,3,2
43,5,2299000415,1,1,0,0,2,0,30,5,35,7,0,4,2
43,6,1962940834,1,2,0,0,3,1,30,0,29,13,0,4,3
43,7,773942390,1,3,0,0,0,0,30,6,18,24,0,5,3
43,8,3927529255,1,0,0,0,1,1,30,5,6,36,0,5,4
43,9,1344647139,1,1,0,0,2,0,30,4,23,19,0,6,4
43,10,2402471230,1,2,0,0,3,1,30,1,34,8,1,7,4
44,0,2257154012,1,0,0,0,1,1,30,4,42,0,1,1,0
44,1,1115773581,1,1,0,0,2,0,30,4,15,27,0,2,0
44,2,2074258785,1,2,0,0,3,1,30,6,25,17,0,2,1
44,3,3885682852,1,3,0,0,0,0,30,5,41,1,0,3,1
44,4,3549623271,1,0,0,0,1,1,30,4,41,1,1,4,1
44,5,1555303977,1,1,0,0,2,0,30,4,16,26,0,5,1
44,6,1219244396,1,2,0,0,3,1,30,5,22,20,0,5,2
44,7,30245952,1,3,0,0,0,0,30,4,23,19,0,6,2
44,8,3989153667,1,0,0,0,1,1,30,4,30,12,1,7,2
45,0,2032216273,1,0,0,0,1,1,30,5,31,11,1,1,0
45,1,1696156692,1,1,0,0,2,0,30,4,12,30,1,1,1
45,2,3507580759,1,2,0,0,3,1,30,2,20,22,0,1,2
45,3,2417921202,1,3,0,0,0,0,30,6,1,41,1,1,3
45,4,3324685532,1,0,0,0,1,1,30,4,42,0,1,2,3
45,5,2135687088,1,1,0,0,2,0,30,5,15,27,0,3,3
45,6,3947111155,1,2,0,0,3,1,30,6,41,1,1,4,3
45,7,2857451598,1,3,0,0,0,0,30,0,11,31,1,4,4
45,8,3764215928,1,0,0,0,1,1,30,5,1,41,0,4,5
45,9,1280672699,1,1,0,0,2,0,30,3,0,42,1,4,6
45,10,2239157903,1,2,0,0,3,1,30,4,22,20,0,4,7
46,0,4119181406,1,0,0,0,1,1,30,0,36,6,1,1,0
46,1,3783121825,1,1,0,0,2,0,30,5,18,24,0,2,0
46,2,2594123381,1,2,0,0,3,1,30,6,42,0,1,3,0
46,3,110580152,1,3,0,0,0,0,30,5,8,34,1,3,1
46,4,263744506,1,0,0,0,1,1,30,5,29,13,0,3,2
46,5,4222652221,1,1,0,0,2,0,30,1,1,41,1,3,3
46,6,1739108992,1,2,0,0,3,1,30,4,12,30,0,3,4
46,7,2697594196,1,3,0,0,0,0,30,5,14,28,0,4,4
46,8,214050967,1,0,0,0,1,1,30,5,23,19,0,4,5
46,9,367215321,1,1,0,0,2,0,30,4,1,41,1,4,6
46,10,2178639388,1,2,0,0,3,1,30,2,41,1,1,5,6
46,11,1842579807,1,3,0,0,0,0,30,4,35,7,0,6,6
46,12,653581363,1,0,0,0,1,1,30,5,41,1,1,7,6
47,0,2132661057,1,0,0,0,1,1,30,4,29,13,0,0,1
47,1,3944085124,1,1,0,0,2,0,30,4,12,30,1,0,2
47,2,1850426943,1,2,0,0,3,1,30,3,40,2,1,1,2
47,3,1514367362,1,3,0,0,0,0,30,4,30,12,0,2,2
47,4,2572191453,1,0,0,0,1,1,30,5,0,42,0,2,3
47,5,2236131872,1,1,0,0,2,0,30,4,36,6,0,3,3
47,6,995412554,1,2,0,0,3,1,30,3,25,17,0,3,4
47,7,1953897758,1,3,0,0,0,0,30,4,22,20,0,4,4
47,8,3765321825,1,0,0,0,1,1,30,5,36,6,1,5,4
47,9,2675662268,1,1,0,0,2,0,30,5,19,23,0,6,4
47,10,1434942950,1,2,0,0,3,1,30,1,2,40,0,6,5
47,11,345283393,1,3,0,0,0,0,30,6,6,36,1,6,6
47,12,4204852221,1,0,0,0,1,1,30,5,23,19,0,6,7
48,0,565560520,1,0,0,0,1,1,30,5,36,6,1,1,0
48,1,3719147385,1,1,0,0,2,0,30,5,2,40,1,1,1
48,2,2530148941,1,2,0,0,3,1,30,6,40,2,1,2,1
48,3,2194089360,1,3,0,0,0,0,30,4,1,41,1,2,2
48,4,1858029779,1,0,0,0,1,1,30,5,6,36,0,2,3
48,5,4158677781,1,1,0,0,2,0,30,4,6,36,1,2,4
48,6,3822618200,1,2,0,0,3,1,30,4,36,6,1,3,4
48,7,2633619756,1,3,0,0,0,0,30,5,25,17,0,4,4
48,8,2297560175,1,0,0,0,1,1,30,3,34,8,1,5,4
48,9,3204324505,1,1,0,0,2,0,30,4,16,26,0,6,4
48,10,4262148596,1,2,0,0,3,1,30,5,28,14,0,6,5
48,11,3926089015,1,3,0,0,0,0,30,4,13,29,0,7,5
49,0,4116831378,1,0,0,0,1,1,30,5,0,42,0,0,1
49,1,3780771797,1,1,0,0,2,0,30,5,7,35,1,0,2
49,2,3933936151,1,2,0,0,3,1,30,0,34,8,1,1,2
49,3,1450392922,1,3,0,0,0,0,30,5,39,3,0,2,2
49,4,1114333341,1,0,0,0,1,1,30,3,31,11,1,3,2
49,5,4220302193,1,1,0,0,2,0,30,5,17,25,0,4,2
49,6,3078921762,1,2,0,0,3,1,30,5,31,11,1,5,2
49,7,1889923318,1,3,0,0,0,0,30,5,0,42,1,5,3
49,8,1553863737,1,0,0,0,1,1,30,4,14,28,0,5,4
49,9,364865293,1,1,0,0,2,0,30,5,2,40,1,5,5
49,10,3518452158,1,2,0,0,3,1,30,5,25,17,0,5,6
49,11,3182392577,1,3,0,0,0,0,30,3,23,19,0,6,6
49,12,1993394133,1,0,0,0,1,1,30,4,24,18,0,6,7
50,0,180765379,1,0,0,0,1,1,30,1,14,28,0,0,1
50,1,1992189446,1,1,0,0,2,0,30,4,29,13,0,1,1
50,2,902529889,1,2,0,0,3,1,30,4,34,8,1,2,1
50,3,467131421,1,3,0,0,0,0,30,5,26,16,0,3,1
50,4,3620718286,1,0,0,0,1,1,30,6,29,13,0,3,2
50,5,2431719842,1,1,0,0,2,0,30,4,12,30,1,3,3
50,6,2095660261,1,2,0,0,3,1,30,4,35,7,1,4,3
50,7,3153484352,1,3,0,0,0,0,30,3,13,29,0,5,3
50,8,4060248682,1,0,0,0,1,1,30,3,36,6,1,6,3
50,9,723766590,1,1,0,0,2,0,30,5,22,20,0,7,3
51,0,2489212326,1,0,0,0,1,1,30,4,16,26,0,0,1
51,1,5669097,1,1,0,0,2,0,30,3,18,24,0,1,1
51,2,158833451,1,2,0,0,3,1,30,5,20,22,0,1,2
51,3,1970257518,1,3,0,0,0,0,30,4,28,14,0,2,2
51,4,2928742722,1,0,0,0,1,1,30,4,41,1,1,3,2
51,5,445199493,1,1,0,0,2,0,30,5,11,31,1,3,3
51,6,3598786358,1,2,0,0,3,1,30,5,24,18,0,3,4
51,7,262304266,1,3,0,0,0,0,30,1,0,42,1,3,5
51,8,2073728333,1,0,0,0,1,1,30,4,23,19,0,3,6
51,9,884729889,1,1,0,0,2,0,30,6,7,35,1,3,7
52,0,116790939,1,0,0,0,1,1,30,5,0,42,0,0,1
52,1,4075698654,1,1,0,0,2,0,30,2,40,2,0,1,1
52,2,3739639073,1,2,0,0,3,1,30,5,24,18,0,1,2
52,3,2550640629,1,3,0,0,0,0,30,5,19,23,0,2,2
52,4,2214581048,1,0,0,0,1,1,30,3,26,16,0,2,3
52,5,220261754,1,1,0,0,2,0,30,5,17,25,0,3,3
52,6,4179169469,1,2,0,0,3,1,30,5,2,40,0,3,4
52,7,2990171025,1,3,0,0,0,0,30,4,22,20,0,4,4
52,8,2654111444,1,0,0,0,1,1,30,5,3,39,0,4,5
52,9,1512731013,1,1,0,0,2,0,30,5,0,42,1,4,6
52,10,323732569,1,2,0,0,3,1,30,4,34,8,1,5,6
52,11,2135156636,1,3,0,0,0,0,30,1,1,41,1,5,7
53,0,2425237886,1,0,0,0,1,1,30,6,15,27,0,0,1
53,1,2089178305,1,1,0,0,2,0,30,3,6,36,1,0,2
53,2,94859011,1,2,0,0,3,1,30,6,40,2,1,1,2
53,3,4053766726,1,3,0,0,0,0,30,0,30,12,0,2,2
53,4,3717707145,1,0,0,0,1,1,30,4,17,25,0,2,3
53,5,2528708701,1,1,0,0,2,0,30,5,0,42,1,2,4
53,6,1387328270,1,2,0,0,3,1,30,4,41,1,1,3,4
53,7,198329826,1,3,0,0,0,0,30,4,6,36,1,3,5
53,8,4157237541,1,0,0,0,1,1,30,4,14,28,0,3,6
53,9,1673694312,1,1,0,0,2,0,30,5,29,13,0,4,6
53,10,1826858666,1,2,0,0,3,1,30,5,17,25,0,4,7
54,0,2265380484,1,0,0,0,1,1,30,6,41,1,1,1,0
54,1,1929320903,1,1,0,0,2,0,30,6,19,23,0,2,0
54,2,4229968905,1,2,0,0,3,1,30,4,4,38,0,2,1
54,3,3893909324,1,3,0,0,0,0,30,4,18,24,0,3,1
54,4,2704910880,1,0,0,0,1,1,30,1,31,11,1,4,1
54,5,2368851299,1,1,0,0,2,0,30,0,1,41,1,4,2
54,6,1179852855,1,2,0,0,3,1,30,4,42,0,1,5,2
54,7,38472424,1,3,0,0,0,0,30,6,7,35,1,5,3
54,8,3997380139,1,0,0,0,1,1,30,5,41,1,1,6,3
54,9,2808381695,1,1,0,0,2,0,30,6,17,25,0,7,3
55,0,797618834,1,0,0,0,1,1,30,4,17,25,0,0,1
55,1,3851866812,1,1,0,0,2,0,30,4,14,28,0,1,1
55,2,2762207255,1,2,0,0,3,1,30,4,19,23,0,1,2
55,3,278664026,1,3,0,0,0,0,30,2,12,30,1,1,3
55,4,1990749206,1,0,0,0,1,1,30,5,40,2,1,2,3
55,5,2143913560,1,1,0,0,2,0,30,5,17,25,0,3,3
55,6,3955337627,1,2,0,0,3,1,30,4,28,14,0,3,4
55,7,718194422,1,3,0,0,0,0,30,5,18,24,0,4,4
55,8,382134841,1,0,0,0,1,1,30,5,8,34,0,4,5
55,9,3488103693,1,1,0,0,2,0,30,4,36,6,0,5,5
55,10,99900727,1,2,0,0,3,1,30,4,14,28,0,5,6
55,11,4058808442,1,3,0,0,0,0,30,4,35,7,0,6,6
55,12,821665237,1,0,0,0,1,1,30,4,18,24,0,6,7
56,0,53922396,1,0,0,0,1,1,30,5,25,17,0,0,1
56,1,1865346463,1,1,0,0,2,0,30,6,1,41,1,0,2
56,2,2823831667,1,2,0,0,3,1,30,5,19,23,0,0,3
56,3,3829934884,1,3,0,0,0,0,30,4,1,41,1,0,4
56,4,493452792,1,0,0,0,1,1,30,4,24,18,0,0,5
56,5,2304876859,1,1,0,0,2,0,30,6,12,30,1,0,6
56,6,1968817278,1,2,0,0,3,1,30,4,10,32,0,0,7
57,0,2781789155,1,0,0,0,1,1,30,4,24,18,0,0,1
57,1,2445729574,1,1,0,0,2,0,30,4,25,17,0,1,1
57,2,1304349143,1,2,0,0,3,1,30,5,8,34,0,1,2
57,3,115350699,1,3,0,0,0,0,30,2,12,30,1,1,3
57,4,4074258414,1,0,0,0,1,1,30,4,2,40,0,1,4
57,5,2885259970,1,1,0,0,2,0,30,5,31,11,0,2,4
57,6,1743879539,1,2,0,0,3,1,30,4,42,0,1,3,4
57,7,554881095,1,3,0,0,0,0,30,3,23,19,0,4,4
57,8,218821514,1,0,0,0,1,1,30,2,36,6,1,5,4
57,9,2030245581,1,1,0,0,2,0,30,4,11,31,1,5,5
57,10,2183409935,1,2,0,0,3,1,30,5,18,24,0,5,6
57,11,3994834002,1,3,0,0,0,0,30,4,13,29,0,6,6
57,12,658351910,1,0,0,0,1,1,30,4,24,18,0,6,7
58,0,4284915252,1,0,0,0,1,1,30,1,36,6,1,1,0
58,1,3948855671,1,1,0,0,2,0,30,3,18,24,0,2,0
58,2,2759857227,1,2,0,0,3,1,30,3,36,6,1,3,0
58,3,1618476796,1,3,0,0,0,0,30,4,23,19,0,4,0
58,4,1282417215,1,0,0,0,1,1,30,1,7,35,0,4,1
58,5,93418771,1,1,0,0,2,0,30,5,8,34,1,4,2
58,6,4052326486,1,2,0,0,3,1,30,3,35,7,1,5,2
58,7,2058007192,1,3,0,0,0,0,30,5,35,7,0,6,2
58,8,1721947611,1,0,0,0,1,1,30,5,30,12,1,7,2
59,0,3301653751,1,0,0,0,1,1,30,3,18,24,0,0,1
59,1,2160273320,1,1,0,0,2,0,30,4,35,7,0,1,1
59,2,3118758524,1,2,0,0,3,1,30,5,18,24,0,1,2
59,3,635215295,1,3,0,0,0,0,30,2,12,30,1,1,3
59,4,299155714,1,0,0,0,1,1,30,3,16,26,0,1,4
59,5,2599803716,1,1,0,0,2,0,30,5,24,18,0,2,4
59,6,2263744135,1,2,0,0,3,1,30,1,41,1,1,3,4
59,7,1074745691,1,3,0,0,0,0,30,5,13,29,0,4,4
59,8,738686110,1,0,0,0,1,1,30,4,29,13,0,4,5
59,9,3039334112,1,1,0,0,2,0,30,4,36,6,0,5,5
59,10,2703274531,1,2,0,0,3,1,30,5,36,6,1,6,5
59,11,2367214950,1,3,0,0,0,0,30,4,28,14,0,7,5
60,0,2657296200,1,0,0,0,1,1,30,4,29,13,0,0,1
60,1,173752971,1,1,0,0,2,0,30,4,3,39,1,0,2
60,2,326917325,1,2,0,0,3,1,30,4,6,36,0,0,3
60,3,2138341392,1,3,0,0,0,0,30,5,17,25,0,1,3
60,4,3850426572,1,0,0,0,1,1,30,6,35,7,1,2,3
60,5,613283367,1,1,0,0,2,0,30,5,2,40,1,2,4
60,6,277223786,1,2,0,0,3,1,30,4,40,2,1,3,4
60,7,2577871788,1,3,0,0,0,0,30,4,9,33,1,3,5
60,8,2241812207,1,0,0,0,1,1,30,0,24,18,0,3,6
60,9,1052813763,1,1,0,0,2,0,30,5,28,14,0,4,6
60,10,716754182,1,2,0,0,3,1,30,3,1,41,0,4,7
61,0,1913599762,1,0,0,0,1,1,30,1,20,22,0,0,1
61,1,3725023829,1,1,0,0,2,0,30,5,1,41,1,0,2
61,2,388541737,1,2,0,0,3,1,30,2,42,0,1,1,2
61,3,2199965804,1,3,0,0,0,0,30,4,18,24,0,2,2
61,4,2353130158,1,0,0,0,1,1,30,5,14,28,0,2,3
61,5,4164554225,1,1,0,0,2,0,30,5,27,15,0,3,3
61,6,3828494644,1,2,0,0,3,1,30,5,12,30,0,3,4
61,7,2639496200,1,3,0,0,0,0,30,3,25,17,0,4,4
61,8,1498115769,1,0,0,0,1,1,30,4,24,18,0,4,5
61,9,309117325,1,1,0,0,2,0,30,1,12,30,1,4,6
61,10,4268025040,1,2,0,0,3,1,30,5,40,2,1,5,6
61,11,3931965459,1,3,0,0,0,0,30,4,7,35,1,5,7
62,0,346499225,1,0,0,0,1,1,30,4,26,16,0,0,1
62,1,10439644,1,1,0,0,2,0,30,4,0,42,1,0,2
62,2,1821863711,1,2,0,0,3,1,30,5,25,17,0,0,3
62,3,1975028065,1,3,0,0,0,0,30,6,6,36,1,0,4
62,4,1638968484,1,0,0,0,1,1,30,4,20,22,0,0,5
62,5,449970040,1,1,0,0,2,0,30,4,35,7,0,1,5
62,6,113910459,1,2,0,0,3,1,30,3,13,29,0,1,6
62,7,2414558461,1,3,0,0,0,0,30,5,35,7,0,2,6
62,8,2078498880,1,0,0,0,1,1,30,4,23,19,0,2,7
63,0,2433464358,1,0,0,0,1,1,30,6,22,20,0,0,1
63,1,2097404777,1,1,0,0,2,0,30,5,41,1,0,1,1
63,2,908406333,1,2,0,0,3,1,30,4,30,12,1,2,1
63,3,4061993198,1,3,0,0,0,0,30,3,7,35,1,2,2
63,4,2872994754,1,0,0,0,1,1,30,3,23,19,0,2,3
63,5,2536935173,1,1,0,0,2,0,30,5,38,4,0,3,3
63,6,53391944,1,2,0,0,3,1,30,4,30,12,1,4,3
63,7,206556298,1,3,0,0,0,0,30,5,17,25,0,5,3
63,8,4165464013,1,0,0,0,1,1,30,5,30,12,1,6,3
63,9,2976465569,1,1,0,0,2,0,30,5,35,7,0,7,3
64,0,866363821,1,0,0,0,1,1,30,5,7,35,0,0,1
64,1,530304240,1,1,0,0,2,0,30,5,0,42,1,0,2
64,2,683468594,1,2,0,0,3,1,30,5,19,23,0,0,3
64,3,2494892661,1,3,0,0,0,0,30,5,28,14,0,1,3
64,4,2158833080,1,0,0,0,1,1,30,6,1,41,0,1,4
64,5,969834636,1,1,0,0,2,0,30,5,24,18,0,2,4
64,6,4123421501,1,2,0,0,3,1,30,5,31,11,1,3,4
64,7,2934423057,1,3,0,0,0,0,30,2,28,14,0,4,4
64,8,2598363476,1,0,0,0,1,1,30,5,17,25,0,4,5
64,9,1409365032,1,1,0,0,2,0,30,5,36,6,0,5,5
64,10,1073305451,1,2,0,0,3,1,30,5,41,1,1,6,5
64,11,4226892316,1,3,0,0,0,0,30,4,31,11,0,7,5
65,0,222006270,1,0,0,0,1,1,30,4,13,29,0,0,1
65,1,2033430337,1,1,0,0,2,0,30,4,22,20,0,1,1
65,2,2991915541,1,2,0,0,3,1,30,5,15,27,0,1,2
65,3,508372312,1,3,0,0,0,0,30,4,22,20,0,2,2
65,4,1415136642,1,0,0,0,1,1,30,4,2,40,0,2,3
65,5,2472960733,1,1,0,0,2,0,30,4,34,8,0,3,3
65,6,2136901152,1,2,0,0,3,1,30,4,11,31,0,3,4
65,7,947902708,1,3,0,0,0,0,30,4,28,14,0,4,4
65,8,4101489573,1,0,0,0,1,1,30,5,24,18,0,4,5
65,9,2912491129,1,1,0,0,2,0,30,4,12,30,1,4,6
65,10,2576431548,1,2,0,0,3,1,30,4,41,1,1,5,6
65,11,2240371967,1,3,0,0,0,0,30,5,22,20,0,6,6
65,12,246052673,1,0,0,0,1,1,30,2,28,14,0,6,7
66,0,2431114330,1,0,0,0,1,1,30,5,1,41,0,0,1
66,1,1289733899,1,1,0,0,2,0,30,6,25,17,0,1,1
66,2,2248219103,1,2,0,0,3,1,30,6,42,0,1,2,1
66,3,4059643170,1,3,0,0,0,0,30,6,11,31,1,2,2
66,4,723161078,1,0,0,0,1,1,30,0,42,0,1,3,2
66,5,1729264295,1,1,0,0,2,0,30,5,34,8,0,4,2
66,6,1393204714,1,2,0,0,3,1,30,5,30,12,1,5,2
66,7,204206270,1,3,0,0,0,0,30,6,23,19,0,6,2
66,8,4163113985,1,0,0,0,1,1,30,4,19,23,0,6,3
66,9,21311043,1,1,0,0,2,0,30,0,6,36,1,6,4
66,10,1832735110,1,2,0,0,3,1,30,5,19,23,0,6,5
66,11,1496675529,1,3,0,0,0,0,30,0,23,19,0,7,5
67,0,2790015627,1,0,0,0,1,1,30,6,8,34,0,0,1
67,1,2453956046,1,1,0,0,2,0,30,5,29,13,0,1,1
67,2,3511780137,1,2,0,0,3,1,30,5,40,2,1,2,1
67,3,123577171,1,3,0,0,0,0,30,5,30,12,0,3,1
67,4,3229546023,1,0,0,0,1,1,30,5,29,13,0,3,2
67,5,2893486442,1,1,0,0,2,0,30,5,29,13,0,4,2
67,6,409943213,1,2,0,0,3,1,30,4,41,1,1,5,2
67,7,563107567,1,3,0,0,0,0,30,0,0,42,1,5,3
67,8,2374531634,1,0,0,0,1,1,30,5,34,8,1,6,3
67,9,3333016838,1,1,0,0,2,0,30,6,18,24,0,7,3
68,0,4293141724,1,0,0,0,1,1,30,5,1,41,0,0,1
68,1,3957082143,1,1,0,0,2,0,30,4,1,41,1,0,2
68,2,2768083699,1,2,0,0,3,1,30,4,42,0,1,1,2
68,3,2432024118,1,3,0,0,0,0,30,6,14,28,0,2,2
68,4,437704824,1,0,0,0,1,1,30,4,6,36,0,2,3
68,5,101645243,1,1,0,0,2,0,30,4,29,13,0,3,3
68,6,1913069310,1,2,0,0,3,1,30,5,24,18,0,3,4
68,7,2871554514,1,3,0,0,0,0,30,5,25,17,0,4,4
68,8,388011285,1,0,0,0,1,1,30,1,42,0,1,5,4
68,9,541175639,1,1,0,0,2,0,30,4,40,2,0,6,4
68,10,2352599706,1,2,0,0,3,1,30,4,26,16,0,6,5
68,11,3311084910,1,3,0,0,0,0,30,4,24,18,0,7,5
69,0,2726041187,1,0,0,0,1,1,30,4,42,0,1,1,0
69,1,2389981606,1,1,0,0,2,0,30,4,36,6,0,2,0
69,2,1200983162,1,2,0,0,3,1,30,4,20,22,0,2,1
69,3,59602731,1,3,0,0,0,0,30,5,29,13,0,3,1
69,4,4018510446,1,0,0,0,1,1,30,6,18,24,0,3,2
69,5,2829512002,1,1,0,0,2,0,30,4,42,0,0,4,2
69,6,2493452421,1,2,0,0,3,1,30,5,20,22,0,4,3
69,7,1304453977,1,3,0,0,0,0,30,3,13,29,0,5,3
69,8,163073546,1,0,0,0,1,1,30,5,18,24,0,5,4
69,9,3269042398,1,1,0,0,2,0,30,4,27,15,0,6,4
69,10,2932982817,1,2,0,0,3,1,30,2,12,30,0,6,5
69,11,2596923236,1,3,0,0,0,0,30,2,24,18,0,7,5
70,0,739520838,1,0,0,0,1,1,30,4,30,12,1,1,0
70,1,3893107703,1,1,0,0,2,0,30,4,29,13,0,2,0
70,2,556625611,1,2,0,0,3,1,30,6,36,6,1,3,0
70,3,2368049678,1,3,0,0,0,0,30,0,0,42,1,3,1
70,4,2031990097,1,0,0,0,1,1,30,4,42,0,1,4,1
70,5,37670803,1,1,0,0,2,0,30,1,13,29,0,5,1
70,6,3996578518,1,2,0,0,3,1,30,5,19,23,0,5,2
70,7,2807580074,1,3,0,0,0,0,30,6,13,29,0,6,2
70,8,2471520493,1,0,0,0,1,1,30,6,41,1,1,7,2
71,0,1098422135,1,0,0,0,1,1,30,4,23,19,0,0,1
71,1,2909846202,1,1,0,0,2,0,30,5,29,13,0,1,1
71,2,3868331406,1,2,0,0,3,1,30,4,29,13,0,1,2
71,3,2726950975,1,3,0,0,0,0,30,4,11,31,1,1,3
71,4,1537952531,1,0,0,0,1,1,30,4,41,1,1,2,3
71,5,3349376598,1,1,0,0,2,0,30,4,36,6,0,3,3
71,6,3013317017,1,2,0,0,3,1,30,4,1,41,0,3,4
71,7,3166481371,1,3,0,0,0,0,30,5,16,26,0,4,4
71,8,682938142,1,0,0,0,1,1,30,4,30,12,1,5,4
71,9,1641423346,1,1,0,0,2,0,30,5,19,23,0,6,4
71,10,3452847413,1,2,0,0,3,1,30,5,19,23,0,6,5
71,11,2311466982,1,3,0,0,0,0,30,4,40,2,0,7,5
72,0,354725697,1,0,0,0,1,1,30,1,14,28,0,0,1
72,1,18666116,1,1,0,0,2,0,30,4,12,30,1,0,2
72,2,1076490207,1,2,0,0,3,1,30,5,0,42,0,0,3
72,3,2887914274,1,3,0,0,0,0,30,4,26,16,0,1,3
72,4,794256093,1,0,0,0,1,1,30,4,23,19,0,1,4
72,5,458196512,1,1,0,0,2,0,30,4,1,41,1,1,5
72,6,2269620579,1,2,0,0,3,1,30,5,30,12,1,2,5
72,7,1179961022,1,3,0,0,0,0,30,1,15,27,0,3,5
72,8,4234209000,1,0,0,0,1,1,30,4,13,29,0,3,6
72,9,897726908,1,1,0,0,2,0,30,5,30,12,0,4,6
72,10,2709150975,1,2,0,0,3,1,30,4,9,33,0,4,7
73,0,2663172644,1,0,0,0,1,1,30,3,24,18,0,0,1
73,1,179629415,1,1,0,0,2,0,30,5,12,30,1,0,2
73,2,332793769,1,2,0,0,3,1,30,2,28,14,0,0,3
73,3,4291701484,1,3,0,0,0,0,30,4,42,0,0,1,3
73,4,3102703040,1,0,0,0,1,1,30,4,6,36,0,1,4
73,5,2766643459,1,1,0,0,2,0,30,5,7,35,1,1,5
73,6,3772746676,1,2,0,0,3,1,30,4,14,28,0,1,6
73,7,436264584,1,3,0,0,0,0,30,4,31,11,0,2,6
73,8,2247688651,1,0,0,0,1,1,30,5,25,17,0,2,7
74,0,2438234905,1,0,0,0,1,1,30,3,41,1,1,1,0
74,1,4249658972,1,1,0,0,2,0,30,4,13,29,0,2,0
74,2,3060660528,1,2,0,0,3,1,30,6,35,7,1,3,0
74,3,2724600947,1,3,0,0,0,0,30,4,9,33,1,3,1
74,4,2388541366,1,0,0,0,1,1,30,5,35,7,1,4,1
74,5,394222072,1,1,0,0,2,0,30,6,39,3,0,5,1
74,6,58162491,1,2,0,0,3,1,30,5,17,25,0,5,2
74,7,3164131343,1,3,0,0,0,0,30,4,17,25,0,6,2
74,8,2828071762,1,0,0,0,1,1,30,4,19,23,0,6,3
74,9,833752468,1,1,0,0,2,0,30,5,14,28,0,7,3
75,0,3183037240,1,0,0,0,1,1,30,4,20,22,0,0,1
75,1,2041656809,1,1,0,0,2,0,30,5,14,28,0,1,1
75,2,852658365,1,2,0,0,3,1,30,5,23,19,0,1,2
75,3,516598784,1,3,0,0,0,0,30,5,7,35,1,1,3
75,4,3622567636,1,0,0,0,1,1,30,5,18,24,0,1,4
75,5,2481187205,1,1,0,0,2,0,30,5,30,12,0,2,4
75,6,1292188761,1,2,0,0,3,1,30,0,28,14,0,2,5
75,7,956129180,1,3,0,0,0,0,30,5,24,18,0,3,5
75,8,620069599,1,0,0,0,1,1,30,5,25,17,0,3,6
75,9,2920717601,1,1,0,0,2,0,30,3,0,42,1,3,7
76,0,2958099501,1,0,0,0,1,1,30,6,12,30,0,0,1
76,1,474556272,1,1,0,0,2,0,30,4,1,41,1,0,2
76,2,1433041476,1,2,0,0,3,1,30,4,1,41,0,0,3
76,3,3244465543,1,3,0,0,0,0,30,6,0,42,1,0,4
76,4,3397629897,1,0,0,0,1,1,30,4,1,41,0,0,5
76,5,3061570316,1,1,0,0,2,0,30,5,7,35,1,0,6
76,6,578027087,1,2,0,0,3,1,30,5,18,24,0,0,7
77,0,971579152,1,0,0,0,1,1,30,4,24,18,0,0,1
77,1,1878343482,1,1,0,0,2,0,30,1,13,29,0,1,1
77,2,2936167573,1,2,0,0,3,1,30,5,29,13,0,1,2
77,3,452624344,1,3,0,0,0,0,30,6,18,24,0,2,2
77,4,1411109548,1,0,0,0,1,1,30,5,24,18,0,2,3
77,5,2317873878,1,1,0,0,2,0,30,2,0,42,1,2,4
77,6,4129297945,1,2,0,0,3,1,30,5,13,29,0,2,5
77,7,3039638388,1,3,0,0,0,0,30,6,18,24,0,3,5
77,8,556095159,1,0,0,0,1,1,30,4,11,31,0,3,6
77,9,3662064011,1,1,0,0,2,0,30,5,8,34,1,3,7
78,0,2894125061,1,0,0,0,1,1,30,0,13,29,0,0,1
78,1,2558065480,1,1,0,0,2,0,30,4,7,35,1,0,2
78,2,1369067036,1,2,0,0,3,1,30,2,13,29,0,0,3
78,3,1033007455,1,3,0,0,0,0,30,5,25,17,0,1,3
78,4,4186594320,1,0,0,0,1,1,30,1,1,41,0,1,4
78,5,2997595876,1,1,0,0,2,0,30,6,24,18,0,2,4
78,6,2661536295,1,2,0,0,3,1,30,4,41,1,1,3,4
78,7,1472537851,1,3,0,0,0,0,30,0,0,42,1,3,5
78,8,1136478270,1,0,0,0,1,1,30,4,31,11,1,4,5
78,9,4290065135,1,1,0,0,2,0,30,4,6,36,1,4,6
78,10,3101066691,1,2,0,0,3,1,30,5,35,7,1,5,6
78,11,617523462,1,3,0,0,0,0,30,2,7,35,1,5,7
79,0,3539588509,1,0,0,0,1,1,30,5,7,35,0,0,1
79,1,2398208078,1,1,0,0,2,0,30,4,19,23,0,1,1
79,2,1209209634,1,2,0,0,3,1,30,5,6,36,0,1,2
79,3,873150053,1,3,0,0,0,0,30,4,34,8,0,2,2
79,4,3979118905,1,0,0,0,1,1,30,5,23,19,0,2,3
79,5,2837738474,1,1,0,0,2,0,30,4,0,42,1,2,4
79,6,2501678893,1,2,0,0,3,1,30,4,8,34,0,2,5
79,7,1312680449,1,3,0,0,0,0,30,4,34,8,0,3,5
79,8,3124104516,1,0,0,0,1,1,30,5,2,40,0,3,6
79,9,3277268870,1,1,0,0,2,0,30,1,19,23,0,4,6
79,10,2941209289,1,2,0,0,3,1,30,5,2,40,0,4,7
80,0,747747310,1,0,0,0,1,1,30,5,7,35,0,0,1
80,1,411687729,1,1,0,0,2,0,30,5,34,8,0,1,1
80,2,2712335731,1,2,0,0,3,1,30,5,23,19,0,1,2
80,3,2376276150,1,3,0,0,0,0,30,5,34,8,0,2,2
80,4,1187277706,1,0,0,0,1,1,30,5,7,35,0,2,3
80,5,851218125,1,1,0,0,2,0,30,5,17,25,0,3,3
80,6,3151866127,1,2,0,0,3,1,30,4,30,12,1,4,3
80,7,2815806546,1,3,0,0,0,0,30,5,27,15,0,5,3
80,8,2479746965,1,0,0,0,1,1,30,5,41,1,1,6,3
80,9,1290748521,1,1,0,0,2,0,30,2,7,35,1,6,4
80,10,149368090,1,2,0,0,3,1,30,5,18,24,0,6,5
80,11,3255336942,1,3,0,0,0,0,30,4,1,41,1,6,6
80,12,2919277361,1,0,0,0,1,1,30,5,41,1,1,7,6
81,0,1328130421,1,0,0,0,1,1,30,5,11,31,0,0,1
81,1,2334233638,1,1,0,0,2,0,30,5,22,20,0,1,1
81,2,3292718842,1,2,0,0,3,1,30,5,8,34,0,1,2
81,3,809175613,1,3,0,0,0,0,30,4,23,19,0,2,2
81,4,1767660817,1,0,0,0,1,1,30,4,39,3,1,3,2
81,5,626280386,1,1,0,0,2,0,30,6,8,34,1,3,3
81,6,2437704453,1,2,0,0,3,1,30,5,29,13,0,3,4
81,7,1248706009,1,3,0,0,0,0,30,4,39,3,0,4,4
81,8,912646428,1,0,0,0,1,1,30,0,14,28,0,4,5
81,9,1065810782,1,1,0,0,2,0,30,6,0,42,1,4,6
81,10,2877234849,1,2,0,0,3,1,30,4,0,42,0,4,7
82,0,2831256518,1,0,0,0,1,1,30,4,0,42,0,0,1
82,1,347713289,1,1,0,0,2,0,30,5,0,42,1,0,2
82,2,500877643,1,2,0,0,3,1,30,4,8,34,0,0,3
82,3,164818062,1,3,0,0,0,0,30,5,8,34,1,0,4
82,4,3270786914,1,0,0,0,1,1,30,4,6,36,0,0,5
82,5,787243685,1,1,0,0,2,0,30,5,11,31,1,0,6
82,6,451184104,1,2,0,0,3,1,30,3,23,19,0,0,7
83,0,1264155981,1,0,0,0,1,1,30,5,1,41,0,0,1
83,1,122775550,1,1,0,0,2,0,30,6,23,19,0,1,1
83,2,3228744402,1,2,0,0,3,1,30,3,36,6,1,2,1
83,3,2892684821,1,3,0,0,0,0,30,0,18,24,0,3,1
83,4,2556625240,1,0,0,0,1,1,30,4,34,8,1,4,1
83,5,1367626796,1,1,0,0,2,0,30,5,17,25,0,5,1
83,6,226246365,1,2,0,0,3,1,30,6,14,28,0,5,2
83,7,3332215217,1,3,0,0,0,0,30,2,1,41,1,5,3
83,8,2996155636,1,0,0,0,1,1,30,4,36,6,1,6,3
83,9,512612407,1,1,0,0,2,0,30,2,7,35,1,6,4
83,10,665776761,1,2,0,0,3,1,30,5,34,8,1,7,4
84,0,1104298579,1,0,0,0,1,1,30,3,20,22,0,0,1
84,1,768238998,1,1,0,0,2,0,30,4,12,30,1,0,2
84,2,3068887000,1,2,0,0,3,1,30,3,41,1,1,1,2
84,3,2732827419,1,3,0,0,0,0,30,6,2,40,1,1,3
84,4,1543828975,1,0,0,0,1,1,30,5,30,12,1,2,3
84,5,1207769394,1,1,0,0,2,0,30,5,30,12,0,3,3
84,6,66388963,1,2,0,0,3,1,30,4,17,25,0,3,4
84,7,3172357815,1,3,0,0,0,0,30,4,20,22,0,4,4
84,8,2836298234,1,0,0,0,1,1,30,1,29,13,0,4,5
84,9,1647299790,1,1,0,0,2,0,30,4,0,42,1,4,6
84,10,505919359,1,2,0,0,3,1,30,0,35,7,1,5,6
84,11,3611888211,1,3,0,0,0,0,30,5,1,41,1,5,7
85,0,1784020577,1,0,0,0,1,1,30,4,7,35,0,0,1
85,1,2690784907,1,1,0,0,2,0,30,4,12,30,1,0,2
85,2,1601125350,1,2,0,0,3,1,30,5,34,8,1,1,2
85,3,3412549417,1,3,0,0,0,0,30,4,8,34,1,1,3
85,4,3076489836,1,0,0,0,1,1,30,1,36,6,1,2,3
85,5,1082170542,1,1,0,0,2,0,30,1,18,24,0,3,3
85,6,2794255722,1,2,0,0,3,1,30,4,15,27,0,3,4
85,7,3852079813,1,3,0,0,0,0,30,4,0,42,1,3,5
85,8,3516020232,1,0,0,0,1,1,30,4,24,18,0,3,6
85,9,1521700938,1,1,0,0,2,0,30,0,24,18,0,4,6
85,10,1185641357,1,2,0,0,3,1,30,4,42,0,1,5,6
85,11,849581776,1,3,0,0,0,0,30,5,8,34,1,5,7
86,0,3187807787,1,0,0,0,1,1,30,5,12,30,0,0,1
86,1,704264558,1,1,0,0,2,0,30,4,35,7,0,1,1
86,2,857428912,1,2,0,0,3,1,30,0,9,33,0,1,2
86,3,2668852979,1,3,0,0,0,0,30,5,7,35,1,1,3
86,4,3627338183,1,0,0,0,1,1,30,4,0,42,0,1,4
86,5,1143794954,1,1,0,0,2,0,30,5,23,19,0,2,4
86,6,2414523,1,2,0,0,3,1,30,5,14,28,0,2,5
86,7,3108383375,1,3,0,0,0,0,30,3,18,24,0,3,5
86,8,2772323794,1,0,0,0,1,1,30,5,30,12,1,4,5
86,9,1583325350,1,1,0,0,2,0,30,4,1,41,1,4,6
86,10,1247265769,1,2,0,0,3,1,30,5,24,18,0,4,7
87,0,395966588,1,0,0,0,1,1,30,2,14,28,0,0,1
87,1,2207390655,1,1,0,0,2,0,30,4,6,36,1,0,2
87,2,3165875859,1,2,0,0,3,1,30,4,25,17,0,0,3
87,3,682332630,1,3,0,0,0,0,30,6,0,42,1,0,4
87,4,835496984,1,0,0,0,1,1,30,4,23,19,0,0,5
87,5,2646921051,1,1,0,0,2,0,30,4,17,25,0,1,5
87,6,2310861470,1,2,0,0,3,1,30,4,29,13,0,1,6
87,7,1121863026,1,3,0,0,0,0,30,4,34,8,0,2,6
87,8,4275449891,1,0,0,0,1,1,30,2,14,28,0,2,7
88,0,3707672383,1,0,0,0,1,1,30,1,13,29,0,0,1
88,1,3371612802,1,1,0,0,2,0,30,5,0,42,1,0,2
88,2,1377293508,1,2,0,0,3,1,30,5,30,12,1,1,2
88,3,1041233927,1,3,0,0,0,0,30,4,14,28,0,2,2
88,4,4147202779,1,0,0,0,1,1,30,6,34,8,1,3,2
88,5,3811143198,1,1,0,0,2,0,30,4,0,42,1,3,3
88,6,522279119,1,2,0,0,3,1,30,6,8,34,0,3,4
88,7,1480764323,1,3,0,0,0,0,30,4,14,28,0,4,4
88,8,3292188390,1,0,0,0,1,1,30,3,42,0,1,5,4
88,9,4250673594,1,1,0,0,2,0,30,4,22,20,0,6,4
88,10,3109293163,1,2,0,0,3,1,30,5,18,24,0,6,5
88,11,1920294719,1,3,0,0,0,0,30,5,8,34,1,6,6
88,12,3731718786,1,0,0,0,1,1,30,3,34,8,1,7,6
89,0,2963975945,1,0,0,0,1,1,30,5,36,6,1,1,0
89,1,2627916364,1,1,0,0,2,0,30,4,1,41,1,1,1
89,2,3685740455,1,2,0,0,3,1,30,1,31,11,1,2,1
89,3,297537489,1,3,0,0,0,0,30,4,1,41,1,2,2
89,4,3403506341,1,0,0,0,1,1,30,5,0,42,0,2,3
89,5,3067446760,1,1,0,0,2,0,30,5,11,31,1,2,4
89,6,583903531,1,2,0,0,3,1,30,0,25,17,0,2,5
89,7,737067885,1,3,0,0,0,0,30,5,0,42,1,2,6
89,8,401008304,1,0,0,0,1,1,30,5,2,40,0,2,7
90,0,3643697943,1,0,0,0,1,1,30,6,13,29,0,0,1
90,1,3307638362,1,1,0,0,2,0,30,1,0,42,1,0,2
90,2,3460802716,1,2,0,0,3,1,30,5,23,19,0,0,3
90,3,977259487,1,3,0,0,0,0,30,5,27,15,0,1,3
90,4,641199906,1,0,0,0,1,1,30,3,9,33,0,1,4
90,5,3747168758,1,1,0,0,2,0,30,5,0,42,1,1,5
90,6,2605788327,1,2,0,0,3,1,30,5,11,31,0,1,6
90,7,1416789883,1,3,0,0,0,0,30,4,7,35,1,1,7
91,0,752517857,1,0,0,0,1,1,30,5,24,18,0,0,1
91,1,2563941924,1,1,0,0,2,0,30,0,0,42,1,0,2
91,2,3522427128,1,2,0,0,3,1,30,5,27,15,0,0,3
91,3,233563049,1,3,0,0,0,0,30,4,29,13,0,1,3
91,4,4192470764,1,0,0,0,1,1,30,3,29,13,0,1,4
91,5,3003472320,1,1,0,0,2,0,30,4,0,42,1,1,5
91,6,2667412739,1,2,0,0,3,1,30,5,13,29,0,1,6
91,7,1478414295,1,3,0,0,0,0,30,2,0,42,1,1,7
92,0,691999342,1,0,0,0,1,1,30,5,42,0,1,1,0
92,1,1650484546,1,1,0,0,2,0,30,1,21,21,0,2,0
92,2,3461908613,1,2,0,0,3,1,30,4,15,27,0,2,1
92,3,3125849032,1,3,0,0,0,0,30,0,8,34,1,2,2
92,4,1131529738,1,0,0,0,1,1,30,2,12,30,0,2,3
92,5,795470157,1,1,0,0,2,0,30,5,34,8,0,3,3
92,6,3901439009,1,2,0,0,3,1,30,2,20,22,0,3,4
92,7,3565379428,1,3,0,0,0,0,30,4,30,12,0,4,4
92,8,177176462,1,0,0,0,1,1,30,4,9,33,0,4,5
92,9,1235000553,1,1,0,0,2,0,30,4,42,0,0,5,5
92,10,898940972,1,2,0,0,3,1,30,5,36,6,1,6,5
92,11,4004909824,1,3,0,0,0,0,30,5,35,7,0,7,5
93,0,1272382453,1,0,0,0,1,1,30,3,19,23,0,0,1
93,1,936322872,1,1,0,0,2,0,30,5,7,35,1,0,2
93,2,4042291724,1,2,0,0,3,1,30,1,23,19,0,0,3
93,3,2900911293,1,3,0,0,0,0,30,4,18,24,0,1,3
93,4,1711912849,1,0,0,0,1,1,30,5,39,3,1,2,3
93,5,1375853268,1,1,0,0,2,0,30,2,14,28,0,3,3
93,6,3187277335,1,2,0,0,3,1,30,2,36,6,1,4,3
93,7,3340441689,1,3,0,0,0,0,30,5,25,17,0,5,3
93,8,856898460,1,0,0,0,1,1,30,6,33,9,1,6,3
93,9,1815383664,1,1,0,0,2,0,30,2,11,31,1,6,4
93,10,3626807731,1,2,0,0,3,1,30,4,19,23,0,6,5
93,11,3779972085,1,3,0,0,0,0,30,4,42,0,0,7,5
94,0,528686015,1,0,0,0,1,1,30,4,18,24,0,0,1
94,1,192626434,1,1,0,0,2,0,30,5,40,2,0,1,1
94,2,1250450525,1,2,0,0,3,1,30,5,19,23,0,1,2
94,3,914390944,1,3,0,0,0,0,30,5,25,17,0,2,2
94,4,968216411,1,0,0,0,1,1,30,4,35,7,1,3,2
94,5,632156830,1,1,0,0,2,0,30,4,0,42,1,3,3
94,6,2443580897,1,2,0,0,3,1,30,5,19,23,0,3,4
94,7,1353921340,1,3,0,0,0,0,30,4,41,1,0,4,4
94,8,2260685670,1,0,0,0,1,1,30,5,30,12,1,5,4
94,9,3318509761,1,1,0,0,2,0,30,4,41,1,0,6,4
94,10,2883111293,1,2,0,0,3,1,30,5,20,22,0,6,5
94,11,1793451736,1,3,0,0,0,0,30,4,31,11,0,7,5
95,0,1208408013,1,0,0,0,1,1,30,4,30,12,1,1,0
95,1,872348432,1,1,0,0,2,0,30,5,24,18,0,2,0
95,2,3978317284,1,2,0,0,3,1,30,5,20,22,0,2,1
95,3,2836936853,1,3,0,0,0,0,30,5,0,42,1,2,2
95,4,2500877272,1,0,0,0,1,1,30,2,36,6,1,3,2
95,5,1311878828,1,1,0,0,2,0,30,5,2,40,1,3,3
95,6,975819247,1,2,0,0,3,1,30,4,36,6,1,4,3
95,7,3276467249,1,3,0,0,0,0,30,6,35,7,0,5,3
95,8,2940407668,1,0,0,0,1,1,30,5,40,2,1,6,3
95,9,1751409224,1,1,0,0,2,0,30,4,22,20,0,7,3
96,0,1048550611,1,0,0,0,1,1,30,6,42,0,1,1,0
96,1,712491030,1,1,0,0,2,0,30,5,36,6,0,2,0
96,2,3818459882,1,2,0,0,3,1,30,6,41,1,1,3,0
96,3,3482400301,1,3,0,0,0,0,30,0,13,29,0,4,0
96,4,1488081007,1,0,0,0,1,1,30,4,24,18,0,4,1
96,5,1152021426,1,1,0,0,2,0,30,3,18,24,0,5,1
96,6,4257990278,1,2,0,0,3,1,30,5,30,12,1,6,1
96,7,3921930697,1,3,0,0,0,0,30,4,25,17,0,7,1
97,0,3875756257,1,0,0,0,1,1,30,5,14,28,0,0,1
97,1,3440357789,1,1,0,0,2,0,30,5,11,31,1,0,2
97,2,2350698232,1,2,0,0,3,1,30,6,19,23,0,0,3
97,3,3257462562,1,3,0,0,0,0,30,5,35,7,0,1,3
97,4,20319357,1,0,0,0,1,1,30,1,40,2,1,2,3
97,5,1831743424,1,1,0,0,2,0,30,5,29,13,0,3,3
97,6,3543828604,1,2,0,0,3,1,30,4,41,1,1,4,3
97,7,3696992958,1,3,0,0,0,0,30,5,18,24,0,5,3
97,8,1213449729,1,0,0,0,1,1,30,5,13,29,0,5,4
97,9,123790172,1,1,0,0,2,0,30,5,24,18,0,6,4
97,10,1935214239,1,2,0,0,3,1,30,3,36,6,1,7,4
98,0,3132059819,1,0,0,0,1,1,30,5,23,19,0,0,1
98,1,2796000238,1,1,0,0,2,0,30,4,39,3,0,1,1
98,2,1607001794,1,2,0,0,3,1,30,6,42,0,1,2,1
98,3,3418425861,1,3,0,0,0,0,30,4,22,20,0,3,1
98,4,3571590215,1,0,0,0,1,1,30,0,13,29,0,3,2
98,5,3235530634,1,1,0,0,2,0,30,4,29,13,0,4,2
98,6,751987405,1,2,0,0,3,1,30,3,14,28,0,4,3
98,7,1710472609,1,3,0,0,0,0,30,5,0,42,1,4,4
98,8,2716575826,1,0,0,0,1,1,30,5,7,35,0,4,5
98,9,3675061030,1,1,0,0,2,0,30,4,41,1,0,5,5
98,10,1191517801,1,2,0,0,3,1,30,4,25,17,0,5,6
98,11,2150003005,1,3,0,0,0,0,30,5,24,18,0,6,6
98,12,3156106222,1,0,0,0,1,1,30,4,40,2,1,7,6
99,0,1145539470,1,0,0,0,1,1,30,4,41,1,1,1,0
99,1,2052303800,1,1,0,0,2,0,30,6,35,7,0,2,0
99,2,3110127891,1,2,0,0,3,1,30,5,18,24,0,2,1
99,3,2774068310,1,3,0,0,0,0,30,6,0,42,1,2,2
99,4,1585069866,1,0,0,0,1,1,30,5,29,13,0,2,3
99,5,2491834196,1,1,0,0,2,0,30,5,20,22,0,3,3
99,6,8290967,1,2,0,0,3,1,30,5,35,7,1,4,3
99,7,3213598706,1,3,0,0,0,0,30,4,0,42,1,4,4
99,8,730055477,1,0,0,0,1,1,30,6,36,6,1,5,4
99,9,1688540681,1,1,0,0,2,0,30,4,31,11,0,6,4
99,10,447821363,1,2,0,0,3,1,30,6,36,6,1,7,4
100,0,3651924415,1,0,0,0,1,1,30,4,42,0,1,1,0
100,1,3315864834,1,1,0,0,2,0,30,5,22,20,0,2,0
100,2,2126866390,1,2,0,0,3,1,30,5,13,29,0,2,1
100,3,985485959,1,3,0,0,0,0,30,4,7,35,1,2,2
100,4,4091454811,1,0,0,0,1,1,30,4,34,8,1,3,2
100,5,3755395230,1,1,0,0,2,0,30,0,1,41,1,3,3
100,6,2566396786,1,2,0,0,3,1,30,4,24,18,0,3,4
100,7,2230337205,1,3,0,0,0,0,30,4,24,18,0,4,4
100,8,1088956774,1,0,0,0,1,1,30,5,30,12,1,5,4
100,9,4194925626,1,1,0,0,2,0,30,5,17,25,0,6,4
100,10,3858866045,1,2,0,0,3,1,30,4,7,35,0,6,5
100,11,2669867601,1,3,0,0,0,0,30,6,18,24,0,7,5
101,0,3713548827,1,0,0,0,1,1,30,5,7,35,0,0,1
101,1,2572168396,1,1,0,0,2,0,30,5,29,13,0,1,1
101,2,1383169952,1,2,0,0,3,1,30,6,40,2,1,2,1
101,3,1047110371,1,3,0,0,0,0,30,2,22,20,0,3,1
101,4,4153079223,1,0,0,0,1,1,30,5,6,36,0,3,2
101,5,3011698792,1,1,0,0,2,0,30,5,28,14,0,4,2
101,6,1822700348,1,2,0,0,3,1,30,4,3,39,0,4,3
101,7,1486640767,1,3,0,0,0,0,30,4,24,18,0,5,3
101,8,1150581186,1,0,0,0,1,1,30,6,6,36,0,5,4
101,9,3451229188,1,1,0,0,2,0,30,4,8,34,1,5,5
101,10,3115169607,1,2,0,0,3,1,30,4,12,30,0,5,6
101,11,1926171163,1,3,0,0,0,0,30,4,12,30,1,5,7
102,0,1440466327,1,0,0,0,1,1,30,5,40,2,1,1,0
102,1,3251890394,1,1,0,0,2,0,30,5,7,35,1,1,1
102,2,4210375598,1,2,0,0,3,1,30,1,14,28,0,1,2
102,3,1726832369,1,3,0,0,0,0,30,5,35,7,0,2,2
102,4,1879996723,1,0,0,0,1,1,30,4,42,0,1,3,2
102,5,1543937142,1,1,0,0,2,0,30,2,22,20,0,4,2
102,6,3355361209,1,2,0,0,3,1,30,4,26,16,0,4,3
102,7,2166362765,1,3,0,0,0,0,30,5,0,42,1,4,4
102,8,3073127095,1,0,0,0,1,1,30,2,25,17,0,4,5
102,9,1983467538,1,1,0,0,2,0,30,4,0,42,1,4,6
102,10,3794891605,1,2,0,0,3,1,30,6,18,24,0,4,7
103,0,1502090739,1,0,0,0,1,1,30,6,2,40,0,0,1
103,1,360710308,1,1,0,0,2,0,30,5,30,12,0,1,1
103,2,3466679160,1,2,0,0,3,1,30,5,17,25,0,1,2
103,3,983135931,1,3,0,0,0,0,30,4,13,29,0,2,2
103,4,1941621135,1,0,0,0,1,1,30,4,41,1,1,3,2
103,5,800240704,1,1,0,0,2,0,30,5,2,40,1,3,3
103,6,2611664771,1,2,0,0,3,1,30,4,19,23,0,3,4
103,7,3570149975,1,3,0,0,0,0,30,5,23,19,0,4,4
103,8,1086606746,1,0,0,0,1,1,30,5,40,2,1,5,4
103,9,1239771100,1,1,0,0,2,0,30,5,6,36,1,5,5
103,10,3051195167,1,2,0,0,3,1,30,5,17,25,0,5,6
103,11,4009680371,1,3,0,0,0,0,30,4,7,35,1,5,7
104,0,4008475684,1,0,0,0,1,1,30,0,23,19,0,0,1
104,1,3672416103,1,1,0,0,2,0,30,5,0,42,1,0,2
104,2,2483417659,1,2,0,0,3,1,30,4,42,0,1,1,2
104,3,1342037228,1,3,0,0,0,0,30,5,30,12,0,2,2
104,4,153038784,1,0,0,0,1,1,30,0,31,11,1,3,2
104,5,4111946499,1,1,0,0,2,0,30,4,18,24,0,4,2
104,6,1628403270,1,2,0,0,3,1,30,4,39,3,1,5,2
104,7,1781567624,1,3,0,0,0,0,30,5,1,41,1,5,3
104,8,1445508043,1,0,0,0,1,1,30,5,41,1,1,6,3
104,9,256509599,1,1,0,0,2,0,30,4,7,35,1,6,4
104,10,4215417314,1,2,0,0,3,1,30,4,17,25,0,6,5
104,11,2221098020,1,3,0,0,0,0,30,6,23,19,0,7,5
105,0,1216634485,1,0,0,0,1,1,30,4,18,24,0,0,1
105,1,880574904,1,1,0,0,2,0,30,5,12,30,1,0,2
105,2,3986543756,1,2,0,0,3,1,30,5,2,40,0,0,3
105,3,3650484175,1,3,0,0,0,0,30,4,30,12,0,1,3
105,4,2461485731,1,0,0,0,1,1,30,6,33,9,1,2,3
105,5,1320105300,1,1,0,0,2,0,30,5,23,19,0,3,3
105,6,131106856,1,2,0,0,3,1,30,5,24,18,0,3,4
105,7,4090014571,1,3,0,0,0,0,30,5,18,24,0,4,4
105,8,1606471342,1,0,0,0,1,1,30,5,24,18,0,4,5
105,9,1759635696,1,1,0,0,2,0,30,4,35,7,0,5,5
105,10,1423576115,1,2,0,0,3,1,30,4,24,18,0,5,6
105,11,234577671,1,3,0,0,0,0,30,6,0,42,1,5,7
106,0,1278258897,1,0,0,0,1,1,30,4,26,16,0,0,1
106,1,942199316,1,1,0,0,2,0,30,5,42,0,0,1,1
106,2,3242847318,1,2,0,0,3,1,30,4,35,7,1,2,1
106,3,2906787737,1,3,0,0,0,0,30,5,23,19,0,3,1
106,4,1717789293,1,0,0,0,1,1,30,6,29,13,0,3,2
106,5,1381729712,1,1,0,0,2,0,30,3,6,36,1,3,3
106,6,3682377714,1,2,0,0,3,1,30,5,26,16,0,3,4
106,7,3346318133,1,3,0,0,0,0,30,4,30,12,0,4,4
106,8,3010258552,1,0,0,0,1,1,30,5,31,11,1,5,4
106,9,4068082643,1,1,0,0,2,0,30,4,8,34,1,5,5
106,10,679879677,1,2,0,0,3,1,30,6,42,0,1,6,5
106,11,3785848529,1,3,0,0,0,0,30,4,0,42,1,6,6
106,12,3449788948,1,0,0,0,1,1,30,1,26,16,0,6,7
107,0,4105464543,1,0,0,0,1,1,30,4,30,12,1,1,0
107,1,816600464,1,1,0,0,2,0,30,5,42,0,0,2,0
107,2,1775085668,1,2,0,0,3,1,30,5,24,18,0,2,1
107,3,3586509735,1,3,0,0,0,0,30,4,23,19,0,3,1
107,4,250027643,1,0,0,0,1,1,30,6,41,1,1,4,1
107,5,3403614508,1,1,0,0,2,0,30,4,13,29,0,5,1
107,6,920071279,1,2,0,0,3,1,30,6,9,33,0,5,2
107,7,4026040131,1,3,0,0,0,0,30,4,0,42,1,5,3
107,8,3689980550,1,0,0,0,1,1,30,3,41,1,1,6,3
107,9,3843144904,1,1,0,0,2,0,30,5,13,29,0,7,3
108,0,3361768105,1,0,0,0,1,1,30,6,26,16,0,0,1
108,1,878224876,1,1,0,0,2,0,30,5,34,8,0,1,1
108,2,1031389230,1,2,0,0,3,1,30,0,35,7,1,2,1
108,3,695329649,1,3,0,0,0,0,30,5,18,24,0,3,1
108,4,3801298501,1,0,0,0,1,1,30,4,2,40,0,3,2
108,5,1317755272,1,1,0,0,2,0,30,5,16,26,0,4,2
108,6,176374841,1,2,0,0,3,1,30,5,25,17,0,4,3
108,7,1134860045,1,3,0,0,0,0,30,5,25,17,0,5,3
108,8,2946284112,1,0,0,0,1,1,30,1,30,12,1,6,3
108,9,1757285668,1,1,0,0,2,0,30,5,36,6,0,7,3
109,0,1573185754,1,0,0,0,1,1,30,6,7,35,0,0,1
109,1,1237126173,1,1,0,0,2,0,30,5,18,24,0,1,1
109,2,48127729,1,2,0,0,3,1,30,5,6,36,0,1,2
109,3,4007035444,1,3,0,0,0,0,30,5,24,18,0,2,2
109,4,2012716150,1,0,0,0,1,1,30,0,41,1,1,3,2
109,5,1676656569,1,1,0,0,2,0,30,6,0,42,1,3,3
109,6,3488080636,1,2,0,0,3,1,30,5,1,41,0,3,4
109,7,151598544,1,3,0,0,0,0,30,4,0,42,1,3,5
109,8,3305185409,1,0,0,0,1,1,30,4,35,7,1,4,5
109,9,2116186965,1,1,0,0,2,0,30,5,35,7,0,5,5
109,10,1780127384,1,2,0,0,3,1,30,0,30,12,1,6,5
109,11,591128940,1,3,0,0,0,0,30,4,17,25,0,7,5
110,0,3881632701,1,0,0,0,1,1,30,4,42,0,1,1,0
110,1,3545573120,1,1,0,0,2,0,30,1,23,19,0,2,0
110,2,1551253826,1,2,0,0,3,1,30,5,12,30,0,2,1
110,3,1215194245,1,3,0,0,0,0,30,5,19,23,0,3,1
110,4,26195801,1,0,0,0,1,1,30,3,25,17,0,3,2
110,5,3985103516,1,1,0,0,2,0,30,5,35,7,0,4,2
110,6,1990784222,1,2,0,0,3,1,30,4,24,18,0,4,3
110,7,1654724641,1,3,0,0,0,0,30,6,12,30,1,4,4
110,8,1318665060,1,0,0,0,1,1,30,1,30,12,1,5,4
110,9,129666616,1,1,0,0,2,0,30,4,34,8,0,6,4
110,10,3283253481,1,2,0,0,3,1,30,0,35,7,1,7,4
111,0,3137936263,1,0,0,0,1,1,30,4,17,25,0,0,1
111,1,2801876682,1,1,0,0,2,0,30,4,0,42,1,0,2
111,2,3859700773,1,2,0,0,3,1,30,3,18,24,0,0,3
111,3,471497807,1,3,0,0,0,0,30,4,2,40,1,0,4
111,4,1529321898,1,0,0,0,1,1,30,5,35,7,1,1,4
111,5,3241407078,1,1,0,0,2,0,30,4,40,2,0,2,4
111,6,4263873,1,2,0,0,3,1,30,1,34,8,1,3,4
111,7,911028203,1,3,0,0,0,0,30,5,35,7,0,4,4
111,8,574968622,1,0,0,0,1,1,30,2,24,18,0,4,5
111,9,1632792713,1,1,0,0,2,0,30,4,23,19,0,5,5
111,10,3344877893,1,2,0,0,3,1,30,4,29,13,0,5,6
111,11,1350558599,1,3,0,0,0,0,30,4,28,14,0,6,6
111,12,1014499018,1,0,0,0,1,1,30,5,42,0,1,7,6
112,0,1670174613,1,0,0,0,1,1,30,5,29,13,0,0,1
112,1,3481598680,1,1,0,0,2,0,30,0,28,14,0,1,1
112,2,3634763034,1,2,0,0,3,1,30,4,13,29,0,1,2
112,3,1151219805,1,3,0,0,0,0,30,5,11,31,1,1,3
112,4,2109705009,1,0,0,0,1,1,30,4,34,8,1,2,3
112,5,3921129076,1,1,0,0,2,0,30,2,14,28,0,3,3
112,6,2779748645,1,2,0,0,3,1,30,4,41,1,1,4,3
112,7,1590750201,1,3,0,0,0,0,30,5,12,30,1,4,4
112,8,1254690620,1,0,0,0,1,1,30,4,11,31,0,4,5
112,9,65692176,1,1,0,0,2,0,30,4,28,14,0,5,5
112,10,3219279041,1,2,0,0,3,1,30,4,42,0,1,6,5
112,11,2883219460,1,3,0,0,0,0,30,2,1,41,1,6,6
112,12,1694221016,1,0,0,0,1,1,30,4,40,2,1,7,6
113,0,3657800859,1,0,0,0,1,1,30,5,17,25,0,0,1
113,1,321318767,1,1,0,0,2,0,30,5,3,39,1,0,2
113,2,3474905632,1,2,0,0,3,1,30,5,20,22,0,0,3
113,3,991362403,1,3,0,0,0,0,30,4,42,0,0,1,3
113,4,4097331255,1,0,0,0,1,1,30,4,42,0,1,2,3
113,5,3761271674,1,1,0,0,2,0,30,4,1,41,1,2,4
113,6,2572273230,1,2,0,0,3,1,30,4,6,36,0,2,5
113,7,1430892799,1,3,0,0,0,0,30,4,17,25,0,3,5
113,8,2389378003,1,0,0,0,1,1,30,4,29,13,0,3,6
113,9,4200802070,1,1,0,0,2,0,30,0,14,28,0,4,6
113,10,3864742489,1,2,0,0,3,1,30,4,16,26,0,4,7
114,0,2190039209,1,0,0,0,1,1,30,5,16,26,0,0,1
114,1,3096803539,1,1,0,0,2,0,30,5,29,13,0,1,1
114,2,1907805095,1,2,0,0,3,1,30,5,15,27,0,1,2
114,3,1571745514,1,3,0,0,0,0,30,6,19,23,0,2,2
114,4,2629569605,1,0,0,0,1,1,30,5,2,40,0,2,3
114,5,2293510024,1,1,0,0,2,0,30,1,12,30,1,2,4
114,6,1052790706,1,2,0,0,3,1,30,4,6,36,0,2,5
114,7,2011275910,1,3,0,0,0,0,30,6,25,17,0,3,5
114,8,3822699977,1,0,0,0,1,1,30,6,40,2,1,4,5
114,9,2733040420,1,1,0,0,2,0,30,3,12,30,1,4,6
114,10,3639804750,1,2,0,0,3,1,30,5,12,30,0,4,7
115,0,1446342771,1,0,0,0,1,1,30,6,17,25,0,0,1
115,1,1110283190,1,1,0,0,2,0,30,4,19,23,0,1,1
115,2,4216252042,1,2,0,0,3,1,30,4,8,34,0,1,2
115,3,3074871611,1,3,0,0,0,0,30,5,19,23,0,2,2
115,4,1885873167,1,0,0,0,1,1,30,4,8,34,0,2,3
115,5,1549813586,1,1,0,0,2,0,30,5,19,23,0,3,3
115,6,360815142,1,2,0,0,3,1,30,2,23,19,0,3,4
115,7,3514402007,1,3,0,0,0,0,30,4,13,29,0,4,4
115,8,3178342426,1,0,0,0,1,1,30,4,11,31,0,4,5
115,9,1989343982,1,1,0,0,2,0,30,4,1,41,1,4,6
115,10,3800768049,1,2,0,0,3,1,30,5,0,42,0,4,7
116,0,4174209530,1,0,0,0,1,1,30,1,7,35,0,0,1
116,1,3838149949,1,1,0,0,2,0,30,5,12,30,1,0,2
116,2,3991314303,1,2,0,0,3,1,30,4,32,10,1,1,2
116,3,1507771074,1,3,0,0,0,0,30,3,17,25,0,2,2
116,4,1171711493,1,0,0,0,1,1,30,1,19,23,0,2,3
116,5,4277680345,1,1,0,0,2,0,30,4,35,7,0,3,3
116,6,3136299914,1,2,0,0,3,1,30,6,36,6,1,4,3
116,7,1947301470,1,3,0,0,0,0,30,4,24,18,0,5,3
116,8,1611241889,1,0,0,0,1,1,30,4,25,17,0,5,4
116,9,422243445,1,1,0,0,2,0,30,6,30,12,0,6,4
116,10,3575830310,1,2,0,0,3,1,30,6,8,34,0,6,5
116,11,3239770729,1,3,0,0,0,0,30,4,0,42,1,6,6
116,12,2050772285,1,0,0,0,1,1,30,4,17,25,0,6,7
117,0,1966207367,1,0,0,0,1,1,30,6,19,23,0,0,1
117,1,2924692571,1,1,0,0,2,0,30,5,17,25,0,1,1
117,2,3930795788,1,2,0,0,3,1,30,5,29,13,0,1,2
117,3,3594736207,1,3,0,0,0,0,30,4,13,29,0,2,2
117,4,2405737763,1,0,0,0,1,1,30,5,7,35,0,2,3
117,5,2069678182,1,1,0,0,2,0,30,4,13,29,0,3,3
117,6,2222842536,1,2,0,0,3,1,30,4,25,17,0,3,4
117,7,4034266603,1,3,0,0,0,0,30,5,36,6,0,4,4
117,8,3698207022,1,0,0,0,1,1,30,5,6,36,0,4,5
117,9,2509208578,1,1,0,0,2,0,30,4,36,6,0,5,5
117,10,2173148997,1,2,0,0,3,1,30,4,24,18,0,5,6
117,11,178829703,1,3,0,0,0,0,30,5,12,30,1,5,7
118,0,1222510929,1,0,0,0,1,1,30,5,36,6,1,1,0
118,1,2180996133,1,1,0,0,2,0,30,4,23,19,0,2,0
118,2,3992420200,1,2,0,0,3,1,30,3,42,0,1,3,0
118,3,3656360619,1,3,0,0,0,0,30,4,19,23,0,4,0
118,4,1662041325,1,0,0,0,1,1,30,0,30,12,1,5,0
118,5,1325981744,1,1,0,0,2,0,30,0,21,21,0,6,0
118,6,136983300,1,2,0,0,3,1,30,6,30,12,1,7,0
119,0,4049716575,1,0,0,0,1,1,30,5,19,23,0,0,1
119,1,3713656994,1,1,0,0,2,0,30,4,16,26,0,1,1
119,2,2524658550,1,2,0,0,3,1,30,4,20,22,0,1,2
119,3,3431422880,1,3,0,0,0,0,30,2,34,8,0,2,2
119,4,194279675,1,0,0,0,1,1,30,4,16,26,0,2,3
119,5,4153187390,1,1,0,0,2,0,30,4,23,19,0,3,3
119,6,1669644161,1,2,0,0,3,1,30,2,13,29,0,3,4
119,7,3870953276,1,3,0,0,0,0,30,5,40,2,0,4,4
119,8,1387410047,1,0,0,0,1,1,30,6,41,1,1,5,4
119,9,297750490,1,1,0,0,2,0,30,5,28,14,0,6,4
119,10,2109174557,1,2,0,0,3,1,30,0,35,7,1,7,4
120,0,3306020137,1,0,0,0,1,1,30,5,41,1,1,1,0
120,1,2969960556,1,1,0,0,2,0,30,4,18,24,0,2,0
120,2,1780962112,1,2,0,0,3,1,30,5,34,8,1,3,0
120,3,1444902531,1,3,0,0,0,0,30,5,6,36,1,3,1
120,4,3745550533,1,0,0,0,1,1,30,5,18,24,0,3,2
120,5,3409490952,1,1,0,0,2,0,30,4,41,1,0,4,2
120,6,2220492508,1,2,0,0,3,1,30,4,36,6,1,5,2
120,7,1884432927,1,3,0,0,0,0,30,6,1,41,1,5,3
120,8,743052496,1,0,0,0,1,1,30,5,34,8,1,6,3
120,9,3849021348,1,1,0,0,2,0,30,5,25,17,0,7,3
121,0,2322758636,1,0,0,0,1,1,30,4,1,41,0,0,1
121,1,1986699055,1,1,0,0,2,0,30,4,14,28,0,1,1
121,2,4287347057,1,2,0,0,3,1,30,4,17,25,0,1,2
121,3,3951287476,1,3,0,0,0,0,30,4,24,18,0,2,2
121,4,2762289032,1,0,0,0,1,1,30,4,41,1,1,3,2
121,5,2426229451,1,1,0,0,2,0,30,4,8,34,1,3,3
121,6,431910157,1,2,0,0,3,1,30,4,11,31,0,3,4
121,7,95850576,1,3,0,0,0,0,30,6,35,7,0,4,4
121,8,4054758291,1,0,0,0,1,1,30,5,26,16,0,4,5
121,9,2865759847,1,1,0,0,2,0,30,6,20,22,0,5,5
121,10,1724379416,1,2,0,0,3,1,30,5,9,33,0,5,6
121,11,535380972,1,3,0,0,0,0,30,5,40,2,0,6,6
121,12,199321391,1,0,0,0,1,1,30,5,24,18,0,6,7
122,0,3825884733,1,0,0,0,1,1,30,4,6,36,0,0,1
122,1,489402641,1,1,0,0,2,0,30,4,17,25,0,1,1
122,2,2300826708,1,2,0,0,3,1,30,5,7,35,0,1,2
122,3,1159446277,1,3,0,0,0,0,30,4,8,34,1,1,3
122,4,4265415129,1,0,0,0,1,1,30,2,8,34,0,1,4
122,5,3929355548,1,1,0,0,2,0,30,4,30,12,0,2,4
122,6,2740357104,1,2,0,0,3,1,30,5,8,34,0,2,5
122,7,2404297523,1,3,0,0,0,0,30,5,12,30,1,2,6
122,8,1262917092,1,0,0,0,1,1,30,4,42,0,1,3,6
122,9,73918648,1,1,0,0,2,0,30,5,29,13,0,4,6
122,10,4032826363,1,2,0,0,3,1,30,5,6,36,0,4,7
123,0,111300548,1,0,0,0,1,1,30,4,31,11,1,1,0
123,1,1922724615,1,1,0,0,2,0,30,6,12,30,1,1,1
123,2,2075888969,1,2,0,0,3,1,30,6,18,24,0,1,2
123,3,1739829388,1,3,0,0,0,0,30,4,18,24,0,2,2
123,4,550830944,1,0,0,0,1,1,30,5,35,7,1,3,2
123,5,2362255011,1,1,0,0,2,0,30,5,25,17,0,4,2
123,6,1220874580,1,2,0,0,3,1,30,6,41,1,1,5,2
123,7,2179359784,1,3,0,0,0,0,30,4,11,31,1,5,3
123,8,3990783851,1,0,0,0,1,1,30,5,17,25,0,5,4
123,9,654301759,1,1,0,0,2,0,30,5,23,19,0,6,4
123,10,2465725826,1,2,0,0,3,1,30,2,9,33,0,6,5
123,11,2618890180,1,3,0,0,0,0,30,2,0,42,1,6,6
123,12,135346951,1,0,0,0,1,1,30,5,18,24,0,6,7
124,0,1614426645,1,0,0,0,1,1,30,5,2,40,0,0,1
124,1,1278367064,1,1,0,0,2,0,30,0,25,17,0,1,1
124,2,89368620,1,2,0,0,3,1,30,5,41,1,1,2,1
124,3,1900792687,1,3,0,0,0,0,30,5,29,13,0,3,1
124,4,2053957041,1,0,0,0,1,1,30,5,40,2,1,4,1
124,5,1717897460,1,1,0,0,2,0,30,6,0,42,1,4,2
124,6,3529321527,1,2,0,0,3,1,30,5,6,36,0,4,3
124,7,192839435,1,3,0,0,0,0,30,5,41,1,0,5,3
124,8,3247087413,1,0,0,0,1,1,30,1,25,17,0,5,4
124,9,2157427856,1,1,0,0,2,0,30,5,29,13,0,6,4
124,10,3968851923,1,2,0,0,3,1,30,5,9,33,0,6,5
124,11,632369831,1,3,0,0,0,0,30,4,18,24,0,7,5
125,0,1454569243,1,0,0,0,1,1,30,4,25,17,0,0,1
125,1,265570799,1,1,0,0,2,0,30,4,41,1,0,1,1
125,2,4224478514,1,2,0,0,3,1,30,4,6,36,0,1,2
125,3,1740935285,1,3,0,0,0,0,30,1,12,30,1,1,3
125,4,1894099639,1,0,0,0,1,1,30,4,0,42,0,1,4
125,5,3705523706,1,1,0,0,2,0,30,4,13,29,0,2,4
125,6,369041614,1,2,0,0,3,1,30,6,35,7,1,3,4
125,7,2180465681,1,3,0,0,0,0,30,2,23,19,0,4,4
125,8,2333630035,1,0,0,0,1,1,30,5,20,22,0,4,5
125,9,1997570454,1,1,0,0,2,0,30,5,23,19,0,5,5
125,10,3808994521,1,2,0,0,3,1,30,4,13,29,0,5,6
125,11,2619996077,1,3,0,0,0,0,30,2,0,42,1,5,7
126,0,4182436002,1,0,0,0,1,1,30,3,19,23,0,0,1
126,1,3846376421,1,1,0,0,2,0,30,5,34,8,0,1,1
126,2,2657377977,1,2,0,0,3,1,30,5,42,0,1,2,1
126,3,1515997546,1,3,0,0,0,0,30,5,13,29,0,3,1
126,4,326999102,1,0,0,0,1,1,30,3,42,0,1,4,1
126,5,4285906817,1,1,0,0,2,0,30,5,12,30,1,4,2
126,6,1048763612,1,2,0,0,3,1,30,1,17,25,0,4,3
126,7,1955527942,1,3,0,0,0,0,30,1,11,31,1,4,4
126,8,1619468361,1,0,0,0,1,1,30,4,24,18,0,4,5
126,9,430469917,1,1,0,0,2,0,30,5,24,18,0,5,5
126,10,94410336,1,2,0,0,3,1,30,5,24,18,0,5,6
126,11,2395058338,1,3,0,0,0,0,30,5,20,22,0,6,6
126,12,2058998757,1,0,0,0,1,1,30,1,20,22,0,6,7
127,0,1390594803,1,0,0,0,1,1,30,0,6,36,0,0,1
127,1,1054535222,1,1,0,0,2,0,30,5,35,7,0,1,1
127,2,4160504074,1,2,0,0,3,1,30,4,26,16,0,1,2
127,3,3824444493,1,3,0,0,0,0,30,4,12,30,1,1,3
127,4,2635446049,1,0,0,0,1,1,30,0,19,23,0,1,4
127,5,1494065618,1,1,0,0,2,0,30,4,28,14,0,2,4
127,6,305067174,1,2,0,0,3,1,30,4,6,36,0,2,5
127,7,4263974889,1,3,0,0,0,0,30,5,3,39,1,2,6
127,8,3927915308,1,0,0,0,1,1,30,4,34,8,1,3,6
127,9,1933596014,1,1,0,0,2,0,30,5,31,11,0,4,6
127,10,1597536433,1,2,0,0,3,1,30,4,24,18,0,4,7
128,0,1970977914,1,0,0,0,1,1,30,3,18,24,0,0,1
128,1,3782401981,1,1,0,0,2,0,30,5,19,23,0,1,1
128,2,445919889,1,2,0,0,3,1,30,4,13,29,0,1,2
128,3,3599506754,1,3,0,0,0,0,30,4,17,25,0,2,2
128,4,2410508310,1,0,0,0,1,1,30,4,1,41,0,2,3
128,5,2074448729,1,1,0,0,2,0,30,5,12,30,1,2,4
128,6,3885872796,1,2,0,0,3,1,30,4,12,30,0,2,5
128,7,2696874352,1,3,0,0,0,0,30,5,13,29,0,3,5
128,8,1555493921,1,0,0,0,1,1,30,6,25,17,0,3,6
128,9,2513979125,1,1,0,0,2,0,30,4,21,21,0,4,6
128,10,30435896,1,2,0,0,3,1,30,4,0,42,0,4,7
129,0,4279424861,1,0,0,0,1,1,30,5,35,7,1,1,0
129,1,3138044430,1,1,0,0,2,0,30,4,30,12,0,2,0
129,2,1949045986,1,2,0,0,3,1,30,4,1,41,0,2,1
129,3,3760470053,1,3,0,0,0,0,30,3,8,34,1,2,2
129,4,423987961,1,0,0,0,1,1,30,6,14,28,0,2,3
129,5,3577574826,1,1,0,0,2,0,30,1,11,31,1,2,4
129,6,1094031597,1,2,0,0,3,1,30,1,10,32,0,2,5
129,7,2052516801,1,3,0,0,0,0,30,6,18,24,0,3,5
129,8,3863940868,1,0,0,0,1,1,30,0,34,8,1,4,5
129,9,4017105222,1,1,0,0,2,0,30,4,41,1,0,5,5
129,10,1533561993,1,2,0,0,3,1,30,6,31,11,1,6,5
129,11,2492047197,1,3,0,0,0,0,30,4,40,2,0,7,5
130,0,2490842510,1,0,0,0,1,1,30,5,13,29,0,0,1
130,1,2154782929,1,1,0,0,2,0,30,4,33,9,0,1,1
130,2,965784485,1,2,0,0,3,1,30,4,17,25,0,1,2
130,3,4119371350,1,3,0,0,0,0,30,4,7,35,1,1,3
130,4,2930372906,1,0,0,0,1,1,30,5,22,20,0,1,4
130,5,2594313325,1,1,0,0,2,0,30,3,0,42,1,1,5
130,6,1405314881,1,2,0,0,3,1,30,4,19,23,0,1,6
130,7,263934450,1,3,0,0,0,0,30,5,36,6,0,2,6
130,8,4222842165,1,0,0,0,1,1,30,4,7,35,0,2,7
131,0,1747146072,1,0,0,0,1,1,30,6,25,17,0,0,1
131,1,1411086491,1,1,0,0,2,0,30,5,7,35,1,0,2
131,2,222088047,1,2,0,0,3,1,30,4,23,19,0,0,3
131,3,4180995762,1,3,0,0,0,0,30,4,7,35,1,0,4
131,4,2186676468,1,0,0,0,1,1,30,5,25,17,0,0,5
131,5,1850616887,1,1,0,0,2,0,30,0,23,19,0,1,5
131,6,2908440978,1,2,0,0,3,1,30,5,24,18,0,1,6
131,7,325558862,1,3,0,0,0,0,30,5,24,18,0,2,6
131,8,2136982929,1,0,0,0,1,1,30,4,2,40,0,2,7
132,0,4055593019,1,0,0,0,1,1,30,6,41,1,1,1,0
132,1,3719533438,1,1,0,0,2,0,30,4,12,30,1,1,1
132,2,1725214144,1,2,0,0,3,1,30,5,12,30,0,1,2
132,3,1389154563,1,3,0,0,0,0,30,5,17,25,0,2,2
132,4,200156119,1,0,0,0,1,1,30,5,17,25,0,2,3
132,5,4159063834,1,1,0,0,2,0,30,4,0,42,1,2,4
132,6,2164744540,1,2,0,0,3,1,30,4,34,8,1,3,4
132,7,1828684959,1,3,0,0,0,0,30,4,23,19,0,4,4
132,8,1492625378,1,0,0,0,1,1,30,0,40,2,1,5,4
132,9,303626934,1,1,0,0,2,0,30,1,35,7,0,6,4
132,10,3457213799,1,2,0,0,3,1,30,5,7,35,0,6,5
132,11,2268215355,1,3,0,0,0,0,30,5,17,25,0,7,5
133,0,341008834,1,0,0,0,1,1,30,5,24,18,0,0,1
133,1,1347112051,1,1,0,0,2,0,30,5,24,18,0,1,1
133,2,2305597255,1,2,0,0,3,1,30,5,22,20,0,1,2
133,3,4117021322,1,3,0,0,0,0,30,4,42,0,0,2,2
133,4,780539230,1,0,0,0,1,1,30,4,42,0,1,3,2
133,5,3934126095,1,1,0,0,2,0,30,4,19,23,0,4,2
133,6,1450582866,1,2,0,0,3,1,30,5,6,36,0,4,3
133,7,261584422,1,3,0,0,0,0,30,5,30,12,0,5,3
133,8,4220492137,1,0,0,0,1,1,30,4,2,40,0,5,4
133,9,78689195,1,1,0,0,2,0,30,5,7,35,1,5,5
133,10,1890113262,1,2,0,0,3,1,30,4,18,24,0,5,6
133,11,2848598466,1,3,0,0,0,0,30,5,25,17,0,6,6
133,12,365055237,1,0,0,0,1,1,30,5,15,27,0,6,7
134,0,280490319,1,0,0,0,1,1,30,6,42,0,1,1,0
134,1,433654673,1,1,0,0,2,0,30,4,19,23,0,2,0
134,2,97595092,1,2,0,0,3,1,30,5,3,39,0,2,1
134,3,1909019159,1,3,0,0,0,0,30,1,29,13,0,3,1
134,4,720020715,1,0,0,0,1,1,30,0,35,7,1,4,1
134,5,3873607580,1,1,0,0,2,0,30,5,31,11,0,5,1
134,6,537125488,1,2,0,0,3,1,30,6,23,19,0,5,2
134,7,2348549555,1,3,0,0,0,0,30,1,11,31,1,5,3
134,8,3307034759,1,0,0,0,1,1,30,5,29,13,0,5,4
134,9,18170680,1,1,0,0,2,0,30,4,23,19,0,6,4
134,10,3977078395,1,2,0,0,3,1,30,6,25,17,0,6,5
134,11,2788079951,1,3,0,0,0,0,30,2,8,34,1,6,6
134,12,2452020370,1,0,0,0,1,1,30,4,13,29,0,6,7
135,0,55552580,1,0,0,0,1,1,30,1,34,8,1,1,0
135,1,4014460295,1,1,0,0,2,0,30,4,12,30,1,1,1
135,2,2825461851,1,2,0,0,3,1,30,5,0,42,0,1,2
135,3,2489402270,1,3,0,0,0,0,30,3,7,35,1,1,3
135,4,495082976,1,0,0,0,1,1,30,5,1,41,0,1,4
135,5,159023395,1,1,0,0,2,0,30,4,0,42,1,1,5
135,6,3264992247,1,2,0,0,3,1,30,5,1,41,0,1,6
135,7,2928932666,1,3,0,0,0,0,30,4,2,40,1,1,7
136,0,2363999527,1,0,0,0,1,1,30,5,25,17,0,0,1
136,1,3270763857,1,1,0,0,2,0,30,5,6,36,1,0,2
136,2,2081765413,1,2,0,0,3,1,30,5,42,0,1,1,2
136,3,1745705832,1,3,0,0,0,0,30,4,35,7,0,2,2
136,4,2803529923,1,0,0,0,1,1,30,1,41,1,1,3,2
136,5,2467470342,1,1,0,0,2,0,30,4,17,25,0,4,2
136,6,473151048,1,2,0,0,3,1,30,5,1,41,0,4,3
136,7,2185236228,1,3,0,0,0,0,30,5,27,15,0,5,3
136,8,1849176647,1,0,0,0,1,1,30,4,42,0,1,6,3
136,9,2907000738,1,1,0,0,2,0,30,5,17,25,0,7,3
137,0,1620303089,1,0,0,0,1,1,30,5,2,40,0,0,1
137,1,1284243508,1,1,0,0,2,0,30,6,6,36,1,0,2
137,2,95245064,1,2,0,0,3,1,30,4,36,6,1,1,2
137,3,3248831929,1,3,0,0,0,0,30,4,34,8,0,2,2
137,4,2059833485,1,0,0,0,1,1,30,5,14,28,0,2,3
137,5,1723773904,1,1,0,0,2,0,30,5,12,30,1,2,4
137,6,534775460,1,2,0,0,3,1,30,4,35,7,1,3,4
137,7,3688362325,1,3,0,0,0,0,30,5,42,0,0,4,4
137,8,3352302744,1,0,0,0,1,1,30,2,41,1,1,5,4
137,9,2163304300,1,1,0,0,2,0,30,2,6,36,1,5,5
137,10,1827244719,1,2,0,0,3,1,30,5,13,29,0,5,6
137,11,4127892721,1,3,0,0,0,0,30,5,16,26,0,6,6
137,12,3791833140,1,0,0,0,1,1,30,4,25,17,0,6,7
138,0,637041588,1,0,0,0,1,1,30,5,29,13,0,0,1
138,1,790205942,1,1,0,0,2,0,30,1,17,25,0,1,1
138,2,2601630009,1,2,0,0,3,1,30,4,0,42,0,1,2
138,3,2265570428,1,3,0,0,0,0,30,4,13,29,0,2,2
138,4,1076571984,1,0,0,0,1,1,30,5,30,12,1,3,2
138,5,4230158849,1,1,0,0,2,0,30,1,12,30,1,3,3
138,6,893676757,1,2,0,0,3,1,30,5,29,13,0,3,4
138,7,2705100824,1,3,0,0,0,0,30,3,18,24,0,4,4
138,8,2369041243,1,0,0,0,1,1,30,4,13,29,0,4,5
138,9,374721949,1,1,0,0,2,0,30,5,15,27,0,5,5
138,10,38662368,1,2,0,0,3,1,30,2,14,28,0,5,6
138,11,3144631220,1,3,0,0,0,0,30,3,18,24,0,6,6
138,12,2808571639,1,0,0,0,1,1,30,6,42,0,1,7,6
139,0,2140167685,1,0,0,0,1,1,30,4,10,32,0,0,1
139,1,3098652889,1,1,0,0,2,0,30,4,0,42,1,0,2
139,2,1957272458,1,2,0,0,3,1,30,3,12,30,0,0,3
139,3,3768696525,1,3,0,0,0,0,30,4,6,36,1,0,4
139,4,2579698081,1,0,0,0,1,1,30,0,8,34,0,0,5
139,5,2243638500,1,1,0,0,2,0,30,6,28,14,0,1,5
139,6,2396802854,1,2,0,0,3,1,30,6,20,22,0,1,6
139,7,4208226921,1,3,0,0,0,0,30,3,7,35,1,1,7
140,0,2720550796,1,0,0,0,1,1,30,4,34,8,1,1,0
140,1,1579170365,1,1,0,0,2,0,30,5,29,13,0,2,0
140,2,390171921,1,2,0,0,3,1,30,3,35,7,1,3,0
140,3,54112340,1,3,0,0,0,0,30,5,0,42,1,3,1
140,4,3160081192,1,0,0,0,1,1,30,2,36,6,1,4,1
140,5,2018700761,1,1,0,0,2,0,30,2,30,12,0,5,1
140,6,829702317,1,2,0,0,3,1,30,5,7,35,0,5,2
140,7,493642736,1,3,0,0,0,0,30,4,41,1,0,6,2
140,8,2305066803,1,0,0,0,1,1,30,4,6,36,0,6,3
140,9,2458231157,1,1,0,0,2,0,30,2,6,36,1,6,4
140,10,2122171576,1,2,0,0,3,1,30,3,24,18,0,6,5
140,11,933173132,1,3,0,0,0,0,30,4,19,23,0,7,5
141,0,4223676893,1,0,0,0,1,1,30,6,36,6,1,1,0
141,1,3887617312,1,1,0,0,2,0,30,2,16,26,0,2,0
141,2,2698618868,1,2,0,0,3,1,30,2,29,13,0,2,1
141,3,3605383198,1,3,0,0,0,0,30,0,6,36,1,2,2
141,4,368239993,1,0,0,0,1,1,30,5,25,17,0,2,3
141,5,32180412,1,1,0,0,2,0,30,6,25,17,0,3,3
141,6,3138149264,1,2,0,0,3,1,30,4,24,18,0,3,4
141,7,4044913594,1,3,0,0,0,0,30,1,23,19,0,4,4
141,8,3708854013,1,0,0,0,1,1,30,2,22,20,0,4,5
141,9,471710808,1,1,0,0,2,0,30,0,0,42,1,4,6
141,10,2283134875,1,2,0,0,3,1,30,4,4,38,0,4,7
142,0,2435094542,1,0,0,0,1,1,30,1,41,1,1,1,0
142,1,2099034961,1,1,0,0,2,0,30,2,7,35,1,1,1
142,2,910036517,1,2,0,0,3,1,30,5,23,19,0,1,2
142,3,573976936,1,3,0,0,0,0,30,4,2,40,1,1,3
142,4,3679945788,1,0,0,0,1,1,30,6,31,11,1,2,3
142,5,2538565357,1,1,0,0,2,0,30,5,6,36,1,2,4
142,6,1349566913,1,2,0,0,3,1,30,3,29,13,0,2,5
142,7,1013507332,1,3,0,0,0,0,30,1,28,14,0,3,5
142,8,677447751,1,0,0,0,1,1,30,5,19,23,0,3,6
142,9,2978095753,1,1,0,0,2,0,30,5,35,7,0,4,6
142,10,2642036172,1,2,0,0,3,1,30,5,29,13,0,4,7
143,0,2496718954,1,0,0,0,1,1,30,5,18,24,0,0,1
143,1,1407059397,1,1,0,0,2,0,30,2,2,40,1,0,2
143,2,166340079,1,2,0,0,3,1,30,5,14,28,0,0,3
143,3,4125247794,1,3,0,0,0,0,30,5,0,42,1,0,4
143,4,2936249350,1,0,0,0,1,1,30,6,42,0,1,1,4
143,5,2600189769,1,1,0,0,2,0,30,6,1,41,1,1,5
143,6,2753354123,1,2,0,0,3,1,30,1,14,28,0,1,6
143,7,269810894,1,3,0,0,0,0,30,4,29,13,0,2,6
143,8,4228718609,1,0,0,0,1,1,30,3,40,2,1,3,6
143,9,3039720165,1,1,0,0,2,0,30,3,18,24,0,4,6
143,10,1898339734,1,2,0,0,3,1,30,4,2,40,0,4,7
144,0,3999845051,1,0,0,0,1,1,30,4,20,22,0,0,1
144,1,663362959,1,1,0,0,2,0,30,4,16,26,0,1,1
144,2,2474787026,1,2,0,0,3,1,30,4,18,24,0,1,2
144,3,1333406595,1,3,0,0,0,0,30,5,34,8,0,2,2
144,4,2291891799,1,0,0,0,1,1,30,4,36,6,1,3,2
144,5,4103315866,1,1,0,0,2,0,30,4,22,20,0,4,2
144,6,2914317422,1,2,0,0,3,1,30,5,18,24,0,4,3
144,7,2578257841,1,3,0,0,0,0,30,4,30,12,0,5,3
144,8,2731422195,1,0,0,0,1,1,30,0,18,24,0,5,4
144,9,247878966,1,1,0,0,2,0,30,1,17,25,0,6,4
144,10,4206786681,1,2,0,0,3,1,30,5,6,36,0,6,5
144,11,3017788237,1,3,0,0,0,0,30,5,12,30,1,6,6
144,12,1876407806,1,0,0,0,1,1,30,4,31,11,1,7,6
145,0,285260866,1,0,0,0,1,1,30,6,9,33,0,0,1
145,1,4244168581,1,1,0,0,2,0,30,5,19,23,0,1,1
145,2,2249849287,1,2,0,0,3,1,30,5,15,27,0,1,2
145,3,1913789706,1,3,0,0,0,0,30,5,24,18,0,2,2
145,4,724791262,1,0,0,0,1,1,30,6,19,23,0,2,3
145,5,388731681,1,1,0,0,2,0,30,2,19,23,0,3,3
145,6,3542318546,1,2,0,0,3,1,30,4,34,8,1,4,3
145,7,2353320102,1,3,0,0,0,0,30,4,24,18,0,5,3
145,8,4164744169,1,0,0,0,1,1,30,6,28,14,0,5,4
145,9,828262077,1,1,0,0,2,0,30,5,29,13,0,6,4
145,10,2639686144,1,2,0,0,3,1,30,5,20,22,0,6,5
145,11,2792850498,1,3,0,0,0,0,30,5,31,11,0,7,5
146,0,2372225999,1,0,0,0,1,1,30,4,16,26,0,0,1
146,1,1183227555,1,1,0,0,2,0,30,4,0,42,1,0,2
146,2,847167974,1,2,0,0,3,1,30,5,9,33,0,0,3
146,3,3147815976,1,3,0,0,0,0,30,5,21,21,0,1,3
146,4,2811756395,1,0,0,0,1,1,30,4,29,13,0,1,4
146,5,328213166,1,1,0,0,2,0,30,6,41,1,0,2,4
146,6,1286698370,1,2,0,0,3,1,30,4,1,41,0,2,5
146,7,2193462700,1,3,0,0,0,0,30,5,17,25,0,3,5
146,8,3251286791,1,0,0,0,1,1,30,6,42,0,1,4,5
146,9,2915227210,1,1,0,0,2,0,30,4,12,30,1,4,6
146,10,431683981,1,2,0,0,3,1,30,5,18,24,0,4,7
147,0,805125462,1,0,0,0,1,1,30,5,13,29,0,0,1
147,1,469065881,1,1,0,0,2,0,30,5,19,23,0,1,1
147,2,2769713883,1,2,0,0,3,1,30,5,8,34,0,1,2
147,3,2433654302,1,3,0,0,0,0,30,6,6,36,1,1,3
147,4,1244655858,1,0,0,0,1,1,30,2,30,12,1,2,3
147,5,908596277,1,1,0,0,2,0,30,4,0,42,1,2,4
147,6,3209244279,1,2,0,0,3,1,30,3,18,24,0,2,5
147,7,2873184698,1,3,0,0,0,0,30,5,23,19,0,3,5
147,8,2537125117,1,0,0,0,1,1,30,4,24,18,0,3,6
147,9,1348126673,1,1,0,0,2,0,30,3,31,11,0,4,6
147,10,206746242,1,2,0,0,3,1,30,5,30,12,1,5,6
147,11,3312715094,1,3,0,0,0,0,30,2,9,33,1,5,7
148,0,61429024,1,0,0,0,1,1,30,6,10,32,0,0,1
148,1,3266736763,1,1,0,0,2,0,30,5,26,16,0,1,1
148,2,2831338295,1,2,0,0,3,1,30,5,25,17,0,1,2
148,3,1689957864,1,3,0,0,0,0,30,6,0,42,1,1,3
148,4,500959420,1,0,0,0,1,1,30,4,13,29,0,1,4
148,5,164899839,1,1,0,0,2,0,30,5,7,35,1,1,5
148,6,1222723930,1,2,0,0,3,1,30,6,20,22,0,1,6
148,7,2129488260,1,3,0,0,0,0,30,4,12,30,1,1,7
149,0,2888634670,1,0,0,0,1,1,30,5,42,0,1,1,0
149,1,405091441,1,1,0,0,2,0,30,5,0,42,1,1,1
149,2,558255795,1,2,0,0,3,1,30,3,41,1,1,2,1
149,3,222196214,1,3,0,0,0,0,30,5,17,25,0,3,1
149,4,3328165066,1,0,0,0,1,1,30,4,29,13,0,3,2
149,5,2992105485,1,1,0,0,2,0,30,6,12,30,1,3,3
149,6,1751386167,1,2,0,0,3,1,30,6,7,35,0,3,4
149,7,661726610,1,3,0,0,0,0,30,5,36,6,0,4,4
149,8,2473150677,1,0,0,0,1,1,30,6,31,11,1,5,4
149,9,3431635881,1,1,0,0,2,0,30,5,40,2,0,6,4
149,10,2190916563,1,2,0,0,3,1,30,5,8,34,0,6,5
149,11,1101257006,1,3,0,0,0,0,30,6,34,8,0,7,5
150,0,2728777268,1,0,0,0,1,1,30,5,18,24,0,0,1
150,1,1539778824,1,1,0,0,2,0,30,5,23,19,0,1,1
150,2,1203719243,1,2,0,0,3,1,30,4,1,41,0,1,2
150,3,2209822460,1,3,0,0,0,0,30,6,41,1,0,2,2
150,4,3168307664,1,0,0,0,1,1,30,6,29,13,0,2,3
150,5,684764435,1,1,0,0,2,0,30,4,39,3,0,3,3
150,6,1643249639,1,2,0,0,3,1,30,4,15,27,0,3,4
150,7,2649352856,1,3,0,0,0,0,30,5,8,34,1,3,5
150,8,3607838060,1,0,0,0,1,1,30,4,9,33,0,3,6
150,9,1124294831,1,1,0,0,2,0,30,4,1,41,1,3,7
151,0,4231903365,1,0,0,0,1,1,30,0,21,21,0,0,1
151,1,3042904921,1,1,0,0,2,0,30,3,29,13,0,1,1
151,2,2706845340,1,2,0,0,3,1,30,2,23,19,0,1,2
151,3,1517846896,1,3,0,0,0,0,30,4,13,29,0,2,2
151,4,376466465,1,0,0,0,1,1,30,5,2,40,0,2,3
151,5,2187890532,1,1,0,0,2,0,30,2,0,42,1,2,4
151,6,3146375736,1,2,0,0,3,1,30,1,30,12,1,3,4
151,7,662832507,1,3,0,0,0,0,30,4,24,18,0,4,4
151,8,815996861,1,0,0,0,1,1,30,4,23,19,0,4,5
151,9,479937280,1,1,0,0,2,0,30,5,1,41,1,4,6
151,10,2291361347,1,2,0,0,3,1,30,5,7,35,0,4,7
152,0,2664802828,1,0,0,0,1,1,30,4,1,41,0,0,1
152,1,2328743247,1,1,0,0,2,0,30,5,35,7,0,1,1
152,2,1139744803,1,2,0,0,3,1,30,3,30,12,1,2,1
152,3,4293331668,1,3,0,0,0,0,30,0,14,28,0,3,1
152,4,3104333224,1,0,0,0,1,1,30,6,35,7,1,4,1
152,5,2768273643,1,1,0,0,2,0,30,5,40,2,0,5,1
152,6,1579275199,1,2,0,0,3,1,30,4,20,22,0,5,2
152,7,437894768,1,3,0,0,0,0,30,4,0,42,1,5,3
152,8,101835187,1,0,0,0,1,1,30,4,42,0,1,6,3
152,9,3207804039,1,1,0,0,2,0,30,4,22,20,0,7,3
153,0,1921106390,1,0,0,0,1,1,30,5,19,23,0,0,1
153,1,831446833,1,1,0,0,2,0,30,5,34,8,0,1,1
153,2,396048365,1,2,0,0,3,1,30,2,29,13,0,1,2
153,3,59988784,1,3,0,0,0,0,30,0,24,18,0,2,2
153,4,2360636786,1,0,0,0,1,1,30,2,18,24,0,2,3
153,5,2024577205,1,1,0,0,2,0,30,5,28,14,0,3,3
153,6,3082401296,1,2,0,0,3,1,30,5,29,13,0,3,4
153,7,499519180,1,3,0,0,0,0,30,5,11,31,1,3,5
153,8,163459599,1,0,0,0,1,1,30,4,1,41,0,3,6
153,9,2464107601,1,1,0,0,2,0,30,5,23,19,0,4,6
153,10,2128048020,1,2,0,0,3,1,30,4,6,36,0,4,7
154,0,453344740,1,0,0,0,1,1,30,5,31,11,1,1,0
154,1,2264768807,1,1,0,0,2,0,30,4,25,17,0,2,0
154,2,3223254011,1,2,0,0,3,1,30,5,22,20,0,2,1
154,3,2081873580,1,3,0,0,0,0,30,4,13,29,0,3,1
154,4,892875136,1,0,0,0,1,1,30,5,30,12,1,4,1
154,5,556815555,1,1,0,0,2,0,30,2,13,29,0,5,1
154,6,2368239622,1,2,0,0,3,1,30,4,0,42,0,5,2
154,7,2521403976,1,3,0,0,0,0,30,1,17,25,0,6,2
154,8,37860747,1,0,0,0,1,1,30,1,41,1,1,7,2
155,0,293487338,1,0,0,0,1,1,30,4,7,35,0,0,1
155,1,3399456190,1,1,0,0,2,0,30,4,3,39,1,0,2
155,2,3063396609,1,2,0,0,3,1,30,4,2,40,0,0,3
155,3,579853380,1,3,0,0,0,0,30,5,18,24,0,1,3
155,4,733017734,1,0,0,0,1,1,30,4,42,0,1,2,3
155,5,2544441801,1,1,0,0,2,0,30,5,18,24,0,3,3
155,6,3502927005,1,2,0,0,3,1,30,5,1,41,0,3,4
155,7,1019383776,1,3,0,0,0,0,30,4,9,33,1,3,5
155,8,1172548130,1,0,0,0,1,1,30,4,17,25,0,3,6
155,9,2983972197,1,1,0,0,2,0,30,5,1,41,1,3,7
156,0,2601934285,1,0,0,0,1,1,30,4,41,1,1,1,0
156,1,607614991,1,1,0,0,2,0,30,4,24,18,0,2,0
156,2,271555410,1,2,0,0,3,1,30,6,30,12,1,3,0
156,3,3377524262,1,3,0,0,0,0,30,6,18,24,0,4,0
156,4,3041464681,1,0,0,0,1,1,30,3,17,25,0,4,1
156,5,4047567898,1,1,0,0,2,0,30,4,25,17,0,5,1
156,6,711085806,1,2,0,0,3,1,30,0,28,14,0,5,2
156,7,2522509873,1,3,0,0,0,0,30,4,23,19,0,6,2
156,8,3480995077,1,0,0,0,1,1,30,4,41,1,1,7,2
157,0,229512898,1,0,0,0,1,1,30,2,40,2,1,1,0
157,1,4188420613,1,1,0,0,2,0,30,3,7,35,1,1,1
157,2,2999422169,1,2,0,0,3,1,30,6,24,18,0,1,2
157,3,2663362588,1,3,0,0,0,0,30,6,7,35,1,1,3
157,4,669043294,1,0,0,0,1,1,30,5,41,1,1,2,3
157,5,332983713,1,1,0,0,2,0,30,4,1,41,1,2,4
157,6,3438952565,1,2,0,0,3,1,30,2,9,33,0,2,5
157,7,3102892984,1,3,0,0,0,0,30,5,12,30,1,2,6
157,8,1961512553,1,0,0,0,1,1,30,4,36,6,1,3,6
157,9,772514109,1,1,0,0,2,0,30,4,1,41,1,3,7
158,0,2537959845,1,0,0,0,1,1,30,5,40,2,1,1,0
158,1,2691124199,1,1,0,0,2,0,30,3,0,42,1,1,1
158,2,207580970,1,2,0,0,3,1,30,3,20,22,0,1,2
158,3,1919666150,1,3,0,0,0,0,30,4,24,18,0,2,2
158,4,2977490241,1,0,0,0,1,1,30,4,6,36,0,2,3
158,5,2641430660,1,1,0,0,2,0,30,6,0,42,1,2,4
158,6,647111366,1,2,0,0,3,1,30,1,31,11,1,3,4
158,7,311051785,1,3,0,0,0,0,30,4,19,23,0,4,4
158,8,2023136965,1,0,0,0,1,1,30,4,0,42,0,4,5
158,9,3080961056,1,1,0,0,2,0,30,5,17,25,0,5,5
158,10,3987725386,1,2,0,0,3,1,30,0,15,27,0,5,6
158,11,750582181,1,3,0,0,0,0,30,5,25,17,0,6,6
158,12,414522600,1,0,0,0,1,1,30,4,0,42,0,6,7
159,0,2896861142,1,0,0,0,1,1,30,6,34,8,1,1,0
159,1,1707862698,1,1,0,0,2,0,30,4,29,13,0,2,0
159,2,3519286765,1,2,0,0,3,1,30,5,36,6,1,3,0
159,3,131083799,1,3,0,0,0,0,30,3,1,41,1,3,1
159,4,3336391538,1,0,0,0,1,1,30,1,31,11,1,4,1
159,5,852848309,1,1,0,0,2,0,30,1,27,15,0,5,1
159,6,3958817161,1,2,0,0,3,1,30,4,42,0,1,6,1
159,7,3622757580,1,3,0,0,0,0,30,4,34,8,0,7,1
160,0,811001906,1,0,0,0,1,1,30,5,20,22,0,0,1
160,1,964166260,1,1,0,0,2,0,30,3,23,19,0,1,1
160,2,628106679,1,2,0,0,3,1,30,5,20,22,0,1,2
160,3,2439530746,1,3,0,0,0,0,30,4,12,30,1,1,3
160,4,1250532302,1,0,0,0,1,1,30,5,12,30,0,1,4
160,5,109151871,1,1,0,0,2,0,30,4,2,40,1,1,5
160,6,1067637075,1,2,0,0,3,1,30,4,36,6,1,2,5
160,7,2879061142,1,3,0,0,0,0,30,5,18,24,0,3,5
160,8,3837546346,1,0,0,0,1,1,30,6,19,23,0,3,6
160,9,548682267,1,1,0,0,2,0,30,1,0,42,1,3,7
161,0,586064167,1,0,0,0,1,1,30,2,35,7,1,1,0
161,1,250004586,1,1,0,0,2,0,30,4,6,36,1,1,1
161,2,1307828677,1,2,0,0,3,1,30,2,42,0,1,2,1
161,3,971769096,1,3,0,0,0,0,30,2,28,14,0,3,1
161,4,1025594563,1,0,0,0,1,1,30,4,34,8,1,4,1
161,5,689534982,1,1,0,0,2,0,30,5,18,24,0,5,1
161,6,1747359073,1,2,0,0,3,1,30,3,20,22,0,5,2
161,7,1411299492,1,3,0,0,0,0,30,4,0,42,1,5,3
161,8,2318063822,1,0,0,0,1,1,30,5,26,16,0,5,4
161,9,3375887913,1,1,0,0,2,0,30,0,11,31,1,5,5
161,10,793005797,1,2,0,0,3,1,30,4,18,24,0,5,6
161,11,1850829888,1,3,0,0,0,0,30,6,1,41,1,5,7
162,0,2894511114,1,0,0,0,1,1,30,4,39,3,1,1,0
162,1,1753130683,1,1,0,0,2,0,30,5,33,9,0,2,0
162,2,564132239,1,2,0,0,3,1,30,4,41,1,1,3,0
162,3,228072658,1,3,0,0,0,0,30,2,25,17,0,4,0
162,4,3334041510,1,0,0,0,1,1,30,4,16,26,0,4,1
162,5,2192661079,1,1,0,0,2,0,30,5,6,36,1,4,2
162,6,1003662635,1,2,0,0,3,1,30,1,42,0,1,5,2
162,7,667603054,1,3,0,0,0,0,30,5,13,29,0,6,2
162,8,331543473,1,0,0,0,1,1,30,5,42,0,1,7,2
163,0,686508951,1,0,0,0,1,1,30,5,1,41,0,0,1
163,1,3792477803,1,1,0,0,2,0,30,1,34,8,0,1,1
163,2,404274837,1,2,0,0,3,1,30,4,13,29,0,1,2
163,3,1462098928,1,3,0,0,0,0,30,5,22,20,0,2,2
163,4,1126039347,1,0,0,0,1,1,30,3,24,18,0,2,3
163,5,789979766,1,1,0,0,2,0,30,5,22,20,0,3,3
163,6,843805233,1,2,0,0,3,1,30,5,18,24,0,3,4
163,7,507745652,1,3,0,0,0,0,30,6,41,1,0,4,4
163,8,1565569743,1,0,0,0,1,1,30,5,19,23,0,4,5
163,9,1229510162,1,1,0,0,2,0,30,0,18,24,0,5,5
163,10,3530158164,1,2,0,0,3,1,30,4,20,22,0,5,6
163,11,947276048,1,3,0,0,0,0,30,5,41,1,0,6,6
163,12,2758700115,1,0,0,0,1,1,30,4,18,24,0,6,7
164,0,3414375710,1,0,0,0,1,1,30,4,41,1,1,1,0
164,1,3567540064,1,1,0,0,2,0,30,5,34,8,0,2,0
164,2,1083996835,1,2,0,0,3,1,30,6,14,28,0,2,1
164,3,747937254,1,3,0,0,0,0,30,1,11,31,1,2,2
164,4,3853906106,1,0,0,0,1,1,30,6,25,17,0,2,3
164,5,2712525675,1,1,0,0,2,0,30,5,23,19,0,3,3
164,6,3671010879,1,2,0,0,3,1,30,2,0,42,0,3,4
164,7,1187467650,1,3,0,0,0,0,30,5,13,29,0,4,4
164,8,4293436502,1,0,0,0,1,1,30,5,40,2,1,5,4
164,9,3152056071,1,1,0,0,2,0,30,5,23,19,0,6,4
164,10,2815996490,1,2,0,0,3,1,30,4,0,42,0,6,5
164,11,1626998046,1,3,0,0,0,0,30,5,17,25,0,7,5
165,0,2670679272,1,0,0,0,1,1,30,1,1,41,0,0,1
165,1,1581019715,1,1,0,0,2,0,30,4,24,18,0,1,1
165,2,2487784045,1,2,0,0,3,1,30,4,7,35,0,1,2
165,3,4240816,1,3,0,0,0,0,30,4,12,30,1,1,3
165,4,3110209668,1,0,0,0,1,1,30,4,8,34,0,1,4
165,5,2774150087,1,1,0,0,2,0,30,5,24,18,0,2,4
165,6,2927314441,1,2,0,0,3,1,30,3,25,17,0,2,5
165,7,443771212,1,3,0,0,0,0,30,5,28,14,0,3,5
165,8,1402256416,1,0,0,0,1,1,30,5,8,34,0,3,6
165,9,3213680483,1,1,0,0,2,0,30,4,1,41,1,3,7
166,0,1202917622,1,0,0,0,1,1,30,4,18,24,0,0,1
166,1,2109681952,1,1,0,0,2,0,30,5,29,13,0,1,1
166,2,3167506043,1,2,0,0,3,1,30,4,42,0,1,2,1
166,3,2831446462,1,3,0,0,0,0,30,3,0,42,1,2,2
166,4,1642448018,1,0,0,0,1,1,30,6,12,30,0,2,3
166,5,2549212348,1,1,0,0,2,0,30,5,28,14,0,3,3
166,6,3607036439,1,2,0,0,3,1,30,4,18,24,0,3,4
166,7,3270976858,1,3,0,0,0,0,30,4,14,28,0,4,4
166,8,787433629,1,0,0,0,1,1,30,4,23,19,0,4,5
166,9,940597983,1,1,0,0,2,0,30,5,30,12,0,5,5
166,10,2652683163,1,2,0,0,3,1,30,1,18,24,0,5,6
166,11,3710507254,1,3,0,0,0,0,30,3,12,30,1,5,7
167,0,1043060220,1,0,0,0,1,1,30,4,42,0,1,1,0
167,1,3343708222,1,1,0,0,2,0,30,3,18,24,0,2,0
167,2,3007648641,1,2,0,0,3,1,30,6,18,24,0,2,1
167,3,1818650197,1,3,0,0,0,0,30,6,33,9,0,3,1
167,4,1482590616,1,0,0,0,1,1,30,4,13,29,0,3,2
167,5,3294014683,1,1,0,0,2,0,30,4,13,29,0,4,2
167,6,3447179037,1,2,0,0,3,1,30,5,16,26,0,4,3
167,7,3111119456,1,3,0,0,0,0,30,5,29,13,0,5,3
167,8,1922121012,1,0,0,0,1,1,30,2,31,11,1,6,3
167,9,3733545079,1,1,0,0,2,0,30,3,17,25,0,7,3
168,0,2965606129,1,0,0,0,1,1,30,3,7,35,0,0,1
168,1,3924091333,1,1,0,0,2,0,30,4,41,1,0,1,1
168,2,1440548104,1,2,0,0,3,1,30,6,10,32,0,1,2
168,3,1104488523,1,3,0,0,0,0,30,1,17,25,0,2,2
168,4,3405136525,1,0,0,0,1,1,30,1,35,7,1,3,2
168,5,3069076944,1,1,0,0,2,0,30,1,0,42,1,3,3
168,6,1880078500,1,2,0,0,3,1,30,4,6,36,0,3,4
168,7,1544018919,1,3,0,0,0,0,30,3,0,42,1,3,5
168,8,1207959338,1,0,0,0,1,1,30,1,42,0,1,4,5
168,9,3508607340,1,1,0,0,2,0,30,5,0,42,1,4,6
168,10,3172547759,1,2,0,0,3,1,30,6,42,0,1,5,6
168,11,1983549315,1,3,0,0,0,0,30,5,21,21,0,6,6
168,12,1647489734,1,0,0,0,1,1,30,4,41,1,1,7,6
169,0,979085780,1,0,0,0,1,1,30,1,31,11,1,1,0
169,1,1937570984,1,1,0,0,2,0,30,5,30,12,0,2,0
169,2,2943674201,1,2,0,0,3,1,30,4,7,35,0,2,1
169,3,2607614620,1,3,0,0,0,0,30,5,19,23,0,3,1
169,4,1418616176,1,0,0,0,1,1,30,4,22,20,0,3,2
169,5,1082556595,1,1,0,0,2,0,30,4,29,13,0,4,2
169,6,1235720949,1,2,0,0,3,1,30,5,1,41,0,4,3
169,7,3047145016,1,3,0,0,0,0,30,4,41,1,0,5,3
169,8,1858146572,1,0,0,0,1,1,30,4,7,35,0,5,4
169,9,1522086991,1,1,0,0,2,0,30,4,19,23,0,6,4
169,10,380706560,1,2,0,0,3,1,30,1,19,23,0,6,5
169,11,3486675412,1,3,0,0,0,0,30,5,19,23,0,7,5
170,0,235389342,1,0,0,0,1,1,30,4,13,29,0,0,1
170,1,3440697081,1,1,0,0,2,0,30,5,35,7,0,1,1
170,2,957153852,1,2,0,0,3,1,30,4,24,18,0,1,2
170,3,1863918182,1,3,0,0,0,0,30,6,6,36,1,1,3
170,4,2822403386,1,0,0,0,1,1,30,5,36,6,1,2,3
170,5,338860157,1,1,0,0,2,0,30,5,42,0,0,3,3
170,6,1396684248,1,2,0,0,3,1,30,5,6,36,0,3,4
170,7,2303448578,1,3,0,0,0,0,30,5,11,31,1,3,5
170,8,3261933782,1,0,0,0,1,1,30,1,31,11,1,4,5
170,9,778390553,1,1,0,0,2,0,30,4,19,23,0,5,5
170,10,442330972,1,2,0,0,3,1,30,4,0,42,0,5,6
170,11,1500155063,1,3,0,0,0,0,30,4,38,4,0,6,6
170,12,2406919393,1,0,0,0,1,1,30,5,34,8,1,7,6
171,0,3646434024,1,0,0,0,1,1,30,5,15,27,0,0,1
171,1,1652114730,1,1,0,0,2,0,30,1,0,42,1,0,2
171,2,1316055149,1,2,0,0,3,1,30,5,1,41,0,0,3
171,3,127056705,1,3,0,0,0,0,30,0,17,25,0,1,3
171,4,4085964420,1,0,0,0,1,1,30,4,34,8,1,2,3
171,5,697761454,1,1,0,0,2,0,30,6,23,19,0,3,3
171,6,1755585545,1,2,0,0,3,1,30,5,18,24,0,3,4
171,7,3567009612,1,3,0,0,0,0,30,4,2,40,1,3,5
171,8,230527520,1,0,0,0,1,1,30,6,42,0,1,4,5
171,9,1137291850,1,1,0,0,2,0,30,5,40,2,0,5,5
171,10,2948715917,1,2,0,0,3,1,30,5,14,28,0,5,6
171,11,1859056360,1,3,0,0,0,0,30,3,2,40,1,5,7
172,0,2902737586,1,0,0,0,1,1,30,2,35,7,1,1,0
172,1,1713739142,1,1,0,0,2,0,30,5,34,8,0,2,0
172,2,1377679561,1,2,0,0,3,1,30,4,42,0,1,3,0
172,3,3678327563,1,3,0,0,0,0,30,4,10,32,1,3,1
172,4,3342267982,1,0,0,0,1,1,30,2,42,0,1,4,1
172,5,858724753,1,1,0,0,2,0,30,4,12,30,1,4,2
172,6,1817209957,1,2,0,0,3,1,30,2,25,17,0,4,3
172,7,675829526,1,3,0,0,0,0,30,5,28,14,0,5,3
172,8,3781798378,1,0,0,0,1,1,30,5,40,2,1,6,3
172,9,3445738797,1,1,0,0,2,0,30,4,24,18,0,7,3
173,0,1335637049,1,0,0,0,1,1,30,3,40,2,1,1,0
173,1,1488801403,1,1,0,0,2,0,30,1,30,12,0,2,0
173,2,3300225470,1,2,0,0,3,1,30,4,18,24,0,2,1
173,3,2964165889,1,3,0,0,0,0,30,2,9,33,1,2,2
173,4,1775167445,1,0,0,0,1,1,30,4,12,30,0,2,3
173,5,1439107864,1,1,0,0,2,0,30,5,31,11,0,3,3
173,6,3739755866,1,2,0,0,3,1,30,4,42,0,1,4,3
173,7,3403696285,1,3,0,0,0,0,30,5,1,41,1,4,4
173,8,3067636704,1,0,0,0,1,1,30,5,18,24,0,4,5
173,9,4125460795,1,1,0,0,2,0,30,5,23,19,0,5,5
173,10,737257829,1,2,0,0,3,1,30,5,1,41,0,5,6
173,11,3843226681,1,3,0,0,0,0,30,4,14,28,0,6,6
173,12,3507167100,1,0,0,0,1,1,30,4,35,7,1,7,6
174,0,2838763146,1,0,0,0,1,1,30,4,4,38,0,0,1
174,1,3797248350,1,1,0,0,2,0,30,4,22,20,0,1,1
174,2,1313705121,1,2,0,0,3,1,30,4,42,0,1,2,1
174,3,172324690,1,3,0,0,0,0,30,5,12,30,1,2,2
174,4,3278293542,1,0,0,0,1,1,30,5,30,12,1,3,2
174,5,2942233961,1,1,0,0,2,0,30,5,24,18,0,4,2
174,6,1753235517,1,2,0,0,3,1,30,4,41,1,1,5,2
174,7,611855086,1,3,0,0,0,0,30,6,13,29,0,6,2
174,8,3717823938,1,0,0,0,1,1,30,1,17,25,0,6,3
174,9,3381764357,1,1,0,0,2,0,30,4,7,35,1,6,4
174,10,3045704776,1,2,0,0,3,1,30,2,19,23,0,6,5
174,11,1051385482,1,3,0,0,0,0,30,4,35,7,0,7,5
175,0,1855501645,1,0,0,0,1,1,30,4,17,25,0,0,1
175,1,2008665999,1,1,0,0,2,0,30,4,40,2,0,1,1
175,2,1672606418,1,2,0,0,3,1,30,4,18,24,0,1,2
175,3,3484030485,1,3,0,0,0,0,30,4,17,25,0,2,2
175,4,147548393,1,0,0,0,1,1,30,4,31,11,1,3,2
175,5,1153651610,1,1,0,0,2,0,30,5,13,29,0,4,2
175,6,2112136814,1,2,0,0,3,1,30,4,18,24,0,4,3
175,7,3923560881,1,3,0,0,0,0,30,4,42,0,0,5,3
175,8,587078789,1,0,0,0,1,1,30,5,42,0,1,6,3
175,9,3740665654,1,1,0,0,2,0,30,5,42,0,0,7,3
176,0,1211144094,1,0,0,0,1,1,30,2,42,0,1,1,0
176,1,22145650,1,1,0,0,2,0,30,5,0,42,1,1,1
176,2,3175732515,1,2,0,0,3,1,30,5,19,23,0,1,2
176,3,1986734071,1,3,0,0,0,0,30,5,16,26,0,2,2
176,4,1650674490,1,0,0,0,1,1,30,4,41,1,1,3,2
176,5,3462098557,1,1,0,0,2,0,30,5,0,42,1,3,3
176,6,3615262911,1,2,0,0,3,1,30,3,34,8,1,4,3
176,7,1131719682,1,3,0,0,0,0,30,4,27,15,0,5,3
176,8,2090204886,1,0,0,0,1,1,30,4,24,18,0,5,4
176,9,3901628953,1,1,0,0,2,0,30,4,17,25,0,6,4
176,10,3565569372,1,2,0,0,3,1,30,5,23,19,0,6,5
176,11,3718733726,1,3,0,0,0,0,30,4,11,31,1,6,6
176,12,1235190497,1,0,0,0,1,1,30,4,36,6,1,7,6
177,0,467447656,1,0,0,0,1,1,30,5,25,17,0,0,1
177,1,3573416508,1,1,0,0,2,0,30,4,23,19,0,1,1
177,2,3237356927,1,2,0,0,3,1,30,1,34,8,1,2,1
177,3,2048358483,1,3,0,0,0,0,30,4,7,35,1,2,2
177,4,906978052,1,0,0,0,1,1,30,4,13,29,0,2,3
177,5,2718402119,1,1,0,0,2,0,30,4,7,35,1,2,4
177,6,3676887323,1,2,0,0,3,1,30,4,39,3,1,3,4
177,7,1193344094,1,3,0,0,0,0,30,4,1,41,1,3,5
177,8,1346508448,1,0,0,0,1,1,30,4,30,12,1,4,5
177,9,1010448867,1,1,0,0,2,0,30,5,42,0,0,5,5
177,10,4116417719,1,2,0,0,3,1,30,5,14,28,0,5,6
177,11,1632874490,1,3,0,0,0,0,30,4,16,26,0,6,6
177,12,491494059,1,0,0,0,1,1,30,4,14,28,0,6,7
178,0,3195314415,1,0,0,0,1,1,30,2,7,35,0,0,1
178,1,4253138506,1,1,0,0,2,0,30,5,0,42,1,0,2
178,2,3917078925,1,2,0,0,3,1,30,5,25,17,0,0,3
178,3,528875959,1,3,0,0,0,0,30,4,1,41,1,0,4
178,4,1586700050,1,0,0,0,1,1,30,3,24,18,0,0,5
178,5,3298785230,1,1,0,0,2,0,30,0,7,35,1,0,6
178,6,61642025,1,2,0,0,3,1,30,5,24,18,0,0,7
179,0,403473216,1,0,0,0,1,1,30,4,0,42,0,0,1
179,1,1361958420,1,1,0,0,2,0,30,4,23,19,0,1,1
179,2,3173382487,1,2,0,0,3,1,30,5,23,19,0,1,2
179,3,2837322906,1,3,0,0,0,0,30,3,16,26,0,2,2
179,4,843003612,1,0,0,0,1,1,30,4,35,7,1,3,2
179,5,506944031,1,1,0,0,2,0,30,5,30,12,0,4,2
179,6,3612912883,1,2,0,0,3,1,30,4,23,19,0,4,3
179,7,3276853302,1,3,0,0,0,0,30,5,17,25,0,5,3
179,8,1282534008,1,0,0,0,1,1,30,4,41,1,1,6,3
179,9,946474427,1,1,0,0,2,0,30,5,34,8,0,7,3
180,0,1567695363,1,0,0,0,1,1,30,4,23,19,0,0,1
180,1,378696919,1,1,0,0,2,0,30,6,7,35,1,0,2
180,2,3532283784,1,2,0,0,3,1,30,3,41,1,1,1,2
180,3,1048740555,1,3,0,0,0,0,30,5,40,2,0,2,2
180,4,2007225759,1,0,0,0,1,1,30,4,30,12,1,3,2
180,5,3818649826,1,1,0,0,2,0,30,5,7,35,1,3,3
180,6,3971814180,1,2,0,0,3,1,30,6,18,24,0,3,4
180,7,1488270951,1,3,0,0,0,0,30,5,30,12,0,4,4
180,8,2446756155,1,0,0,0,1,1,30,5,7,35,0,4,5
180,9,4258180222,1,1,0,0,2,0,30,4,34,8,0,5,5
180,10,3116799791,1,2,0,0,3,1,30,4,18,24,0,5,6
180,11,1927801347,1,3,0,0,0,0,30,0,7,35,1,5,7
181,0,3070821460,1,0,0,0,1,1,30,5,7,35,0,0,1
181,1,1881823016,1,1,0,0,2,0,30,5,13,29,0,1,1
181,2,1545763435,1,2,0,0,3,1,30,4,16,26,0,1,2
181,3,2551866652,1,3,0,0,0,0,30,5,7,35,1,1,3
181,4,3510351856,1,0,0,0,1,1,30,5,30,12,1,2,3
181,5,1026808627,1,1,0,0,2,0,30,5,1,41,1,2,4
181,6,1985293831,1,2,0,0,3,1,30,4,15,27,0,2,5
181,7,3796717898,1,3,0,0,0,0,30,4,19,23,0,3,5
181,8,3949882252,1,0,0,0,1,1,30,5,12,30,0,3,6
181,9,1466339023,1,1,0,0,2,0,30,4,29,13,0,4,6
181,10,1130279442,1,2,0,0,3,1,30,5,24,18,0,4,7
182,0,3132445872,1,0,0,0,1,1,30,4,40,2,1,1,0
182,1,1138126578,1,1,0,0,2,0,30,5,10,32,1,1,1
182,2,802066997,1,2,0,0,3,1,30,4,20,22,0,1,2
182,3,3908035849,1,3,0,0,0,0,30,4,12,30,1,1,3
182,4,3571976268,1,0,0,0,1,1,30,3,42,0,1,2,3
182,5,283112189,1,1,0,0,2,0,30,4,41,1,0,3,3
182,6,1241597393,1,2,0,0,3,1,30,2,3,39,0,3,4
182,7,3053021460,1,3,0,0,0,0,30,5,16,26,0,4,4
182,8,4011506664,1,0,0,0,1,1,30,5,6,36,0,4,5
182,9,2870126233,1,1,0,0,2,0,30,4,8,34,1,4,6
182,10,386583004,1,2,0,0,3,1,30,6,12,30,0,4,7
183,0,760024485,1,0,0,0,1,1,30,6,41,1,1,1,0
183,1,3965332224,1,1,0,0,2,0,30,2,41,1,0,2,0
183,2,1481788995,1,2,0,0,3,1,30,5,17,25,0,2,1
183,3,1145729414,1,3,0,0,0,0,30,5,24,18,0,3,1
183,4,3446377416,1,0,0,0,1,1,30,4,31,11,1,4,1
183,5,863495300,1,1,0,0,2,0,30,4,29,13,0,5,1
183,6,1921319391,1,2,0,0,3,1,30,6,35,7,1,6,1
183,7,1585259810,1,3,0,0,0,0,30,5,42,0,0,7,1
184,0,2846989618,1,0,0,0,1,1,30,4,29,13,0,0,1
184,1,1657991174,1,1,0,0,2,0,30,5,36,6,0,1,1
184,2,1321931593,1,2,0,0,3,1,30,1,29,13,0,1,2
184,3,132933149,1,3,0,0,0,0,30,5,34,8,0,2,2
184,4,3286520014,1,0,0,0,1,1,30,5,8,34,0,2,3
184,5,2950460433,1,1,0,0,2,0,30,6,13,29,0,3,3
184,6,1761461989,1,2,0,0,3,1,30,4,0,42,0,3,4
184,7,1425402408,1,3,0,0,0,0,30,4,18,24,0,4,4
184,8,236403964,1,0,0,0,1,1,30,6,41,1,1,5,4
184,9,3389990829,1,1,0,0,2,0,30,5,24,18,0,6,4
184,10,2200992385,1,2,0,0,3,1,30,5,29,13,0,6,5
184,11,1864932804,1,3,0,0,0,0,30,5,24,18,0,7,5
185,0,3427372729,1,0,0,0,1,1,30,5,1,41,0,0,1
185,1,2238374285,1,1,0,0,2,0,30,5,23,19,0,1,1
185,2,4049798352,1,2,0,0,3,1,30,4,42,0,1,2,1
185,3,2908417921,1,3,0,0,0,0,30,4,7,35,1,2,2
185,4,3866903125,1,0,0,0,1,1,30,6,19,23,0,2,3
185,5,1383359896,1,1,0,0,2,0,30,4,30,12,0,3,3
185,6,194361452,1,2,0,0,3,1,30,2,18,24,0,3,4
185,7,3347948317,1,3,0,0,0,0,30,1,17,25,0,4,4
185,8,11466225,1,0,0,0,1,1,30,4,18,24,0,4,5
185,9,1822890292,1,1,0,0,2,0,30,5,23,19,0,5,5
185,10,1486830711,1,2,0,0,3,1,30,4,36,6,1,6,5
185,11,297832267,1,3,0,0,0,0,30,5,0,42,1,6,6
185,12,3451419132,1,0,0,0,1,1,30,5,16,26,0,6,7
186,0,3588336028,1,0,0,0,1,1,30,4,13,29,0,0,1
186,1,3741500382,1,1,0,0,2,0,30,0,8,34,1,0,2
186,2,3405440801,1,2,0,0,3,1,30,5,1,41,0,0,3
186,3,921897572,1,3,0,0,0,0,30,4,28,14,0,1,3
186,4,4027866424,1,0,0,0,1,1,30,5,12,30,0,1,4
186,5,2886485993,1,1,0,0,2,0,30,5,11,31,1,1,5
186,6,3844971197,1,2,0,0,3,1,30,4,34,8,1,2,5
186,7,1361427968,1,3,0,0,0,0,30,5,6,36,1,2,6
186,8,2319913172,1,0,0,0,1,1,30,0,18,24,0,2,7
187,0,3363398289,1,0,0,0,1,1,30,5,36,6,1,1,0
187,1,3027338708,1,1,0,0,2,0,30,5,30,12,0,2,0
187,2,1838340264,1,2,0,0,3,1,30,5,8,34,0,2,1
187,3,1502280683,1,3,0,0,0,0,30,5,6,36,1,2,2
187,4,3802928685,1,0,0,0,1,1,30,5,14,28,0,2,3
187,5,3466869104,1,1,0,0,2,0,30,4,27,15,0,3,3
187,6,2277870660,1,2,0,0,3,1,30,3,41,1,1,4,3
187,7,1941811079,1,3,0,0,0,0,30,4,7,35,1,4,4
187,8,800430648,1,0,0,0,1,1,30,4,6,36,0,4,5
187,9,3906399500,1,1,0,0,2,0,30,4,33,9,0,5,5
187,10,3570339919,1,2,0,0,3,1,30,5,25,17,0,5,6
187,11,2381341475,1,3,0,0,0,0,30,4,30,12,0,6,6
187,12,1239961044,1,0,0,0,1,1,30,4,27,15,0,6,7
188,0,3203540887,1,0,0,0,1,1,30,4,12,30,0,0,1
188,1,4261364978,1,1,0,0,2,0,30,4,29,13,0,1,1
188,2,3925305397,1,2,0,0,3,1,30,5,8,34,0,1,2
188,3,2736306953,1,3,0,0,0,0,30,4,12,30,1,1,3
188,4,3643071283,1,0,0,0,1,1,30,4,11,31,0,1,4
188,5,3307011702,1,1,0,0,2,0,30,2,20,22,0,2,4
188,6,69868497,1,2,0,0,3,1,30,2,36,6,1,3,4
188,7,4028776212,1,3,0,0,0,0,30,5,35,7,0,4,4
188,8,4082601679,1,0,0,0,1,1,30,0,40,2,1,5,4
188,9,3746542098,1,1,0,0,2,0,30,5,28,14,0,6,4
188,10,509398893,1,2,0,0,3,1,30,3,23,19,0,6,5
188,11,173339312,1,3,0,0,0,0,30,5,0,42,1,6,6
188,12,1080103642,1,0,0,0,1,1,30,4,40,2,1,7,6
189,0,1217020538,1,0,0,0,1,1,30,4,42,0,1,1,0
189,1,3517668540,1,1,0,0,2,0,30,5,14,28,0,2,0
189,2,3181608959,1,2,0,0,3,1,30,6,31,11,1,3,0
189,3,1992610515,1,3,0,0,0,0,30,2,1,41,1,3,1
189,4,1656550934,1,0,0,0,1,1,30,5,2,40,0,3,2
189,5,1320491353,1,1,0,0,2,0,30,5,1,41,1,3,3
189,6,3621139355,1,2,0,0,3,1,30,6,42,0,1,4,3
189,7,3285079774,1,3,0,0,0,0,30,4,17,25,0,5,3
189,8,2096081330,1,0,0,0,1,1,30,0,33,9,1,6,3
189,9,1760021749,1,1,0,0,2,0,30,0,17,25,0,7,3
190,0,992082799,1,0,0,0,1,1,30,5,9,33,0,0,1
190,1,4098051651,1,1,0,0,2,0,30,6,1,41,1,0,2
190,2,1614508422,1,2,0,0,3,1,30,4,0,42,0,0,3
190,3,1278448841,1,3,0,0,0,0,30,1,33,9,0,1,3
190,4,1431613195,1,0,0,0,1,1,30,4,35,7,1,2,3
190,5,3243037262,1,1,0,0,2,0,30,4,18,24,0,3,3
190,6,4201522466,1,2,0,0,3,1,30,5,36,6,1,4,3
190,7,1717979237,1,3,0,0,0,0,30,4,25,17,0,5,3
190,8,2775803328,1,0,0,0,1,1,30,4,41,1,1,6,3
190,9,3682567658,1,1,0,0,2,0,30,4,33,9,0,7,3
191,0,1153046098,1,0,0,0,1,1,30,5,8,34,0,0,1
191,1,2111531302,1,1,0,0,2,0,30,4,15,27,0,1,1
191,2,970150871,1,2,0,0,3,1,30,3,29,13,0,1,2
191,3,2781574938,1,3,0,0,0,0,30,5,1,41,1,1,3
191,4,1592576494,1,0,0,0,1,1,30,1,36,6,1,2,3
191,5,1256516913,1,1,0,0,2,0,30,6,13,29,0,3,3
191,6,1409681267,1,2,0,0,3,1,30,6,19,23,0,3,4
191,7,3221105334,1,3,0,0,0,0,30,6,33,9,0,4,4
191,8,4179590538,1,0,0,0,1,1,30,2,42,0,1,5,4
191,9,1696047309,1,1,0,0,2,0,30,2,18,24,0,6,4
191,10,554666878,1,2,0,0,3,1,30,1,25,17,0,6,5
191,11,3660635730,1,3,0,0,0,0,30,2,18,24,0,7,5
192,0,1511947395,1,0,0,0,1,1,30,4,31,11,1,1,0
192,1,322948951,1,1,0,0,2,0,30,1,0,42,1,1,1
192,2,4281856666,1,2,0,0,3,1,30,5,23,19,0,1,2
192,3,3092858222,1,3,0,0,0,0,30,0,24,18,0,2,2
192,4,1951477791,1,0,0,0,1,1,30,5,42,0,1,3,2
192,5,1615418210,1,1,0,0,2,0,30,3,0,42,1,3,3
192,6,426419766,1,2,0,0,3,1,30,5,42,0,1,4,3
192,7,2237843833,1,3,0,0,0,0,30,6,35,7,0,5,3
192,8,2391008187,1,0,0,0,1,1,30,4,20,22,0,5,4
192,9,2054948606,1,1,0,0,2,0,30,5,0,42,1,5,5
192,10,865950162,1,2,0,0,3,1,30,4,12,30,0,5,6
192,11,529890581,1,3,0,0,0,0,30,5,36,6,0,6,6
192,12,1535993798,1,0,0,0,1,1,30,5,25,17,0,6,7
193,0,3820394342,1,0,0,0,1,1,30,5,8,34,0,0,1
193,1,1826075048,1,1,0,0,2,0,30,0,22,20,0,1,1
193,2,1490015467,1,2,0,0,3,1,30,4,7,35,0,1,2
193,3,301017023,1,3,0,0,0,0,30,4,12,30,1,1,3
193,4,4259924738,1,0,0,0,1,1,30,5,0,42,0,1,4
193,5,871721772,1,1,0,0,2,0,30,4,35,7,0,2,4
193,6,1929545863,1,2,0,0,3,1,30,1,20,22,0,2,5
193,7,1593486282,1,3,0,0,0,0,30,5,19,23,0,3,5
193,8,404487838,1,0,0,0,1,1,30,4,0,42,0,3,6
193,9,1311252168,1,1,0,0,2,0,30,4,0,42,1,3,7
194,0,1447972955,1,0,0,0,1,1,30,4,35,7,1,1,0
194,1,2406458159,1,1,0,0,2,0,30,4,42,0,0,2,0
194,2,4217882226,1,2,0,0,3,1,30,0,42,0,1,3,0
194,3,3881822645,1,3,0,0,0,0,30,6,24,18,0,4,0
194,4,1887503351,1,0,0,0,1,1,30,4,41,1,1,5,0
194,5,1551443770,1,1,0,0,2,0,30,5,23,19,0,6,0
194,6,362445326,1,2,0,0,3,1,30,4,8,34,0,6,1
194,7,26385745,1,3,0,0,0,0,30,5,35,7,0,7,1
195,0,1509597367,1,0,0,0,1,1,30,0,35,7,1,1,0
195,1,1662761721,1,1,0,0,2,0,30,1,31,11,0,2,0
195,2,3474185788,1,2,0,0,3,1,30,4,41,1,1,3,0
195,3,3138126207,1,3,0,0,0,0,30,4,7,35,1,3,1
195,4,4195950298,1,0,0,0,1,1,30,5,30,12,1,4,1
195,5,1613068182,1,1,0,0,2,0,30,4,29,13,0,5,1
195,6,1766232536,1,2,0,0,3,1,30,5,20,22,0,5,2
195,7,3577656603,1,3,0,0,0,0,30,6,12,30,1,5,3
195,8,340513398,1,0,0,0,1,1,30,4,6,36,0,5,4
195,9,4453817,1,1,0,0,2,0,30,4,13,29,0,6,4
195,10,911218147,1,2,0,0,3,1,30,5,14,28,0,6,5
195,11,4017186999,1,3,0,0,0,0,30,6,12,30,1,6,6
195,12,3681127418,1,0,0,0,1,1,30,4,25,17,0,6,7
196,0,3596562500,1,0,0,0,1,1,30,6,34,8,1,1,0
196,1,2407564056,1,1,0,0,2,0,30,2,28,14,0,2,0
196,2,1266183625,1,2,0,0,3,1,30,5,6,36,0,2,1
196,3,2224668829,1,3,0,0,0,0,30,4,18,24,0,3,1
196,4,4036092896,1,0,0,0,1,1,30,4,35,7,1,4,1
196,5,2847094452,1,1,0,0,2,0,30,4,20,22,0,5,1
196,6,1705714021,1,2,0,0,3,1,30,5,23,19,0,5,2
196,7,1369654440,1,3,0,0,0,0,30,4,34,8,0,6,2
196,8,180655996,1,0,0,0,1,1,30,0,41,1,1,7,2
197,0,4176945611,1,0,0,0,1,1,30,5,12,30,0,0,1
197,1,2182626317,1,1,0,0,2,0,30,5,18,24,0,1,1
197,2,1846566736,1,2,0,0,3,1,30,1,6,36,0,1,2
197,3,657568292,1,3,0,0,0,0,30,5,17,25,0,2,2
197,4,321508711,1,0,0,0,1,1,30,5,29,13,0,2,3
197,5,3475095576,1,1,0,0,2,0,30,6,13,29,0,3,3
197,6,2286097132,1,2,0,0,3,1,30,5,8,34,0,3,4
197,7,4097521199,1,3,0,0,0,0,30,4,42,0,0,4,4
197,8,761039107,1,0,0,0,1,1,30,4,17,25,0,4,5
197,9,3914625972,1,1,0,0,2,0,30,2,2,40,1,4,6
197,10,1431082743,1,2,0,0,3,1,30,5,13,29,0,4,7
198,0,1385104412,1,0,0,0,1,1,30,5,26,16,0,0,1
198,1,196105968,1,1,0,0,2,0,30,4,8,34,1,0,2
198,2,3349692833,1,2,0,0,3,1,30,2,23,19,0,0,3
198,3,2160694389,1,3,0,0,0,0,30,4,23,19,0,1,3
198,4,1824634808,1,0,0,0,1,1,30,4,41,1,1,2,3
198,5,3636058875,1,1,0,0,2,0,30,5,17,25,0,3,3
198,6,3789223229,1,2,0,0,3,1,30,5,11,31,0,3,4
198,7,3453163648,1,3,0,0,0,0,30,5,17,25,0,4,4
198,8,2264165204,1,0,0,0,1,1,30,6,22,20,0,4,5
198,9,1928105623,1,1,0,0,2,0,30,6,41,1,0,5,5
198,10,739107179,1,2,0,0,3,1,30,5,29,13,0,5,6
198,11,3892694044,1,3,0,0,0,0,30,4,1,41,1,5,7
199,0,4112971171,1,0,0,0,1,1,30,4,23,19,0,0,1
199,1,4266135525,1,1,0,0,2,0,30,5,1,41,1,0,2
199,2,1782592296,1,2,0,0,3,1,30,5,2,40,0,0,3
199,3,1446532715,1,3,0,0,0,0,30,2,0,42,1,0,4
199,4,257534271,1,0,0,0,1,1,30,5,42,0,1,1,4
199,5,3411121136,1,1,0,0,2,0,30,5,1,41,1,1,5
199,6,2222122692,1,2,0,0,3,1,30,6,11,31,0,1,6
199,7,1886063111,1,3,0,0,0,0,30,4,34,8,0,2,6
199,8,697064667,1,0,0,0,1,1,30,6,41,1,1,3,6
199,9,361005086,1,1,0,0,2,0,30,5,36,6,0,4,6
199,10,3514591951,1,2,0,0,3,1,30,2,23,19,0,4,7
200,0,3369274733,1,0,0,0,1,1,30,5,20,22,0,0,1
200,1,2279615176,1,1,0,0,2,0,30,6,2,40,1,0,2
200,2,4091039243,1,2,0,0,3,1,30,5,8,34,0,0,3
200,3,702836277,1,3,0,0,0,0,30,5,24,18,0,1,3
200,4,1760660368,1,0,0,0,1,1,30,5,33,9,1,2,3
200,5,3472745548,1,1,0,0,2,0,30,4,19,23,0,3,3
200,6,235602343,1,2,0,0,3,1,30,4,8,34,0,3,4
200,7,1142366673,1,3,0,0,0,0,30,5,35,7,0,4,4
200,8,2200190764,1,0,0,0,1,1,30,0,42,0,1,5,4
200,9,1864131183,1,1,0,0,2,0,30,5,24,18,0,6,4
200,10,3576216363,1,2,0,0,3,1,30,4,1,41,0,6,5
200,11,1581897069,1,3,0,0,0,0,30,4,36,6,0,7,5
201,0,1161272570,1,0,0,0,1,1,30,4,30,12,1,1,0
201,1,4267241422,1,1,0,0,2,0,30,5,24,18,0,2,0
201,2,3931181841,1,2,0,0,3,1,30,4,28,14,0,2,1
201,3,4084346195,1,3,0,0,0,0,30,0,25,17,0,3,1
201,4,1600802966,1,0,0,0,1,1,30,3,40,2,1,4,1
201,5,411804522,1,1,0,0,2,0,30,4,23,19,0,5,1
201,6,75744941,1,2,0,0,3,1,30,5,1,41,0,5,2
201,7,3229331806,1,3,0,0,0,0,30,4,0,42,1,5,3
201,8,2040333362,1,0,0,0,1,1,30,6,19,23,0,5,4
201,9,1704273781,1,1,0,0,2,0,30,5,35,7,0,6,4
201,10,515275337,1,2,0,0,3,1,30,5,0,42,0,6,5
201,11,179215756,1,3,0,0,0,0,30,5,41,1,0,7,5
202,0,1741655681,1,0,0,0,1,1,30,4,20,22,0,0,1
202,1,552657237,1,1,0,0,2,0,30,4,42,0,0,1,1
202,2,3706244102,1,2,0,0,3,1,30,5,29,13,0,1,2
202,3,2517245658,1,3,0,0,0,0,30,5,28,14,0,2,2
202,4,2181186077,1,0,0,0,1,1,30,5,12,30,0,2,3
202,5,3992610144,1,1,0,0,2,0,30,5,27,15,0,3,3
202,6,4145774498,1,2,0,0,3,1,30,6,23,19,0,3,4
202,7,1662231269,1,3,0,0,0,0,30,4,22,20,0,4,4
202,8,2620716473,1,0,0,0,1,1,30,6,24,18,0,4,5
202,9,137173244,1,1,0,0,2,0,30,5,35,7,0,5,5
202,10,3290760109,1,2,0,0,3,1,30,5,23,19,0,5,6
202,11,4249245313,1,3,0,0,0,0,30,6,23,19,0,6,6
202,12,1765702084,1,0,0,0,1,1,30,4,17,25,0,6,7
203,0,3244781778,1,0,0,0,1,1,30,0,41,1,1,1,0
203,1,2055783334,1,1,0,0,2,0,30,4,18,24,0,2,0
203,2,1719723753,1,2,0,0,3,1,30,5,36,6,1,3,0
203,3,530725309,1,3,0,0,0,0,30,5,35,7,0,4,0
203,4,3684312174,1,0,0,0,1,1,30,6,29,13,0,4,1
203,5,1200768945,1,1,0,0,2,0,30,5,41,1,0,5,1
203,6,2159254149,1,2,0,0,3,1,30,3,36,6,1,6,1
203,7,3970678216,1,3,0,0,0,0,30,0,11,31,1,6,2
203,8,4123842570,1,0,0,0,1,1,30,0,41,1,1,7,2
204,0,1677681241,1,0,0,0,1,1,30,4,6,36,0,0,1
204,1,488682797,1,1,0,0,2,0,30,4,26,16,0,1,1
204,2,3642269662,1,2,0,0,3,1,30,5,18,24,0,1,2
204,3,3306210081,1,3,0,0,0,0,30,5,12,30,1,1,3
204,4,2117211637,1,0,0,0,1,1,30,6,30,12,1,2,3
204,5,1781152056,1,1,0,0,2,0,30,4,1,41,1,2,4
204,6,592153612,1,2,0,0,3,1,30,6,29,13,0,2,5
204,7,3745740477,1,3,0,0,0,0,30,4,25,17,0,3,5
204,8,3409680896,1,0,0,0,1,1,30,4,18,24,0,3,6
204,9,2220682452,1,1,0,0,2,0,30,4,12,30,1,3,7
205,0,1517823839,1,0,0,0,1,1,30,5,25,17,0,0,1
205,1,2575647930,1,1,0,0,2,0,30,5,36,6,0,1,1
205,2,2239588349,1,2,0,0,3,1,30,4,25,17,0,1,2
205,3,245269055,1,3,0,0,0,0,30,5,28,14,0,2,2
205,4,1957354235,1,0,0,0,1,1,30,5,2,40,0,2,3
205,5,3015178326,1,1,0,0,2,0,30,1,19,23,0,3,3
205,6,2679118745,1,2,0,0,3,1,30,6,24,18,0,3,4
205,7,3585883075,1,3,0,0,0,0,30,0,7,35,1,3,5
205,8,348739870,1,0,0,0,1,1,30,6,7,35,0,3,6
205,9,2060825050,1,1,0,0,2,0,30,5,13,29,0,4,6
205,10,3118649141,1,2,0,0,3,1,30,4,29,13,0,4,7
206,0,50062189,1,0,0,0,1,1,30,4,29,13,0,0,1
206,1,3156031041,1,1,0,0,2,0,30,4,30,12,0,1,1
206,2,2014650610,1,2,0,0,3,1,30,3,25,17,0,1,2
206,3,3826074677,1,3,0,0,0,0,30,5,28,14,0,2,2
206,4,489592585,1,0,0,0,1,1,30,5,25,17,0,2,3
206,5,2301016652,1,1,0,0,2,0,30,2,0,42,1,2,4
206,6,2454181006,1,2,0,0,3,1,30,5,1,41,0,2,5
206,7,4265605073,1,3,0,0,0,0,30,0,11,31,1,2,6
206,8,929122981,1,0,0,0,1,1,30,4,18,24,0,2,7
207,0,3601333047,1,0,0,0,1,1,30,5,19,23,0,0,1
207,1,2412334603,1,1,0,0,2,0,30,3,41,1,0,1,1
207,2,2076275022,1,2,0,0,3,1,30,6,41,1,1,2,1
207,3,81955728,1,3,0,0,0,0,30,1,1,41,1,2,2
207,4,4040863443,1,0,0,0,1,1,30,3,30,12,1,3,2
207,5,1557320214,1,1,0,0,2,0,30,5,12,30,1,3,3
207,6,2515805418,1,2,0,0,3,1,30,4,11,31,0,3,4
207,7,1374424987,1,3,0,0,0,0,30,4,22,20,0,4,4
207,8,185426543,1,0,0,0,1,1,30,4,36,6,1,5,4
207,9,1996850610,1,1,0,0,2,0,30,4,23,19,0,6,4
207,10,1660791029,1,2,0,0,3,1,30,5,0,42,0,6,5
207,11,471792585,1,3,0,0,0,0,30,5,8,34,1,6,6
207,12,3625379450,1,0,0,0,1,1,30,3,31,11,1,7,6
208,0,1614812698,1,0,0,0,1,1,30,5,42,0,1,1,0
208,1,3915460700,1,1,0,0,2,0,30,4,1,41,1,1,1
208,2,3579401119,1,2,0,0,3,1,30,5,14,28,0,1,2
208,3,2390402675,1,3,0,0,0,0,30,5,0,42,1,1,3
208,4,2054343094,1,0,0,0,1,1,30,5,18,24,0,1,4
208,5,3060446311,1,1,0,0,2,0,30,4,19,23,0,2,4
208,6,4018931515,1,2,0,0,3,1,30,5,19,23,0,2,5
208,7,1535388286,1,3,0,0,0,0,30,4,0,42,1,2,6
208,8,2493873490,1,0,0,0,1,1,30,4,6,36,0,2,7
209,0,4121197643,1,0,0,0,1,1,30,6,25,17,0,0,1
209,1,2932199199,1,1,0,0,2,0,30,5,19,23,0,1,1
209,2,2596139618,1,2,0,0,3,1,30,0,42,0,1,2,1
209,3,601820324,1,3,0,0,0,0,30,4,36,6,0,3,1
209,4,265760743,1,0,0,0,1,1,30,5,0,42,0,3,2
209,5,4224668458,1,1,0,0,2,0,30,3,0,42,1,3,3
209,6,3035670014,1,2,0,0,3,1,30,5,6,36,0,3,4
209,7,1894289583,1,3,0,0,0,0,30,1,1,41,1,3,5
209,8,705291139,1,0,0,0,1,1,30,0,23,19,0,3,6
209,9,369231558,1,1,0,0,2,0,30,4,11,31,1,3,7
210,0,3377501205,1,0,0,0,1,1,30,6,24,18,0,0,1
210,1,140358000,1,1,0,0,2,0,30,4,29,13,0,1,1
210,2,4099265715,1,2,0,0,3,1,30,4,22,20,0,1,2
210,3,2910267271,1,3,0,0,0,0,30,0,12,30,1,1,3
210,4,3817031601,1,0,0,0,1,1,30,5,30,12,1,2,3
210,5,579888396,1,1,0,0,2,0,30,4,0,42,1,2,4
210,6,243828815,1,2,0,0,3,1,30,5,42,0,1,3,4
210,7,4202736530,1,3,0,0,0,0,30,5,0,42,1,3,5
210,8,2208417236,1,0,0,0,1,1,30,4,8,34,0,3,6
210,9,3920502416,1,1,0,0,2,0,30,4,30,12,0,4,6
210,10,683359211,1,2,0,0,3,1,30,5,13,29,0,4,7
211,0,1909739555,1,0,0,0,1,1,30,5,8,34,0,0,1
211,1,720741111,1,1,0,0,2,0,30,4,7,35,1,0,2
211,2,2532165178,1,2,0,0,3,1,30,4,42,0,1,1,2
211,3,1390784747,1,3,0,0,0,0,30,6,30,12,0,2,2
211,4,2349269951,1,0,0,0,1,1,30,5,19,23,0,2,3
211,5,4160694018,1,1,0,0,2,0,30,6,18,24,0,3,3
211,6,824211926,1,2,0,0,3,1,30,5,42,0,1,4,3
211,7,1830315143,1,3,0,0,0,0,30,5,29,13,0,5,3
211,8,2788800347,1,0,0,0,1,1,30,1,30,12,1,6,3
211,9,305257118,1,1,0,0,2,0,30,5,11,31,1,6,4
211,10,4264164833,1,2,0,0,3,1,30,5,21,21,0,6,5
211,11,2269845539,1,3,0,0,0,0,30,4,40,2,0,7,5
212,0,1166043117,1,0,0,0,1,1,30,4,0,42,0,0,1
212,1,4272011969,1,1,0,0,2,0,30,0,0,42,1,0,2
212,2,3935952388,1,2,0,0,3,1,30,0,42,0,1,1,2
212,3,698809183,1,3,0,0,0,0,30,5,30,12,0,2,2
212,4,1605573513,1,0,0,0,1,1,30,4,22,20,0,2,3
212,5,3416997580,1,1,0,0,2,0,30,3,19,23,0,3,3
212,6,80515488,1,2,0,0,3,1,30,5,12,30,0,3,4
212,7,1891939555,1,3,0,0,0,0,30,4,33,9,0,4,4
212,8,802279998,1,0,0,0,1,1,30,6,29,13,0,4,5
212,9,3856527976,1,1,0,0,2,0,30,5,0,42,1,4,6
212,10,3520468395,1,2,0,0,3,1,30,4,8,34,0,4,7
213,0,2429604151,1,0,0,0,1,1,30,5,19,23,0,0,1
213,1,1240605707,1,1,0,0,2,0,30,4,24,18,0,1,1
213,2,2147370037,1,2,0,0,3,1,30,5,1,41,0,1,2
213,3,3205194128,1,3,0,0,0,0,30,2,34,8,0,2,2
213,4,2869134547,1,0,0,0,1,1,30,4,42,0,1,3,2
213,5,2533074966,1,1,0,0,2,0,30,4,1,41,1,3,3
213,6,1344076522,1,2,0,0,3,1,30,0,42,0,1,4,3
213,7,2250840852,1,3,0,0,0,0,30,4,41,1,0,5,3
213,8,3308664943,1,0,0,0,1,1,30,3,36,6,1,6,3
213,9,2972605362,1,1,0,0,2,0,30,4,12,30,1,6,4
213,10,1783606918,1,2,0,0,3,1,30,6,17,25,0,6,5
213,11,2690371248,1,3,0,0,0,0,30,4,23,19,0,7,5
214,0,1685907713,1,0,0,0,1,1,30,6,8,34,0,0,1
214,1,496909269,1,1,0,0,2,0,30,5,19,23,0,1,1
214,2,160849688,1,2,0,0,3,1,30,5,2,40,0,1,2
214,3,3266818540,1,3,0,0,0,0,30,3,40,2,0,2,2
214,4,2125438109,1,0,0,0,1,1,30,4,13,29,0,2,3
214,5,1789378528,1,1,0,0,2,0,30,4,16,26,0,3,3
214,6,600380084,1,2,0,0,3,1,30,6,24,18,0,3,4
214,7,264320503,1,3,0,0,0,0,30,5,41,1,0,4,4
214,8,2564968505,1,0,0,0,1,1,30,4,15,27,0,4,5
214,9,2228908924,1,1,0,0,2,0,30,2,12,30,1,4,6
214,10,1039910480,1,2,0,0,3,1,30,1,40,2,1,5,6
214,11,703850899,1,3,0,0,0,0,30,2,12,30,1,5,7
215,0,3994354660,1,0,0,0,1,1,30,4,24,18,0,0,1
215,1,2000035366,1,1,0,0,2,0,30,0,8,34,1,0,2
215,2,1663975785,1,2,0,0,3,1,30,5,31,11,1,1,2
215,3,474977341,1,3,0,0,0,0,30,4,20,22,0,2,2
215,4,138917760,1,0,0,0,1,1,30,4,13,29,0,2,3
215,5,2439565762,1,1,0,0,2,0,30,5,28,14,0,3,3
215,6,2103506181,1,2,0,0,3,1,30,4,17,25,0,3,4
215,7,1767446600,1,3,0,0,0,0,30,5,23,19,0,4,4
215,8,578448156,1,0,0,0,1,1,30,4,3,39,0,4,5
215,9,1485212486,1,1,0,0,2,0,30,5,24,18,0,5,5
215,10,2543036577,1,2,0,0,3,1,30,5,8,34,0,5,6
215,11,2206976996,1,3,0,0,0,0,30,5,13,29,0,6,6
215,12,4018401063,1,0,0,0,1,1,30,4,42,0,1,7,6
216,0,3769416921,1,0,0,0,1,1,30,4,7,35,0,0,1
216,1,2580418477,1,1,0,0,2,0,30,4,20,22,0,1,1
216,2,96875248,1,2,0,0,3,1,30,5,19,23,0,1,2
216,3,4055782963,1,3,0,0,0,0,30,6,1,41,1,1,3
216,4,4208947317,1,0,0,0,1,1,30,4,35,7,1,2,3
216,5,1725404088,1,1,0,0,2,0,30,4,3,39,1,2,4
216,6,2683889292,1,2,0,0,3,1,30,5,18,24,0,2,5
216,7,200346063,1,3,0,0,0,0,30,1,19,23,0,3,5
216,8,353510417,1,0,0,0,1,1,30,6,42,0,1,4,5
216,9,2164934484,1,1,0,0,2,0,30,6,6,36,1,4,6
216,10,1828874903,1,2,0,0,3,1,30,2,29,13,0,4,7
217,0,1513796745,1,0,0,0,1,1,30,5,18,24,0,0,1
217,1,2420561075,1,1,0,0,2,0,30,5,12,30,1,0,2
217,2,4231985142,1,2,0,0,3,1,30,6,30,12,1,1,2
217,3,3142325585,1,3,0,0,0,0,30,4,34,8,0,2,2
217,4,2706927117,1,0,0,0,1,1,30,5,13,29,0,2,3
217,5,2860091471,1,1,0,0,2,0,30,4,33,9,0,3,3
217,6,376548242,1,2,0,0,3,1,30,6,31,11,1,4,3
217,7,40488661,1,3,0,0,0,0,30,1,18,24,0,5,3
217,8,1098312752,1,0,0,0,1,1,30,3,35,7,1,6,3
217,9,2005077082,1,1,0,0,2,0,30,1,6,36,1,6,4
217,10,816078638,1,2,0,0,3,1,30,0,12,30,0,6,5
217,11,480019057,1,3,0,0,0,0,30,5,27,15,0,7,5
218,0,4289281517,1,0,0,0,1,1,30,4,12,30,0,0,1
218,1,3100283073,1,1,0,0,2,0,30,5,17,25,0,1,1
218,2,2764223492,1,2,0,0,3,1,30,5,24,18,0,1,2
218,3,1575225048,1,3,0,0,0,0,30,4,7,35,1,1,3
218,4,433844617,1,0,0,0,1,1,30,6,29,13,0,1,4
218,5,97785036,1,1,0,0,2,0,30,5,19,23,0,2,4
218,6,3203753888,1,2,0,0,3,1,30,6,41,1,1,3,4
218,7,720210659,1,3,0,0,0,0,30,5,17,25,0,4,4
218,8,873375013,1,0,0,0,1,1,30,5,30,12,1,5,4
218,9,537315432,1,1,0,0,2,0,30,4,29,13,0,6,4
218,10,3643284284,1,2,0,0,3,1,30,5,31,11,1,7,4
219,0,55938633,1,0,0,0,1,1,30,4,11,31,0,0,1
219,1,2356586635,1,1,0,0,2,0,30,5,36,6,0,1,1
219,2,2020527054,1,2,0,0,3,1,30,4,12,30,0,1,2
219,3,831528610,1,3,0,0,0,0,30,4,33,9,0,2,2
219,4,495469029,1,0,0,0,1,1,30,4,25,17,0,2,3
219,5,3649055894,1,1,0,0,2,0,30,5,6,36,1,2,4
219,6,2460057450,1,2,0,0,3,1,30,6,35,7,1,3,4
219,7,2123997869,1,3,0,0,0,0,30,3,11,31,1,3,5
219,8,934999425,1,0,0,0,1,1,30,4,20,22,0,3,6
219,9,4088586290,1,1,0,0,2,0,30,4,9,33,1,3,7
220,0,1978484542,1,0,0,0,1,1,30,4,20,22,0,0,1
220,1,888824985,1,1,0,0,2,0,30,4,24,18,0,1,1
220,2,453426517,1,2,0,0,3,1,30,5,31,11,1,2,1
220,3,117366936,1,3,0,0,0,0,30,6,0,42,1,2,2
220,4,2418014938,1,0,0,0,1,1,30,5,0,42,0,2,3
220,5,2081955357,1,1,0,0,2,0,30,5,42,0,0,3,3
220,6,3139779448,1,2,0,0,3,1,30,5,36,6,1,4,3
220,7,556897332,1,3,0,0,0,0,30,6,41,1,0,5,3
220,8,710061686,1,0,0,0,1,1,30,5,30,12,1,6,3
220,9,2521485753,1,1,0,0,2,0,30,2,14,28,0,7,3
221,0,4065449675,1,0,0,0,1,1,30,4,7,35,0,0,1
221,1,728967583,1,1,0,0,2,0,30,5,24,18,0,1,1
221,2,2540391650,1,2,0,0,3,1,30,4,30,12,1,2,1
221,3,1351393206,1,3,0,0,0,0,30,4,24,18,0,3,1
221,4,210012775,1,0,0,0,1,1,30,4,18,24,0,3,2
221,5,1168497979,1,1,0,0,2,0,30,4,0,42,1,3,3
221,6,2979922046,1,2,0,0,3,1,30,6,13,29,0,3,4
221,7,2643862465,1,3,0,0,0,0,30,6,35,7,0,4,4
221,8,1454864021,1,0,0,0,1,1,30,5,25,17,0,4,5
221,9,313483590,1,1,0,0,2,0,30,5,23,19,0,5,5
221,10,3419452442,1,2,0,0,3,1,30,5,29,13,0,5,6
221,11,3083392861,1,3,0,0,0,0,30,4,18,24,0,6,6
221,12,1894394417,1,0,0,0,1,1,30,4,1,41,0,6,7
222,0,4127074087,1,0,0,0,1,1,30,5,30,12,1,1,0
222,1,889930882,1,1,0,0,2,0,30,4,8,34,1,1,1
222,2,1796695212,1,2,0,0,3,1,30,5,24,18,0,1,2
222,3,707035655,1,3,0,0,0,0,30,5,31,11,0,2,2
222,4,271637187,1,0,0,0,1,1,30,4,19,23,0,2,3
222,5,1329461278,1,1,0,0,2,0,30,4,28,14,0,3,3
222,6,2236225608,1,2,0,0,3,1,30,6,24,18,0,3,4
222,7,1900166027,1,3,0,0,0,0,30,6,29,13,0,4,4
222,8,2957990118,1,0,0,0,1,1,30,4,0,42,0,4,5
222,9,375108002,1,1,0,0,2,0,30,5,31,11,0,5,5
222,10,2675756004,1,2,0,0,3,1,30,4,19,23,0,5,6
222,11,2339696423,1,3,0,0,0,0,30,5,34,8,0,6,6
222,12,3397520514,1,0,0,0,1,1,30,1,42,0,1,7,6
223,0,2659312437,1,0,0,0,1,1,30,1,14,28,0,0,1
223,1,664993143,1,1,0,0,2,0,30,4,8,34,1,0,2
223,2,328933562,1,2,0,0,3,1,30,4,25,17,0,0,3
223,3,3434902414,1,3,0,0,0,0,30,4,17,25,0,1,3
223,4,3098842833,1,0,0,0,1,1,30,5,29,13,0,1,4
223,5,1957462402,1,1,0,0,2,0,30,5,18,24,0,2,4
223,6,768463958,1,2,0,0,3,1,30,6,19,23,0,2,5
223,7,2579888025,1,3,0,0,0,0,30,5,18,24,0,3,5
223,8,3538373229,1,0,0,0,1,1,30,0,42,0,1,4,5
223,9,2396992798,1,1,0,0,2,0,30,4,30,12,0,5,5
223,10,1207994354,1,2,0,0,3,1,30,5,39,3,1,6,5
223,11,871934773,1,3,0,0,0,0,30,1,0,42,1,6,6
223,12,2683358840,1,0,0,0,1,1,30,4,33,9,1,7,6
224,0,1915615999,1,0,0,0,1,1,30,4,15,27,0,0,1
224,1,726617555,1,1,0,0,2,0,30,0,0,42,1,0,2
224,2,3880204420,1,2,0,0,3,1,30,5,14,28,0,0,3
224,3,2691205976,1,3,0,0,0,0,30,4,28,14,0,1,3
224,4,2355146395,1,0,0,0,1,1,30,3,13,29,0,1,4
224,5,4166570462,1,1,0,0,2,0,30,3,0,42,1,1,5
224,6,24767520,1,2,0,0,3,1,30,4,42,0,1,2,5
224,7,3983675235,1,3,0,0,0,0,30,4,23,19,0,3,5
224,8,2794676791,1,0,0,0,1,1,30,1,20,22,0,3,6
224,9,2458617210,1,1,0,0,2,0,30,5,19,23,0,4,6
224,10,464297916,1,2,0,0,3,1,30,4,42,0,1,5,6
224,11,128238335,1,3,0,0,0,0,30,4,19,23,0,6,6
224,12,1939662402,1,0,0,0,1,1,30,2,30,12,1,7,6
225,0,2595337997,1,0,0,0,1,1,30,5,25,17,0,0,1
225,1,2748502351,1,1,0,0,2,0,30,4,25,17,0,1,1
225,2,264959122,1,2,0,0,3,1,30,3,13,29,0,1,2
225,3,1977044302,1,3,0,0,0,0,30,4,25,17,0,2,2
225,4,3034868393,1,0,0,0,1,1,30,6,36,6,1,3,2
225,5,3941632723,1,1,0,0,2,0,30,5,41,1,0,4,2
225,6,704489518,1,2,0,0,3,1,30,0,35,7,1,5,2
225,7,368429937,1,3,0,0,0,0,30,3,12,30,1,5,3
225,8,3474398789,1,0,0,0,1,1,30,4,41,1,1,6,3
225,9,86195823,1,1,0,0,2,0,30,4,25,17,0,7,3
226,0,2435480595,1,0,0,0,1,1,30,3,42,0,1,1,0
226,1,2588644949,1,1,0,0,2,0,30,0,26,16,0,2,0
226,2,105101720,1,2,0,0,3,1,30,4,14,28,0,2,1
226,3,3211070572,1,3,0,0,0,0,30,5,29,13,0,3,1
226,4,2875010991,1,0,0,0,1,1,30,0,23,19,0,3,2
226,5,1686012547,1,1,0,0,2,0,30,4,2,40,1,3,3
226,6,544632116,1,2,0,0,3,1,30,6,40,2,1,4,3
226,7,208572535,1,3,0,0,0,0,30,2,6,36,1,4,4
226,8,3314541387,1,0,0,0,1,1,30,1,28,14,0,4,5
226,9,2978481806,1,1,0,0,2,0,30,5,35,7,0,5,5
226,10,984162512,1,2,0,0,3,1,30,4,27,15,0,5,6
226,11,648102931,1,3,0,0,0,0,30,1,1,41,1,5,7
227,0,1691784157,1,0,0,0,1,1,30,4,24,18,0,0,1
227,1,2749608248,1,1,0,0,2,0,30,4,20,22,0,1,1
227,2,2413548667,1,2,0,0,3,1,30,4,24,18,0,1,2
227,3,2566713021,1,3,0,0,0,0,30,4,20,22,0,2,2
227,4,2131314553,1,0,0,0,1,1,30,4,42,0,1,3,2
227,5,3189138644,1,1,0,0,2,0,30,5,30,12,0,4,2
227,6,2853079063,1,2,0,0,3,1,30,6,30,12,1,5,2
227,7,3759843393,1,3,0,0,0,0,30,5,23,19,0,6,2
227,8,522700188,1,0,0,0,1,1,30,6,9,33,0,6,3
227,9,2234785368,1,1,0,0,2,0,30,0,34,8,0,7,3
228,0,224022507,1,0,0,0,1,1,30,5,25,17,0,0,1
228,1,3329991359,1,1,0,0,2,0,30,5,19,23,0,1,1
228,2,2188610928,1,2,0,0,3,1,30,5,23,19,0,1,2
228,3,999612484,1,3,0,0,0,0,30,6,1,41,1,1,3
228,4,663552903,1,0,0,0,1,1,30,5,12,30,0,1,4
228,5,2474976970,1,1,0,0,2,0,30,4,1,41,1,1,5
228,6,2628141324,1,2,0,0,3,1,30,5,10,32,0,1,6
228,7,144598095,1,3,0,0,0,0,30,4,40,2,0,2,6
228,8,1103083299,1,0,0,0,1,1,30,6,20,22,0,2,7
229,0,3775293365,1,0,0,0,1,1,30,2,25,17,0,0,1
229,1,2586294921,1,1,0,0,2,0,30,3,18,24,0,1,1
229,2,2250235340,1,2,0,0,3,1,30,4,13,29,0,1,2
229,3,255916046,1,3,0,0,0,0,30,4,30,12,0,2,2
229,4,4214823761,1,0,0,0,1,1,30,5,30,12,1,3,2
229,5,1731280532,1,1,0,0,2,0,30,5,2,40,1,3,3
229,6,2689765736,1,2,0,0,3,1,30,4,18,24,0,3,4
229,7,1548385305,1,3,0,0,0,0,30,6,8,34,1,3,5
229,8,359386861,1,0,0,0,1,1,30,4,8,34,0,3,6
229,9,23327280,1,1,0,0,2,0,30,1,16,26,0,4,6
229,10,1081151371,1,2,0,0,3,1,30,4,27,15,0,4,7
230,0,743887103,1,0,0,0,1,1,30,3,25,17,0,0,1
230,1,797712570,1,1,0,0,2,0,30,5,42,0,0,1,1
230,2,461652989,1,2,0,0,3,1,30,1,20,22,0,1,2
230,3,1519477080,1,3,0,0,0,0,30,1,8,34,1,1,3
230,4,1183417499,1,0,0,0,1,1,30,4,23,19,0,1,4
230,5,3484065501,1,1,0,0,2,0,30,6,6,36,1,1,5
230,6,901183385,1,2,0,0,3,1,30,6,19,23,0,1,6
230,7,565123804,1,3,0,0,0,0,30,1,0,42,1,1,7
231,0,190665,1,0,0,0,1,1,30,5,25,17,0,0,1
231,1,3106159517,1,1,0,0,2,0,30,2,12,30,1,0,2
231,2,2770099936,1,2,0,0,3,1,30,5,36,6,1,1,2
231,3,775780642,1,3,0,0,0,0,30,2,33,9,0,2,2
231,4,439721061,1,0,0,0,1,1,30,3,0,42,0,2,3
231,5,3545689913,1,1,0,0,2,0,30,5,17,25,0,3,3
231,6,3209630332,1,2,0,0,3,1,30,5,0,42,0,3,4
231,7,2068249901,1,3,0,0,0,0,30,4,34,8,0,4,4
231,8,879251457,1,0,0,0,1,1,30,5,17,25,0,4,5
231,9,543191876,1,1,0,0,2,0,30,5,23,19,0,5,5
231,10,3649160728,1,2,0,0,3,1,30,5,1,41,0,5,6
231,11,2507780297,1,3,0,0,0,0,30,4,41,1,0,6,6
231,12,1318781853,1,0,0,0,1,1,30,5,19,23,0,6,7
232,0,580573776,1,0,0,0,1,1,30,4,7,35,0,0,1
232,1,1638397867,1,1,0,0,2,0,30,1,16,26,0,1,1
232,2,2545162197,1,2,0,0,3,1,30,5,31,11,1,2,1
232,3,1356163753,1,3,0,0,0,0,30,2,2,40,1,2,2
232,4,1020104172,1,0,0,0,1,1,30,6,26,16,0,2,3
232,5,2831528239,1,1,0,0,2,0,30,6,16,26,0,3,3
232,6,2984692593,1,2,0,0,3,1,30,4,40,2,1,4,3
232,7,501149364,1,3,0,0,0,0,30,6,35,7,0,5,3
232,8,1459634568,1,0,0,0,1,1,30,5,29,13,0,5,4
232,9,3271058635,1,1,0,0,2,0,30,4,28,14,0,6,4
232,10,2129678204,1,2,0,0,3,1,30,5,13,29,0,6,5
232,11,940679760,1,3,0,0,0,0,30,5,36,6,0,7,5
233,0,2083699873,1,0,0,0,1,1,30,4,29,13,0,0,1
233,1,894701429,1,1,0,0,2,0,30,6,22,20,0,1,1
233,2,558641848,1,2,0,0,3,1,30,4,18,24,0,1,2
233,3,2859289850,1,3,0,0,0,0,30,5,0,42,1,1,3
233,4,2523230269,1,0,0,0,1,1,30,6,40,2,1,2,3
233,5,39687040,1,1,0,0,2,0,30,5,41,1,0,3,3
233,6,998172244,1,2,0,0,3,1,30,4,25,17,0,3,4
233,7,4151759109,1,3,0,0,0,0,30,3,3,39,1,3,5
233,8,2962760665,1,0,0,0,1,1,30,4,28,14,0,3,6
233,9,479217436,1,1,0,0,2,0,30,3,1,41,1,3,7
234,0,1070903608,1,0,0,0,1,1,30,4,42,0,1,1,0
234,1,734844027,1,1,0,0,2,0,30,1,14,28,0,2,0
234,2,2546268094,1,2,0,0,3,1,30,4,1,41,0,2,1
234,3,1456608537,1,3,0,0,0,0,30,5,19,23,0,3,1
234,4,2363372867,1,0,0,0,1,1,30,4,8,34,0,3,2
234,5,1174374423,1,1,0,0,2,0,30,6,0,42,1,3,3
234,6,2985798490,1,2,0,0,3,1,30,6,31,11,1,4,3
234,7,1896138933,1,3,0,0,0,0,30,6,1,41,1,4,4
234,8,2802903263,1,0,0,0,1,1,30,4,12,30,0,4,5
234,9,319360034,1,1,0,0,2,0,30,3,14,28,0,5,5
234,10,1277845238,1,2,0,0,3,1,30,2,26,16,0,5,6
234,11,3089269305,1,3,0,0,0,0,30,4,23,19,0,6,6
234,12,3242433659,1,0,0,0,1,1,30,2,22,20,0,6,7
235,0,2603564469,1,0,0,0,1,1,30,1,41,1,1,1,0
235,1,1414566025,1,1,0,0,2,0,30,3,13,29,0,2,0
235,2,2321330355,1,2,0,0,3,1,30,5,8,34,0,2,1
235,3,3379154446,1,3,0,0,0,0,30,4,1,41,1,2,2
235,4,3043094865,1,0,0,0,1,1,30,6,36,6,1,3,2
235,5,1854096421,1,1,0,0,2,0,30,5,29,13,0,4,2
235,6,1518036840,1,2,0,0,3,1,30,5,23,19,0,4,3
235,7,2424801170,1,3,0,0,0,0,30,0,30,12,0,5,3
235,8,3482625261,1,0,0,0,1,1,30,4,20,22,0,5,4
235,9,3146565680,1,1,0,0,2,0,30,5,34,8,0,6,4
235,10,1957567236,1,2,0,0,3,1,30,4,24,18,0,6,5
235,11,2864331566,1,3,0,0,0,0,30,3,6,36,1,6,6
235,12,2528271985,1,0,0,0,1,1,30,1,38,4,1,7,6
236,0,1859868031,1,0,0,0,1,1,30,6,36,6,1,1,0
236,1,670869587,1,1,0,0,2,0,30,5,18,24,0,2,0
236,2,334810006,1,2,0,0,3,1,30,5,30,12,1,3,0
236,3,3440778858,1,3,0,0,0,0,30,5,41,1,0,4,0
236,4,2299398427,1,0,0,0,1,1,30,5,36,6,1,5,0
236,5,1110399983,1,1,0,0,2,0,30,4,31,11,0,6,0
236,6,774340402,1,2,0,0,3,1,30,5,26,16,0,6,1
236,7,438280821,1,3,0,0,0,0,30,4,40,2,0,7,1
237,0,2440251142,1,0,0,0,1,1,30,4,40,2,1,1,0
237,1,3498075233,1,1,0,0,2,0,30,4,1,41,1,1,1
237,2,1014532004,1,2,0,0,3,1,30,4,34,8,1,2,1
237,3,3215841119,1,3,0,0,0,0,30,0,29,13,0,3,1
237,4,2879781538,1,0,0,0,1,1,30,4,33,9,1,4,1
237,5,396238309,1,1,0,0,2,0,30,3,36,6,0,5,1
237,6,3601546048,1,2,0,0,3,1,30,6,2,40,0,5,2
237,7,2360826730,1,3,0,0,0,0,30,4,0,42,1,5,3
237,8,3319311934,1,0,0,0,1,1,30,5,31,11,1,6,3
237,9,835768705,1,1,0,0,2,0,30,5,0,42,1,6,4
237,10,499709124,1,2,0,0,3,1,30,5,18,24,0,6,5
237,11,2800357126,1,3,0,0,0,0,30,1,0,42,1,6,6
237,12,2464297545,1,0,0,0,1,1,30,6,15,27,0,6,7
238,0,3674277412,1,0,0,0,1,1,30,4,26,16,0,0,1
238,1,3338217831,1,1,0,0,2,0,30,6,24,18,0,1,1
238,2,854674602,1,2,0,0,3,1,30,3,25,17,0,1,2
238,3,1007838956,1,3,0,0,0,0,30,4,16,26,0,2,2
238,4,2819263023,1,0,0,0,1,1,30,5,29,13,0,2,3
238,5,3777748227,1,1,0,0,2,0,30,5,0,42,1,2,4
238,6,1294204998,1,2,0,0,3,1,30,3,41,1,1,3,4
238,7,152824567,1,3,0,0,0,0,30,4,22,20,0,4,4
238,8,3258793419,1,0,0,0,1,1,30,6,42,0,1,5,4
238,9,2922733838,1,1,0,0,2,0,30,4,12,30,1,5,5
238,10,1733735394,1,2,0,0,3,1,30,4,36,6,1,6,5
238,11,1397675813,1,3,0,0,0,0,30,4,29,13,0,7,5
239,0,2960115738,1,0,0,0,1,1,30,6,42,0,1,1,0
239,1,1771117294,1,1,0,0,2,0,30,5,1,41,1,1,1
239,2,629736863,1,2,0,0,3,1,30,3,10,32,0,1,2
239,3,3735705715,1,3,0,0,0,0,30,1,18,24,0,2,2
239,4,3399646134,1,0,0,0,1,1,30,4,18,24,0,2,3
239,5,3063586553,1,1,0,0,2,0,30,4,6,36,1,2,4
239,6,1069267259,1,2,0,0,3,1,30,3,42,0,1,3,4
239,7,733207678,1,3,0,0,0,0,30,3,0,42,1,3,5
239,8,3839176530,1,0,0,0,1,1,30,4,30,12,1,4,5
239,9,3503116949,1,1,0,0,2,0,30,5,36,6,0,5,5
239,10,1508797655,1,2,0,0,3,1,30,3,0,42,0,5,6
239,11,1172738074,1,3,0,0,0,0,30,4,13,29,0,6,6
239,12,2984162141,1,0,0,0,1,1,30,5,40,2,1,7,6
240,0,168274539,1,0,0,0,1,1,30,5,42,0,1,1,0
240,1,3274243391,1,1,0,0,2,0,30,3,0,42,1,1,1
240,2,2938183810,1,2,0,0,3,1,30,6,25,17,0,1,2
240,3,1749185366,1,3,0,0,0,0,30,4,35,7,0,2,2
240,4,607804935,1,0,0,0,1,1,30,4,15,27,0,2,3
240,5,271745354,1,1,0,0,2,0,30,5,19,23,0,3,3
240,6,3377714206,1,2,0,0,3,1,30,3,33,9,1,4,3
240,7,3041654625,1,3,0,0,0,0,30,4,13,29,0,5,3
240,8,1047335331,1,0,0,0,1,1,30,6,13,29,0,5,4
240,9,711275750,1,1,0,0,2,0,30,4,41,1,0,6,4
240,10,3817244602,1,2,0,0,3,1,30,5,14,28,0,6,5
240,11,3481185021,1,3,0,0,0,0,30,5,28,14,0,7,5
241,0,229898951,1,0,0,0,1,1,30,3,42,0,1,1,0
241,1,2530546953,1,1,0,0,2,0,30,4,8,34,1,1,1
241,2,2194487372,1,2,0,0,3,1,30,4,23,19,0,1,2
241,3,1005488928,1,3,0,0,0,0,30,4,24,18,0,2,2
241,4,669429347,1,0,0,0,1,1,30,4,8,34,0,2,3
241,5,2970077349,1,1,0,0,2,0,30,3,23,19,0,3,3
241,6,2634017768,1,2,0,0,3,1,30,4,14,28,0,3,4
241,7,2297958187,1,3,0,0,0,0,30,4,0,42,1,3,5
241,8,1108959743,1,0,0,0,1,1,30,5,35,7,1,4,5
241,9,4262546608,1,1,0,0,2,0,30,4,35,7,0,5,5
241,10,3073548164,1,2,0,0,3,1,30,4,29,13,0,5,6
241,11,2737488583,1,3,0,0,0,0,30,4,7,35,1,5,7
242,0,2736283896,1,0,0,0,1,1,30,4,11,31,0,0,1
242,1,3694769100,1,1,0,0,2,0,30,5,23,19,0,1,1
242,2,1211225871,1,2,0,0,3,1,30,5,42,0,1,2,1
242,3,1364390225,1,3,0,0,0,0,30,2,31,11,0,3,1
242,4,3175814292,1,0,0,0,1,1,30,5,19,23,0,3,2
242,5,2086154735,1,1,0,0,2,0,30,5,17,25,0,4,2
242,6,1650756267,1,2,0,0,3,1,30,3,30,12,1,5,2
242,7,509375836,1,3,0,0,0,0,30,4,12,30,1,5,3
242,8,3615344688,1,0,0,0,1,1,30,4,2,40,0,5,4
242,9,3279285107,1,1,0,0,2,0,30,3,0,42,1,5,5
242,10,42141902,1,2,0,0,3,1,30,4,19,23,0,5,6
242,11,948906232,1,3,0,0,0,0,30,1,33,9,0,6,6
242,12,4054875084,1,0,0,0,1,1,30,0,26,16,0,6,7
243,0,1238987482,1,0,0,0,1,1,30,4,19,23,0,0,1
243,1,902927901,1,1,0,0,2,0,30,4,18,24,0,1,1
243,2,2714351968,1,2,0,0,3,1,30,2,22,20,0,1,2
243,3,3672837172,1,3,0,0,0,0,30,5,1,41,1,1,3
243,4,383973093,1,0,0,0,1,1,30,6,30,12,1,2,3
243,5,1342458297,1,1,0,0,2,0,30,5,1,41,1,2,4
243,6,3153882364,1,2,0,0,3,1,30,3,41,1,1,3,4
243,7,2817822783,1,3,0,0,0,0,30,5,41,1,0,4,4
243,8,1628824339,1,0,0,0,1,1,30,4,2,40,0,4,5
243,9,487443908,1,1,0,0,2,0,30,4,6,36,1,4,6
243,10,3593412760,1,2,0,0,3,1,30,4,29,13,0,4,7
244,0,524825808,1,0,0,0,1,1,30,4,42,0,1,1,0
244,1,3630794660,1,1,0,0,2,0,30,4,30,12,0,2,0
244,2,3294735079,1,2,0,0,3,1,30,4,42,0,1,3,0
244,3,1300415785,1,3,0,0,0,0,30,0,12,30,1,3,1
244,4,964356204,1,0,0,0,1,1,30,5,0,42,0,3,2
244,5,628296623,1,1,0,0,2,0,30,3,12,30,1,3,3
244,6,3734265475,1,2,0,0,3,1,30,0,35,7,1,4,3
244,7,1250722246,1,3,0,0,0,0,30,4,11,31,1,4,4
244,8,1403886600,1,0,0,0,1,1,30,5,26,16,0,4,5
244,9,1067827019,1,1,0,0,2,0,30,4,6,36,1,4,6
244,10,4173795871,1,2,0,0,3,1,30,5,19,23,0,4,7
245,0,2833272755,1,0,0,0,1,1,30,4,18,24,0,0,1
245,1,838953461,1,1,0,0,2,0,30,1,8,34,1,0,2
245,2,502893880,1,2,0,0,3,1,30,4,19,23,0,0,3
245,3,3608862732,1,3,0,0,0,0,30,5,30,12,0,1,3
245,4,3272803151,1,0,0,0,1,1,30,5,25,17,0,1,4
245,5,2131422720,1,1,0,0,2,0,30,1,6,36,1,1,5
245,6,942424276,1,2,0,0,3,1,30,5,10,32,0,1,6
245,7,606364695,1,3,0,0,0,0,30,4,29,13,0,2,6
245,8,3712333547,1,0,0,0,1,1,30,2,41,1,1,3,6
245,9,2570953116,1,1,0,0,2,0,30,4,25,17,0,4,6
245,10,1381954672,1,2,0,0,3,1,30,4,35,7,1,5,6
245,11,1045895091,1,3,0,0,0,0,30,5,2,40,1,5,7
246,0,1820476490,1,0,0,0,1,1,30,4,19,23,0,0,1
246,1,679096059,1,1,0,0,2,0,30,1,22,20,0,1,1
246,2,3785064911,1,2,0,0,3,1,30,4,42,0,1,2,1
246,3,3449005330,1,3,0,0,0,0,30,4,8,34,1,2,2
246,4,3112945749,1,0,0,0,1,1,30,1,16,26,0,2,3
246,5,1118626455,1,1,0,0,2,0,30,1,7,35,1,2,4
246,6,782566874,1,2,0,0,3,1,30,5,41,1,1,3,4
246,7,3888535726,1,3,0,0,0,0,30,4,0,42,1,3,5
246,8,3552476145,1,0,0,0,1,1,30,4,42,0,1,4,5
246,9,2411095714,1,1,0,0,2,0,30,3,24,18,0,5,5
246,10,1222097270,1,2,0,0,3,1,30,6,25,17,0,5,6
246,11,3033521337,1,3,0,0,0,0,30,4,1,41,1,5,7
247,0,300993966,1,0,0,0,1,1,30,6,0,42,0,0,1
247,1,1259479170,1,1,0,0,2,0,30,3,1,41,1,0,2
247,2,3070903237,1,2,0,0,3,1,30,4,39,3,1,1,2
247,3,4128727328,1,3,0,0,0,0,30,4,22,20,0,2,2
247,4,740524362,1,0,0,0,1,1,30,4,1,41,0,2,3
247,5,3945832101,1,1,0,0,2,0,30,4,14,28,0,3,3
247,6,3510433633,1,2,0,0,3,1,30,4,6,36,0,3,4
247,7,3174374052,1,3,0,0,0,0,30,4,33,9,0,4,4
247,8,1180054758,1,0,0,0,1,1,30,5,24,18,0,4,5
247,9,843995177,1,1,0,0,2,0,30,6,11,31,1,4,6
247,10,1901819268,1,2,0,0,3,1,30,5,36,6,1,5,6
247,11,3613904448,1,3,0,0,0,0,30,5,25,17,0,6,6
247,12,376761243,1,0,0,0,1,1,30,5,20,22,0,6,7
248,0,3903985698,1,0,0,0,1,1,30,5,29,13,0,0,1
248,1,2762605267,1,1,0,0,2,0,30,4,20,22,0,1,1
248,2,279062038,1,2,0,0,3,1,30,4,29,13,0,1,2
248,3,1237547242,1,3,0,0,0,0,30,4,19,23,0,2,2
248,4,3048971309,1,0,0,0,1,1,30,5,6,36,0,2,3
248,5,1859972865,1,1,0,0,2,0,30,5,27,15,0,3,3
248,6,718592434,1,2,0,0,3,1,30,4,18,24,0,3,4
248,7,382532853,1,3,0,0,0,0,30,6,35,7,0,4,4
248,8,3488501705,1,0,0,0,1,1,30,5,34,8,1,5,4
248,9,3152442124,1,1,0,0,2,0,30,5,25,17,0,6,4
248,10,1158122830,1,2,0,0,3,1,30,0,30,12,1,7,4
249,0,2384503174,1,0,0,0,1,1,30,4,41,1,1,1,0
249,1,1195504730,1,1,0,0,2,0,30,5,7,35,1,1,1
249,2,859445149,1,2,0,0,3,1,30,4,30,12,1,2,1
249,3,3965414001,1,3,0,0,0,0,30,4,23,19,0,3,1
249,4,3629354420,1,0,0,0,1,1,30,6,26,16,0,3,2
249,5,2487973989,1,1,0,0,2,0,30,5,12,30,1,3,3
249,6,1298975545,1,2,0,0,3,1,30,6,25,17,0,3,4
249,7,3110399612,1,3,0,0,0,0,30,4,0,42,1,3,5
249,8,4068884816,1,0,0,0,1,1,30,6,19,23,0,3,6
249,9,2927504385,1,1,0,0,2,0,30,5,18,24,0,4,6
249,10,1738505941,1,2,0,0,3,1,30,4,20,22,0,4,7
250,0,397982825,1,0,0,0,1,1,30,4,25,17,0,0,1
250,1,3503951677,1,1,0,0,2,0,30,4,4,38,1,0,2
250,2,2362571246,1,2,0,0,3,1,30,6,14,28,0,0,3
250,3,1173572802,1,3,0,0,0,0,30,4,2,40,1,0,4
250,4,837513221,1,0,0,0,1,1,30,5,7,35,0,0,5
250,5,2648937288,1,1,0,0,2,0,30,5,27,15,0,1,5
250,6,2802101642,1,2,0,0,3,1,30,5,0,42,0,1,6
250,7,2466042061,1,3,0,0,0,0,30,6,8,34,1,1,7
251,0,2904367770,1,0,0,0,1,1,30,5,36,6,1,1,0
251,1,1715369326,1,1,0,0,2,0,30,4,22,20,0,2,0
251,2,1379309745,1,2,0,0,3,1,30,6,41,1,1,3,0
251,3,190311301,1,3,0,0,0,0,30,4,23,19,0,4,0
251,4,3343898166,1,0,0,0,1,1,30,6,12,30,0,4,1
251,5,2154899722,1,1,0,0,2,0,30,4,31,11,0,5,1
251,6,1818840141,1,2,0,0,3,1,30,5,0,42,0,5,2
251,7,1482780560,1,3,0,0,0,0,30,3,18,24,0,6,2
251,8,3783428562,1,0,0,0,1,1,30,5,24,18,0,6,3
251,9,3447368981,1,1,0,0,2,0,30,5,24,18,0,7,3
252,0,917847421,1,0,0,0,1,1,30,5,14,28,0,0,1
252,1,3119156536,1,1,0,0,2,0,30,6,16,26,0,1,1
252,2,635613307,1,2,0,0,3,1,30,3,23,19,0,1,2
252,3,1693437398,1,3,0,0,0,0,30,4,41,1,0,2,2
252,4,1357377817,1,0,0,0,1,1,30,5,24,18,0,2,3
252,5,1510542171,1,1,0,0,2,0,30,4,29,13,0,3,3
252,6,1075143703,1,2,0,0,3,1,30,4,13,29,0,3,4
252,7,739084122,1,3,0,0,0,0,30,4,30,12,0,4,4
252,8,1796908213,1,0,0,0,1,1,30,4,17,25,0,4,5
252,9,1460848632,1,1,0,0,2,0,30,5,7,35,1,4,6
252,10,3761496634,1,2,0,0,3,1,30,4,42,0,1,5,6
252,11,3425437053,1,3,0,0,0,0,30,6,23,19,0,6,6
252,12,2236438609,1,0,0,0,1,1,30,4,24,18,0,6,7
253,0,1468695768,1,0,0,0,1,1,30,4,0,42,0,0,1
253,1,3280119835,1,1,0,0,2,0,30,1,17,25,0,1,1
253,2,2944060254,1,2,0,0,3,1,30,5,0,42,0,1,2
253,3,3097224608,1,3,0,0,0,0,30,6,18,24,0,2,2
253,4,613681379,1,0,0,0,1,1,30,6,41,1,1,3,2
253,5,3719650231,1,1,0,0,2,0,30,0,28,14,0,4,2
253,6,3383590650,1,2,0,0,3,1,30,4,17,25,0,4,3
253,7,2242210219,1,3,0,0,0,0,30,5,13,29,0,5,3
253,8,1053211775,1,0,0,0,1,1,30,4,41,1,1,6,3
253,9,717152194,1,1,0,0,2,0,30,5,41,1,0,7,3
254,0,754534094,1,0,0,0,1,1,30,5,19,23,0,0,1
254,1,1812358185,1,1,0,0,2,0,30,5,0,42,1,0,2
254,2,2719122515,1,2,0,0,3,1,30,5,6,36,0,0,3
254,3,1530124071,1,3,0,0,0,0,30,5,2,40,1,0,4
254,4,1194064490,1,0,0,0,1,1,30,3,24,18,0,0,5
254,5,3005488557,1,1,0,0,2,0,30,3,17,25,0,1,5
254,6,3158652911,1,2,0,0,3,1,30,6,42,0,1,2,5
254,7,675109682,1,3,0,0,0,0,30,4,23,19,0,3,5
254,8,1633594886,1,0,0,0,1,1,30,1,30,12,1,4,5
254,9,3445018953,1,1,0,0,2,0,30,4,0,42,1,4,6
254,10,3598183307,1,2,0,0,3,1,30,5,42,0,1,5,6
254,11,3262123726,1,3,0,0,0,0,30,5,20,22,0,6,6
254,12,778580497,1,0,0,0,1,1,30,4,12,30,0,6,7
255,0,1988560364,1,0,0,0,1,1,30,5,13,29,0,0,1
255,1,1652500783,1,1,0,0,2,0,30,4,6,36,1,0,2
255,2,511120352,1,2,0,0,3,1,30,3,42,0,1,1,2
255,3,3617089204,1,3,0,0,0,0,30,4,36,6,0,2,2
255,4,3281029623,1,0,0,0,1,1,30,4,9,33,0,2,3
255,5,2092031179,1,1,0,0,2,0,30,5,6,36,1,2,4
255,6,950650748,1,2,0,0,3,1,30,5,4,38,0,2,5
255,7,4056619600,1,3,0,0,0,0,30,4,25,17,0,3,5
255,8,3720560019,1,0,0,0,1,1,30,1,34,8,1,4,5
255,9,1237016790,1,1,0,0,2,0,30,4,31,11,0,5,5
255,10,1390181144,1,2,0,0,3,1,30,3,31,11,1,6,5
255,11,3201605211,1,3,0,0,0,0,30,5,0,42,1,6,6
255,12,4160090415,1,0,0,0,1,1,30,5,36,6,1,7,6
