game_idx,seed,decl_id,decl_name,bid_value,decision_idx,trick_idx,trick_position,actor,seat_role,team,offense_score_before,defense_score_before,actual_action_domino,legal_action_count,top_mean_domino,top_mean,top_threshold_domino,top_threshold_mass,safest_tail_domino,safest_lower_tail_mass,actual_mean_rank_desc,actual_threshold_rank_desc,actual_lower_tail_rank_asc,decision_scalar_ev_lying_by_omission,decision_multi_peak_action_count,decision_max_std,decision_max_shelf_gap,decision_max_hidden_impact,decision_max_hidden_downside,decision_max_hidden_upside,strategy_context_tags,matched_position_detectors,distribution_shape_tags
0,9430,0,blanks,30,0,0,0,0,bidder,offense,0,0,2-2,7,2-2,-11.95231819152832,2-2,0.10199999809265137,2-2,0.4350000023841858,1,1,1,True,7,22.63665199279785,43,23.551812276244164,16.688589529134333,21.710284158587456,bidder_opening_lead|first_trick,bidder_first_lead_plan,hidden_threat_large_impact|high_std|high_variance_close_mean|large_lower_tail|multi_peak_pdf|scalar_ev_lying_by_omission|wide_shelf_gap
0,9430,0,blanks,30,1,0,1,1,left_setter,defense,0,0,5-2,1,5-2,-14.996599197387695,5-2,0.4740000069141388,5-2,0.515999972820282,1,1,1,False,1,23.535964965820312,23,21.158482186496258,11.088662922382355,19.62651727348566,first_setter_response|first_trick,first_setter_pounce_window,hidden_threat_large_impact|high_std|large_lower_tail|multi_peak_pdf|wide_shelf_gap
0,9430,0,blanks,30,2,0,2,2,bidder_partner,offense,0,0,4-2,2,4-2,35.04350662231445,4-2,0.9340000152587891,2-1,0.0,1,1,2,True,2,12.556025505065918,22,7.188383936882019,5.879911959171295,7.188383936882019,first_trick|partner_third_seat_support,partner_third_seat_safe_donation,hidden_threat_large_impact|high_variance_close_mean|multi_peak_pdf|scalar_ev_lying_by_omission|wide_shelf_gap
0,9430,0,blanks,30,3,0,3,3,right_setter,defense,0,0,3-2,1,3-2,-7.245913028717041,3-2,0.6209999918937683,3-2,0.34700000286102295,1,1,1,False,1,19.421777725219727,58,13.55682772397995,9.541670173406601,12.673562735319138,defender_last_to_act_closure|first_trick|last_to_act|setter_count_pressure,last_to_act_closure_policy|setter_count_before_certainty,hidden_threat_large_impact|high_std|large_lower_tail|multi_peak_pdf|wide_shelf_gap
0,9430,0,blanks,30,4,1,0,0,bidder,offense,6,0,6-5,6,6-5,-13.342135429382324,6-5,0.1340000033378601,6-5,0.4569999873638153,1,1,1,True,6,24.479524612426758,39,24.697330251336098,18.6095347777009,22.79484397917986,,first_trick_public_belief_update,hidden_threat_large_impact|high_std|high_variance_close_mean|large_lower_tail|multi_peak_pdf|scalar_ev_lying_by_omission|wide_shelf_gap
0,9430,0,blanks,30,5,1,1,1,left_setter,defense,6,0,6-1,1,6-1,-7.76635217666626,6-1,0.6150000095367432,6-1,0.3709999918937683,1,1,1,False,1,25.452041625976562,81,23.87090676277876,13.87311801314354,22.236495044082403,,first_trick_public_belief_update,hidden_threat_large_impact|high_std|large_lower_tail|multi_peak_pdf|wide_shelf_gap
0,9430,0,blanks,30,6,1,2,2,bidder_partner,offense,6,0,5-0,6,2-1,33.52618408203125,5-0,0.8479999899864197,2-0,0.0,3,1,5,True,6,10.83676528930664,27,10.131529569625854,8.037505686283112,10.131529569625854,called_suit_pressure|partner_count_donation,first_trick_public_belief_update|partner_forcedness_and_safety,hidden_threat_large_impact|multi_peak_pdf|scalar_ev_lying_by_omission|wide_shelf_gap
0,9430,0,blanks,30,7,1,3,3,right_setter,defense,6,0,0-0,6,0-0,5.239487171173096,0-0,0.7590000033378601,0-0,0.22300000488758087,1,1,1,True,6,23.30152702331543,70,27.194837663322687,12.380654782056808,26.13379447348416,called_suit_pressure|last_to_act,first_trick_public_belief_update|last_to_act_closure_policy,hidden_threat_large_impact|high_std|high_variance_close_mean|large_lower_tail|multi_peak_pdf|scalar_ev_lying_by_omission|wide_shelf_gap
0,9430,0,blanks,30,8,2,0,3,right_setter,defense,6,6,1-0,5,1-0,-10.189855575561523,1-0,0.5019999742507935,1-0,0.48399999737739563,1,1,1,True,5,25.195396423339844,72,35.85447360575199,22.01592291891575,33.708601005375385,called_suit_pressure|setter_lead_pressure,defender_damage_lead_class|first_trick_public_belief_update,hidden_threat_large_impact|high_std|high_variance_close_mean|large_lower_tail|multi_peak_pdf|scalar_ev_lying_by_omission|wide_shelf_gap
0,9430,0,blanks,30,9,2,1,0,bidder,offense,6,6,4-1,5,4-1,-11.391218185424805,4-1,0.16699999570846558,6-4,0.4569999873638153,1,1,3,True,5,25.654483795166016,73,31.190210223197937,24.503448724746704,28.90521028637886,,first_trick_public_belief_update,hidden_threat_large_impact|high_std|high_variance_close_mean|large_lower_tail|multi_peak_pdf|scalar_ev_lying_by_omission|wide_shelf_gap
0,9430,0,blanks,30,10,2,2,1,left_setter,defense,6,6,1-1,5,1-1,1.4669735431671143,1-1,0.8610000014305115,1-1,0.13899999856948853,1,1,1,True,5,20.419919967651367,61,19.323650360107422,14.518414497375488,18.62865036725998,setter_count_pressure,first_trick_public_belief_update|setter_count_before_certainty,hidden_threat_large_impact|high_std|high_variance_close_mean|large_lower_tail|multi_peak_pdf|scalar_ev_lying_by_omission|wide_shelf_gap
0,9430,0,blanks,30,11,2,3,2,bidder_partner,offense,6,6,6-0,3,6-0,32.23548126220703,6-0,0.8259999752044678,2-0,0.0,1,1,3,True,3,9.73263931274414,26,9.796030879020691,8.525504529476166,8.211378931999207,called_suit_pressure|last_to_act,first_trick_public_belief_update|last_to_act_closure_policy,hidden_threat_large_impact|high_variance_close_mean|multi_peak_pdf|scalar_ev_lying_by_omission|wide_shelf_gap
0,9430,0,blanks,30,12,3,0,2,bidder_partner,offense,12,6,3-3,4,3-3,24.221773147583008,3-3,0.777999997138977,2-0,0.0,1,1,3,True,4,11.738329887390137,25,9.450705647468567,8.178731501102448,9.076916098594666,called_suit_pressure,first_trick_public_belief_update,hidden_threat_large_impact|multi_peak_pdf|scalar_ev_lying_by_omission|wide_shelf_gap
0,9430,0,blanks,30,13,3,1,3,right_setter,defense,12,6,4-3,1,4-3,-25.506542205810547,4-3,0.16099999845027924,4-3,0.8389999866485596,1,1,1,False,1,10.375860214233398,25,15.532192140817642,5.517533211037517,13.906913250684738,,first_trick_public_belief_update,hidden_threat_large_impact|large_lower_tail|multi_peak_pdf|wide_shelf_gap
0,9430,0,blanks,30,14,3,2,0,bidder,offense,12,6,6-3,1,6-3,2.3133559226989746,6-3,0.3190000057220459,6-3,0.26600000262260437,1,1,1,False,1,22.00479507446289,58,19.48883007839322,18.024834418669343,16.24871638417244,,first_trick_public_belief_update,hidden_threat_large_impact|high_std|large_lower_tail|multi_peak_pdf|wide_shelf_gap
0,9430,0,blanks,30,15,3,3,1,left_setter,defense,12,6,3-1,2,3-1,2.993008852005005,3-1,0.8259999752044678,3-1,0.17399999499320984,1,1,1,True,2,19.939990997314453,58,19.840592801570892,16.030501127243042,18.970592826604843,last_to_act,first_trick_public_belief_update|last_to_act_closure_policy,hidden_threat_large_impact|high_std|high_variance_close_mean|multi_peak_pdf|scalar_ev_lying_by_omission|wide_shelf_gap
0,9430,0,blanks,30,16,4,0,2,bidder_partner,offense,13,6,4-0,3,4-0,23.773601531982422,4-0,0.8050000071525574,2-0,0.0,1,1,3,True,3,11.915453910827637,31,10.655542016029358,9.269767105579376,9.135759949684143,called_suit_pressure|late_hand,first_trick_public_belief_update|late_trick_threshold_closure,hidden_threat_large_impact|multi_peak_pdf|scalar_ev_lying_by_omission|wide_shelf_gap
0,9430,0,blanks,30,17,4,1,3,right_setter,defense,13,6,3-0,1,3-0,-25.889442443847656,3-0,0.13300000131130219,3-0,0.8669999837875366,1,1,1,False,1,8.151439666748047,25,14.978130251169205,5.166703507304192,13.259617775678635,called_suit_pressure|late_hand,first_trick_public_belief_update|late_trick_threshold_closure,hidden_threat_large_impact|large_lower_tail|multi_peak_pdf|wide_shelf_gap
0,9430,0,blanks,30,18,4,2,0,bidder,offense,13,6,6-4,3,6-4,7.785787105560303,6-2,0.30399999022483826,6-4,0.0,1,2,1,True,3,22.923908233642578,56,20.875263392925262,16.764266535639763,19.654321536421776,late_hand,first_trick_public_belief_update|late_trick_threshold_closure,hidden_threat_large_impact|high_std|large_lower_tail|multi_peak_pdf|scalar_ev_lying_by_omission|wide_shelf_gap
0,9430,0,blanks,30,19,4,3,1,left_setter,defense,13,6,4-4,3,4-4,-4.090425491333008,4-4,0.8080000281333923,4-4,0.19200000166893005,1,1,1,False,3,13.271746635437012,35,14.263013899326324,13.091855108737946,13.303013890981674,last_to_act|late_hand|setter_count_pressure,first_trick_public_belief_update|last_to_act_closure_policy|late_trick_threshold_closure|setter_count_before_certainty,hidden_threat_large_impact|high_variance_close_mean|large_lower_tail|multi_peak_pdf|wide_shelf_gap
0,9430,0,blanks,30,20,5,0,2,bidder_partner,offense,24,6,2-1,2,2-1,7.686462879180908,2-0,0.0,2-0,0.0,1,2,2,True,2,14.223348617553711,34,10.88679552078247,9.462354898452759,10.88679552078247,called_suit_pressure|late_hand,first_trick_public_belief_update|late_trick_threshold_closure,hidden_threat_large_impact|high_variance_close_mean|multi_peak_pdf|scalar_ev_lying_by_omission|wide_shelf_gap
0,9430,0,blanks,30,21,5,1,3,right_setter,defense,24,6,5-1,2,5-1,-16.701452255249023,5-1,0.5130000114440918,5-1,0.0,1,1,1,False,2,1.1209626197814941,2,6.279345512390137,3.7143454551696777,5.961095809936523,late_hand,first_trick_public_belief_update|late_trick_threshold_closure,hidden_threat_large_impact|high_variance_close_mean|multi_peak_pdf
0,9430,0,blanks,30,22,5,2,0,bidder,offense,24,6,6-2,1,6-2,1.4449042081832886,6-2,0.0,6-2,0.0,1,1,1,False,1,16.63649559020996,34,17.225030779838562,17.225030779838562,16.190740704536438,late_hand,first_trick_public_belief_update|late_trick_threshold_closure,hidden_threat_large_impact|high_std|multi_peak_pdf|wide_shelf_gap
0,9430,0,blanks,30,23,5,3,1,left_setter,defense,24,6,5-3,2,5-3,-0.8462982773780823,5-3,0.5040000081062317,5-3,0.0,1,1,1,True,2,16.681211471557617,34,21.855198919773102,19.335198879241943,21.508292138576508,last_to_act|late_hand|setter_count_pressure,first_trick_public_belief_update|last_to_act_closure_policy|late_trick_threshold_closure|setter_count_before_certainty,hidden_threat_large_impact|high_std|high_variance_close_mean|multi_peak_pdf|scalar_ev_lying_by_omission|wide_shelf_gap
0,9430,0,blanks,30,24,6,0,0,bidder,offense,25,6,6-6,1,6-6,-0.5678256750106812,6-6,0.0,6-6,0.0,1,1,1,False,1,16.585725784301758,33,16.952892661094666,16.318278908729553,16.952892661094666,late_hand,first_trick_public_belief_update|late_trick_threshold_closure,hidden_threat_large_impact|high_std|multi_peak_pdf|wide_shelf_gap
0,9430,0,blanks,30,25,6,1,1,left_setter,defense,25,6,5-5,1,5-5,1.116323709487915,5-5,1.0,5-5,0.0,1,1,1,False,1,16.527135848999023,34,17.656423807144165,17.656423807144165,15.470075368881226,late_hand|setter_count_pressure,first_trick_public_belief_update|late_trick_threshold_closure|setter_count_before_certainty,hidden_threat_large_impact|high_std|multi_peak_pdf|wide_shelf_gap
0,9430,0,blanks,30,26,6,2,2,bidder_partner,offense,25,6,2-0,1,2-0,16.669479370117188,2-0,0.0,2-0,0.0,1,1,1,False,0,5.7220458984375e-06,0,3.814697265625e-06,3.814697265625e-06,0.0,called_suit_pressure|late_hand,first_trick_public_belief_update|late_trick_threshold_closure,
0,9430,0,blanks,30,27,6,3,3,right_setter,defense,25,6,5-4,1,5-4,-16.659639358520508,5-4,1.0,5-4,0.0,1,1,1,False,0,3.814697265625e-06,0,0.0,0.0,0.0,last_to_act|late_hand,first_trick_public_belief_update|last_to_act_closure_policy|late_trick_threshold_closure,
1,9430,1,ones,30,0,0,0,0,bidder,offense,0,0,2-2,7,2-2,-9.663941383361816,2-2,0.1850000023841858,6-5,0.4350000023841858,1,1,2,True,7,28.38338851928711,83,35.45522537827492,23.50223959982395,33.278454810380936,bidder_opening_lead|called_suit_pressure|first_trick,bidder_first_lead_plan,hidden_threat_large_impact|high_std|high_variance_close_mean|large_lower_tail|multi_peak_pdf|scalar_ev_lying_by_omission|wide_shelf_gap
1,9430,1,ones,30,1,0,1,1,left_setter,defense,0,0,5-2,1,5-2,20.00971031188965,5-2,0.9750000238418579,5-2,0.020999999716877937,1,1,1,False,1,16.907028198242188,23,17.312311228364706,16.762707825750113,5.380599225871265,first_setter_response|first_trick,first_setter_pounce_window,hidden_threat_large_impact|high_std|multi_peak_pdf|wide_shelf_gap
1,9430,1,ones,30,2,0,2,2,bidder_partner,offense,0,0,4-2,2,4-2,-13.506436347961426,4-2,0.12399999797344208,4-2,0.5059999823570251,1,1,1,True,2,24.198341369628906,83,15.668424397706985,11.454528354108334,14.640325635671616,first_trick|partner_third_seat_support,partner_third_seat_safe_donation,hidden_threat_large_impact|high_std|high_variance_close_mean|large_lower_tail|multi_peak_pdf|scalar_ev_lying_by_omission|wide_shelf_gap
1,9430,1,ones,30,3,0,3,3,right_setter,defense,0,0,3-2,1,3-2,-18.495832443237305,3-2,0.37400001287460327,3-2,0.6129999756813049,1,1,1,False,1,21.722848892211914,23,20.80503535270691,16.098489075899124,19.292454838752747,defender_last_to_act_closure|first_trick|last_to_act|setter_count_pressure,last_to_act_closure_policy|setter_count_before_certainty,hidden_threat_large_impact|high_std|large_lower_tail|multi_peak_pdf|wide_shelf_gap
1,9430,1,ones,30,4,1,0,0,bidder,offense,6,0,6-5,6,6-5,-10.728650093078613,6-5,0.1860000044107437,6-5,0.45399999618530273,1,1,1,True,6,28.648635864257812,83,35.74548767507076,23.000229731202126,33.5529654994607,called_suit_pressure,first_trick_public_belief_update,hidden_threat_large_impact|high_std|high_variance_close_mean|large_lower_tail|multi_peak_pdf|scalar_ev_lying_by_omission|wide_shelf_gap
1,9430,1,ones,30,5,1,1,1,left_setter,defense,6,0,3-1,6,3-1,30.146865844726562,3-1,0.9890000224113464,3-1,0.00800000037997961,1,1,1,True,6,23.63279914855957,62,24.144002875313163,14.320680839940906,23.380636136047542,called_suit_pressure|setter_count_pressure,first_trick_public_belief_update|setter_count_before_certainty,hidden_threat_large_impact|high_std|multi_peak_pdf|scalar_ev_lying_by_omission|wide_shelf_gap
1,9430,1,ones,30,6,1,2,2,bidder_partner,offense,6,0,6-0,1,6-0,-33.364131927490234,6-0,0.004000000189989805,6-0,0.8740000128746033,1,1,1,False,1,13.493685722351074,3,10.31735155172646,6.138770361896604,9.546700151637197,,first_trick_public_belief_update,hidden_threat_large_impact|large_lower_tail|multi_peak_pdf
1,9430,1,ones,30,7,1,3,3,right_setter,defense,6,0,5-4,6,5-4,20.818191528320312,5-4,0.9459999799728394,5-4,0.04899999871850014,1,1,1,True,5,27.242998123168945,81,21.274874806404114,20.275081992149353,19.3238338008523,called_suit_pressure|last_to_act,first_trick_public_belief_update|last_to_act_closure_policy,hidden_threat_large_impact|high_std|multi_peak_pdf|scalar_ev_lying_by_omission|wide_shelf_gap
1,9430,1,ones,30,8,2,0,1,left_setter,defense,6,1,1-1,5,1-1,33.96227264404297,1-1,0.968999981880188,1-1,0.029999999329447746,1,1,1,True,5,26.105810165405273,66,36.85438518226147,35.43347601592541,22.23972805775702,called_suit_pressure|setter_count_pressure|setter_lead_pressure,defender_damage_lead_class|first_trick_public_belief_update|setter_count_before_certainty,hidden_threat_large_impact|high_std|multi_peak_pdf|scalar_ev_lying_by_omission|wide_shelf_gap
1,9430,1,ones,30,9,2,1,2,bidder_partner,offense,6,1,2-1,1,2-1,-39.97710418701172,2-1,0.0,2-1,0.9950000047683716,1,1,1,False,0,3.1046459674835205,0,2.096134662628174,0.9275062084197998,1.9359495639801025,called_suit_pressure,first_trick_public_belief_update,large_lower_tail
1,9430,1,ones,30,10,2,2,3,right_setter,defense,6,1,1-0,2,1-0,28.16043472290039,1-0,0.9810000061988831,1-0,0.01899999938905239,1,1,1,True,2,19.51493263244629,29,17.276647459715605,17.0627672187984,12.268307492136955,called_suit_pressure,first_trick_public_belief_update,hidden_threat_large_impact|high_std|high_variance_close_mean|multi_peak_pdf|scalar_ev_lying_by_omission|wide_shelf_gap
1,9430,1,ones,30,11,2,3,0,bidder,offense,6,1,4-1,1,4-1,-25.66086769104004,4-1,0.04899999871850014,4-1,0.6629999876022339,1,1,1,False,1,18.57562255859375,27,20.160148046910763,10.961802775971591,18.282273910939693,called_suit_pressure|last_to_act,first_trick_public_belief_update|last_to_act_closure_policy,hidden_threat_large_impact|high_std|large_lower_tail|multi_peak_pdf|wide_shelf_gap
1,9430,1,ones,30,12,3,0,1,left_setter,defense,6,7,6-1,4,6-1,35.35114288330078,4-4,1.0,4-4,0.0,1,3,3,True,3,22.433591842651367,56,23.305041462183,22.307807475328445,19.34687928855419,called_suit_pressure|setter_count_pressure|setter_lead_pressure,defender_damage_lead_class|first_trick_public_belief_update|setter_count_before_certainty,hidden_threat_large_impact|high_std|multi_peak_pdf|scalar_ev_lying_by_omission|wide_shelf_gap
1,9430,1,ones,30,13,3,1,2,bidder_partner,offense,6,7,4-0,4,4-0,-31.997650146484375,2-0,0.0,4-0,0.890999972820282,1,3,1,True,4,7.578274726867676,26,6.777944922447205,4.632736325263977,5.980580508708954,partner_count_donation,first_trick_public_belief_update|partner_forcedness_and_safety,hidden_threat_large_impact|high_variance_close_mean|large_lower_tail|multi_peak_pdf|scalar_ev_lying_by_omission|wide_shelf_gap
1,9430,1,ones,30,14,3,2,3,right_setter,defense,6,7,5-1,1,5-1,8.666947364807129,5-1,0.8149999976158142,5-1,0.1850000023841858,1,1,1,False,1,24.598495483398438,68,26.603327989578247,25.488854348659515,24.075938642024994,called_suit_pressure,first_trick_public_belief_update,hidden_threat_large_impact|high_std|multi_peak_pdf|wide_shelf_gap
1,9430,1,ones,30,15,3,3,0,bidder,offense,6,7,6-6,4,6-6,-20.246519088745117,6-6,0.08799999952316284,6-6,0.6320000290870667,1,1,1,True,4,20.735258102416992,24,24.31301075220108,12.27025705575943,22.344187080860138,last_to_act,first_trick_public_belief_update|last_to_act_closure_policy,hidden_threat_large_impact|high_std|high_variance_close_mean|large_lower_tail|multi_peak_pdf|scalar_ev_lying_by_omission|wide_shelf_gap
1,9430,1,ones,30,16,4,0,1,left_setter,defense,6,8,4-4,3,4-4,34.26399230957031,4-4,1.0,4-4,0.0,1,1,1,False,0,0.277171790599823,0,0.23981857299804688,0.23981857299804688,0.16051483154296875,late_hand|setter_count_pressure|setter_lead_pressure,defender_damage_lead_class|first_trick_public_belief_update|late_trick_threshold_closure|setter_count_before_certainty,high_variance_close_mean
1,9430,1,ones,30,17,4,1,2,bidder_partner,offense,6,8,3-3,3,3-3,-31.073577880859375,2-0,0.0,3-3,0.906000018119812,1,2,1,True,3,6.123251438140869,17,7.090757846832275,4.514409303665161,6.352531671524048,late_hand|partner_count_donation,first_trick_public_belief_update|late_trick_threshold_closure|partner_forcedness_and_safety,hidden_threat_large_impact|high_variance_close_mean|large_lower_tail|multi_peak_pdf|scalar_ev_lying_by_omission
1,9430,1,ones,30,18,4,2,3,right_setter,defense,6,8,4-3,1,4-3,10.95639705657959,4-3,1.0,4-3,0.0,1,1,1,False,1,20.338634490966797,43,20.321030616760254,19.940441131591797,20.321030616760254,late_hand,first_trick_public_belief_update|late_trick_threshold_closure,hidden_threat_large_impact|high_std|multi_peak_pdf|wide_shelf_gap
1,9430,1,ones,30,19,4,3,0,bidder,offense,6,8,6-4,1,6-4,-17.37030792236328,6-4,0.0,6-4,0.5799999833106995,1,1,1,False,1,18.39832305908203,44,26.834357857704163,19.32241380214691,23.934357941150665,last_to_act|late_hand,first_trick_public_belief_update|last_to_act_closure_policy|late_trick_threshold_closure,hidden_threat_large_impact|high_std|large_lower_tail|multi_peak_pdf|wide_shelf_gap
1,9430,1,ones,30,20,5,0,1,left_setter,defense,6,19,5-3,2,5-3,22.55788230895996,5-3,1.0,5-3,0.0,1,1,1,False,0,0.15261781215667725,0,0.13146400451660156,0.13146400451660156,0.06366920471191406,late_hand|setter_count_pressure|setter_lead_pressure,defender_damage_lead_class|first_trick_public_belief_update|late_trick_threshold_closure|setter_count_before_certainty,high_variance_close_mean
1,9430,1,ones,30,21,5,1,2,bidder_partner,offense,6,19,5-0,1,5-0,-22.215436935424805,5-0,0.0,5-0,1.0,1,1,1,False,1,1.2106105089187622,2,1.6702518463134766,0.9380455017089844,1.6702518463134766,late_hand|partner_count_donation,first_trick_public_belief_update|late_trick_threshold_closure|partner_forcedness_and_safety,large_lower_tail|multi_peak_pdf
1,9430,1,ones,30,22,5,2,3,right_setter,defense,6,19,3-0,2,3-0,3.2893295288085938,0-0,0.6809999942779541,0-0,0.3190000057220459,1,2,2,True,2,20.43423843383789,46,39.86998653411865,36.46498656272888,24.558282613754272,late_hand,first_trick_public_belief_update|late_trick_threshold_closure,hidden_threat_large_impact|high_std|high_variance_close_mean|large_lower_tail|multi_peak_pdf|scalar_ev_lying_by_omission|wide_shelf_gap
1,9430,1,ones,30,23,5,3,0,bidder,offense,6,19,6-3,2,6-3,-16.31708335876465,6-2,0.0,6-3,0.7480000257492065,1,2,1,True,2,13.440269470214844,32,30.607220888137817,11.021485567092896,26.867220759391785,last_to_act|late_hand,first_trick_public_belief_update|last_to_act_closure_policy|late_trick_threshold_closure,hidden_threat_large_impact|high_variance_close_mean|large_lower_tail|multi_peak_pdf|scalar_ev_lying_by_omission|wide_shelf_gap
1,9430,1,ones,30,24,6,0,1,left_setter,defense,6,25,5-5,1,5-5,16.82395362854004,5-5,1.0,5-5,0.0,1,1,1,False,0,0.026033086702227592,0,0.03626251220703125,0.03626251220703125,0.03232383728027344,late_hand|setter_count_pressure|setter_lead_pressure,defender_damage_lead_class|first_trick_public_belief_update|late_trick_threshold_closure|setter_count_before_certainty,
1,9430,1,ones,30,25,6,1,2,bidder_partner,offense,6,25,2-0,1,2-0,-16.73847770690918,2-0,0.0,2-0,0.0,1,1,1,False,0,0.0,0,0.0,0.0,0.0,late_hand,first_trick_public_belief_update|late_trick_threshold_closure,
1,9430,1,ones,30,26,6,2,3,right_setter,defense,6,25,0-0,1,0-0,16.720380783081055,0-0,1.0,0-0,0.0,1,1,1,False,0,3.814697265625e-06,0,1.9073486328125e-06,1.9073486328125e-06,0.0,late_hand,first_trick_public_belief_update|late_trick_threshold_closure,
1,9430,1,ones,30,27,6,3,0,bidder,offense,6,25,6-2,1,6-2,-16.712491989135742,6-2,0.0,6-2,0.0,1,1,1,False,0,1.9073486328125e-06,0,0.0,0.0,0.0,last_to_act|late_hand,first_trick_public_belief_update|last_to_act_closure_policy|late_trick_threshold_closure,
2,9430,2,twos,30,0,0,0,0,bidder,offense,0,0,6-2,7,6-2,20.957599639892578,6-2,0.6420000195503235,6-2,0.10100000351667404,1,1,1,True,6,27.685956954956055,79,22.77351176738739,21.62654212117195,15.719508022069931,bidder_opening_lead|called_suit_pressure|first_trick,bidder_first_lead_plan,hidden_threat_large_impact|high_std|large_lower_tail|multi_peak_pdf|scalar_ev_lying_by_omission|wide_shelf_gap
2,9430,2,twos,30,1,0,1,1,left_setter,defense,0,0,5-2,1,5-2,-10.35860538482666,5-2,0.5260000228881836,5-2,0.4650000035762787,1,1,1,False,1,27.881977081298828,83,38.380058228969574,18.391486167907715,36.35435399413109,called_suit_pressure|first_setter_response|first_trick,first_setter_pounce_window,hidden_threat_large_impact|high_std|large_lower_tail|multi_peak_pdf|wide_shelf_gap
2,9430,2,twos,30,2,0,2,2,bidder_partner,offense,0,0,2-0,3,2-0,8.031536102294922,2-0,0.4020000100135803,2-0,0.2029999941587448,1,1,1,True,3,27.307323455810547,79,28.569687893614173,25.903222016990185,27.203790391795337,called_suit_pressure|first_trick|partner_third_seat_support,partner_third_seat_safe_donation,hidden_threat_large_impact|high_std|high_variance_close_mean|large_lower_tail|multi_peak_pdf|scalar_ev_lying_by_omission|wide_shelf_gap
2,9430,2,twos,30,3,0,3,3,right_setter,defense,0,0,3-2,1,3-2,-34.75611114501953,3-2,0.11100000143051147,3-2,0.8809999823570251,1,1,1,False,0,13.06016731262207,0,11.58815050125122,6.115528089925647,10.824941635131836,called_suit_pressure|defender_last_to_act_closure|first_trick|last_to_act|setter_count_pressure,last_to_act_closure_policy|setter_count_before_certainty,hidden_threat_large_impact|large_lower_tail
2,9430,2,twos,30,4,1,0,0,bidder,offense,6,0,6-5,6,2-2,17.071685791015625,6-5,0.5289999842643738,2-2,0.05900000035762787,2,1,2,True,6,29.82528305053711,81,26.119627974927425,17.93431556224823,25.165492188185453,called_suit_pressure,first_trick_public_belief_update,hidden_threat_large_impact|high_std|large_lower_tail|multi_peak_pdf|scalar_ev_lying_by_omission|wide_shelf_gap
2,9430,2,twos,30,5,1,1,1,left_setter,defense,6,0,6-1,1,6-1,-1.3433938026428223,6-1,0.6700000166893005,6-1,0.32100000977516174,1,1,1,False,1,27.571542739868164,81,24.42402185127139,14.726410627365112,22.954156940802932,,first_trick_public_belief_update,hidden_threat_large_impact|high_std|large_lower_tail|multi_peak_pdf|wide_shelf_gap
2,9430,2,twos,30,6,1,2,2,bidder_partner,offense,6,0,6-0,1,6-0,10.320472717285156,6-0,0.42899999022483826,6-0,0.17800000309944153,1,1,1,False,1,25.05318832397461,23,21.829136818647385,19.970251455903053,21.186661556363106,,first_trick_public_belief_update,hidden_threat_large_impact|high_std|multi_peak_pdf|wide_shelf_gap
2,9430,2,twos,30,7,1,3,3,right_setter,defense,6,0,3-0,6,3-0,-28.506624221801758,0-0,0.1979999989271164,1-0,0.7929999828338623,1,2,2,True,4,19.57662010192871,6,18.56074431538582,9.360144272446632,17.46736416220665,last_to_act,first_trick_public_belief_update|last_to_act_closure_policy,hidden_threat_large_impact|high_std|high_variance_close_mean|large_lower_tail|multi_peak_pdf|scalar_ev_lying_by_omission
2,9430,2,twos,30,8,2,0,0,bidder,offense,7,0,2-2,5,2-2,14.375144958496094,2-2,0.49000000953674316,2-2,0.10499999672174454,1,1,1,True,5,26.43704605102539,79,42.780877470970154,18.540522515773773,41.40587744116783,called_suit_pressure,first_trick_public_belief_update,hidden_threat_large_impact|high_std|large_lower_tail|multi_peak_pdf|scalar_ev_lying_by_omission|wide_shelf_gap
2,9430,2,twos,30,9,2,1,1,left_setter,defense,7,0,5-3,5,5-3,-11.215330123901367,5-3,0.550000011920929,5-3,0.4429999887943268,1,1,1,True,5,22.60260009765625,55,16.626242756843567,15.50619861483574,13.598721608519554,setter_count_pressure,first_trick_public_belief_update|setter_count_before_certainty,hidden_threat_large_impact|high_std|high_variance_close_mean|large_lower_tail|multi_peak_pdf|scalar_ev_lying_by_omission|wide_shelf_gap
2,9430,2,twos,30,10,2,2,2,bidder_partner,offense,7,0,2-1,2,2-1,33.80387496948242,2-1,0.875,2-1,0.004999999888241291,1,1,1,False,2,13.87874698638916,10,8.102631151676178,7.404347538948059,7.862573170103133,called_suit_pressure,first_trick_public_belief_update,hidden_threat_large_impact|high_variance_close_mean|multi_peak_pdf
2,9430,2,twos,30,11,2,3,3,right_setter,defense,7,0,1-0,5,1-0,-34.30833053588867,1-0,0.09300000220537186,1-0,0.9039999842643738,1,1,1,False,1,10.7641019821167,2,6.516768828034401,4.820717105641961,5.945314660668373,last_to_act,first_trick_public_belief_update|last_to_act_closure_policy,hidden_threat_large_impact|high_variance_close_mean|large_lower_tail|multi_peak_pdf
2,9430,2,twos,30,12,3,0,0,bidder,offense,8,0,6-3,4,6-6,37.2101936340332,6-3,1.0,6-3,0.0,2,1,1,True,1,19.08124351501465,47,17.451592661440372,15.310920678079128,17.276592660695314,,first_trick_public_belief_update,hidden_threat_large_impact|high_std|high_variance_close_mean|multi_peak_pdf|scalar_ev_lying_by_omission|wide_shelf_gap
2,9430,2,twos,30,13,3,1,1,left_setter,defense,8,0,3-1,4,3-1,-22.787303924560547,3-1,0.32199999690055847,3-1,0.675000011920929,1,1,1,True,4,18.719623565673828,51,17.351866029202938,15.951950084418058,14.477074414491653,setter_count_pressure,first_trick_public_belief_update|setter_count_before_certainty,hidden_threat_large_impact|high_std|high_variance_close_mean|large_lower_tail|multi_peak_pdf|scalar_ev_lying_by_omission|wide_shelf_gap
2,9430,2,twos,30,14,3,2,2,bidder_partner,offense,8,0,3-3,4,5-0,39.62348175048828,3-3,1.0,3-3,0.0,3,1,1,True,1,25.593612670898438,74,47.449247628450394,41.5056166946888,46.6892476528883,called_suit_pressure|partner_count_donation,first_trick_public_belief_update|partner_forcedness_and_safety,hidden_threat_large_impact|high_std|high_variance_close_mean|multi_peak_pdf|scalar_ev_lying_by_omission|wide_shelf_gap
2,9430,2,twos,30,15,3,3,3,right_setter,defense,8,0,0-0,4,0-0,-38.1353874206543,0-0,0.0,0-0,1.0,1,1,1,False,0,1.1473464965820312,0,1.3720664978027344,1.1458473205566406,1.3720664978027344,last_to_act,first_trick_public_belief_update|last_to_act_closure_policy,high_variance_close_mean|large_lower_tail
2,9430,2,twos,30,16,4,0,0,bidder,offense,9,0,6-6,3,6-6,35.56633758544922,6-4,1.0,6-4,0.0,1,2,2,True,1,18.851200103759766,52,19.188481785357,16.78042694181204,19.01348178461194,late_hand,first_trick_public_belief_update|late_trick_threshold_closure,hidden_threat_large_impact|high_std|high_variance_close_mean|multi_peak_pdf|scalar_ev_lying_by_omission|wide_shelf_gap
2,9430,2,twos,30,17,4,1,1,left_setter,defense,9,0,1-1,3,1-1,-36.081233978271484,1-1,0.0,1-1,1.0,1,1,1,False,3,1.203275203704834,3,1.2552413940429688,1.1789016723632812,1.2552413940429688,late_hand|setter_count_pressure,first_trick_public_belief_update|late_trick_threshold_closure|setter_count_before_certainty,high_variance_close_mean|large_lower_tail|multi_peak_pdf
2,9430,2,twos,30,18,4,2,2,bidder_partner,offense,9,0,4-0,3,5-0,36.550750732421875,4-0,1.0,4-0,0.0,2,1,1,True,1,32.98856735229492,72,56.823032557964325,33.23877730965614,53.86303251981735,called_suit_pressure|late_hand|partner_count_donation,first_trick_public_belief_update|late_trick_threshold_closure|partner_forcedness_and_safety,hidden_threat_large_impact|high_std|high_variance_close_mean|large_lower_tail|multi_peak_pdf|scalar_ev_lying_by_omission|wide_shelf_gap
2,9430,2,twos,30,19,4,3,3,right_setter,defense,9,0,5-1,3,5-1,-36.41838073730469,4-3,0.0,4-3,1.0,1,2,2,True,0,1.0377823114395142,0,1.0274314880371094,0.7535133361816406,1.0274314880371094,last_to_act|late_hand,first_trick_public_belief_update|last_to_act_closure_policy|late_trick_threshold_closure,high_variance_close_mean|large_lower_tail|scalar_ev_lying_by_omission
2,9430,2,twos,30,20,5,0,0,bidder,offense,10,0,6-4,2,6-4,34.609230041503906,6-4,1.0,4-1,0.0,1,1,2,True,1,13.759939193725586,42,20.697229146957397,17.35222899913788,17.18099617958069,late_hand,first_trick_public_belief_update|late_trick_threshold_closure,hidden_threat_large_impact|high_variance_close_mean|multi_peak_pdf|scalar_ev_lying_by_omission|wide_shelf_gap
2,9430,2,twos,30,21,5,1,1,left_setter,defense,10,0,4-4,2,4-4,-38.76314926147461,4-4,0.0,4-4,1.0,1,1,1,False,0,0.20945826172828674,0,0.1659088134765625,0.1472320556640625,0.1659088134765625,late_hand|setter_count_pressure,first_trick_public_belief_update|late_trick_threshold_closure|setter_count_before_certainty,high_variance_close_mean|large_lower_tail
2,9430,2,twos,30,22,5,2,2,bidder_partner,offense,10,0,5-0,2,5-0,38.29066848754883,5-0,1.0,4-2,0.0,1,1,2,True,1,20.575265884399414,54,45.290457129478455,16.967355966567993,45.290457129478455,called_suit_pressure|late_hand|partner_count_donation,first_trick_public_belief_update|late_trick_threshold_closure|partner_forcedness_and_safety,hidden_threat_large_impact|high_std|high_variance_close_mean|multi_peak_pdf|scalar_ev_lying_by_omission|wide_shelf_gap
2,9430,2,twos,30,23,5,3,3,right_setter,defense,10,0,4-3,2,4-3,-39.21086502075195,4-3,0.0,4-3,1.0,1,1,1,False,0,0.07975167781114578,0,0.09804534912109375,0.08156967163085938,0.09804534912109375,last_to_act|late_hand,first_trick_public_belief_update|last_to_act_closure_policy|late_trick_threshold_closure,high_variance_close_mean|large_lower_tail
2,9430,2,twos,30,24,6,0,0,bidder,offense,26,0,4-1,1,4-1,21.607067108154297,4-1,1.0,4-1,0.0,1,1,1,False,0,0.26902636885643005,0,0.27611732482910156,0.27611732482910156,0.26212310791015625,late_hand,first_trick_public_belief_update|late_trick_threshold_closure,
2,9430,2,twos,30,25,6,1,1,left_setter,defense,26,0,5-5,1,5-5,-22.06024169921875,5-5,0.0,5-5,1.0,1,1,1,False,0,0.0,0,1.9073486328125e-06,0.0,1.9073486328125e-06,late_hand|setter_count_pressure,first_trick_public_belief_update|late_trick_threshold_closure|setter_count_before_certainty,large_lower_tail
2,9430,2,twos,30,26,6,2,2,bidder_partner,offense,26,0,4-2,1,4-2,25.648550033569336,4-2,1.0,4-2,0.0,1,1,1,False,0,5.7220458984375e-06,0,3.814697265625e-06,3.814697265625e-06,0.0,called_suit_pressure|late_hand,first_trick_public_belief_update|late_trick_threshold_closure,
2,9430,2,twos,30,27,6,3,3,right_setter,defense,26,0,5-4,1,5-4,-21.935420989990234,5-4,0.0,5-4,1.0,1,1,1,False,0,3.814697265625e-06,0,0.0,0.0,0.0,last_to_act|late_hand,first_trick_public_belief_update|last_to_act_closure_policy|late_trick_threshold_closure,large_lower_tail
3,9430,3,threes,30,0,0,0,0,bidder,offense,0,0,6-3,7,2-2,-5.402653694152832,6-3,0.27799999713897705,6-5,0.37400001287460327,3,1,5,True,7,31.300670623779297,83,40.94345658272505,22.672125082463026,38.96291771158576,bidder_opening_lead|called_suit_pressure|first_trick,bidder_first_lead_plan,hidden_threat_large_impact|high_std|high_variance_close_mean|large_lower_tail|multi_peak_pdf|scalar_ev_lying_by_omission|wide_shelf_gap
3,9430,3,threes,30,1,0,1,1,left_setter,defense,0,0,3-1,2,3-1,-0.4344791769981384,3-1,0.6269999742507935,3-1,0.3630000054836273,1,1,1,True,2,29.76579475402832,83,40.60582835972309,26.81567844748497,38.56432393938303,called_suit_pressure|first_setter_response|first_trick,first_setter_pounce_window,hidden_threat_large_impact|high_std|high_variance_close_mean|large_lower_tail|multi_peak_pdf|scalar_ev_lying_by_omission|wide_shelf_gap
3,9430,3,threes,30,2,0,2,2,bidder_partner,offense,0,0,3-3,1,3-3,-6.8080620765686035,3-3,0.17399999499320984,3-3,0.3569999933242798,1,1,1,False,1,24.365068435668945,83,16.59614047408104,11.635974407196045,15.734707400202751,called_suit_pressure|first_trick|partner_third_seat_support,partner_third_seat_safe_donation,hidden_threat_large_impact|high_std|large_lower_tail|multi_peak_pdf|wide_shelf_gap
3,9430,3,threes,30,3,0,3,3,right_setter,defense,0,0,3-0,3,3-0,-3.4598183631896973,3-0,0.7080000042915344,3-0,0.2709999978542328,1,1,1,True,3,20.657854080200195,71,22.073624402284622,12.656992197036743,20.517676666378975,called_suit_pressure|defender_last_to_act_closure|first_trick|last_to_act|setter_count_pressure,last_to_act_closure_policy|setter_count_before_certainty,hidden_threat_large_impact|high_std|high_variance_close_mean|large_lower_tail|multi_peak_pdf|scalar_ev_lying_by_omission|wide_shelf_gap
3,9430,3,threes,30,4,1,0,2,bidder_partner,offense,1,0,5-0,6,5-0,-22.557767868041992,5-0,0.08299999684095383,6-0,0.6539999842643738,1,1,2,True,5,22.738122940063477,34,26.395207956433296,11.967480977997184,24.243541300296783,partner_count_donation,first_trick_public_belief_update|partner_forcedness_and_safety,hidden_threat_large_impact|high_std|high_variance_close_mean|large_lower_tail|multi_peak_pdf|scalar_ev_lying_by_omission|wide_shelf_gap
3,9430,3,threes,30,5,1,1,3,right_setter,defense,1,0,5-4,2,5-4,18.62982177734375,5-4,0.9419999718666077,5-4,0.04800000041723251,1,1,1,True,2,23.594038009643555,47,20.83643965423107,19.976656958460808,17.75308132520877,,first_trick_public_belief_update,hidden_threat_large_impact|high_std|high_variance_close_mean|multi_peak_pdf|scalar_ev_lying_by_omission|wide_shelf_gap
3,9430,3,threes,30,6,1,2,0,bidder,offense,1,0,6-5,1,6-5,-11.251360893249512,6-5,0.17900000512599945,6-5,0.4959999918937683,1,1,1,False,1,27.355546951293945,83,22.390824496746063,19.514449402689934,21.085427716374397,,first_trick_public_belief_update,hidden_threat_large_impact|high_std|large_lower_tail|multi_peak_pdf|wide_shelf_gap
3,9430,3,threes,30,7,1,3,1,left_setter,defense,1,0,5-5,2,5-5,36.22264099121094,5-5,1.0,5-5,0.0,1,1,1,False,2,21.03783416748047,58,21.85835823044181,11.935721933841705,20.478886110708117,last_to_act|setter_count_pressure,first_trick_public_belief_update|last_to_act_closure_policy|setter_count_before_certainty,hidden_threat_large_impact|high_std|high_variance_close_mean|large_lower_tail|multi_peak_pdf|wide_shelf_gap
3,9430,3,threes,30,8,2,0,1,left_setter,defense,1,16,5-3,5,5-3,19.22078514099121,5-3,0.9860000014305115,5-3,0.012000000104308128,1,1,1,False,5,19.77524185180664,49,19.26899215579033,13.666605681180954,18.578992173075676,called_suit_pressure|setter_lead_pressure,defender_damage_lead_class|first_trick_public_belief_update,hidden_threat_large_impact|high_std|multi_peak_pdf|wide_shelf_gap
3,9430,3,threes,30,9,2,1,2,bidder_partner,offense,1,16,6-0,5,6-0,-24.353591918945312,2-0,0.007000000216066837,6-0,0.781000018119812,1,5,1,True,5,12.25510311126709,23,7.971109805628657,5.0333246337249875,6.955654976889491,,first_trick_public_belief_update,hidden_threat_large_impact|high_variance_close_mean|large_lower_tail|multi_peak_pdf|scalar_ev_lying_by_omission|wide_shelf_gap
3,9430,3,threes,30,10,2,2,3,right_setter,defense,1,16,4-3,2,4-3,28.6274356842041,3-2,1.0,3-2,0.0,1,2,2,True,2,4.84428596496582,11,1.9892520904541016,1.641916275024414,1.9892520904541016,called_suit_pressure|setter_count_pressure,first_trick_public_belief_update|setter_count_before_certainty,high_variance_close_mean|multi_peak_pdf|scalar_ev_lying_by_omission
3,9430,3,threes,30,11,2,3,0,bidder,offense,1,16,6-6,5,6-6,-25.322965621948242,2-2,0.0,6-2,0.8019999861717224,1,5,2,True,5,10.332411766052246,24,7.158852934837341,5.810081243515015,6.195728003978729,last_to_act,first_trick_public_belief_update|last_to_act_closure_policy,hidden_threat_large_impact|high_variance_close_mean|large_lower_tail|multi_peak_pdf|scalar_ev_lying_by_omission|wide_shelf_gap
3,9430,3,threes,30,12,3,0,1,left_setter,defense,1,17,1-1,4,1-1,26.868648529052734,1-1,1.0,1-1,0.0,1,1,1,False,4,17.43813705444336,40,19.180353179574013,18.98621816933155,10.428094983100891,setter_lead_pressure,defender_damage_lead_class|first_trick_public_belief_update,hidden_threat_large_impact|high_std|high_variance_close_mean|multi_peak_pdf|wide_shelf_gap
3,9430,3,threes,30,13,3,1,2,bidder_partner,offense,1,17,2-1,1,2-1,-26.069421768188477,2-1,0.0010000000474974513,2-1,0.8700000047683716,1,1,1,False,1,8.3699369430542,11,4.266780982492492,4.261780982255004,3.758906399132684,,first_trick_public_belief_update,large_lower_tail|multi_peak_pdf
3,9430,3,threes,30,14,3,2,3,right_setter,defense,1,17,5-1,2,5-1,30.287351608276367,1-0,1.0,1-0,0.0,1,2,2,True,0,2.3917362689971924,0,0.7884922027587891,0.6923046112060547,0.7884922027587891,,first_trick_public_belief_update,high_variance_close_mean|scalar_ev_lying_by_omission
3,9430,3,threes,30,15,3,3,0,bidder,offense,1,17,4-1,1,4-1,-26.42011260986328,4-1,0.0,4-1,0.8600000143051147,1,1,1,False,1,8.628630638122559,25,6.198994398117065,5.20252251625061,5.3622459173202515,last_to_act,first_trick_public_belief_update|last_to_act_closure_policy,hidden_threat_large_impact|large_lower_tail|multi_peak_pdf|wide_shelf_gap
3,9430,3,threes,30,16,4,0,1,left_setter,defense,1,23,4-4,3,5-2,20.703554153442383,4-4,1.0,4-4,0.0,2,1,1,True,3,12.822896003723145,42,13.127126194536686,13.017898596823215,7.315773192793131,late_hand|setter_lead_pressure,defender_damage_lead_class|first_trick_public_belief_update|late_trick_threshold_closure,hidden_threat_large_impact|high_variance_close_mean|multi_peak_pdf|scalar_ev_lying_by_omission|wide_shelf_gap
3,9430,3,threes,30,17,4,1,2,bidder_partner,offense,1,23,4-0,2,4-0,-22.25466537475586,4-0,0.0,4-0,0.8809999823570251,1,1,1,False,2,3.6711747646331787,11,10.723295211791992,2.7730289697647095,8.18852424621582,late_hand,first_trick_public_belief_update|late_trick_threshold_closure,hidden_threat_large_impact|high_variance_close_mean|large_lower_tail|multi_peak_pdf
3,9430,3,threes,30,18,4,2,3,right_setter,defense,1,23,0-0,3,1-0,24.031391143798828,0-0,1.0,0-0,0.0,2,1,1,True,2,9.298577308654785,26,5.931142807006836,5.858737945556641,5.931142807006836,called_suit_pressure|late_hand|setter_count_pressure,first_trick_public_belief_update|late_trick_threshold_closure|setter_count_before_certainty,hidden_threat_large_impact|high_variance_close_mean|multi_peak_pdf|scalar_ev_lying_by_omission|wide_shelf_gap
3,9430,3,threes,30,19,4,3,0,bidder,offense,1,23,6-4,1,6-4,-23.755226135253906,6-4,0.0,6-4,1.0,1,1,1,False,1,0.8689051866531372,2,0.5400981903076172,0.41858673095703125,0.5400981903076172,last_to_act|late_hand,first_trick_public_belief_update|last_to_act_closure_policy|late_trick_threshold_closure,large_lower_tail|multi_peak_pdf
3,9430,3,threes,30,20,5,0,1,left_setter,defense,1,34,5-2,2,5-2,12.595915794372559,5-2,1.0,5-2,0.0,1,1,1,False,1,1.115024447441101,3,1.871190071105957,1.871190071105957,0.6882343292236328,late_hand|setter_lead_pressure,defender_damage_lead_class|first_trick_public_belief_update|late_trick_threshold_closure,high_variance_close_mean|multi_peak_pdf
3,9430,3,threes,30,21,5,1,2,bidder_partner,offense,1,34,2-0,2,2-0,-12.475336074829102,2-0,0.0,2-0,0.0,1,1,1,False,0,0.044688113033771515,0,0.050777435302734375,0.050777435302734375,0.026366233825683594,late_hand,first_trick_public_belief_update|late_trick_threshold_closure,high_variance_close_mean
3,9430,3,threes,30,22,5,2,3,right_setter,defense,1,34,1-0,2,1-0,12.615595817565918,1-0,1.0,1-0,0.0,1,1,1,False,1,2.308506727218628,7,3.3366079330444336,3.3366079330444336,3.195474624633789,called_suit_pressure|late_hand|setter_count_pressure,first_trick_public_belief_update|late_trick_threshold_closure|setter_count_before_certainty,high_variance_close_mean|multi_peak_pdf
3,9430,3,threes,30,23,5,3,0,bidder,offense,1,34,2-2,2,2-2,-12.50147819519043,2-2,0.0,2-2,0.0,1,1,1,False,0,0.009458317421376705,0,0.010678291320800781,0.009259223937988281,0.010678291320800781,last_to_act|late_hand,first_trick_public_belief_update|last_to_act_closure_policy|late_trick_threshold_closure,high_variance_close_mean
3,9430,3,threes,30,24,6,0,1,left_setter,defense,1,35,6-1,1,6-1,10.801136016845703,6-1,1.0,6-1,0.0,1,1,1,False,0,0.03424905240535736,0,0.035645484924316406,0.032904624938964844,0.035645484924316406,late_hand|setter_lead_pressure,defender_damage_lead_class|first_trick_public_belief_update|late_trick_threshold_closure,
3,9430,3,threes,30,25,6,1,2,bidder_partner,offense,1,35,4-2,1,4-2,-11.325296401977539,4-2,0.0,4-2,0.0,1,1,1,False,0,9.5367431640625e-07,0,0.0,0.0,0.0,late_hand,first_trick_public_belief_update|late_trick_threshold_closure,
3,9430,3,threes,30,26,6,2,3,right_setter,defense,1,35,3-2,1,3-2,10.858556747436523,3-2,1.0,3-2,0.0,1,1,1,False,0,1.9073486328125e-06,0,0.0,0.0,0.0,called_suit_pressure|late_hand|setter_count_pressure,first_trick_public_belief_update|late_trick_threshold_closure|setter_count_before_certainty,
3,9430,3,threes,30,27,6,3,0,bidder,offense,1,35,6-2,1,6-2,-11.66679573059082,6-2,0.0,6-2,0.0,1,1,1,False,0,2.86102294921875e-06,0,0.0,0.0,0.0,last_to_act|late_hand,first_trick_public_belief_update|last_to_act_closure_policy|late_trick_threshold_closure,
4,9430,4,fours,30,0,0,0,0,bidder,offense,0,0,6-5,7,6-5,16.375503540039062,6-5,0.5109999775886536,6-5,0.06599999964237213,1,1,1,True,7,32.59556579589844,82,52.30076593160629,25.183279539458454,49.79576599597931,bidder_opening_lead|called_suit_pressure|first_trick,bidder_first_lead_plan,hidden_threat_large_impact|high_std|large_lower_tail|multi_peak_pdf|scalar_ev_lying_by_omission|wide_shelf_gap
4,9430,4,fours,30,1,0,1,1,left_setter,defense,0,0,6-1,1,6-1,-3.5770654678344727,6-1,0.628000020980835,6-1,0.36000001430511475,1,1,1,False,1,25.243450164794922,72,28.441096551716328,15.838255941867828,26.915662948042154,first_setter_response|first_trick,first_setter_pounce_window,hidden_threat_large_impact|high_std|large_lower_tail|multi_peak_pdf|wide_shelf_gap
4,9430,4,fours,30,2,0,2,2,bidder_partner,offense,0,0,6-0,1,6-0,-15.308463096618652,6-0,0.14000000059604645,6-0,0.546999990940094,1,1,1,False,1,26.146848678588867,83,21.529503852128983,12.068901799619198,20.182463765144348,first_trick|partner_third_seat_support,partner_third_seat_safe_donation,hidden_threat_large_impact|high_std|large_lower_tail|multi_peak_pdf|wide_shelf_gap
4,9430,4,fours,30,3,0,3,3,right_setter,defense,0,0,5-4,7,4-3,-1.601114273071289,5-4,0.6549999713897705,4-3,0.3310000002384186,2,1,2,True,7,27.124996185302734,82,27.7095587849617,16.260022908449173,25.78452768921852,called_suit_pressure|defender_last_to_act_closure|first_trick|last_to_act|setter_count_pressure,last_to_act_closure_policy|setter_count_before_certainty,hidden_threat_large_impact|high_std|high_variance_close_mean|large_lower_tail|multi_peak_pdf|scalar_ev_lying_by_omission|wide_shelf_gap
4,9430,4,fours,30,4,1,0,3,right_setter,defense,0,1,0-0,6,0-0,-11.002427101135254,0-0,0.5370000004768372,0-0,0.45100000500679016,1,1,1,True,4,27.332855224609375,34,27.289014369249344,17.372219681739807,25.726853892207146,called_suit_pressure|setter_count_pressure|setter_lead_pressure,defender_damage_lead_class|first_trick_public_belief_update|setter_count_before_certainty,hidden_threat_large_impact|high_std|high_variance_close_mean|large_lower_tail|multi_peak_pdf|scalar_ev_lying_by_omission|wide_shelf_gap
4,9430,4,fours,30,5,1,1,0,bidder,offense,0,1,4-1,6,4-1,15.882783889770508,4-1,0.5210000276565552,6-4,0.061000000685453415,1,1,3,True,6,23.20168113708496,60,26.155354499816895,17.46753340959549,25.67035448551178,called_suit_pressure,first_trick_public_belief_update,hidden_threat_large_impact|high_std|high_variance_close_mean|multi_peak_pdf|scalar_ev_lying_by_omission|wide_shelf_gap
4,9430,4,fours,30,6,1,2,1,left_setter,defense,0,1,4-4,6,4-4,-1.3652222156524658,4-4,0.625,4-4,0.3610000014305115,1,1,1,True,6,24.75389289855957,70,38.153441071510315,19.36885079741478,36.34844106435776,called_suit_pressure|setter_count_pressure,first_trick_public_belief_update|setter_count_before_certainty,hidden_threat_large_impact|high_std|high_variance_close_mean|large_lower_tail|multi_peak_pdf|scalar_ev_lying_by_omission|wide_shelf_gap
4,9430,4,fours,30,7,1,3,2,bidder_partner,offense,0,1,5-0,2,5-0,-15.796472549438477,2-0,0.10700000077486038,5-0,0.5440000295639038,1,2,1,True,2,22.22699546813965,70,34.18483529984951,19.424081064760685,31.46483515202999,last_to_act|partner_count_donation,first_trick_public_belief_update|last_to_act_closure_policy|partner_forcedness_and_safety,hidden_threat_large_impact|high_std|high_variance_close_mean|large_lower_tail|multi_peak_pdf|scalar_ev_lying_by_omission|wide_shelf_gap
4,9430,4,fours,30,8,2,0,1,left_setter,defense,0,12,1-1,5,1-1,-6.179577350616455,1-1,0.546999990940094,1-1,0.4410000145435333,1,1,1,True,5,26.93637466430664,72,40.388232588768005,24.419731453061104,38.02323263883591,setter_count_pressure|setter_lead_pressure,defender_damage_lead_class|first_trick_public_belief_update|setter_count_before_certainty,hidden_threat_large_impact|high_std|large_lower_tail|multi_peak_pdf|scalar_ev_lying_by_omission|wide_shelf_gap
4,9430,4,fours,30,9,2,1,2,bidder_partner,offense,0,12,2-1,1,2-1,-1.151548147201538,2-1,0.30300000309944153,2-1,0.3499999940395355,1,1,1,False,1,25.492095947265625,72,39.11675584316254,20.72620388865471,37.36675587296486,,first_trick_public_belief_update,hidden_threat_large_impact|high_std|large_lower_tail|multi_peak_pdf|wide_shelf_gap
4,9430,4,fours,30,10,2,2,3,right_setter,defense,0,12,5-1,2,5-1,-2.9747767448425293,5-1,0.6119999885559082,5-1,0.38100001215934753,1,1,1,True,2,26.865140914916992,74,40.14823418855667,20.41918769478798,37.77823415398598,,first_trick_public_belief_update,hidden_threat_large_impact|high_std|high_variance_close_mean|large_lower_tail|multi_peak_pdf|scalar_ev_lying_by_omission|wide_shelf_gap
4,9430,4,fours,30,11,2,3,0,bidder,offense,0,12,6-3,5,6-3,14.184146881103516,6-3,0.45100000500679016,2-2,0.0,1,1,3,True,5,15.425718307495117,48,19.579965978860855,8.48058657720685,19.579965978860855,called_suit_pressure|last_to_act,first_trick_public_belief_update|last_to_act_closure_policy,hidden_threat_large_impact|high_std|high_variance_close_mean|multi_peak_pdf|scalar_ev_lying_by_omission|wide_shelf_gap
4,9430,4,fours,30,12,3,0,1,left_setter,defense,0,13,3-1,4,3-1,-12.931118965148926,3-1,0.4259999990463257,3-1,0.5690000057220459,1,1,1,True,4,25.58631706237793,71,46.94040912389755,23.32837514579296,43.730409026145935,setter_count_pressure|setter_lead_pressure,defender_damage_lead_class|first_trick_public_belief_update|setter_count_before_certainty,hidden_threat_large_impact|high_std|high_variance_close_mean|large_lower_tail|multi_peak_pdf|scalar_ev_lying_by_omission|wide_shelf_gap
4,9430,4,fours,30,13,3,1,2,bidder_partner,offense,0,13,3-3,1,3-3,11.250049591064453,3-3,0.382999986410141,3-3,0.11699999868869781,1,1,1,False,1,21.517187118530273,59,30.70701977610588,17.984444797039032,30.12201978266239,,first_trick_public_belief_update,hidden_threat_large_impact|high_std|multi_peak_pdf|wide_shelf_gap
4,9430,4,fours,30,14,3,2,3,right_setter,defense,0,13,3-0,2,3-0,-15.764993667602539,3-0,0.38600000739097595,3-0,0.6110000014305115,1,1,1,True,2,25.0341739654541,70,43.263135850429535,21.859825789928436,40.20813584327698,setter_count_pressure,first_trick_public_belief_update|setter_count_before_certainty,hidden_threat_large_impact|high_std|high_variance_close_mean|large_lower_tail|multi_peak_pdf|scalar_ev_lying_by_omission|wide_shelf_gap
4,9430,4,fours,30,15,3,3,0,bidder,offense,0,13,6-6,4,6-6,28.229631423950195,6-2,0.8309999704360962,2-2,0.0,1,2,4,True,4,15.691919326782227,47,20.63493239879608,10.382517997175455,20.63493239879608,called_suit_pressure|last_to_act,first_trick_public_belief_update|last_to_act_closure_policy,hidden_threat_large_impact|high_std|high_variance_close_mean|multi_peak_pdf|scalar_ev_lying_by_omission|wide_shelf_gap
4,9430,4,fours,30,16,4,0,2,bidder_partner,offense,1,13,4-0,3,4-2,12.911160469055176,4-0,0.4950000047683716,4-0,0.08699999749660492,2,1,1,True,3,23.947616577148438,68,28.129181027412415,25.879246801137924,26.779180973768234,called_suit_pressure|late_hand,first_trick_public_belief_update|late_trick_threshold_closure,hidden_threat_large_impact|high_std|high_variance_close_mean|large_lower_tail|multi_peak_pdf|scalar_ev_lying_by_omission|wide_shelf_gap
4,9430,4,fours,30,17,4,1,3,right_setter,defense,1,13,4-3,1,4-3,-11.496077537536621,4-3,0.4790000021457672,4-3,0.5210000276565552,1,1,1,False,1,26.21600914001465,69,39.736230075359344,22.80031841993332,37.13122993707657,called_suit_pressure|late_hand,first_trick_public_belief_update|late_trick_threshold_closure,hidden_threat_large_impact|high_std|large_lower_tail|multi_peak_pdf|wide_shelf_gap
4,9430,4,fours,30,18,4,2,0,bidder,offense,1,13,6-4,1,6-4,26.625362396240234,6-4,0.8309999704360962,6-4,0.0,1,1,1,False,1,12.918367385864258,43,32.9620675444603,29.239500135183334,9.016137838363647,called_suit_pressure|late_hand,first_trick_public_belief_update|late_trick_threshold_closure,hidden_threat_large_impact|multi_peak_pdf|wide_shelf_gap
4,9430,4,fours,30,19,4,3,1,left_setter,defense,1,13,5-2,3,5-3,-29.558788299560547,5-2,0.15800000727176666,5-2,0.8420000076293945,2,1,1,True,3,12.64251708984375,46,44.27476319670677,7.546418264508247,40.0647631585598,last_to_act|late_hand|setter_count_pressure,first_trick_public_belief_update|last_to_act_closure_policy|late_trick_threshold_closure|setter_count_before_certainty,hidden_threat_large_impact|high_variance_close_mean|large_lower_tail|multi_peak_pdf|scalar_ev_lying_by_omission|wide_shelf_gap
4,9430,4,fours,30,20,5,0,0,bidder,offense,12,13,2-2,2,2-2,4.701662540435791,2-2,0.48899999260902405,2-2,0.2939999997615814,1,1,1,True,2,19.87982749938965,44,28.013974249362946,24.362890392541885,26.248974323272705,late_hand,first_trick_public_belief_update|late_trick_threshold_closure,hidden_threat_large_impact|high_std|high_variance_close_mean|large_lower_tail|multi_peak_pdf|scalar_ev_lying_by_omission|wide_shelf_gap
4,9430,4,fours,30,21,5,1,1,left_setter,defense,12,13,5-3,2,5-3,-14.302456855773926,5-3,0.2549999952316284,5-3,0.7450000047683716,1,1,1,True,2,15.402365684509277,46,40.33125352859497,12.57150661945343,36.60625350475311,late_hand|setter_count_pressure,first_trick_public_belief_update|late_trick_threshold_closure|setter_count_before_certainty,hidden_threat_large_impact|high_std|high_variance_close_mean|large_lower_tail|multi_peak_pdf|scalar_ev_lying_by_omission|wide_shelf_gap
4,9430,4,fours,30,22,5,2,2,bidder_partner,offense,12,13,2-0,1,2-0,22.938602447509766,2-0,1.0,2-0,0.0,1,1,1,False,0,1.9073486328125e-06,0,0.0,0.0,0.0,late_hand,first_trick_public_belief_update|late_trick_threshold_closure,
4,9430,4,fours,30,23,5,3,3,right_setter,defense,12,13,3-2,1,3-2,-22.97252082824707,3-2,0.0,3-2,1.0,1,1,1,False,0,0.015838315710425377,0,0.0161590576171875,0.015527725219726562,0.0161590576171875,last_to_act|late_hand|setter_count_pressure,first_trick_public_belief_update|last_to_act_closure_policy|late_trick_threshold_closure|setter_count_before_certainty,large_lower_tail
4,9430,4,fours,30,24,6,0,0,bidder,offense,18,13,6-2,1,6-2,0.10956992954015732,6-2,0.0,6-2,0.0,1,1,1,False,1,16.60597801208496,33,16.94148101657629,16.94148101657629,16.277116395533085,late_hand,first_trick_public_belief_update|late_trick_threshold_closure,hidden_threat_large_impact|high_std|multi_peak_pdf|wide_shelf_gap
4,9430,4,fours,30,25,6,1,1,left_setter,defense,18,13,5-5,1,5-5,0.13456793129444122,5-5,1.0,5-5,0.0,1,1,1,False,1,16.49240493774414,33,16.558506682515144,16.558506682515144,16.426560685038567,late_hand|setter_count_pressure,first_trick_public_belief_update|late_trick_threshold_closure|setter_count_before_certainty,hidden_threat_large_impact|high_std|multi_peak_pdf|wide_shelf_gap
4,9430,4,fours,30,26,6,2,2,bidder_partner,offense,18,13,4-2,1,4-2,16.63459587097168,4-2,0.0,4-2,0.0,1,1,1,False,0,3.814697265625e-06,0,1.9073486328125e-06,1.9073486328125e-06,0.0,called_suit_pressure|late_hand,first_trick_public_belief_update|late_trick_threshold_closure,
4,9430,4,fours,30,27,6,3,3,right_setter,defense,18,13,1-0,1,1-0,-16.585006713867188,1-0,1.0,1-0,0.0,1,1,1,False,0,0.0,0,0.0,0.0,0.0,last_to_act|late_hand,first_trick_public_belief_update|last_to_act_closure_policy|late_trick_threshold_closure,
5,9430,5,fives,30,0,0,0,0,bidder,offense,0,0,6-5,7,2-2,-5.019287109375,6-5,0.27900001406669617,2-2,0.38499999046325684,2,1,6,True,7,31.183324813842773,83,44.51264391466975,23.57839085534215,42.33670558594167,bidder_opening_lead|called_suit_pressure|first_trick,bidder_first_lead_plan,hidden_threat_large_impact|high_std|large_lower_tail|multi_peak_pdf|scalar_ev_lying_by_omission|wide_shelf_gap
5,9430,5,fives,30,1,0,1,1,left_setter,defense,0,0,5-5,3,5-5,32.32097625732422,5-5,1.0,5-5,0.0,1,1,1,False,3,14.18967342376709,38,8.783767371438444,6.828832626342773,8.768767371308059,called_suit_pressure|first_setter_response|first_trick|setter_count_pressure,first_setter_pounce_window|setter_count_before_certainty,hidden_threat_large_impact|multi_peak_pdf|wide_shelf_gap
5,9430,5,fives,30,2,0,2,2,bidder_partner,offense,0,0,5-0,1,5-0,-34.29236602783203,5-0,0.0,5-0,0.9020000100135803,1,1,1,False,1,11.345839500427246,8,5.93882155418396,3.9295566082000732,5.546468615531921,called_suit_pressure|first_trick|partner_count_donation|partner_third_seat_support,partner_forcedness_and_safety|partner_third_seat_safe_donation,hidden_threat_large_impact|large_lower_tail|multi_peak_pdf
5,9430,5,fives,30,3,0,3,3,right_setter,defense,0,0,5-1,2,5-1,32.63670349121094,5-1,1.0,5-1,0.0,1,1,1,False,2,13.51008129119873,26,9.513425827026367,4.782472610473633,9.513425827026367,called_suit_pressure|defender_last_to_act_closure|first_trick|last_to_act,last_to_act_closure_policy,hidden_threat_large_impact|high_variance_close_mean|multi_peak_pdf|wide_shelf_gap
5,9430,5,fives,30,4,1,0,1,left_setter,defense,0,16,4-4,6,4-4,18.673954010009766,4-4,0.9900000095367432,4-4,0.00800000037997961,1,1,1,False,6,16.344383239746094,44,18.1775482930243,9.513071745634079,18.052548291161656,called_suit_pressure|setter_lead_pressure,defender_damage_lead_class|first_trick_public_belief_update,hidden_threat_large_impact|high_std|multi_peak_pdf|wide_shelf_gap
5,9430,5,fives,30,5,1,1,2,bidder_partner,offense,0,16,4-2,2,4-0,-18.61726188659668,4-2,0.0560000017285347,4-0,0.656000018119812,2,1,2,True,2,17.498069763183594,11,14.438180729746819,8.691232029348612,13.046086236834526,,first_trick_public_belief_update,hidden_threat_large_impact|high_std|high_variance_close_mean|large_lower_tail|multi_peak_pdf|scalar_ev_lying_by_omission
5,9430,5,fives,30,6,1,2,3,right_setter,defense,0,16,4-3,1,4-3,19.235139846801758,4-3,0.9860000014305115,4-3,0.012000000104308128,1,1,1,False,1,13.632680892944336,27,8.840524431318045,6.241646409034729,8.780524430796504,,first_trick_public_belief_update,hidden_threat_large_impact|multi_peak_pdf|wide_shelf_gap
5,9430,5,fives,30,7,1,3,0,bidder,offense,0,16,4-1,2,4-1,-14.103570938110352,4-1,0.03200000151991844,4-1,0.4950000047683716,1,1,1,True,2,17.106201171875,51,23.905719615519047,14.470597069710493,21.43071959167719,last_to_act,first_trick_public_belief_update|last_to_act_closure_policy,hidden_threat_large_impact|high_std|high_variance_close_mean|large_lower_tail|multi_peak_pdf|scalar_ev_lying_by_omission|wide_shelf_gap
5,9430,5,fives,30,8,2,0,1,left_setter,defense,0,22,1-1,5,1-1,7.236261367797852,1-1,0.9100000262260437,1-1,0.07599999755620956,1,1,1,True,5,16.098899841308594,48,17.930942699313164,11.08218377828598,17.35594268888235,called_suit_pressure|setter_lead_pressure,defender_damage_lead_class|first_trick_public_belief_update,hidden_threat_large_impact|high_std|multi_peak_pdf|scalar_ev_lying_by_omission|wide_shelf_gap
5,9430,5,fives,30,9,2,1,2,bidder_partner,offense,0,22,2-1,1,2-1,-13.135028839111328,2-1,0.09799999743700027,2-1,0.5839999914169312,1,1,1,False,1,16.824874877929688,52,15.62759853899479,9.640518182888627,14.142024740576744,,first_trick_public_belief_update,hidden_threat_large_impact|high_std|large_lower_tail|multi_peak_pdf|wide_shelf_gap
5,9430,5,fives,30,10,2,2,3,right_setter,defense,0,22,1-0,1,1-0,12.317889213562012,1-0,0.9509999752044678,1-0,0.0430000014603138,1,1,1,False,1,14.089908599853516,27,11.375773377716541,5.650315709412098,11.160773370414972,,first_trick_public_belief_update,hidden_threat_large_impact|multi_peak_pdf|wide_shelf_gap
5,9430,5,fives,30,11,2,3,0,bidder,offense,0,22,2-2,5,6-3,-8.11626148223877,2-2,0.0989999994635582,6-3,0.4169999957084656,2,1,2,True,5,16.834197998046875,50,24.21645750105381,14.021448642015457,22.011457428336143,last_to_act,first_trick_public_belief_update|last_to_act_closure_policy,hidden_threat_large_impact|high_std|high_variance_close_mean|large_lower_tail|multi_peak_pdf|scalar_ev_lying_by_omission|wide_shelf_gap
5,9430,5,fives,30,12,3,0,1,left_setter,defense,0,23,5-2,4,5-2,1.3550528287887573,5-2,0.8450000286102295,5-3,0.1469999998807907,1,1,2,True,4,15.53420352935791,48,15.236884977668524,10.437909454107285,14.51241291873157,called_suit_pressure|setter_lead_pressure,defender_damage_lead_class|first_trick_public_belief_update,hidden_threat_large_impact|high_std|multi_peak_pdf|scalar_ev_lying_by_omission|wide_shelf_gap
5,9430,5,fives,30,13,3,1,2,bidder_partner,offense,0,23,6-0,4,6-0,2.630575656890869,6-0,0.3149999976158142,6-0,0.1679999977350235,1,1,1,True,4,17.313173294067383,50,19.113209640607238,17.586286577396095,12.462746374309063,,first_trick_public_belief_update,hidden_threat_large_impact|high_std|high_variance_close_mean|large_lower_tail|multi_peak_pdf|scalar_ev_lying_by_omission|wide_shelf_gap
5,9430,5,fives,30,14,3,2,3,right_setter,defense,0,23,5-4,1,5-4,5.795914173126221,5-4,0.75,5-4,0.23999999463558197,1,1,1,False,1,17.885822296142578,46,19.452985614538193,11.528567343950272,18.252985641360283,called_suit_pressure,first_trick_public_belief_update,hidden_threat_large_impact|high_std|multi_peak_pdf|wide_shelf_gap
5,9430,5,fives,30,15,3,3,0,bidder,offense,0,23,6-3,4,6-3,-12.868046760559082,6-3,0.032999999821186066,6-3,0.5370000004768372,1,1,1,False,4,14.547853469848633,45,16.978895626962185,10.779762543737888,14.711685366928577,last_to_act,first_trick_public_belief_update|last_to_act_closure_policy,hidden_threat_large_impact|high_variance_close_mean|large_lower_tail|multi_peak_pdf|wide_shelf_gap
5,9430,5,fives,30,16,4,0,3,right_setter,defense,0,24,0-0,3,0-0,16.479076385498047,0-0,1.0,0-0,0.0,1,1,1,False,3,14.721099853515625,45,15.991382092237473,13.12232056260109,15.30138210952282,late_hand|setter_count_pressure|setter_lead_pressure,defender_damage_lead_class|first_trick_public_belief_update|late_trick_threshold_closure|setter_count_before_certainty,hidden_threat_large_impact|multi_peak_pdf|wide_shelf_gap
5,9430,5,fives,30,17,4,1,0,bidder,offense,0,24,6-2,3,6-2,-11.815617561340332,6-2,0.03099999949336052,6-6,0.5460000038146973,1,1,2,True,3,15.782757759094238,42,16.795664720237255,16.640664722770452,13.542984090745449,late_hand,first_trick_public_belief_update|late_trick_threshold_closure,hidden_threat_large_impact|high_std|high_variance_close_mean|large_lower_tail|multi_peak_pdf|scalar_ev_lying_by_omission|wide_shelf_gap
5,9430,5,fives,30,18,4,2,1,left_setter,defense,0,24,6-1,3,3-1,14.280566215515137,3-1,1.0,3-1,0.0,2,2,2,False,3,17.275022506713867,46,36.75788497924805,10.244339942932129,33.40288496017456,called_suit_pressure|late_hand,first_trick_public_belief_update|late_trick_threshold_closure,hidden_threat_large_impact|high_std|high_variance_close_mean|large_lower_tail|multi_peak_pdf|wide_shelf_gap
5,9430,5,fives,30,19,4,3,2,bidder_partner,offense,0,24,4-0,2,4-0,-5.6069135665893555,2-0,0.0,2-0,0.2280000001192093,1,2,2,True,2,11.746106147766113,36,26.204250067472458,26.204250067472458,15.128553047776222,last_to_act|late_hand,first_trick_public_belief_update|last_to_act_closure_policy|late_trick_threshold_closure,hidden_threat_large_impact|high_variance_close_mean|multi_peak_pdf|scalar_ev_lying_by_omission|wide_shelf_gap
5,9430,5,fives,30,20,5,0,3,right_setter,defense,0,25,3-0,2,3-0,7.990683078765869,3-0,1.0,3-0,0.0,1,1,1,False,2,16.483266830444336,39,19.542784214019775,19.00100564956665,19.542784214019775,late_hand|setter_count_pressure|setter_lead_pressure,defender_damage_lead_class|first_trick_public_belief_update|late_trick_threshold_closure|setter_count_before_certainty,hidden_threat_large_impact|high_std|high_variance_close_mean|multi_peak_pdf|wide_shelf_gap
5,9430,5,fives,30,21,5,1,0,bidder,offense,0,25,6-4,2,6-4,-6.95236349105835,6-4,0.0,6-4,0.503000020980835,1,1,1,True,2,17.172992706298828,40,21.061301231384277,21.061301231384277,17.171980619430542,late_hand,first_trick_public_belief_update|late_trick_threshold_closure,hidden_threat_large_impact|high_std|high_variance_close_mean|large_lower_tail|multi_peak_pdf|scalar_ev_lying_by_omission|wide_shelf_gap
5,9430,5,fives,30,22,5,2,1,left_setter,defense,0,25,3-1,1,3-1,-10.740153312683105,3-1,0.6660000085830688,3-1,0.33399999141693115,1,1,1,False,1,7.841057777404785,20,22.236737728118896,18.906737685203552,15.26402872800827,late_hand,first_trick_public_belief_update|late_trick_threshold_closure,hidden_threat_large_impact|large_lower_tail|multi_peak_pdf|wide_shelf_gap
5,9430,5,fives,30,23,5,3,2,bidder_partner,offense,0,25,3-3,1,3-3,0.3493698239326477,3-3,0.0,3-3,0.0,1,1,1,False,0,0.05894480273127556,0,0.06246879696846008,0.06246879696846008,0.05561953783035278,last_to_act|late_hand,first_trick_public_belief_update|last_to_act_closure_policy|late_trick_threshold_closure,
5,9430,5,fives,30,24,6,0,2,bidder_partner,offense,11,25,2-0,1,2-0,-10.764906883239746,2-0,0.0,2-0,0.0,1,1,1,False,0,0.36169537901878357,0,0.3742084503173828,0.34959983825683594,0.3742084503173828,late_hand,first_trick_public_belief_update|late_trick_threshold_closure,
5,9430,5,fives,30,25,6,1,3,right_setter,defense,11,25,3-2,1,3-2,10.724961280822754,3-2,1.0,3-2,0.0,1,1,1,False,0,9.5367431640625e-07,0,9.5367431640625e-07,0.0,9.5367431640625e-07,late_hand|setter_count_pressure,first_trick_public_belief_update|late_trick_threshold_closure|setter_count_before_certainty,
5,9430,5,fives,30,26,6,2,0,bidder,offense,11,25,6-6,1,6-6,-11.573470115661621,6-6,0.0,6-6,0.0,1,1,1,False,0,0.0,0,0.0,0.0,0.0,late_hand,first_trick_public_belief_update|late_trick_threshold_closure,
5,9430,5,fives,30,27,6,3,1,left_setter,defense,11,25,5-3,1,5-3,10.810063362121582,5-3,1.0,5-3,0.0,1,1,1,False,0,0.0,0,0.0,0.0,0.0,called_suit_pressure|last_to_act|late_hand,first_trick_public_belief_update|last_to_act_closure_policy|late_trick_threshold_closure,
6,9430,6,sixes,30,0,0,0,0,bidder,offense,0,0,4-1,7,4-1,32.22920608520508,4-1,0.9580000042915344,2-2,0.0,1,1,2,True,7,10.711662292480469,26,13.281139254570007,6.475334823131561,13.281139254570007,bidder_opening_lead|called_suit_pressure|first_trick,bidder_first_lead_plan,hidden_threat_large_impact|multi_peak_pdf|scalar_ev_lying_by_omission|wide_shelf_gap
6,9430,6,sixes,30,1,0,1,1,left_setter,defense,0,0,4-4,1,4-4,7.64150857925415,4-4,0.7839999794960022,4-4,0.20900000631809235,1,1,1,False,1,25.63266944885254,83,19.40013547986746,11.44429036974907,18.588651936501265,first_setter_response|first_trick,first_setter_pounce_window,hidden_threat_large_impact|high_std|multi_peak_pdf|wide_shelf_gap
6,9430,6,sixes,30,2,0,2,2,bidder_partner,offense,0,0,4-0,2,4-0,-31.615888595581055,4-0,0.024000000208616257,4-0,0.8180000185966492,1,1,1,True,2,15.717021942138672,24,12.683243729174137,6.844307657331228,11.518413700163364,first_trick|partner_third_seat_support,partner_third_seat_safe_donation,hidden_threat_large_impact|high_std|high_variance_close_mean|large_lower_tail|multi_peak_pdf|scalar_ev_lying_by_omission|wide_shelf_gap
6,9430,6,sixes,30,3,0,3,3,right_setter,defense,0,0,4-3,2,5-4,-4.134160041809082,4-3,0.6520000100135803,4-3,0.30300000309944153,2,1,1,True,2,21.436426162719727,71,18.858019649982452,11.595965445041656,17.582540601491928,defender_last_to_act_closure|first_trick|last_to_act,last_to_act_closure_policy,hidden_threat_large_impact|high_std|high_variance_close_mean|large_lower_tail|multi_peak_pdf|scalar_ev_lying_by_omission|wide_shelf_gap
6,9430,6,sixes,30,4,1,0,1,left_setter,defense,0,6,1-1,6,1-1,-4.891473293304443,1-1,0.6200000047683716,1-1,0.3720000088214874,1,1,1,True,6,29.313535690307617,82,32.94033707678318,17.41534548997879,31.134468741714954,called_suit_pressure|setter_count_pressure|setter_lead_pressure,defender_damage_lead_class|first_trick_public_belief_update|setter_count_before_certainty,hidden_threat_large_impact|high_std|high_variance_close_mean|large_lower_tail|multi_peak_pdf|scalar_ev_lying_by_omission|wide_shelf_gap
6,9430,6,sixes,30,5,1,1,2,bidder_partner,offense,0,6,2-1,1,2-1,-19.959035873413086,2-1,0.10100000351667404,2-1,0.6340000033378601,1,1,1,False,1,24.414052963256836,13,17.23110167682171,11.728231221437454,15.934591427445412,,first_trick_public_belief_update,hidden_threat_large_impact|high_std|large_lower_tail|multi_peak_pdf
6,9430,6,sixes,30,6,1,2,3,right_setter,defense,0,6,1-0,2,1-0,-20.838281631469727,1-0,0.3569999933242798,1-0,0.6359999775886536,1,1,1,True,2,22.048236846923828,19,21.268330454826355,10.91181293129921,19.94316929578781,,first_trick_public_belief_update,hidden_threat_large_impact|high_std|high_variance_close_mean|large_lower_tail|multi_peak_pdf|scalar_ev_lying_by_omission
6,9430,6,sixes,30,7,1,3,0,bidder,offense,0,6,6-4,6,6-4,40.15627670288086,2-2,1.0,2-2,0.0,1,4,4,True,0,0.43760064244270325,0,0.225189208984375,0.17781448364257812,0.225189208984375,called_suit_pressure|last_to_act,first_trick_public_belief_update|last_to_act_closure_policy,high_variance_close_mean|scalar_ev_lying_by_omission
6,9430,6,sixes,30,8,2,0,0,bidder,offense,11,6,6-2,5,6-6,31.123733520507812,6-2,1.0,2-2,0.0,4,1,2,True,1,3.400151252746582,12,0.9460486173629761,0.8895854353904724,0.8068188428878784,called_suit_pressure,first_trick_public_belief_update,high_variance_close_mean|multi_peak_pdf|scalar_ev_lying_by_omission
6,9430,6,sixes,30,9,2,1,1,left_setter,defense,11,6,6-1,1,6-1,-5.9105916023254395,6-1,0.5509999990463257,6-1,0.4440000057220459,1,1,1,False,1,23.920164108276367,62,25.250904068350792,14.260787397623062,23.654004327952862,called_suit_pressure,first_trick_public_belief_update,hidden_threat_large_impact|high_std|large_lower_tail|multi_peak_pdf|wide_shelf_gap
6,9430,6,sixes,30,10,2,2,2,bidder_partner,offense,11,6,6-0,1,6-0,-6.596007823944092,6-0,0.2029999941587448,6-0,0.4050000011920929,1,1,1,False,1,22.267284393310547,62,18.730792939662933,12.371384605765343,17.418043628335,called_suit_pressure,first_trick_public_belief_update,hidden_threat_large_impact|high_std|large_lower_tail|multi_peak_pdf|wide_shelf_gap
6,9430,6,sixes,30,11,2,3,3,right_setter,defense,11,6,0-0,5,0-0,-17.736846923828125,0-0,0.3269999921321869,0-0,0.6439999938011169,1,1,1,True,5,17.364641189575195,60,19.43785583972931,13.000683158636093,17.779460459947586,last_to_act|setter_count_pressure,first_trick_public_belief_update|last_to_act_closure_policy|setter_count_before_certainty,hidden_threat_large_impact|high_std|high_variance_close_mean|large_lower_tail|multi_peak_pdf|scalar_ev_lying_by_omission|wide_shelf_gap
6,9430,6,sixes,30,12,3,0,0,bidder,offense,12,6,6-6,4,6-6,30.22080421447754,2-2,1.0,2-2,0.0,1,4,4,True,0,0.08795692026615143,0,0.06144523620605469,0.06144523620605469,0.05861473083496094,called_suit_pressure,first_trick_public_belief_update,high_variance_close_mean|scalar_ev_lying_by_omission
6,9430,6,sixes,30,13,3,1,1,left_setter,defense,12,6,5-2,4,5-2,-12.80771541595459,5-2,0.5249999761581421,5-2,0.4569999873638153,1,1,1,True,4,17.84615135192871,45,18.059705793857574,11.515961095690727,16.880637854337692,setter_count_pressure,first_trick_public_belief_update|setter_count_before_certainty,hidden_threat_large_impact|high_std|large_lower_tail|multi_peak_pdf|scalar_ev_lying_by_omission|wide_shelf_gap
6,9430,6,sixes,30,14,3,2,2,bidder_partner,offense,12,6,5-0,4,5-0,21.092147827148438,2-0,0.6620000004768372,2-0,0.0,1,2,4,True,4,14.007621765136719,34,24.849116131663322,21.72628190368414,22.340623915195465,partner_count_donation,first_trick_public_belief_update|partner_forcedness_and_safety,hidden_threat_large_impact|high_variance_close_mean|multi_peak_pdf|scalar_ev_lying_by_omission|wide_shelf_gap
6,9430,6,sixes,30,15,3,3,3,right_setter,defense,12,6,3-0,4,3-0,-25.336530685424805,3-0,0.16599999368190765,5-1,0.8040000200271606,1,1,2,True,4,9.2620210647583,26,15.507291465997696,7.500679776072502,13.814804464578629,last_to_act|setter_count_pressure,first_trick_public_belief_update|last_to_act_closure_policy|setter_count_before_certainty,hidden_threat_large_impact|high_variance_close_mean|large_lower_tail|multi_peak_pdf|scalar_ev_lying_by_omission|wide_shelf_gap
6,9430,6,sixes,30,16,4,0,0,bidder,offense,18,6,6-5,3,6-5,23.516706466674805,2-2,1.0,2-2,0.0,1,3,3,True,0,0.3893797993659973,0,0.23557281494140625,0.23557281494140625,0.22598838806152344,called_suit_pressure|late_hand,first_trick_public_belief_update|late_trick_threshold_closure,high_variance_close_mean|scalar_ev_lying_by_omission
6,9430,6,sixes,30,17,4,1,1,left_setter,defense,18,6,3-1,3,3-1,-14.294864654541016,3-1,0.4169999957084656,3-1,0.5830000042915344,1,1,1,False,3,12.456868171691895,34,30.378331422805786,16.123247921466827,27.463331401348114,late_hand|setter_count_pressure,first_trick_public_belief_update|late_trick_threshold_closure|setter_count_before_certainty,hidden_threat_large_impact|high_variance_close_mean|large_lower_tail|multi_peak_pdf|wide_shelf_gap
6,9430,6,sixes,30,18,4,2,2,bidder_partner,offense,18,6,2-0,3,2-0,12.949209213256836,2-0,0.5860000252723694,2-0,0.0,1,1,1,False,3,15.594966888427734,44,25.521505519747734,21.56553865969181,25.016505502164364,late_hand,first_trick_public_belief_update|late_trick_threshold_closure,hidden_threat_large_impact|high_std|high_variance_close_mean|multi_peak_pdf|wide_shelf_gap
6,9430,6,sixes,30,19,4,3,3,right_setter,defense,18,6,3-2,3,3-2,-18.619054794311523,3-2,0.20399999618530273,3-2,0.7960000038146973,1,1,1,False,3,10.582420349121094,29,19.64121326804161,8.661743640899658,17.427170127630234,last_to_act|late_hand|setter_count_pressure,first_trick_public_belief_update|last_to_act_closure_policy|late_trick_threshold_closure|setter_count_before_certainty,hidden_threat_large_impact|high_variance_close_mean|large_lower_tail|multi_peak_pdf|wide_shelf_gap
6,9430,6,sixes,30,20,5,0,0,bidder,offense,24,6,6-3,2,6-3,15.668389320373535,2-2,0.0,2-2,0.0,1,2,2,True,0,0.4806378185749054,0,0.3947868347167969,0.3947868347167969,0.3678293228149414,called_suit_pressure|late_hand,first_trick_public_belief_update|late_trick_threshold_closure,high_variance_close_mean|scalar_ev_lying_by_omission
6,9430,6,sixes,30,21,5,1,1,left_setter,defense,24,6,5-3,2,5-3,-5.89069128036499,5-3,0.35899999737739563,5-3,0.0,1,1,1,True,2,15.580235481262207,33,27.476862609386444,13.475181967020035,27.476862609386444,late_hand|setter_count_pressure,first_trick_public_belief_update|late_trick_threshold_closure|setter_count_before_certainty,hidden_threat_large_impact|high_std|high_variance_close_mean|multi_peak_pdf|scalar_ev_lying_by_omission|wide_shelf_gap
6,9430,6,sixes,30,22,5,2,2,bidder_partner,offense,24,6,3-3,2,3-3,7.236448287963867,3-3,0.0,3-3,0.0,1,1,1,False,2,14.59447193145752,31,21.267929553985596,21.267929553985596,10.332469463348389,late_hand,first_trick_public_belief_update|late_trick_threshold_closure,hidden_threat_large_impact|high_variance_close_mean|multi_peak_pdf|wide_shelf_gap
6,9430,6,sixes,30,23,5,3,3,right_setter,defense,24,6,5-1,2,5-1,-6.95688009262085,5-1,0.3199999928474426,5-1,0.0,1,1,1,True,1,15.413687705993652,34,29.26825749874115,12.294630110263824,29.26825749874115,last_to_act|late_hand,first_trick_public_belief_update|last_to_act_closure_policy|late_trick_threshold_closure,hidden_threat_large_impact|high_std|high_variance_close_mean|multi_peak_pdf|scalar_ev_lying_by_omission|wide_shelf_gap
6,9430,6,sixes,30,24,6,0,0,bidder,offense,25,6,2-2,1,2-2,15.634765625,2-2,0.0,2-2,0.0,1,1,1,False,0,0.4291810989379883,0,0.5188045501708984,0.4972114562988281,0.5188045501708984,late_hand,first_trick_public_belief_update|late_trick_threshold_closure,
6,9430,6,sixes,30,25,6,1,1,left_setter,defense,25,6,5-5,1,5-5,-16.51197052001953,5-5,1.0,5-5,0.0,1,1,1,False,0,0.03642021119594574,0,0.037158966064453125,0.037158966064453125,0.03569984436035156,late_hand|setter_count_pressure,first_trick_public_belief_update|late_trick_threshold_closure|setter_count_before_certainty,
6,9430,6,sixes,30,26,6,2,2,bidder_partner,offense,25,6,4-2,1,4-2,16.679840087890625,4-2,0.0,4-2,0.0,1,1,1,False,0,5.7220458984375e-06,0,3.814697265625e-06,3.814697265625e-06,0.0,late_hand,first_trick_public_belief_update|late_trick_threshold_closure,
6,9430,6,sixes,30,27,6,3,3,right_setter,defense,25,6,5-4,1,5-4,-16.61811637878418,5-4,1.0,5-4,0.0,1,1,1,False,0,1.9073486328125e-06,0,0.0,0.0,0.0,last_to_act|late_hand,first_trick_public_belief_update|last_to_act_closure_policy|late_trick_threshold_closure,
7,9430,7,doubles,30,0,0,0,0,bidder,offense,0,0,6-6,7,6-6,16.06484031677246,6-6,0.44699999690055847,6-6,0.05400000140070915,1,1,1,True,7,22.942461013793945,68,30.416586130857468,15.894750490784645,29.90158613026142,bidder_opening_lead|called_suit_pressure|doubles_trump_regime|first_trick,bidder_first_lead_plan|doubles_regime_plan,hidden_threat_large_impact|high_std|multi_peak_pdf|scalar_ev_lying_by_omission|wide_shelf_gap
7,9430,7,doubles,30,1,0,1,1,left_setter,defense,0,0,1-1,3,1-1,8.653093338012695,1-1,0.9879999756813049,1-1,0.004000000189989805,1,1,1,False,3,15.201815605163574,35,19.884952023625374,9.3889140188694,18.13066629320383,called_suit_pressure|doubles_trump_regime|first_setter_response|first_trick|setter_count_pressure,doubles_regime_plan|first_setter_pounce_window|setter_count_before_certainty,hidden_threat_large_impact|high_std|large_lower_tail|multi_peak_pdf|wide_shelf_gap
7,9430,7,doubles,30,2,0,2,2,bidder_partner,offense,0,0,3-3,1,3-3,-15.542197227478027,3-3,0.06499999761581421,3-3,0.47699999809265137,1,1,1,False,1,20.73200225830078,41,24.712332397699356,18.31795758008957,22.3273324072361,called_suit_pressure|doubles_trump_regime|first_trick|partner_third_seat_support,doubles_regime_plan|partner_third_seat_safe_donation,hidden_threat_large_impact|high_std|large_lower_tail|multi_peak_pdf|wide_shelf_gap
7,9430,7,doubles,30,3,0,3,3,right_setter,defense,0,0,0-0,1,0-0,-22.65249252319336,0-0,0.3799999952316284,0-0,0.6100000143051147,1,1,1,False,1,20.06502342224121,35,34.757599499076605,15.979152269661427,31.77049250714481,called_suit_pressure|defender_last_to_act_closure|doubles_trump_regime|first_trick|last_to_act,doubles_regime_plan|last_to_act_closure_policy,hidden_threat_large_impact|high_std|large_lower_tail|multi_peak_pdf|wide_shelf_gap
7,9430,7,doubles,30,4,1,0,0,bidder,offense,1,0,2-2,6,2-2,12.63264274597168,6-5,0.36000001430511475,2-2,0.03999999910593033,1,2,1,True,6,25.02118682861328,69,36.56763559579849,17.639170991256833,35.32763561606407,called_suit_pressure|doubles_trump_regime,doubles_regime_plan|first_trick_public_belief_update,hidden_threat_large_impact|high_std|multi_peak_pdf|scalar_ev_lying_by_omission|wide_shelf_gap
7,9430,7,doubles,30,5,1,1,1,left_setter,defense,1,0,4-4,2,4-4,27.514923095703125,4-4,1.0,4-4,0.0,1,1,1,False,2,14.734264373779297,37,12.894081115722656,8.152694702148438,12.894081115722656,called_suit_pressure|doubles_trump_regime|setter_count_pressure,doubles_regime_plan|first_trick_public_belief_update|setter_count_before_certainty,hidden_threat_large_impact|high_variance_close_mean|multi_peak_pdf|wide_shelf_gap
7,9430,7,doubles,30,6,1,2,2,bidder_partner,offense,1,0,6-0,6,6-0,-25.527982711791992,6-0,0.014999999664723873,6-0,0.6639999747276306,1,1,1,True,6,16.76397132873535,38,24.709171678870916,14.731733737513423,22.110919829458,doubles_trump_regime|partner_count_donation,doubles_regime_plan|first_trick_public_belief_update|partner_forcedness_and_safety,hidden_threat_large_impact|high_std|high_variance_close_mean|large_lower_tail|multi_peak_pdf|scalar_ev_lying_by_omission|wide_shelf_gap
7,9430,7,doubles,30,7,1,3,3,right_setter,defense,1,0,3-2,6,3-2,5.201825141906738,3-2,0.7710000276565552,3-2,0.21299999952316284,1,1,1,True,6,25.905967712402344,82,26.841119825839996,25.10302945971489,23.840751707553864,doubles_trump_regime|last_to_act|setter_count_pressure,doubles_regime_plan|first_trick_public_belief_update|last_to_act_closure_policy|setter_count_before_certainty,hidden_threat_large_impact|high_std|large_lower_tail|multi_peak_pdf|scalar_ev_lying_by_omission|wide_shelf_gap
7,9430,7,doubles,30,8,2,0,1,left_setter,defense,1,6,5-3,5,5-3,18.210237503051758,3-1,1.0,3-1,0.0,1,3,3,True,5,16.70283317565918,39,18.020715713500977,10.963107109069824,18.020715713500977,called_suit_pressure|doubles_trump_regime|setter_count_pressure|setter_lead_pressure,defender_damage_lead_class|doubles_regime_plan|first_trick_public_belief_update|setter_count_before_certainty,hidden_threat_large_impact|high_std|high_variance_close_mean|multi_peak_pdf|scalar_ev_lying_by_omission|wide_shelf_gap
7,9430,7,doubles,30,9,2,1,2,bidder_partner,offense,1,6,5-0,1,5-0,-10.621573448181152,5-0,0.12099999934434891,5-0,0.4000000059604645,1,1,1,False,1,22.569900512695312,51,23.810725823044777,23.205725826323032,19.200098797678947,doubles_trump_regime|partner_count_donation,doubles_regime_plan|first_trick_public_belief_update|partner_forcedness_and_safety,hidden_threat_large_impact|high_std|large_lower_tail|multi_peak_pdf|wide_shelf_gap
7,9430,7,doubles,30,10,2,2,3,right_setter,defense,1,6,5-1,2,5-4,-7.4496259689331055,5-1,0.5950000286102295,5-1,0.38999998569488525,2,1,1,True,2,27.566980361938477,83,32.11568641662598,24.534059405326843,30.105686366558075,doubles_trump_regime,doubles_regime_plan|first_trick_public_belief_update,hidden_threat_large_impact|high_std|high_variance_close_mean|large_lower_tail|multi_peak_pdf|scalar_ev_lying_by_omission|wide_shelf_gap
7,9430,7,doubles,30,11,2,3,0,bidder,offense,1,6,6-5,1,6-5,-7.970180511474609,6-5,0.0,6-5,0.3330000042915344,1,1,1,False,1,11.83748722076416,28,15.30040991306305,9.553040146827698,13.635409891605377,doubles_trump_regime|last_to_act,doubles_regime_plan|first_trick_public_belief_update|last_to_act_closure_policy,hidden_threat_large_impact|large_lower_tail|multi_peak_pdf|wide_shelf_gap
7,9430,7,doubles,30,12,3,0,0,bidder,offense,7,6,6-4,4,6-4,-20.01523208618164,4-1,0.0,6-4,0.49399998784065247,1,4,1,True,4,12.517237663269043,25,20.37581119686365,14.206151843070984,17.650694996118546,doubles_trump_regime,doubles_regime_plan|first_trick_public_belief_update,hidden_threat_large_impact|high_variance_close_mean|large_lower_tail|multi_peak_pdf|scalar_ev_lying_by_omission|wide_shelf_gap
7,9430,7,doubles,30,13,3,1,1,left_setter,defense,7,6,6-1,1,6-1,5.017151832580566,6-1,1.0,6-1,0.0,1,1,1,False,1,6.8116455078125,12,5.190902724862099,5.190902724862099,2.827387809753418,doubles_trump_regime,doubles_regime_plan|first_trick_public_belief_update,hidden_threat_large_impact|multi_peak_pdf
7,9430,7,doubles,30,14,3,2,2,bidder_partner,offense,7,6,2-0,4,2-0,8.273334503173828,2-0,0.4909999966621399,2-0,0.0,1,1,1,True,4,19.029611587524414,49,23.06812083721161,20.429309904575348,23.06812083721161,doubles_trump_regime,doubles_regime_plan|first_trick_public_belief_update,hidden_threat_large_impact|high_std|high_variance_close_mean|multi_peak_pdf|scalar_ev_lying_by_omission|wide_shelf_gap
7,9430,7,doubles,30,15,3,3,3,right_setter,defense,7,6,3-0,4,1-0,-9.27458381652832,3-0,0.5120000243186951,3-0,0.4569999873638153,2,1,1,True,4,19.730941772460938,49,28.921359062194824,26.310903012752533,26.426358997821808,doubles_trump_regime|last_to_act,doubles_regime_plan|first_trick_public_belief_update|last_to_act_closure_policy,hidden_threat_large_impact|high_std|large_lower_tail|multi_peak_pdf|scalar_ev_lying_by_omission|wide_shelf_gap
7,9430,7,doubles,30,16,4,0,0,bidder,offense,18,6,4-1,3,4-1,-18.357040405273438,4-1,0.0,4-1,0.6420000195503235,1,1,1,False,3,6.9192728996276855,15,12.330604016780853,8.85978877544403,9.825893610715866,doubles_trump_regime|late_hand,doubles_regime_plan|first_trick_public_belief_update|late_trick_threshold_closure,hidden_threat_large_impact|high_variance_close_mean|large_lower_tail|multi_peak_pdf
7,9430,7,doubles,30,17,4,1,1,left_setter,defense,18,6,5-5,3,5-5,19.916460037231445,3-1,1.0,3-1,0.0,1,3,3,True,3,8.443532943725586,21,8.597188949584961,7.809660911560059,8.597188949584961,called_suit_pressure|doubles_trump_regime|late_hand|setter_count_pressure,doubles_regime_plan|first_trick_public_belief_update|late_trick_threshold_closure|setter_count_before_certainty,hidden_threat_large_impact|multi_peak_pdf|scalar_ev_lying_by_omission|wide_shelf_gap
7,9430,7,doubles,30,18,4,2,2,bidder_partner,offense,18,6,4-2,2,4-2,-22.089740753173828,4-0,0.0,4-0,0.8889999985694885,1,2,2,True,2,4.545391082763672,14,4.955007553100586,3.3582013845443726,4.057127952575684,doubles_trump_regime|late_hand,doubles_regime_plan|first_trick_public_belief_update|late_trick_threshold_closure,high_variance_close_mean|large_lower_tail|multi_peak_pdf|scalar_ev_lying_by_omission
7,9430,7,doubles,30,19,4,3,3,right_setter,defense,18,6,4-3,2,4-3,22.86815643310547,4-3,1.0,4-3,0.0,1,1,1,False,2,3.8811089992523193,13,2.7812366485595703,2.7812366485595703,2.4671077728271484,doubles_trump_regime|last_to_act|late_hand,doubles_regime_plan|first_trick_public_belief_update|last_to_act_closure_policy|late_trick_threshold_closure,high_variance_close_mean|multi_peak_pdf
7,9430,7,doubles,30,20,5,0,1,left_setter,defense,18,22,5-2,2,5-2,-0.6866373419761658,3-1,1.0,3-1,0.0,1,2,2,True,2,2.516453266143799,6,2.007758319377899,1.9601436257362366,2.007758319377899,doubles_trump_regime|late_hand|setter_lead_pressure,defender_damage_lead_class|doubles_regime_plan|first_trick_public_belief_update|late_trick_threshold_closure,high_variance_close_mean|multi_peak_pdf|scalar_ev_lying_by_omission
7,9430,7,doubles,30,21,5,1,2,bidder_partner,offense,18,22,4-0,2,4-0,0.15800359845161438,2-1,0.0,2-1,0.0,1,2,2,True,2,3.754490613937378,10,6.418658524751663,6.418658524751663,3.2633571326732635,doubles_trump_regime|late_hand,doubles_regime_plan|first_trick_public_belief_update|late_trick_threshold_closure,hidden_threat_large_impact|high_variance_close_mean|multi_peak_pdf|scalar_ev_lying_by_omission
7,9430,7,doubles,30,22,5,2,3,right_setter,defense,18,22,5-4,1,5-4,0.2087673842906952,5-4,1.0,5-4,0.0,1,1,1,False,1,0.7344771027565002,2,1.6808049976825714,0.34321577847003937,1.6808049976825714,doubles_trump_regime|late_hand,doubles_regime_plan|first_trick_public_belief_update|late_trick_threshold_closure,multi_peak_pdf
7,9430,7,doubles,30,23,5,3,0,bidder,offense,18,22,6-3,2,6-3,-2.325922966003418,6-2,0.0,6-2,0.0,1,2,2,True,2,3.3848323822021484,8,3.737264394760132,3.578310966491699,3.737264394760132,doubles_trump_regime|last_to_act|late_hand,doubles_regime_plan|first_trick_public_belief_update|last_to_act_closure_policy|late_trick_threshold_closure,high_variance_close_mean|multi_peak_pdf|scalar_ev_lying_by_omission
7,9430,7,doubles,30,24,6,0,3,right_setter,defense,18,23,1-0,1,1-0,-1.3437771797180176,1-0,1.0,1-0,0.0,1,1,1,False,1,2.3091444969177246,5,3.716728448867798,1.6726922988891602,3.716728448867798,doubles_trump_regime|late_hand|setter_lead_pressure,defender_damage_lead_class|doubles_regime_plan|first_trick_public_belief_update|late_trick_threshold_closure,multi_peak_pdf
7,9430,7,doubles,30,25,6,1,0,bidder,offense,18,23,6-2,1,6-2,-0.6893562078475952,6-2,0.0,6-2,0.0,1,1,1,False,1,5.63645076751709,11,5.704498887062073,5.704498887062073,5.569215178489685,doubles_trump_regime|late_hand,doubles_regime_plan|first_trick_public_belief_update|late_trick_threshold_closure,hidden_threat_large_impact|multi_peak_pdf
7,9430,7,doubles,30,26,6,2,1,left_setter,defense,18,23,3-1,1,3-1,4.8604278564453125,3-1,1.0,3-1,0.0,1,1,1,False,0,0.0,0,4.76837158203125e-07,0.0,4.76837158203125e-07,doubles_trump_regime|late_hand,doubles_regime_plan|first_trick_public_belief_update|late_trick_threshold_closure,
7,9430,7,doubles,30,27,6,3,2,bidder_partner,offense,18,23,2-1,1,2-1,-6.401756763458252,2-1,0.0,2-1,0.0,1,1,1,False,0,2.384185791015625e-06,0,0.0,0.0,0.0,doubles_trump_regime|last_to_act|late_hand,doubles_regime_plan|first_trick_public_belief_update|last_to_act_closure_policy|late_trick_threshold_closure,
8,9430,8,doubles-suit,30,0,0,0,0,bidder,offense,0,0,6-6,7,6-6,22.255783081054688,6-6,0.5860000252723694,2-2,0.0,1,1,6,True,7,16.83077621459961,47,23.63927125930786,10.202722191810608,23.63927125930786,bidder_opening_lead|called_suit_pressure|first_trick,bidder_first_lead_plan,hidden_threat_large_impact|high_std|high_variance_close_mean|multi_peak_pdf|scalar_ev_lying_by_omission|wide_shelf_gap
8,9430,8,doubles-suit,30,1,0,1,1,left_setter,defense,0,0,1-1,3,1-1,-4.732448101043701,1-1,0.703000009059906,1-1,0.2840000092983246,1,1,1,True,3,21.957365036010742,47,22.228304240852594,14.949225544929504,20.915011512115598,called_suit_pressure|first_setter_response|first_trick|setter_count_pressure,first_setter_pounce_window|setter_count_before_certainty,hidden_threat_large_impact|high_std|high_variance_close_mean|large_lower_tail|multi_peak_pdf|scalar_ev_lying_by_omission|wide_shelf_gap
8,9430,8,doubles-suit,30,2,0,2,2,bidder_partner,offense,0,0,3-3,1,3-3,-13.028083801269531,3-3,0.06400000303983688,3-3,0.40299999713897705,1,1,1,False,1,20.18451499938965,42,21.370585665106773,16.163866324350238,19.355585679411888,called_suit_pressure|first_trick|partner_third_seat_support,partner_third_seat_safe_donation,hidden_threat_large_impact|high_std|large_lower_tail|multi_peak_pdf|wide_shelf_gap
8,9430,8,doubles-suit,30,3,0,3,3,right_setter,defense,0,0,0-0,1,0-0,-17.187528610229492,0-0,0.47200000286102295,0-0,0.5130000114440918,1,1,1,False,1,20.05030632019043,35,18.327409833669662,9.36497750878334,16.901023671031,called_suit_pressure|defender_last_to_act_closure|first_trick|last_to_act,last_to_act_closure_policy,hidden_threat_large_impact|high_std|large_lower_tail|multi_peak_pdf|wide_shelf_gap
8,9430,8,doubles-suit,30,4,1,0,0,bidder,offense,1,0,6-3,6,6-4,22.918535232543945,6-2,0.5659999847412109,6-2,0.0,2,2,2,True,6,19.468782424926758,49,26.126134594436735,12.360495849978179,26.11613459396176,called_suit_pressure,first_trick_public_belief_update,hidden_threat_large_impact|high_std|high_variance_close_mean|multi_peak_pdf|scalar_ev_lying_by_omission|wide_shelf_gap
8,9430,8,doubles-suit,30,5,1,1,1,left_setter,defense,1,0,6-1,1,6-1,9.363457679748535,6-1,0.7760000228881836,6-1,0.21199999749660492,1,1,1,False,1,28.450708389282227,83,26.896158418618143,18.600840240716934,25.861410956364125,,first_trick_public_belief_update,hidden_threat_large_impact|high_std|multi_peak_pdf|wide_shelf_gap
8,9430,8,doubles-suit,30,6,1,2,2,bidder_partner,offense,1,0,6-0,1,6-0,-22.819799423217773,6-0,0.04699999839067459,6-0,0.6399999856948853,1,1,1,False,1,20.667499542236328,39,18.013877615332603,10.715720154345036,16.656778052449226,,first_trick_public_belief_update,hidden_threat_large_impact|high_std|large_lower_tail|multi_peak_pdf|wide_shelf_gap
8,9430,8,doubles-suit,30,7,1,3,3,right_setter,defense,1,0,1-0,6,1-0,-16.25828742980957,1-0,0.4749999940395355,3-0,0.5109999775886536,1,1,2,True,6,20.885496139526367,47,22.24873074889183,12.649698078632355,20.413806155323982,last_to_act|setter_count_pressure,first_trick_public_belief_update|last_to_act_closure_policy|setter_count_before_certainty,hidden_threat_large_impact|high_std|high_variance_close_mean|large_lower_tail|multi_peak_pdf|scalar_ev_lying_by_omission|wide_shelf_gap
8,9430,8,doubles-suit,30,8,2,0,0,bidder,offense,2,0,6-5,5,6-5,23.024168014526367,6-5,0.5699999928474426,6-2,0.0,1,1,3,True,5,20.655057907104492,53,31.738694548606873,14.077049009501934,31.448694556951523,called_suit_pressure,first_trick_public_belief_update,hidden_threat_large_impact|high_std|multi_peak_pdf|scalar_ev_lying_by_omission|wide_shelf_gap
8,9430,8,doubles-suit,30,9,2,1,1,left_setter,defense,2,0,3-1,5,3-1,-11.747859001159668,3-1,0.6320000290870667,3-1,0.3580000102519989,1,1,1,True,5,20.176137924194336,58,26.47135552763939,18.233293503522873,24.438796535134315,called_suit_pressure|setter_count_pressure,first_trick_public_belief_update|setter_count_before_certainty,hidden_threat_large_impact|high_std|high_variance_close_mean|large_lower_tail|multi_peak_pdf|scalar_ev_lying_by_omission|wide_shelf_gap
8,9430,8,doubles-suit,30,10,2,2,2,bidder_partner,offense,2,0,2-0,5,5-0,10.771953582763672,2-0,0.2669999897480011,2-0,0.0,2,1,1,True,5,14.276251792907715,45,27.7173553109169,8.59518937766552,27.7173553109169,partner_count_donation,first_trick_public_belief_update|partner_forcedness_and_safety,hidden_threat_large_impact|high_variance_close_mean|multi_peak_pdf|scalar_ev_lying_by_omission|wide_shelf_gap
8,9430,8,doubles-suit,30,11,2,3,3,right_setter,defense,2,0,3-0,5,3-0,-20.410070419311523,3-0,0.4189999997615814,3-0,0.5410000085830688,1,1,1,True,5,16.325389862060547,46,22.08423987030983,16.572288398630917,20.072670504450798,last_to_act|setter_count_pressure,first_trick_public_belief_update|last_to_act_closure_policy|setter_count_before_certainty,hidden_threat_large_impact|high_std|high_variance_close_mean|large_lower_tail|multi_peak_pdf|scalar_ev_lying_by_omission|wide_shelf_gap
8,9430,8,doubles-suit,30,12,3,0,0,bidder,offense,3,0,6-2,4,6-2,19.36929702758789,6-4,0.5540000200271606,6-2,0.0,1,2,1,True,4,27.31923484802246,82,38.30259400513023,18.71408311650157,36.68293146742508,called_suit_pressure,first_trick_public_belief_update,hidden_threat_large_impact|high_std|large_lower_tail|multi_peak_pdf|scalar_ev_lying_by_omission|wide_shelf_gap
8,9430,8,doubles-suit,30,13,3,1,1,left_setter,defense,3,0,4-4,4,4-4,-18.273290634155273,4-4,0.4909999966621399,4-4,0.4830000102519989,1,1,1,True,4,20.04776382446289,46,29.08700300194323,23.38164298981428,26.70959693659097,called_suit_pressure|setter_count_pressure,first_trick_public_belief_update|setter_count_before_certainty,hidden_threat_large_impact|high_std|large_lower_tail|multi_peak_pdf|scalar_ev_lying_by_omission|wide_shelf_gap
8,9430,8,doubles-suit,30,14,3,2,2,bidder_partner,offense,3,0,4-0,4,5-0,11.604726791381836,4-0,0.3140000104904175,2-1,0.0,2,1,2,True,4,16.666730880737305,46,25.511443197727203,12.516774468123913,25.511443197727203,partner_count_donation,first_trick_public_belief_update|partner_forcedness_and_safety,hidden_threat_large_impact|high_std|high_variance_close_mean|multi_peak_pdf|scalar_ev_lying_by_omission|wide_shelf_gap
8,9430,8,doubles-suit,30,15,3,3,3,right_setter,defense,3,0,5-1,4,5-1,-17.550216674804688,4-3,0.49399998784065247,5-1,0.453000009059906,1,2,1,True,4,15.53966236114502,46,21.37613358348608,19.04957626387477,18.096496999263763,last_to_act|setter_count_pressure,first_trick_public_belief_update|last_to_act_closure_policy|setter_count_before_certainty,hidden_threat_large_impact|high_std|high_variance_close_mean|large_lower_tail|multi_peak_pdf|scalar_ev_lying_by_omission|wide_shelf_gap
8,9430,8,doubles-suit,30,16,4,0,0,bidder,offense,4,0,6-4,3,6-4,13.731928825378418,6-4,0.4410000145435333,6-4,0.0,1,1,1,True,3,27.003421783447266,80,37.88402868807316,17.36989806778729,35.82847314327955,called_suit_pressure|late_hand,first_trick_public_belief_update|late_trick_threshold_closure,hidden_threat_large_impact|high_std|large_lower_tail|multi_peak_pdf|scalar_ev_lying_by_omission|wide_shelf_gap
8,9430,8,doubles-suit,30,17,4,1,1,left_setter,defense,4,0,5-3,3,5-2,-19.068580627441406,5-3,0.5,5-3,0.4790000021457672,2,1,1,True,3,19.495967864990234,46,25.58845365047455,16.730002209544182,23.60217297077179,called_suit_pressure|late_hand|setter_count_pressure,first_trick_public_belief_update|late_trick_threshold_closure|setter_count_before_certainty,hidden_threat_large_impact|high_std|high_variance_close_mean|large_lower_tail|multi_peak_pdf|scalar_ev_lying_by_omission|wide_shelf_gap
8,9430,8,doubles-suit,30,18,4,2,2,bidder_partner,offense,4,0,2-1,3,5-0,14.673543930053711,5-0,0.3930000066757202,5-0,0.0,2,3,3,True,3,22.185863494873047,58,22.427134403958917,17.253431612625718,22.392134402878582,late_hand|partner_count_donation,first_trick_public_belief_update|late_trick_threshold_closure|partner_forcedness_and_safety,hidden_threat_large_impact|high_std|multi_peak_pdf|scalar_ev_lying_by_omission|wide_shelf_gap
8,9430,8,doubles-suit,30,19,4,3,3,right_setter,defense,4,0,4-3,3,4-3,0.8138682246208191,4-3,0.7369999885559082,4-3,0.24199999868869781,1,1,1,True,3,21.168489456176758,59,34.98862674832344,32.85292258858681,20.401095643639565,last_to_act|late_hand|setter_count_pressure,first_trick_public_belief_update|last_to_act_closure_policy|late_trick_threshold_closure|setter_count_before_certainty,hidden_threat_large_impact|high_std|high_variance_close_mean|large_lower_tail|multi_peak_pdf|scalar_ev_lying_by_omission|wide_shelf_gap
8,9430,8,doubles-suit,30,20,5,0,0,bidder,offense,15,0,4-1,2,4-1,-9.788232803344727,4-1,0.2639999985694885,2-2,0.5,1,1,2,True,2,25.13634490966797,57,43.555970191955566,19.420962154865265,40.530970096588135,called_suit_pressure|late_hand,first_trick_public_belief_update|late_trick_threshold_closure,hidden_threat_large_impact|high_std|high_variance_close_mean|large_lower_tail|multi_peak_pdf|scalar_ev_lying_by_omission|wide_shelf_gap
8,9430,8,doubles-suit,30,21,5,1,1,left_setter,defense,15,0,5-2,2,5-2,5.1844682693481445,5-2,0.6190000176429749,5-2,0.3529999852180481,1,1,1,True,2,32.142452239990234,73,39.212024450302124,34.398147106170654,37.227024376392365,called_suit_pressure|late_hand|setter_count_pressure,first_trick_public_belief_update|late_trick_threshold_closure|setter_count_before_certainty,hidden_threat_large_impact|high_std|high_variance_close_mean|large_lower_tail|multi_peak_pdf|scalar_ev_lying_by_omission|wide_shelf_gap
8,9430,8,doubles-suit,30,22,5,2,2,bidder_partner,offense,15,0,4-2,1,4-2,-2.184386968612671,4-2,0.48500001430511475,4-2,0.5149999856948853,1,1,1,False,1,34.410030364990234,74,48.27055382728577,42.47578704357147,45.69555389881134,late_hand,first_trick_public_belief_update|late_trick_threshold_closure,hidden_threat_large_impact|high_std|large_lower_tail|multi_peak_pdf|wide_shelf_gap
8,9430,8,doubles-suit,30,23,5,3,3,right_setter,defense,15,0,5-4,1,5-4,37.33412551879883,5-4,1.0,5-4,0.0,1,1,1,False,1,1.0253126621246338,2,1.36419677734375,1.36419677734375,1.0391693115234375,last_to_act|late_hand,first_trick_public_belief_update|last_to_act_closure_policy|late_trick_threshold_closure,multi_peak_pdf
8,9430,8,doubles-suit,30,24,6,0,3,right_setter,defense,15,6,3-2,1,3-2,27.835037231445312,3-2,1.0,3-2,0.0,1,1,1,False,0,0.02830975316464901,0,0.03434181213378906,0.03434181213378906,0.029447555541992188,late_hand|setter_count_pressure|setter_lead_pressure,defender_damage_lead_class|first_trick_public_belief_update|late_trick_threshold_closure|setter_count_before_certainty,
8,9430,8,doubles-suit,30,25,6,1,0,bidder,offense,15,6,2-2,1,2-2,-27.381425857543945,2-2,0.0,2-2,1.0,1,1,1,False,0,0.012352867051959038,0,0.012704849243164062,0.012006759643554688,0.012704849243164062,called_suit_pressure|late_hand,first_trick_public_belief_update|late_trick_threshold_closure,large_lower_tail
8,9430,8,doubles-suit,30,26,6,2,1,left_setter,defense,15,6,5-5,1,5-5,29.097774505615234,5-5,1.0,5-5,0.0,1,1,1,False,0,0.0,0,0.0,0.0,0.0,called_suit_pressure|late_hand|setter_count_pressure,first_trick_public_belief_update|late_trick_threshold_closure|setter_count_before_certainty,
8,9430,8,doubles-suit,30,27,6,3,2,bidder_partner,offense,15,6,5-0,1,5-0,-30.249235153198242,5-0,0.0,5-0,1.0,1,1,1,False,0,0.0,0,0.0,0.0,0.0,last_to_act|late_hand|partner_count_donation,first_trick_public_belief_update|last_to_act_closure_policy|late_trick_threshold_closure|partner_forcedness_and_safety,large_lower_tail
9,9430,9,no-trump,30,0,0,0,0,bidder,offense,0,0,2-2,7,2-2,22.80572509765625,2-2,0.5590000152587891,2-2,0.0,1,1,1,True,7,30.954652786254883,79,47.53466725349426,21.331297926604748,45.77966719865799,bidder_opening_lead|first_trick|no_trump_regime,bidder_first_lead_plan|no_trump_lead_control_and_support,hidden_threat_large_impact|high_std|large_lower_tail|multi_peak_pdf|scalar_ev_lying_by_omission|wide_shelf_gap
9,9430,9,no-trump,30,1,0,1,1,left_setter,defense,0,0,5-2,1,5-2,1.6815974712371826,5-2,0.8040000200271606,5-2,0.1850000023841858,1,1,1,False,1,21.305438995361328,69,19.82262828759849,10.693872451782227,18.92669804301113,first_setter_response|first_trick|no_trump_regime,first_setter_pounce_window|no_trump_lead_control_and_support,hidden_threat_large_impact|high_std|multi_peak_pdf|wide_shelf_gap
9,9430,9,no-trump,30,2,0,2,2,bidder_partner,offense,0,0,2-1,3,2-1,4.693595886230469,4-2,0.27799999713897705,2-1,0.17100000381469727,1,2,1,True,3,22.102968215942383,69,23.100966215133667,10.680508255958557,22.150966227054596,first_trick|no_trump_regime|partner_third_seat_support,no_trump_lead_control_and_support|partner_third_seat_safe_donation,hidden_threat_large_impact|high_std|high_variance_close_mean|multi_peak_pdf|scalar_ev_lying_by_omission|wide_shelf_gap
9,9430,9,no-trump,30,3,0,3,3,right_setter,defense,0,0,3-2,1,3-2,-30.71176528930664,3-2,0.1809999942779541,3-2,0.8040000200271606,1,1,1,False,1,15.403185844421387,24,12.776520729064941,7.448188606649637,11.648086786270142,defender_last_to_act_closure|first_trick|last_to_act|no_trump_regime|setter_count_pressure,last_to_act_closure_policy|no_trump_lead_control_and_support|setter_count_before_certainty,hidden_threat_large_impact|high_std|large_lower_tail|multi_peak_pdf|wide_shelf_gap
9,9430,9,no-trump,30,4,1,0,0,bidder,offense,6,0,6-4,6,6-5,20.76629066467285,6-4,0.5329999923706055,6-2,0.0,3,1,3,True,6,32.11735534667969,79,49.05858999490738,23.38658309355378,47.1285899579525,no_trump_regime,first_trick_public_belief_update|no_trump_lead_control_and_support,hidden_threat_large_impact|high_std|high_variance_close_mean|large_lower_tail|multi_peak_pdf|scalar_ev_lying_by_omission|wide_shelf_gap
9,9430,9,no-trump,30,5,1,1,1,left_setter,defense,6,0,6-1,1,6-1,13.60631275177002,6-1,0.8510000109672546,6-1,0.13899999856948853,1,1,1,False,1,26.291349411010742,48,29.181447744369507,19.363146156072617,28.486447751522064,no_trump_regime,first_trick_public_belief_update|no_trump_lead_control_and_support,hidden_threat_large_impact|high_std|multi_peak_pdf|wide_shelf_gap
9,9430,9,no-trump,30,6,1,2,2,bidder_partner,offense,6,0,6-0,1,6-0,-12.850564002990723,6-0,0.18299999833106995,6-0,0.5170000195503235,1,1,1,False,1,28.793094635009766,83,21.391532093286514,19.558818489313126,19.74929292500019,no_trump_regime,first_trick_public_belief_update|no_trump_lead_control_and_support,hidden_threat_large_impact|high_std|large_lower_tail|multi_peak_pdf|wide_shelf_gap
9,9430,9,no-trump,30,7,1,3,3,right_setter,defense,6,0,1-0,6,0-0,-29.180152893066406,1-0,0.21199999749660492,0-0,0.7730000019073486,2,1,2,True,6,15.111172676086426,15,17.180181324481964,10.623826444149017,15.63801708817482,last_to_act|no_trump_regime,first_trick_public_belief_update|last_to_act_closure_policy|no_trump_lead_control_and_support,hidden_threat_large_impact|high_std|high_variance_close_mean|large_lower_tail|multi_peak_pdf|scalar_ev_lying_by_omission
9,9430,9,no-trump,30,8,2,0,0,bidder,offense,17,0,6-3,5,6-6,9.994617462158203,6-5,0.3269999921321869,6-2,0.0,2,2,2,True,5,23.252553939819336,62,36.78126037120819,17.435862183570862,34.12626028060913,no_trump_regime,first_trick_public_belief_update|no_trump_lead_control_and_support,hidden_threat_large_impact|high_std|high_variance_close_mean|large_lower_tail|multi_peak_pdf|scalar_ev_lying_by_omission|wide_shelf_gap
9,9430,9,no-trump,30,9,2,1,1,left_setter,defense,17,0,1-1,5,1-1,6.466153621673584,1-1,0.8510000109672546,1-1,0.1379999965429306,1,1,1,True,5,20.67070960998535,60,18.82698565721512,17.396116107702255,13.305058404803276,no_trump_regime|setter_count_pressure,first_trick_public_belief_update|no_trump_lead_control_and_support|setter_count_before_certainty,hidden_threat_large_impact|high_std|high_variance_close_mean|large_lower_tail|multi_peak_pdf|scalar_ev_lying_by_omission|wide_shelf_gap
9,9430,9,no-trump,30,10,2,2,2,bidder_partner,offense,17,0,4-0,5,4-0,16.032302856445312,4-2,0.49399998784065247,2-0,0.0,1,2,3,True,5,15.22680377960205,34,27.706143379211426,20.403706818819046,27.706143379211426,no_trump_regime|partner_count_donation,first_trick_public_belief_update|no_trump_lead_control_and_support|partner_forcedness_and_safety,hidden_threat_large_impact|high_std|high_variance_close_mean|multi_peak_pdf|scalar_ev_lying_by_omission|wide_shelf_gap
9,9430,9,no-trump,30,11,2,3,3,right_setter,defense,17,0,5-1,5,5-1,-25.172157287597656,0-0,0.1860000044107437,0-0,0.8140000104904175,1,3,3,True,5,11.39741039276123,35,15.963272958993912,9.042874291539192,14.540580719709396,last_to_act|no_trump_regime,first_trick_public_belief_update|last_to_act_closure_policy|no_trump_lead_control_and_support,hidden_threat_large_impact|high_variance_close_mean|large_lower_tail|multi_peak_pdf|scalar_ev_lying_by_omission|wide_shelf_gap
9,9430,9,no-trump,30,12,3,0,0,bidder,offense,18,0,6-2,4,6-6,9.927250862121582,6-2,0.335999995470047,6-2,0.0,3,1,1,True,4,22.241317749023438,60,33.31112414598465,15.990709096193314,30.71112424135208,no_trump_regime,first_trick_public_belief_update|no_trump_lead_control_and_support,hidden_threat_large_impact|high_std|high_variance_close_mean|large_lower_tail|multi_peak_pdf|scalar_ev_lying_by_omission|wide_shelf_gap
9,9430,9,no-trump,30,13,3,1,1,left_setter,defense,18,0,3-1,4,5-3,-10.116527557373047,3-1,0.6449999809265137,3-1,0.35499998927116394,2,1,1,True,4,17.948087692260742,52,36.45015734434128,29.82080841064453,33.96015736460686,no_trump_regime|setter_count_pressure,first_trick_public_belief_update|no_trump_lead_control_and_support|setter_count_before_certainty,hidden_threat_large_impact|high_std|high_variance_close_mean|large_lower_tail|multi_peak_pdf|scalar_ev_lying_by_omission|wide_shelf_gap
9,9430,9,no-trump,30,14,3,2,2,bidder_partner,offense,18,0,4-2,4,4-2,13.039615631103516,2-0,0.44699999690055847,2-0,0.0,1,2,3,True,4,15.982121467590332,37,27.43867516517639,21.626101821660995,27.43867516517639,no_trump_regime|partner_count_donation,first_trick_public_belief_update|no_trump_lead_control_and_support|partner_forcedness_and_safety,hidden_threat_large_impact|high_std|high_variance_close_mean|multi_peak_pdf|scalar_ev_lying_by_omission|wide_shelf_gap
9,9430,9,no-trump,30,15,3,3,3,right_setter,defense,18,0,3-0,4,3-0,-22.192502975463867,0-0,0.2669999897480011,0-0,0.7329999804496765,1,2,2,True,4,13.711175918579102,37,17.39178228378296,12.079825431108475,16.05632784962654,last_to_act|no_trump_regime,first_trick_public_belief_update|last_to_act_closure_policy|no_trump_lead_control_and_support,hidden_threat_large_impact|high_variance_close_mean|large_lower_tail|multi_peak_pdf|scalar_ev_lying_by_omission|wide_shelf_gap
9,9430,9,no-trump,30,16,4,0,0,bidder,offense,19,0,6-6,3,6-6,8.316607475280762,6-5,0.3330000042915344,6-5,0.0,1,2,2,True,3,23.23225212097168,57,35.415819972753525,16.752068176865578,32.63082006573677,late_hand|no_trump_regime,first_trick_public_belief_update|late_trick_threshold_closure|no_trump_lead_control_and_support,hidden_threat_large_impact|high_std|high_variance_close_mean|large_lower_tail|multi_peak_pdf|scalar_ev_lying_by_omission|wide_shelf_gap
9,9430,9,no-trump,30,17,4,1,1,left_setter,defense,19,0,5-3,3,5-3,-9.97202205657959,5-3,0.5720000267028809,5-3,0.42800000309944153,1,1,1,True,3,19.036914825439453,53,39.06839793920517,27.78227347135544,36.228397846221924,late_hand|no_trump_regime|setter_count_pressure,first_trick_public_belief_update|late_trick_threshold_closure|no_trump_lead_control_and_support|setter_count_before_certainty,hidden_threat_large_impact|high_std|high_variance_close_mean|large_lower_tail|multi_peak_pdf|scalar_ev_lying_by_omission|wide_shelf_gap
9,9430,9,no-trump,30,18,4,2,2,bidder_partner,offense,19,0,5-0,3,5-0,12.103071212768555,2-0,0.47200000286102295,2-0,0.0,1,3,3,True,3,17.063596725463867,41,27.68927550315857,25.329275488853455,22.446491479873657,late_hand|no_trump_regime|partner_count_donation,first_trick_public_belief_update|late_trick_threshold_closure|no_trump_lead_control_and_support|partner_forcedness_and_safety,hidden_threat_large_impact|high_std|high_variance_close_mean|multi_peak_pdf|scalar_ev_lying_by_omission|wide_shelf_gap
9,9430,9,no-trump,30,19,4,3,3,right_setter,defense,19,0,4-3,3,4-3,-27.2150936126709,0-0,0.08900000154972076,0-0,0.9110000133514404,1,2,2,True,3,7.418923854827881,39,15.832831710577011,3.5001629143953323,14.030356854200363,last_to_act|late_hand|no_trump_regime,first_trick_public_belief_update|last_to_act_closure_policy|late_trick_threshold_closure|no_trump_lead_control_and_support,hidden_threat_large_impact|high_variance_close_mean|large_lower_tail|multi_peak_pdf|scalar_ev_lying_by_omission|wide_shelf_gap
9,9430,9,no-trump,30,20,5,0,0,bidder,offense,25,0,6-5,2,6-5,2.3332059383392334,4-1,0.33000001311302185,6-5,0.328000009059906,1,2,1,True,2,21.035118103027344,45,43.37125104665756,19.73359927535057,40.02125096321106,late_hand|no_trump_regime,first_trick_public_belief_update|late_trick_threshold_closure|no_trump_lead_control_and_support,hidden_threat_large_impact|high_std|high_variance_close_mean|large_lower_tail|multi_peak_pdf|scalar_ev_lying_by_omission|wide_shelf_gap
9,9430,9,no-trump,30,21,5,1,1,left_setter,defense,25,0,4-4,2,4-4,-11.534701347351074,4-4,0.3019999861717224,4-4,0.6980000138282776,1,1,1,True,2,17.255409240722656,43,36.67247796058655,15.73951917886734,33.18247789144516,late_hand|no_trump_regime|setter_count_pressure,first_trick_public_belief_update|late_trick_threshold_closure|no_trump_lead_control_and_support|setter_count_before_certainty,hidden_threat_large_impact|high_std|high_variance_close_mean|large_lower_tail|multi_peak_pdf|scalar_ev_lying_by_omission|wide_shelf_gap
9,9430,9,no-trump,30,22,5,2,2,bidder_partner,offense,25,0,3-3,2,3-3,6.318915843963623,2-0,0.5270000100135803,2-0,0.3009999990463257,1,2,2,True,2,18.6647891998291,42,29.358562469482422,26.72356241941452,22.29184126853943,late_hand|no_trump_regime,first_trick_public_belief_update|late_trick_threshold_closure|no_trump_lead_control_and_support,hidden_threat_large_impact|high_std|high_variance_close_mean|large_lower_tail|multi_peak_pdf|scalar_ev_lying_by_omission|wide_shelf_gap
9,9430,9,no-trump,30,23,5,3,3,right_setter,defense,25,0,0-0,2,0-0,-8.038165092468262,0-0,0.33899998664855957,0-0,0.6610000133514404,1,1,1,True,1,20.717222213745117,44,42.14868927001953,19.968578100204468,38.84368920326233,last_to_act|late_hand|no_trump_regime,first_trick_public_belief_update|last_to_act_closure_policy|late_trick_threshold_closure|no_trump_lead_control_and_support,hidden_threat_large_impact|high_std|high_variance_close_mean|large_lower_tail|multi_peak_pdf|scalar_ev_lying_by_omission|wide_shelf_gap
9,9430,9,no-trump,30,24,6,0,0,bidder,offense,26,0,4-1,1,4-1,-7.003263473510742,4-1,0.3440000116825104,4-1,0.656000018119812,1,1,1,False,1,20.880008697509766,44,41.95376127958298,20.29856112599373,38.67376118898392,late_hand|no_trump_regime,first_trick_public_belief_update|late_trick_threshold_closure|no_trump_lead_control_and_support,hidden_threat_large_impact|high_std|large_lower_tail|multi_peak_pdf|wide_shelf_gap
9,9430,9,no-trump,30,25,6,1,1,left_setter,defense,26,0,5-5,1,5-5,-0.5138954520225525,5-5,0.47600001096725464,5-5,0.5239999890327454,1,1,1,False,1,22.775192260742188,45,34.3759486079216,28.84700047969818,31.755948662757874,late_hand|no_trump_regime|setter_count_pressure,first_trick_public_belief_update|late_trick_threshold_closure|no_trump_lead_control_and_support|setter_count_before_certainty,hidden_threat_large_impact|high_std|large_lower_tail|multi_peak_pdf|wide_shelf_gap
9,9430,9,no-trump,30,26,6,2,2,bidder_partner,offense,26,0,2-0,1,2-0,-23.94857406616211,2-0,0.0,2-0,1.0,1,1,1,False,0,5.7220458984375e-06,0,3.814697265625e-06,0.0,3.814697265625e-06,late_hand|no_trump_regime,first_trick_public_belief_update|late_trick_threshold_closure|no_trump_lead_control_and_support,large_lower_tail
9,9430,9,no-trump,30,27,6,3,3,right_setter,defense,26,0,5-4,1,5-4,24.30812644958496,5-4,1.0,5-4,0.0,1,1,1,False,0,1.9073486328125e-06,0,0.0,0.0,0.0,last_to_act|late_hand|no_trump_regime,first_trick_public_belief_update|last_to_act_closure_policy|late_trick_threshold_closure|no_trump_lead_control_and_support,
