game_idx,seed,decl_id,decl_name,bid_value,bid_value_source,decision_idx,trick_idx,trick_position,actor,seat_role,team,partner_player,offense_score_before,defense_score_before,played_count_points_before,unplayed_count_points_public_before,current_trick_count_before,led_suit_before,led_suit_name_before,current_winner_before,current_winner_team_before,partner_currently_winning_before,opponent_currently_winning_before,actual_action_slot,actual_action_domino_id,actual_action_domino,candidate_slot,candidate_domino_id,candidate_domino,candidate_count_points,candidate_is_double,candidate_is_called_suit,candidate_can_follow_led,candidate_beats_current,candidate_would_win_trick_now,candidate_trick_rank,actor_hand_remaining_count,actor_hand_remaining_count_points,actor_hand_remaining_called_suit_count,actor_hand_remaining_double_count,legal_action_count,threshold_q,mean,std,threshold_mass,lower_tail_mass_le_neg18,q10,q25,q50,q75,q90,iqr,cvar_low_10,branch_entropy,branch_peak_count,branch_peak_bins,shelf_gap,samples,mean_rank_desc,threshold_rank_desc,lower_tail_rank_asc,mean_gap_to_best,threshold_gap_to_best,lower_tail_gap_to_safest,is_actual_action,is_top_mean_action,is_top_threshold_action,is_safest_lower_tail_action,high_variance_close_mean,scalar_ev_lying_by_omission,distribution_shape_tags,strategy_context_tags,matched_position_detectors,direct_label_readiness,missing_direct_label_fields,hidden_threat_available,hidden_threat_rows,top_hidden_impact_holder,top_hidden_impact_domino,top_hidden_impact_score,top_hidden_downside_holder,top_hidden_downside_domino,top_hidden_downside_score,top_hidden_upside_holder,top_hidden_upside_domino,top_hidden_upside_score
0,9430,0,blanks,30,schema_v2_bid_value,0,0,0,0,bidder,offense,2,0,0,0,35,0,,,,,False,False,0,5,2-2,0,5,2-2,0,True,False,,,True,,7,15,0,2,7,18.0,-11.95231819152832,22.16303253173828,0.10199999809265137,0.4350000023841858,-41,-32,-14,3,18,35,-41.699999999999996,6.044478016109171,5,-42|-32|-20|-18|1,43,1000,1,1,1,0.0,0.0,0.0,True,True,True,True,True,True,scalar_ev_lying_by_omission|high_variance_close_mean|multi_peak_pdf|wide_shelf_gap|high_std|large_lower_tail|hidden_threat_large_impact,bidder_opening_lead|first_trick,bidder_first_lead_plan,hidden_threat_offline_label_ready|public_context_ready,bid_margin,True,8,2,0-0,22.314638376235962,3,0-0,12.59126066789031,2,0-0,20.747946977615356
0,9430,0,blanks,30,schema_v2_bid_value,0,0,0,0,bidder,offense,2,0,0,0,35,0,,,,,False,False,0,5,2-2,1,11,4-1,5,False,False,,,True,,7,15,0,2,7,18.0,-18.85262107849121,21.107521057128906,0.06700000166893005,0.5740000009536743,-42,-39,-22,-6,9,33,-42.0,5.654448306815519,5,-42|-24|-20|-18|-9,33,1000,6,6,6,6.900302886962891,0.034999996423721313,0.13899999856948853,False,False,False,False,False,False,multi_peak_pdf|wide_shelf_gap|high_std|large_lower_tail|hidden_threat_large_impact,bidder_opening_lead|first_trick,bidder_first_lead_plan,hidden_threat_offline_label_ready|public_context_ready,bid_margin,True,8,2,0-0,17.84783810377121,2,5-4,11.055109485983849,2,0-0,16.565375179052353
0,9430,0,blanks,30,schema_v2_bid_value,0,0,0,0,bidder,offense,2,0,0,0,35,0,,,,,False,False,0,5,2-2,2,23,6-2,0,False,False,,,True,,7,15,0,2,7,18.0,-18.036012649536133,21.97600746154785,0.0729999989271164,0.5289999842643738,-42,-40,-19,-4,10,36,-42.0,5.580283385030513,5,-42|-19|-16|-11|-10,32,1000,5,5,5,6.0836944580078125,0.028999999165534973,0.09399998188018799,False,False,False,False,False,False,multi_peak_pdf|wide_shelf_gap|high_std|large_lower_tail|hidden_threat_large_impact,bidder_opening_lead|first_trick,bidder_first_lead_plan,hidden_threat_offline_label_ready|public_context_ready,bid_margin,True,8,2,0-0,23.38852623105049,3,0-0,13.087118269409984,2,0-0,21.485366091132164
0,9430,0,blanks,30,schema_v2_bid_value,0,0,0,0,bidder,offense,2,0,0,0,35,0,,,,,False,False,0,5,2-2,3,24,6-3,0,False,False,,,True,,7,15,0,2,7,18.0,-17.081035614013672,22.08360481262207,0.07500000298023224,0.5049999952316284,-42,-40,-18,-3,12,37,-42.0,5.655538235543851,5,-42|-18|-15|-9|-6,36,1000,3,3,3,5.128717422485352,0.02699999511241913,0.06999999284744263,False,False,False,False,False,False,multi_peak_pdf|wide_shelf_gap|high_std|large_lower_tail|hidden_threat_large_impact,bidder_opening_lead|first_trick,bidder_first_lead_plan,hidden_threat_offline_label_ready|public_context_ready,bid_margin,True,8,2,0-0,23.468204766511917,3,0-0,13.180656769312918,2,0-0,21.5515134036541
0,9430,0,blanks,30,schema_v2_bid_value,0,0,0,0,bidder,offense,2,0,0,0,35,0,,,,,False,False,0,5,2-2,4,25,6-4,10,False,False,,,True,,7,15,0,2,7,18.0,-23.319194793701172,21.440488815307617,0.06700000166893005,0.6740000247955322,-42,-41,-32,-11,7,30,-42.0,5.277861740376249,2,-42|-36,6,1000,7,7,7,11.366876602172852,0.034999996423721313,0.23900002241134644,False,False,False,False,False,False,multi_peak_pdf|high_std|large_lower_tail|hidden_threat_large_impact,bidder_opening_lead|first_trick,bidder_first_lead_plan,hidden_threat_offline_label_ready|public_context_ready,bid_margin,True,8,2,0-0,20.269851803779602,2,6-1,16.688589529134333,2,0-0,18.769287884235382
0,9430,0,blanks,30,schema_v2_bid_value,0,0,0,0,bidder,offense,2,0,0,0,35,0,,,,,False,False,0,5,2-2,5,26,6-5,0,False,False,,,True,,7,15,0,2,7,18.0,-16.131389617919922,22.63665199279785,0.08500000089406967,0.4869999885559082,-42,-39,-17,-1,15,38,-42.0,5.700179011449487,3,-42|-18|-9,33,1000,2,2,2,4.179071426391602,0.016999997198581696,0.05199998617172241,False,False,False,False,False,False,multi_peak_pdf|wide_shelf_gap|high_std|large_lower_tail|hidden_threat_large_impact,bidder_opening_lead|first_trick,bidder_first_lead_plan,hidden_threat_offline_label_ready|public_context_ready,bid_margin,True,8,2,0-0,23.551812276244164,3,0-0,12.92926130630076,2,0-0,21.710284158587456
0,9430,0,blanks,30,schema_v2_bid_value,0,0,0,0,bidder,offense,2,0,0,0,35,0,,,,,False,False,0,5,2-2,6,27,6-6,0,True,False,,,True,,7,15,0,2,7,18.0,-17.451980590820312,22.243459701538086,0.07400000095367432,0.5210000276565552,-42,-40,-19,-3,12,37,-42.0,5.61082553165468,3,-42|-19|-11,31,1000,4,4,4,5.499662399291992,0.02799999713897705,0.08600002527236938,False,False,False,False,False,False,multi_peak_pdf|wide_shelf_gap|high_std|large_lower_tail|hidden_threat_large_impact,bidder_opening_lead|first_trick,bidder_first_lead_plan,hidden_threat_offline_label_ready|public_context_ready,bid_margin,True,8,2,0-0,23.075106889009476,3,0-0,12.890152248553932,2,0-0,21.19710974395275
0,9430,0,blanks,30,schema_v2_bid_value,1,0,1,1,left_setter,defense,3,0,0,0,35,0,2,2,0,offense,False,True,3,17,5-2,3,17,5-2,0,False,False,True,False,False,23,7,10,0,3,1,-17.0,-14.996599197387695,23.535964965820312,0.4740000069141388,0.515999972820282,-42,-38,-19,-1,21,37,-42.0,5.785834073444173,2,-42|-19,23,1000,1,1,1,0.0,0.0,0.0,True,True,True,True,False,False,multi_peak_pdf|wide_shelf_gap|high_std|large_lower_tail|hidden_threat_large_impact,first_setter_response|first_trick,first_setter_pounce_window,hidden_threat_offline_label_ready|needs_real_bid_margin,bid_margin,True,8,3,0-0,21.158482186496258,0,0-0,11.088662922382355,3,0-0,19.62651727348566
0,9430,0,blanks,30,schema_v2_bid_value,2,0,2,2,bidder_partner,offense,0,0,0,0,35,0,2,2,0,offense,True,False,4,12,4-2,1,4,2-1,0,False,False,True,False,False,19,7,5,4,1,2,18.0,30.703245162963867,12.556025505065918,0.8209999799728394,0.0,11,21,37,41,41,20,4.1999999999999975,4.4905136247101645,4,19|31|36|41,22,1000,2,2,1,4.340261459350586,0.11300003528594971,0.0,False,False,False,True,False,False,multi_peak_pdf|wide_shelf_gap|hidden_threat_large_impact,first_trick|partner_third_seat_support,partner_third_seat_safe_donation,hidden_threat_offline_label_ready|public_context_ready,bid_margin,True,8,0,0-0,7.188383936882019,1,0-0,4.639262080192566,0,0-0,7.188383936882019
0,9430,0,blanks,30,schema_v2_bid_value,2,0,2,2,bidder_partner,offense,0,0,0,0,35,0,2,2,0,offense,True,False,4,12,4-2,4,12,4-2,0,False,False,True,False,False,22,7,5,4,1,2,18.0,35.04350662231445,9.022583961486816,0.9340000152587891,0.0,19,30,40,41,41,11,15.239999999999995,3.655132945212487,3,19|30|41,22,1000,1,1,2,0.0,0.0,0.0,True,True,True,False,True,True,scalar_ev_lying_by_omission|high_variance_close_mean|multi_peak_pdf|wide_shelf_gap|hidden_threat_large_impact,first_trick|partner_third_seat_support,partner_third_seat_safe_donation,hidden_threat_offline_label_ready|public_context_ready,bid_margin,True,8,0,0-0,6.2851022481918335,1,0-0,5.879911959171295,0,0-0,6.2851022481918335
0,9430,0,blanks,30,schema_v2_bid_value,3,0,3,3,right_setter,defense,1,0,0,0,35,0,2,2,0,offense,False,True,3,8,3-2,3,8,3-2,5,False,False,True,False,False,21,7,5,3,1,1,-17.0,-7.245913028717041,19.421777725219727,0.6209999918937683,0.34700000286102295,-30,-22,-11,6,25,28,-34.53999999999999,5.989044381801043,10,-28|-27|-25|-19|-17|-11|-6|-4|28|30,58,1000,1,1,1,0.0,0.0,0.0,True,True,True,True,False,False,multi_peak_pdf|wide_shelf_gap|high_std|large_lower_tail|hidden_threat_large_impact,defender_last_to_act_closure|first_trick|last_to_act|setter_count_pressure,last_to_act_closure_policy|setter_count_before_certainty,hidden_threat_offline_label_ready|needs_real_bid_margin|public_context_ready,bid_margin,True,8,1,6-0,13.55682772397995,0,5-5,9.541670173406601,1,6-0,12.673562735319138
0,9430,0,blanks,30,schema_v2_bid_value,4,1,0,0,bidder,offense,2,6,0,5,30,0,,,,,False,False,5,26,6-5,1,11,4-1,5,False,False,,,True,,6,15,0,1,6,18.0,-15.609861373901367,22.342369079589844,0.0949999988079071,0.49300000071525574,-41,-38,-18,-2,17,36,-41.349999999999994,5.707921842119073,4,-41|-20|-18|-12,29,1000,5,5,5,2.267725944519043,0.039000004529953,0.03600001335144043,False,False,False,False,False,False,multi_peak_pdf|wide_shelf_gap|high_std|large_lower_tail|hidden_threat_large_impact,,first_trick_public_belief_update,hidden_threat_offline_label_ready|public_context_ready,bid_margin,True,8,2,0-0,20.88692879676819,2,4-3,13.74830029066652,2,0-0,19.104988932609558
0,9430,0,blanks,30,schema_v2_bid_value,4,1,0,0,bidder,offense,2,6,0,5,30,0,,,,,False,False,5,26,6-5,2,23,6-2,0,False,False,,,True,,6,15,0,1,6,18.0,-14.65192699432373,24.030227661132812,0.11800000071525574,0.4779999852180481,-41,-40,-17,1,22,41,-41.39,5.6798831652736625,4,-41|-18|-12|-7,34,1000,4,4,4,1.3097915649414062,0.01600000262260437,0.020999997854232788,False,False,False,False,False,False,multi_peak_pdf|wide_shelf_gap|high_std|large_lower_tail|hidden_threat_large_impact,,first_trick_public_belief_update,hidden_threat_offline_label_ready|public_context_ready,bid_margin,True,8,2,0-0,24.54715320467949,3,0-0,14.324752371758223,2,0-0,22.60797293484211
0,9430,0,blanks,30,schema_v2_bid_value,4,1,0,0,bidder,offense,2,6,0,5,30,0,,,,,False,False,5,26,6-5,3,24,6-3,0,False,False,,,True,,6,15,0,1,6,18.0,-14.086133003234863,24.086849212646484,0.125,0.46799999475479126,-41,-39,-16,2,22,41,-41.400000000000006,5.725665016024534,4,-41|-18|-12|-3,38,1000,2,2,2,0.7439975738525391,0.009000003337860107,0.011000007390975952,False,False,False,False,True,False,high_variance_close_mean|multi_peak_pdf|wide_shelf_gap|high_std|large_lower_tail|hidden_threat_large_impact,,first_trick_public_belief_update,hidden_threat_offline_label_ready|public_context_ready,bid_margin,True,8,2,0-0,24.514752954244614,3,0-0,14.163496475666761,2,0-0,22.5709278434515
0,9430,0,blanks,30,schema_v2_bid_value,4,1,0,0,bidder,offense,2,6,0,5,30,0,,,,,False,False,5,26,6-5,4,25,6-4,10,False,False,,,True,,6,15,0,1,6,18.0,-18.899812698364258,22.927879333496094,0.08399999886751175,0.5799999833106995,-41,-40,-26,-5,16,35,-41.51,5.541009699599195,3,-41|-31|-9,32,1000,6,6,6,5.557677268981934,0.05000000447034836,0.12299999594688416,False,False,False,False,False,False,multi_peak_pdf|wide_shelf_gap|high_std|large_lower_tail|hidden_threat_large_impact,,first_trick_public_belief_update,hidden_threat_offline_label_ready|public_context_ready,bid_margin,True,8,2,0-0,21.30602876842022,2,6-1,18.6095347777009,2,0-0,19.635537073016167
0,9430,0,blanks,30,schema_v2_bid_value,4,1,0,0,bidder,offense,2,6,0,5,30,0,,,,,False,False,5,26,6-5,5,26,6-5,0,False,False,,,True,,6,15,0,1,6,18.0,-13.342135429382324,24.479524612426758,0.1340000033378601,0.4569999873638153,-41,-39,-16,3,24,42,-41.39,5.762998059154907,2,-41|-18,23,1000,1,1,1,0.0,0.0,0.0,True,True,True,True,True,True,scalar_ev_lying_by_omission|high_variance_close_mean|multi_peak_pdf|wide_shelf_gap|high_std|large_lower_tail|hidden_threat_large_impact,,first_trick_public_belief_update,hidden_threat_offline_label_ready|public_context_ready,bid_margin,True,8,2,0-0,24.697330251336098,2,6-1,14.278068985324353,2,0-0,22.79484397917986
0,9430,0,blanks,30,schema_v2_bid_value,4,1,0,0,bidder,offense,2,6,0,5,30,0,,,,,False,False,5,26,6-5,6,27,6-6,0,True,False,,,True,,6,15,0,1,6,18.0,-14.159721374511719,24.233016967773438,0.12300000339746475,0.47099998593330383,-41,-39,-17,2,23,41,-41.36,5.71367311213903,4,-41|-18|-12|-2,39,1000,3,3,3,0.8175859451293945,0.010999999940395355,0.013999998569488525,False,False,False,False,True,False,high_variance_close_mean|multi_peak_pdf|wide_shelf_gap|high_std|large_lower_tail|hidden_threat_large_impact,,first_trick_public_belief_update,hidden_threat_offline_label_ready|public_context_ready,bid_margin,True,8,2,0-0,24.601738020777702,3,0-0,14.309884686022997,2,0-0,22.670235350728035
0,9430,0,blanks,30,schema_v2_bid_value,5,1,1,1,left_setter,defense,3,6,0,5,30,0,6,6,0,offense,False,True,6,22,6-1,6,22,6-1,0,False,False,True,False,False,23,6,10,0,3,1,-17.0,-7.76635217666626,25.452041625976562,0.6150000095367432,0.3709999918937683,-41,-32,-10,11,31,43,-41.23,6.037915822735089,5,-41|-39|-18|-3|40,81,1000,1,1,1,0.0,0.0,0.0,True,True,True,True,False,False,multi_peak_pdf|wide_shelf_gap|high_std|large_lower_tail|hidden_threat_large_impact,,first_trick_public_belief_update,hidden_threat_offline_label_ready|public_context_ready,bid_margin,True,8,3,0-0,23.87090676277876,2,0-0,13.87311801314354,3,0-0,22.236495044082403
0,9430,0,blanks,30,schema_v2_bid_value,6,1,2,2,bidder_partner,offense,0,6,0,5,30,0,6,6,0,offense,True,False,5,15,5-0,0,3,2-0,0,False,True,False,True,True,34,6,5,4,1,6,18.0,31.907106399536133,10.237980842590332,0.8450000286102295,0.0,16,24,37,41,41,17,11.66,4.3184462183738255,5,16|18|33|37|41,25,1000,2,3,1,1.6190776824951172,0.0029999613761901855,0.0,False,False,False,True,False,False,multi_peak_pdf|wide_shelf_gap|hidden_threat_large_impact,called_suit_pressure,first_trick_public_belief_update,hidden_threat_offline_label_ready|public_context_ready,bid_margin,True,8,0,0-0,9.794920444488525,1,0-0,8.037505686283112,0,0-0,9.794920444488525
0,9430,0,blanks,30,schema_v2_bid_value,6,1,2,2,bidder_partner,offense,0,6,0,5,30,0,6,6,0,offense,True,False,5,15,5-0,1,4,2-1,0,False,False,False,False,False,0,6,5,4,1,6,18.0,33.52618408203125,9.86262321472168,0.847000002861023,0.0,16,28,39,41,41,13,13.579999999999998,3.8426072259402138,6,15|17|18|32|36|41,26,1000,1,2,2,0.0,0.0009999871253967285,0.0,False,True,False,False,False,True,scalar_ev_lying_by_omission|multi_peak_pdf|wide_shelf_gap|hidden_threat_large_impact,,first_trick_public_belief_update,hidden_threat_offline_label_ready|public_context_ready,bid_margin,True,8,0,0-0,8.161854982376099,1,0-0,6.60003000497818,0,0-0,8.161854982376099
0,9430,0,blanks,30,schema_v2_bid_value,6,1,2,2,bidder_partner,offense,0,6,0,5,30,0,6,6,0,offense,True,False,5,15,5-0,2,9,3-3,0,True,False,False,False,False,0,6,5,4,1,6,18.0,31.5051326751709,10.83676528930664,0.8109999895095825,0.0,15,23,37,40,41,17,10.119999999999997,4.373496096261209,4,15|17|32|40,25,1000,6,6,3,2.0210514068603516,0.03700000047683716,0.0,False,False,False,False,False,False,multi_peak_pdf|wide_shelf_gap|hidden_threat_large_impact,,first_trick_public_belief_update,hidden_threat_offline_label_ready|public_context_ready,bid_margin,True,8,0,0-0,9.510228991508484,1,0-0,7.280403256416321,0,0-0,9.510228991508484
0,9430,0,blanks,30,schema_v2_bid_value,6,1,2,2,bidder_partner,offense,0,6,0,5,30,0,6,6,0,offense,True,False,5,15,5-0,3,10,4-0,0,False,True,False,True,True,36,6,5,4,1,6,18.0,31.70166778564453,10.28995132446289,0.843999981880188,0.0,15,24,36,41,41,17,11.26,4.376366977542507,7,15|17|28|30|33|37|41,26,1000,5,4,4,1.8245162963867188,0.0040000081062316895,0.0,False,False,False,False,False,False,multi_peak_pdf|wide_shelf_gap|hidden_threat_large_impact,called_suit_pressure,first_trick_public_belief_update,hidden_threat_offline_label_ready|public_context_ready,bid_margin,True,8,0,0-0,10.131529569625854,1,0-0,7.870749056339264,0,0-0,10.131529569625854
0,9430,0,blanks,30,schema_v2_bid_value,6,1,2,2,bidder_partner,offense,0,6,0,5,30,0,6,6,0,offense,True,False,5,15,5-0,5,15,5-0,5,False,True,False,True,True,37,6,5,4,1,6,18.0,31.855146408081055,10.125419616699219,0.8479999899864197,0.0,16,24,36,40,41,16,11.92,4.374524353736881,9,14|16|18|20|31|33|35|37|41,27,1000,3,1,5,1.6710376739501953,0.0,0.0,True,False,True,False,False,False,multi_peak_pdf|wide_shelf_gap|hidden_threat_large_impact,called_suit_pressure|partner_count_donation,first_trick_public_belief_update|partner_forcedness_and_safety,hidden_threat_offline_label_ready|needs_belief_model|public_context_ready,bid_margin,True,8,0,0-0,9.943212151527405,1,0-0,7.886047303676605,0,0-0,9.943212151527405
0,9430,0,blanks,30,schema_v2_bid_value,6,1,2,2,bidder_partner,offense,0,6,0,5,30,0,6,6,0,offense,True,False,5,15,5-0,6,21,6-0,0,False,True,False,True,True,38,6,5,4,1,6,18.0,31.725223541259766,10.276278495788574,0.8429999947547913,0.0,16,24,36,41,41,17,11.459999999999999,4.372038711529896,9,15|17|18|29|32|33|35|37|41,26,1000,4,5,6,1.8009605407714844,0.004999995231628418,0.0,False,False,False,False,False,False,multi_peak_pdf|wide_shelf_gap|hidden_threat_large_impact,called_suit_pressure,first_trick_public_belief_update,hidden_threat_offline_label_ready|public_context_ready,bid_margin,True,8,0,0-0,10.094925284385681,1,0-0,7.877334117889404,0,0-0,10.094925284385681
0,9430,0,blanks,30,schema_v2_bid_value,7,1,3,3,right_setter,defense,1,6,0,10,25,5,6,6,2,offense,False,True,0,0,0-0,0,0,0-0,0,True,True,False,True,True,46,6,0,3,1,6,-17.0,5.239487171173096,23.30152702331543,0.7590000033378601,0.22300000488758087,-27,-16,6,24,41,40,-28.609999999999996,5.908027230005606,4,-29|15|17|41,70,1000,1,1,1,0.0,0.0,0.0,True,True,True,True,True,True,scalar_ev_lying_by_omission|high_variance_close_mean|multi_peak_pdf|wide_shelf_gap|high_std|hidden_threat_large_impact,called_suit_pressure|last_to_act,first_trick_public_belief_update|last_to_act_closure_policy,hidden_threat_offline_label_ready|public_context_ready,bid_margin,True,8,1,6-0,27.194837663322687,1,5-3,12.380654782056808,1,6-0,26.13379447348416
0,9430,0,blanks,30,schema_v2_bid_value,7,1,3,3,right_setter,defense,1,6,0,10,25,5,6,6,2,offense,False,True,0,0,0-0,1,1,1-0,0,False,True,False,False,False,33,6,0,3,1,6,-17.0,-17.193553924560547,17.442745208740234,0.4300000071525574,0.5099999904632568,-38,-31,-18,-11,8,20,-38.85,5.62104391838065,7,-38|-35|-31|-28|-18|-14|-11,27,1000,5,5,5,22.433041095733643,0.32899999618530273,0.28699998557567596,False,False,False,False,False,False,multi_peak_pdf|wide_shelf_gap|high_std|large_lower_tail|hidden_threat_large_impact,called_suit_pressure|last_to_act,first_trick_public_belief_update|last_to_act_closure_policy,hidden_threat_offline_label_ready|public_context_ready,bid_margin,True,8,1,6-0,16.230659127235413,0,6-0,10.042901694774628,1,6-0,14.97562313079834
0,9430,0,blanks,30,schema_v2_bid_value,7,1,3,3,right_setter,defense,1,6,0,10,25,5,6,6,2,offense,False,True,0,0,0-0,2,6,3-0,0,False,True,False,False,False,35,6,0,3,1,6,-17.0,-17.404495239257812,17.411291122436523,0.4180000126361847,0.5350000262260437,-38,-31,-18,-10,8,21,-38.88,5.603055820522904,6,-38|-31|-29|-18|-14|-11,27,1000,6,6,6,22.643982410430908,0.3409999907016754,0.31200002133846283,False,False,False,False,False,False,multi_peak_pdf|wide_shelf_gap|high_std|large_lower_tail|hidden_threat_large_impact,called_suit_pressure|last_to_act,first_trick_public_belief_update|last_to_act_closure_policy,hidden_threat_offline_label_ready|public_context_ready,bid_margin,True,8,1,6-0,16.73664379119873,0,6-0,9.686516419053078,1,6-0,15.410564571619034
0,9430,0,blanks,30,schema_v2_bid_value,7,1,3,3,right_setter,defense,1,6,0,10,25,5,6,6,2,offense,False,True,0,0,0-0,4,13,4-3,0,False,False,False,False,False,0,6,0,3,1,6,-17.0,-9.907486915588379,18.182889938354492,0.640999972820282,0.33899998664855957,-33,-23,-13,-1,19,22,-36.38,5.890660212388241,9,-27|-22|-15|-13|-11|-9|-7|-4|30,57,1000,3,2,3,15.146974086761475,0.11800003051757812,0.1159999817609787,False,False,False,False,False,False,multi_peak_pdf|wide_shelf_gap|high_std|large_lower_tail|hidden_threat_large_impact,last_to_act,first_trick_public_belief_update|last_to_act_closure_policy,hidden_threat_offline_label_ready|public_context_ready,bid_margin,True,8,1,6-0,20.266259908676147,0,6-0,11.524472028017044,1,6-0,18.984929025173187
0,9430,0,blanks,30,schema_v2_bid_value,7,1,3,3,right_setter,defense,1,6,0,10,25,5,6,6,2,offense,False,True,0,0,0-0,5,16,5-1,0,False,False,False,False,False,0,6,0,3,1,6,-17.0,-9.419501304626465,19.500242233276367,0.6359999775886536,0.3370000123977661,-35,-25,-12,2,23,27,-37.12,5.946535878428811,7,-37|-35|-16|-13|-10|0|29,66,1000,2,3,2,14.65898847579956,0.12300002574920654,0.11400000751018524,False,False,False,False,False,False,multi_peak_pdf|wide_shelf_gap|high_std|large_lower_tail|hidden_threat_large_impact,last_to_act,first_trick_public_belief_update|last_to_act_closure_policy,hidden_threat_offline_label_ready|public_context_ready,bid_margin,True,8,1,6-0,20.169391930103302,0,6-0,12.063070893287659,1,6-0,18.987988978624344
0,9430,0,blanks,30,schema_v2_bid_value,7,1,3,3,right_setter,defense,1,6,0,10,25,5,6,6,2,offense,False,True,0,0,0-0,6,19,5-4,0,False,False,False,False,False,0,6,0,3,1,6,-17.0,-10.357518196105957,17.79448699951172,0.6320000290870667,0.3490000069141388,-34,-23,-13,-1,18,22,-36.709999999999994,5.8925102546177985,9,-36|-29|-20|-17|-14|-10|-8|0|28,64,1000,4,4,4,15.597005367279053,0.12699997425079346,0.12600000202655792,False,False,False,False,False,False,multi_peak_pdf|wide_shelf_gap|high_std|large_lower_tail|hidden_threat_large_impact,last_to_act,first_trick_public_belief_update|last_to_act_closure_policy,hidden_threat_offline_label_ready|public_context_ready,bid_margin,True,8,1,6-0,19.551410287618637,0,6-0,11.797600656747818,1,6-0,18.23806492984295
0,9430,0,blanks,30,schema_v2_bid_value,8,2,0,3,right_setter,defense,1,6,6,10,25,0,,,,,False,False,1,1,1-0,1,1,1-0,0,False,True,,,True,,5,0,2,0,5,-17.0,-10.189855575561523,24.812877655029297,0.5019999742507935,0.48399999737739563,-36,-33,-17,7,33,40,-36.75,5.629123326611046,5,-36|-33|-32|-26|36,72,1000,1,1,1,0.0,0.0,0.0,True,True,True,True,True,True,scalar_ev_lying_by_omission|high_variance_close_mean|multi_peak_pdf|wide_shelf_gap|high_std|large_lower_tail|hidden_threat_large_impact,called_suit_pressure|setter_lead_pressure,defender_damage_lead_class|first_trick_public_belief_update,hidden_threat_offline_label_ready|needs_real_bid_margin|public_context_ready,bid_margin,True,8,1,6-0,34.937229201197624,2,6-0,18.407754063606262,1,6-0,32.8527996763587
0,9430,0,blanks,30,schema_v2_bid_value,8,2,0,3,right_setter,defense,1,6,6,10,25,0,,,,,False,False,1,1,1-0,2,6,3-0,0,False,True,,,True,,5,0,2,0,5,-17.0,-11.090317726135254,25.195396423339844,0.4860000014305115,0.503000020980835,-36,-35,-19,7,33,42,-36.809999999999995,5.520455459428208,5,-36|-32|-25|-11|36,72,1000,2,4,3,0.9004621505737305,0.015999972820281982,0.01900002360343933,False,False,False,False,True,False,high_variance_close_mean|multi_peak_pdf|wide_shelf_gap|high_std|large_lower_tail|hidden_threat_large_impact,called_suit_pressure|setter_lead_pressure,defender_damage_lead_class|first_trick_public_belief_update,hidden_threat_offline_label_ready|needs_real_bid_margin|public_context_ready,bid_margin,True,8,1,6-0,35.85447360575199,2,6-0,19.032330855727196,1,6-0,33.708601005375385
0,9430,0,blanks,30,schema_v2_bid_value,8,2,0,3,right_setter,defense,1,6,6,10,25,0,,,,,False,False,1,1,1-0,4,13,4-3,0,False,False,,,True,,5,0,2,0,5,-17.0,-15.660388946533203,22.35188865661621,0.4189999997615814,0.5730000138282776,-36,-35,-26,1,18,36,-36.489999999999995,5.393624988475666,2,-36|36,72,1000,5,5,5,5.47053337097168,0.08299997448921204,0.08900001645088196,False,False,False,False,False,False,multi_peak_pdf|wide_shelf_gap|high_std|large_lower_tail|hidden_threat_large_impact,setter_lead_pressure,defender_damage_lead_class|first_trick_public_belief_update,hidden_threat_offline_label_ready|needs_real_bid_margin|public_context_ready,bid_margin,True,8,1,6-0,21.85680879186839,1,4-1,13.463943749666214,1,6-0,20.283755044452846
0,9430,0,blanks,30,schema_v2_bid_value,8,2,0,3,right_setter,defense,1,6,6,10,25,0,,,,,False,False,1,1,1-0,5,16,5-1,0,False,False,,,True,,5,0,2,0,5,-17.0,-12.104294776916504,23.640958786010742,0.49000000953674316,0.5070000290870667,-36,-35,-19,6,25,41,-36.59,5.495835827439578,3,-36|-32|36,72,1000,4,2,4,1.9144392013549805,0.011999964714050293,0.02300003170967102,False,False,False,False,False,False,multi_peak_pdf|wide_shelf_gap|high_std|large_lower_tail|hidden_threat_large_impact,setter_lead_pressure,defender_damage_lead_class|first_trick_public_belief_update,hidden_threat_offline_label_ready|needs_real_bid_margin|public_context_ready,bid_margin,True,8,1,6-0,25.084857285022736,1,5-3,21.580662861466408,1,6-0,23.405561834573746
0,9430,0,blanks,30,schema_v2_bid_value,8,2,0,3,right_setter,defense,1,6,6,10,25,0,,,,,False,False,1,1,1-0,6,19,5-4,0,False,False,,,True,,5,0,2,0,5,-17.0,-11.912816047668457,23.676307678222656,0.48899999260902405,0.5019999742507935,-36,-35,-18,6,25,41,-36.59,5.51349083013177,4,-36|-32|-30|36,72,1000,3,3,2,1.7229604721069336,0.01299998164176941,0.017999976873397827,False,False,False,False,False,False,multi_peak_pdf|wide_shelf_gap|high_std|large_lower_tail|hidden_threat_large_impact,setter_lead_pressure,defender_damage_lead_class|first_trick_public_belief_update,hidden_threat_offline_label_ready|needs_real_bid_margin|public_context_ready,bid_margin,True,8,1,6-0,25.100355356931686,1,5-3,22.01592291891575,1,6-0,23.412503138184547
0,9430,0,blanks,30,schema_v2_bid_value,9,2,1,0,bidder,offense,2,6,6,10,25,0,7,called,3,defense,False,True,1,11,4-1,1,11,4-1,5,False,False,False,False,False,0,5,15,0,1,5,18.0,-11.391218185424805,25.654483795166016,0.16699999570846558,0.5299999713897705,-37,-36,-21,9,33,45,-37.0,4.899853748923875,5,-36|-24|4|13|36,72,1000,1,1,3,0.0,0.0,0.0729999840259552,True,True,True,False,True,True,scalar_ev_lying_by_omission|high_variance_close_mean|multi_peak_pdf|wide_shelf_gap|high_std|large_lower_tail|hidden_threat_large_impact,,first_trick_public_belief_update,hidden_threat_offline_label_ready|public_context_ready,bid_margin,True,8,2,6-0,28.68760719895363,1,6-0,19.765321059152484,2,6-0,26.88988007605076
0,9430,0,blanks,30,schema_v2_bid_value,9,2,1,0,bidder,offense,2,6,6,10,25,0,7,called,3,defense,False,True,1,11,4-1,2,23,6-2,0,False,False,False,False,False,0,5,15,0,1,5,18.0,-14.916423797607422,24.437639236450195,0.11999999731779099,0.550000011920929,-37,-36,-28,6,24,42,-37.0,4.945582541646626,4,-37|-34|12|36,73,1000,5,5,5,3.525205612182617,0.04699999839067459,0.09300002455711365,False,False,False,False,False,False,multi_peak_pdf|wide_shelf_gap|high_std|large_lower_tail|hidden_threat_large_impact,,first_trick_public_belief_update,hidden_threat_offline_label_ready|public_context_ready,bid_margin,True,8,2,6-0,24.05725161731243,1,6-0,14.558563498780131,2,6-0,22.329978823661804
0,9430,0,blanks,30,schema_v2_bid_value,9,2,1,0,bidder,offense,2,6,6,10,25,0,7,called,3,defense,False,True,1,11,4-1,3,24,6-3,0,False,False,False,False,False,0,5,15,0,1,5,18.0,-13.571338653564453,24.730533599853516,0.1340000033378601,0.5149999856948853,-37,-36,-20,7,28,43,-37.0,4.980206117944048,5,-36|-34|-12|13|36,72,1000,3,4,2,2.1801204681396484,0.03299999237060547,0.057999998331069946,False,False,False,False,False,False,multi_peak_pdf|wide_shelf_gap|high_std|large_lower_tail|hidden_threat_large_impact,,first_trick_public_belief_update,hidden_threat_offline_label_ready|public_context_ready,bid_margin,True,8,2,6-0,24.762365609407425,1,6-0,15.400766855105758,2,6-0,23.025433883070946
0,9430,0,blanks,30,schema_v2_bid_value,9,2,1,0,bidder,offense,2,6,6,10,25,0,7,called,3,defense,False,True,1,11,4-1,4,25,6-4,10,False,False,False,False,False,0,5,15,0,1,5,18.0,-11.515137672424316,25.076391220092773,0.15700000524520874,0.4569999873638153,-37,-36,-13,7,32,43,-37.0,4.858818047493599,5,-36|-13|3|13|36,72,1000,2,2,1,0.12391948699951172,0.009999990463256836,0.0,False,False,False,True,True,False,high_variance_close_mean|multi_peak_pdf|wide_shelf_gap|high_std|large_lower_tail|hidden_threat_large_impact,,first_trick_public_belief_update,hidden_threat_offline_label_ready|public_context_ready,bid_margin,True,8,2,6-0,31.190210223197937,1,6-0,24.503448724746704,2,6-0,28.90521028637886
0,9430,0,blanks,30,schema_v2_bid_value,9,2,1,0,bidder,offense,2,6,6,10,25,0,7,called,3,defense,False,True,1,11,4-1,6,27,6-6,0,True,False,False,False,False,0,5,15,0,1,5,18.0,-14.249178886413574,25.01580810546875,0.13600000739097595,0.5460000038146973,-37,-36,-26,7,30,43,-37.0,4.966347081966952,5,-36|-34|11|12|36,72,1000,4,3,4,2.8579607009887695,0.030999988317489624,0.08900001645088196,False,False,False,False,False,False,multi_peak_pdf|wide_shelf_gap|high_std|large_lower_tail|hidden_threat_large_impact,,first_trick_public_belief_update,hidden_threat_offline_label_ready|public_context_ready,bid_margin,True,8,2,6-0,24.89784660935402,1,6-0,14.837924277409911,2,6-0,23.176369324326515
0,9430,0,blanks,30,schema_v2_bid_value,10,2,2,1,left_setter,defense,3,6,6,15,20,5,7,called,3,defense,True,False,0,2,1-1,0,2,1-1,0,True,False,False,False,False,0,5,10,0,3,5,-17.0,1.4669735431671143,20.419919967651367,0.8610000014305115,0.13899999856948853,-37,-12,-1,23,24,35,-37.0,4.352304076668107,7,-37|-13|-11|-4|-1|21|24,61,1000,1,1,1,0.0,0.0,0.0,True,True,True,True,True,True,scalar_ev_lying_by_omission|high_variance_close_mean|multi_peak_pdf|wide_shelf_gap|high_std|hidden_threat_large_impact,,first_trick_public_belief_update,hidden_threat_offline_label_ready|public_context_ready,bid_margin,True,8,3,6-0,19.323650360107422,2,6-0,14.518414497375488,3,6-0,18.62865036725998
0,9430,0,blanks,30,schema_v2_bid_value,10,2,2,1,left_setter,defense,3,6,6,15,20,5,7,called,3,defense,True,False,0,2,1-1,1,7,3-1,0,False,False,False,False,False,0,5,10,0,3,5,-17.0,1.318267822265625,20.33191680908203,0.8610000014305115,0.13899999856948853,-37,-12,0,23,24,35,-37.0,4.403814984857197,8,-37|-14|-11|-3|0|8|20|24,61,1000,2,2,2,0.14870572090148926,0.0,0.0,False,False,False,False,False,False,multi_peak_pdf|wide_shelf_gap|high_std|hidden_threat_large_impact,,first_trick_public_belief_update,hidden_threat_offline_label_ready|public_context_ready,bid_margin,True,8,3,6-0,19.26307988166809,2,6-0,14.4712073802948,3,6-0,18.568079888820648
0,9430,0,blanks,30,schema_v2_bid_value,10,2,2,1,left_setter,defense,3,6,6,15,20,5,7,called,3,defense,True,False,0,2,1-1,2,14,4-4,0,True,False,False,False,False,0,5,10,0,3,5,-17.0,-6.761954307556152,18.98048973083496,0.7699999809265137,0.23000000417232513,-37,-15,-6,2,23,17,-37.05,4.9239318991886805,7,-37|-13|-10|-7|-1|21|24,61,1000,4,4,4,8.228927850723267,0.0910000205039978,0.09100000560283661,False,False,False,False,False,False,multi_peak_pdf|wide_shelf_gap|high_std|hidden_threat_large_impact,,first_trick_public_belief_update,hidden_threat_offline_label_ready|public_context_ready,bid_margin,True,8,3,6-0,17.848282665014267,2,6-0,13.01396319270134,3,6-0,16.69828264415264
0,9430,0,blanks,30,schema_v2_bid_value,10,2,2,1,left_setter,defense,3,6,6,15,20,5,7,called,3,defense,True,False,0,2,1-1,4,18,5-3,0,False,False,False,False,False,0,5,10,0,3,5,-17.0,1.210783839225769,20.354307174682617,0.8610000014305115,0.13899999856948853,-37,-12,-1,23,24,35,-37.0,4.426934217201128,6,-37|-13|-11|-4|-1|24,61,1000,3,3,3,0.2561897039413452,0.0,0.0,False,False,False,False,True,False,high_variance_close_mean|multi_peak_pdf|wide_shelf_gap|high_std|hidden_threat_large_impact,,first_trick_public_belief_update,hidden_threat_offline_label_ready|public_context_ready,bid_margin,True,8,3,6-0,19.32085645198822,2,6-0,14.516236901283264,3,6-0,18.625856459140778
0,9430,0,blanks,30,schema_v2_bid_value,10,2,2,1,left_setter,defense,3,6,6,15,20,5,7,called,3,defense,True,False,0,2,1-1,5,20,5-5,10,True,False,False,False,False,0,5,10,0,3,5,-17.0,-20.10756492614746,16.050355911254883,0.3160000145435333,0.6819999814033508,-37,-34,-25,1,3,35,-37.260000000000005,4.544871206298728,8,-37|-33|-29|-26|-24|-21|3|5,42,1000,5,5,5,21.574538469314575,0.5449999868869781,0.5429999828338623,False,False,False,False,False,False,multi_peak_pdf|wide_shelf_gap|high_std|large_lower_tail|hidden_threat_large_impact,setter_count_pressure,first_trick_public_belief_update|setter_count_before_certainty,hidden_threat_offline_label_ready|needs_real_bid_margin|public_context_ready,bid_margin,True,8,3,6-0,18.77400243282318,2,6-0,13.35418427363038,3,6-0,17.121993392705917
0,9430,0,blanks,30,schema_v2_bid_value,11,2,3,2,bidder_partner,offense,0,6,6,15,20,5,7,called,3,defense,False,True,6,21,6-0,0,3,2-0,0,False,True,True,True,True,34,5,0,3,1,3,18.0,31.80821990966797,9.73263931274414,0.7870000004768372,0.0,13,34,37,38,39,4,13.0,2.882560919202013,4,13|34|37|39,26,1000,3,3,1,0.4272613525390625,0.038999974727630615,0.0,False,False,False,True,True,False,high_variance_close_mean|multi_peak_pdf|wide_shelf_gap|hidden_threat_large_impact,called_suit_pressure|last_to_act,first_trick_public_belief_update|last_to_act_closure_policy,hidden_threat_offline_label_ready|public_context_ready,bid_margin,True,8,1,6-2,9.796030879020691,1,6-2,8.525504529476166,0,6-2,8.211378931999207
0,9430,0,blanks,30,schema_v2_bid_value,11,2,3,2,bidder_partner,offense,0,6,6,15,20,5,7,called,3,defense,False,True,6,21,6-0,3,10,4-0,0,False,True,True,True,True,36,5,0,3,1,3,18.0,32.16792678833008,9.235196113586426,0.824999988079071,0.0,13,34,37,38,39,4,13.0,3.016294194733797,4,13|34|37|39,26,1000,2,2,2,0.06755447387695312,0.0009999871253967285,0.0,False,False,False,False,True,False,high_variance_close_mean|multi_peak_pdf|wide_shelf_gap|hidden_threat_large_impact,called_suit_pressure|last_to_act,first_trick_public_belief_update|last_to_act_closure_policy,hidden_threat_offline_label_ready|public_context_ready,bid_margin,True,8,1,6-2,8.891594409942627,1,6-2,7.847734689712524,0,6-2,7.453243374824524
0,9430,0,blanks,30,schema_v2_bid_value,11,2,3,2,bidder_partner,offense,0,6,6,15,20,5,7,called,3,defense,False,True,6,21,6-0,6,21,6-0,0,False,True,True,True,True,38,5,0,3,1,3,18.0,32.23548126220703,9.192399024963379,0.8259999752044678,0.0,13,34,37,38,39,4,13.0,3.0373371122591326,4,13|34|37|39,26,1000,1,1,3,0.0,0.0,0.0,True,True,True,False,False,True,scalar_ev_lying_by_omission|multi_peak_pdf|wide_shelf_gap|hidden_threat_large_impact,called_suit_pressure|last_to_act,first_trick_public_belief_update|last_to_act_closure_policy,hidden_threat_offline_label_ready|public_context_ready,bid_margin,True,8,1,6-2,8.82185411453247,1,6-2,7.783959627151489,0,6-2,7.3947930335998535
0,9430,0,blanks,30,schema_v2_bid_value,12,3,0,2,bidder_partner,offense,0,12,6,15,20,0,,,,,False,False,2,9,3-3,0,3,2-0,0,False,True,,,True,,4,0,2,1,4,18.0,17.387258529663086,11.738329887390137,0.5180000066757202,0.0,5,6,21,30,30,24,1.3499999999999996,3.3961963225850575,4,5|7|28|30,25,1000,4,4,1,6.834514617919922,0.25999999046325684,0.0,False,False,False,True,False,False,multi_peak_pdf|wide_shelf_gap|hidden_threat_large_impact,called_suit_pressure,first_trick_public_belief_update,hidden_threat_offline_label_ready|public_context_ready,bid_margin,True,8,1,0-0,9.076916098594666,3,3-0,7.6622801423072815,1,0-0,9.076916098594666
0,9430,0,blanks,30,schema_v2_bid_value,12,3,0,2,bidder_partner,offense,0,12,6,15,20,0,,,,,False,False,2,9,3-3,1,4,2-1,0,False,False,,,True,,4,0,2,1,4,18.0,18.615026473999023,11.099665641784668,0.5659999847412109,0.0,6,7,25,30,30,23,3.829999999999999,3.0369932959865276,4,7|25|28|30,23,1000,3,3,2,5.606746673583984,0.2120000123977661,0.0,False,False,False,False,False,False,multi_peak_pdf|wide_shelf_gap|hidden_threat_large_impact,,first_trick_public_belief_update,hidden_threat_offline_label_ready|public_context_ready,bid_margin,True,8,1,0-0,7.807024121284485,3,3-0,6.648736298084259,1,0-0,7.807024121284485
0,9430,0,blanks,30,schema_v2_bid_value,12,3,0,2,bidder_partner,offense,0,12,6,15,20,0,,,,,False,False,2,9,3-3,2,9,3-3,0,True,False,,,True,,4,0,2,1,4,18.0,24.221773147583008,9.590765953063965,0.777999997138977,0.0,6,27,30,30,30,3,5.66,2.191281969193338,3,6|28|30,24,1000,1,1,3,0.0,0.0,0.0,True,True,True,False,False,True,scalar_ev_lying_by_omission|multi_peak_pdf|wide_shelf_gap|hidden_threat_large_impact,,first_trick_public_belief_update,hidden_threat_offline_label_ready|public_context_ready,bid_margin,True,8,1,6-2,9.191060185432434,1,6-2,7.919086039066315,0,6-2,8.02065920829773
0,9430,0,blanks,30,schema_v2_bid_value,12,3,0,2,bidder_partner,offense,0,12,6,15,20,0,,,,,False,False,2,9,3-3,3,10,4-0,0,False,True,,,True,,4,0,2,1,4,18.0,24.13144874572754,9.943594932556152,0.777999997138977,0.0,6,27,30,30,30,3,4.83,2.0547963375648406,3,6|28|30,24,1000,2,2,4,0.09032440185546875,0.0,0.0,False,False,False,False,False,False,multi_peak_pdf|wide_shelf_gap|hidden_threat_large_impact,called_suit_pressure,first_trick_public_belief_update,hidden_threat_offline_label_ready|public_context_ready,bid_margin,True,8,1,6-2,9.450705647468567,1,6-2,8.178731501102448,0,6-2,8.24724268913269
0,9430,0,blanks,30,schema_v2_bid_value,13,3,1,3,right_setter,defense,1,12,6,15,20,0,3,3,2,offense,False,True,4,13,4-3,4,13,4-3,0,False,False,True,False,False,23,4,0,1,0,1,-17.0,-25.506542205810547,10.375860214233398,0.16099999845027924,0.8389999866485596,-31,-30,-30,-28,-7,2,-31.0,2.578227657726491,4,-30|-28|-7|-5,25,1000,1,1,1,0.0,0.0,0.0,True,True,True,True,False,False,multi_peak_pdf|wide_shelf_gap|large_lower_tail|hidden_threat_large_impact,,first_trick_public_belief_update,hidden_threat_offline_label_ready|public_context_ready,bid_margin,True,8,2,5-3,15.532192140817642,0,5-5,5.517533211037517,2,5-3,13.906913250684738
0,9430,0,blanks,30,schema_v2_bid_value,14,3,2,0,bidder,offense,2,12,6,15,20,0,3,3,2,offense,True,False,3,24,6-3,3,24,6-3,0,False,False,True,False,False,25,4,10,0,1,1,18.0,2.3133559226989746,22.00479507446289,0.3190000057220459,0.26600000262260437,-28,-27,6,28,30,55,-28.03,3.553819773870866,6,-28|-5|2|7|28|30,58,1000,1,1,1,0.0,0.0,0.0,True,True,True,True,False,False,multi_peak_pdf|wide_shelf_gap|high_std|large_lower_tail|hidden_threat_large_impact,,first_trick_public_belief_update,hidden_threat_offline_label_ready|public_context_ready,bid_margin,True,8,2,5-4,19.48883007839322,2,5-4,18.024834418669343,2,4-0,16.24871638417244
0,9430,0,blanks,30,schema_v2_bid_value,15,3,3,1,left_setter,defense,3,12,6,15,20,0,3,3,2,offense,False,True,1,7,3-1,1,7,3-1,0,False,False,True,False,False,20,4,10,0,2,2,-17.0,2.993008852005005,19.939990997314453,0.8259999752044678,0.17399999499320984,-30,-7,4,26,28,33,-30.0,3.120613485893712,5,-30|-7|5|26|28,58,1000,1,1,1,0.0,0.0,0.0,True,True,True,True,True,True,scalar_ev_lying_by_omission|high_variance_close_mean|multi_peak_pdf|wide_shelf_gap|high_std|hidden_threat_large_impact,last_to_act,first_trick_public_belief_update|last_to_act_closure_policy,hidden_threat_offline_label_ready|public_context_ready,bid_margin,True,8,3,4-0,19.840592801570892,2,4-0,16.030501127243042,3,4-0,18.970592826604843
0,9430,0,blanks,30,schema_v2_bid_value,15,3,3,1,left_setter,defense,3,12,6,15,20,0,3,3,2,offense,False,True,1,7,3-1,4,18,5-3,0,False,False,True,False,False,24,4,10,0,2,2,-17.0,2.808985948562622,19.901710510253906,0.8259999752044678,0.17399999499320984,-30,-7,4,26,28,33,-30.0,2.904926471747497,5,-30|-7|4|26|28,58,1000,2,2,2,0.1840229034423828,0.0,0.0,False,False,False,False,True,False,high_variance_close_mean|multi_peak_pdf|wide_shelf_gap|high_std|hidden_threat_large_impact,last_to_act,first_trick_public_belief_update|last_to_act_closure_policy,hidden_threat_offline_label_ready|public_context_ready,bid_margin,True,8,3,4-0,19.748765408992767,2,4-0,15.952904462814331,3,4-0,18.878765434026718
0,9430,0,blanks,30,schema_v2_bid_value,16,4,0,2,bidder_partner,offense,0,13,6,15,20,0,,,,,False,False,3,10,4-0,0,3,2-0,0,False,True,,,True,,3,0,2,0,3,18.0,16.164466857910156,11.915453910827637,0.5109999775886536,0.0,3,5,19,29,29,24,0.33,3.2531951826141468,5,-2|6|20|27|29,31,1000,3,2,1,7.609134674072266,0.2940000295639038,0.0,False,False,False,True,False,False,multi_peak_pdf|wide_shelf_gap|hidden_threat_large_impact,called_suit_pressure|late_hand,first_trick_public_belief_update|late_trick_threshold_closure,distribution_labels_ready|hidden_threat_offline_label_ready|public_context_ready,bid_margin,True,8,3,3-0,9.625482469797134,3,3-0,8.25604958832264,1,0-0,9.064773321151733
0,9430,0,blanks,30,schema_v2_bid_value,16,4,0,2,bidder_partner,offense,0,13,6,15,20,0,,,,,False,False,3,10,4-0,1,4,2-1,0,False,False,,,True,,3,0,2,0,3,18.0,16.610687255859375,11.722139358520508,0.5080000162124634,0.0,3,5,20,29,29,24,0.7700000000000002,3.27552031330897,3,6|27|29,23,1000,2,3,2,7.162914276123047,0.296999990940094,0.0,False,False,False,False,False,False,multi_peak_pdf|wide_shelf_gap|hidden_threat_large_impact,late_hand,first_trick_public_belief_update|late_trick_threshold_closure,distribution_labels_ready|hidden_threat_offline_label_ready|public_context_ready,bid_margin,True,8,3,3-0,9.700857490301132,3,3-0,8.315496608614922,1,0-0,9.135759949684143
0,9430,0,blanks,30,schema_v2_bid_value,16,4,0,2,bidder_partner,offense,0,13,6,15,20,0,,,,,False,False,3,10,4-0,3,10,4-0,0,False,True,,,True,,3,0,2,0,3,18.0,23.773601531982422,9.540678024291992,0.8050000071525574,0.0,5,25,29,29,29,4,4.41,2.4134680917050697,3,5|27|29,24,1000,1,1,3,0.0,0.0,0.0,True,True,True,False,False,True,scalar_ev_lying_by_omission|multi_peak_pdf|wide_shelf_gap|hidden_threat_large_impact,called_suit_pressure|late_hand,first_trick_public_belief_update|late_trick_threshold_closure,distribution_labels_ready|hidden_threat_offline_label_ready|public_context_ready,bid_margin,True,8,1,6-2,10.655542016029358,1,6-2,9.269767105579376,0,6-2,7.497000813484192
0,9430,0,blanks,30,schema_v2_bid_value,17,4,1,3,right_setter,defense,1,13,6,15,20,0,7,called,2,offense,False,True,2,6,3-0,2,6,3-0,0,False,True,True,False,False,35,3,0,1,0,1,-17.0,-25.889442443847656,8.151439666748047,0.13300000131130219,0.8669999837875366,-29,-29,-29,-27,-6,2,-29.14,1.4165042759606912,4,-29|-27|-6|-4,25,1000,1,1,1,0.0,0.0,0.0,True,True,True,True,False,False,multi_peak_pdf|wide_shelf_gap|large_lower_tail|hidden_threat_large_impact,called_suit_pressure|late_hand,first_trick_public_belief_update|late_trick_threshold_closure,distribution_labels_ready|hidden_threat_offline_label_ready|public_context_ready,bid_margin,True,8,2,5-3,14.978130251169205,1,5-3,5.166703507304192,2,5-3,13.259617775678635
0,9430,0,blanks,30,schema_v2_bid_value,18,4,2,0,bidder,offense,2,13,6,15,20,0,7,called,2,offense,True,False,4,25,6-4,2,23,6-2,0,False,False,False,False,False,0,3,10,0,1,3,18.0,-2.418597936630249,22.923908233642578,0.30399999022483826,0.4099999964237213,-27,-27,0,25,29,52,-27.0,2.7240445401250666,5,-27|1|22|25|29,56,1000,3,1,3,10.204385042190552,0.0,0.4099999964237213,False,False,True,False,False,False,multi_peak_pdf|wide_shelf_gap|high_std|large_lower_tail|hidden_threat_large_impact,late_hand,first_trick_public_belief_update|late_trick_threshold_closure,distribution_labels_ready|hidden_threat_offline_label_ready|public_context_ready,bid_margin,True,8,2,2-0,20.875263392925262,3,2-0,16.764266535639763,2,2-0,18.825263410806656
0,9430,0,blanks,30,schema_v2_bid_value,18,4,2,0,bidder,offense,2,13,6,15,20,0,7,called,2,offense,True,False,4,25,6-4,4,25,6-4,10,False,False,False,False,False,0,3,10,0,1,3,18.0,7.785787105560303,14.372556686401367,0.30399999022483826,0.0,-6,-6,4,27,29,33,-6.970000000000001,2.9418498241734636,5,-6|2|4|27|29,35,1000,1,2,1,0.0,0.0,0.0,True,True,False,True,False,True,scalar_ev_lying_by_omission|multi_peak_pdf|wide_shelf_gap|hidden_threat_large_impact,late_hand,first_trick_public_belief_update|late_trick_threshold_closure,distribution_labels_ready|hidden_threat_offline_label_ready|public_context_ready,bid_margin,True,8,2,5-5,15.702026546001434,2,5-3,9.602209597826004,2,5-5,15.702026546001434
0,9430,0,blanks,30,schema_v2_bid_value,18,4,2,0,bidder,offense,2,13,6,15,20,0,7,called,2,offense,True,False,4,25,6-4,6,27,6-6,0,True,False,False,False,False,0,3,10,0,1,3,18.0,-1.934425950050354,22.28877830505371,0.30399999022483826,0.3790000081062317,-27,-27,1,21,29,48,-27.0,2.9951988065134563,5,-27|2|19|24|29,56,1000,2,3,2,9.720213055610657,0.0,0.3790000081062317,False,False,False,False,False,False,multi_peak_pdf|wide_shelf_gap|high_std|large_lower_tail|hidden_threat_large_impact,late_hand,first_trick_public_belief_update|late_trick_threshold_closure,distribution_labels_ready|hidden_threat_offline_label_ready|public_context_ready,bid_margin,True,8,2,5-5,20.75434246659279,3,2-0,16.229943498969078,2,5-5,19.654321536421776
0,9430,0,blanks,30,schema_v2_bid_value,19,4,3,1,left_setter,defense,3,13,6,25,10,10,7,called,2,offense,False,True,2,14,4-4,2,14,4-4,0,True,False,False,False,False,0,3,10,0,2,3,-17.0,-4.090425491333008,13.237250328063965,0.8080000281333923,0.19200000166893005,-29,-5,-4,6,6,11,-29.000000000000004,1.7949133815571947,3,-29|-5|6,35,1000,1,1,1,0.0,0.0,0.0,True,True,True,True,True,False,high_variance_close_mean|multi_peak_pdf|wide_shelf_gap|hidden_threat_large_impact,last_to_act|late_hand,first_trick_public_belief_update|last_to_act_closure_policy|late_trick_threshold_closure,distribution_labels_ready|hidden_threat_offline_label_ready|public_context_ready,bid_margin,True,8,3,2-0,14.061411440372467,2,2-0,12.893453657627106,3,2-0,13.101411432027817
0,9430,0,blanks,30,schema_v2_bid_value,19,4,3,1,left_setter,defense,3,13,6,25,10,10,7,called,2,offense,False,True,2,14,4-4,4,18,5-3,0,False,False,False,False,False,0,3,10,0,2,3,-17.0,-4.236736297607422,13.271746635437012,0.8080000281333923,0.19200000166893005,-29,-6,-5,6,6,12,-29.000000000000004,1.7949133815571947,3,-29|-6|6,35,1000,2,2,2,0.14631080627441406,0.0,0.0,False,False,False,False,True,False,high_variance_close_mean|multi_peak_pdf|wide_shelf_gap|hidden_threat_large_impact,last_to_act|late_hand,first_trick_public_belief_update|last_to_act_closure_policy|late_trick_threshold_closure,distribution_labels_ready|hidden_threat_offline_label_ready|public_context_ready,bid_margin,True,8,3,2-0,14.263013899326324,2,2-0,13.091855108737946,3,2-0,13.303013890981674
0,9430,0,blanks,30,schema_v2_bid_value,19,4,3,1,left_setter,defense,3,13,6,25,10,10,7,called,2,offense,False,True,2,14,4-4,5,20,5-5,10,True,False,False,False,False,0,3,10,0,2,3,-17.0,-23.684659957885742,5.654928207397461,0.32899999618530273,0.6710000038146973,-29,-29,-26,-17,-15,12,-29.000000000000004,2.2406127638075204,4,-29|-25|-17|-15,14,1000,3,3,3,19.594234466552734,0.4790000319480896,0.4790000021457672,False,False,False,False,False,False,multi_peak_pdf|large_lower_tail|hidden_threat_large_impact,last_to_act|late_hand|setter_count_pressure,first_trick_public_belief_update|last_to_act_closure_policy|late_trick_threshold_closure|setter_count_before_certainty,distribution_labels_ready|hidden_threat_offline_label_ready|needs_real_bid_margin|public_context_ready,bid_margin,True,8,2,5-1,11.368960857391357,2,2-0,9.457525730133057,2,5-1,9.65681803226471
0,9430,0,blanks,30,schema_v2_bid_value,20,5,0,2,bidder_partner,offense,0,24,6,25,10,0,,,,,False,False,1,4,2-1,0,3,2-0,0,False,True,,,True,,2,0,1,0,2,18.0,6.699252605438232,14.223348617553711,0.0,0.0,-16,-15,15,18,18,33,-16.0,2.578269836382777,5,-16|9|11|15|18,34,1000,2,1,1,0.9872102737426758,0.0,0.0,False,False,True,True,True,False,high_variance_close_mean|multi_peak_pdf|wide_shelf_gap|hidden_threat_large_impact,called_suit_pressure|late_hand,first_trick_public_belief_update|late_trick_threshold_closure,distribution_labels_ready|hidden_threat_offline_label_ready|public_context_ready,bid_margin,True,8,0,6-2,10.88679552078247,1,6-2,9.462354898452759,0,6-2,10.88679552078247
0,9430,0,blanks,30,schema_v2_bid_value,20,5,0,2,bidder_partner,offense,0,24,6,25,10,0,,,,,False,False,1,4,2-1,1,4,2-1,0,False,False,,,True,,2,0,1,0,2,18.0,7.686462879180908,13.64822006225586,0.0,0.0,-15,-12,16,18,18,30,-15.0,2.6463096194242146,6,-15|-12|12|14|16|18,33,1000,1,2,2,0.0,0.0,0.0,True,True,False,False,True,True,scalar_ev_lying_by_omission|high_variance_close_mean|multi_peak_pdf|wide_shelf_gap|hidden_threat_large_impact,late_hand,first_trick_public_belief_update|late_trick_threshold_closure,distribution_labels_ready|hidden_threat_offline_label_ready|public_context_ready,bid_margin,True,8,0,6-2,9.901134014129639,1,6-2,8.605656802654266,0,6-2,9.901134014129639
0,9430,0,blanks,30,schema_v2_bid_value,21,5,1,3,right_setter,defense,1,24,6,25,10,0,2,2,2,offense,False,True,5,16,5-1,5,16,5-1,0,False,False,False,False,False,0,2,0,0,0,2,-17.0,-16.701452255249023,1.1193619966506958,0.5130000114440918,0.0,-18,-18,-16,-16,-16,2,-18.0,0.9995123141215678,2,-18|-16,2,1000,1,1,1,0.0,0.0,0.0,True,True,True,True,True,False,high_variance_close_mean|multi_peak_pdf|hidden_threat_large_impact,late_hand,first_trick_public_belief_update|late_trick_threshold_closure,distribution_labels_ready|hidden_threat_offline_label_ready|public_context_ready,bid_margin,True,8,0,6-2,6.27768611907959,0,6-2,3.712686061859131,1,6-2,5.959519386291504
0,9430,0,blanks,30,schema_v2_bid_value,21,5,1,3,right_setter,defense,1,24,6,25,10,0,2,2,2,offense,False,True,5,16,5-1,6,19,5-4,0,False,False,False,False,False,0,2,0,0,0,2,-17.0,-16.703073501586914,1.1209626197814941,0.5130000114440918,0.0,-18,-18,-16,-16,-16,2,-18.0,0.9995123141215678,2,-18|-16,2,1000,2,2,2,0.001621246337890625,0.0,0.0,False,False,False,False,True,False,high_variance_close_mean|multi_peak_pdf|hidden_threat_large_impact,late_hand,first_trick_public_belief_update|late_trick_threshold_closure,distribution_labels_ready|hidden_threat_offline_label_ready|public_context_ready,bid_margin,True,8,0,6-2,6.279345512390137,0,6-2,3.7143454551696777,1,6-2,5.961095809936523
0,9430,0,blanks,30,schema_v2_bid_value,22,5,2,0,bidder,offense,2,24,6,25,10,0,2,2,2,offense,True,False,2,23,6-2,2,23,6-2,0,False,False,True,True,True,24,2,0,0,1,1,18.0,1.4449042081832886,16.63649559020996,0.0,0.0,-16,-16,18,18,18,34,-16.0,0.9993506898146105,2,-16|18,34,1000,1,1,1,0.0,0.0,0.0,True,True,True,True,False,False,multi_peak_pdf|wide_shelf_gap|high_std|hidden_threat_large_impact,late_hand,first_trick_public_belief_update|late_trick_threshold_closure,distribution_labels_ready|hidden_threat_offline_label_ready|public_context_ready,bid_margin,True,8,2,5-5,17.225030779838562,2,5-5,17.225030779838562,3,5-5,16.190740704536438
0,9430,0,blanks,30,schema_v2_bid_value,23,5,3,1,left_setter,defense,3,24,6,25,10,0,2,2,0,offense,False,True,4,18,5-3,4,18,5-3,0,False,False,False,False,False,0,2,10,0,1,2,-17.0,-0.8462982773780823,16.681211471557617,0.5040000081062317,0.0,-18,-18,16,16,16,34,-18.0,0.999953833266239,2,-18|16,34,1000,1,1,1,0.0,0.0,0.0,True,True,True,True,True,True,scalar_ev_lying_by_omission|high_variance_close_mean|multi_peak_pdf|wide_shelf_gap|high_std|hidden_threat_large_impact,last_to_act|late_hand,first_trick_public_belief_update|last_to_act_closure_policy|late_trick_threshold_closure,distribution_labels_ready|hidden_threat_offline_label_ready|public_context_ready,bid_margin,True,5,2,2-0,21.855198919773102,2,2-0,19.335198879241943,3,2-0,21.508292138576508
0,9430,0,blanks,30,schema_v2_bid_value,23,5,3,1,left_setter,defense,3,24,6,25,10,0,2,2,0,offense,False,True,4,18,5-3,5,20,5-5,10,True,False,False,False,False,0,2,10,0,1,2,-17.0,-11.401504516601562,6.214757442474365,0.5040000081062317,0.0,-18,-18,-5,-5,-5,13,-18.0,0.999953833266239,2,-18|-5,13,1000,2,2,2,10.55520623922348,0.0,0.0,False,False,False,False,False,False,multi_peak_pdf|hidden_threat_large_impact,last_to_act|late_hand|setter_count_pressure,first_trick_public_belief_update|last_to_act_closure_policy|late_trick_threshold_closure|setter_count_before_certainty,distribution_labels_ready|hidden_threat_offline_label_ready|needs_real_bid_margin|public_context_ready,bid_margin,True,5,2,2-0,11.304677128791809,2,2-0,8.78467708826065,3,2-0,11.12523639202118
0,9430,0,blanks,30,schema_v2_bid_value,24,6,0,0,bidder,offense,2,25,6,25,10,0,,,,,False,False,6,27,6-6,6,27,6-6,0,True,False,,,True,,1,0,0,1,1,18.0,-0.5678256750106812,16.585725784301758,0.0,0.0,-17,-17,-17,16,16,33,-17.0,0.999766270781044,2,-17|16,33,1000,1,1,1,0.0,0.0,0.0,True,True,True,True,False,False,multi_peak_pdf|wide_shelf_gap|high_std|hidden_threat_large_impact,late_hand,first_trick_public_belief_update|late_trick_threshold_closure,distribution_labels_ready|hidden_threat_offline_label_ready|public_context_ready,bid_margin,True,8,3,5-4,16.952892661094666,2,5-4,16.318278908729553,3,5-4,16.952892661094666
0,9430,0,blanks,30,schema_v2_bid_value,25,6,1,1,left_setter,defense,3,25,6,25,10,0,6,6,0,offense,False,True,5,20,5-5,5,20,5-5,10,True,False,False,False,False,0,1,10,0,1,1,-17.0,1.116323709487915,16.527135848999023,1.0,0.0,-17,-17,17,17,17,34,-17.0,0.9968555249870341,2,-17|17,34,1000,1,1,1,0.0,0.0,0.0,True,True,True,True,False,False,multi_peak_pdf|wide_shelf_gap|high_std|hidden_threat_large_impact,late_hand|setter_count_pressure,first_trick_public_belief_update|late_trick_threshold_closure|setter_count_before_certainty,distribution_labels_ready|hidden_threat_offline_label_ready|needs_real_bid_margin|public_context_ready,bid_margin,True,4,2,2-0,17.656423807144165,2,2-0,17.656423807144165,3,2-0,15.470075368881226
0,9430,0,blanks,30,schema_v2_bid_value,26,6,2,2,bidder_partner,offense,0,25,6,35,0,10,6,6,0,offense,True,False,0,3,2-0,0,3,2-0,0,False,True,False,True,True,34,1,0,1,0,1,18.0,16.669479370117188,5.7220458984375e-06,0.0,0.0,17,17,17,17,17,0,17.0,-0.0,1,17,,1000,1,1,1,0.0,0.0,0.0,True,True,True,True,False,False,,called_suit_pressure|late_hand,first_trick_public_belief_update|late_trick_threshold_closure,distribution_labels_ready|hidden_threat_offline_label_ready|public_context_ready,bid_margin,True,1,3,5-4,3.814697265625e-06,3,5-4,3.814697265625e-06,3,5-4,0.0
0,9430,0,blanks,30,schema_v2_bid_value,27,6,3,3,right_setter,defense,1,25,6,35,0,10,6,6,2,offense,False,True,6,19,5-4,6,19,5-4,0,False,False,False,False,False,0,1,0,0,0,1,-17.0,-16.659639358520508,3.814697265625e-06,1.0,0.0,-17,-17,-17,-17,-17,0,-17.0,-0.0,1,-17,,1000,1,1,1,0.0,0.0,0.0,True,True,True,True,False,False,,last_to_act|late_hand,first_trick_public_belief_update|last_to_act_closure_policy|late_trick_threshold_closure,distribution_labels_ready|public_context_ready,bid_margin,False,0,,,,,,,,,
1,9430,1,ones,30,schema_v2_bid_value,0,0,0,0,bidder,offense,2,0,0,0,35,0,,,,,False,False,0,5,2-2,0,5,2-2,0,True,False,,,True,,7,15,1,2,7,18.0,-9.663941383361816,26.14424705505371,0.1850000023841858,0.45100000500679016,-41,-34,-13,10,32,44,-41.87,6.040968898431243,6,-42|-39|-37|-32|-10|41,83,1000,1,1,2,0.0,0.0,0.01600000262260437,True,True,True,False,False,True,scalar_ev_lying_by_omission|multi_peak_pdf|wide_shelf_gap|high_std|large_lower_tail|hidden_threat_large_impact,bidder_opening_lead|first_trick,bidder_first_lead_plan,hidden_threat_offline_label_ready|public_context_ready,bid_margin,True,8,2,1-1,27.190620243549347,1,1-1,15.665260795503855,2,1-1,25.54468536376953
1,9430,1,ones,30,schema_v2_bid_value,0,0,0,0,bidder,offense,2,0,0,0,35,0,,,,,False,False,0,5,2-2,1,11,4-1,5,False,True,,,True,,7,15,1,2,7,18.0,-15.286759376525879,28.38338851928711,0.16599999368190765,0.5600000023841858,-42,-41,-25,3,37,44,-42.0,5.201426337569241,2,-42|41,83,1000,7,4,7,5.6228179931640625,0.019000008702278137,0.125,False,False,False,False,False,False,multi_peak_pdf|wide_shelf_gap|high_std|large_lower_tail|hidden_threat_large_impact,bidder_opening_lead|called_suit_pressure|first_trick,bidder_first_lead_plan,hidden_threat_offline_label_ready|public_context_ready,bid_margin,True,8,2,1-1,35.45522537827492,1,1-1,20.18478543125093,2,1-1,33.278454810380936
1,9430,1,ones,30,schema_v2_bid_value,0,0,0,0,bidder,offense,2,0,0,0,35,0,,,,,False,False,0,5,2-2,2,23,6-2,0,False,False,,,True,,7,15,1,2,7,18.0,-14.787951469421387,25.325700759887695,0.13300000131130219,0.5239999890327454,-42,-40,-20,3,26,43,-42.0,5.696040407743003,4,-42|-36|-6|41,83,1000,6,7,6,5.12401008605957,0.052000001072883606,0.08899998664855957,False,False,False,False,False,False,multi_peak_pdf|wide_shelf_gap|high_std|large_lower_tail|hidden_threat_large_impact,bidder_opening_lead|first_trick,bidder_first_lead_plan,hidden_threat_offline_label_ready|public_context_ready,bid_margin,True,8,2,1-1,24.478956937789917,2,6-0,17.677831262350082,2,1-1,22.907115623354912
1,9430,1,ones,30,schema_v2_bid_value,0,0,0,0,bidder,offense,2,0,0,0,35,0,,,,,False,False,0,5,2-2,3,24,6-3,0,False,False,,,True,,7,15,1,2,7,18.0,-12.663178443908691,25.844661712646484,0.14900000393390656,0.4779999852180481,-42,-39,-16,6,27,45,-42.0,5.7832394231438915,3,-42|0|41,83,1000,3,5,3,2.999237060546875,0.035999998450279236,0.042999982833862305,False,False,False,False,False,False,multi_peak_pdf|wide_shelf_gap|high_std|large_lower_tail|hidden_threat_large_impact,bidder_opening_lead|first_trick,bidder_first_lead_plan,hidden_threat_offline_label_ready|public_context_ready,bid_margin,True,8,2,1-1,25.37044009566307,2,6-0,18.701024930924177,2,1-1,23.801969945430756
1,9430,1,ones,30,schema_v2_bid_value,0,0,0,0,bidder,offense,2,0,0,0,35,0,,,,,False,False,0,5,2-2,4,25,6-4,10,False,False,,,True,,7,15,1,2,7,18.0,-13.141146659851074,27.39472007751465,0.17399999499320984,0.5149999856948853,-42,-41,-20,9,27,50,-42.0,5.600199155202231,3,-42|-37|41,83,1000,4,3,5,3.477205276489258,0.011000007390975952,0.07999998331069946,False,False,False,False,False,False,multi_peak_pdf|wide_shelf_gap|high_std|large_lower_tail|hidden_threat_large_impact,bidder_opening_lead|first_trick,bidder_first_lead_plan,hidden_threat_offline_label_ready|public_context_ready,bid_margin,True,8,2,1-1,29.052083998918533,2,6-0,23.50223959982395,2,1-1,27.270285174250603
1,9430,1,ones,30,schema_v2_bid_value,0,0,0,0,bidder,offense,2,0,0,0,35,0,,,,,False,False,0,5,2-2,5,26,6-5,0,False,False,,,True,,7,15,1,2,7,18.0,-10.150014877319336,26.659013748168945,0.17900000512599945,0.4350000023841858,-42,-38,-12,10,30,48,-42.0,5.856645829140986,3,-42|-38|41,83,1000,2,2,1,0.48607349395751953,0.00599999725818634,0.0,False,False,False,True,True,False,high_variance_close_mean|multi_peak_pdf|wide_shelf_gap|high_std|large_lower_tail|hidden_threat_large_impact,bidder_opening_lead|first_trick,bidder_first_lead_plan,hidden_threat_offline_label_ready|public_context_ready,bid_margin,True,8,2,1-1,27.021532028913498,2,6-0,19.602512530982494,2,1-1,25.398939967155457
1,9430,1,ones,30,schema_v2_bid_value,0,0,0,0,bidder,offense,2,0,0,0,35,0,,,,,False,False,0,5,2-2,6,27,6-6,0,True,False,,,True,,7,15,1,2,7,18.0,-14.33390998840332,25.47926139831543,0.13600000739097595,0.5099999904632568,-42,-40,-19,4,25,44,-42.0,5.704026335256473,3,-42|-2|41,83,1000,5,6,4,4.669968605041504,0.04899999499320984,0.07499998807907104,False,False,False,False,False,False,multi_peak_pdf|wide_shelf_gap|high_std|large_lower_tail|hidden_threat_large_impact,bidder_opening_lead|first_trick,bidder_first_lead_plan,hidden_threat_offline_label_ready|public_context_ready,bid_margin,True,8,2,1-1,24.68984031677246,2,6-0,17.54201091825962,2,1-1,23.060520231723785
1,9430,1,ones,30,schema_v2_bid_value,1,0,1,1,left_setter,defense,3,0,0,0,35,0,2,2,0,offense,False,True,3,17,5-2,3,17,5-2,0,False,False,True,False,False,23,7,10,3,3,1,-17.0,20.00971031188965,16.907028198242188,0.9750000238418579,0.020999999716877937,-5,8,24,32,41,24,-13.28,5.544610847593998,5,18|22|26|29|41,23,1000,1,1,1,0.0,0.0,0.0,True,True,True,True,False,False,multi_peak_pdf|wide_shelf_gap|high_std|hidden_threat_large_impact,first_setter_response|first_trick,first_setter_pounce_window,hidden_threat_offline_label_ready|needs_real_bid_margin,bid_margin,True,8,2,1-1,17.312311228364706,2,1-1,16.762707825750113,3,5-1,5.380599225871265
1,9430,1,ones,30,schema_v2_bid_value,2,0,2,2,bidder_partner,offense,0,0,0,0,35,0,2,2,0,offense,True,False,4,12,4-2,0,3,2-0,0,False,False,True,False,False,18,7,5,1,1,2,18.0,-14.110736846923828,24.019784927368164,0.11699999868869781,0.5070000290870667,-42,-36,-19,2,21,38,-42.0,5.884184831021335,5,-42|-30|-28|0|41,83,1000,2,2,2,0.6043004989624023,0.006999999284744263,0.001000046730041504,False,False,False,False,True,False,high_variance_close_mean|multi_peak_pdf|wide_shelf_gap|high_std|large_lower_tail|hidden_threat_large_impact,first_trick|partner_third_seat_support,partner_third_seat_safe_donation,hidden_threat_offline_label_ready|public_context_ready,bid_margin,True,8,0,1-1,15.612824022769928,3,1-1,11.383473239839077,0,1-1,14.57972502708435
1,9430,1,ones,30,schema_v2_bid_value,2,0,2,2,bidder_partner,offense,0,0,0,0,35,0,2,2,0,offense,True,False,4,12,4-2,4,12,4-2,0,False,False,True,False,False,22,7,5,1,1,2,18.0,-13.506436347961426,24.198341369628906,0.12399999797344208,0.5059999823570251,-42,-35,-18,3,23,38,-42.0,5.915305266841378,3,-42|-29|41,83,1000,1,1,1,0.0,0.0,0.0,True,True,True,True,True,True,scalar_ev_lying_by_omission|high_variance_close_mean|multi_peak_pdf|wide_shelf_gap|high_std|large_lower_tail|hidden_threat_large_impact,first_trick|partner_third_seat_support,partner_third_seat_safe_donation,hidden_threat_offline_label_ready|public_context_ready,bid_margin,True,8,0,1-1,15.668424397706985,3,1-1,11.454528354108334,0,1-1,14.640325635671616
1,9430,1,ones,30,schema_v2_bid_value,3,0,3,3,right_setter,defense,1,0,0,0,35,0,2,2,0,offense,False,True,3,8,3-2,3,8,3-2,5,False,False,True,False,False,21,7,5,2,1,1,-17.0,-18.495832443237305,21.722848892211914,0.37400001287460327,0.6129999756813049,-42,-37,-24,-6,18,31,-42.0,5.7239622076370695,7,-42|-36|-32|-30|-28|-26|-19,23,1000,1,1,1,0.0,0.0,0.0,True,True,True,True,False,False,multi_peak_pdf|wide_shelf_gap|high_std|large_lower_tail|hidden_threat_large_impact,defender_last_to_act_closure|first_trick|last_to_act|setter_count_pressure,last_to_act_closure_policy|setter_count_before_certainty,hidden_threat_offline_label_ready|needs_real_bid_margin|public_context_ready,bid_margin,True,8,1,1-1,20.80503535270691,2,1-1,16.098489075899124,1,1-1,19.292454838752747
1,9430,1,ones,30,schema_v2_bid_value,4,1,0,0,bidder,offense,2,6,0,5,30,0,,,,,False,False,5,26,6-5,1,11,4-1,5,False,True,,,True,,6,15,1,1,6,18.0,-14.007818222045898,28.648635864257812,0.18400000035762787,0.5270000100135803,-42,-41,-22,7,35,48,-42.0,5.326706522871236,3,-42|-39|41,83,1000,4,2,5,3.279168128967285,0.0020000040531158447,0.07300001382827759,False,False,False,False,False,False,multi_peak_pdf|wide_shelf_gap|high_std|large_lower_tail|hidden_threat_large_impact,called_suit_pressure,first_trick_public_belief_update,hidden_threat_offline_label_ready|public_context_ready,bid_margin,True,8,2,1-1,35.74548767507076,3,1-1,19.897353656589985,2,1-1,33.5529654994607
1,9430,1,ones,30,schema_v2_bid_value,4,1,0,0,bidder,offense,2,6,0,5,30,0,,,,,False,False,5,26,6-5,2,23,6-2,0,False,False,,,True,,6,15,1,1,6,18.0,-14.356341361999512,25.837570190429688,0.13899999856948853,0.5130000114440918,-42,-41,-20,5,25,46,-42.0,5.649881358523468,2,-42|41,83,1000,6,6,4,3.6276912689208984,0.04700000584125519,0.05900001525878906,False,False,False,False,False,False,multi_peak_pdf|wide_shelf_gap|high_std|large_lower_tail|hidden_threat_large_impact,,first_trick_public_belief_update,hidden_threat_offline_label_ready|public_context_ready,bid_margin,True,8,2,1-1,27.921068459749222,2,6-0,19.006916407495737,2,1-1,26.123030051589012
1,9430,1,ones,30,schema_v2_bid_value,4,1,0,0,bidder,offense,2,6,0,5,30,0,,,,,False,False,5,26,6-5,3,24,6-3,0,False,False,,,True,,6,15,1,1,6,18.0,-13.310922622680664,26.124914169311523,0.14800000190734863,0.492000013589859,-42,-41,-17,7,25,48,-42.0,5.691930363522102,2,-42|41,83,1000,2,4,2,2.582272529602051,0.03800000250339508,0.038000017404556274,False,False,False,False,False,False,multi_peak_pdf|wide_shelf_gap|high_std|large_lower_tail|hidden_threat_large_impact,,first_trick_public_belief_update,hidden_threat_offline_label_ready|public_context_ready,bid_margin,True,8,2,1-1,28.24109536409378,2,6-0,19.647257450968027,2,1-1,26.45956140756607
1,9430,1,ones,30,schema_v2_bid_value,4,1,0,0,bidder,offense,2,6,0,5,30,0,,,,,False,False,5,26,6-5,4,25,6-4,10,False,False,,,True,,6,15,1,1,6,18.0,-14.125957489013672,26.950904846191406,0.15399999916553497,0.5389999747276306,-42,-41,-22,8,28,49,-42.0,5.599471320602359,2,-42|41,83,1000,5,3,6,3.3973073959350586,0.03200000524520874,0.08499997854232788,False,False,False,False,False,False,multi_peak_pdf|wide_shelf_gap|high_std|large_lower_tail|hidden_threat_large_impact,,first_trick_public_belief_update,hidden_threat_offline_label_ready|public_context_ready,bid_margin,True,8,2,1-1,31.231557577848434,2,6-0,23.000229731202126,2,1-1,29.24452230334282
1,9430,1,ones,30,schema_v2_bid_value,4,1,0,0,bidder,offense,2,6,0,5,30,0,,,,,False,False,5,26,6-5,5,26,6-5,0,False,False,,,True,,6,15,1,1,6,18.0,-10.728650093078613,27.193565368652344,0.1860000044107437,0.45399999618530273,-42,-40,-13,10,30,50,-42.0,5.735352265104442,3,-42|-39|41,83,1000,1,1,1,0.0,0.0,0.0,True,True,True,True,True,True,scalar_ev_lying_by_omission|high_variance_close_mean|multi_peak_pdf|wide_shelf_gap|high_std|large_lower_tail|hidden_threat_large_impact,,first_trick_public_belief_update,hidden_threat_offline_label_ready|public_context_ready,bid_margin,True,8,2,1-1,29.908220529556274,2,6-0,21.5914169549942,2,1-1,28.169193997979164
1,9430,1,ones,30,schema_v2_bid_value,4,1,0,0,bidder,offense,2,6,0,5,30,0,,,,,False,False,5,26,6-5,6,27,6-6,0,True,False,,,True,,6,15,1,1,6,18.0,-13.866046905517578,26.036033630371094,0.1459999978542328,0.5059999823570251,-42,-41,-19,6,26,47,-42.0,5.685308753822229,2,-42|41,83,1000,3,5,3,3.137396812438965,0.040000006556510925,0.05199998617172241,False,False,False,False,False,False,multi_peak_pdf|wide_shelf_gap|high_std|large_lower_tail|hidden_threat_large_impact,,first_trick_public_belief_update,hidden_threat_offline_label_ready|public_context_ready,bid_margin,True,8,2,1-1,28.033988654613495,2,6-0,19.458038019947708,2,1-1,26.256201148033142
1,9430,1,ones,30,schema_v2_bid_value,5,1,1,1,left_setter,defense,3,6,0,5,30,0,6,6,0,offense,False,True,1,7,3-1,0,2,1-1,0,True,True,False,True,True,46,6,10,3,3,6,-17.0,24.601245880126953,17.64259910583496,0.9769999980926514,0.01899999938905239,-3,14,30,40,41,26,-12.680000000000007,5.168879126879487,4,24|31|37|41,17,1000,3,3,3,5.545619964599609,0.012000024318695068,0.01099999900907278,False,False,False,False,False,False,multi_peak_pdf|high_std|hidden_threat_large_impact,called_suit_pressure,first_trick_public_belief_update,hidden_threat_offline_label_ready|public_context_ready,bid_margin,True,8,2,1-1,13.266503144055605,2,1-1,12.938153374940157,3,5-1,10.024607149884105
1,9430,1,ones,30,schema_v2_bid_value,5,1,1,1,left_setter,defense,3,6,0,5,30,0,6,6,0,offense,False,True,1,7,3-1,1,7,3-1,0,False,True,False,True,True,36,6,10,3,3,6,-17.0,30.146865844726562,16.116044998168945,0.9890000224113464,0.00800000037997961,3,26,39,41,41,15,-8.080000000000002,4.310993066142787,2,37|41,4,1000,1,1,1,0.0,0.0,0.0,True,True,True,True,False,True,scalar_ev_lying_by_omission|multi_peak_pdf|high_std|hidden_threat_large_impact,called_suit_pressure,first_trick_public_belief_update,hidden_threat_offline_label_ready|public_context_ready,bid_margin,True,8,2,1-1,14.462725264951587,2,1-1,14.320680839940906,3,5-1,5.218178779818118
1,9430,1,ones,30,schema_v2_bid_value,5,1,1,1,left_setter,defense,3,6,0,5,30,0,6,6,0,offense,False,True,1,7,3-1,2,14,4-4,0,True,False,False,False,False,0,6,10,3,3,6,-17.0,18.771574020385742,19.792747497558594,0.9520000219345093,0.04100000113248825,-10,3,20,39,41,36,-18.200000000000006,5.504684862317807,4,3|17|37|41,38,1000,4,4,4,11.37529182434082,0.03700000047683716,0.03300000075250864,False,False,False,False,False,False,multi_peak_pdf|wide_shelf_gap|high_std|hidden_threat_large_impact,,first_trick_public_belief_update,hidden_threat_offline_label_ready|public_context_ready,bid_margin,True,8,2,1-1,13.227752596139908,2,1-1,12.851988822221756,3,6-6,12.75315698236227
1,9430,1,ones,30,schema_v2_bid_value,5,1,1,1,left_setter,defense,3,6,0,5,30,0,6,6,0,offense,False,True,1,7,3-1,4,18,5-3,0,False,False,False,False,False,0,6,10,3,3,6,-17.0,17.839876174926758,22.015811920166016,0.9110000133514404,0.0820000022649765,-15,0,20,40,41,40,-22.000000000000004,5.382283070155794,3,17|37|41,24,1000,5,5,5,12.306989669799805,0.078000009059906,0.07400000188499689,False,False,False,False,False,False,multi_peak_pdf|wide_shelf_gap|high_std|hidden_threat_large_impact,,first_trick_public_belief_update,hidden_threat_offline_label_ready|public_context_ready,bid_margin,True,8,3,6-6,15.489582866430283,2,1-1,11.552599519491196,3,6-6,15.0795828551054
1,9430,1,ones,30,schema_v2_bid_value,5,1,1,1,left_setter,defense,3,6,0,5,30,0,6,6,0,offense,False,True,1,7,3-1,5,20,5-5,10,True,False,False,False,False,0,6,10,3,3,6,-17.0,8.72789478302002,23.63279914855957,0.8190000057220459,0.16699999570846558,-21,-12,4,35,41,47,-25.099999999999998,5.746242183714558,5,-21|-12|-9|-6|41,62,1000,6,6,6,21.418971061706543,0.17000001668930054,0.15899999532848597,False,False,False,False,False,False,multi_peak_pdf|wide_shelf_gap|high_std|hidden_threat_large_impact,setter_count_pressure,first_trick_public_belief_update|setter_count_before_certainty,hidden_threat_offline_label_ready|needs_real_bid_margin|public_context_ready,bid_margin,True,8,3,6-6,24.144002875313163,2,6-6,12.59923231601715,3,6-6,23.380636136047542
1,9430,1,ones,30,schema_v2_bid_value,5,1,1,1,left_setter,defense,3,6,0,5,30,0,6,6,0,offense,False,True,1,7,3-1,6,22,6-1,0,False,True,False,True,True,39,6,10,3,3,6,-17.0,25.034160614013672,17.21795082092285,0.9800000190734863,0.017999999225139618,-2,14,31,40,41,26,-11.440000000000001,5.1245482917140635,4,24|31|37|41,17,1000,2,2,2,5.112705230712891,0.009000003337860107,0.009999998845160007,False,False,False,False,False,False,multi_peak_pdf|high_std|hidden_threat_large_impact,called_suit_pressure,first_trick_public_belief_update,hidden_threat_offline_label_ready|public_context_ready,bid_margin,True,8,2,1-1,12.569717690348625,2,1-1,12.250998243689537,3,5-1,9.865026189014316
1,9430,1,ones,30,schema_v2_bid_value,6,1,2,2,bidder_partner,offense,0,6,0,5,30,0,6,6,1,defense,False,True,6,21,6-0,6,21,6-0,0,False,False,True,False,False,22,6,5,1,1,1,18.0,-33.364131927490234,13.493685722351074,0.004000000189989805,0.8740000128746033,-42,-41,-40,-30,-13,11,-42.0,3.9767043384088203,2,-41|-38,3,1000,1,1,1,0.0,0.0,0.0,True,True,True,True,False,False,multi_peak_pdf|large_lower_tail|hidden_threat_large_impact,,first_trick_public_belief_update,hidden_threat_offline_label_ready|public_context_ready,bid_margin,True,8,0,1-1,10.31735155172646,0,5-4,6.138770361896604,0,1-1,9.546700151637197
1,9430,1,ones,30,schema_v2_bid_value,7,1,3,3,right_setter,defense,1,6,0,5,30,0,6,6,1,defense,True,False,6,19,5-4,0,0,0-0,0,True,False,False,False,False,0,6,0,2,1,6,-17.0,11.38414192199707,22.743803024291992,0.8659999966621399,0.12700000405311584,-21,-6,12,34,40,40,-28.780000000000012,5.977159961314471,5,1|10|37|38|41,40,1000,4,4,4,9.434049606323242,0.07999998331069946,0.07800000533461571,False,False,False,False,False,False,multi_peak_pdf|wide_shelf_gap|high_std|hidden_threat_large_impact,last_to_act,first_trick_public_belief_update|last_to_act_closure_policy,hidden_threat_offline_label_ready|public_context_ready,bid_margin,True,8,0,1-1,16.230865746736526,0,1-1,15.657342404127121,1,1-1,15.034189780242741
1,9430,1,ones,30,schema_v2_bid_value,7,1,3,3,right_setter,defense,1,6,0,5,30,0,6,6,1,defense,True,False,6,19,5-4,1,1,1-0,0,False,True,False,False,False,33,6,0,2,1,6,-17.0,4.612359523773193,27.192821502685547,0.7440000176429749,0.24799999594688416,-37,-18,6,33,40,51,-39.16,6.066290262563787,3,-40|37|40,80,1000,6,6,6,16.20583200454712,0.2019999623298645,0.19899999722838402,False,False,False,False,False,False,multi_peak_pdf|wide_shelf_gap|high_std|hidden_threat_large_impact,called_suit_pressure|last_to_act,first_trick_public_belief_update|last_to_act_closure_policy,hidden_threat_offline_label_ready|public_context_ready,bid_margin,True,8,0,1-1,21.274874806404114,0,1-1,20.275081992149353,1,1-1,19.25735967233777
1,9430,1,ones,30,schema_v2_bid_value,7,1,3,3,right_setter,defense,1,6,0,5,30,0,6,6,1,defense,True,False,6,19,5-4,2,6,3-0,0,False,False,False,False,False,0,6,0,2,1,6,-17.0,14.654050827026367,22.830900192260742,0.8889999985694885,0.10499999672174454,-18,-4,16,39,41,43,-26.97,5.709888378062001,2,14|41,27,1000,3,2,3,6.164140701293945,0.05699998140335083,0.0559999980032444,False,False,False,False,False,False,multi_peak_pdf|wide_shelf_gap|high_std|hidden_threat_large_impact,last_to_act,first_trick_public_belief_update|last_to_act_closure_policy,hidden_threat_offline_label_ready|public_context_ready,bid_margin,True,8,0,1-1,17.173054039478302,0,1-1,16.588157534599304,1,1-1,15.738037801813334
1,9430,1,ones,30,schema_v2_bid_value,7,1,3,3,right_setter,defense,1,6,0,5,30,0,6,6,1,defense,True,False,6,19,5-4,4,13,4-3,0,False,False,False,False,False,0,6,0,2,1,6,-17.0,15.010414123535156,22.778024673461914,0.8870000243186951,0.09799999743700027,-18,-3,17,39,41,42,-26.82,5.693600486880236,1,41,,1000,2,3,2,5.807777404785156,0.05899995565414429,0.04899999871850014,False,False,False,False,False,False,high_std|hidden_threat_large_impact,last_to_act,first_trick_public_belief_update|last_to_act_closure_policy,hidden_threat_offline_label_ready|public_context_ready,bid_margin,True,8,0,1-1,17.49365822970867,0,1-1,16.91876159608364,1,1-1,16.085955436341465
1,9430,1,ones,30,schema_v2_bid_value,7,1,3,3,right_setter,defense,1,6,0,5,30,0,6,6,1,defense,True,False,6,19,5-4,5,16,5-1,0,False,True,False,True,True,38,6,0,2,1,6,-17.0,6.176359176635742,27.242998123168945,0.7749999761581421,0.21699999272823334,-38,-13,7,34,40,47,-39.23,5.9544180285683055,3,-40|-38|41,81,1000,5,5,5,14.64183235168457,0.17100000381469727,0.1679999940097332,False,False,False,False,False,False,multi_peak_pdf|wide_shelf_gap|high_std|hidden_threat_large_impact,called_suit_pressure|last_to_act,first_trick_public_belief_update|last_to_act_closure_policy,hidden_threat_offline_label_ready|public_context_ready,bid_margin,True,8,1,1-1,20.215285375714302,0,1-1,19.197245568037033,1,1-1,19.3238338008523
1,9430,1,ones,30,schema_v2_bid_value,7,1,3,3,right_setter,defense,1,6,0,5,30,0,6,6,1,defense,True,False,6,19,5-4,6,19,5-4,0,False,False,False,False,False,0,6,0,2,1,6,-17.0,20.818191528320312,20.525815963745117,0.9459999799728394,0.04899999871850014,-10,6,26,40,41,34,-20.010000000000005,5.379221340913248,2,35|41,6,1000,1,1,1,0.0,0.0,0.0,True,True,True,True,False,True,scalar_ev_lying_by_omission|multi_peak_pdf|high_std|hidden_threat_large_impact,last_to_act,first_trick_public_belief_update|last_to_act_closure_policy,hidden_threat_offline_label_ready|public_context_ready,bid_margin,True,8,0,1-1,14.923941351473331,0,1-1,14.623993195593357,1,1-1,13.9290879748296
1,9430,1,ones,30,schema_v2_bid_value,8,2,0,1,left_setter,defense,3,6,1,5,30,0,,,,,False,False,0,2,1-1,0,2,1-1,0,True,True,,,True,,5,10,2,3,5,-17.0,33.96227264404297,15.612680435180664,0.968999981880188,0.029999999329447746,10,39,40,40,41,1,-9.490000000000004,3.1636018500637118,2,36|40,4,1000,1,1,1,0.0,0.0,0.0,True,True,True,True,False,True,scalar_ev_lying_by_omission|multi_peak_pdf|high_std|hidden_threat_large_impact,called_suit_pressure|setter_lead_pressure,defender_damage_lead_class|first_trick_public_belief_update,hidden_threat_offline_label_ready|needs_real_bid_margin|public_context_ready,bid_margin,True,8,2,1-1,34.11520375683904,2,1-1,32.75505228713155,3,1-0,5.0117635927163064
1,9430,1,ones,30,schema_v2_bid_value,8,2,0,1,left_setter,defense,3,6,1,5,30,0,,,,,False,False,0,2,1-1,2,14,4-4,0,True,False,,,True,,5,10,2,3,5,-17.0,23.385332107543945,19.795997619628906,0.9539999961853027,0.041999999433755875,-5,8,38,40,41,32,-16.44,4.597330931571361,5,6|12|14|16|40,34,1000,3,3,3,10.576940536499023,0.014999985694885254,0.012000000104308128,False,False,False,False,False,False,multi_peak_pdf|wide_shelf_gap|high_std|hidden_threat_large_impact,setter_lead_pressure,defender_damage_lead_class|first_trick_public_belief_update,hidden_threat_offline_label_ready|needs_real_bid_margin|public_context_ready,bid_margin,True,8,2,1-1,22.85185583680868,2,1-1,22.17276491969824,0,4-3,8.810709316283464
1,9430,1,ones,30,schema_v2_bid_value,8,2,0,1,left_setter,defense,3,6,1,5,30,0,,,,,False,False,0,2,1-1,4,18,5-3,0,False,False,,,True,,5,10,2,3,5,-17.0,17.154611587524414,19.77342987060547,0.9390000104904175,0.057999998331069946,-9,2,17,39,40,37,-19.21,5.354971090326388,6,-1|2|6|24|26|40,41,1000,4,4,4,16.807661056518555,0.029999971389770508,0.0279999990016222,False,False,False,False,False,False,multi_peak_pdf|wide_shelf_gap|high_std|hidden_threat_large_impact,setter_lead_pressure,defender_damage_lead_class|first_trick_public_belief_update,hidden_threat_offline_label_ready|needs_real_bid_margin|public_context_ready,bid_margin,True,8,2,1-1,23.248594403266907,2,1-1,22.11420029401779,0,5-0,14.839513693004847
1,9430,1,ones,30,schema_v2_bid_value,8,2,0,1,left_setter,defense,3,6,1,5,30,0,,,,,False,False,0,2,1-1,5,20,5-5,10,True,False,,,True,,5,10,2,3,5,-17.0,5.511102676391602,26.105810165405273,0.7319999933242798,0.24699999392032623,-24,-18,-2,39,40,57,-27.299999999999997,5.21801878813761,9,-26|-24|-20|-18|-12|-10|-7|4|40,66,1000,5,5,5,28.451169967651367,0.2369999885559082,0.2169999945908785,False,False,False,False,False,False,multi_peak_pdf|wide_shelf_gap|high_std|hidden_threat_large_impact,setter_count_pressure|setter_lead_pressure,defender_damage_lead_class|first_trick_public_belief_update|setter_count_before_certainty,hidden_threat_offline_label_ready|needs_real_bid_margin|public_context_ready,bid_margin,True,8,3,5-0,27.7861330807209,3,5-0,26.285486459732056,0,5-0,22.23972805775702
1,9430,1,ones,30,schema_v2_bid_value,8,2,0,1,left_setter,defense,3,6,1,5,30,0,,,,,False,False,0,2,1-1,6,22,6-1,0,False,True,,,True,,5,10,2,3,5,-17.0,33.56019973754883,16.044696807861328,0.9660000205039978,0.032999999821186066,9,38,40,40,41,2,-10.710000000000008,3.2503545327629437,2,36|40,4,1000,2,2,2,0.4020729064941406,0.0029999613761901855,0.0030000004917383194,False,False,False,False,False,False,multi_peak_pdf|high_std|hidden_threat_large_impact,called_suit_pressure|setter_lead_pressure,defender_damage_lead_class|first_trick_public_belief_update,hidden_threat_offline_label_ready|needs_real_bid_margin|public_context_ready,bid_margin,True,8,2,1-1,36.85438518226147,2,1-1,35.43347601592541,3,1-0,5.480972803663462
1,9430,1,ones,30,schema_v2_bid_value,9,2,1,2,bidder_partner,offense,0,6,1,5,30,0,7,called,1,defense,False,True,1,4,2-1,1,4,2-1,0,False,True,True,False,False,35,5,5,1,1,1,18.0,-39.97710418701172,3.1046459674835205,0.0,0.9950000047683716,-41,-41,-40,-40,-39,1,-41.03,1.7139250100715904,1,-41,,1000,1,1,1,0.0,0.0,0.0,True,True,True,True,False,False,large_lower_tail,called_suit_pressure,first_trick_public_belief_update,hidden_threat_offline_label_ready|public_context_ready,bid_margin,True,8,0,5-5,2.096134662628174,0,3-0,0.9275062084197998,0,5-5,1.9359495639801025
1,9430,1,ones,30,schema_v2_bid_value,10,2,2,3,right_setter,defense,1,6,1,5,30,0,7,called,1,defense,True,False,1,1,1-0,1,1,1-0,0,False,True,True,False,False,33,5,0,2,1,2,-17.0,28.16043472290039,16.205196380615234,0.9810000061988831,0.01899999938905239,5,15,38,40,41,25,-6.060000000000005,4.471706008101177,5,12|14|36|38|41,29,1000,1,1,1,0.0,0.0,0.0,True,True,True,True,True,True,scalar_ev_lying_by_omission|high_variance_close_mean|multi_peak_pdf|wide_shelf_gap|high_std|hidden_threat_large_impact,called_suit_pressure,first_trick_public_belief_update,hidden_threat_offline_label_ready|public_context_ready,bid_margin,True,8,2,6-1,17.276647459715605,2,6-1,17.0627672187984,1,6-1,10.105110256001353
1,9430,1,ones,30,schema_v2_bid_value,10,2,2,3,right_setter,defense,1,6,1,5,30,0,7,called,1,defense,True,False,1,1,1-0,5,16,5-1,0,False,True,True,False,False,38,5,0,2,1,2,-17.0,24.42652130126953,19.51493263244629,0.9629999995231628,0.035999998450279236,0,10,36,40,41,30,-16.159999999999997,4.744745025956916,4,14|36|38|41,27,1000,2,2,2,3.7339134216308594,0.018000006675720215,0.016999999061226845,False,False,False,False,False,False,multi_peak_pdf|wide_shelf_gap|high_std|hidden_threat_large_impact,called_suit_pressure,first_trick_public_belief_update,hidden_threat_offline_label_ready|public_context_ready,bid_margin,True,8,2,6-1,16.66752952337265,2,6-1,16.350599110126495,1,6-1,12.268307492136955
1,9430,1,ones,30,schema_v2_bid_value,11,2,3,0,bidder,offense,2,6,1,5,30,0,7,called,1,defense,False,True,1,11,4-1,1,11,4-1,5,False,True,True,False,False,37,5,15,1,1,1,18.0,-25.66086769104004,18.57562255859375,0.04899999871850014,0.6629999876022339,-40,-39,-37,-14,1,25,-40.449999999999996,4.725507637924713,4,-39|-17|-14|-12,27,1000,1,1,1,0.0,0.0,0.0,True,True,True,True,False,False,multi_peak_pdf|wide_shelf_gap|high_std|large_lower_tail|hidden_threat_large_impact,called_suit_pressure|last_to_act,first_trick_public_belief_update|last_to_act_closure_policy,hidden_threat_offline_label_ready|public_context_ready,bid_margin,True,8,2,6-1,20.160148046910763,3,6-1,10.961802775971591,2,6-1,18.282273910939693
1,9430,1,ones,30,schema_v2_bid_value,12,3,0,1,left_setter,defense,3,6,7,10,25,0,,,,,False,False,6,22,6-1,2,14,4-4,0,True,False,,,True,,4,10,1,2,4,-17.0,30.77448081970215,9.697916030883789,1.0,0.0,11,35,36,36,36,1,9.489999999999998,2.072772704489161,2,11|36,25,1000,2,1,1,4.576662063598633,0.0,0.0,False,False,True,True,False,False,multi_peak_pdf|wide_shelf_gap|hidden_threat_large_impact,setter_lead_pressure,defender_damage_lead_class|first_trick_public_belief_update,hidden_threat_offline_label_ready|needs_real_bid_margin|public_context_ready,bid_margin,True,8,0,5-1,6.75153923034668,0,5-1,6.75153923034668,3,5-1,4.605329513549805
1,9430,1,ones,30,schema_v2_bid_value,12,3,0,1,left_setter,defense,3,6,7,10,25,0,,,,,False,False,6,22,6-1,4,18,5-3,0,False,False,,,True,,4,10,1,2,4,-17.0,27.368331909179688,11.653219223022461,1.0,0.0,4,22,35,36,36,14,1.86,2.796741795560563,4,1|3|22|36,35,1000,3,2,2,7.982810974121094,0.0,0.0,False,False,False,False,False,False,multi_peak_pdf|wide_shelf_gap|hidden_threat_large_impact,setter_lead_pressure,defender_damage_lead_class|first_trick_public_belief_update,hidden_threat_offline_label_ready|needs_real_bid_margin|public_context_ready,bid_margin,True,8,0,5-1,9.265985488891602,0,5-1,9.265985488891602,3,5-1,7.997955322265625
1,9430,1,ones,30,schema_v2_bid_value,12,3,0,1,left_setter,defense,3,6,7,10,25,0,,,,,False,False,6,22,6-1,5,20,5-5,10,True,False,,,True,,4,10,1,2,4,-17.0,18.395971298217773,22.433591842651367,0.8420000076293945,0.15600000321865082,-20,-1,35,36,36,37,-21.77,3.0716939638195075,4,-20|0|3|36,56,1000,4,4,4,16.955171585083008,0.15799999237060547,0.15600000321865082,False,False,False,False,False,False,multi_peak_pdf|wide_shelf_gap|high_std|hidden_threat_large_impact,setter_count_pressure|setter_lead_pressure,defender_damage_lead_class|first_trick_public_belief_update|setter_count_before_certainty,hidden_threat_offline_label_ready|needs_real_bid_margin|public_context_ready,bid_margin,True,8,0,5-1,23.305041462183,0,5-1,22.307807475328445,3,5-1,19.34687928855419
1,9430,1,ones,30,schema_v2_bid_value,12,3,0,1,left_setter,defense,3,6,7,10,25,0,,,,,False,False,6,22,6-1,6,22,6-1,0,False,True,,,True,,4,10,1,2,4,-17.0,35.35114288330078,1.0067684650421143,1.0,0.0,35,35,35,36,36,1,34.050000000000004,1.041824362363168,1,35,,1000,1,3,3,0.0,0.0,0.0,True,True,False,False,False,True,scalar_ev_lying_by_omission,called_suit_pressure|setter_lead_pressure,defender_damage_lead_class|first_trick_public_belief_update,hidden_threat_offline_label_ready|needs_real_bid_margin|public_context_ready,bid_margin,True,8,0,2-1,1.6432723999023438,0,2-1,1.6432723999023438,0,5-0,0.14462661743164062
1,9430,1,ones,30,schema_v2_bid_value,13,3,1,2,bidder_partner,offense,0,6,7,10,25,0,7,called,1,defense,False,True,3,10,4-0,0,3,2-0,0,False,False,False,False,False,0,4,5,0,1,4,18.0,-32.951995849609375,6.031147480010986,0.0,0.9509999752044678,-36,-36,-35,-35,-20,1,-36.0,2.0430683626838215,4,-36|-32|-20|-13,23,1000,3,1,3,0.954345703125,0.0,0.06000000238418579,False,False,True,False,False,False,multi_peak_pdf|wide_shelf_gap|large_lower_tail,,first_trick_public_belief_update,hidden_threat_offline_label_ready|public_context_ready,bid_margin,True,8,1,3-0,4.535530090332031,3,3-0,3.1000428199768066,1,3-0,4.177082061767578
1,9430,1,ones,30,schema_v2_bid_value,13,3,1,2,bidder_partner,offense,0,6,7,10,25,0,7,called,1,defense,False,True,3,10,4-0,2,9,3-3,0,True,False,False,False,False,0,4,5,0,1,4,18.0,-33.4787712097168,4.608466148376465,0.0,1.0,-36,-36,-36,-35,-23,1,-36.0,2.0211348551245387,5,-36|-31|-23|-21|-19,17,1000,4,2,4,1.4811210632324219,0.0,0.10900002717971802,False,False,False,False,False,False,multi_peak_pdf|large_lower_tail,,first_trick_public_belief_update,hidden_threat_offline_label_ready|public_context_ready,bid_margin,True,8,1,3-0,3.1464900970458984,3,3-0,2.1506271362304688,1,3-0,3.1464900970458984
1,9430,1,ones,30,schema_v2_bid_value,13,3,1,2,bidder_partner,offense,0,6,7,10,25,0,7,called,1,defense,False,True,3,10,4-0,3,10,4-0,0,False,False,False,False,False,0,4,5,0,1,4,18.0,-31.997650146484375,7.463782787322998,0.0,0.890999972820282,-36,-36,-35,-35,-17,1,-36.0,2.245500555246791,7,-36|-29|-27|-23|-17|-12|-10,26,1000,1,3,1,0.0,0.0,0.0,True,True,False,True,True,True,scalar_ev_lying_by_omission|high_variance_close_mean|multi_peak_pdf|wide_shelf_gap|large_lower_tail|hidden_threat_large_impact,,first_trick_public_belief_update,hidden_threat_offline_label_ready|public_context_ready,bid_margin,True,8,1,3-0,6.777944922447205,3,3-0,4.632736325263977,1,3-0,5.980580508708954
1,9430,1,ones,30,schema_v2_bid_value,13,3,1,2,bidder_partner,offense,0,6,7,10,25,0,7,called,1,defense,False,True,3,10,4-0,5,15,5-0,5,False,False,False,False,False,0,4,5,0,1,4,18.0,-32.203556060791016,7.578274726867676,0.0,0.890999972820282,-36,-36,-35,-35,-13,1,-36.0,2.1100048447862987,5,-36|-31|-29|-13|-11,25,1000,2,4,2,0.20590591430664062,0.0,0.0,False,False,False,False,True,False,high_variance_close_mean|multi_peak_pdf|wide_shelf_gap|large_lower_tail|hidden_threat_large_impact,partner_count_donation,first_trick_public_belief_update|partner_forcedness_and_safety,hidden_threat_offline_label_ready|needs_belief_model|public_context_ready,bid_margin,True,8,1,3-0,6.570875525474548,3,3-0,4.491203427314758,1,3-0,5.773511111736298
1,9430,1,ones,30,schema_v2_bid_value,14,3,2,3,right_setter,defense,1,6,7,10,25,0,7,called,1,defense,True,False,5,16,5-1,5,16,5-1,0,False,True,True,False,False,38,4,0,1,1,1,-17.0,8.666947364807129,24.598495483398438,0.8149999976158142,0.1850000023841858,-32,-8,11,35,36,43,-32.8,4.658924983899286,8,-32|-10|-8|-4|-1|11|33|36,68,1000,1,1,1,0.0,0.0,0.0,True,True,True,True,False,False,multi_peak_pdf|wide_shelf_gap|high_std|hidden_threat_large_impact,called_suit_pressure,first_trick_public_belief_update,hidden_threat_offline_label_ready|public_context_ready,bid_margin,True,8,2,5-5,26.603327989578247,2,5-5,25.488854348659515,1,5-5,24.075938642024994
1,9430,1,ones,30,schema_v2_bid_value,15,3,3,0,bidder,offense,2,6,7,10,25,0,7,called,1,defense,False,True,6,27,6-6,2,23,6-2,0,False,False,False,False,False,0,4,10,0,1,4,18.0,-22.717918395996094,20.054704666137695,0.07699999958276749,0.6949999928474426,-36,-35,-35,-11,12,24,-36.0,3.761442482295633,2,-35|-11,24,1000,3,3,3,2.4713993072509766,0.010999999940395355,0.06299996376037598,False,False,False,False,False,False,multi_peak_pdf|wide_shelf_gap|high_std|large_lower_tail|hidden_threat_large_impact,last_to_act,first_trick_public_belief_update|last_to_act_closure_policy,hidden_threat_offline_label_ready|public_context_ready,bid_margin,True,8,2,5-5,21.00387392938137,3,5-5,11.113836772739887,2,5-5,19.440638706088066
1,9430,1,ones,30,schema_v2_bid_value,15,3,3,0,bidder,offense,2,6,7,10,25,0,7,called,1,defense,False,True,6,27,6-6,3,24,6-3,0,False,False,False,False,False,0,4,10,0,1,4,18.0,-21.171672821044922,20.33133888244629,0.08699999749660492,0.6539999842643738,-36,-35,-35,-11,13,24,-36.0,3.9782150887100913,4,-35|-33|-32|-11,24,1000,2,2,2,0.9251537322998047,0.0010000020265579224,0.02199995517730713,False,False,False,False,True,False,high_variance_close_mean|multi_peak_pdf|wide_shelf_gap|high_std|large_lower_tail|hidden_threat_large_impact,last_to_act,first_trick_public_belief_update|last_to_act_closure_policy,hidden_threat_offline_label_ready|public_context_ready,bid_margin,True,8,2,5-5,22.018843978643417,3,5-5,11.044861490139738,2,5-5,20.278255879878998
1,9430,1,ones,30,schema_v2_bid_value,15,3,3,0,bidder,offense,2,6,7,10,25,0,7,called,1,defense,False,True,6,27,6-6,4,25,6-4,10,False,False,False,False,False,0,4,10,0,1,4,18.0,-25.13172149658203,15.157999038696289,0.0,0.7269999980926514,-36,-35,-35,-12,2,23,-36.0,3.8745252144169324,3,-35|-32|-11,24,1000,4,4,4,4.885202407836914,0.08799999952316284,0.09499996900558472,False,False,False,False,False,False,multi_peak_pdf|wide_shelf_gap|high_std|large_lower_tail|hidden_threat_large_impact,last_to_act,first_trick_public_belief_update|last_to_act_closure_policy,hidden_threat_offline_label_ready|public_context_ready,bid_margin,True,8,2,5-5,19.842925667762756,1,5-5,11.516655445098877,2,5-5,17.51674920320511
1,9430,1,ones,30,schema_v2_bid_value,15,3,3,0,bidder,offense,2,6,7,10,25,0,7,called,1,defense,False,True,6,27,6-6,6,27,6-6,0,True,False,False,False,False,0,4,10,0,1,4,18.0,-20.246519088745117,20.735258102416992,0.08799999952316284,0.6320000290870667,-36,-35,-35,-10,15,25,-36.0,4.076404999886777,3,-35|-32|-11,24,1000,1,1,1,0.0,0.0,0.0,True,True,True,True,True,True,scalar_ev_lying_by_omission|high_variance_close_mean|multi_peak_pdf|wide_shelf_gap|high_std|large_lower_tail|hidden_threat_large_impact,last_to_act,first_trick_public_belief_update|last_to_act_closure_policy,hidden_threat_offline_label_ready|public_context_ready,bid_margin,True,8,2,5-5,24.31301075220108,1,5-5,12.27025705575943,2,5-5,22.344187080860138
1,9430,1,ones,30,schema_v2_bid_value,16,4,0,1,left_setter,defense,3,6,8,10,25,0,,,,,False,False,2,14,4-4,2,14,4-4,0,True,False,,,True,,3,10,0,2,3,-17.0,34.26399230957031,0.25483444333076477,1.0,0.0,34,34,34,34,35,0,33.910000000000004,0.7155445405370964,1,34,,1000,1,1,1,0.0,0.0,0.0,True,True,True,True,False,False,,late_hand|setter_lead_pressure,defender_damage_lead_class|first_trick_public_belief_update|late_trick_threshold_closure,distribution_labels_ready|hidden_threat_offline_label_ready|needs_real_bid_margin|public_context_ready,bid_margin,True,8,2,5-0,0.2131500244140625,2,5-0,0.2131500244140625,3,5-0,0.14922332763671875
1,9430,1,ones,30,schema_v2_bid_value,16,4,0,1,left_setter,defense,3,6,8,10,25,0,,,,,False,False,2,14,4-4,4,18,5-3,0,False,False,,,True,,3,10,0,2,3,-17.0,34.1989860534668,0.277171790599823,1.0,0.0,34,34,34,34,35,0,33.81,0.6081129638545143,1,34,,1000,3,2,2,0.06500625610351562,0.0,0.0,False,False,False,False,True,False,high_variance_close_mean,late_hand|setter_lead_pressure,defender_damage_lead_class|first_trick_public_belief_update|late_trick_threshold_closure,distribution_labels_ready|hidden_threat_offline_label_ready|needs_real_bid_margin|public_context_ready,bid_margin,True,8,2,5-0,0.23981857299804688,2,5-0,0.23981857299804688,3,5-0,0.16051483154296875
1,9430,1,ones,30,schema_v2_bid_value,16,4,0,1,left_setter,defense,3,6,8,10,25,0,,,,,False,False,2,14,4-4,5,20,5-5,10,True,False,,,True,,3,10,0,2,3,-17.0,34.23752212524414,0.2617989778518677,1.0,0.0,34,34,34,34,35,0,33.89,0.6479897683473486,1,34,,1000,2,3,3,0.026470184326171875,0.0,0.0,False,False,False,False,True,False,high_variance_close_mean,late_hand|setter_count_pressure|setter_lead_pressure,defender_damage_lead_class|first_trick_public_belief_update|late_trick_threshold_closure|setter_count_before_certainty,distribution_labels_ready|hidden_threat_offline_label_ready|needs_real_bid_margin|public_context_ready,bid_margin,True,8,2,5-0,0.2259674072265625,2,5-0,0.2259674072265625,3,5-0,0.15274810791015625
1,9430,1,ones,30,schema_v2_bid_value,17,4,1,2,bidder_partner,offense,0,6,8,10,25,0,4,4,1,defense,False,True,2,9,3-3,0,3,2-0,0,False,False,False,False,False,0,3,5,0,1,3,18.0,-33.60541915893555,1.4593597650527954,0.0,1.0,-35,-35,-35,-32,-31,3,-35.0,1.722281374581276,2,-35|-32,3,1000,3,1,2,2.531841278076172,0.0,0.09399998188018799,False,False,True,False,False,False,multi_peak_pdf|large_lower_tail,late_hand,first_trick_public_belief_update|late_trick_threshold_closure,distribution_labels_ready|hidden_threat_offline_label_ready|public_context_ready,bid_margin,True,8,1,3-0,1.5482749938964844,3,3-0,0.9857215881347656,1,3-0,1.5482749938964844
1,9430,1,ones,30,schema_v2_bid_value,17,4,1,2,bidder_partner,offense,0,6,8,10,25,0,4,4,1,defense,False,True,2,9,3-3,2,9,3-3,0,True,False,False,False,False,0,3,5,0,1,3,18.0,-31.073577880859375,6.123251438140869,0.0,0.906000018119812,-35,-35,-35,-30,-20,5,-35.0,1.9317186975333063,4,-35|-30|-20|-18,17,1000,1,2,1,0.0,0.0,0.0,True,True,False,True,True,True,scalar_ev_lying_by_omission|high_variance_close_mean|multi_peak_pdf|large_lower_tail|hidden_threat_large_impact,late_hand,first_trick_public_belief_update|late_trick_threshold_closure,distribution_labels_ready|hidden_threat_offline_label_ready|public_context_ready,bid_margin,True,8,1,3-0,7.090757846832275,3,3-0,4.514409303665161,1,3-0,6.352531671524048
1,9430,1,ones,30,schema_v2_bid_value,17,4,1,2,bidder_partner,offense,0,6,8,10,25,0,4,4,1,defense,False,True,2,9,3-3,5,15,5-0,5,False,False,False,False,False,0,3,5,0,1,3,18.0,-33.20542907714844,2.2567965984344482,0.0,1.0,-35,-35,-35,-31,-28,4,-35.0,1.5487809027747172,3,-35|-31|-28,7,1000,2,3,3,2.1318511962890625,0.0,0.09399998188018799,False,False,False,False,False,False,multi_peak_pdf|large_lower_tail,late_hand|partner_count_donation,first_trick_public_belief_update|late_trick_threshold_closure|partner_forcedness_and_safety,distribution_labels_ready|hidden_threat_offline_label_ready|needs_belief_model|public_context_ready,bid_margin,True,8,1,3-0,2.2800369262695312,3,3-0,1.4516105651855469,1,3-0,2.2800369262695312
1,9430,1,ones,30,schema_v2_bid_value,18,4,2,3,right_setter,defense,1,6,8,10,25,0,4,4,1,defense,True,False,4,13,4-3,4,13,4-3,0,False,False,True,False,False,23,3,0,0,1,1,-17.0,10.95639705657959,20.338634490966797,1.0,0.0,-9,-9,-7,34,34,43,-9.82,2.572294554619921,5,-9|18|21|30|34,43,1000,1,1,1,0.0,0.0,0.0,True,True,True,True,False,False,multi_peak_pdf|wide_shelf_gap|high_std|hidden_threat_large_impact,late_hand,first_trick_public_belief_update|late_trick_threshold_closure,distribution_labels_ready|hidden_threat_offline_label_ready|public_context_ready,bid_margin,True,8,1,5-5,20.321030616760254,0,5-5,19.940441131591797,1,5-5,20.321030616760254
1,9430,1,ones,30,schema_v2_bid_value,19,4,3,0,bidder,offense,2,6,8,10,25,0,4,4,1,defense,False,True,4,25,6-4,4,25,6-4,10,False,False,True,False,False,26,3,10,0,0,1,18.0,-17.37030792236328,18.39832305908203,0.0,0.5799999833106995,-35,-35,-30,7,9,42,-35.0,3.4356076930980377,5,-35|-30|-10|-7|9,44,1000,1,1,1,0.0,0.0,0.0,True,True,True,True,False,False,multi_peak_pdf|wide_shelf_gap|high_std|large_lower_tail|hidden_threat_large_impact,last_to_act|late_hand,first_trick_public_belief_update|last_to_act_closure_policy|late_trick_threshold_closure,distribution_labels_ready|hidden_threat_offline_label_ready|public_context_ready,bid_margin,True,8,2,5-5,26.834357857704163,1,5-5,19.32241380214691,2,5-5,23.934357941150665
1,9430,1,ones,30,schema_v2_bid_value,20,5,0,1,left_setter,defense,3,6,19,20,15,0,,,,,False,False,4,18,5-3,4,18,5-3,0,False,False,,,True,,2,10,0,1,2,-17.0,22.55788230895996,0.1495773196220398,1.0,0.0,22,22,23,23,23,1,22.0,0.862174529941225,1,23,,1000,1,1,1,0.0,0.0,0.0,True,True,True,True,True,False,high_variance_close_mean,late_hand|setter_lead_pressure,defender_damage_lead_class|first_trick_public_belief_update|late_trick_threshold_closure,distribution_labels_ready|hidden_threat_offline_label_ready|needs_real_bid_margin|public_context_ready,bid_margin,True,8,0,5-0,0.12276458740234375,0,5-0,0.12276458740234375,2,0-0,0.06001472473144531
1,9430,1,ones,30,schema_v2_bid_value,20,5,0,1,left_setter,defense,3,6,19,20,15,0,,,,,False,False,4,18,5-3,5,20,5-5,10,True,False,,,True,,2,10,0,1,2,-17.0,22.533288955688477,0.15261781215667725,1.0,0.0,22,22,23,23,23,1,22.0,0.8988610370442902,1,23,,1000,2,2,2,0.024593353271484375,0.0,0.0,False,False,False,False,True,False,high_variance_close_mean,late_hand|setter_count_pressure|setter_lead_pressure,defender_damage_lead_class|first_trick_public_belief_update|late_trick_threshold_closure|setter_count_before_certainty,distribution_labels_ready|hidden_threat_offline_label_ready|needs_real_bid_margin|public_context_ready,bid_margin,True,8,0,5-0,0.13146400451660156,0,5-0,0.13146400451660156,2,0-0,0.06366920471191406
1,9430,1,ones,30,schema_v2_bid_value,21,5,1,2,bidder_partner,offense,0,6,19,20,15,0,5,5,1,defense,False,True,5,15,5-0,5,15,5-0,5,False,False,True,False,False,21,2,5,0,0,1,18.0,-22.215436935424805,1.2106105089187622,0.0,1.0,-23,-23,-23,-21,-21,2,-23.0,0.9285950940151024,2,-23|-21,2,1000,1,1,1,0.0,0.0,0.0,True,True,True,True,False,False,multi_peak_pdf|large_lower_tail,late_hand|partner_count_donation,first_trick_public_belief_update|late_trick_threshold_closure|partner_forcedness_and_safety,distribution_labels_ready|hidden_threat_offline_label_ready|needs_belief_model|public_context_ready,bid_margin,True,8,1,0-0,1.6702518463134766,1,5-5,0.9380455017089844,1,0-0,1.6702518463134766
1,9430,1,ones,30,schema_v2_bid_value,22,5,2,3,right_setter,defense,1,6,19,25,10,5,5,5,1,defense,True,False,2,6,3-0,0,0,0-0,0,True,False,False,False,False,0,2,0,0,1,2,-17.0,3.176414966583252,20.43423843383789,0.6809999942779541,0.3190000057220459,-23,-23,-4,23,23,46,-23.0,1.4889856319476658,3,-23|-4|23,46,1000,2,1,1,0.1129145622253418,0.0,0.0,False,False,True,True,True,False,high_variance_close_mean|multi_peak_pdf|wide_shelf_gap|high_std|large_lower_tail|hidden_threat_large_impact,late_hand,first_trick_public_belief_update|late_trick_threshold_closure,distribution_labels_ready|hidden_threat_offline_label_ready|public_context_ready,bid_margin,True,8,0,5-5,39.764365673065186,0,5-5,36.359365701675415,0,2-0,24.558282613754272
1,9430,1,ones,30,schema_v2_bid_value,22,5,2,3,right_setter,defense,1,6,19,25,10,5,5,5,1,defense,True,False,2,6,3-0,2,6,3-0,0,False,False,False,False,False,0,2,0,0,1,2,-17.0,3.2893295288085938,20.393526077270508,0.6809999942779541,0.3190000057220459,-23,-23,-3,23,23,46,-23.0,1.4889856319476658,3,-23|-3|23,46,1000,1,2,2,0.0,0.0,0.0,True,True,False,False,True,True,scalar_ev_lying_by_omission|high_variance_close_mean|multi_peak_pdf|wide_shelf_gap|high_std|large_lower_tail|hidden_threat_large_impact,late_hand,first_trick_public_belief_update|late_trick_threshold_closure,distribution_labels_ready|hidden_threat_offline_label_ready|public_context_ready,bid_margin,True,8,0,5-5,39.86998653411865,0,5-5,36.46498656272888,0,2-0,24.44409966468811
1,9430,1,ones,30,schema_v2_bid_value,23,5,3,0,bidder,offense,2,6,19,25,10,5,5,5,1,defense,False,True,3,24,6-3,2,23,6-2,0,False,False,False,False,False,0,2,0,0,0,2,18.0,-23.873722076416016,0.7761942148208618,0.0,1.0,-25,-24,-23,-23,-23,1,-25.0,1.4938902825773681,2,-25|-23,2,1000,2,1,2,7.556638717651367,0.0,0.25199997425079346,False,False,True,False,False,False,multi_peak_pdf|large_lower_tail,last_to_act|late_hand,first_trick_public_belief_update|last_to_act_closure_policy|late_trick_threshold_closure,distribution_labels_ready|hidden_threat_offline_label_ready|public_context_ready,bid_margin,True,8,2,0-0,0.9529132843017578,2,0-0,0.9529132843017578,1,0-0,0.8176803588867188
1,9430,1,ones,30,schema_v2_bid_value,23,5,3,0,bidder,offense,2,6,19,25,10,5,5,5,1,defense,False,True,3,24,6-3,3,24,6-3,0,False,False,False,False,False,0,2,0,0,0,2,18.0,-16.31708335876465,13.440269470214844,0.0,0.7480000257492065,-25,-24,-23,7,7,31,-25.0,1.99988458021058,3,-25|-23|7,32,1000,1,2,1,0.0,0.0,0.0,True,True,False,True,True,True,scalar_ev_lying_by_omission|high_variance_close_mean|multi_peak_pdf|wide_shelf_gap|large_lower_tail|hidden_threat_large_impact,last_to_act|late_hand,first_trick_public_belief_update|last_to_act_closure_policy|late_trick_threshold_closure,distribution_labels_ready|hidden_threat_offline_label_ready|public_context_ready,bid_margin,True,8,1,2-0,30.607220888137817,2,0-0,11.021485567092896,1,2-0,26.867220759391785
1,9430,1,ones,30,schema_v2_bid_value,24,6,0,1,left_setter,defense,3,6,25,25,10,0,,,,,False,False,5,20,5-5,5,20,5-5,10,True,False,,,True,,1,10,0,1,1,-17.0,16.82395362854004,0.026033086702227592,1.0,0.0,17,17,17,17,17,0,17.0,-0.0,1,17,,1000,1,1,1,0.0,0.0,0.0,True,True,True,True,False,False,,late_hand|setter_count_pressure|setter_lead_pressure,defender_damage_lead_class|first_trick_public_belief_update|late_trick_threshold_closure|setter_count_before_certainty,distribution_labels_ready|hidden_threat_offline_label_ready|needs_real_bid_margin|public_context_ready,bid_margin,True,8,0,2-0,0.03626251220703125,0,2-0,0.03626251220703125,2,0-0,0.03232383728027344
1,9430,1,ones,30,schema_v2_bid_value,25,6,1,2,bidder_partner,offense,0,6,25,35,0,10,5,5,1,defense,False,True,0,3,2-0,0,3,2-0,0,False,False,False,False,False,0,1,0,0,0,1,18.0,-16.73847770690918,0.0,0.0,0.0,-17,-17,-17,-17,-17,0,-17.0,-0.0,1,-17,,1000,1,1,1,0.0,0.0,0.0,True,True,True,True,False,False,,late_hand,first_trick_public_belief_update|late_trick_threshold_closure,distribution_labels_ready|hidden_threat_offline_label_ready|public_context_ready,bid_margin,True,2,3,0-0,0.0,3,0-0,0.0,3,0-0,0.0
1,9430,1,ones,30,schema_v2_bid_value,26,6,2,3,right_setter,defense,1,6,25,35,0,10,5,5,1,defense,True,False,0,0,0-0,0,0,0-0,0,True,False,False,False,False,0,1,0,0,1,1,-17.0,16.720380783081055,3.814697265625e-06,1.0,0.0,17,17,17,17,17,0,17.0,-0.0,1,17,,1000,1,1,1,0.0,0.0,0.0,True,True,True,True,False,False,,late_hand,first_trick_public_belief_update|late_trick_threshold_closure,distribution_labels_ready|hidden_threat_offline_label_ready|public_context_ready,bid_margin,True,1,0,6-2,1.9073486328125e-06,0,6-2,1.9073486328125e-06,0,6-2,0.0
1,9430,1,ones,30,schema_v2_bid_value,27,6,3,0,bidder,offense,2,6,25,35,0,10,5,5,1,defense,False,True,2,23,6-2,2,23,6-2,0,False,False,False,False,False,0,1,0,0,0,1,18.0,-16.712491989135742,1.9073486328125e-06,0.0,0.0,-17,-17,-17,-17,-17,0,-17.0,-0.0,1,-17,,1000,1,1,1,0.0,0.0,0.0,True,True,True,True,False,False,,last_to_act|late_hand,first_trick_public_belief_update|last_to_act_closure_policy|late_trick_threshold_closure,distribution_labels_ready|public_context_ready,bid_margin,False,0,,,,,,,,,
2,9430,2,twos,30,schema_v2_bid_value,0,0,0,0,bidder,offense,2,0,0,0,35,0,,,,,False,False,2,23,6-2,0,5,2-2,0,True,True,,,True,,7,15,2,2,7,18.0,20.483976364135742,24.009634017944336,0.6380000114440918,0.10599999874830246,-19,3,33,40,41,37,-29.740000000000002,5.23895907577349,2,35|41,6,1000,2,2,2,0.47362327575683594,0.0040000081062316895,0.004999995231628418,False,False,False,False,False,False,multi_peak_pdf|high_std|hidden_threat_large_impact,bidder_opening_lead|called_suit_pressure|first_trick,bidder_first_lead_plan,hidden_threat_offline_label_ready|public_context_ready,bid_margin,True,8,2,5-2,15.161404201760888,3,5-2,7.8783485144376755,2,5-2,14.676721428520977
2,9430,2,twos,30,schema_v2_bid_value,0,0,0,0,bidder,offense,2,0,0,0,35,0,,,,,False,False,2,23,6-2,1,11,4-1,5,False,False,,,True,,7,15,2,2,7,18.0,2.9550530910491943,26.927045822143555,0.3409999907016754,0.2980000078678131,-31,-20,-1,34,41,54,-34.49,5.915540027597648,5,-32|-19|-14|-11|41,73,1000,6,5,6,18.002546548843384,0.30100002884864807,0.19700000435113907,False,False,False,False,False,False,multi_peak_pdf|wide_shelf_gap|high_std|large_lower_tail|hidden_threat_large_impact,bidder_opening_lead|first_trick,bidder_first_lead_plan,hidden_threat_offline_label_ready|public_context_ready,bid_margin,True,8,2,4-4,16.460322380065918,2,4-3,15.254734113812447,2,4-4,15.719508022069931
2,9430,2,twos,30,schema_v2_bid_value,0,0,0,0,bidder,offense,2,0,0,0,35,0,,,,,False,False,2,23,6-2,2,23,6-2,0,False,True,,,True,,7,15,2,2,7,18.0,20.957599639892578,23.922565460205078,0.6420000195503235,0.10100000351667404,-18,4,34,40,41,36,-29.33,5.165761738674293,2,36|41,5,1000,1,1,1,0.0,0.0,0.0,True,True,True,True,False,True,scalar_ev_lying_by_omission|multi_peak_pdf|high_std|hidden_threat_large_impact,bidder_opening_lead|called_suit_pressure|first_trick,bidder_first_lead_plan,hidden_threat_offline_label_ready|public_context_ready,bid_margin,True,8,2,5-2,14.602833665907383,3,5-2,7.800254985690117,2,5-2,14.158256608992815
2,9430,2,twos,30,schema_v2_bid_value,0,0,0,0,bidder,offense,2,0,0,0,35,0,,,,,False,False,2,23,6-2,3,24,6-3,0,False,False,,,True,,7,15,2,2,7,18.0,5.585456371307373,24.5461368560791,0.33500000834465027,0.19900000095367432,-28,-15,3,31,40,46,-32.870000000000005,6.063362592538631,1,41,,1000,5,6,4,15.372143268585205,0.3070000112056732,0.09799999743700027,False,False,False,False,False,False,high_std|hidden_threat_large_impact,bidder_opening_lead|first_trick,bidder_first_lead_plan,hidden_threat_offline_label_ready|public_context_ready,bid_margin,True,8,2,6-0,14.929255157709122,2,6-0,13.98152782022953,2,4-2,14.041473560035229
2,9430,2,twos,30,schema_v2_bid_value,0,0,0,0,bidder,offense,2,0,0,0,35,0,,,,,False,False,2,23,6-2,4,25,6-4,10,False,False,,,True,,7,15,2,2,7,18.0,-3.44514536857605,27.685956954956055,0.28999999165534973,0.42899999022483826,-35,-28,-12,23,40,51,-37.38999999999999,6.026312838715372,9,-38|-36|-33|-31|-28|-26|-21|-12|41,79,1000,7,7,7,24.402745008468628,0.35200002789497375,0.3279999867081642,False,False,False,False,False,False,multi_peak_pdf|wide_shelf_gap|high_std|large_lower_tail|hidden_threat_large_impact,bidder_opening_lead|first_trick,bidder_first_lead_plan,hidden_threat_offline_label_ready|public_context_ready,bid_margin,True,8,2,6-0,22.77351176738739,2,6-0,21.62654212117195,2,5-5,13.736108362674713
2,9430,2,twos,30,schema_v2_bid_value,0,0,0,0,bidder,offense,2,0,0,0,35,0,,,,,False,False,2,23,6-2,5,26,6-5,0,False,False,,,True,,7,15,2,2,7,18.0,12.756584167480469,22.736818313598633,0.4659999907016754,0.11999999731779099,-21,-5,15,36,40,41,-28.09,5.919435907285939,3,6|25|41,35,1000,3,3,3,8.20101547241211,0.17600002884864807,0.018999993801116943,False,False,False,False,False,False,multi_peak_pdf|wide_shelf_gap|high_std|hidden_threat_large_impact,bidder_opening_lead|first_trick,bidder_first_lead_plan,hidden_threat_offline_label_ready|public_context_ready,bid_margin,True,8,2,5-2,14.513383112847805,2,6-0,12.076121553778648,2,5-2,14.094652008265257
2,9430,2,twos,30,schema_v2_bid_value,0,0,0,0,bidder,offense,2,0,0,0,35,0,,,,,False,False,2,23,6-2,6,27,6-6,0,True,False,,,True,,7,15,2,2,7,18.0,5.873301982879639,24.90299415588379,0.3540000021457672,0.20000000298023224,-29,-15,4,33,40,48,-33.18,6.049355653362049,4,-17|-15|-9|41,58,1000,4,4,5,15.08429765701294,0.2880000174045563,0.0989999994635582,False,False,False,False,False,False,multi_peak_pdf|wide_shelf_gap|high_std|hidden_threat_large_impact,bidder_opening_lead|first_trick,bidder_first_lead_plan,hidden_threat_offline_label_ready|public_context_ready,bid_margin,True,8,2,6-0,15.432191461324692,2,6-0,14.434918731451035,2,5-2,13.52261047810316
2,9430,2,twos,30,schema_v2_bid_value,1,0,1,1,left_setter,defense,3,0,0,0,35,0,7,called,0,offense,False,True,3,17,5-2,3,17,5-2,0,False,True,True,False,False,39,7,10,1,3,1,-17.0,-10.35860538482666,27.881977081298828,0.5260000228881836,0.4650000035762787,-42,-39,-14,11,35,50,-42.0,5.76686024788606,3,-42|-37|41,83,1000,1,1,1,0.0,0.0,0.0,True,True,True,True,False,False,multi_peak_pdf|wide_shelf_gap|high_std|large_lower_tail|hidden_threat_large_impact,called_suit_pressure|first_setter_response|first_trick,first_setter_pounce_window,hidden_threat_offline_label_ready|needs_real_bid_margin,bid_margin,True,8,3,2-2,38.380058228969574,2,2-2,18.391486167907715,3,2-2,36.35435399413109
2,9430,2,twos,30,schema_v2_bid_value,2,0,2,2,bidder_partner,offense,0,0,0,0,35,0,7,called,0,offense,True,False,0,3,2-0,0,3,2-0,0,False,True,True,False,False,34,7,5,3,1,3,18.0,8.031536102294922,25.22943687438965,0.4020000100135803,0.2029999941587448,-28,-13,10,32,41,45,-34.05,6.03582719439636,4,6|16|39|41,35,1000,1,1,1,0.0,0.0,0.0,True,True,True,True,False,True,scalar_ev_lying_by_omission|multi_peak_pdf|wide_shelf_gap|high_std|hidden_threat_large_impact,called_suit_pressure|first_trick|partner_third_seat_support,partner_third_seat_safe_donation,hidden_threat_offline_label_ready|public_context_ready,bid_margin,True,8,0,2-2,25.857220185454935,3,2-2,21.7746140062809,0,2-2,24.858245855895802
2,9430,2,twos,30,schema_v2_bid_value,2,0,2,2,bidder_partner,offense,0,0,0,0,35,0,7,called,0,offense,True,False,0,3,2-0,1,4,2-1,0,False,True,True,False,False,35,7,5,3,1,3,18.0,7.981637477874756,25.25242042541504,0.4000000059604645,0.2029999941587448,-28,-13,10,32,41,45,-34.17,6.03257175458781,4,15|19|39|41,26,1000,2,2,2,0.049898624420166016,0.0020000040531158447,0.0,False,False,False,False,True,False,high_variance_close_mean|multi_peak_pdf|wide_shelf_gap|high_std|hidden_threat_large_impact,called_suit_pressure|first_trick|partner_third_seat_support,partner_third_seat_safe_donation,hidden_threat_offline_label_ready|public_context_ready,bid_margin,True,8,0,2-2,25.968159390147775,3,2-2,21.771613478660583,0,2-2,24.969185060588643
2,9430,2,twos,30,schema_v2_bid_value,2,0,2,2,bidder_partner,offense,0,0,0,0,35,0,7,called,0,offense,True,False,0,3,2-0,4,12,4-2,0,False,True,True,False,False,38,7,5,3,1,3,18.0,2.9387688636779785,27.307323455810547,0.34299999475479126,0.28600001335144043,-37,-22,5,28,41,50,-39.3,6.091331997090614,2,-38|41,79,1000,3,3,3,5.092767238616943,0.05900001525878906,0.08300001919269562,False,False,False,False,False,False,multi_peak_pdf|wide_shelf_gap|high_std|large_lower_tail|hidden_threat_large_impact,called_suit_pressure|first_trick|partner_third_seat_support,partner_third_seat_safe_donation,hidden_threat_offline_label_ready|public_context_ready,bid_margin,True,8,0,2-2,28.569687893614173,3,2-2,25.903222016990185,0,2-2,27.203790391795337
2,9430,2,twos,30,schema_v2_bid_value,3,0,3,3,right_setter,defense,1,0,0,0,35,0,7,called,0,offense,False,True,3,8,3-2,3,8,3-2,5,False,True,True,False,False,37,7,5,1,1,1,-17.0,-34.75611114501953,13.06016731262207,0.11100000143051147,0.8809999823570251,-42,-42,-42,-34,-15,8,-42.0,3.4375865431390236,1,-42,,1000,1,1,1,0.0,0.0,0.0,True,True,True,True,False,False,large_lower_tail|hidden_threat_large_impact,called_suit_pressure|defender_last_to_act_closure|first_trick|last_to_act|setter_count_pressure,last_to_act_closure_policy|setter_count_before_certainty,hidden_threat_offline_label_ready|needs_real_bid_margin|public_context_ready,bid_margin,True,8,1,2-2,11.58815050125122,2,2-2,6.115528089925647,1,2-2,10.824941635131836
2,9430,2,twos,30,schema_v2_bid_value,4,1,0,0,bidder,offense,2,6,0,5,30,0,,,,,False,False,5,26,6-5,0,5,2-2,0,True,True,,,True,,6,15,1,2,6,18.0,17.071685791015625,20.66126251220703,0.5170000195503235,0.05900000035762787,-4,3,21,40,41,37,-22.709999999999987,5.122431919755668,6,4|7|24|26|38|41,37,1000,1,2,1,0.0,0.011999964714050293,0.0,False,True,False,True,False,True,scalar_ev_lying_by_omission|multi_peak_pdf|wide_shelf_gap|high_std|hidden_threat_large_impact,called_suit_pressure,first_trick_public_belief_update,hidden_threat_offline_label_ready|public_context_ready,bid_margin,True,8,2,4-4,18.188685849308968,3,4-4,9.756682723760605,2,4-4,18.06940469890833
2,9430,2,twos,30,schema_v2_bid_value,4,1,0,0,bidder,offense,2,6,0,5,30,0,,,,,False,False,5,26,6-5,1,11,4-1,5,False,False,,,True,,6,15,1,2,6,18.0,-0.32007208466529846,27.482242584228516,0.3070000112056732,0.3140000104904175,-36,-24,-6,26,41,50,-38.2,5.954950929056113,4,-38|-15|-12|41,79,1000,6,6,6,17.391757875680923,0.22199997305870056,0.2550000101327896,False,False,False,False,False,False,multi_peak_pdf|wide_shelf_gap|high_std|large_lower_tail|hidden_threat_large_impact,,first_trick_public_belief_update,hidden_threat_offline_label_ready|public_context_ready,bid_margin,True,8,2,4-4,24.38153076171875,3,4-4,11.935741886496544,2,4-4,23.48245720565319
2,9430,2,twos,30,schema_v2_bid_value,4,1,0,0,bidder,offense,2,6,0,5,30,0,,,,,False,False,5,26,6-5,3,24,6-3,0,False,False,,,True,,6,15,1,2,6,18.0,10.823201179504395,27.7981014251709,0.4819999933242798,0.19699999690055847,-34,-11,16,39,41,50,-37.67000000000001,5.669217649233316,2,-40|41,81,1000,3,3,3,6.2484846115112305,0.046999990940093994,0.1379999965429306,False,False,False,False,False,False,multi_peak_pdf|wide_shelf_gap|high_std|hidden_threat_large_impact,,first_trick_public_belief_update,hidden_threat_offline_label_ready|public_context_ready,bid_margin,True,8,2,4-2,26.119627974927425,2,6-1,15.993118107318878,2,4-2,25.165492188185453
2,9430,2,twos,30,schema_v2_bid_value,4,1,0,0,bidder,offense,2,6,0,5,30,0,,,,,False,False,5,26,6-5,4,25,6-4,10,False,False,,,True,,6,15,1,2,6,18.0,5.973147392272949,29.82528305053711,0.4189999997615814,0.2809999883174896,-36,-22,4,39,41,61,-38.72,5.593779126944558,2,-39|41,80,1000,5,5,5,11.098538398742676,0.10999998450279236,0.22199998795986176,False,False,False,False,False,False,multi_peak_pdf|wide_shelf_gap|high_std|large_lower_tail|hidden_threat_large_impact,,first_trick_public_belief_update,hidden_threat_offline_label_ready|public_context_ready,bid_margin,True,8,2,4-2,24.588487967848778,2,6-1,17.93431556224823,2,4-2,23.723611496388912
2,9430,2,twos,30,schema_v2_bid_value,4,1,0,0,bidder,offense,2,6,0,5,30,0,,,,,False,False,5,26,6-5,5,26,6-5,0,False,False,,,True,,6,15,1,2,6,18.0,14.169065475463867,25.93470001220703,0.5289999842643738,0.16699999570846558,-27,-7,22,40,41,47,-33.449999999999996,5.655192311406073,2,31|41,10,1000,2,1,2,2.902620315551758,0.0,0.10799999535083771,True,False,True,False,False,False,multi_peak_pdf|high_std|hidden_threat_large_impact,,first_trick_public_belief_update,hidden_threat_offline_label_ready|public_context_ready,bid_margin,True,8,2,4-2,25.491272807121277,2,6-1,14.173597007989883,2,4-2,24.65627282857895
2,9430,2,twos,30,schema_v2_bid_value,4,1,0,0,bidder,offense,2,6,0,5,30,0,,,,,False,False,5,26,6-5,6,27,6-6,0,True,False,,,True,,6,15,1,2,6,18.0,10.182049751281738,27.906299591064453,0.46700000762939453,0.2029999941587448,-34,-12,14,39,41,51,-37.85,5.672594244039748,2,-40|41,81,1000,4,4,4,6.889636039733887,0.06199997663497925,0.14399999380111694,False,False,False,False,False,False,multi_peak_pdf|wide_shelf_gap|high_std|hidden_threat_large_impact,,first_trick_public_belief_update,hidden_threat_offline_label_ready|public_context_ready,bid_margin,True,8,2,4-2,25.754870269447565,2,6-1,15.993251115083694,2,4-2,24.78616659529507
2,9430,2,twos,30,schema_v2_bid_value,5,1,1,1,left_setter,defense,3,6,0,5,30,0,6,6,0,offense,False,True,6,22,6-1,6,22,6-1,0,False,False,True,False,False,23,6,10,0,3,1,-17.0,-1.3433938026428223,27.571542739868164,0.6700000166893005,0.32100000977516174,-40,-28,-1,22,39,50,-40.75999999999999,6.0743856842399975,5,-41|-37|-2|2|40,81,1000,1,1,1,0.0,0.0,0.0,True,True,True,True,False,False,multi_peak_pdf|wide_shelf_gap|high_std|large_lower_tail|hidden_threat_large_impact,,first_trick_public_belief_update,hidden_threat_offline_label_ready|public_context_ready,bid_margin,True,8,3,2-2,24.42402185127139,0,2-2,14.726410627365112,3,2-2,22.954156940802932
2,9430,2,twos,30,schema_v2_bid_value,6,1,2,2,bidder_partner,offense,0,6,0,5,30,0,6,6,0,offense,True,False,6,21,6-0,6,21,6-0,0,False,False,True,False,False,22,6,5,2,1,1,18.0,10.320472717285156,25.05318832397461,0.42899999022483826,0.17800000309944153,-28,-10,13,35,41,45,-33.36,5.840875556337653,2,18|41,23,1000,1,1,1,0.0,0.0,0.0,True,True,True,True,False,False,multi_peak_pdf|wide_shelf_gap|high_std|hidden_threat_large_impact,,first_trick_public_belief_update,hidden_threat_offline_label_ready|public_context_ready,bid_margin,True,8,0,2-2,21.829136818647385,3,6-6,19.970251455903053,0,2-2,21.186661556363106
2,9430,2,twos,30,schema_v2_bid_value,7,1,3,3,right_setter,defense,1,6,0,5,30,0,6,6,0,offense,False,True,2,6,3-0,0,0,0-0,0,True,False,False,False,False,0,6,0,0,1,6,-17.0,-28.569332122802734,19.508962631225586,0.1979999989271164,0.796999990940094,-41,-41,-39,-24,0,17,-41.07,4.446253182396347,1,-41,,1000,3,1,3,0.06270790100097656,0.0,0.0040000081062316895,False,False,True,False,True,False,high_variance_close_mean|high_std|large_lower_tail|hidden_threat_large_impact,last_to_act,first_trick_public_belief_update|last_to_act_closure_policy,hidden_threat_offline_label_ready|public_context_ready,bid_margin,True,8,1,2-2,18.391788810491562,2,2-2,9.216264143586159,1,2-2,17.288408786058426
2,9430,2,twos,30,schema_v2_bid_value,7,1,3,3,right_setter,defense,1,6,0,5,30,0,6,6,0,offense,False,True,2,6,3-0,1,1,1-0,0,False,False,False,False,False,0,6,0,0,1,6,-17.0,-28.543855667114258,19.559539794921875,0.19699999690055847,0.7929999828338623,-41,-41,-39,-24,0,17,-41.07,4.443481538984582,2,-41|-35,6,1000,2,3,1,0.0372314453125,0.0010000020265579224,0.0,False,False,False,True,True,False,high_variance_close_mean|multi_peak_pdf|high_std|large_lower_tail|hidden_threat_large_impact,last_to_act,first_trick_public_belief_update|last_to_act_closure_policy,hidden_threat_offline_label_ready|public_context_ready,bid_margin,True,8,1,2-2,18.432218194007874,2,2-2,9.33027183264494,1,2-2,17.333262026309967
2,9430,2,twos,30,schema_v2_bid_value,7,1,3,3,right_setter,defense,1,6,0,5,30,0,6,6,0,offense,False,True,2,6,3-0,2,6,3-0,0,False,False,False,False,False,0,6,0,0,1,6,-17.0,-28.506624221801758,19.57662010192871,0.1979999989271164,0.7950000166893005,-41,-41,-39,-23,0,18,-41.07999999999999,4.438222579604444,2,-41|-35,6,1000,1,2,2,0.0,0.0,0.0020000338554382324,True,True,False,False,True,True,scalar_ev_lying_by_omission|high_variance_close_mean|multi_peak_pdf|high_std|large_lower_tail|hidden_threat_large_impact,last_to_act,first_trick_public_belief_update|last_to_act_closure_policy,hidden_threat_offline_label_ready|public_context_ready,bid_margin,True,8,1,2-2,18.56074431538582,2,2-2,9.360144272446632,1,2-2,17.46736416220665
2,9430,2,twos,30,schema_v2_bid_value,7,1,3,3,right_setter,defense,1,6,0,5,30,0,6,6,0,offense,False,True,2,6,3-0,4,13,4-3,0,False,False,False,False,False,0,6,0,0,1,6,-17.0,-28.98188018798828,19.356117248535156,0.19099999964237213,0.8040000200271606,-41,-41,-39,-25,0,16,-41.059999999999995,4.338052319935535,2,-41|-36,5,1000,5,4,4,0.47525596618652344,0.006999999284744263,0.01100003719329834,False,False,False,False,False,False,multi_peak_pdf|high_std|large_lower_tail|hidden_threat_large_impact,last_to_act,first_trick_public_belief_update|last_to_act_closure_policy,hidden_threat_offline_label_ready|public_context_ready,bid_margin,True,8,1,2-2,18.474385887384415,2,2-2,9.231007173657417,1,2-2,17.351581901311874
2,9430,2,twos,30,schema_v2_bid_value,7,1,3,3,right_setter,defense,1,6,0,5,30,0,6,6,0,offense,False,True,2,6,3-0,5,16,5-1,0,False,False,False,False,False,0,6,0,0,1,6,-17.0,-28.943344116210938,19.3010311126709,0.1889999955892563,0.8069999814033508,-41,-41,-39,-25,0,16,-41.07999999999999,4.357494886561318,1,-41,,1000,4,5,5,0.4367198944091797,0.009000003337860107,0.013999998569488525,False,False,False,False,False,False,high_std|large_lower_tail|hidden_threat_large_impact,last_to_act,first_trick_public_belief_update|last_to_act_closure_policy,hidden_threat_offline_label_ready|public_context_ready,bid_margin,True,8,1,2-2,18.31450852751732,2,2-2,9.242682710289955,1,2-2,17.223433881998062
2,9430,2,twos,30,schema_v2_bid_value,7,1,3,3,right_setter,defense,1,6,0,5,30,0,6,6,0,offense,False,True,2,6,3-0,6,19,5-4,0,False,False,False,False,False,0,6,0,0,1,6,-17.0,-29.40454864501953,19.081920623779297,0.18000000715255737,0.8159999847412109,-41,-41,-39,-25,-1,16,-41.07999999999999,4.259276503926447,2,-41|-36,5,1000,6,6,6,0.8979244232177734,0.01799999177455902,0.023000001907348633,False,False,False,False,False,False,multi_peak_pdf|high_std|large_lower_tail|hidden_threat_large_impact,last_to_act,first_trick_public_belief_update|last_to_act_closure_policy,hidden_threat_offline_label_ready|public_context_ready,bid_margin,True,8,1,2-2,18.33368468284607,2,2-2,9.103501085191965,1,2-2,17.197610020637512
2,9430,2,twos,30,schema_v2_bid_value,8,2,0,0,bidder,offense,2,7,0,5,30,0,,,,,False,False,0,5,2-2,0,5,2-2,0,True,True,,,True,,5,15,1,2,5,18.0,14.375144958496094,22.831933975219727,0.49000000953674316,0.10499999672174454,-19,0,17,38,40,38,-31.31999999999999,5.42874434724779,6,-39|2|13|23|38|40,79,1000,1,1,1,0.0,0.0,0.0,True,True,True,True,False,True,scalar_ev_lying_by_omission|multi_peak_pdf|wide_shelf_gap|high_std|hidden_threat_large_impact,called_suit_pressure,first_trick_public_belief_update,hidden_threat_offline_label_ready|public_context_ready,bid_margin,True,8,2,4-4,16.29080720245838,1,4-4,8.612960398197174,2,4-4,16.249678172171116
2,9430,2,twos,30,schema_v2_bid_value,8,2,0,0,bidder,offense,2,7,0,5,30,0,,,,,False,False,0,5,2-2,1,11,4-1,5,False,False,,,True,,5,15,1,2,5,18.0,7.487943172454834,23.117624282836914,0.3869999945163727,0.16899999976158142,-24,-13,10,27,38,40,-30.390000000000004,6.08955749903097,5,-23|-13|22|38|40,63,1000,2,4,2,6.88720178604126,0.10300001502037048,0.06400000303983688,False,False,False,False,False,False,multi_peak_pdf|wide_shelf_gap|high_std|hidden_threat_large_impact,,first_trick_public_belief_update,hidden_threat_offline_label_ready|public_context_ready,bid_margin,True,8,2,4-2,18.86187401274219,2,5-4,10.148940339684486,2,4-2,18.03254799474962
2,9430,2,twos,30,schema_v2_bid_value,8,2,0,0,bidder,offense,2,7,0,5,30,0,,,,,False,False,0,5,2-2,3,24,6-3,0,False,False,,,True,,5,15,1,2,5,18.0,6.464097499847412,26.271831512451172,0.42500001192092896,0.25099998712539673,-30,-18,12,31,40,49,-34.33,6.015811217519868,5,-26|-25|-15|-13|40,66,1000,3,2,3,7.911047458648682,0.06499999761581421,0.1459999904036522,False,False,False,False,False,False,multi_peak_pdf|wide_shelf_gap|high_std|large_lower_tail|hidden_threat_large_impact,,first_trick_public_belief_update,hidden_threat_offline_label_ready|public_context_ready,bid_margin,True,8,2,4-2,35.91439116001129,1,4-2,15.816522300243378,2,4-2,34.65939122438431
2,9430,2,twos,30,schema_v2_bid_value,8,2,0,0,bidder,offense,2,7,0,5,30,0,,,,,False,False,0,5,2-2,4,25,6-4,10,False,False,,,True,,5,15,1,2,5,18.0,0.9255712628364563,26.30943489074707,0.3050000071525574,0.2750000059604645,-33,-23,-5,29,40,52,-35.72,5.967761315783106,8,-37|-36|-33|-27|-24|-16|-13|40,77,1000,5,5,5,13.449573695659637,0.1850000023841858,0.17000000923871994,False,False,False,False,False,False,multi_peak_pdf|wide_shelf_gap|high_std|large_lower_tail|hidden_threat_large_impact,,first_trick_public_belief_update,hidden_threat_offline_label_ready|public_context_ready,bid_margin,True,8,2,4-2,42.780877470970154,3,4-2,18.540522515773773,2,4-2,41.40587744116783
2,9430,2,twos,30,schema_v2_bid_value,8,2,0,0,bidder,offense,2,7,0,5,30,0,,,,,False,False,0,5,2-2,6,27,6-6,0,True,False,,,True,,5,15,1,2,5,18.0,5.758884429931641,26.43704605102539,0.4090000092983246,0.25600001215934753,-31,-19,11,31,40,50,-34.790000000000006,6.03579322559364,4,-36|-24|-12|40,76,1000,4,3,4,8.616260528564453,0.08100000023841858,0.151000015437603,False,False,False,False,False,False,multi_peak_pdf|wide_shelf_gap|high_std|large_lower_tail|hidden_threat_large_impact,,first_trick_public_belief_update,hidden_threat_offline_label_ready|public_context_ready,bid_margin,True,8,2,4-2,36.40525209903717,1,4-2,16.002195119857788,2,4-2,35.12525203824043
2,9430,2,twos,30,schema_v2_bid_value,9,2,1,1,left_setter,defense,3,7,0,5,30,0,7,called,0,offense,False,True,4,18,5-3,0,2,1-1,0,True,False,False,False,False,0,5,10,0,3,5,-17.0,-13.143289566040039,22.442899703979492,0.5230000019073486,0.4650000035762787,-40,-37,-14,8,15,45,-40.28,5.661362999949578,4,-39|-2|13|16,55,1000,3,3,3,1.9279594421386719,0.027000010013580322,0.022000014781951904,False,False,False,False,False,False,multi_peak_pdf|wide_shelf_gap|high_std|large_lower_tail|hidden_threat_large_impact,,first_trick_public_belief_update,hidden_threat_offline_label_ready|public_context_ready,bid_margin,True,8,0,4-2,15.996196448802948,0,4-2,14.923046708106995,3,2-1,13.129706859588623
2,9430,2,twos,30,schema_v2_bid_value,9,2,1,1,left_setter,defense,3,7,0,5,30,0,7,called,0,offense,False,True,4,18,5-3,1,7,3-1,0,False,False,False,False,False,0,5,10,0,3,5,-17.0,-11.309810638427734,22.60260009765625,0.546999990940094,0.44699999690055847,-39,-36,-11,10,16,46,-40.190000000000005,5.702832526638415,7,-40|-37|-27|-2|10|13|15,55,1000,2,2,2,0.09448051452636719,0.003000020980834961,0.0040000081062316895,False,False,False,False,True,False,high_variance_close_mean|multi_peak_pdf|wide_shelf_gap|high_std|large_lower_tail|hidden_threat_large_impact,,first_trick_public_belief_update,hidden_threat_offline_label_ready|public_context_ready,bid_margin,True,8,0,4-2,16.440423667430878,0,4-2,15.357406079769135,3,2-1,13.598721608519554
2,9430,2,twos,30,schema_v2_bid_value,9,2,1,1,left_setter,defense,3,7,0,5,30,0,7,called,0,offense,False,True,4,18,5-3,2,14,4-4,0,True,False,False,False,False,0,5,10,0,3,5,-17.0,-22.324373245239258,20.56580924987793,0.36399999260902405,0.6320000290870667,-40,-39,-36,-3,9,36,-40.66,5.02601006443775,2,-40|-3,37,1000,4,4,4,11.10904312133789,0.1860000193119049,0.18900004029273987,False,False,False,False,False,False,multi_peak_pdf|wide_shelf_gap|high_std|large_lower_tail|hidden_threat_large_impact,,first_trick_public_belief_update,hidden_threat_offline_label_ready|public_context_ready,bid_margin,True,8,3,2-1,14.41355574131012,0,4-2,12.496911227703094,3,2-1,13.336888879537582
2,9430,2,twos,30,schema_v2_bid_value,9,2,1,1,left_setter,defense,3,7,0,5,30,0,7,called,0,offense,False,True,4,18,5-3,4,18,5-3,0,False,False,False,False,False,0,5,10,0,3,5,-17.0,-11.215330123901367,22.557437896728516,0.550000011920929,0.4429999887943268,-39,-36,-11,10,16,46,-40.09,5.682038142262472,7,-39|-27|-2|9|10|15|16,55,1000,1,1,1,0.0,0.0,0.0,True,True,True,True,True,True,scalar_ev_lying_by_omission|high_variance_close_mean|multi_peak_pdf|wide_shelf_gap|high_std|large_lower_tail|hidden_threat_large_impact,,first_trick_public_belief_update,hidden_threat_offline_label_ready|public_context_ready,bid_margin,True,8,0,4-2,16.626242756843567,0,4-2,15.50619861483574,3,2-1,13.563371941447258
2,9430,2,twos,30,schema_v2_bid_value,9,2,1,1,left_setter,defense,3,7,0,5,30,0,7,called,0,offense,False,True,4,18,5-3,5,20,5-5,10,True,False,False,False,False,0,5,10,0,3,5,-17.0,-27.154495239257812,12.848200798034668,0.21199999749660492,0.7799999713897705,-40,-39,-30,-20,-7,19,-40.46,5.042518833864864,6,-40|-35|-31|-27|-24|-7,33,1000,5,5,5,15.939165115356445,0.33800001442432404,0.3369999825954437,False,False,False,False,False,False,multi_peak_pdf|wide_shelf_gap|large_lower_tail|hidden_threat_large_impact,setter_count_pressure,first_trick_public_belief_update|setter_count_before_certainty,hidden_threat_offline_label_ready|needs_real_bid_margin|public_context_ready,bid_margin,True,8,0,4-2,9.888796862214804,0,4-2,8.960955468937755,3,2-1,8.85887023806572
2,9430,2,twos,30,schema_v2_bid_value,10,2,2,2,bidder_partner,offense,0,7,0,5,30,0,7,called,0,offense,True,False,1,4,2-1,1,4,2-1,0,False,True,True,False,False,35,5,5,2,1,2,18.0,33.80387496948242,13.759648323059082,0.875,0.004999999888241291,8,34,41,41,41,7,-2.3100000000000014,3.234582259907876,2,31|41,10,1000,1,1,1,0.0,0.0,0.0,True,True,True,True,True,False,high_variance_close_mean|multi_peak_pdf|hidden_threat_large_impact,called_suit_pressure,first_trick_public_belief_update,hidden_threat_offline_label_ready|public_context_ready,bid_margin,True,8,1,6-6,8.002125203609467,1,6-6,7.326485693454742,0,5-5,7.741632842458785
2,9430,2,twos,30,schema_v2_bid_value,10,2,2,2,bidder_partner,offense,0,7,0,5,30,0,7,called,0,offense,True,False,1,4,2-1,4,12,4-2,0,False,True,True,False,False,38,5,5,2,1,2,18.0,33.727806091308594,13.87874698638916,0.8709999918937683,0.004999999888241291,8,34,41,41,41,7,-2.6500000000000035,3.251528441312719,2,31|41,10,1000,2,2,2,0.07606887817382812,0.0040000081062316895,0.0,False,False,False,False,True,False,high_variance_close_mean|multi_peak_pdf|hidden_threat_large_impact,called_suit_pressure,first_trick_public_belief_update,hidden_threat_offline_label_ready|public_context_ready,bid_margin,True,8,1,6-6,8.102631151676178,1,6-6,7.404347538948059,0,5-5,7.862573170103133
2,9430,2,twos,30,schema_v2_bid_value,11,2,3,3,right_setter,defense,1,7,0,5,30,0,7,called,0,offense,False,True,1,1,1-0,0,0,0-0,0,True,False,False,False,False,0,5,0,0,1,5,-17.0,-34.315025329589844,10.622859954833984,0.09000000357627869,0.906000018119812,-40,-39,-38,-37,-22,2,-40.13,3.307283062733788,2,-39|-37,2,1000,2,2,2,0.006694793701171875,0.00299999862909317,0.0020000338554382324,False,False,False,False,True,False,high_variance_close_mean|multi_peak_pdf|large_lower_tail|hidden_threat_large_impact,last_to_act,first_trick_public_belief_update|last_to_act_closure_policy,hidden_threat_offline_label_ready|public_context_ready,bid_margin,True,8,0,4-2,6.377321302890778,2,4-2,4.72298407740891,0,4-2,5.818238377571106
2,9430,2,twos,30,schema_v2_bid_value,11,2,3,3,right_setter,defense,1,7,0,5,30,0,7,called,0,offense,False,True,1,1,1-0,1,1,1-0,0,False,False,False,False,False,0,5,0,0,1,5,-17.0,-34.30833053588867,10.7641019821167,0.09300000220537186,0.9039999842643738,-40,-39,-38,-37,-21,2,-40.11,3.2708346980077327,1,-38,,1000,1,1,1,0.0,0.0,0.0,True,True,True,True,True,False,high_variance_close_mean|large_lower_tail|hidden_threat_large_impact,last_to_act,first_trick_public_belief_update|last_to_act_closure_policy,hidden_threat_offline_label_ready|public_context_ready,bid_margin,True,8,0,4-2,6.516768828034401,2,4-2,4.820717105641961,0,4-2,5.945314660668373
2,9430,2,twos,30,schema_v2_bid_value,11,2,3,3,right_setter,defense,1,7,0,5,30,0,7,called,0,offense,False,True,1,1,1-0,4,13,4-3,0,False,False,False,False,False,0,5,0,0,1,5,-17.0,-34.9896354675293,10.11565113067627,0.07800000160932541,0.9179999828338623,-40,-39,-38,-37,-25,2,-40.17,3.1723728401708287,1,-38,,1000,4,4,4,0.681304931640625,0.015000000596046448,0.013999998569488525,False,False,False,False,False,False,large_lower_tail|hidden_threat_large_impact,last_to_act,first_trick_public_belief_update|last_to_act_closure_policy,hidden_threat_offline_label_ready|public_context_ready,bid_margin,True,8,0,4-2,5.551027491688728,2,4-2,4.115082198753953,0,4-2,5.0661729127168655
2,9430,2,twos,30,schema_v2_bid_value,11,2,3,3,right_setter,defense,1,7,0,5,30,0,7,called,0,offense,False,True,1,1,1-0,5,16,5-1,0,False,False,False,False,False,0,5,0,0,1,5,-17.0,-34.8176383972168,10.281785011291504,0.08100000023841858,0.9150000214576721,-40,-39,-38,-37,-24,2,-40.2,3.2217553314340206,1,-39,,1000,3,3,3,0.509307861328125,0.012000001966953278,0.01100003719329834,False,False,False,False,False,False,large_lower_tail|hidden_threat_large_impact,last_to_act,first_trick_public_belief_update|last_to_act_closure_policy,hidden_threat_offline_label_ready|public_context_ready,bid_margin,True,8,0,4-2,5.794310241937637,2,4-2,4.296724261716008,0,4-2,5.290898352861404
2,9430,2,twos,30,schema_v2_bid_value,11,2,3,3,right_setter,defense,1,7,0,5,30,0,7,called,0,offense,False,True,1,1,1-0,6,19,5-4,0,False,False,False,False,False,0,5,0,0,1,5,-17.0,-35.47477340698242,9.64777660369873,0.06700000166893005,0.9269999861717224,-40,-39,-38,-37,-30,2,-40.25,3.09929753285732,1,-38,,1000,5,5,5,1.16644287109375,0.026000000536441803,0.023000001907348633,False,False,False,False,False,False,large_lower_tail,last_to_act,first_trick_public_belief_update|last_to_act_closure_policy,hidden_threat_offline_label_ready|public_context_ready,bid_margin,True,8,0,4-2,4.905776560306549,2,4-2,3.6485146302729845,0,4-2,4.476593315601349
2,9430,2,twos,30,schema_v2_bid_value,12,3,0,0,bidder,offense,2,8,0,5,30,0,,,,,False,False,3,24,6-3,1,11,4-1,5,False,False,,,True,,4,15,0,1,4,18.0,14.319645881652832,19.08124351501465,0.5009999871253967,0.03500000014901161,-14,-1,18,36,37,37,-17.650000000000002,5.4012231737932925,7,-11|1|15|19|22|25|36,47,1000,4,4,4,22.89054775238037,0.49900001287460327,0.03500000014901161,False,False,False,False,False,False,multi_peak_pdf|wide_shelf_gap|high_std|hidden_threat_large_impact,,first_trick_public_belief_update,hidden_threat_offline_label_ready|public_context_ready,bid_margin,True,8,2,5-5,17.451592661440372,2,5-0,15.310920678079128,2,5-5,17.276592660695314
2,9430,2,twos,30,schema_v2_bid_value,12,3,0,0,bidder,offense,2,8,0,5,30,0,,,,,False,False,3,24,6-3,3,24,6-3,0,False,False,,,True,,4,15,0,1,4,18.0,37.20155334472656,1.5021095275878906,1.0,0.0,36,36,37,38,39,2,34.39,2.3924423571681634,1,37,,1000,2,1,1,0.008640289306640625,0.0,0.0,True,False,True,True,True,False,high_variance_close_mean,,first_trick_public_belief_update,hidden_threat_offline_label_ready|public_context_ready,bid_margin,True,8,2,4-0,0.8694839477539062,2,4-0,0.8694839477539062,2,1-1,0.4945716857910156
2,9430,2,twos,30,schema_v2_bid_value,12,3,0,0,bidder,offense,2,8,0,5,30,0,,,,,False,False,3,24,6-3,4,25,6-4,10,False,False,,,True,,4,15,0,1,4,18.0,37.09605407714844,1.1979926824569702,1.0,0.0,36,36,37,38,39,2,35.08,2.2579964984282244,1,37,,1000,3,2,2,0.11413955688476562,0.0,0.0,False,False,False,False,False,False,,,first_trick_public_belief_update,hidden_threat_offline_label_ready|public_context_ready,bid_margin,True,8,2,4-0,0.6792716979980469,2,4-0,0.6792716979980469,2,5-0,0.40343475341796875
2,9430,2,twos,30,schema_v2_bid_value,12,3,0,0,bidder,offense,2,8,0,5,30,0,,,,,False,False,3,24,6-3,6,27,6-6,0,True,False,,,True,,4,15,0,1,4,18.0,37.2101936340332,1.299560546875,1.0,0.0,36,36,37,38,39,2,34.879999999999995,2.3301171271580383,1,37,,1000,1,3,3,0.0,0.0,0.0,False,True,False,False,False,True,scalar_ev_lying_by_omission,,first_trick_public_belief_update,hidden_threat_offline_label_ready|public_context_ready,bid_margin,True,8,2,4-0,0.7542762756347656,2,4-0,0.7542762756347656,2,1-1,0.44686126708984375
2,9430,2,twos,30,schema_v2_bid_value,13,3,1,1,left_setter,defense,3,8,0,5,30,0,6,6,0,offense,False,True,1,7,3-1,0,2,1-1,0,True,False,False,False,False,0,4,10,0,3,4,-17.0,-22.896928787231445,18.52892303466797,0.31200000643730164,0.6819999814033508,-39,-38,-35,-3,10,35,-39.29,4.744572340890544,4,-38|-24|-2|11,49,1000,2,2,2,0.10962486267089844,0.009999990463256836,0.006999969482421875,False,False,False,False,True,False,high_variance_close_mean|multi_peak_pdf|wide_shelf_gap|high_std|large_lower_tail|hidden_threat_large_impact,,first_trick_public_belief_update,hidden_threat_offline_label_ready|public_context_ready,bid_margin,True,8,0,4-2,17.04937245696783,0,4-2,15.699456464499235,2,4-2,14.234078109264374
2,9430,2,twos,30,schema_v2_bid_value,13,3,1,1,left_setter,defense,3,8,0,5,30,0,6,6,0,offense,False,True,1,7,3-1,1,7,3-1,0,False,False,False,False,False,0,4,10,0,3,4,-17.0,-22.787303924560547,18.719623565673828,0.32199999690055847,0.675000011920929,-39,-38,-35,-3,10,35,-39.330000000000005,4.720422119768226,5,-38|-24|-2|11|13,51,1000,1,1,1,0.0,0.0,0.0,True,True,True,True,True,True,scalar_ev_lying_by_omission|high_variance_close_mean|multi_peak_pdf|wide_shelf_gap|high_std|large_lower_tail|hidden_threat_large_impact,,first_trick_public_belief_update,hidden_threat_offline_label_ready|public_context_ready,bid_margin,True,8,0,4-2,17.351866029202938,0,4-2,15.951950084418058,2,4-2,14.477074414491653
2,9430,2,twos,30,schema_v2_bid_value,13,3,1,1,left_setter,defense,3,8,0,5,30,0,6,6,0,offense,False,True,1,7,3-1,2,14,4-4,0,True,False,False,False,False,0,4,10,0,3,4,-17.0,-28.44978141784668,16.423830032348633,0.26499998569488525,0.7350000143051147,-39,-39,-38,-13,-2,26,-39.9,3.6794290853798794,3,-39|-12|-2,37,1000,3,3,3,5.662477493286133,0.05700001120567322,0.06000000238418579,False,False,False,False,False,False,multi_peak_pdf|wide_shelf_gap|high_std|large_lower_tail|hidden_threat_large_impact,,first_trick_public_belief_update,hidden_threat_offline_label_ready|public_context_ready,bid_margin,True,8,0,4-2,12.92852770537138,0,4-2,11.803107615560293,2,4-2,10.721907496452332
2,9430,2,twos,30,schema_v2_bid_value,13,3,1,1,left_setter,defense,3,8,0,5,30,0,6,6,0,offense,False,True,1,7,3-1,5,20,5-5,10,True,False,False,False,False,0,4,10,0,3,4,-17.0,-32.98846435546875,8.672185897827148,0.07900000363588333,0.9150000214576721,-39,-39,-37,-27,-19,12,-39.74999999999999,3.9109133784227974,2,-39|-25,14,1000,4,4,4,10.201160430908203,0.24299999326467514,0.24000000953674316,False,False,False,False,False,False,multi_peak_pdf|large_lower_tail|hidden_threat_large_impact,setter_count_pressure,first_trick_public_belief_update|setter_count_before_certainty,hidden_threat_offline_label_ready|needs_real_bid_margin|public_context_ready,bid_margin,True,8,2,4-1,5.463841155171394,2,0-0,5.0593287125229836,2,4-1,4.913231328129768
2,9430,2,twos,30,schema_v2_bid_value,14,3,2,2,bidder_partner,offense,0,8,0,5,30,0,6,6,0,offense,True,False,2,9,3-3,2,9,3-3,0,True,False,False,False,False,0,4,5,1,1,4,18.0,39.10469436645508,0.8533593416213989,1.0,0.0,38,39,39,40,40,1,37.44,1.8754195278661356,1,39,,1000,3,1,1,0.5187873840332031,0.0,0.0,True,False,True,True,True,False,high_variance_close_mean,,first_trick_public_belief_update,hidden_threat_offline_label_ready|public_context_ready,bid_margin,True,8,0,4-1,1.0669059753417969,0,4-1,1.0669059753417969,0,0-0,0.8579063415527344
2,9430,2,twos,30,schema_v2_bid_value,14,3,2,2,bidder_partner,offense,0,8,0,5,30,0,6,6,0,offense,True,False,2,9,3-3,3,10,4-0,0,False,False,False,False,False,0,4,5,1,1,4,18.0,39.61307144165039,0.5361124277114868,1.0,0.0,39,39,40,40,40,1,38.63999999999999,1.3281669153148898,1,40,,1000,2,2,2,0.010410308837890625,0.0,0.0,False,False,False,False,False,False,,,first_trick_public_belief_update,hidden_threat_offline_label_ready|public_context_ready,bid_margin,True,8,0,0-0,0.3470802307128906,0,4-4,0.2929878234863281,0,0-0,0.3470802307128906
2,9430,2,twos,30,schema_v2_bid_value,14,3,2,2,bidder_partner,offense,0,8,0,5,30,0,6,6,0,offense,True,False,2,9,3-3,4,12,4-2,0,False,True,False,True,True,38,4,5,1,1,4,18.0,0.6684196591377258,25.593612670898438,0.28200000524520874,0.15199999511241913,-33,-13,-10,39,40,52,-34.7,3.9337344093508944,4,-35|-10|-5|39,74,1000,4,4,4,38.955062091350555,0.7179999947547913,0.15199999511241913,False,False,False,False,False,False,multi_peak_pdf|wide_shelf_gap|high_std|hidden_threat_large_impact,called_suit_pressure,first_trick_public_belief_update,hidden_threat_offline_label_ready|public_context_ready,bid_margin,True,8,0,4-4,47.449247628450394,0,4-3,41.5056166946888,0,4-4,46.6892476528883
2,9430,2,twos,30,schema_v2_bid_value,14,3,2,2,bidder_partner,offense,0,8,0,5,30,0,6,6,0,offense,True,False,2,9,3-3,5,15,5-0,5,False,False,False,False,False,0,4,5,1,1,4,18.0,39.62348175048828,0.553027868270874,1.0,0.0,39,39,40,40,40,1,38.69,1.3685548668422671,1,40,,1000,1,3,3,0.0,0.0,0.0,False,True,False,False,False,True,scalar_ev_lying_by_omission,partner_count_donation,first_trick_public_belief_update|partner_forcedness_and_safety,hidden_threat_offline_label_ready|needs_belief_model|public_context_ready,bid_margin,True,8,0,0-0,0.3477745056152344,0,4-1,0.24982833862304688,0,0-0,0.3477745056152344
2,9430,2,twos,30,schema_v2_bid_value,15,3,3,3,right_setter,defense,1,8,0,5,30,0,6,6,0,offense,False,True,0,0,0-0,0,0,0-0,0,True,False,False,False,False,0,4,0,0,1,4,-17.0,-38.1353874206543,1.1473464965820312,0.0,1.0,-40,-39,-38,-37,-36,2,-40.1,2.3322335564855634,1,-38,,1000,1,1,1,0.0,0.0,0.0,True,True,True,True,True,False,high_variance_close_mean|large_lower_tail,last_to_act,first_trick_public_belief_update|last_to_act_closure_policy,hidden_threat_offline_label_ready|public_context_ready,bid_margin,True,8,0,4-1,1.3720664978027344,0,1-1,1.1458473205566406,0,4-1,1.3720664978027344
2,9430,2,twos,30,schema_v2_bid_value,15,3,3,3,right_setter,defense,1,8,0,5,30,0,6,6,0,offense,False,True,0,0,0-0,4,13,4-3,0,False,False,False,False,False,0,4,0,0,1,4,-17.0,-38.40707778930664,1.0730233192443848,0.0,1.0,-40,-39,-39,-38,-37,1,-40.1,2.1260901556377974,1,-39,,1000,4,2,2,0.27169036865234375,0.0,0.0,False,False,False,False,False,False,large_lower_tail,last_to_act,first_trick_public_belief_update|last_to_act_closure_policy,hidden_threat_offline_label_ready|public_context_ready,bid_margin,True,8,0,4-1,1.2933769226074219,0,1-1,1.0237808227539062,0,4-1,1.2933769226074219
2,9430,2,twos,30,schema_v2_bid_value,15,3,3,3,right_setter,defense,1,8,0,5,30,0,6,6,0,offense,False,True,0,0,0-0,5,16,5-1,0,False,False,False,False,False,0,4,0,0,1,4,-17.0,-38.28557205200195,1.087728500366211,0.0,1.0,-40,-39,-38,-37,-37,2,-40.1,2.255204668599734,1,-39,,1000,2,3,3,0.15018463134765625,0.0,0.0,False,False,False,False,True,False,high_variance_close_mean|large_lower_tail,last_to_act,first_trick_public_belief_update|last_to_act_closure_policy,hidden_threat_offline_label_ready|public_context_ready,bid_margin,True,8,0,4-1,1.2574195861816406,0,1-1,1.0539741516113281,0,4-1,1.2574195861816406
2,9430,2,twos,30,schema_v2_bid_value,15,3,3,3,right_setter,defense,1,8,0,5,30,0,6,6,0,offense,False,True,0,0,0-0,6,19,5-4,0,False,False,False,False,False,0,4,0,0,1,4,-17.0,-38.400264739990234,1.0395441055297852,0.0,1.0,-40,-39,-39,-38,-37,1,-40.1,2.1025318404302697,1,-39,,1000,3,4,4,0.2648773193359375,0.0,0.0,False,False,False,False,False,False,large_lower_tail,last_to_act,first_trick_public_belief_update|last_to_act_closure_policy,hidden_threat_offline_label_ready|public_context_ready,bid_margin,True,8,0,4-1,1.1974029541015625,0,1-1,0.9888725280761719,0,4-1,1.1974029541015625
2,9430,2,twos,30,schema_v2_bid_value,16,4,0,0,bidder,offense,2,9,0,5,30,0,,,,,False,False,6,27,6-6,1,11,4-1,5,False,False,,,True,,3,15,0,1,3,18.0,13.743863105773926,18.851200103759766,0.5370000004768372,0.03500000014901161,-15,-3,21,35,36,38,-17.74,4.825483885740191,6,-17|-15|-8|1|22|35,52,1000,3,3,3,21.822474479675293,0.46299999952316284,0.03500000014901161,False,False,False,False,False,False,multi_peak_pdf|wide_shelf_gap|high_std|hidden_threat_large_impact,late_hand,first_trick_public_belief_update|late_trick_threshold_closure,distribution_labels_ready|hidden_threat_offline_label_ready|public_context_ready,bid_margin,True,8,2,5-5,19.188481785357,2,5-0,16.78042694181204,2,5-5,19.01348178461194
2,9430,2,twos,30,schema_v2_bid_value,16,4,0,0,bidder,offense,2,9,0,5,30,0,,,,,False,False,6,27,6-6,4,25,6-4,10,False,False,,,True,,3,15,0,1,3,18.0,35.49247741699219,0.7788981795310974,1.0,0.0,35,35,35,36,37,1,34.75,1.5743925326607688,1,35,,1000,2,1,1,0.07386016845703125,0.0,0.0,False,False,True,True,False,False,,late_hand,first_trick_public_belief_update|late_trick_threshold_closure,distribution_labels_ready|hidden_threat_offline_label_ready|public_context_ready,bid_margin,True,8,2,4-0,0.43402862548828125,2,4-0,0.43402862548828125,2,5-4,0.31537628173828125
2,9430,2,twos,30,schema_v2_bid_value,16,4,0,0,bidder,offense,2,9,0,5,30,0,,,,,False,False,6,27,6-6,6,27,6-6,0,True,False,,,True,,3,15,0,1,3,18.0,35.56633758544922,0.8588312864303589,1.0,0.0,35,35,35,36,37,1,34.55,1.7629301067871366,1,35,,1000,1,2,2,0.0,0.0,0.0,True,True,False,False,True,True,scalar_ev_lying_by_omission|high_variance_close_mean,late_hand,first_trick_public_belief_update|late_trick_threshold_closure,distribution_labels_ready|hidden_threat_offline_label_ready|public_context_ready,bid_margin,True,8,2,4-0,0.5098838806152344,2,4-0,0.5098838806152344,2,5-4,0.3771095275878906
2,9430,2,twos,30,schema_v2_bid_value,17,4,1,1,left_setter,defense,3,9,0,5,30,0,6,6,0,offense,False,True,0,2,1-1,0,2,1-1,0,True,False,False,False,False,0,3,10,0,3,3,-17.0,-36.081233978271484,1.1441925764083862,0.0,1.0,-38,-37,-36,-35,-35,2,-38.0,1.9213673566778953,2,-37|-35,2,1000,1,1,1,0.0,0.0,0.0,True,True,True,True,True,False,high_variance_close_mean|multi_peak_pdf|large_lower_tail,late_hand,first_trick_public_belief_update|late_trick_threshold_closure,distribution_labels_ready|hidden_threat_offline_label_ready|public_context_ready,bid_margin,True,8,0,4-0,1.1614303588867188,0,4-2,1.1399803161621094,0,4-0,1.1614303588867188
2,9430,2,twos,30,schema_v2_bid_value,17,4,1,1,left_setter,defense,3,9,0,5,30,0,6,6,0,offense,False,True,0,2,1-1,2,14,4-4,0,True,False,False,False,False,0,3,10,0,3,3,-17.0,-36.459571838378906,1.1210709810256958,0.0,1.0,-38,-38,-36,-35,-35,3,-38.0,1.9216395980294116,2,-38|-35,3,1000,3,2,2,0.3783378601074219,0.0,0.0,False,False,False,False,False,False,multi_peak_pdf|large_lower_tail,late_hand,first_trick_public_belief_update|late_trick_threshold_closure,distribution_labels_ready|hidden_threat_offline_label_ready|public_context_ready,bid_margin,True,8,0,4-1,1.1323661804199219,0,4-2,1.0556144714355469,0,4-1,1.1323661804199219
2,9430,2,twos,30,schema_v2_bid_value,17,4,1,1,left_setter,defense,3,9,0,5,30,0,6,6,0,offense,False,True,0,2,1-1,5,20,5-5,10,True,False,False,False,False,0,3,10,0,3,3,-17.0,-36.429962158203125,1.203275203704834,0.0,1.0,-38,-38,-36,-35,-35,3,-38.220000000000006,2.0823952898060702,2,-38|-35,3,1000,2,3,3,0.3487281799316406,0.0,0.0,False,False,False,False,True,False,high_variance_close_mean|multi_peak_pdf|large_lower_tail,late_hand|setter_count_pressure,first_trick_public_belief_update|late_trick_threshold_closure|setter_count_before_certainty,distribution_labels_ready|hidden_threat_offline_label_ready|needs_real_bid_margin|public_context_ready,bid_margin,True,8,0,4-1,1.2552413940429688,0,4-2,1.1789016723632812,0,4-1,1.2552413940429688
2,9430,2,twos,30,schema_v2_bid_value,18,4,2,2,bidder_partner,offense,0,9,0,5,30,0,6,6,0,offense,True,False,3,10,4-0,3,10,4-0,0,False,False,False,False,False,0,3,5,1,0,3,18.0,36.473514556884766,0.9956731796264648,1.0,0.0,35,36,37,37,38,1,35.0,1.9894998898177791,1,37,,1000,2,1,1,0.07723617553710938,0.0,0.0,True,False,True,True,False,False,,late_hand,first_trick_public_belief_update|late_trick_threshold_closure,distribution_labels_ready|hidden_threat_offline_label_ready|public_context_ready,bid_margin,True,8,0,4-1,1.4183921813964844,0,4-1,1.4183921813964844,0,5-5,0.7830314636230469
2,9430,2,twos,30,schema_v2_bid_value,18,4,2,2,bidder_partner,offense,0,9,0,5,30,0,6,6,0,offense,True,False,3,10,4-0,4,12,4-2,0,False,True,False,True,True,38,3,5,1,0,3,18.0,-6.86584997177124,32.98856735229492,0.335999995470047,0.5920000076293945,-36,-35,-29,37,38,72,-36.79,3.6543998491042786,6,-35|-29|-25|-23|9|37,72,1000,3,3,3,43.416600704193115,0.664000004529953,0.5920000076293945,False,False,False,False,False,False,multi_peak_pdf|wide_shelf_gap|high_std|large_lower_tail|hidden_threat_large_impact,called_suit_pressure|late_hand,first_trick_public_belief_update|late_trick_threshold_closure,distribution_labels_ready|hidden_threat_offline_label_ready|public_context_ready,bid_margin,True,8,0,5-5,56.823032557964325,0,4-1,33.23877730965614,0,5-5,53.86303251981735
2,9430,2,twos,30,schema_v2_bid_value,18,4,2,2,bidder_partner,offense,0,9,0,5,30,0,6,6,0,offense,True,False,3,10,4-0,5,15,5-0,5,False,False,False,False,False,0,3,5,1,0,3,18.0,36.550750732421875,1.0515403747558594,1.0,0.0,35,36,37,37,38,1,34.620000000000005,2.136134608460201,1,37,,1000,1,2,2,0.0,0.0,0.0,False,True,False,False,True,True,scalar_ev_lying_by_omission|high_variance_close_mean,late_hand|partner_count_donation,first_trick_public_belief_update|late_trick_threshold_closure|partner_forcedness_and_safety,distribution_labels_ready|hidden_threat_offline_label_ready|needs_belief_model|public_context_ready,bid_margin,True,8,0,4-1,1.4487037658691406,0,4-1,1.4487037658691406,0,5-5,0.6126823425292969
2,9430,2,twos,30,schema_v2_bid_value,19,4,3,3,right_setter,defense,1,9,0,5,30,0,6,6,0,offense,False,True,5,16,5-1,4,13,4-3,0,False,False,False,False,False,0,3,0,0,0,3,-17.0,-36.5356559753418,0.9672949910163879,0.0,1.0,-38,-37,-36,-36,-35,1,-38.54,2.042148605939295,1,-36,,1000,2,1,1,0.11727523803710938,0.0,0.0,False,False,True,True,False,False,large_lower_tail,last_to_act|late_hand,first_trick_public_belief_update|last_to_act_closure_policy|late_trick_threshold_closure,distribution_labels_ready|hidden_threat_offline_label_ready|public_context_ready,bid_margin,True,8,0,4-1,0.8449211120605469,2,4-1,0.7535133361816406,0,4-1,0.8449211120605469
2,9430,2,twos,30,schema_v2_bid_value,19,4,3,3,right_setter,defense,1,9,0,5,30,0,6,6,0,offense,False,True,5,16,5-1,5,16,5-1,0,False,False,False,False,False,0,3,0,0,0,3,-17.0,-36.41838073730469,1.0377823114395142,0.0,1.0,-38,-37,-36,-36,-35,1,-38.54,2.0984143011303917,1,-36,,1000,1,2,2,0.0,0.0,0.0,True,True,False,False,True,True,scalar_ev_lying_by_omission|high_variance_close_mean|large_lower_tail,last_to_act|late_hand,first_trick_public_belief_update|last_to_act_closure_policy|late_trick_threshold_closure,distribution_labels_ready|hidden_threat_offline_label_ready|public_context_ready,bid_margin,True,8,0,4-1,1.0274314880371094,2,4-1,0.7068367004394531,0,4-1,1.0274314880371094
2,9430,2,twos,30,schema_v2_bid_value,19,4,3,3,right_setter,defense,1,9,0,5,30,0,6,6,0,offense,False,True,5,16,5-1,6,19,5-4,0,False,False,False,False,False,0,3,0,0,0,3,-17.0,-36.56861877441406,0.9826455116271973,0.0,1.0,-38,-37,-37,-36,-35,1,-38.54,1.9513902267229144,1,-37,,1000,3,3,3,0.150238037109375,0.0,0.0,False,False,False,False,True,False,high_variance_close_mean|large_lower_tail,last_to_act|late_hand,first_trick_public_belief_update|last_to_act_closure_policy|late_trick_threshold_closure,distribution_labels_ready|hidden_threat_offline_label_ready|public_context_ready,bid_margin,True,8,0,4-1,0.9370498657226562,2,4-1,0.6714286804199219,0,4-1,0.9370498657226562
2,9430,2,twos,30,schema_v2_bid_value,20,5,0,0,bidder,offense,2,10,0,5,30,0,,,,,False,False,4,25,6-4,1,11,4-1,5,False,False,,,True,,2,15,0,0,2,18.0,20.12044334411621,13.759939193725586,0.6690000295639038,0.0,1,7,21,34,34,27,-3.98,2.9371562885511593,7,-8|-5|1|4|8|21|34,42,1000,2,2,1,14.488786697387695,0.3309999704360962,0.0,False,False,False,True,False,False,multi_peak_pdf|wide_shelf_gap|hidden_threat_large_impact,late_hand,first_trick_public_belief_update|late_trick_threshold_closure,distribution_labels_ready|hidden_threat_offline_label_ready|public_context_ready,bid_margin,True,8,2,5-0,20.697229146957397,2,5-0,17.35222899913788,2,4-4,17.18099617958069
2,9430,2,twos,30,schema_v2_bid_value,20,5,0,0,bidder,offense,2,10,0,5,30,0,,,,,False,False,4,25,6-4,4,25,6-4,10,False,False,,,True,,2,15,0,0,2,18.0,34.609230041503906,0.7801817059516907,1.0,0.0,34,34,35,35,36,1,34.0,1.504349420993523,1,34,,1000,1,1,2,0.0,0.0,0.0,True,True,True,False,True,True,scalar_ev_lying_by_omission|high_variance_close_mean,late_hand,first_trick_public_belief_update|late_trick_threshold_closure,distribution_labels_ready|hidden_threat_offline_label_ready|public_context_ready,bid_margin,True,8,2,4-4,0.6701011657714844,2,4-4,0.6701011657714844,2,4-3,0.4899330139160156
2,9430,2,twos,30,schema_v2_bid_value,21,5,1,1,left_setter,defense,3,10,0,15,20,10,6,6,0,offense,False,True,2,14,4-4,2,14,4-4,0,True,False,False,False,False,0,2,10,0,2,2,-17.0,-38.76314926147461,0.20306174457073212,0.0,1.0,-39,-39,-39,-39,-38,0,-39.0,0.5379232310513298,1,-39,,1000,1,1,1,0.0,0.0,0.0,True,True,True,True,True,False,high_variance_close_mean|large_lower_tail,late_hand,first_trick_public_belief_update|late_trick_threshold_closure,distribution_labels_ready|hidden_threat_offline_label_ready|public_context_ready,bid_margin,True,8,0,4-3,0.1659088134765625,2,5-0,0.13431167602539062,0,4-3,0.1659088134765625
2,9430,2,twos,30,schema_v2_bid_value,21,5,1,1,left_setter,defense,3,10,0,15,20,10,6,6,0,offense,False,True,2,14,4-4,5,20,5-5,10,True,False,False,False,False,0,2,10,0,2,2,-17.0,-38.89109420776367,0.20945826172828674,0.0,1.0,-39,-39,-39,-39,-39,0,-39.0,0.2735138277070635,1,-39,,1000,2,2,2,0.1279449462890625,0.0,0.0,False,False,False,False,True,False,high_variance_close_mean|large_lower_tail,late_hand|setter_count_pressure,first_trick_public_belief_update|late_trick_threshold_closure|setter_count_before_certainty,distribution_labels_ready|hidden_threat_offline_label_ready|needs_real_bid_margin|public_context_ready,bid_margin,True,8,2,5-0,0.1472320556640625,2,5-0,0.1472320556640625,0,4-3,0.12531280517578125
2,9430,2,twos,30,schema_v2_bid_value,22,5,2,2,bidder_partner,offense,0,10,0,15,20,10,6,6,0,offense,True,False,5,15,5-0,4,12,4-2,0,False,True,False,True,True,38,2,5,1,0,2,18.0,1.3077000379562378,20.575265884399414,0.22200000286102295,0.0,-15,-14,-10,2,39,16,-15.0,2.873808477609279,6,-15|-10|-8|-1|2|39,54,1000,2,2,1,36.98296844959259,0.777999997138977,0.0,False,False,False,True,False,False,multi_peak_pdf|wide_shelf_gap|high_std|hidden_threat_large_impact,called_suit_pressure|late_hand,first_trick_public_belief_update|late_trick_threshold_closure,distribution_labels_ready|hidden_threat_offline_label_ready|public_context_ready,bid_margin,True,8,0,5-5,45.290457129478455,0,4-1,16.967355966567993,0,5-5,45.290457129478455
2,9430,2,twos,30,schema_v2_bid_value,22,5,2,2,bidder_partner,offense,0,10,0,15,20,10,6,6,0,offense,True,False,5,15,5-0,5,15,5-0,5,False,False,False,False,False,0,2,5,1,0,2,18.0,38.29066848754883,0.49501433968544006,1.0,0.0,38,38,38,39,39,1,38.0,0.9994343896240241,1,38,,1000,1,1,2,0.0,0.0,0.0,True,True,True,False,True,True,scalar_ev_lying_by_omission|high_variance_close_mean,late_hand|partner_count_donation,first_trick_public_belief_update|late_trick_threshold_closure|partner_forcedness_and_safety,distribution_labels_ready|hidden_threat_offline_label_ready|needs_belief_model|public_context_ready,bid_margin,True,8,0,5-5,0.592864990234375,0,4-1,0.4808006286621094,0,5-5,0.592864990234375
2,9430,2,twos,30,schema_v2_bid_value,23,5,3,3,right_setter,defense,1,10,0,20,15,15,6,6,0,offense,False,True,4,13,4-3,4,13,4-3,0,False,False,False,False,False,0,2,0,0,0,2,-17.0,-39.21086502075195,0.07817454636096954,0.0,1.0,-39,-39,-39,-39,-39,0,-39.0,-0.0,1,-39,,1000,1,1,1,0.0,0.0,0.0,True,True,True,True,True,False,high_variance_close_mean|large_lower_tail,last_to_act|late_hand,first_trick_public_belief_update|last_to_act_closure_policy|late_trick_threshold_closure,distribution_labels_ready|hidden_threat_offline_label_ready|public_context_ready,bid_margin,True,8,2,5-5,0.09804534912109375,0,5-5,0.0799102783203125,2,5-5,0.09804534912109375
2,9430,2,twos,30,schema_v2_bid_value,23,5,3,3,right_setter,defense,1,10,0,20,15,15,6,6,0,offense,False,True,4,13,4-3,6,19,5-4,0,False,False,False,False,False,0,2,0,0,0,2,-17.0,-39.22852325439453,0.07975167781114578,0.0,1.0,-39,-39,-39,-39,-39,0,-39.0,-0.0,1,-39,,1000,2,2,2,0.017658233642578125,0.0,0.0,False,False,False,False,True,False,high_variance_close_mean|large_lower_tail,last_to_act|late_hand,first_trick_public_belief_update|last_to_act_closure_policy|late_trick_threshold_closure,distribution_labels_ready|hidden_threat_offline_label_ready|public_context_ready,bid_margin,True,8,2,5-5,0.09708404541015625,0,5-5,0.08156967163085938,2,5-5,0.09708404541015625
2,9430,2,twos,30,schema_v2_bid_value,24,6,0,0,bidder,offense,2,26,0,20,15,0,,,,,False,False,1,11,4-1,1,11,4-1,5,False,False,,,True,,1,5,0,0,1,18.0,21.607067108154297,0.26902636885643005,1.0,0.0,21,21,22,22,22,1,21.0,0.9995123141215678,1,22,,1000,1,1,1,0.0,0.0,0.0,True,True,True,True,False,False,,late_hand,first_trick_public_belief_update|late_trick_threshold_closure,distribution_labels_ready|hidden_threat_offline_label_ready|public_context_ready,bid_margin,True,5,1,5-4,0.27611732482910156,1,5-4,0.27611732482910156,3,5-4,0.26212310791015625
2,9430,2,twos,30,schema_v2_bid_value,25,6,1,1,left_setter,defense,3,26,0,25,10,5,4,4,0,offense,False,True,5,20,5-5,5,20,5-5,10,True,False,False,False,False,0,1,10,0,1,1,-17.0,-22.06024169921875,0.0,0.0,1.0,-22,-22,-22,-22,-22,0,-22.0,-0.0,1,-22,,1000,1,1,1,0.0,0.0,0.0,True,True,True,True,False,False,large_lower_tail,late_hand|setter_count_pressure,first_trick_public_belief_update|late_trick_threshold_closure|setter_count_before_certainty,distribution_labels_ready|hidden_threat_offline_label_ready|needs_real_bid_margin|public_context_ready,bid_margin,True,2,2,4-2,1.9073486328125e-06,2,4-2,0.0,2,4-2,1.9073486328125e-06
2,9430,2,twos,30,schema_v2_bid_value,26,6,2,2,bidder_partner,offense,0,26,0,35,0,15,4,4,0,offense,True,False,4,12,4-2,4,12,4-2,0,False,True,False,True,True,38,1,0,1,0,1,18.0,25.648550033569336,5.7220458984375e-06,1.0,0.0,26,26,26,26,26,0,26.0,-0.0,1,26,,1000,1,1,1,0.0,0.0,0.0,True,True,True,True,False,False,,called_suit_pressure|late_hand,first_trick_public_belief_update|late_trick_threshold_closure,distribution_labels_ready|hidden_threat_offline_label_ready|public_context_ready,bid_margin,True,1,3,5-4,3.814697265625e-06,3,5-4,3.814697265625e-06,3,5-4,0.0
2,9430,2,twos,30,schema_v2_bid_value,27,6,3,3,right_setter,defense,1,26,0,35,0,15,4,4,2,offense,False,True,6,19,5-4,6,19,5-4,0,False,False,True,False,False,25,1,0,0,0,1,-17.0,-21.935420989990234,3.814697265625e-06,0.0,1.0,-22,-22,-22,-22,-22,0,-22.0,-0.0,1,-22,,1000,1,1,1,0.0,0.0,0.0,True,True,True,True,False,False,large_lower_tail,last_to_act|late_hand,first_trick_public_belief_update|last_to_act_closure_policy|late_trick_threshold_closure,distribution_labels_ready|public_context_ready,bid_margin,False,0,,,,,,,,,
3,9430,3,threes,30,schema_v2_bid_value,0,0,0,0,bidder,offense,2,0,0,0,35,0,,,,,False,False,3,24,6-3,0,5,2-2,0,True,False,,,True,,7,15,1,2,7,18.0,-5.402653694152832,27.773826599121094,0.24199999868869781,0.39399999380111694,-41,-33,-7,17,38,50,-41.739999999999995,6.056092212183529,3,-42|-39|41,83,1000,1,2,2,0.0,0.035999998450279236,0.019999980926513672,False,True,False,False,True,True,scalar_ev_lying_by_omission|high_variance_close_mean|multi_peak_pdf|wide_shelf_gap|high_std|large_lower_tail|hidden_threat_large_impact,bidder_opening_lead|first_trick,bidder_first_lead_plan,hidden_threat_offline_label_ready|public_context_ready,bid_margin,True,8,2,3-3,31.18062223494053,3,3-3,16.92383312806487,2,3-3,29.539963595569134
3,9430,3,threes,30,schema_v2_bid_value,0,0,0,0,bidder,offense,2,0,0,0,35,0,,,,,False,False,3,24,6-3,1,11,4-1,5,False,False,,,True,,7,15,1,2,7,18.0,-11.915838241577148,26.371057510375977,0.16500000655651093,0.4779999852180481,-42,-37,-17,6,33,43,-42.0,5.8874934097626825,3,-42|-39|40,82,1000,6,6,6,6.513184547424316,0.11299999058246613,0.10399997234344482,False,False,False,False,False,False,multi_peak_pdf|wide_shelf_gap|high_std|large_lower_tail|hidden_threat_large_impact,bidder_opening_lead|first_trick,bidder_first_lead_plan,hidden_threat_offline_label_ready|public_context_ready,bid_margin,True,8,2,3-3,26.03061854839325,2,4-2,14.189473625272512,2,3-3,24.41906176507473
3,9430,3,threes,30,schema_v2_bid_value,0,0,0,0,bidder,offense,2,0,0,0,35,0,,,,,False,False,3,24,6-3,2,23,6-2,0,False,False,,,True,,7,15,1,2,7,18.0,-11.125154495239258,26.315608978271484,0.16300000250339508,0.4359999895095825,-42,-38,-13,7,31,45,-42.0,5.83095627673123,2,-42|41,83,1000,5,7,4,5.722500801086426,0.11499999463558197,0.06199997663497925,False,False,False,False,False,False,multi_peak_pdf|wide_shelf_gap|high_std|large_lower_tail|hidden_threat_large_impact,bidder_opening_lead|first_trick,bidder_first_lead_plan,hidden_threat_offline_label_ready|public_context_ready,bid_margin,True,8,2,3-3,27.43418151140213,2,6-1,17.454368248581886,2,3-3,25.673343256115913
3,9430,3,threes,30,schema_v2_bid_value,0,0,0,0,bidder,offense,2,0,0,0,35,0,,,,,False,False,3,24,6-3,3,24,6-3,0,False,True,,,True,,7,15,1,2,7,18.0,-6.993619918823242,31.300670623779297,0.27799999713897705,0.44999998807907104,-42,-40,-12,23,40,63,-42.0,5.529240537078646,3,-42|37|41,83,1000,3,1,5,1.5909662246704102,0.0,0.07599997520446777,True,False,True,False,False,False,multi_peak_pdf|wide_shelf_gap|high_std|large_lower_tail|hidden_threat_large_impact,bidder_opening_lead|called_suit_pressure|first_trick,bidder_first_lead_plan,hidden_threat_offline_label_ready|public_context_ready,bid_margin,True,8,2,3-3,40.94345658272505,3,3-3,22.672125082463026,2,3-3,38.96291771158576
3,9430,3,threes,30,schema_v2_bid_value,0,0,0,0,bidder,offense,2,0,0,0,35,0,,,,,False,False,3,24,6-3,4,25,6-4,10,False,False,,,True,,7,15,1,2,7,18.0,-14.766650199890137,27.175264358520508,0.16699999570846558,0.5540000200271606,-42,-40,-25,7,29,47,-42.0,5.6488088522862085,3,-42|-34|41,83,1000,7,5,7,9.363996505737305,0.11100000143051147,0.18000000715255737,False,False,False,False,False,False,multi_peak_pdf|wide_shelf_gap|high_std|large_lower_tail|hidden_threat_large_impact,bidder_opening_lead|first_trick,bidder_first_lead_plan,hidden_threat_offline_label_ready|public_context_ready,bid_margin,True,8,2,6-1,23.196288540959358,2,6-1,22.479631759226322,2,3-3,20.662151992321014
3,9430,3,threes,30,schema_v2_bid_value,0,0,0,0,bidder,offense,2,0,0,0,35,0,,,,,False,False,3,24,6-3,5,26,6-5,0,False,False,,,True,,7,15,1,2,7,18.0,-5.584331035614014,27.817401885986328,0.23600000143051147,0.37400001287460327,-42,-36,-5,16,36,52,-42.0,5.9621363130346365,2,-42|41,83,1000,2,3,1,0.18167734146118164,0.041999995708465576,0.0,False,False,False,True,True,False,high_variance_close_mean|multi_peak_pdf|wide_shelf_gap|high_std|large_lower_tail|hidden_threat_large_impact,bidder_opening_lead|first_trick,bidder_first_lead_plan,hidden_threat_offline_label_ready|public_context_ready,bid_margin,True,8,2,3-3,30.121463052928448,2,6-1,19.191859751939774,2,3-3,28.476013895124197
3,9430,3,threes,30,schema_v2_bid_value,0,0,0,0,bidder,offense,2,0,0,0,35,0,,,,,False,False,3,24,6-3,6,27,6-6,0,True,False,,,True,,7,15,1,2,7,18.0,-8.646378517150879,27.29201889038086,0.2029999941587448,0.4099999964237213,-42,-38,-10,11,35,49,-42.0,5.887079590692463,5,-42|-38|-5|40|41,83,1000,4,4,3,3.243724822998047,0.07500000298023224,0.03599998354911804,False,False,False,False,False,False,multi_peak_pdf|wide_shelf_gap|high_std|large_lower_tail|hidden_threat_large_impact,bidder_opening_lead|first_trick,bidder_first_lead_plan,hidden_threat_offline_label_ready|public_context_ready,bid_margin,True,8,2,3-3,28.10970813035965,2,6-1,18.767665401101112,2,3-3,26.4040195196867
3,9430,3,threes,30,schema_v2_bid_value,1,0,1,1,left_setter,defense,3,0,0,0,35,0,7,called,0,offense,False,True,1,7,3-1,1,7,3-1,0,False,True,True,False,False,36,7,10,2,3,2,-17.0,-0.4344791769981384,29.76579475402832,0.6269999742507935,0.3630000054836273,-39,-29,-3,31,41,60,-40.87,5.910851770772574,4,-42|-39|-35|41,83,1000,1,1,1,0.0,0.0,0.0,True,True,True,True,True,True,scalar_ev_lying_by_omission|high_variance_close_mean|multi_peak_pdf|wide_shelf_gap|high_std|large_lower_tail|hidden_threat_large_impact,called_suit_pressure|first_setter_response|first_trick,first_setter_pounce_window,hidden_threat_offline_label_ready|needs_real_bid_margin,bid_margin,True,8,3,3-3,40.09294903278351,0,3-3,26.81567844748497,3,3-3,38.27794900536537
3,9430,3,threes,30,schema_v2_bid_value,1,0,1,1,left_setter,defense,3,0,0,0,35,0,7,called,0,offense,False,True,1,7,3-1,4,18,5-3,0,False,True,True,False,False,40,7,10,2,3,2,-17.0,-4.890166759490967,29.749439239501953,0.5600000023841858,0.4259999990463257,-41,-34,-9,24,40,58,-41.57,5.921750955719399,3,-42|-38|41,83,1000,2,2,2,4.455687582492828,0.06699997186660767,0.06299999356269836,False,False,False,False,False,False,multi_peak_pdf|wide_shelf_gap|high_std|large_lower_tail|hidden_threat_large_impact,called_suit_pressure|first_setter_response|first_trick,first_setter_pounce_window,hidden_threat_offline_label_ready|needs_real_bid_margin,bid_margin,True,8,3,3-3,40.60582835972309,0,3-3,23.317764580249786,3,3-3,38.56432393938303
3,9430,3,threes,30,schema_v2_bid_value,2,0,2,2,bidder_partner,offense,0,0,0,0,35,0,7,called,0,offense,True,False,2,9,3-3,2,9,3-3,0,True,True,True,True,True,46,7,5,1,1,1,18.0,-6.8080620765686035,24.365068435668945,0.17399999499320984,0.3569999933242798,-40,-28,-7,10,30,38,-41.68999999999999,6.119587310715991,5,-42|-40|-7|-4|41,83,1000,1,1,1,0.0,0.0,0.0,True,True,True,True,False,False,multi_peak_pdf|wide_shelf_gap|high_std|large_lower_tail|hidden_threat_large_impact,called_suit_pressure|first_trick|partner_third_seat_support,partner_third_seat_safe_donation,hidden_threat_offline_label_ready|public_context_ready,bid_margin,True,8,0,5-3,16.59614047408104,0,5-4,11.635974407196045,0,5-3,15.734707400202751
3,9430,3,threes,30,schema_v2_bid_value,3,0,3,3,right_setter,defense,1,0,0,0,35,0,7,called,2,offense,False,True,2,6,3-0,2,6,3-0,0,False,True,True,False,False,35,7,5,3,1,3,-17.0,-3.4598183631896973,20.442853927612305,0.7080000042915344,0.2709999978542328,-29,-19,-6,10,27,29,-33.09,6.122884891323635,12,-30|-29|-21|-19|-17|-15|-10|-8|-2|0|5|41,71,1000,1,1,1,0.0,0.0,0.0,True,True,True,True,True,True,scalar_ev_lying_by_omission|high_variance_close_mean|multi_peak_pdf|wide_shelf_gap|high_std|large_lower_tail|hidden_threat_large_impact,called_suit_pressure|defender_last_to_act_closure|first_trick|last_to_act,last_to_act_closure_policy,hidden_threat_offline_label_ready|public_context_ready,bid_margin,True,8,1,5-3,21.121334336698055,0,5-3,12.265564560890198,1,5-3,19.962412785738707
3,9430,3,threes,30,schema_v2_bid_value,3,0,3,3,right_setter,defense,1,0,0,0,35,0,7,called,2,offense,False,True,2,6,3-0,3,8,3-2,5,False,True,True,False,False,37,7,5,3,1,3,-17.0,-14.077130317687988,20.07141876220703,0.47699999809265137,0.5040000081062317,-36,-31,-18,-1,17,30,-38.559999999999995,6.030732436370746,7,-36|-34|-32|-28|-23|-18|-16,20,1000,3,3,3,10.617311954498291,0.23100000619888306,0.2330000102519989,False,False,False,False,False,False,multi_peak_pdf|wide_shelf_gap|high_std|large_lower_tail|hidden_threat_large_impact,called_suit_pressure|defender_last_to_act_closure|first_trick|last_to_act|setter_count_pressure,last_to_act_closure_policy|setter_count_before_certainty,hidden_threat_offline_label_ready|needs_real_bid_margin|public_context_ready,bid_margin,True,8,1,5-3,22.073624402284622,0,5-3,10.550705134868622,1,5-3,20.517676666378975
3,9430,3,threes,30,schema_v2_bid_value,3,0,3,3,right_setter,defense,1,0,0,0,35,0,7,called,2,offense,False,True,2,6,3-0,4,13,4-3,0,False,True,True,False,False,39,7,5,3,1,3,-17.0,-3.849599838256836,20.657854080200195,0.6980000138282776,0.28200000524520874,-30,-19,-6,10,27,29,-34.02,6.1413081129723,8,-22|-19|-16|-10|-8|-4|-2|41,63,1000,2,2,2,0.38978147506713867,0.009999990463256836,0.011000007390975952,False,False,False,False,True,False,high_variance_close_mean|multi_peak_pdf|wide_shelf_gap|high_std|large_lower_tail|hidden_threat_large_impact,called_suit_pressure|defender_last_to_act_closure|first_trick|last_to_act,last_to_act_closure_policy,hidden_threat_offline_label_ready|public_context_ready,bid_margin,True,8,1,5-3,21.651526175439358,0,5-3,12.656992197036743,1,5-3,20.43760458752513
3,9430,3,threes,30,schema_v2_bid_value,4,1,0,2,bidder_partner,offense,0,1,0,0,35,0,,,,,False,False,5,15,5-0,0,3,2-0,0,False,False,,,True,,6,5,0,0,6,18.0,-25.093538284301758,21.078445434570312,0.05400000140070915,0.6990000009536743,-42,-42,-35,-12,7,30,-42.0,4.8209551889554385,3,-42|-35|-30,12,1000,6,5,6,2.5357704162597656,0.028999995440244675,0.04500001668930054,False,False,False,False,False,False,multi_peak_pdf|high_std|large_lower_tail|hidden_threat_large_impact,,first_trick_public_belief_update,hidden_threat_offline_label_ready|public_context_ready,bid_margin,True,8,0,5-3,18.324007250368595,1,5-3,9.247028939425945,0,5-3,17.04945445805788
3,9430,3,threes,30,schema_v2_bid_value,4,1,0,2,bidder_partner,offense,0,1,0,0,35,0,,,,,False,False,5,15,5-0,1,4,2-1,0,False,False,,,True,,6,5,0,0,6,18.0,-24.926862716674805,21.165536880493164,0.05400000140070915,0.6930000185966492,-42,-42,-34,-12,7,30,-42.0,4.8233554246603765,4,-42|-38|-35|-30,12,1000,5,6,5,2.3690948486328125,0.028999995440244675,0.03900003433227539,False,False,False,False,False,False,multi_peak_pdf|high_std|large_lower_tail|hidden_threat_large_impact,,first_trick_public_belief_update,hidden_threat_offline_label_ready|public_context_ready,bid_margin,True,8,0,5-3,18.41316608339548,1,5-3,9.19183575361967,0,5-3,17.120690025389194
3,9430,3,threes,30,schema_v2_bid_value,4,1,0,2,bidder_partner,offense,0,1,0,0,35,0,,,,,False,False,5,15,5-0,3,10,4-0,0,False,False,,,True,,6,5,0,0,6,18.0,-22.925683975219727,22.688512802124023,0.07999999821186066,0.6610000133514404,-42,-42,-32,-9,15,33,-42.0,4.898383119833137,1,-42,,1000,3,3,3,0.3679161071777344,0.00299999862909317,0.00700002908706665,False,False,False,False,True,False,high_variance_close_mean|high_std|large_lower_tail|hidden_threat_large_impact,,first_trick_public_belief_update,hidden_threat_offline_label_ready|public_context_ready,bid_margin,True,8,0,5-3,14.937534481287003,0,4-1,10.768877254799008,0,5-3,14.124547243118286
3,9430,3,threes,30,schema_v2_bid_value,4,1,0,2,bidder_partner,offense,0,1,0,0,35,0,,,,,False,False,5,15,5-0,4,12,4-2,0,False,False,,,True,,6,5,0,0,6,18.0,-23.108966827392578,22.62914276123047,0.0820000022649765,0.6660000085830688,-42,-42,-32,-9,14,33,-42.0,4.859148079677431,3,-42|-34|-32,10,1000,4,2,4,0.5511989593505859,0.0009999945759773254,0.012000024318695068,False,False,False,False,True,False,high_variance_close_mean|multi_peak_pdf|high_std|large_lower_tail|hidden_threat_large_impact,,first_trick_public_belief_update,hidden_threat_offline_label_ready|public_context_ready,bid_margin,True,8,0,5-3,14.644423753023148,0,4-1,10.800931125879288,0,5-3,13.886308699846268
3,9430,3,threes,30,schema_v2_bid_value,4,1,0,2,bidder_partner,offense,0,1,0,0,35,0,,,,,False,False,5,15,5-0,5,15,5-0,5,False,False,,,True,,6,5,0,0,6,18.0,-22.557767868041992,22.738122940063477,0.08299999684095383,0.6570000052452087,-42,-42,-32,-7,14,35,-42.0,4.87259901004121,3,-42|-18|-8,34,1000,1,1,2,0.0,0.0,0.003000020980834961,True,True,True,False,True,True,scalar_ev_lying_by_omission|high_variance_close_mean|multi_peak_pdf|wide_shelf_gap|high_std|large_lower_tail|hidden_threat_large_impact,partner_count_donation,first_trick_public_belief_update|partner_forcedness_and_safety,hidden_threat_offline_label_ready|needs_belief_model|public_context_ready,bid_margin,True,8,0,5-5,26.395207956433296,1,5-5,11.967480977997184,0,5-5,24.243541300296783
3,9430,3,threes,30,schema_v2_bid_value,4,1,0,2,bidder_partner,offense,0,1,0,0,35,0,,,,,False,False,5,15,5-0,6,21,6-0,0,False,False,,,True,,6,5,0,0,6,18.0,-22.656755447387695,22.016374588012695,0.07100000232458115,0.6539999842643738,-42,-42,-31,-9,12,33,-42.0,4.996138602044072,4,-42|-34|-33|-30,12,1000,2,4,1,0.09898757934570312,0.01199999451637268,0.0,False,False,False,True,False,False,multi_peak_pdf|high_std|large_lower_tail|hidden_threat_large_impact,,first_trick_public_belief_update,hidden_threat_offline_label_ready|public_context_ready,bid_margin,True,8,0,5-3,16.387063339352608,0,4-1,8.396884512156248,0,5-3,15.465306267142296
3,9430,3,threes,30,schema_v2_bid_value,5,1,1,3,right_setter,defense,1,1,0,5,30,5,5,5,2,offense,False,True,6,19,5-4,5,16,5-1,0,False,False,True,True,True,22,6,5,2,1,2,-17.0,15.412793159484863,23.594038009643555,0.8849999904632568,0.10000000149011612,-18,-5,19,40,41,45,-25.36,5.428824123918662,4,-6|2|28|41,47,1000,2,2,2,3.2170286178588867,0.05699998140335083,0.052000001072883606,False,False,False,False,False,False,multi_peak_pdf|wide_shelf_gap|high_std|hidden_threat_large_impact,,first_trick_public_belief_update,hidden_threat_offline_label_ready|public_context_ready,bid_margin,True,8,0,5-5,20.83643965423107,0,5-5,19.976656958460808,1,5-5,17.75308132520877
3,9430,3,threes,30,schema_v2_bid_value,5,1,1,3,right_setter,defense,1,1,0,5,30,5,5,5,2,offense,False,True,6,19,5-4,6,19,5-4,0,False,False,True,True,True,25,6,5,2,1,2,-17.0,18.62982177734375,21.31714630126953,0.9419999718666077,0.04800000041723251,-15,1,22,41,41,40,-19.130000000000003,5.253439161680869,3,19|28|41,22,1000,1,1,1,0.0,0.0,0.0,True,True,True,True,True,True,scalar_ev_lying_by_omission|high_variance_close_mean|multi_peak_pdf|wide_shelf_gap|high_std|hidden_threat_large_impact,,first_trick_public_belief_update,hidden_threat_offline_label_ready|public_context_ready,bid_margin,True,8,0,5-5,18.12236388027668,0,5-5,17.716711953282356,1,5-5,15.30247937887907
3,9430,3,threes,30,schema_v2_bid_value,6,1,2,0,bidder,offense,2,1,0,5,30,5,5,5,3,defense,False,True,5,26,6-5,5,26,6-5,0,False,False,True,True,True,27,6,15,0,2,1,18.0,-11.251360893249512,27.355546951293945,0.17900000512599945,0.4959999918937683,-42,-38,-18,8,36,46,-42.0,5.412855140252887,4,-42|-30|-19|41,83,1000,1,1,1,0.0,0.0,0.0,True,True,True,True,False,False,multi_peak_pdf|wide_shelf_gap|high_std|large_lower_tail|hidden_threat_large_impact,,first_trick_public_belief_update,hidden_threat_offline_label_ready|public_context_ready,bid_margin,True,8,2,5-3,22.390824496746063,1,5-5,19.514449402689934,2,5-3,21.085427716374397
3,9430,3,threes,30,schema_v2_bid_value,7,1,3,1,left_setter,defense,3,1,0,5,30,5,5,5,0,offense,False,True,5,20,5-5,3,17,5-2,0,False,False,True,False,False,23,6,10,1,3,2,-17.0,-0.9657232761383057,21.03783416748047,0.7089999914169312,0.27900001406669617,-30,-20,1,18,28,38,-33.69,5.893226250046887,5,-30|-28|3|5|28,58,1000,2,2,2,37.18836426734924,0.29100000858306885,0.27900001406669617,False,False,False,False,False,False,multi_peak_pdf|wide_shelf_gap|high_std|large_lower_tail|hidden_threat_large_impact,last_to_act,first_trick_public_belief_update|last_to_act_closure_policy,hidden_threat_offline_label_ready|public_context_ready,bid_margin,True,8,3,4-3,21.85835823044181,2,3-2,11.935721933841705,3,4-3,20.478886110708117
3,9430,3,threes,30,schema_v2_bid_value,7,1,3,1,left_setter,defense,3,1,0,5,30,5,5,5,0,offense,False,True,5,20,5-5,5,20,5-5,10,True,False,True,True,True,30,6,10,1,3,2,-17.0,36.22264099121094,9.470980644226074,1.0,0.0,22,37,41,41,41,4,12.539999999999994,2.927109004043432,2,28|41,13,1000,1,1,1,0.0,0.0,0.0,True,True,True,True,True,False,high_variance_close_mean|multi_peak_pdf,last_to_act|setter_count_pressure,first_trick_public_belief_update|last_to_act_closure_policy|setter_count_before_certainty,hidden_threat_offline_label_ready|needs_real_bid_margin|public_context_ready,bid_margin,True,8,3,4-3,4.6844635009765625,2,4-3,2.4424209594726562,3,4-3,4.6844635009765625
3,9430,3,threes,30,schema_v2_bid_value,8,2,0,1,left_setter,defense,3,1,16,15,20,0,,,,,False,False,4,18,5-3,0,2,1-1,0,True,False,,,True,,5,0,1,2,5,-17.0,15.86748218536377,18.259742736816406,0.9139999747276306,0.07800000160932541,-16,4,26,31,31,27,-21.500000000000004,4.634099451230056,4,9|20|25|31,22,1000,3,2,2,3.3533029556274414,0.07200002670288086,0.06600000150501728,False,False,False,False,False,False,multi_peak_pdf|wide_shelf_gap|high_std|hidden_threat_large_impact,setter_lead_pressure,defender_damage_lead_class|first_trick_public_belief_update,hidden_threat_offline_label_ready|needs_real_bid_margin|public_context_ready,bid_margin,True,8,3,3-2,12.895643159747124,0,3-2,7.316915228962898,3,3-2,12.505643151700497
3,9430,3,threes,30,schema_v2_bid_value,8,2,0,1,left_setter,defense,3,1,16,15,20,0,,,,,False,False,4,18,5-3,2,14,4-4,0,True,False,,,True,,5,0,1,2,5,-17.0,16.24309730529785,18.232446670532227,0.9070000052452087,0.08500000089406967,-16,6,26,31,31,25,-22.380000000000003,4.597709463777805,3,20|26|31,11,1000,2,3,3,2.9776878356933594,0.07899999618530273,0.07300000078976154,False,False,False,False,False,False,multi_peak_pdf|high_std|hidden_threat_large_impact,setter_lead_pressure,defender_damage_lead_class|first_trick_public_belief_update,hidden_threat_offline_label_ready|needs_real_bid_margin|public_context_ready,bid_margin,True,8,3,3-2,12.020217165350914,0,3-2,8.195326671004295,3,3-2,11.595217160880566
3,9430,3,threes,30,schema_v2_bid_value,8,2,0,1,left_setter,defense,3,1,16,15,20,0,,,,,False,False,4,18,5-3,3,17,5-2,0,False,False,,,True,,5,0,1,2,5,-17.0,8.412124633789062,19.77524185180664,0.8399999737739563,0.1379999965429306,-20,-9,11,29,31,38,-23.950000000000003,5.369930896208142,4,-18|-6|27|31,49,1000,4,5,5,10.808660507202148,0.14600002765655518,0.12599999643862247,False,False,False,False,False,False,multi_peak_pdf|wide_shelf_gap|high_std|hidden_threat_large_impact,setter_lead_pressure,defender_damage_lead_class|first_trick_public_belief_update,hidden_threat_offline_label_ready|needs_real_bid_margin|public_context_ready,bid_margin,True,8,3,3-2,19.26899215579033,3,5-1,13.666605681180954,3,3-2,18.578992173075676
3,9430,3,threes,30,schema_v2_bid_value,8,2,0,1,left_setter,defense,3,1,16,15,20,0,,,,,False,False,4,18,5-3,4,18,5-3,0,False,True,,,True,,5,0,1,2,5,-17.0,19.22078514099121,13.174575805664062,0.9860000014305115,0.012000000104308128,4,8,26,31,31,23,-7.840000000000005,4.43077691741444,3,7|29|31,24,1000,1,1,1,0.0,0.0,0.0,True,True,True,True,False,False,multi_peak_pdf|wide_shelf_gap|hidden_threat_large_impact,called_suit_pressure|setter_lead_pressure,defender_damage_lead_class|first_trick_public_belief_update,hidden_threat_offline_label_ready|needs_real_bid_margin|public_context_ready,bid_margin,True,8,3,6-6,5.144040477927774,3,1-1,3.2793655395507812,3,6-6,5.099813348380849
3,9430,3,threes,30,schema_v2_bid_value,8,2,0,1,left_setter,defense,3,1,16,15,20,0,,,,,False,False,4,18,5-3,6,22,6-1,0,False,False,,,True,,5,0,1,2,5,-17.0,5.288536548614502,18.277862548828125,0.8629999756813049,0.12300000339746475,-19,-9,3,25,31,34,-22.86,5.431081615754849,10,-18|-15|-8|-5|-3|2|5|6|26|31,49,1000,5,4,4,13.932248592376709,0.12300002574920654,0.11100000329315662,False,False,False,False,False,False,multi_peak_pdf|wide_shelf_gap|high_std|hidden_threat_large_impact,setter_lead_pressure,defender_damage_lead_class|first_trick_public_belief_update,hidden_threat_offline_label_ready|needs_real_bid_margin|public_context_ready,bid_margin,True,8,3,3-2,14.301167860627174,0,3-2,8.311358168721199,3,3-2,13.68616784363985
3,9430,3,threes,30,schema_v2_bid_value,9,2,1,2,bidder_partner,offense,0,1,16,15,20,0,7,called,1,defense,False,True,6,21,6-0,0,3,2-0,0,False,False,False,False,False,0,5,0,0,0,5,18.0,-24.48458480834961,12.130462646484375,0.007000000216066837,0.7850000262260437,-31,-31,-31,-22,-5,9,-31.830000000000002,3.260587023877494,3,-31|-29|-8,23,1000,3,1,2,0.13099288940429688,0.0,0.0040000081062316895,False,False,True,False,False,False,multi_peak_pdf|wide_shelf_gap|large_lower_tail|hidden_threat_large_impact,,first_trick_public_belief_update,hidden_threat_offline_label_ready|public_context_ready,bid_margin,True,8,0,4-3,7.882439432665706,3,4-3,5.0333246337249875,0,4-3,6.855166492983699
3,9430,3,threes,30,schema_v2_bid_value,9,2,1,2,bidder_partner,offense,0,1,16,15,20,0,7,called,1,defense,False,True,6,21,6-0,1,4,2-1,0,False,False,False,False,False,0,5,0,0,0,5,18.0,-24.445711135864258,12.178120613098145,0.007000000216066837,0.7850000262260437,-31,-31,-31,-22,-5,9,-31.84,3.2819840804141935,3,-31|-29|-8,23,1000,2,2,3,0.09211921691894531,0.0,0.0040000081062316895,False,False,False,False,True,False,high_variance_close_mean|multi_peak_pdf|wide_shelf_gap|large_lower_tail|hidden_threat_large_impact,,first_trick_public_belief_update,hidden_threat_offline_label_ready|public_context_ready,bid_margin,True,8,0,4-3,7.913729486986995,3,4-3,5.031670962460339,0,4-3,6.886456547304988
3,9430,3,threes,30,schema_v2_bid_value,9,2,1,2,bidder_partner,offense,0,1,16,15,20,0,7,called,1,defense,False,True,6,21,6-0,3,10,4-0,0,False,False,False,False,False,0,5,0,0,0,5,18.0,-24.632600784301758,12.040799140930176,0.007000000216066837,0.7910000085830688,-31,-31,-31,-25,-5,6,-31.9,3.2380869890786306,3,-31|-29|-8,23,1000,4,3,4,0.2790088653564453,0.0,0.009999990463256836,False,False,False,False,False,False,multi_peak_pdf|wide_shelf_gap|large_lower_tail|hidden_threat_large_impact,,first_trick_public_belief_update,hidden_threat_offline_label_ready|public_context_ready,bid_margin,True,8,0,4-3,7.941781697794795,3,3-2,4.855196629650891,0,4-3,6.92712259106338
3,9430,3,threes,30,schema_v2_bid_value,9,2,1,2,bidder_partner,offense,0,1,16,15,20,0,7,called,1,defense,False,True,6,21,6-0,4,12,4-2,0,False,False,False,False,False,0,5,0,0,0,5,18.0,-24.672840118408203,12.008642196655273,0.007000000216066837,0.7940000295639038,-31,-31,-31,-26,-5,5,-31.93,3.2426288792385938,3,-31|-29|-8,23,1000,5,4,5,0.3192481994628906,0.0,0.013000011444091797,False,False,False,False,False,False,multi_peak_pdf|wide_shelf_gap|large_lower_tail|hidden_threat_large_impact,,first_trick_public_belief_update,hidden_threat_offline_label_ready|public_context_ready,bid_margin,True,8,0,4-3,7.971109805628657,3,4-3,4.855247055180371,0,4-3,6.955654976889491
3,9430,3,threes,30,schema_v2_bid_value,9,2,1,2,bidder_partner,offense,0,1,16,15,20,0,7,called,1,defense,False,True,6,21,6-0,6,21,6-0,0,False,False,False,False,False,0,5,0,0,0,5,18.0,-24.353591918945312,12.25510311126709,0.007000000216066837,0.781000018119812,-31,-31,-31,-23,-5,8,-31.830000000000002,3.285361427073021,2,-31|-29,2,1000,1,5,1,0.0,0.0,0.0,True,True,False,True,True,True,scalar_ev_lying_by_omission|high_variance_close_mean|multi_peak_pdf|large_lower_tail|hidden_threat_large_impact,,first_trick_public_belief_update,hidden_threat_offline_label_ready|public_context_ready,bid_margin,True,8,0,4-3,7.926854906603694,3,4-3,5.019305621273816,0,4-3,6.891172943636775
3,9430,3,threes,30,schema_v2_bid_value,10,2,2,3,right_setter,defense,1,1,16,15,20,0,7,called,1,defense,True,False,4,13,4-3,3,8,3-2,5,False,True,True,False,False,37,5,5,2,1,2,-17.0,28.49593734741211,4.84428596496582,1.0,0.0,21,28,31,31,32,3,16.47,2.9896459191724674,3,20|26|31,11,1000,2,1,1,0.1314983367919922,0.0,0.0,False,False,True,True,True,False,high_variance_close_mean|multi_peak_pdf,called_suit_pressure|setter_count_pressure,first_trick_public_belief_update|setter_count_before_certainty,hidden_threat_offline_label_ready|needs_real_bid_margin|public_context_ready,bid_margin,True,8,1,1-1,1.9892520904541016,1,3-0,1.6339130401611328,1,1-1,1.9892520904541016
3,9430,3,threes,30,schema_v2_bid_value,10,2,2,3,right_setter,defense,1,1,16,15,20,0,7,called,1,defense,True,False,4,13,4-3,4,13,4-3,0,False,True,True,False,False,39,5,5,2,1,2,-17.0,28.6274356842041,4.653056621551514,1.0,0.0,21,29,31,31,32,2,17.02,2.935840670199861,3,21|26|31,10,1000,1,2,2,0.0,0.0,0.0,True,True,False,False,True,True,scalar_ev_lying_by_omission|high_variance_close_mean|multi_peak_pdf,called_suit_pressure,first_trick_public_belief_update,hidden_threat_offline_label_ready|public_context_ready,bid_margin,True,8,1,1-1,1.8640365600585938,1,3-0,1.641916275024414,1,1-1,1.8640365600585938
3,9430,3,threes,30,schema_v2_bid_value,11,2,3,0,bidder,offense,2,1,16,15,20,0,7,called,1,defense,False,True,6,27,6-6,0,5,2-2,0,True,False,False,False,False,0,5,15,0,2,5,18.0,-25.618852615356445,9.858341217041016,0.0,0.8109999895095825,-31,-31,-31,-26,-7,5,-31.830000000000002,3.242098951170586,2,-31|-7,24,1000,3,1,3,0.2958869934082031,0.0,0.009000003337860107,False,False,True,False,False,False,multi_peak_pdf|wide_shelf_gap|large_lower_tail|hidden_threat_large_impact,last_to_act,first_trick_public_belief_update|last_to_act_closure_policy,hidden_threat_offline_label_ready|public_context_ready,bid_margin,True,8,1,3-2,6.528759121894836,3,3-2,5.298704147338867,1,3-2,5.64340215921402
3,9430,3,threes,30,schema_v2_bid_value,11,2,3,0,bidder,offense,2,1,16,15,20,0,7,called,1,defense,False,True,6,27,6-6,1,11,4-1,5,False,False,False,False,False,0,5,15,0,2,5,18.0,-27.293779373168945,8.236054420471191,0.0,0.8759999871253967,-31,-31,-31,-29,-8,2,-31.55,2.6788502494849196,3,-31|-29|-7,24,1000,4,2,4,1.9708137512207031,0.0,0.07400000095367432,False,False,False,False,False,False,multi_peak_pdf|wide_shelf_gap|large_lower_tail|hidden_threat_large_impact,last_to_act,first_trick_public_belief_update|last_to_act_closure_policy,hidden_threat_offline_label_ready|public_context_ready,bid_margin,True,8,2,4-4,6.209005355834961,1,4-4,4.542517066001892,2,4-4,5.39005184173584
3,9430,3,threes,30,schema_v2_bid_value,11,2,3,0,bidder,offense,2,1,16,15,20,0,7,called,1,defense,False,True,6,27,6-6,2,23,6-2,0,False,False,False,False,False,0,5,15,0,2,5,18.0,-25.386350631713867,10.130569458007812,0.0,0.8019999861717224,-31,-31,-31,-26,-7,5,-31.59,3.197330307823436,2,-31|-7,24,1000,2,3,1,0.063385009765625,0.0,0.0,False,False,False,True,True,False,high_variance_close_mean|multi_peak_pdf|wide_shelf_gap|large_lower_tail|hidden_threat_large_impact,last_to_act,first_trick_public_belief_update|last_to_act_closure_policy,hidden_threat_offline_label_ready|public_context_ready,bid_margin,True,8,1,3-2,7.032971739768982,3,3-2,5.7079198360443115,1,3-2,6.06984680891037
3,9430,3,threes,30,schema_v2_bid_value,11,2,3,0,bidder,offense,2,1,16,15,20,0,7,called,1,defense,False,True,6,27,6-6,4,25,6-4,10,False,False,False,False,False,0,5,15,0,2,5,18.0,-29.165071487426758,4.416999816894531,0.0,0.9359999895095825,-31,-31,-31,-29,-25,2,-31.58,2.458440094501743,2,-31|-29,2,1000,5,4,5,3.8421058654785156,0.0,0.1340000033378601,False,False,False,False,False,False,multi_peak_pdf|large_lower_tail,last_to_act,first_trick_public_belief_update|last_to_act_closure_policy,hidden_threat_offline_label_ready|public_context_ready,bid_margin,True,8,2,4-4,3.5342018604278564,1,4-4,2.1439082622528076,2,4-4,2.9966436624526978
3,9430,3,threes,30,schema_v2_bid_value,11,2,3,0,bidder,offense,2,1,16,15,20,0,7,called,1,defense,False,True,6,27,6-6,6,27,6-6,0,True,False,False,False,False,0,5,15,0,2,5,18.0,-25.322965621948242,10.332411766052246,0.0,0.8019999861717224,-31,-31,-31,-26,-7,5,-31.500000000000004,3.1983404288180353,2,-31|-7,24,1000,1,5,2,0.0,0.0,0.0,True,True,False,False,True,True,scalar_ev_lying_by_omission|high_variance_close_mean|multi_peak_pdf|wide_shelf_gap|large_lower_tail|hidden_threat_large_impact,last_to_act,first_trick_public_belief_update|last_to_act_closure_policy,hidden_threat_offline_label_ready|public_context_ready,bid_margin,True,8,1,3-2,7.158852934837341,3,3-2,5.810081243515015,1,3-2,6.195728003978729
3,9430,3,threes,30,schema_v2_bid_value,12,3,0,1,left_setter,defense,3,1,17,15,20,0,,,,,False,False,0,2,1-1,0,2,1-1,0,True,False,,,True,,4,0,0,2,4,-17.0,26.868648529052734,7.900045871734619,1.0,0.0,19,30,30,30,30,0,5.789999999999997,1.90149085654514,4,2|19|25|30,28,1000,1,1,1,0.0,0.0,0.0,True,True,True,True,False,False,multi_peak_pdf|wide_shelf_gap,setter_lead_pressure,defender_damage_lead_class|first_trick_public_belief_update,hidden_threat_offline_label_ready|needs_real_bid_margin|public_context_ready,bid_margin,True,8,0,1-1,4.933820724487305,0,1-1,4.933820724487305,3,3-2,2.6908321380615234
3,9430,3,threes,30,schema_v2_bid_value,12,3,0,1,left_setter,defense,3,1,17,15,20,0,,,,,False,False,0,2,1-1,2,14,4-4,0,True,False,,,True,,4,0,0,2,4,-17.0,26.8386287689209,8.065580368041992,1.0,0.0,19,30,30,30,30,0,5.269999999999997,1.8199317584767127,4,2|20|25|30,28,1000,3,2,2,0.030019760131835938,0.0,0.0,False,False,False,False,True,False,high_variance_close_mean|multi_peak_pdf|wide_shelf_gap,setter_lead_pressure,defender_damage_lead_class|first_trick_public_belief_update,hidden_threat_offline_label_ready|needs_real_bid_margin|public_context_ready,bid_margin,True,8,3,1-1,4.8622283935546875,3,1-1,4.8622283935546875,3,3-2,2.7245025634765625
3,9430,3,threes,30,schema_v2_bid_value,12,3,0,1,left_setter,defense,3,1,17,15,20,0,,,,,False,False,0,2,1-1,3,17,5-2,0,False,False,,,True,,4,0,0,2,4,-17.0,26.86602210998535,8.046131134033203,1.0,0.0,19,30,30,30,30,0,5.309999999999995,1.7458479795795403,4,2|20|25|30,28,1000,2,3,3,0.0026264190673828125,0.0,0.0,False,False,False,False,False,False,multi_peak_pdf|wide_shelf_gap,setter_lead_pressure,defender_damage_lead_class|first_trick_public_belief_update,hidden_threat_offline_label_ready|needs_real_bid_margin|public_context_ready,bid_margin,True,8,3,1-1,4.856832504272461,3,1-1,4.856832504272461,3,3-2,2.7212982177734375
3,9430,3,threes,30,schema_v2_bid_value,12,3,0,1,left_setter,defense,3,1,17,15,20,0,,,,,False,False,0,2,1-1,6,22,6-1,0,False,False,,,True,,4,0,0,2,4,-17.0,18.618961334228516,17.43813705444336,0.9459999799728394,0.050999999046325684,-12,5,30,30,30,25,-18.080000000000002,3.2399614023811902,5,-10|-9|20|25|30,40,1000,4,4,4,8.249687194824219,0.054000020027160645,0.050999999046325684,False,False,False,False,False,False,multi_peak_pdf|wide_shelf_gap|high_std|hidden_threat_large_impact,setter_lead_pressure,defender_damage_lead_class|first_trick_public_belief_update,hidden_threat_offline_label_ready|needs_real_bid_margin|public_context_ready,bid_margin,True,8,3,6-2,19.180353179574013,3,6-2,18.98621816933155,3,6-4,10.428094983100891
3,9430,3,threes,30,schema_v2_bid_value,13,3,1,2,bidder_partner,offense,0,1,17,15,20,0,1,1,1,defense,False,True,1,4,2-1,1,4,2-1,0,False,False,True,False,False,19,4,0,0,0,1,18.0,-26.069421768188477,8.3699369430542,0.0010000000474974513,0.8700000047683716,-30,-30,-30,-25,-16,5,-30.759999999999998,2.5538787334788413,3,-30|-25|-19,11,1000,1,1,1,0.0,0.0,0.0,True,True,True,True,False,False,multi_peak_pdf|large_lower_tail,,first_trick_public_belief_update,hidden_threat_offline_label_ready|public_context_ready,bid_margin,True,8,3,3-2,4.266780982492492,3,3-2,4.261780982255004,1,1-1,3.758906399132684
3,9430,3,threes,30,schema_v2_bid_value,14,3,2,3,right_setter,defense,1,1,17,15,20,0,1,1,1,defense,True,False,5,16,5-1,1,1,1-0,0,False,False,True,False,False,17,4,5,1,1,2,-17.0,29.80828094482422,2.3917362689971924,1.0,0.0,28,30,31,31,31,1,23.879999999999992,1.7965043692503473,1,31,,1000,2,1,1,0.47907066345214844,0.0,0.0,False,False,True,True,True,False,high_variance_close_mean,,first_trick_public_belief_update,hidden_threat_offline_label_ready|public_context_ready,bid_margin,True,8,1,5-2,0.7884922027587891,1,4-0,0.6923046112060547,1,5-2,0.7884922027587891
3,9430,3,threes,30,schema_v2_bid_value,14,3,2,3,right_setter,defense,1,1,17,15,20,0,1,1,1,defense,True,False,5,16,5-1,5,16,5-1,0,False,False,True,False,False,22,4,5,1,1,2,-17.0,30.287351608276367,1.575645089149475,1.0,0.0,30,30,31,31,31,1,27.630000000000006,1.15106522237951,1,31,,1000,1,2,2,0.0,0.0,0.0,True,True,False,False,True,True,scalar_ev_lying_by_omission|high_variance_close_mean,,first_trick_public_belief_update,hidden_threat_offline_label_ready|public_context_ready,bid_margin,True,8,1,2-0,0.4764060974121094,1,2-0,0.4764060974121094,1,6-1,0.30016517639160156
3,9430,3,threes,30,schema_v2_bid_value,15,3,3,0,bidder,offense,2,1,17,15,20,0,1,1,1,defense,False,True,1,11,4-1,1,11,4-1,5,False,False,True,False,False,21,4,15,0,1,1,18.0,-26.42011260986328,8.628630638122559,0.0,0.8600000143051147,-31,-31,-30,-28,-6,3,-31.0,2.5330422841922244,3,-31|-28|-6,25,1000,1,1,1,0.0,0.0,0.0,True,True,True,True,False,False,multi_peak_pdf|wide_shelf_gap|large_lower_tail|hidden_threat_large_impact,last_to_act,first_trick_public_belief_update|last_to_act_closure_policy,hidden_threat_offline_label_ready|public_context_ready,bid_margin,True,8,1,3-2,6.198994398117065,1,4-4,5.20252251625061,1,3-2,5.3622459173202515
3,9430,3,threes,30,schema_v2_bid_value,16,4,0,1,left_setter,defense,3,1,23,20,15,0,,,,,False,False,2,14,4-4,2,14,4-4,0,True,False,,,True,,3,0,0,1,3,-17.0,20.66480827331543,7.845462799072266,1.0,0.0,13,23,24,24,24,1,0.3199999999999991,1.8199169688553372,3,13|18|24,11,1000,2,1,1,0.038745880126953125,0.0,0.0,True,False,True,True,True,False,high_variance_close_mean|multi_peak_pdf|hidden_threat_large_impact,late_hand|setter_lead_pressure,defender_damage_lead_class|first_trick_public_belief_update|late_trick_threshold_closure,distribution_labels_ready|hidden_threat_offline_label_ready|needs_real_bid_margin|public_context_ready,bid_margin,True,8,3,1-1,6.3774261474609375,3,1-1,6.3774261474609375,3,3-2,2.5635509490966797
3,9430,3,threes,30,schema_v2_bid_value,16,4,0,1,left_setter,defense,3,1,23,20,15,0,,,,,False,False,2,14,4-4,3,17,5-2,0,False,False,,,True,,3,0,0,1,3,-17.0,20.703554153442383,7.764044284820557,1.0,0.0,13,23,24,24,24,1,0.5099999999999967,1.7560264647524009,3,13|18|24,11,1000,1,2,2,0.0,0.0,0.0,False,True,False,False,False,True,scalar_ev_lying_by_omission|multi_peak_pdf|hidden_threat_large_impact,late_hand|setter_lead_pressure,defender_damage_lead_class|first_trick_public_belief_update|late_trick_threshold_closure,distribution_labels_ready|hidden_threat_offline_label_ready|needs_real_bid_margin|public_context_ready,bid_margin,True,8,3,1-1,6.370945930480957,3,1-1,6.370945930480957,3,3-2,2.5361557006835938
3,9430,3,threes,30,schema_v2_bid_value,16,4,0,1,left_setter,defense,3,1,23,20,15,0,,,,,False,False,2,14,4-4,6,22,6-1,0,False,False,,,True,,3,0,0,1,3,-17.0,14.812215805053711,12.822896003723145,0.968999981880188,0.013000000268220901,-4,1,23,24,24,23,-13.019999999999996,3.319742324635459,7,-18|0|1|13|18|21|24,42,1000,3,3,3,5.891338348388672,0.03100001811981201,0.013000000268220901,False,False,False,False,False,False,multi_peak_pdf|wide_shelf_gap|hidden_threat_large_impact,late_hand|setter_lead_pressure,defender_damage_lead_class|first_trick_public_belief_update|late_trick_threshold_closure,distribution_labels_ready|hidden_threat_offline_label_ready|needs_real_bid_margin|public_context_ready,bid_margin,True,8,3,6-2,13.127126194536686,3,6-2,13.017898596823215,3,6-4,7.315773192793131
3,9430,3,threes,30,schema_v2_bid_value,17,4,1,2,bidder_partner,offense,0,1,23,20,15,0,4,4,1,defense,False,True,3,10,4-0,3,10,4-0,0,False,False,True,False,False,20,3,0,0,0,2,18.0,-22.25466537475586,3.6711747646331787,0.0,0.8809999823570251,-24,-24,-24,-23,-16,1,-24.06,1.5923269090192358,4,-24|-22|-18|-13,11,1000,1,1,1,0.0,0.0,0.0,True,True,True,True,True,False,high_variance_close_mean|multi_peak_pdf|large_lower_tail|hidden_threat_large_impact,late_hand,first_trick_public_belief_update|late_trick_threshold_closure,distribution_labels_ready|hidden_threat_offline_label_ready|public_context_ready,bid_margin,True,8,1,1-1,10.723295211791992,0,1-0,2.7730289697647095,1,1-1,8.18852424621582
3,9430,3,threes,30,schema_v2_bid_value,17,4,1,2,bidder_partner,offense,0,1,23,20,15,0,4,4,1,defense,False,True,3,10,4-0,4,12,4-2,0,False,False,True,False,False,22,3,0,0,0,2,18.0,-22.25526237487793,3.6654515266418457,0.0,0.8809999823570251,-24,-24,-24,-23,-16,1,-24.06,1.5969869391513374,4,-24|-22|-18|-13,11,1000,2,2,2,0.0005970001220703125,0.0,0.0,False,False,False,False,True,False,high_variance_close_mean|multi_peak_pdf|large_lower_tail|hidden_threat_large_impact,late_hand,first_trick_public_belief_update|late_trick_threshold_closure,distribution_labels_ready|hidden_threat_offline_label_ready|public_context_ready,bid_margin,True,8,1,1-1,10.718389511108398,0,1-0,2.769219994544983,1,1-1,8.183618545532227
3,9430,3,threes,30,schema_v2_bid_value,18,4,2,3,right_setter,defense,1,1,23,20,15,0,4,4,1,defense,True,False,0,0,0-0,0,0,0-0,0,True,False,False,False,False,0,3,5,1,1,3,-17.0,23.878297805786133,0.5211412310600281,1.0,0.0,24,24,24,24,24,0,22.7,0.42303239456364927,2,22|24,2,1000,2,1,1,0.1530933380126953,0.0,0.0,True,False,True,True,True,False,high_variance_close_mean|multi_peak_pdf,late_hand,first_trick_public_belief_update|late_trick_threshold_closure,distribution_labels_ready|hidden_threat_offline_label_ready|public_context_ready,bid_margin,True,8,1,2-0,0.24827957153320312,1,2-0,0.24827957153320312,1,6-4,0.17778968811035156
3,9430,3,threes,30,schema_v2_bid_value,18,4,2,3,right_setter,defense,1,1,23,20,15,0,4,4,1,defense,True,False,0,0,0-0,1,1,1-0,0,False,False,False,False,False,0,3,5,1,1,3,-17.0,24.031391143798828,0.07412947714328766,1.0,0.0,24,24,24,24,24,0,24.000000000000004,-0.0,1,24,,1000,1,2,2,0.0,0.0,0.0,False,True,False,False,False,True,scalar_ev_lying_by_omission,late_hand,first_trick_public_belief_update|late_trick_threshold_closure,distribution_labels_ready|hidden_threat_offline_label_ready|public_context_ready,bid_margin,True,8,2,6-4,0.0775299072265625,0,6-4,0.06052970886230469,2,6-4,0.0775299072265625
3,9430,3,threes,30,schema_v2_bid_value,18,4,2,3,right_setter,defense,1,1,23,20,15,0,4,4,1,defense,True,False,0,0,0-0,3,8,3-2,5,False,True,False,True,True,37,3,5,1,1,3,-17.0,18.06945037841797,9.298577308654785,1.0,0.0,0,22,22,24,24,2,-1.34,2.0705799886271827,4,-2|1|22|24,26,1000,3,3,3,5.961940765380859,0.0,0.0,False,False,False,False,False,False,multi_peak_pdf|wide_shelf_gap|hidden_threat_large_impact,called_suit_pressure|late_hand|setter_count_pressure,first_trick_public_belief_update|late_trick_threshold_closure|setter_count_before_certainty,distribution_labels_ready|hidden_threat_offline_label_ready|needs_real_bid_margin|public_context_ready,bid_margin,True,8,1,6-1,5.931142807006836,2,6-4,5.858737945556641,1,6-1,5.931142807006836
3,9430,3,threes,30,schema_v2_bid_value,19,4,3,0,bidder,offense,2,1,23,20,15,0,4,4,1,defense,False,True,4,25,6-4,4,25,6-4,10,False,False,True,False,False,26,3,10,0,1,1,18.0,-23.755226135253906,0.8689051866531372,0.0,1.0,-24,-24,-24,-24,-22,0,-24.000000000000004,0.6073321363584707,2,-24|-22,2,1000,1,1,1,0.0,0.0,0.0,True,True,True,True,False,False,multi_peak_pdf|large_lower_tail,last_to_act|late_hand,first_trick_public_belief_update|last_to_act_closure_policy|late_trick_threshold_closure,distribution_labels_ready|hidden_threat_offline_label_ready|public_context_ready,bid_margin,True,8,1,3-2,0.5400981903076172,1,5-2,0.41858673095703125,1,3-2,0.5400981903076172
3,9430,3,threes,30,schema_v2_bid_value,20,5,0,1,left_setter,defense,3,1,34,30,5,0,,,,,False,False,3,17,5-2,3,17,5-2,0,False,False,,,True,,2,0,0,0,2,-17.0,12.595915794372559,0.054811280220746994,1.0,0.0,13,13,13,13,13,0,12.680000000000001,0.2043246709802796,1,13,,1000,1,1,1,0.0,0.0,0.0,True,True,True,True,True,False,high_variance_close_mean,late_hand|setter_lead_pressure,defender_damage_lead_class|first_trick_public_belief_update|late_trick_threshold_closure,distribution_labels_ready|hidden_threat_offline_label_ready|needs_real_bid_margin|public_context_ready,bid_margin,True,8,3,2-2,0.062483787536621094,3,2-0,0.058135986328125,3,2-2,0.062483787536621094
3,9430,3,threes,30,schema_v2_bid_value,20,5,0,1,left_setter,defense,3,1,34,30,5,0,,,,,False,False,3,17,5-2,6,22,6-1,0,False,False,,,True,,2,0,0,0,2,-17.0,11.988101959228516,1.115024447441101,1.0,0.0,10,10,13,13,13,3,10.0,0.8237133233102514,2,10|13,3,1000,2,2,2,0.607813835144043,0.0,0.0,False,False,False,False,True,False,high_variance_close_mean|multi_peak_pdf,late_hand|setter_lead_pressure,defender_damage_lead_class|first_trick_public_belief_update|late_trick_threshold_closure,distribution_labels_ready|hidden_threat_offline_label_ready|needs_real_bid_margin|public_context_ready,bid_margin,True,8,3,2-0,1.871190071105957,3,2-0,1.871190071105957,3,2-2,0.6882343292236328
3,9430,3,threes,30,schema_v2_bid_value,21,5,1,2,bidder_partner,offense,0,1,34,30,5,0,5,5,1,defense,False,True,0,3,2-0,0,3,2-0,0,False,False,False,False,False,0,2,0,0,0,2,18.0,-12.475336074829102,0.04128354415297508,0.0,0.0,-13,-13,-12,-12,-12,1,-13.0,0.8159984789708665,1,-12,,1000,1,1,1,0.0,0.0,0.0,True,True,True,True,True,False,high_variance_close_mean,late_hand,first_trick_public_belief_update|late_trick_threshold_closure,distribution_labels_ready|hidden_threat_offline_label_ready|public_context_ready,bid_margin,True,8,1,6-1,0.047654151916503906,1,6-1,0.047654151916503906,3,6-1,0.026227951049804688
3,9430,3,threes,30,schema_v2_bid_value,21,5,1,2,bidder_partner,offense,0,1,34,30,5,0,5,5,1,defense,False,True,0,3,2-0,4,12,4-2,0,False,False,False,False,False,0,2,0,0,0,2,18.0,-12.480470657348633,0.044688113033771515,0.0,0.0,-13,-13,-12,-12,-12,1,-13.0,0.8159984789708665,1,-12,,1000,2,2,2,0.00513458251953125,0.0,0.0,False,False,False,False,True,False,high_variance_close_mean,late_hand,first_trick_public_belief_update|late_trick_threshold_closure,distribution_labels_ready|hidden_threat_offline_label_ready|public_context_ready,bid_margin,True,8,1,6-1,0.050777435302734375,1,6-1,0.050777435302734375,3,6-1,0.026366233825683594
3,9430,3,threes,30,schema_v2_bid_value,22,5,2,3,right_setter,defense,1,1,34,30,5,0,5,5,1,defense,True,False,1,1,1-0,1,1,1-0,0,False,False,False,False,False,0,2,5,1,0,2,-17.0,12.615595817565918,0.03685106709599495,1.0,0.0,13,13,13,13,13,0,13.0,-0.0,1,13,,1000,1,1,1,0.0,0.0,0.0,True,True,True,True,True,False,high_variance_close_mean,late_hand,first_trick_public_belief_update|late_trick_threshold_closure,distribution_labels_ready|hidden_threat_offline_label_ready|public_context_ready,bid_margin,True,8,1,6-1,0.055535316467285156,1,6-1,0.055535316467285156,1,2-2,0.03783988952636719
3,9430,3,threes,30,schema_v2_bid_value,22,5,2,3,right_setter,defense,1,1,34,30,5,0,5,5,1,defense,True,False,1,1,1-0,3,8,3-2,5,False,True,False,True,True,37,2,5,1,0,2,-17.0,9.405407905578613,2.308506727218628,1.0,0.0,6,8,10,13,13,5,6.000000000000001,2.2303908002733586,3,6|10|13,7,1000,2,2,2,3.2101879119873047,0.0,0.0,False,False,False,False,False,False,multi_peak_pdf,called_suit_pressure|late_hand|setter_count_pressure,first_trick_public_belief_update|late_trick_threshold_closure|setter_count_before_certainty,distribution_labels_ready|hidden_threat_offline_label_ready|needs_real_bid_margin|public_context_ready,bid_margin,True,8,2,6-1,3.3366079330444336,2,6-1,3.3366079330444336,1,6-1,3.195474624633789
3,9430,3,threes,30,schema_v2_bid_value,23,5,3,0,bidder,offense,2,1,34,30,5,0,5,5,1,defense,False,True,0,5,2-2,0,5,2-2,0,True,False,False,False,False,0,2,0,0,1,2,18.0,-12.50147819519043,0.009458317421376705,0.0,0.0,-13,-13,-13,-12,-12,1,-13.0,0.999766270781044,1,-13,,1000,1,1,1,0.0,0.0,0.0,True,True,True,True,True,False,high_variance_close_mean,last_to_act|late_hand,first_trick_public_belief_update|last_to_act_closure_policy|late_trick_threshold_closure,distribution_labels_ready|hidden_threat_offline_label_ready|public_context_ready,bid_margin,True,7,1,3-2,0.010678291320800781,1,4-2,0.009259223937988281,1,3-2,0.010678291320800781
3,9430,3,threes,30,schema_v2_bid_value,23,5,3,0,bidder,offense,2,1,34,30,5,0,5,5,1,defense,False,True,0,5,2-2,2,23,6-2,0,False,False,False,False,False,0,2,0,0,1,2,18.0,-12.510974884033203,0.0038990734610706568,0.0,0.0,-13,-13,-13,-13,-13,0,-13.0,-0.0,1,-13,,1000,2,2,2,0.009496688842773438,0.0,0.0,False,False,False,False,True,False,high_variance_close_mean,last_to_act|late_hand,first_trick_public_belief_update|last_to_act_closure_policy|late_trick_threshold_closure,distribution_labels_ready|hidden_threat_offline_label_ready|public_context_ready,bid_margin,True,7,1,3-2,0.005757331848144531,1,4-2,0.0035066604614257812,1,3-2,0.005757331848144531
3,9430,3,threes,30,schema_v2_bid_value,24,6,0,1,left_setter,defense,3,1,35,30,5,0,,,,,False,False,6,22,6-1,6,22,6-1,0,False,False,,,True,,1,0,0,0,1,-17.0,10.801136016845703,0.03424905240535736,1.0,0.0,11,11,11,11,11,0,11.0,-0.0,1,11,,1000,1,1,1,0.0,0.0,0.0,True,True,True,True,False,False,,late_hand|setter_lead_pressure,defender_damage_lead_class|first_trick_public_belief_update|late_trick_threshold_closure,distribution_labels_ready|hidden_threat_offline_label_ready|needs_real_bid_margin|public_context_ready,bid_margin,True,5,2,4-2,0.035645484924316406,0,4-2,0.032904624938964844,2,4-2,0.035645484924316406
3,9430,3,threes,30,schema_v2_bid_value,25,6,1,2,bidder_partner,offense,0,1,35,30,5,0,6,6,1,defense,False,True,4,12,4-2,4,12,4-2,0,False,False,False,False,False,0,1,0,0,0,1,18.0,-11.325296401977539,9.5367431640625e-07,0.0,0.0,-11,-11,-11,-11,-11,0,-11.0,-0.0,1,-11,,1000,1,1,1,0.0,0.0,0.0,True,True,True,True,False,False,,late_hand,first_trick_public_belief_update|late_trick_threshold_closure,distribution_labels_ready|hidden_threat_offline_label_ready|public_context_ready,bid_margin,True,2,3,3-2,0.0,3,3-2,0.0,3,3-2,0.0
3,9430,3,threes,30,schema_v2_bid_value,26,6,2,3,right_setter,defense,1,1,35,30,5,0,6,6,1,defense,True,False,3,8,3-2,3,8,3-2,5,False,True,False,True,True,37,1,5,1,0,1,-17.0,10.858556747436523,1.9073486328125e-06,1.0,0.0,11,11,11,11,11,0,11.0,-0.0,1,11,,1000,1,1,1,0.0,0.0,0.0,True,True,True,True,False,False,,called_suit_pressure|late_hand|setter_count_pressure,first_trick_public_belief_update|late_trick_threshold_closure|setter_count_before_certainty,distribution_labels_ready|hidden_threat_offline_label_ready|needs_real_bid_margin|public_context_ready,bid_margin,True,1,0,6-2,0.0,0,6-2,0.0,0,6-2,0.0
3,9430,3,threes,30,schema_v2_bid_value,27,6,3,0,bidder,offense,2,1,35,35,0,5,6,6,3,defense,False,True,2,23,6-2,2,23,6-2,0,False,False,True,False,False,24,1,0,0,0,1,18.0,-11.66679573059082,2.86102294921875e-06,0.0,0.0,-12,-12,-12,-12,-12,0,-12.000000000000002,-0.0,1,-12,,1000,1,1,1,0.0,0.0,0.0,True,True,True,True,False,False,,last_to_act|late_hand,first_trick_public_belief_update|last_to_act_closure_policy|late_trick_threshold_closure,distribution_labels_ready|public_context_ready,bid_margin,False,0,,,,,,,,,
4,9430,4,fours,30,schema_v2_bid_value,0,0,0,0,bidder,offense,2,0,0,0,35,0,,,,,False,False,5,26,6-5,0,5,2-2,0,True,False,,,True,,7,15,2,2,7,18.0,10.770040512084961,21.57955551147461,0.375,0.09700000286102295,-18,-5,9,32,40,37,-25.420000000000005,5.870470425304334,6,-5|-1|6|9|10|41,46,1000,3,3,3,5.605463027954102,0.13599997758865356,0.031000003218650818,False,False,False,False,False,False,multi_peak_pdf|wide_shelf_gap|high_std|hidden_threat_large_impact,bidder_opening_lead|first_trick,bidder_first_lead_plan,hidden_threat_offline_label_ready|public_context_ready,bid_margin,True,8,2,4-4,26.781576991081238,1,4-4,15.762815058231354,2,4-4,26.296576976776123
4,9430,4,fours,30,schema_v2_bid_value,0,0,0,0,bidder,offense,2,0,0,0,35,0,,,,,False,False,5,26,6-5,1,11,4-1,5,False,True,,,True,,7,15,2,2,7,18.0,1.8710376024246216,30.290239334106445,0.35600000619888306,0.3160000145435333,-39,-26,-2,39,41,65,-40.46999999999999,5.523597225373461,4,-41|-40|-18|41,82,1000,6,6,6,14.504465937614441,0.1549999713897705,0.2500000149011612,False,False,False,False,False,False,multi_peak_pdf|wide_shelf_gap|high_std|large_lower_tail|hidden_threat_large_impact,bidder_opening_lead|called_suit_pressure|first_trick,bidder_first_lead_plan,hidden_threat_offline_label_ready|public_context_ready,bid_margin,True,8,2,4-4,45.710786402225494,1,4-4,22.573170568794012,2,4-4,44.13078632950783
4,9430,4,fours,30,schema_v2_bid_value,0,0,0,0,bidder,offense,2,0,0,0,35,0,,,,,False,False,5,26,6-5,2,23,6-2,0,False,False,,,True,,7,15,2,2,7,18.0,8.607064247131348,22.271638870239258,0.3610000014305115,0.13199999928474426,-22,-7,8,28,40,35,-31.14,6.104069955529005,5,-4|1|3|7|41,45,1000,5,5,5,7.768439292907715,0.1499999761581421,0.06599999964237213,False,False,False,False,False,False,multi_peak_pdf|wide_shelf_gap|high_std|hidden_threat_large_impact,bidder_opening_lead|first_trick,bidder_first_lead_plan,hidden_threat_offline_label_ready|public_context_ready,bid_margin,True,8,2,4-4,24.939670026302338,1,4-4,16.70466899871826,2,4-4,24.279670029878616
4,9430,4,fours,30,schema_v2_bid_value,0,0,0,0,bidder,offense,2,0,0,0,35,0,,,,,False,False,5,26,6-5,3,24,6-3,0,False,False,,,True,,7,15,2,2,7,18.0,12.054492950439453,21.46828842163086,0.41600000858306885,0.09399999678134918,-17,-3,12,31,40,34,-27.49,5.972480211626944,4,2|5|15|41,39,1000,2,2,2,4.321010589599609,0.09499996900558472,0.02799999713897705,False,False,False,False,False,False,multi_peak_pdf|wide_shelf_gap|high_std|hidden_threat_large_impact,bidder_opening_lead|first_trick,bidder_first_lead_plan,hidden_threat_offline_label_ready|public_context_ready,bid_margin,True,8,2,4-4,25.005036622285843,1,4-4,16.119488894939423,2,4-4,24.535036638379097
4,9430,4,fours,30,schema_v2_bid_value,0,0,0,0,bidder,offense,2,0,0,0,35,0,,,,,False,False,5,26,6-5,4,25,6-4,10,False,True,,,True,,7,15,2,2,7,18.0,-6.2115068435668945,32.59556579589844,0.3070000112056732,0.5009999871253967,-41,-36,-18,37,41,73,-41.44,5.306082887723574,4,-41|-36|-31|41,82,1000,7,7,7,22.587010383605957,0.20399996638298035,0.4349999874830246,False,False,False,False,False,False,multi_peak_pdf|wide_shelf_gap|high_std|large_lower_tail|hidden_threat_large_impact,bidder_opening_lead|called_suit_pressure|first_trick,bidder_first_lead_plan,hidden_threat_offline_label_ready|public_context_ready,bid_margin,True,8,2,4-4,52.30076593160629,1,4-4,25.183279539458454,2,4-4,49.79576599597931
4,9430,4,fours,30,schema_v2_bid_value,0,0,0,0,bidder,offense,2,0,0,0,35,0,,,,,False,False,5,26,6-5,5,26,6-5,0,False,False,,,True,,7,15,2,2,7,18.0,16.375503540039062,20.40062141418457,0.5109999775886536,0.06599999964237213,-13,2,19,36,41,34,-22.740000000000002,5.776337109220461,4,10|27|31|41,31,1000,1,1,1,0.0,0.0,0.0,True,True,True,True,False,True,scalar_ev_lying_by_omission|multi_peak_pdf|wide_shelf_gap|high_std|hidden_threat_large_impact,bidder_opening_lead|first_trick,bidder_first_lead_plan,hidden_threat_offline_label_ready|public_context_ready,bid_margin,True,8,2,4-4,25.684155493974686,1,4-4,16.0577113032341,2,4-4,25.354155495762825
4,9430,4,fours,30,schema_v2_bid_value,0,0,0,0,bidder,offense,2,0,0,0,35,0,,,,,False,False,5,26,6-5,6,27,6-6,0,True,False,,,True,,7,15,2,2,7,18.0,9.654824256896973,21.908708572387695,0.375,0.11599999666213989,-21,-5,9,28,40,33,-29.82,6.045053498152292,5,-2|5|7|16|41,43,1000,4,4,4,6.72067928314209,0.13599997758865356,0.04999999701976776,False,False,False,False,False,False,multi_peak_pdf|wide_shelf_gap|high_std|hidden_threat_large_impact,bidder_opening_lead|first_trick,bidder_first_lead_plan,hidden_threat_offline_label_ready|public_context_ready,bid_margin,True,8,2,4-4,24.81829035282135,1,4-4,16.01713001728058,2,4-4,24.23829036951065
4,9430,4,fours,30,schema_v2_bid_value,1,0,1,1,left_setter,defense,3,0,0,0,35,0,6,6,0,offense,False,True,6,22,6-1,6,22,6-1,0,False,False,True,False,False,23,7,10,1,3,1,-17.0,-3.5770654678344727,25.243450164794922,0.628000020980835,0.36000001430511475,-35,-26,-6,17,37,43,-39.32,6.229778299209166,5,-31|-28|9|17|41,72,1000,1,1,1,0.0,0.0,0.0,True,True,True,True,False,False,multi_peak_pdf|wide_shelf_gap|high_std|large_lower_tail|hidden_threat_large_impact,first_setter_response|first_trick,first_setter_pounce_window,hidden_threat_offline_label_ready|needs_real_bid_margin,bid_margin,True,8,3,6-4,28.441096551716328,2,6-4,15.838255941867828,3,6-4,26.915662948042154
4,9430,4,fours,30,schema_v2_bid_value,2,0,2,2,bidder_partner,offense,0,0,0,0,35,0,6,6,0,offense,True,False,6,21,6-0,6,21,6-0,0,False,False,True,False,False,22,7,5,2,1,1,18.0,-15.308463096618652,26.146848678588867,0.14000000059604645,0.546999990940094,-42,-41,-22,4,28,45,-42.0,5.562929156194579,4,-42|-38|-28|41,83,1000,1,1,1,0.0,0.0,0.0,True,True,True,True,False,False,multi_peak_pdf|wide_shelf_gap|high_std|large_lower_tail|hidden_threat_large_impact,first_trick|partner_third_seat_support,partner_third_seat_safe_donation,hidden_threat_offline_label_ready|public_context_ready,bid_margin,True,8,0,4-4,21.529503852128983,1,4-4,12.068901799619198,0,4-4,20.182463765144348
4,9430,4,fours,30,schema_v2_bid_value,3,0,3,3,right_setter,defense,1,0,0,0,35,0,6,6,0,offense,False,True,6,19,5-4,0,0,0-0,0,True,False,False,False,False,0,7,5,2,1,7,-17.0,-22.193485260009766,22.087379455566406,0.3409999907016754,0.6460000276565552,-42,-42,-31,-8,13,34,-42.0,5.1963227105060446,5,-42|-38|-32|-30|-16,26,1000,6,6,7,20.592370986938477,0.3139999806880951,0.3150000274181366,False,False,False,False,False,False,multi_peak_pdf|wide_shelf_gap|high_std|large_lower_tail|hidden_threat_large_impact,defender_last_to_act_closure|first_trick|last_to_act,last_to_act_closure_policy,hidden_threat_offline_label_ready|public_context_ready,bid_margin,True,8,1,6-4,23.84810161590576,2,6-4,13.536411359906197,1,6-4,22.019970685243607
4,9430,4,fours,30,schema_v2_bid_value,3,0,3,3,right_setter,defense,1,0,0,0,35,0,6,6,0,offense,False,True,6,19,5-4,1,1,1-0,0,False,False,False,False,False,0,7,5,2,1,7,-17.0,-21.579811096191406,22.4932918548584,0.35499998927116394,0.6309999823570251,-42,-42,-30,-7,14,35,-42.0,5.230063130429065,4,-42|-38|-30|-7,35,1000,5,5,5,19.978696823120117,0.29999998211860657,0.29999998211860657,False,False,False,False,False,False,multi_peak_pdf|wide_shelf_gap|high_std|large_lower_tail|hidden_threat_large_impact,defender_last_to_act_closure|first_trick|last_to_act,last_to_act_closure_policy,hidden_threat_offline_label_ready|public_context_ready,bid_margin,True,8,1,6-4,24.38959276676178,2,6-4,14.124118104577065,1,6-4,22.511851400136948
4,9430,4,fours,30,schema_v2_bid_value,3,0,3,3,right_setter,defense,1,0,0,0,35,0,6,6,0,offense,False,True,6,19,5-4,2,6,3-0,0,False,False,False,False,False,0,7,5,2,1,7,-17.0,-21.25319480895996,22.60138702392578,0.3630000054836273,0.6240000128746033,-42,-42,-30,-6,15,36,-42.0,5.222395675136763,3,-42|-39|-37,5,1000,4,4,4,19.652080535888672,0.2919999659061432,0.2930000126361847,False,False,False,False,False,False,multi_peak_pdf|high_std|large_lower_tail|hidden_threat_large_impact,defender_last_to_act_closure|first_trick|last_to_act,last_to_act_closure_policy,hidden_threat_offline_label_ready|public_context_ready,bid_margin,True,8,1,6-4,24.453796982765198,2,6-4,14.485436037182808,1,6-4,22.611055463552475
4,9430,4,fours,30,schema_v2_bid_value,3,0,3,3,right_setter,defense,1,0,0,0,35,0,6,6,0,offense,False,True,6,19,5-4,3,8,3-2,5,False,False,False,False,False,0,7,5,2,1,7,-17.0,-22.283708572387695,21.828203201293945,0.33899998664855957,0.6439999938011169,-42,-41,-31,-8,12,33,-42.0,5.209241973206768,3,-42|-37|-18,24,1000,7,7,6,20.682594299316406,0.31599998474121094,0.31299999356269836,False,False,False,False,False,False,multi_peak_pdf|wide_shelf_gap|high_std|large_lower_tail|hidden_threat_large_impact,defender_last_to_act_closure|first_trick|last_to_act|setter_count_pressure,last_to_act_closure_policy|setter_count_before_certainty,hidden_threat_offline_label_ready|needs_real_bid_margin|public_context_ready,bid_margin,True,8,1,6-4,24.23648577928543,2,6-4,14.606365449726582,1,6-4,22.356049686670303
4,9430,4,fours,30,schema_v2_bid_value,3,0,3,3,right_setter,defense,1,0,0,0,35,0,6,6,0,offense,False,True,6,19,5-4,4,13,4-3,0,False,True,False,True,True,39,7,5,2,1,7,-17.0,-1.601114273071289,27.124996185302734,0.652999997138977,0.3310000002384186,-40,-26,-3,20,39,46,-40.93999999999999,6.060379994033767,3,-41|-29|41,82,1000,1,2,1,0.0,0.001999974250793457,0.0,False,True,False,True,True,True,scalar_ev_lying_by_omission|high_variance_close_mean|multi_peak_pdf|wide_shelf_gap|high_std|large_lower_tail|hidden_threat_large_impact,called_suit_pressure|defender_last_to_act_closure|first_trick|last_to_act,last_to_act_closure_policy,hidden_threat_offline_label_ready|public_context_ready,bid_margin,True,8,1,6-4,24.495806962251663,1,5-0,14.447903364896774,1,6-4,23.214638724923134
4,9430,4,fours,30,schema_v2_bid_value,3,0,3,3,right_setter,defense,1,0,0,0,35,0,6,6,0,offense,False,True,6,19,5-4,5,16,5-1,0,False,False,False,False,False,0,7,5,2,1,7,-17.0,-16.63445472717285,24.51350975036621,0.4350000023841858,0.546999990940094,-42,-41,-23,2,21,43,-42.0,5.593719440742909,2,-42|-18,24,1000,3,3,3,15.033340454101562,0.21999996900558472,0.21599999070167542,False,False,False,False,False,False,multi_peak_pdf|wide_shelf_gap|high_std|large_lower_tail|hidden_threat_large_impact,defender_last_to_act_closure|first_trick|last_to_act,last_to_act_closure_policy,hidden_threat_offline_label_ready|public_context_ready,bid_margin,True,8,1,6-4,27.7095587849617,2,6-4,16.260022908449173,1,6-4,25.78452768921852
4,9430,4,fours,30,schema_v2_bid_value,3,0,3,3,right_setter,defense,1,0,0,0,35,0,6,6,0,offense,False,True,6,19,5-4,6,19,5-4,0,False,True,False,True,True,41,7,5,2,1,7,-17.0,-1.626621127128601,27.09708023071289,0.6549999713897705,0.3310000002384186,-40,-26,-3,20,39,46,-40.91,6.0620340703573525,3,-41|-29|41,82,1000,2,1,2,0.02550685405731201,0.0,0.0,True,False,True,False,True,False,high_variance_close_mean|multi_peak_pdf|wide_shelf_gap|high_std|large_lower_tail|hidden_threat_large_impact,called_suit_pressure|defender_last_to_act_closure|first_trick|last_to_act,last_to_act_closure_policy,hidden_threat_offline_label_ready|public_context_ready,bid_margin,True,8,1,6-4,24.588453084230423,1,5-0,14.488197773694992,1,6-4,23.307284846901894
4,9430,4,fours,30,schema_v2_bid_value,4,1,0,3,right_setter,defense,1,0,1,0,35,0,,,,,False,False,0,0,0-0,0,0,0-0,0,True,False,,,True,,6,5,1,1,6,-17.0,-11.002427101135254,26.268152236938477,0.5370000004768372,0.45100000500679016,-42,-38,-14,9,29,47,-42.0,5.777237088351154,1,-42,,1000,1,1,1,0.0,0.0,0.0,True,True,True,True,True,True,scalar_ev_lying_by_omission|high_variance_close_mean|high_std|large_lower_tail|hidden_threat_large_impact,setter_lead_pressure,defender_damage_lead_class|first_trick_public_belief_update,hidden_threat_offline_label_ready|needs_real_bid_margin|public_context_ready,bid_margin,True,8,1,6-4,23.414155066013336,1,2-0,17.372219681739807,1,6-4,21.929547756910324
4,9430,4,fours,30,schema_v2_bid_value,4,1,0,3,right_setter,defense,1,0,1,0,35,0,,,,,False,False,0,0,0-0,1,1,1-0,0,False,False,,,True,,6,5,1,1,6,-17.0,-19.360260009765625,23.919227600097656,0.3889999985694885,0.5899999737739563,-42,-42,-26,-4,17,38,-42.0,5.291672630943921,3,-42|-18|-15,27,1000,6,6,6,8.357832908630371,0.14800000190734863,0.13899996876716614,False,False,False,False,False,False,multi_peak_pdf|wide_shelf_gap|high_std|large_lower_tail|hidden_threat_large_impact,setter_lead_pressure,defender_damage_lead_class|first_trick_public_belief_update,hidden_threat_offline_label_ready|needs_real_bid_margin|public_context_ready,bid_margin,True,8,1,6-4,24.435772627592087,2,6-4,13.970724865794182,1,6-4,22.69423197209835
4,9430,4,fours,30,schema_v2_bid_value,4,1,0,3,right_setter,defense,1,0,1,0,35,0,,,,,False,False,0,0,0-0,2,6,3-0,0,False,False,,,True,,6,5,1,1,6,-17.0,-19.174367904663086,23.790966033935547,0.3919999897480011,0.5849999785423279,-42,-41,-27,-5,18,36,-42.0,5.356657276013466,4,-42|-34|-18|-17,25,1000,5,5,5,8.171940803527832,0.14500001072883606,0.13399997353553772,False,False,False,False,False,False,multi_peak_pdf|wide_shelf_gap|high_std|large_lower_tail|hidden_threat_large_impact,setter_lead_pressure,defender_damage_lead_class|first_trick_public_belief_update,hidden_threat_offline_label_ready|needs_real_bid_margin|public_context_ready,bid_margin,True,8,1,6-4,24.0526682138443,2,6-4,14.164588823914528,1,6-4,22.275704592466354
4,9430,4,fours,30,schema_v2_bid_value,4,1,0,3,right_setter,defense,1,0,1,0,35,0,,,,,False,False,0,0,0-0,3,8,3-2,5,False,False,,,True,,6,5,1,1,6,-17.0,-18.122819900512695,24.185056686401367,0.40299999713897705,0.5799999833106995,-42,-41,-24,-5,21,36,-42.0,5.376347202796512,3,-42|-29|-18,24,1000,4,4,4,7.120392799377441,0.1340000033378601,0.1289999783039093,False,False,False,False,False,False,multi_peak_pdf|wide_shelf_gap|high_std|large_lower_tail|hidden_threat_large_impact,setter_count_pressure|setter_lead_pressure,defender_damage_lead_class|first_trick_public_belief_update|setter_count_before_certainty,hidden_threat_offline_label_ready|needs_real_bid_margin|public_context_ready,bid_margin,True,8,1,6-4,23.1090147793293,2,6-4,13.533075004816055,1,6-4,21.432579830288887
4,9430,4,fours,30,schema_v2_bid_value,4,1,0,3,right_setter,defense,1,0,1,0,35,0,,,,,False,False,0,0,0-0,4,13,4-3,0,False,True,,,True,,6,5,1,1,6,-17.0,-16.517305374145508,27.332855224609375,0.43700000643730164,0.546999990940094,-42,-42,-26,2,30,44,-42.0,5.033843370423219,1,-42,,1000,2,3,3,5.514878273010254,0.09999999403953552,0.09599998593330383,False,False,False,False,False,False,high_std|large_lower_tail|hidden_threat_large_impact,called_suit_pressure|setter_lead_pressure,defender_damage_lead_class|first_trick_public_belief_update,hidden_threat_offline_label_ready|needs_real_bid_margin|public_context_ready,bid_margin,True,8,1,4-4,27.289014369249344,2,4-4,16.01009477674961,1,4-4,25.726853892207146
4,9430,4,fours,30,schema_v2_bid_value,4,1,0,3,right_setter,defense,1,0,1,0,35,0,,,,,False,False,0,0,0-0,5,16,5-1,0,False,False,,,True,,6,5,1,1,6,-17.0,-17.25916290283203,24.573781967163086,0.45100000500679016,0.5320000052452087,-42,-42,-22,-2,20,40,-42.0,5.350736796037537,3,-42|-17|-8,34,1000,3,2,2,6.256735801696777,0.085999995470047,0.08100000023841858,False,False,False,False,False,False,multi_peak_pdf|wide_shelf_gap|high_std|large_lower_tail|hidden_threat_large_impact,setter_lead_pressure,defender_damage_lead_class|first_trick_public_belief_update,hidden_threat_offline_label_ready|needs_real_bid_margin|public_context_ready,bid_margin,True,8,1,6-4,21.121690422296524,1,5-2,14.126764118671417,1,6-4,19.534197971224785
4,9430,4,fours,30,schema_v2_bid_value,5,1,1,0,bidder,offense,2,0,1,0,35,0,0,0,3,defense,False,True,1,11,4-1,0,5,2-2,0,True,False,False,False,False,0,6,15,2,2,6,18.0,7.280967712402344,21.876306533813477,0.35199999809265137,0.11299999803304672,-20,-9,7,27,38,36,-31.84999999999999,6.103633441368919,9,-11|-9|-8|-5|15|17|19|29|42,53,1000,6,6,6,8.601816177368164,0.1690000295639038,0.05199999734759331,False,False,False,False,False,False,multi_peak_pdf|wide_shelf_gap|high_std|hidden_threat_large_impact,,first_trick_public_belief_update,hidden_threat_offline_label_ready|public_context_ready,bid_margin,True,8,2,4-4,25.22844062745571,1,4-4,17.46753340959549,2,4-4,24.663440637290478
4,9430,4,fours,30,schema_v2_bid_value,5,1,1,0,bidder,offense,2,0,1,0,35,0,0,0,3,defense,False,True,1,11,4-1,1,11,4-1,5,False,True,False,True,True,37,6,15,2,2,6,18.0,15.882783889770508,23.20168113708496,0.5210000276565552,0.09700000286102295,-18,-2,19,39,42,41,-28.069999999999997,5.670536057846463,2,38|42,4,1000,1,1,3,0.0,0.0,0.036000002175569534,True,True,True,False,True,True,scalar_ev_lying_by_omission|high_variance_close_mean|multi_peak_pdf|high_std|hidden_threat_large_impact,called_suit_pressure,first_trick_public_belief_update,hidden_threat_offline_label_ready|public_context_ready,bid_margin,True,8,2,4-4,26.155354499816895,1,4-4,14.589799523353577,2,4-4,25.67035448551178
4,9430,4,fours,30,schema_v2_bid_value,5,1,1,0,bidder,offense,2,0,1,0,35,0,0,0,3,defense,False,True,1,11,4-1,2,23,6-2,0,False,False,False,False,False,0,6,15,2,2,6,18.0,8.540343284606934,21.564199447631836,0.3779999911785126,0.10100000351667404,-18,-8,9,28,39,36,-30.40999999999999,6.054424175794285,6,-7|-4|17|19|29|42,49,1000,4,4,5,7.342440605163574,0.1430000364780426,0.04000000283122063,False,False,False,False,False,False,multi_peak_pdf|wide_shelf_gap|high_std|hidden_threat_large_impact,,first_trick_public_belief_update,hidden_threat_offline_label_ready|public_context_ready,bid_margin,True,8,2,4-4,24.702735409140587,1,4-4,17.156905367970467,2,4-4,24.197735391557217
4,9430,4,fours,30,schema_v2_bid_value,5,1,1,0,bidder,offense,2,0,1,0,35,0,0,0,3,defense,False,True,1,11,4-1,3,24,6-3,0,False,False,False,False,False,0,6,15,2,2,6,18.0,12.328261375427246,20.985231399536133,0.4519999921321869,0.07699999958276749,-14,-4,15,29,40,33,-27.32,5.903709120384259,6,-9|-5|3|19|29|42,51,1000,3,3,2,3.5545225143432617,0.06900003552436829,0.01599999889731407,False,False,False,False,False,False,multi_peak_pdf|wide_shelf_gap|high_std|hidden_threat_large_impact,,first_trick_public_belief_update,hidden_threat_offline_label_ready|public_context_ready,bid_margin,True,8,2,4-4,25.166353777050972,1,4-4,16.750373497605324,2,4-4,24.781353779137135
4,9430,4,fours,30,schema_v2_bid_value,5,1,1,0,bidder,offense,2,0,1,0,35,0,0,0,3,defense,False,True,1,11,4-1,4,25,6-4,10,False,True,False,True,True,42,6,15,2,2,6,18.0,15.702939987182617,21.422767639160156,0.49900001287460327,0.061000000685453415,-15,-1,18,37,41,38,-23.750000000000004,5.713825798825348,4,-19|-6|31|41,60,1000,2,2,1,0.17984390258789062,0.022000014781951904,0.0,False,False,False,True,False,False,multi_peak_pdf|wide_shelf_gap|high_std|hidden_threat_large_impact,called_suit_pressure,first_trick_public_belief_update,hidden_threat_offline_label_ready|public_context_ready,bid_margin,True,8,2,4-4,24.59734331816435,1,4-4,13.194701619446278,2,4-4,24.29234331473708
4,9430,4,fours,30,schema_v2_bid_value,5,1,1,0,bidder,offense,2,0,1,0,35,0,0,0,3,defense,False,True,1,11,4-1,6,27,6-6,0,True,False,False,False,False,0,6,15,2,2,6,18.0,8.52837085723877,21.53106689453125,0.37299999594688416,0.0989999994635582,-18,-8,9,28,39,36,-30.380000000000003,6.0672867398029515,6,-7|-2|17|19|29|41,48,1000,5,5,4,7.354413032531738,0.14800003170967102,0.03799999877810478,False,False,False,False,False,False,multi_peak_pdf|wide_shelf_gap|high_std|hidden_threat_large_impact,,first_trick_public_belief_update,hidden_threat_offline_label_ready|public_context_ready,bid_margin,True,8,2,4-4,24.36234287917614,1,4-4,17.083302453160286,2,4-4,23.86734288185835
4,9430,4,fours,30,schema_v2_bid_value,6,1,2,1,left_setter,defense,3,0,1,5,30,5,0,0,0,offense,False,True,2,14,4-4,0,2,1-1,0,True,False,False,False,False,0,6,10,1,3,6,-17.0,-17.50833511352539,20.48397445678711,0.37400001287460327,0.5989999771118164,-40,-36,-21,0,14,36,-40.9,5.6345439968068645,6,-41|-38|-33|-31|-30|-18,23,1000,4,4,4,16.143112897872925,0.25099998712539673,0.23799997568130493,False,False,False,False,False,False,multi_peak_pdf|wide_shelf_gap|high_std|large_lower_tail|hidden_threat_large_impact,,first_trick_public_belief_update,hidden_threat_offline_label_ready|public_context_ready,bid_margin,True,8,3,6-4,28.4809610247612,2,6-4,15.793414324522018,3,6-4,26.427319198846817
4,9430,4,fours,30,schema_v2_bid_value,6,1,2,1,left_setter,defense,3,0,1,5,30,5,0,0,0,offense,False,True,2,14,4-4,1,7,3-1,0,False,False,False,False,False,0,6,10,1,3,6,-17.0,-16.85844612121582,20.71965217590332,0.38199999928474426,0.5889999866485596,-40,-35,-20,3,15,38,-40.65,5.6863888665900655,4,-40|-33|-30|-18,22,1000,3,3,3,15.493223905563354,0.24300000071525574,0.2279999852180481,False,False,False,False,False,False,multi_peak_pdf|wide_shelf_gap|high_std|large_lower_tail|hidden_threat_large_impact,,first_trick_public_belief_update,hidden_threat_offline_label_ready|public_context_ready,bid_margin,True,8,3,6-4,28.970049113035202,2,6-4,16.03544594347477,3,6-4,26.889246717095375
4,9430,4,fours,30,schema_v2_bid_value,6,1,2,1,left_setter,defense,3,0,1,5,30,5,0,0,0,offense,False,True,2,14,4-4,2,14,4-4,0,True,True,False,True,True,46,6,10,1,3,6,-17.0,-1.3652222156524658,24.75389289855957,0.625,0.3610000014305115,-29,-26,-9,18,40,44,-29.02,5.4906172596523275,7,-29|-20|-17|-15|14|28|41,70,1000,1,1,1,0.0,0.0,0.0,True,True,True,True,True,True,scalar_ev_lying_by_omission|high_variance_close_mean|multi_peak_pdf|wide_shelf_gap|high_std|large_lower_tail|hidden_threat_large_impact,called_suit_pressure,first_trick_public_belief_update,hidden_threat_offline_label_ready|public_context_ready,bid_margin,True,8,3,6-4,38.153441071510315,2,6-4,19.36885079741478,3,6-4,36.34844106435776
4,9430,4,fours,30,schema_v2_bid_value,6,1,2,1,left_setter,defense,3,0,1,5,30,5,0,0,0,offense,False,True,2,14,4-4,3,17,5-2,0,False,False,False,False,False,0,6,10,1,3,6,-17.0,-15.932185173034668,21.203664779663086,0.38999998569488525,0.5879999995231628,-40,-34,-20,2,19,36,-40.61,5.7008294157678066,8,-40|-37|-32|-30|-27|-26|-19|7,47,1000,2,2,2,14.566962957382202,0.23500001430511475,0.22699999809265137,False,False,False,False,False,False,multi_peak_pdf|wide_shelf_gap|high_std|large_lower_tail|hidden_threat_large_impact,,first_trick_public_belief_update,hidden_threat_offline_label_ready|public_context_ready,bid_margin,True,8,3,6-4,29.142784982919693,2,6-4,16.136954724788666,3,6-4,27.09784670174122
4,9430,4,fours,30,schema_v2_bid_value,6,1,2,1,left_setter,defense,3,0,1,5,30,5,0,0,0,offense,False,True,2,14,4-4,4,18,5-3,0,False,False,False,False,False,0,6,10,1,3,6,-17.0,-18.336509704589844,20.357873916625977,0.3610000014305115,0.6240000128746033,-40,-36,-24,-4,14,32,-40.83,5.625533198448945,5,-41|-40|-34|-30|-19,22,1000,5,5,5,16.971287488937378,0.2639999985694885,0.2630000114440918,False,False,False,False,False,False,multi_peak_pdf|wide_shelf_gap|high_std|large_lower_tail|hidden_threat_large_impact,,first_trick_public_belief_update,hidden_threat_offline_label_ready|public_context_ready,bid_margin,True,8,3,6-4,28.67297101020813,2,6-4,16.06712617725134,3,6-4,26.540625274181366
4,9430,4,fours,30,schema_v2_bid_value,6,1,2,1,left_setter,defense,3,0,1,5,30,5,0,0,0,offense,False,True,2,14,4-4,5,20,5-5,10,True,False,False,False,False,0,6,10,1,3,6,-17.0,-26.291261672973633,13.17929458618164,0.25200000405311584,0.7080000042915344,-41,-39,-30,-17,-6,22,-41.0,5.069123011881196,9,-41|-37|-35|-33|-30|-28|-19|-17|-15,26,1000,6,6,6,24.926039457321167,0.37299999594688416,0.34700000286102295,False,False,False,False,False,False,multi_peak_pdf|wide_shelf_gap|large_lower_tail|hidden_threat_large_impact,setter_count_pressure,first_trick_public_belief_update|setter_count_before_certainty,hidden_threat_offline_label_ready|needs_real_bid_margin|public_context_ready,bid_margin,True,8,3,6-4,22.882310926914215,2,6-4,12.065015271306038,3,6-4,20.561446726322174
4,9430,4,fours,30,schema_v2_bid_value,7,1,3,2,bidder_partner,offense,0,0,1,5,30,5,0,0,1,defense,False,True,5,15,5-0,0,3,2-0,0,False,False,True,False,False,18,6,5,2,1,2,18.0,-19.55935287475586,22.22699546813965,0.10700000077486038,0.5540000200271606,-41,-39,-28,-7,21,32,-41.589999999999996,5.39207123594728,5,-41|-30|-17|-7|29,70,1000,2,1,2,3.762880325317383,0.0,0.009999990463256836,False,False,True,False,False,False,multi_peak_pdf|wide_shelf_gap|high_std|large_lower_tail|hidden_threat_large_impact,last_to_act,first_trick_public_belief_update|last_to_act_closure_policy,hidden_threat_offline_label_ready|public_context_ready,bid_margin,True,8,0,6-4,30.421269051730633,3,6-4,17.19973961263895,0,6-4,27.769963312894106
4,9430,4,fours,30,schema_v2_bid_value,7,1,3,2,bidder_partner,offense,0,0,1,5,30,5,0,0,1,defense,False,True,5,15,5-0,5,15,5-0,5,False,False,True,False,False,21,6,5,2,1,2,18.0,-15.796472549438477,21.810623168945312,0.09799999743700027,0.5440000295639038,-40,-36,-23,5,18,41,-41.32,5.669077543668775,9,-41|-38|-36|-30|-28|-26|-16|17|19,60,1000,1,2,1,0.0,0.009000003337860107,0.0,True,True,False,True,True,True,scalar_ev_lying_by_omission|high_variance_close_mean|multi_peak_pdf|wide_shelf_gap|high_std|large_lower_tail|hidden_threat_large_impact,last_to_act|partner_count_donation,first_trick_public_belief_update|last_to_act_closure_policy|partner_forcedness_and_safety,hidden_threat_offline_label_ready|needs_belief_model|public_context_ready,bid_margin,True,8,0,6-4,34.18483529984951,3,6-4,19.424081064760685,0,6-4,31.46483515202999
4,9430,4,fours,30,schema_v2_bid_value,8,2,0,1,left_setter,defense,3,0,12,10,25,0,,,,,False,False,0,2,1-1,0,2,1-1,0,True,False,,,True,,5,10,0,2,5,-17.0,-6.179577350616455,26.911636352539062,0.546999990940094,0.4410000145435333,-36,-34,-12,18,34,52,-36.57,5.46375653729069,7,-36|-34|-23|10|11|34|36,72,1000,1,1,1,0.0,0.0,0.0,True,True,True,True,False,True,scalar_ev_lying_by_omission|multi_peak_pdf|wide_shelf_gap|high_std|large_lower_tail|hidden_threat_large_impact,setter_lead_pressure,defender_damage_lead_class|first_trick_public_belief_update,hidden_threat_offline_label_ready|needs_real_bid_margin|public_context_ready,bid_margin,True,8,3,6-4,39.44955462217331,2,6-4,23.78224542737007,3,6-4,37.24455454945564
4,9430,4,fours,30,schema_v2_bid_value,8,2,0,1,left_setter,defense,3,0,12,10,25,0,,,,,False,False,0,2,1-1,1,7,3-1,0,False,False,,,True,,5,10,0,2,5,-17.0,-7.7807207107543945,25.724098205566406,0.5220000147819519,0.4699999988079071,-36,-35,-14,15,30,50,-36.72,5.31241922525351,6,-36|-34|-23|9|12|36,72,1000,3,3,3,1.6011433601379395,0.02499997615814209,0.02899998426437378,False,False,False,False,False,False,multi_peak_pdf|wide_shelf_gap|high_std|large_lower_tail|hidden_threat_large_impact,setter_lead_pressure,defender_damage_lead_class|first_trick_public_belief_update,hidden_threat_offline_label_ready|needs_real_bid_margin|public_context_ready,bid_margin,True,8,3,6-4,38.401812851428986,2,6-4,23.70556730031967,3,6-4,36.05181285738945
4,9430,4,fours,30,schema_v2_bid_value,8,2,0,1,left_setter,defense,3,0,12,10,25,0,,,,,False,False,0,2,1-1,3,17,5-2,0,False,False,,,True,,5,10,0,2,5,-17.0,-7.590735912322998,26.918174743652344,0.531000018119812,0.4620000123977661,-37,-36,-14,16,33,52,-37.0,5.2129731129330334,4,-36|10|12|36,72,1000,2,2,2,1.411158561706543,0.015999972820281982,0.020999997854232788,False,False,False,False,False,False,multi_peak_pdf|wide_shelf_gap|high_std|large_lower_tail|hidden_threat_large_impact,setter_lead_pressure,defender_damage_lead_class|first_trick_public_belief_update,hidden_threat_offline_label_ready|needs_real_bid_margin|public_context_ready,bid_margin,True,8,3,6-4,39.95512771606445,2,6-4,24.419731453061104,3,6-4,37.64512765407562
4,9430,4,fours,30,schema_v2_bid_value,8,2,0,1,left_setter,defense,3,0,12,10,25,0,,,,,False,False,0,2,1-1,4,18,5-3,0,False,False,,,True,,5,10,0,2,5,-17.0,-8.045202255249023,26.93637466430664,0.5199999809265137,0.4729999899864197,-37,-36,-15,16,34,52,-37.0,5.118769063703216,4,-36|10|12|36,72,1000,4,4,4,1.8656249046325684,0.027000010013580322,0.03199997544288635,False,False,False,False,False,False,multi_peak_pdf|wide_shelf_gap|high_std|large_lower_tail|hidden_threat_large_impact,setter_lead_pressure,defender_damage_lead_class|first_trick_public_belief_update,hidden_threat_offline_label_ready|needs_real_bid_margin|public_context_ready,bid_margin,True,8,3,6-4,40.388232588768005,2,6-4,24.31961338222027,3,6-4,38.02323263883591
4,9430,4,fours,30,schema_v2_bid_value,8,2,0,1,left_setter,defense,3,0,12,10,25,0,,,,,False,False,0,2,1-1,5,20,5-5,10,True,False,,,True,,5,10,0,2,5,-17.0,-11.451366424560547,25.673137664794922,0.492000013589859,0.5019999742507935,-37,-36,-18,11,33,47,-37.0,5.183224877685797,4,-36|-32|-10|36,72,1000,5,5,5,5.271789073944092,0.054999977350234985,0.06099995970726013,False,False,False,False,False,False,multi_peak_pdf|wide_shelf_gap|high_std|large_lower_tail|hidden_threat_large_impact,setter_count_pressure|setter_lead_pressure,defender_damage_lead_class|first_trick_public_belief_update|setter_count_before_certainty,hidden_threat_offline_label_ready|needs_real_bid_margin|public_context_ready,bid_margin,True,8,3,6-4,37.17420595884323,2,6-4,23.308628723025322,3,6-4,34.664206087589264
4,9430,4,fours,30,schema_v2_bid_value,9,2,1,2,bidder_partner,offense,0,0,12,10,25,0,1,1,1,defense,False,True,1,4,2-1,1,4,2-1,0,False,False,True,False,False,19,5,0,2,1,1,18.0,-1.151548147201538,25.492095947265625,0.30300000309944153,0.3499999940395355,-33,-24,-7,29,35,53,-34.94,5.80169823567881,9,-36|-34|-32|-28|-12|12|32|34|36,72,1000,1,1,1,0.0,0.0,0.0,True,True,True,True,False,False,multi_peak_pdf|wide_shelf_gap|high_std|large_lower_tail|hidden_threat_large_impact,,first_trick_public_belief_update,hidden_threat_offline_label_ready|public_context_ready,bid_margin,True,8,0,6-4,39.11675584316254,1,6-4,20.72620388865471,0,6-4,37.36675587296486
4,9430,4,fours,30,schema_v2_bid_value,10,2,2,3,right_setter,defense,1,0,12,10,25,0,1,1,1,defense,True,False,5,16,5-1,1,1,1-0,0,False,False,True,False,False,17,5,5,1,0,2,-17.0,-8.151819229125977,26.34136962890625,0.5099999904632568,0.4740000069141388,-37,-34,-16,14,35,48,-37.0,5.592658306023406,3,-37|-19|37,74,1000,2,2,2,5.177042484283447,0.10199999809265137,0.09299999475479126,False,False,False,False,False,False,multi_peak_pdf|wide_shelf_gap|high_std|large_lower_tail|hidden_threat_large_impact,,first_trick_public_belief_update,hidden_threat_offline_label_ready|public_context_ready,bid_margin,True,8,1,6-4,40.14823418855667,0,6-4,20.41918769478798,1,6-4,37.77823415398598
4,9430,4,fours,30,schema_v2_bid_value,10,2,2,3,right_setter,defense,1,0,12,10,25,0,1,1,1,defense,True,False,5,16,5-1,5,16,5-1,0,False,False,True,False,False,22,5,5,1,0,2,-17.0,-2.9747767448425293,26.865140914916992,0.6119999885559082,0.38100001215934753,-37,-30,-8,25,36,55,-37.0,5.676425999252972,3,-37|-11|37,74,1000,1,1,1,0.0,0.0,0.0,True,True,True,True,True,True,scalar_ev_lying_by_omission|high_variance_close_mean|multi_peak_pdf|wide_shelf_gap|high_std|large_lower_tail|hidden_threat_large_impact,,first_trick_public_belief_update,hidden_threat_offline_label_ready|public_context_ready,bid_margin,True,8,1,6-4,38.993182361125946,0,6-4,19.959860622882843,1,6-4,37.08818230032921
4,9430,4,fours,30,schema_v2_bid_value,11,2,3,0,bidder,offense,2,0,12,10,25,0,1,1,1,defense,False,True,3,24,6-3,0,5,2-2,0,True,False,False,False,False,0,5,10,1,2,5,18.0,11.125711441040039,14.117595672607422,0.3490000069141388,0.0,-11,0,11,21,32,21,-11.550000000000002,5.401509613143034,10,-11|1|5|8|10|15|18|20|34|35,46,1000,4,4,1,3.0584354400634766,0.10199999809265137,0.0,False,False,False,True,False,False,multi_peak_pdf|wide_shelf_gap|hidden_threat_large_impact,last_to_act,first_trick_public_belief_update|last_to_act_closure_policy,hidden_threat_offline_label_ready|public_context_ready,bid_margin,True,8,2,4-3,11.518756091594696,2,5-2,6.771068230271339,2,4-3,11.518756091594696
4,9430,4,fours,30,schema_v2_bid_value,11,2,3,0,bidder,offense,2,0,12,10,25,0,1,1,1,defense,False,True,3,24,6-3,2,23,6-2,0,False,False,False,False,False,0,5,10,1,2,5,18.0,12.360414505004883,13.868302345275879,0.38600000739097595,0.0,-10,2,13,21,33,19,-11.410000000000002,5.372266082138209,9,-12|-1|2|8|12|16|18|21|34,46,1000,3,2,2,1.8237323760986328,0.06499999761581421,0.0,False,False,False,False,False,False,multi_peak_pdf|wide_shelf_gap|hidden_threat_large_impact,last_to_act,first_trick_public_belief_update|last_to_act_closure_policy,hidden_threat_offline_label_ready|public_context_ready,bid_margin,True,8,2,4-3,11.028362810611725,2,5-2,7.4358470886945724,2,4-3,11.028362810611725
4,9430,4,fours,30,schema_v2_bid_value,11,2,3,0,bidder,offense,2,0,12,10,25,0,1,1,1,defense,False,True,3,24,6-3,3,24,6-3,0,False,False,False,False,False,0,5,10,1,2,5,18.0,14.184146881103516,14.67211627960205,0.45100000500679016,0.0,-9,2,16,28,33,26,-11.13,5.372155697204017,7,-11|2|9|16|20|29|34,45,1000,1,1,3,0.0,0.0,0.0,True,True,True,False,True,True,scalar_ev_lying_by_omission|high_variance_close_mean|multi_peak_pdf|wide_shelf_gap|hidden_threat_large_impact,last_to_act,first_trick_public_belief_update|last_to_act_closure_policy,hidden_threat_offline_label_ready|public_context_ready,bid_margin,True,8,2,4-3,12.524313747882843,2,5-2,8.100929200649261,2,4-3,12.524313747882843
4,9430,4,fours,30,schema_v2_bid_value,11,2,3,0,bidder,offense,2,0,12,10,25,0,1,1,1,defense,False,True,3,24,6-3,4,25,6-4,10,False,True,False,True,True,42,5,10,1,2,5,18.0,5.875393390655518,15.425718307495117,0.22100000083446503,0.0,-12,-10,4,15,32,25,-12.25,5.103410522513283,7,-12|3|4|6|8|11|36,48,1000,5,5,4,8.308753490447998,0.23000000417232513,0.0,False,False,False,False,False,False,multi_peak_pdf|wide_shelf_gap|high_std|hidden_threat_large_impact,called_suit_pressure|last_to_act,first_trick_public_belief_update|last_to_act_closure_policy,hidden_threat_offline_label_ready|public_context_ready,bid_margin,True,8,2,4-3,19.579965978860855,3,4-3,8.48058657720685,2,4-3,19.579965978860855
4,9430,4,fours,30,schema_v2_bid_value,11,2,3,0,bidder,offense,2,0,12,10,25,0,1,1,1,defense,False,True,3,24,6-3,6,27,6-6,0,True,False,False,False,False,0,5,10,1,2,5,18.0,12.422494888305664,13.857378005981445,0.38499999046325684,0.0,-10,2,13,22,33,20,-11.370000000000001,5.373878298776476,10,-12|-1|2|8|11|13|16|19|21|33,45,1000,2,3,5,1.7616519927978516,0.06600001454353333,0.0,False,False,False,False,False,False,multi_peak_pdf|wide_shelf_gap|hidden_threat_large_impact,last_to_act,first_trick_public_belief_update|last_to_act_closure_policy,hidden_threat_offline_label_ready|public_context_ready,bid_margin,True,8,2,4-3,10.826460480690002,2,5-2,7.4582551419734955,2,4-3,10.826460480690002
4,9430,4,fours,30,schema_v2_bid_value,12,3,0,1,left_setter,defense,3,0,13,10,25,0,,,,,False,False,1,7,3-1,1,7,3-1,0,False,False,,,True,,4,10,0,1,4,-17.0,-12.931118965148926,25.38057518005371,0.4259999990463257,0.5690000057220459,-36,-36,-25,12,22,48,-36.0,4.458279126729034,5,-36|-21|11|22|35,71,1000,1,1,1,0.0,0.0,0.0,True,True,True,True,False,True,scalar_ev_lying_by_omission|multi_peak_pdf|wide_shelf_gap|high_std|large_lower_tail|hidden_threat_large_impact,setter_lead_pressure,defender_damage_lead_class|first_trick_public_belief_update,hidden_threat_offline_label_ready|needs_real_bid_margin|public_context_ready,bid_margin,True,8,3,6-4,44.069422483444214,2,6-4,22.374112769961357,3,6-4,41.224422454833984
4,9430,4,fours,30,schema_v2_bid_value,12,3,0,1,left_setter,defense,3,0,13,10,25,0,,,,,False,False,1,7,3-1,3,17,5-2,0,False,False,,,True,,4,10,0,1,4,-17.0,-13.42914867401123,25.58631706237793,0.3970000147819519,0.593999981880188,-36,-36,-29,12,26,48,-36.0,4.615517372316559,4,-36|-32|11|35,71,1000,2,2,2,0.4980297088623047,0.02899998426437378,0.02499997615814209,False,False,False,False,True,False,high_variance_close_mean|multi_peak_pdf|wide_shelf_gap|high_std|large_lower_tail|hidden_threat_large_impact,setter_lead_pressure,defender_damage_lead_class|first_trick_public_belief_update,hidden_threat_offline_label_ready|needs_real_bid_margin|public_context_ready,bid_margin,True,8,3,6-4,45.604703307151794,2,6-4,23.31672139465809,3,6-4,42.634703397750854
4,9430,4,fours,30,schema_v2_bid_value,12,3,0,1,left_setter,defense,3,0,13,10,25,0,,,,,False,False,1,7,3-1,4,18,5-3,0,False,False,,,True,,4,10,0,1,4,-17.0,-13.709218978881836,25.581804275512695,0.38999998569488525,0.5979999899864197,-36,-36,-30,12,26,48,-36.0,4.529424304311225,4,-36|-32|11|35,71,1000,3,3,3,0.7781000137329102,0.03600001335144043,0.02899998426437378,False,False,False,False,True,False,high_variance_close_mean|multi_peak_pdf|wide_shelf_gap|high_std|large_lower_tail|hidden_threat_large_impact,setter_lead_pressure,defender_damage_lead_class|first_trick_public_belief_update,hidden_threat_offline_label_ready|needs_real_bid_margin|public_context_ready,bid_margin,True,8,3,6-4,45.84851276874542,2,6-4,23.32837514579296,3,6-4,42.858512818813324
4,9430,4,fours,30,schema_v2_bid_value,12,3,0,1,left_setter,defense,3,0,13,10,25,0,,,,,False,False,1,7,3-1,5,20,5-5,10,True,False,,,True,,4,10,0,1,4,-17.0,-14.864283561706543,25.321453094482422,0.35499998927116394,0.6420000195503235,-36,-36,-31,12,23,48,-36.0,4.33512132471156,4,-36|-31|12|35,71,1000,4,4,4,1.9331645965576172,0.07100000977516174,0.07300001382827759,False,False,False,False,False,False,multi_peak_pdf|wide_shelf_gap|high_std|large_lower_tail|hidden_threat_large_impact,setter_count_pressure|setter_lead_pressure,defender_damage_lead_class|first_trick_public_belief_update|setter_count_before_certainty,hidden_threat_offline_label_ready|needs_real_bid_margin|public_context_ready,bid_margin,True,8,3,6-4,46.94040912389755,2,6-4,23.201600283384323,3,6-4,43.730409026145935
4,9430,4,fours,30,schema_v2_bid_value,13,3,1,2,bidder_partner,offense,0,0,13,10,25,0,3,3,1,defense,False,True,2,9,3-3,2,9,3-3,0,True,False,True,True,True,30,4,0,2,1,1,18.0,11.250049591064453,21.517187118530273,0.382999986410141,0.11699999868869781,-20,-7,11,35,36,42,-25.880000000000003,4.639691617872684,7,-23|-12|-2|5|7|11|36,59,1000,1,1,1,0.0,0.0,0.0,True,True,True,True,False,False,multi_peak_pdf|wide_shelf_gap|high_std|hidden_threat_large_impact,,first_trick_public_belief_update,hidden_threat_offline_label_ready|public_context_ready,bid_margin,True,8,0,6-4,30.70701977610588,3,6-4,17.984444797039032,0,6-4,30.12201978266239
4,9430,4,fours,30,schema_v2_bid_value,14,3,2,3,right_setter,defense,1,0,13,10,25,0,3,3,2,offense,False,True,2,6,3-0,2,6,3-0,0,False,False,True,False,False,19,4,5,1,0,2,-17.0,-15.764993667602539,25.0341739654541,0.38600000739097595,0.6110000014305115,-36,-36,-33,3,30,39,-36.0,4.052061933163511,6,-36|-33|-11|12|20|34,70,1000,1,1,1,0.0,0.0,0.0,True,True,True,True,True,True,scalar_ev_lying_by_omission|high_variance_close_mean|multi_peak_pdf|wide_shelf_gap|high_std|large_lower_tail|hidden_threat_large_impact,,first_trick_public_belief_update,hidden_threat_offline_label_ready|public_context_ready,bid_margin,True,8,1,6-4,43.263135850429535,0,6-4,21.859825789928436,1,6-4,40.20813584327698
4,9430,4,fours,30,schema_v2_bid_value,14,3,2,3,right_setter,defense,1,0,13,10,25,0,3,3,2,offense,False,True,2,6,3-0,3,8,3-2,5,False,False,True,False,False,21,4,5,1,0,2,-17.0,-18.26528549194336,22.740482330322266,0.3619999885559082,0.6370000243186951,-36,-36,-33,-1,21,35,-36.0,3.845520464330449,6,-36|-31|-29|-11|21|23,59,1000,2,2,2,2.5002918243408203,0.02400001883506775,0.026000022888183594,False,False,False,False,False,False,multi_peak_pdf|wide_shelf_gap|high_std|large_lower_tail|hidden_threat_large_impact,setter_count_pressure,first_trick_public_belief_update|setter_count_before_certainty,hidden_threat_offline_label_ready|needs_real_bid_margin|public_context_ready,bid_margin,True,8,1,6-4,41.84225022792816,2,6-4,20.11253409460187,1,6-4,38.657250106334686
4,9430,4,fours,30,schema_v2_bid_value,15,3,3,0,bidder,offense,2,0,13,10,25,0,3,3,2,offense,True,False,6,27,6-6,0,5,2-2,0,True,False,False,False,False,0,4,10,1,2,4,18.0,27.68811798095703,9.172486305236816,0.8109999895095825,0.0,15,19,33,36,36,17,9.83,3.88307220097007,4,15|18|31|36,21,1000,3,3,1,0.5415134429931641,0.019999980926513672,0.0,False,False,False,True,True,False,high_variance_close_mean|multi_peak_pdf|wide_shelf_gap|hidden_threat_large_impact,last_to_act,first_trick_public_belief_update|last_to_act_closure_policy,hidden_threat_offline_label_ready|public_context_ready,bid_margin,True,8,2,4-3,8.31639552116394,2,5-2,3.935987651348114,2,4-3,8.31639552116394
4,9430,4,fours,30,schema_v2_bid_value,15,3,3,0,bidder,offense,2,0,13,10,25,0,3,3,2,offense,True,False,6,27,6-6,2,23,6-2,0,False,False,False,False,False,0,4,10,1,2,4,18.0,28.079143524169922,8.897153854370117,0.8309999704360962,0.0,16,20,33,36,36,16,10.809999999999997,3.840589580339704,9,8|15|18|20|22|24|30|32|36,28,1000,2,1,2,0.15048789978027344,0.0,0.0,False,False,True,False,False,False,multi_peak_pdf|wide_shelf_gap|hidden_threat_large_impact,last_to_act,first_trick_public_belief_update|last_to_act_closure_policy,hidden_threat_offline_label_ready|public_context_ready,bid_margin,True,8,2,4-3,7.8299500942230225,2,5-2,4.005994200706482,2,4-3,7.8299500942230225
4,9430,4,fours,30,schema_v2_bid_value,15,3,3,0,bidder,offense,2,0,13,10,25,0,3,3,2,offense,True,False,6,27,6-6,4,25,6-4,10,False,True,False,True,True,42,4,10,1,2,4,18.0,7.984119892120361,15.691919326782227,0.29100000858306885,0.0,-11,-10,7,20,34,30,-11.14,4.784557880203769,8,-11|5|7|10|17|19|22|36,47,1000,4,4,3,20.245511531829834,0.5399999618530273,0.0,False,False,False,False,False,False,multi_peak_pdf|wide_shelf_gap|high_std|hidden_threat_large_impact,called_suit_pressure|last_to_act,first_trick_public_belief_update|last_to_act_closure_policy,hidden_threat_offline_label_ready|public_context_ready,bid_margin,True,8,2,4-3,20.63493239879608,3,4-3,10.382517997175455,2,4-3,20.63493239879608
4,9430,4,fours,30,schema_v2_bid_value,15,3,3,0,bidder,offense,2,0,13,10,25,0,3,3,2,offense,True,False,6,27,6-6,6,27,6-6,0,True,False,False,False,False,0,4,10,1,2,4,18.0,28.229631423950195,8.75973129272461,0.8309999704360962,0.0,16,20,33,35,36,15,11.129999999999999,3.8788079648655285,7,8|18|20|24|32|33|36,28,1000,1,2,4,0.0,0.0,0.0,True,True,False,False,False,True,scalar_ev_lying_by_omission|multi_peak_pdf|wide_shelf_gap|hidden_threat_large_impact,last_to_act,first_trick_public_belief_update|last_to_act_closure_policy,hidden_threat_offline_label_ready|public_context_ready,bid_margin,True,8,2,4-3,7.675891637802124,2,5-2,4.009911894798279,2,4-3,7.675891637802124
4,9430,4,fours,30,schema_v2_bid_value,16,4,0,2,bidder_partner,offense,0,1,13,10,25,0,,,,,False,False,3,10,4-0,0,3,2-0,0,False,False,,,True,,3,0,2,0,3,18.0,2.071708917617798,23.947616577148438,0.3869999945163727,0.27000001072883606,-31,-20,4,23,34,43,-32.36000000000001,5.103803885050562,12,-34|-31|-29|-14|-12|-9|4|6|19|21|27|34,68,1000,3,3,3,10.839451551437378,0.1080000102519989,0.18300001323223114,False,False,False,False,False,False,multi_peak_pdf|wide_shelf_gap|high_std|large_lower_tail|hidden_threat_large_impact,late_hand,first_trick_public_belief_update|late_trick_threshold_closure,distribution_labels_ready|hidden_threat_offline_label_ready|public_context_ready,bid_margin,True,8,0,6-4,28.129181027412415,3,6-4,25.879246801137924,0,6-4,26.779180973768234
4,9430,4,fours,30,schema_v2_bid_value,16,4,0,2,bidder_partner,offense,0,1,13,10,25,0,,,,,False,False,3,10,4-0,3,10,4-0,0,False,True,,,True,,3,0,2,0,3,18.0,12.897181510925293,22.554611206054688,0.4950000047683716,0.08699999749660492,-15,-7,9,34,34,41,-28.660000000000004,3.9699333465616418,10,-34|-14|-12|-10|-7|-4|3|4|9|34,68,1000,2,1,1,0.013978958129882812,0.0,0.0,True,False,True,True,True,False,high_variance_close_mean|multi_peak_pdf|wide_shelf_gap|high_std|hidden_threat_large_impact,called_suit_pressure|late_hand,first_trick_public_belief_update|late_trick_threshold_closure,distribution_labels_ready|hidden_threat_offline_label_ready|public_context_ready,bid_margin,True,8,0,6-4,26.55415615439415,1,6-4,23.682849377393723,0,6-4,26.119156166911125
4,9430,4,fours,30,schema_v2_bid_value,16,4,0,2,bidder_partner,offense,0,1,13,10,25,0,,,,,False,False,3,10,4-0,4,12,4-2,0,False,True,,,True,,3,0,2,0,3,18.0,12.911160469055176,22.529565811157227,0.4950000047683716,0.08699999749660492,-15,-7,9,34,34,41,-28.590000000000003,3.9845146715273145,10,-34|-14|-12|-9|-7|-4|3|4|9|34,68,1000,1,2,2,0.0,0.0,0.0,False,True,False,False,False,True,scalar_ev_lying_by_omission|multi_peak_pdf|wide_shelf_gap|high_std|hidden_threat_large_impact,called_suit_pressure|late_hand,first_trick_public_belief_update|late_trick_threshold_closure,distribution_labels_ready|hidden_threat_offline_label_ready|public_context_ready,bid_margin,True,8,0,6-4,26.530388683080673,1,6-4,23.656236618757248,0,6-4,26.09538869559765
4,9430,4,fours,30,schema_v2_bid_value,17,4,1,3,right_setter,defense,1,1,13,10,25,0,7,called,2,offense,False,True,4,13,4-3,4,13,4-3,0,False,True,True,True,True,39,3,5,1,0,1,-17.0,-11.496077537536621,26.21600914001465,0.4790000021457672,0.5210000276565552,-35,-34,-26,8,34,42,-35.0,3.5531085035649825,8,-35|-32|-26|-9|-6|-4|9|34,69,1000,1,1,1,0.0,0.0,0.0,True,True,True,True,False,False,multi_peak_pdf|wide_shelf_gap|high_std|large_lower_tail|hidden_threat_large_impact,called_suit_pressure|late_hand,first_trick_public_belief_update|late_trick_threshold_closure,distribution_labels_ready|hidden_threat_offline_label_ready|public_context_ready,bid_margin,True,8,1,6-4,39.736230075359344,0,6-4,22.80031841993332,1,6-4,37.13122993707657
4,9430,4,fours,30,schema_v2_bid_value,18,4,2,0,bidder,offense,2,1,13,10,25,0,7,called,3,defense,False,True,4,25,6-4,4,25,6-4,10,False,True,True,True,True,42,3,10,1,1,1,18.0,26.625362396240234,12.918367385864258,0.8309999704360962,0.0,8,30,32,33,34,3,-7.079999999999998,3.0610203782211576,4,-10|-7|9|33,43,1000,1,1,1,0.0,0.0,0.0,True,True,True,True,False,False,multi_peak_pdf|wide_shelf_gap|hidden_threat_large_impact,called_suit_pressure|late_hand,first_trick_public_belief_update|late_trick_threshold_closure,distribution_labels_ready|hidden_threat_offline_label_ready|public_context_ready,bid_margin,True,8,3,4-2,32.9620675444603,3,4-2,29.239500135183334,2,4-2,9.016137838363647
4,9430,4,fours,30,schema_v2_bid_value,19,4,3,1,left_setter,defense,3,1,13,20,15,10,7,called,0,offense,False,True,3,17,5-2,3,17,5-2,0,False,False,False,False,False,0,3,10,0,1,3,-17.0,-29.586116790771484,12.6104736328125,0.15800000727176666,0.8420000076293945,-35,-35,-35,-35,-11,0,-35.0,0.7821841651269643,3,-35|-11|11,46,1000,2,1,1,0.0273284912109375,0.0,0.0,True,False,True,True,True,False,high_variance_close_mean|multi_peak_pdf|wide_shelf_gap|large_lower_tail|hidden_threat_large_impact,last_to_act|late_hand,first_trick_public_belief_update|last_to_act_closure_policy|late_trick_threshold_closure,distribution_labels_ready|hidden_threat_offline_label_ready|public_context_ready,bid_margin,True,8,3,4-2,44.16084894537926,2,6-2,7.527447775006294,3,4-2,39.950848907232285
4,9430,4,fours,30,schema_v2_bid_value,19,4,3,1,left_setter,defense,3,1,13,20,15,10,7,called,0,offense,False,True,3,17,5-2,4,18,5-3,0,False,False,False,False,False,0,3,10,0,1,3,-17.0,-29.558788299560547,12.64251708984375,0.15800000727176666,0.8420000076293945,-35,-35,-35,-35,-11,0,-35.0,0.7821841651269643,3,-35|-11|11,46,1000,1,2,2,0.0,0.0,0.0,False,True,False,False,True,True,scalar_ev_lying_by_omission|high_variance_close_mean|multi_peak_pdf|wide_shelf_gap|large_lower_tail|hidden_threat_large_impact,last_to_act|late_hand,first_trick_public_belief_update|last_to_act_closure_policy|late_trick_threshold_closure,distribution_labels_ready|hidden_threat_offline_label_ready|public_context_ready,bid_margin,True,8,3,4-2,44.27476319670677,2,6-2,7.546418264508247,3,4-2,40.0647631585598
4,9430,4,fours,30,schema_v2_bid_value,19,4,3,1,left_setter,defense,3,1,13,20,15,10,7,called,0,offense,False,True,3,17,5-2,5,20,5-5,10,True,False,False,False,False,0,3,10,0,1,3,-17.0,-32.881065368652344,5.9849653244018555,0.06199999898672104,0.9380000233650208,-35,-35,-35,-35,-31,0,-35.0,0.8780639057288366,3,-35|-31|-10,25,1000,3,3,3,3.322277069091797,0.09600000828504562,0.09600001573562622,False,False,False,False,False,False,multi_peak_pdf|wide_shelf_gap|large_lower_tail|hidden_threat_large_impact,last_to_act|late_hand|setter_count_pressure,first_trick_public_belief_update|last_to_act_closure_policy|late_trick_threshold_closure|setter_count_before_certainty,distribution_labels_ready|hidden_threat_offline_label_ready|needs_real_bid_margin|public_context_ready,bid_margin,True,8,3,4-2,16.34772200882435,2,6-2,2.7848924919962883,3,4-2,14.69569642841816
4,9430,4,fours,30,schema_v2_bid_value,20,5,0,0,bidder,offense,2,12,13,20,15,0,,,,,False,False,0,5,2-2,0,5,2-2,0,True,False,,,True,,2,0,0,1,2,18.0,4.701662540435791,19.313072204589844,0.48899999260902405,0.2939999997615814,-22,-21,17,22,22,43,-22.0,2.7129576314129156,5,-22|-6|-2|17|22,44,1000,1,1,1,0.0,0.0,0.0,True,True,True,True,True,True,scalar_ev_lying_by_omission|high_variance_close_mean|multi_peak_pdf|wide_shelf_gap|high_std|large_lower_tail|hidden_threat_large_impact,late_hand,first_trick_public_belief_update|late_trick_threshold_closure,distribution_labels_ready|hidden_threat_offline_label_ready|public_context_ready,bid_margin,True,8,2,4-2,25.146490454673767,3,4-2,21.61886164546013,2,4-2,23.67649045586586
4,9430,4,fours,30,schema_v2_bid_value,20,5,0,0,bidder,offense,2,12,13,20,15,0,,,,,False,False,0,5,2-2,2,23,6-2,0,False,False,,,True,,2,0,0,1,2,18.0,2.443793773651123,19.87982749938965,0.48899999260902405,0.3529999852180481,-22,-21,-1,22,22,43,-22.0,2.5990588939543398,5,-22|-9|-3|-1|22,44,1000,2,2,2,2.257868766784668,0.0,0.058999985456466675,False,False,False,False,False,False,multi_peak_pdf|wide_shelf_gap|high_std|large_lower_tail|hidden_threat_large_impact,late_hand,first_trick_public_belief_update|late_trick_threshold_closure,distribution_labels_ready|hidden_threat_offline_label_ready|public_context_ready,bid_margin,True,8,2,4-2,28.013974249362946,3,4-2,24.362890392541885,2,4-2,26.248974323272705
4,9430,4,fours,30,schema_v2_bid_value,21,5,1,1,left_setter,defense,3,12,13,20,15,0,2,2,0,offense,False,True,4,18,5-3,4,18,5-3,0,False,False,False,False,False,0,2,10,0,1,2,-17.0,-14.302456855773926,15.402365684509277,0.2549999952316284,0.7450000047683716,-23,-23,-23,6,6,29,-23.0,1.0468086622405364,3,-23|6|23,46,1000,1,1,1,0.0,0.0,0.0,True,True,True,True,True,True,scalar_ev_lying_by_omission|high_variance_close_mean|multi_peak_pdf|wide_shelf_gap|high_std|large_lower_tail|hidden_threat_large_impact,late_hand,first_trick_public_belief_update|late_trick_threshold_closure,distribution_labels_ready|hidden_threat_offline_label_ready|public_context_ready,bid_margin,True,8,3,4-2,40.33125352859497,2,4-2,12.57150661945343,3,4-2,36.60625350475311
4,9430,4,fours,30,schema_v2_bid_value,21,5,1,1,left_setter,defense,3,12,13,20,15,0,2,2,0,offense,False,True,4,18,5-3,5,20,5-5,10,True,False,False,False,False,0,2,10,0,1,2,-17.0,-17.534828186035156,12.516875267028809,0.2549999952316284,0.7450000047683716,-23,-23,-23,-13,-12,10,-23.0,1.2227430795466496,3,-23|-13|23,46,1000,2,2,2,3.2323713302612305,0.0,0.0,False,False,False,False,False,False,multi_peak_pdf|wide_shelf_gap|large_lower_tail|hidden_threat_large_impact,late_hand|setter_count_pressure,first_trick_public_belief_update|late_trick_threshold_closure|setter_count_before_certainty,distribution_labels_ready|hidden_threat_offline_label_ready|needs_real_bid_margin|public_context_ready,bid_margin,True,8,3,4-2,30.944804549217224,2,4-2,9.360493779182434,3,4-2,27.219804525375366
4,9430,4,fours,30,schema_v2_bid_value,22,5,2,2,bidder_partner,offense,0,12,13,20,15,0,2,2,0,offense,True,False,0,3,2-0,0,3,2-0,0,False,False,True,False,False,18,2,0,1,0,1,18.0,22.938602447509766,1.9073486328125e-06,1.0,0.0,23,23,23,23,23,0,23.0,-0.0,1,23,,1000,1,1,1,0.0,0.0,0.0,True,True,True,True,False,False,,late_hand,first_trick_public_belief_update|late_trick_threshold_closure,distribution_labels_ready|hidden_threat_offline_label_ready|public_context_ready,bid_margin,True,4,3,1-0,0.0,3,1-0,0.0,3,1-0,0.0
4,9430,4,fours,30,schema_v2_bid_value,23,5,3,3,right_setter,defense,1,12,13,20,15,0,2,2,0,offense,False,True,3,8,3-2,3,8,3-2,5,False,False,True,False,False,21,2,5,0,0,1,-17.0,-22.97252082824707,0.015838315710425377,0.0,1.0,-23,-23,-23,-23,-23,0,-23.0,-0.0,1,-23,,1000,1,1,1,0.0,0.0,0.0,True,True,True,True,False,False,large_lower_tail,last_to_act|late_hand|setter_count_pressure,first_trick_public_belief_update|last_to_act_closure_policy|late_trick_threshold_closure|setter_count_before_certainty,distribution_labels_ready|hidden_threat_offline_label_ready|needs_real_bid_margin|public_context_ready,bid_margin,True,5,0,4-2,0.0161590576171875,2,4-2,0.015527725219726562,0,4-2,0.0161590576171875
4,9430,4,fours,30,schema_v2_bid_value,24,6,0,0,bidder,offense,2,18,13,25,10,0,,,,,False,False,2,23,6-2,2,23,6-2,0,False,False,,,True,,1,0,0,0,1,18.0,0.10956992954015732,16.60597801208496,0.0,0.0,-17,-17,16,16,16,33,-17.0,0.9997114417528099,2,-17|16,33,1000,1,1,1,0.0,0.0,0.0,True,True,True,True,False,False,multi_peak_pdf|wide_shelf_gap|high_std|hidden_threat_large_impact,late_hand,first_trick_public_belief_update|late_trick_threshold_closure,distribution_labels_ready|hidden_threat_offline_label_ready|public_context_ready,bid_margin,True,5,2,1-0,16.94148101657629,2,1-0,16.94148101657629,3,1-0,16.277116395533085
4,9430,4,fours,30,schema_v2_bid_value,25,6,1,1,left_setter,defense,3,18,13,25,10,0,6,6,0,offense,False,True,5,20,5-5,5,20,5-5,10,True,False,False,False,False,0,1,10,0,1,1,-17.0,0.13456793129444122,16.49240493774414,1.0,0.0,-16,-16,17,17,17,33,-16.0,0.9999884584088952,2,-16|17,33,1000,1,1,1,0.0,0.0,0.0,True,True,True,True,False,False,multi_peak_pdf|wide_shelf_gap|high_std|hidden_threat_large_impact,late_hand|setter_count_pressure,first_trick_public_belief_update|late_trick_threshold_closure|setter_count_before_certainty,distribution_labels_ready|hidden_threat_offline_label_ready|needs_real_bid_margin|public_context_ready,bid_margin,True,4,3,1-0,16.558506682515144,3,1-0,16.558506682515144,2,1-0,16.426560685038567
4,9430,4,fours,30,schema_v2_bid_value,26,6,2,2,bidder_partner,offense,0,18,13,35,0,10,6,6,0,offense,True,False,4,12,4-2,4,12,4-2,0,False,True,False,True,True,38,1,0,1,0,1,18.0,16.63459587097168,3.814697265625e-06,0.0,0.0,17,17,17,17,17,0,17.0,-0.0,1,17,,1000,1,1,1,0.0,0.0,0.0,True,True,True,True,False,False,,called_suit_pressure|late_hand,first_trick_public_belief_update|late_trick_threshold_closure,distribution_labels_ready|hidden_threat_offline_label_ready|public_context_ready,bid_margin,True,1,3,1-0,1.9073486328125e-06,3,1-0,1.9073486328125e-06,3,1-0,0.0
4,9430,4,fours,30,schema_v2_bid_value,27,6,3,3,right_setter,defense,1,18,13,35,0,10,6,6,2,offense,False,True,1,1,1-0,1,1,1-0,0,False,False,False,False,False,0,1,0,0,0,1,-17.0,-16.585006713867188,0.0,1.0,0.0,-17,-17,-17,-17,-17,0,-17.0,-0.0,1,-17,,1000,1,1,1,0.0,0.0,0.0,True,True,True,True,False,False,,last_to_act|late_hand,first_trick_public_belief_update|last_to_act_closure_policy|late_trick_threshold_closure,distribution_labels_ready|public_context_ready,bid_margin,False,0,,,,,,,,,
5,9430,5,fives,30,schema_v2_bid_value,0,0,0,0,bidder,offense,2,0,0,0,35,0,,,,,False,False,5,26,6-5,0,5,2-2,0,True,False,,,True,,7,15,1,2,7,18.0,-5.019287109375,27.08540916442871,0.2329999953508377,0.38499999046325684,-41,-29,-8,16,39,45,-41.51999999999999,6.073865326645111,5,-42|-30|-18|7|41,83,1000,1,2,1,0.0,0.04600001871585846,0.0,False,True,False,True,False,True,scalar_ev_lying_by_omission|multi_peak_pdf|wide_shelf_gap|high_std|large_lower_tail|hidden_threat_large_impact,bidder_opening_lead|first_trick,bidder_first_lead_plan,hidden_threat_offline_label_ready|public_context_ready,bid_margin,True,8,2,5-5,35.21030887030065,1,5-5,19.15304354671389,2,5-5,33.355336929671466
5,9430,5,fives,30,schema_v2_bid_value,0,0,0,0,bidder,offense,2,0,0,0,35,0,,,,,False,False,5,26,6-5,1,11,4-1,5,False,False,,,True,,7,15,1,2,7,18.0,-10.907770156860352,26.41567611694336,0.16200000047683716,0.44600000977516174,-41,-37,-15,7,35,44,-41.73,5.905441629122334,5,-41|-39|-36|-12|40,81,1000,6,7,4,5.888483047485352,0.11700001358985901,0.06100001931190491,False,False,False,False,False,False,multi_peak_pdf|wide_shelf_gap|high_std|large_lower_tail|hidden_threat_large_impact,bidder_opening_lead|first_trick,bidder_first_lead_plan,hidden_threat_offline_label_ready|public_context_ready,bid_margin,True,8,2,5-5,33.12026178371161,3,5-5,17.845066296402365,2,5-5,30.918272939976305
5,9430,5,fives,30,schema_v2_bid_value,0,0,0,0,bidder,offense,2,0,0,0,35,0,,,,,False,False,5,26,6-5,2,23,6-2,0,False,False,,,True,,7,15,1,2,7,18.0,-10.573046684265137,27.168447494506836,0.1809999942779541,0.460999995470047,-42,-37,-14,8,37,45,-42.0,5.860819510013249,3,-42|38|41,83,1000,5,5,5,5.553759574890137,0.09800001978874207,0.07600000500679016,False,False,False,False,False,False,multi_peak_pdf|wide_shelf_gap|high_std|large_lower_tail|hidden_threat_large_impact,bidder_opening_lead|first_trick,bidder_first_lead_plan,hidden_threat_offline_label_ready|public_context_ready,bid_margin,True,8,2,5-5,35.45296277850866,1,5-5,19.534263264853507,2,5-5,33.35804684087634
5,9430,5,fives,30,schema_v2_bid_value,0,0,0,0,bidder,offense,2,0,0,0,35,0,,,,,False,False,5,26,6-5,3,24,6-3,0,False,False,,,True,,7,15,1,2,7,18.0,-8.885412216186523,27.50784683227539,0.20000000298023224,0.4339999854564667,-41,-36,-13,10,37,46,-41.88,5.922318177934919,2,-42|41,83,1000,3,3,2,3.8661251068115234,0.07900001108646393,0.04899999499320984,False,False,False,False,False,False,multi_peak_pdf|wide_shelf_gap|high_std|large_lower_tail|hidden_threat_large_impact,bidder_opening_lead|first_trick,bidder_first_lead_plan,hidden_threat_offline_label_ready|public_context_ready,bid_margin,True,8,2,5-5,36.4999600853771,1,5-5,20.122240569908172,2,5-5,34.385982568375766
5,9430,5,fives,30,schema_v2_bid_value,0,0,0,0,bidder,offense,2,0,0,0,35,0,,,,,False,False,5,26,6-5,4,25,6-4,10,False,False,,,True,,7,15,1,2,7,18.0,-14.218116760253906,27.165178298950195,0.164000004529953,0.5180000066757202,-42,-40,-20,2,36,42,-42.0,5.595266751986041,3,-42|-37|40,82,1000,7,6,7,9.198829650878906,0.11500000953674316,0.13300001621246338,False,False,False,False,False,False,multi_peak_pdf|wide_shelf_gap|high_std|large_lower_tail|hidden_threat_large_impact,bidder_opening_lead|first_trick,bidder_first_lead_plan,hidden_threat_offline_label_ready|public_context_ready,bid_margin,True,8,2,5-5,32.3093441426754,2,6-1,18.58811915293336,2,5-5,30.39161305129528
5,9430,5,fives,30,schema_v2_bid_value,0,0,0,0,bidder,offense,2,0,0,0,35,0,,,,,False,False,5,26,6-5,5,26,6-5,0,False,True,,,True,,7,15,1,2,7,18.0,-7.018294811248779,31.183324813842773,0.27900001406669617,0.4659999907016754,-42,-39,-14,25,40,64,-42.0,5.571040159621067,3,-42|-19|41,83,1000,2,1,6,1.9990077018737793,0.0,0.08100000023841858,True,False,True,False,False,False,multi_peak_pdf|wide_shelf_gap|high_std|large_lower_tail|hidden_threat_large_impact,bidder_opening_lead|called_suit_pressure|first_trick,bidder_first_lead_plan,hidden_threat_offline_label_ready|public_context_ready,bid_margin,True,8,2,5-5,44.51264391466975,1,5-5,23.57839085534215,2,5-5,42.33670558594167
5,9430,5,fives,30,schema_v2_bid_value,0,0,0,0,bidder,offense,2,0,0,0,35,0,,,,,False,False,5,26,6-5,6,27,6-6,0,True,False,,,True,,7,15,1,2,7,18.0,-9.116894721984863,27.735950469970703,0.1979999989271164,0.44200000166893005,-42,-36,-12,10,38,46,-42.0,5.877964140566206,2,-42|41,83,1000,4,4,3,4.097607612609863,0.08100001513957977,0.05700001120567322,False,False,False,False,False,False,multi_peak_pdf|wide_shelf_gap|high_std|large_lower_tail|hidden_threat_large_impact,bidder_opening_lead|first_trick,bidder_first_lead_plan,hidden_threat_offline_label_ready|public_context_ready,bid_margin,True,8,2,5-5,36.08822660893202,1,5-5,19.687276039272547,2,5-5,34.04629383608699
5,9430,5,fives,30,schema_v2_bid_value,1,0,1,1,left_setter,defense,3,0,0,0,35,0,7,called,0,offense,False,True,5,20,5-5,3,17,5-2,0,False,True,True,False,False,39,7,10,3,3,3,-17.0,10.458990097045898,14.125326156616211,0.9950000047683716,0.003000000026077032,-7,-1,8,21,30,22,-10.32,5.674796390859265,9,-8|-6|-4|3|7|14|20|29|30,38,1000,2,2,2,21.86198616027832,0.004999995231628418,0.003000000026077032,False,False,False,False,False,False,multi_peak_pdf|wide_shelf_gap|hidden_threat_large_impact,called_suit_pressure|first_setter_response|first_trick,first_setter_pounce_window,hidden_threat_offline_label_ready|needs_real_bid_margin,bid_margin,True,8,3,6-6,8.761589079163969,0,6-6,5.338576005306095,3,6-6,8.746589079033583
5,9430,5,fives,30,schema_v2_bid_value,1,0,1,1,left_setter,defense,3,0,0,0,35,0,7,called,0,offense,False,True,5,20,5-5,4,18,5-3,0,False,True,True,False,False,40,7,10,3,3,3,-17.0,10.334611892700195,14.18967342376709,0.9940000176429749,0.003000000026077032,-7,-1,8,21,30,22,-10.540000000000001,5.676197535081017,8,-8|-4|-2|2|3|7|14|29,37,1000,3,3,3,21.986364364624023,0.0059999823570251465,0.003000000026077032,False,False,False,False,False,False,multi_peak_pdf|wide_shelf_gap|hidden_threat_large_impact,called_suit_pressure|first_setter_response|first_trick,first_setter_pounce_window,hidden_threat_offline_label_ready|needs_real_bid_margin,bid_margin,True,8,3,6-6,8.783767371438444,0,6-6,5.336530552711338,3,6-6,8.768767371308059
5,9430,5,fives,30,schema_v2_bid_value,1,0,1,1,left_setter,defense,3,0,0,0,35,0,7,called,0,offense,False,True,5,20,5-5,5,20,5-5,10,True,True,True,True,True,46,7,10,3,3,3,-17.0,32.32097625732422,11.014674186706543,1.0,0.0,14,26,38,41,41,15,7.99,4.444775174754975,5,27|29|32|36|41,14,1000,1,1,1,0.0,0.0,0.0,True,True,True,True,False,False,multi_peak_pdf|hidden_threat_large_impact,called_suit_pressure|first_setter_response|first_trick|setter_count_pressure,first_setter_pounce_window|setter_count_before_certainty,hidden_threat_offline_label_ready|needs_real_bid_margin,bid_margin,True,8,0,5-4,6.828832626342773,0,5-4,6.828832626342773,3,5-4,4.781982421875
5,9430,5,fives,30,schema_v2_bid_value,2,0,2,2,bidder_partner,offense,0,0,0,10,25,10,7,called,1,defense,False,True,5,15,5-0,5,15,5-0,5,False,True,True,False,False,37,7,5,1,1,1,18.0,-34.29236602783203,11.345839500427246,0.0,0.9020000100135803,-42,-42,-40,-31,-18,11,-42.0,4.045240484924723,3,-42|-38|-34,8,1000,1,1,1,0.0,0.0,0.0,True,True,True,True,False,False,multi_peak_pdf|large_lower_tail|hidden_threat_large_impact,called_suit_pressure|first_trick|partner_count_donation|partner_third_seat_support,partner_forcedness_and_safety|partner_third_seat_safe_donation,hidden_threat_offline_label_ready|needs_belief_model|public_context_ready,bid_margin,True,8,0,5-4,5.93882155418396,0,4-1,3.9295566082000732,0,5-4,5.546468615531921
5,9430,5,fives,30,schema_v2_bid_value,3,0,3,3,right_setter,defense,1,0,0,15,20,15,7,called,1,defense,True,False,5,16,5-1,5,16,5-1,0,False,True,True,False,False,38,7,5,2,1,2,-17.0,32.63670349121094,10.756706237792969,1.0,0.0,16,27,38,41,41,14,8.739999999999997,4.240060805331932,4,28|31|35|41,13,1000,1,1,1,0.0,0.0,0.0,True,True,True,True,True,False,high_variance_close_mean|multi_peak_pdf,called_suit_pressure|defender_last_to_act_closure|first_trick|last_to_act,last_to_act_closure_policy,hidden_threat_offline_label_ready|public_context_ready,bid_margin,True,8,1,5-3,4.914585113525391,1,2-1,3.4727325439453125,1,5-3,4.914585113525391
5,9430,5,fives,30,schema_v2_bid_value,3,0,3,3,right_setter,defense,1,0,0,15,20,15,7,called,1,defense,True,False,5,16,5-1,6,19,5-4,0,False,True,True,False,False,41,7,5,2,1,2,-17.0,26.918806076049805,13.51008129119873,1.0,0.0,6,17,30,40,41,23,-0.20000000000000107,5.059579286972266,7,15|24|27|29|31|35|41,26,1000,2,2,2,5.717897415161133,0.0,0.0,False,False,False,False,False,False,multi_peak_pdf|wide_shelf_gap|hidden_threat_large_impact,called_suit_pressure|defender_last_to_act_closure|first_trick|last_to_act,last_to_act_closure_policy,hidden_threat_offline_label_ready|public_context_ready,bid_margin,True,8,1,5-3,9.513425827026367,2,5-3,4.782472610473633,1,5-3,9.513425827026367
5,9430,5,fives,30,schema_v2_bid_value,4,1,0,1,left_setter,defense,3,0,16,15,20,0,,,,,False,False,2,14,4-4,0,2,1-1,0,True,False,,,True,,6,0,2,2,6,-17.0,16.260690689086914,14.22227668762207,0.984000027179718,0.012000000104308128,-6,6,19,30,32,24,-11.17,5.334944919601095,9,3|7|10|19|22|25|30|32|33,30,1000,2,2,2,2.4132633209228516,0.0059999823570251465,0.003999999724328518,False,False,False,False,False,False,multi_peak_pdf|wide_shelf_gap|hidden_threat_large_impact,setter_lead_pressure,defender_damage_lead_class|first_trick_public_belief_update,hidden_threat_offline_label_ready|needs_real_bid_margin|public_context_ready,bid_margin,True,8,3,5-4,13.530905719846487,0,5-4,7.08083114400506,3,5-4,13.470905719324946
5,9430,5,fives,30,schema_v2_bid_value,4,1,0,1,left_setter,defense,3,0,16,15,20,0,,,,,False,False,2,14,4-4,1,7,3-1,0,False,False,,,True,,6,0,2,2,6,-17.0,9.410618782043457,16.12198829650879,0.9549999833106995,0.035999998450279236,-12,-4,9,24,32,28,-17.02,5.645046721439593,12,-8|-3|0|3|6|9|11|15|17|19|30|33,41,1000,5,5,5,9.263335227966309,0.0350000262260437,0.027999998070299625,False,False,False,False,False,False,multi_peak_pdf|wide_shelf_gap|high_std|hidden_threat_large_impact,setter_lead_pressure,defender_damage_lead_class|first_trick_public_belief_update,hidden_threat_offline_label_ready|needs_real_bid_margin|public_context_ready,bid_margin,True,8,3,3-3,12.374791624955833,0,3-3,6.728537023067474,3,3-3,12.225372673477978
5,9430,5,fives,30,schema_v2_bid_value,4,1,0,1,left_setter,defense,3,0,16,15,20,0,,,,,False,False,2,14,4-4,2,14,4-4,0,True,False,,,True,,6,0,2,2,6,-17.0,18.673954010009766,13.140769004821777,0.9900000095367432,0.00800000037997961,-2,11,21,30,32,19,-8.830000000000004,5.176592298650247,8,9|13|15|19|22|25|29|32,23,1000,1,1,1,0.0,0.0,0.0,True,True,True,True,False,False,multi_peak_pdf|wide_shelf_gap|hidden_threat_large_impact,setter_lead_pressure,defender_damage_lead_class|first_trick_public_belief_update,hidden_threat_offline_label_ready|needs_real_bid_margin|public_context_ready,bid_margin,True,8,3,5-4,11.379600128158927,0,5-4,6.645473511889577,3,5-4,11.339600126259029
5,9430,5,fives,30,schema_v2_bid_value,4,1,0,1,left_setter,defense,3,0,16,15,20,0,,,,,False,False,2,14,4-4,3,17,5-2,0,False,True,,,True,,6,0,2,2,6,-17.0,10.888833999633789,16.163564682006836,0.972000002861023,0.024000000208616257,-10,-4,10,28,32,32,-15.369999999999997,5.511787408071963,9,-8|-6|5|6|8|16|17|19|33,41,1000,3,3,3,7.785120010375977,0.018000006675720215,0.015999999828636646,False,False,False,False,False,False,multi_peak_pdf|wide_shelf_gap|high_std|hidden_threat_large_impact,called_suit_pressure|setter_lead_pressure,defender_damage_lead_class|first_trick_public_belief_update,hidden_threat_offline_label_ready|needs_real_bid_margin|public_context_ready,bid_margin,True,8,3,5-4,17.900710575282574,0,5-4,9.513071745634079,3,5-4,17.780710574239492
5,9430,5,fives,30,schema_v2_bid_value,4,1,0,1,left_setter,defense,3,0,16,15,20,0,,,,,False,False,2,14,4-4,4,18,5-3,0,False,True,,,True,,6,0,2,2,6,-17.0,10.754877090454102,16.2969913482666,0.9710000157356262,0.02500000037252903,-11,-4,10,28,32,32,-15.54,5.5018709431139365,9,-9|-8|-5|5|8|12|17|19|33,42,1000,4,4,4,7.919076919555664,0.018999993801116943,0.01699999999254942,False,False,False,False,False,False,multi_peak_pdf|wide_shelf_gap|high_std|hidden_threat_large_impact,called_suit_pressure|setter_lead_pressure,defender_damage_lead_class|first_trick_public_belief_update,hidden_threat_offline_label_ready|needs_real_bid_margin|public_context_ready,bid_margin,True,8,3,5-4,18.1775482930243,0,5-4,9.478287119418383,3,5-4,18.052548291161656
5,9430,5,fives,30,schema_v2_bid_value,4,1,0,1,left_setter,defense,3,0,16,15,20,0,,,,,False,False,2,14,4-4,6,22,6-1,0,False,False,,,True,,6,0,2,2,6,-17.0,7.269630432128906,16.344383239746094,0.9449999928474426,0.04699999839067459,-14,-6,6,21,32,27,-17.95,5.623255470253199,10,-11|-7|-5|-3|6|8|19|28|29|33,44,1000,6,6,6,11.40432357788086,0.04500001668930054,0.03899999801069498,False,False,False,False,False,False,multi_peak_pdf|wide_shelf_gap|high_std|hidden_threat_large_impact,setter_lead_pressure,defender_damage_lead_class|first_trick_public_belief_update,hidden_threat_offline_label_ready|needs_real_bid_margin|public_context_ready,bid_margin,True,8,3,6-6,15.108905960805714,0,6-6,7.88791973143816,3,6-6,14.888831342104822
5,9430,5,fives,30,schema_v2_bid_value,5,1,1,2,bidder_partner,offense,0,0,16,15,20,0,4,4,1,defense,False,True,4,12,4-2,3,10,4-0,0,False,False,True,False,False,20,6,0,0,1,2,18.0,-18.61726188659668,17.498069763183594,0.054999999701976776,0.656000018119812,-33,-32,-27,-10,9,22,-33.0,4.99426321319192,3,-32|-30|-28,4,1000,1,2,1,0.0,0.0010000020265579224,0.0,False,True,False,True,True,True,scalar_ev_lying_by_omission|high_variance_close_mean|multi_peak_pdf|high_std|large_lower_tail|hidden_threat_large_impact,,first_trick_public_belief_update,hidden_threat_offline_label_ready|public_context_ready,bid_margin,True,8,0,5-4,14.438180729746819,0,4-1,8.691232029348612,0,5-4,13.046086236834526
5,9430,5,fives,30,schema_v2_bid_value,5,1,1,2,bidder_partner,offense,0,0,16,15,20,0,4,4,1,defense,False,True,4,12,4-2,4,12,4-2,0,False,False,True,False,False,22,6,0,0,1,2,18.0,-18.965787887573242,17.430477142333984,0.0560000017285347,0.6679999828338623,-33,-32,-28,-11,10,21,-33.01,4.9455363487346125,4,-32|-30|-28|-21,11,1000,2,1,2,0.3485260009765625,0.0,0.011999964714050293,True,False,True,False,True,False,high_variance_close_mean|multi_peak_pdf|high_std|large_lower_tail|hidden_threat_large_impact,,first_trick_public_belief_update,hidden_threat_offline_label_ready|public_context_ready,bid_margin,True,8,0,5-4,14.108077719807625,0,4-1,8.550541836768389,0,5-4,12.773977503180504
5,9430,5,fives,30,schema_v2_bid_value,6,1,2,3,right_setter,defense,1,0,16,15,20,0,4,4,1,defense,True,False,4,13,4-3,4,13,4-3,0,False,False,True,False,False,23,6,5,1,1,1,-17.0,19.235139846801758,13.632680892944336,0.9860000014305115,0.012000000104308128,-2,10,25,30,32,20,-9.340000000000003,5.069907734448503,7,5|10|15|24|27|29|32,27,1000,1,1,1,0.0,0.0,0.0,True,True,True,True,False,False,multi_peak_pdf|wide_shelf_gap|hidden_threat_large_impact,,first_trick_public_belief_update,hidden_threat_offline_label_ready|public_context_ready,bid_margin,True,8,1,5-3,8.840524431318045,0,5-3,6.241646409034729,1,5-3,8.780524430796504
5,9430,5,fives,30,schema_v2_bid_value,7,1,3,0,bidder,offense,2,0,16,15,20,0,4,4,1,defense,False,True,1,11,4-1,1,11,4-1,5,False,False,True,False,False,21,6,15,0,2,2,18.0,-14.103570938110352,17.106201171875,0.03200000151991844,0.4950000047683716,-32,-31,-18,0,11,31,-32.14,4.932100140805428,5,-32|-6|0|10|19,51,1000,1,1,1,0.0,0.0,0.0,True,True,True,True,True,True,scalar_ev_lying_by_omission|high_variance_close_mean|multi_peak_pdf|wide_shelf_gap|high_std|large_lower_tail|hidden_threat_large_impact,last_to_act,first_trick_public_belief_update|last_to_act_closure_policy,hidden_threat_offline_label_ready|public_context_ready,bid_margin,True,8,2,5-4,23.905719615519047,3,5-4,14.470597069710493,2,5-4,21.43071959167719
5,9430,5,fives,30,schema_v2_bid_value,7,1,3,0,bidder,offense,2,0,16,15,20,0,4,4,1,defense,False,True,1,11,4-1,4,25,6-4,10,False,False,True,False,False,26,6,15,0,2,2,18.0,-21.17207145690918,11.9351806640625,0.0,0.6480000019073486,-32,-32,-26,-13,-4,19,-32.16,4.597012405372736,10,-32|-28|-25|-22|-20|-17|-15|-13|-10|8,40,1000,2,2,2,7.068500518798828,0.03200000151991844,0.15299999713897705,False,False,False,False,False,False,multi_peak_pdf|wide_shelf_gap|large_lower_tail|hidden_threat_large_impact,last_to_act,first_trick_public_belief_update|last_to_act_closure_policy,hidden_threat_offline_label_ready|public_context_ready,bid_margin,True,8,2,5-4,14.530601501464844,3,5-4,9.161179900169373,2,5-4,12.60878324508667
5,9430,5,fives,30,schema_v2_bid_value,8,2,0,1,left_setter,defense,3,0,22,20,15,0,,,,,False,False,0,2,1-1,0,2,1-1,0,True,False,,,True,,5,0,2,1,5,-17.0,7.236261367797852,15.377964973449707,0.9100000262260437,0.07599999755620956,-16,-4,9,23,26,27,-19.58,5.216700912755052,8,-11|-5|-2|0|3|12|23|26,37,1000,1,1,1,0.0,0.0,0.0,True,True,True,True,False,True,scalar_ev_lying_by_omission|multi_peak_pdf|wide_shelf_gap|high_std|hidden_threat_large_impact,setter_lead_pressure,defender_damage_lead_class|first_trick_public_belief_update,hidden_threat_offline_label_ready|needs_real_bid_margin|public_context_ready,bid_margin,True,8,3,5-4,16.225854739546776,0,5-4,9.58333857357502,3,5-4,15.845854751765728
5,9430,5,fives,30,schema_v2_bid_value,8,2,0,1,left_setter,defense,3,0,22,20,15,0,,,,,False,False,0,2,1-1,1,7,3-1,0,False,False,,,True,,5,0,2,1,5,-17.0,2.6520042419433594,16.00404930114746,0.847000002861023,0.1340000033378601,-20,-11,2,17,26,28,-21.54,5.430172459050736,11,-21|-14|-11|-10|-2|0|3|13|22|24|26,47,1000,4,5,5,4.584257125854492,0.06300002336502075,0.05800000578165054,False,False,False,False,False,False,multi_peak_pdf|wide_shelf_gap|high_std|hidden_threat_large_impact,setter_lead_pressure,defender_damage_lead_class|first_trick_public_belief_update,hidden_threat_offline_label_ready|needs_real_bid_margin|public_context_ready,bid_margin,True,8,3,3-3,13.504552356898785,0,5-4,8.332427084445953,3,3-3,12.896090801805258
5,9430,5,fives,30,schema_v2_bid_value,8,2,0,1,left_setter,defense,3,0,22,20,15,0,,,,,False,False,0,2,1-1,3,17,5-2,0,False,True,,,True,,5,0,2,1,5,-17.0,5.032641410827637,16.055988311767578,0.8740000128746033,0.11599999666213989,-19,-9,4,22,26,31,-21.519999999999996,5.274060617864946,9,-22|-11|-9|-1|2|11|13|23|26,48,1000,2,2,3,2.203619956970215,0.03600001335144043,0.03999999910593033,False,False,False,False,False,False,multi_peak_pdf|wide_shelf_gap|high_std|hidden_threat_large_impact,called_suit_pressure|setter_lead_pressure,defender_damage_lead_class|first_trick_public_belief_update,hidden_threat_offline_label_ready|needs_real_bid_margin|public_context_ready,bid_margin,True,8,3,5-4,17.833971738815308,0,5-4,11.08218377828598,3,5-4,17.253971755504608
5,9430,5,fives,30,schema_v2_bid_value,8,2,0,1,left_setter,defense,3,0,22,20,15,0,,,,,False,False,0,2,1-1,4,18,5-3,0,False,True,,,True,,5,0,2,1,5,-17.0,4.913663387298584,16.098899841308594,0.8730000257492065,0.11500000208616257,-19,-9,4,22,26,31,-21.59,5.27862797082643,10,-22|-11|-9|-1|2|10|11|13|24|26,48,1000,3,3,2,2.3225979804992676,0.03700000047683716,0.039000004529953,False,False,False,False,False,False,multi_peak_pdf|wide_shelf_gap|high_std|hidden_threat_large_impact,called_suit_pressure|setter_lead_pressure,defender_damage_lead_class|first_trick_public_belief_update,hidden_threat_offline_label_ready|needs_real_bid_margin|public_context_ready,bid_margin,True,8,3,5-4,17.930942699313164,0,5-4,11.07070578634739,3,5-4,17.35594268888235
5,9430,5,fives,30,schema_v2_bid_value,8,2,0,1,left_setter,defense,3,0,22,20,15,0,,,,,False,False,0,2,1-1,6,22,6-1,0,False,False,,,True,,5,0,2,1,5,-17.0,2.0732502937316895,15.715779304504395,0.8650000095367432,0.11900000274181366,-19,-12,1,17,26,29,-21.26,5.368963313332686,9,-22|-18|-13|-8|1|3|13|23|26,48,1000,5,4,4,5.163011074066162,0.04500001668930054,0.043000005185604095,False,False,False,False,False,False,multi_peak_pdf|wide_shelf_gap|high_std|hidden_threat_large_impact,setter_lead_pressure,defender_damage_lead_class|first_trick_public_belief_update,hidden_threat_offline_label_ready|needs_real_bid_margin|public_context_ready,bid_margin,True,8,3,6-6,15.425682891625911,2,6-6,8.248923778533936,3,6-6,14.845260137924924
5,9430,5,fives,30,schema_v2_bid_value,9,2,1,2,bidder_partner,offense,0,0,22,20,15,0,1,1,1,defense,False,True,1,4,2-1,1,4,2-1,0,False,False,True,False,False,19,5,0,0,1,1,18.0,-13.135028839111328,16.824874877929688,0.09799999743700027,0.5839999914169312,-26,-26,-23,-3,16,23,-27.390000000000004,4.819460848576903,7,-26|-24|-14|-13|0|25|26,52,1000,1,1,1,0.0,0.0,0.0,True,True,True,True,False,False,multi_peak_pdf|wide_shelf_gap|high_std|large_lower_tail|hidden_threat_large_impact,,first_trick_public_belief_update,hidden_threat_offline_label_ready|public_context_ready,bid_margin,True,8,0,5-4,15.62759853899479,3,5-4,9.640518182888627,0,5-4,14.142024740576744
5,9430,5,fives,30,schema_v2_bid_value,10,2,2,3,right_setter,defense,1,0,22,20,15,0,1,1,1,defense,True,False,1,1,1-0,1,1,1-0,0,False,False,True,False,False,17,5,5,1,1,1,-17.0,12.317889213562012,14.089908599853516,0.9509999752044678,0.0430000014603138,-6,0,17,25,26,25,-16.129999999999995,4.9731086299253136,3,-1|23|26,27,1000,1,1,1,0.0,0.0,0.0,True,True,True,True,False,False,multi_peak_pdf|wide_shelf_gap|hidden_threat_large_impact,,first_trick_public_belief_update,hidden_threat_offline_label_ready|public_context_ready,bid_margin,True,8,1,5-3,11.375773377716541,1,2-0,5.650315709412098,1,5-3,11.160773370414972
5,9430,5,fives,30,schema_v2_bid_value,11,2,3,0,bidder,offense,2,0,22,20,15,0,1,1,1,defense,False,True,0,5,2-2,0,5,2-2,0,True,False,False,False,False,0,5,10,0,2,5,18.0,-8.84673023223877,16.834197998046875,0.0989999994635582,0.4410000145435333,-26,-26,-11,4,18,30,-26.130000000000003,4.62336689051275,5,-26|-24|-3|11|24,50,1000,2,1,2,0.73046875,0.0,0.02400001883506775,True,False,True,False,True,False,high_variance_close_mean|multi_peak_pdf|wide_shelf_gap|high_std|large_lower_tail|hidden_threat_large_impact,last_to_act,first_trick_public_belief_update|last_to_act_closure_policy,hidden_threat_offline_label_ready|public_context_ready,bid_margin,True,8,2,5-4,24.21645750105381,3,5-4,13.907476626336575,2,5-4,22.011457428336143
5,9430,5,fives,30,schema_v2_bid_value,11,2,3,0,bidder,offense,2,0,22,20,15,0,1,1,1,defense,False,True,0,5,2-2,2,23,6-2,0,False,False,False,False,False,0,5,10,0,2,5,18.0,-9.013245582580566,16.775609970092773,0.09700000286102295,0.4440000057220459,-26,-26,-12,4,17,30,-26.12,4.607633492535719,6,-26|-24|-2|11|22|24,50,1000,4,2,4,0.8969841003417969,0.001999996602535248,0.027000010013580322,False,False,False,False,True,False,high_variance_close_mean|multi_peak_pdf|wide_shelf_gap|high_std|large_lower_tail|hidden_threat_large_impact,last_to_act,first_trick_public_belief_update|last_to_act_closure_policy,hidden_threat_offline_label_ready|public_context_ready,bid_margin,True,8,2,5-4,24.199356257915497,3,5-4,14.021448642015457,2,5-4,21.979356229305267
5,9430,5,fives,30,schema_v2_bid_value,11,2,3,0,bidder,offense,2,0,22,20,15,0,1,1,1,defense,False,True,0,5,2-2,3,24,6-3,0,False,False,False,False,False,0,5,10,0,2,5,18.0,-8.11626148223877,16.747539520263672,0.09000000357627869,0.4169999957084656,-26,-26,-8,5,16,31,-26.08,4.614250134994401,5,-26|-3|3|11|24,50,1000,1,4,1,0.0,0.00899999588727951,0.0,False,True,False,True,False,True,scalar_ev_lying_by_omission|multi_peak_pdf|wide_shelf_gap|high_std|large_lower_tail|hidden_threat_large_impact,last_to_act,first_trick_public_belief_update|last_to_act_closure_policy,hidden_threat_offline_label_ready|public_context_ready,bid_margin,True,8,2,5-4,22.903748750686646,3,5-4,13.73029637336731,2,5-4,20.818748772144318
5,9430,5,fives,30,schema_v2_bid_value,11,2,3,0,bidder,offense,2,0,22,20,15,0,1,1,1,defense,False,True,0,5,2-2,4,25,6-4,10,False,False,False,False,False,0,5,10,0,2,5,18.0,-18.85822105407715,8.996469497680664,0.0,0.6700000166893005,-26,-26,-23,-14,-2,12,-26.209999999999997,3.977412074580111,6,-26|-23|-17|-14|-11|4,30,1000,5,5,5,10.741959571838379,0.0989999994635582,0.25300002098083496,False,False,False,False,False,False,multi_peak_pdf|wide_shelf_gap|large_lower_tail|hidden_threat_large_impact,last_to_act,first_trick_public_belief_update|last_to_act_closure_policy,hidden_threat_offline_label_ready|public_context_ready,bid_margin,True,8,2,5-4,11.58268654346466,3,5-4,6.715366840362549,2,5-4,9.784410536289215
5,9430,5,fives,30,schema_v2_bid_value,11,2,3,0,bidder,offense,2,0,22,20,15,0,1,1,1,defense,False,True,0,5,2-2,6,27,6-6,0,True,False,False,False,False,0,5,10,0,2,5,18.0,-8.95515251159668,16.760522842407227,0.09700000286102295,0.4429999887943268,-26,-26,-12,4,17,30,-26.11,4.621017841843156,4,-26|-3|11|24,50,1000,3,3,3,0.8388910293579102,0.001999996602535248,0.025999993085861206,False,False,False,False,False,False,multi_peak_pdf|wide_shelf_gap|high_std|large_lower_tail|hidden_threat_large_impact,last_to_act,first_trick_public_belief_update|last_to_act_closure_policy,hidden_threat_offline_label_ready|public_context_ready,bid_margin,True,8,2,5-4,24.107237100601196,3,5-4,14.011268109083176,2,5-4,21.892237156629562
5,9430,5,fives,30,schema_v2_bid_value,12,3,0,1,left_setter,defense,3,0,23,20,15,0,,,,,False,False,3,17,5-2,1,7,3-1,0,False,False,,,True,,4,0,2,0,4,-17.0,-1.0823174715042114,15.53420352935791,0.7910000085830688,0.18400000035762787,-21,-15,-2,11,24,26,-22.34,5.376025102127709,13,-23|-21|-19|-17|-15|-13|-10|-4|-1|1|11|22|25,48,1000,4,4,4,2.4373703002929688,0.054000020027160645,0.03700000047683716,False,False,False,False,False,False,multi_peak_pdf|wide_shelf_gap|high_std|hidden_threat_large_impact,setter_lead_pressure,defender_damage_lead_class|first_trick_public_belief_update,hidden_threat_offline_label_ready|needs_real_bid_margin|public_context_ready,bid_margin,True,8,3,5-4,14.950240090489388,0,5-4,10.437909454107285,3,5-4,14.294215239584446
5,9430,5,fives,30,schema_v2_bid_value,12,3,0,1,left_setter,defense,3,0,23,20,15,0,,,,,False,False,3,17,5-2,3,17,5-2,0,False,True,,,True,,4,0,2,0,4,-17.0,1.3550528287887573,14.963028907775879,0.8450000286102295,0.14800000190734863,-21,-10,0,13,24,23,-22.080000000000002,5.379730128686369,11,-23|-11|-5|-3|-1|0|4|6|9|11|25,48,1000,1,1,2,0.0,0.0,0.0010000020265579224,True,True,True,False,False,True,scalar_ev_lying_by_omission|multi_peak_pdf|wide_shelf_gap|hidden_threat_large_impact,called_suit_pressure|setter_lead_pressure,defender_damage_lead_class|first_trick_public_belief_update,hidden_threat_offline_label_ready|needs_real_bid_margin|public_context_ready,bid_margin,True,8,3,5-4,15.236884977668524,0,5-4,9.12860655784607,3,5-4,14.51241291873157
5,9430,5,fives,30,schema_v2_bid_value,12,3,0,1,left_setter,defense,3,0,23,20,15,0,,,,,False,False,3,17,5-2,4,18,5-3,0,False,True,,,True,,4,0,2,0,4,-17.0,1.2613760232925415,14.903748512268066,0.8450000286102295,0.1469999998807907,-21,-11,0,12,24,23,-22.02,5.37966563781755,8,-22|-11|0|4|6|8|12|25,47,1000,2,2,1,0.09367680549621582,0.0,0.0,False,False,False,True,False,False,multi_peak_pdf|wide_shelf_gap|hidden_threat_large_impact,called_suit_pressure|setter_lead_pressure,defender_damage_lead_class|first_trick_public_belief_update,hidden_threat_offline_label_ready|needs_real_bid_margin|public_context_ready,bid_margin,True,8,3,5-4,15.1637142598629,0,5-4,9.071484833955765,3,5-4,14.428714260458946
5,9430,5,fives,30,schema_v2_bid_value,12,3,0,1,left_setter,defense,3,0,23,20,15,0,,,,,False,False,3,17,5-2,6,22,6-1,0,False,False,,,True,,4,0,2,0,4,-17.0,-0.27672770619392395,15.38703727722168,0.8220000267028809,0.15000000596046448,-20,-13,-1,13,24,26,-21.89,5.367946995098609,12,-23|-20|-17|-13|-12|-10|-5|1|11|12|22|25,48,1000,3,3,3,1.6317805349826813,0.023000001907348633,0.003000006079673767,False,False,False,False,False,False,multi_peak_pdf|wide_shelf_gap|high_std|hidden_threat_large_impact,setter_lead_pressure,defender_damage_lead_class|first_trick_public_belief_update,hidden_threat_offline_label_ready|needs_real_bid_margin|public_context_ready,bid_margin,True,8,3,6-6,14.169711150228977,0,5-4,9.596015006303787,3,6-6,13.624989721924067
5,9430,5,fives,30,schema_v2_bid_value,13,3,1,2,bidder_partner,offense,0,0,23,20,15,0,7,called,1,defense,False,True,6,21,6-0,0,3,2-0,0,False,False,False,False,False,0,4,0,0,1,4,18.0,1.6610605716705322,17.196489334106445,0.2939999997615814,0.17399999499320984,-23,-12,0,21,25,33,-24.490000000000002,5.185037906757725,10,-25|-23|-12|-10|-1|1|4|19|23|25,50,1000,2,2,2,0.9695150852203369,0.020999997854232788,0.00599999725818634,False,False,False,False,True,False,high_variance_close_mean|multi_peak_pdf|wide_shelf_gap|high_std|hidden_threat_large_impact,,first_trick_public_belief_update,hidden_threat_offline_label_ready|public_context_ready,bid_margin,True,8,1,5-4,18.465968197211623,1,5-4,17.044045123271644,0,5-4,11.68253619223833
5,9430,5,fives,30,schema_v2_bid_value,13,3,1,2,bidder_partner,offense,0,0,23,20,15,0,7,called,1,defense,False,True,6,21,6-0,2,9,3-3,0,True,False,False,False,False,0,4,0,0,1,4,18.0,-9.083588600158691,14.760421752929688,0.0820000022649765,0.3889999985694885,-25,-22,-13,0,13,22,-25.02,5.078455687476287,9,-25|-23|-18|-16|-14|-12|-10|-1|25,50,1000,4,4,4,11.71416425704956,0.2329999953508377,0.22100000083446503,False,False,False,False,False,False,multi_peak_pdf|wide_shelf_gap|large_lower_tail|hidden_threat_large_impact,,first_trick_public_belief_update,hidden_threat_offline_label_ready|public_context_ready,bid_margin,True,8,1,5-4,11.221962603740394,1,5-4,10.836001054849476,0,6-6,8.312776923179626
5,9430,5,fives,30,schema_v2_bid_value,13,3,1,2,bidder_partner,offense,0,0,23,20,15,0,7,called,1,defense,False,True,6,21,6-0,3,10,4-0,0,False,False,False,False,False,0,4,0,0,1,4,18.0,1.105851650238037,16.974700927734375,0.27799999713897705,0.18199999630451202,-23,-12,0,20,25,32,-24.490000000000002,5.076374713454852,11,-25|-23|-13|-12|-10|-1|1|4|20|22|25,50,1000,3,3,3,1.524724006652832,0.03700000047683716,0.013999998569488525,False,False,False,False,False,False,multi_peak_pdf|wide_shelf_gap|high_std|hidden_threat_large_impact,,first_trick_public_belief_update,hidden_threat_offline_label_ready|public_context_ready,bid_margin,True,8,1,5-4,17.599538361653686,1,5-4,16.25761530082673,0,5-4,10.298069059848785
5,9430,5,fives,30,schema_v2_bid_value,13,3,1,2,bidder_partner,offense,0,0,23,20,15,0,7,called,1,defense,False,True,6,21,6-0,6,21,6-0,0,False,False,False,False,False,0,4,0,0,1,4,18.0,2.630575656890869,17.313173294067383,0.3149999976158142,0.1679999977350235,-23,-11,1,22,25,33,-24.439999999999998,5.08119855249662,8,-25|-23|-13|-10|-1|1|22|25,50,1000,1,1,1,0.0,0.0,0.0,True,True,True,True,True,True,scalar_ev_lying_by_omission|high_variance_close_mean|multi_peak_pdf|wide_shelf_gap|high_std|hidden_threat_large_impact,,first_trick_public_belief_update,hidden_threat_offline_label_ready|public_context_ready,bid_margin,True,8,1,5-4,19.113209640607238,1,5-4,17.586286577396095,0,5-4,12.462746374309063
5,9430,5,fives,30,schema_v2_bid_value,14,3,2,3,right_setter,defense,1,0,23,20,15,0,7,called,1,defense,True,False,6,19,5-4,6,19,5-4,0,False,True,True,True,True,41,4,5,1,1,1,-17.0,5.795914173126221,17.885822296142578,0.75,0.23999999463558197,-21,-17,11,23,25,40,-21.7,4.485823137969678,6,-21|-1|10|15|21|25,46,1000,1,1,1,0.0,0.0,0.0,True,True,True,True,False,False,multi_peak_pdf|wide_shelf_gap|high_std|hidden_threat_large_impact,called_suit_pressure,first_trick_public_belief_update,hidden_threat_offline_label_ready|public_context_ready,bid_margin,True,8,1,3-3,19.452985614538193,2,3-3,11.528567343950272,1,3-3,18.252985641360283
5,9430,5,fives,30,schema_v2_bid_value,15,3,3,0,bidder,offense,2,0,23,20,15,0,7,called,3,defense,False,True,3,24,6-3,2,23,6-2,0,False,False,False,False,False,0,4,10,0,1,4,18.0,-15.651533126831055,12.799118041992188,0.019999999552965164,0.6110000014305115,-25,-25,-25,-8,6,17,-25.0,3.498050889559994,4,-25|-13|-11|-2,23,1000,3,2,3,2.7834863662719727,0.013000000268220901,0.07400000095367432,False,False,False,False,False,False,multi_peak_pdf|wide_shelf_gap|large_lower_tail|hidden_threat_large_impact,last_to_act,first_trick_public_belief_update|last_to_act_closure_policy,hidden_threat_offline_label_ready|public_context_ready,bid_margin,True,8,2,3-3,10.590886864811182,3,3-3,7.330257032066584,2,3-3,8.924027029424906
5,9430,5,fives,30,schema_v2_bid_value,15,3,3,0,bidder,offense,2,0,23,20,15,0,7,called,3,defense,False,True,3,24,6-3,3,24,6-3,0,False,False,False,False,False,0,4,10,0,1,4,18.0,-12.868046760559082,14.547853469848633,0.032999999821186066,0.5370000004768372,-25,-25,-23,-2,12,23,-25.0,3.766272886732398,6,-25|-23|-12|-7|-2|20,45,1000,1,1,1,0.0,0.0,0.0,True,True,True,True,True,False,high_variance_close_mean|multi_peak_pdf|wide_shelf_gap|large_lower_tail|hidden_threat_large_impact,last_to_act,first_trick_public_belief_update|last_to_act_closure_policy,hidden_threat_offline_label_ready|public_context_ready,bid_margin,True,8,2,3-3,16.978895626962185,3,3-3,10.779762543737888,2,3-3,14.711685366928577
5,9430,5,fives,30,schema_v2_bid_value,15,3,3,0,bidder,offense,2,0,23,20,15,0,7,called,3,defense,False,True,3,24,6-3,4,25,6-4,10,False,False,False,False,False,0,4,10,0,1,4,18.0,-20.730602264404297,6.495734691619873,0.0,0.7580000162124634,-25,-25,-24,-19,-10,6,-25.0,3.101917049850705,5,-25|-23|-20|-11|-9,16,1000,4,4,4,7.862555503845215,0.032999999821186066,0.22100001573562622,False,False,False,False,False,False,multi_peak_pdf|large_lower_tail|hidden_threat_large_impact,last_to_act,first_trick_public_belief_update|last_to_act_closure_policy,hidden_threat_offline_label_ready|public_context_ready,bid_margin,True,8,2,3-3,7.564462304115295,3,3-3,5.087684750556946,2,3-3,6.200338184833527
5,9430,5,fives,30,schema_v2_bid_value,15,3,3,0,bidder,offense,2,0,23,20,15,0,7,called,3,defense,False,True,3,24,6-3,6,27,6-6,0,True,False,False,False,False,0,4,10,0,1,4,18.0,-15.115900039672852,12.274764060974121,0.019999999552965164,0.5569999814033508,-25,-25,-23,-7,2,18,-25.0,3.758901501547011,6,-25|-23|-12|-8|-5|-2,23,1000,2,3,2,2.2478532791137695,0.013000000268220901,0.019999980926513672,False,False,False,False,False,False,multi_peak_pdf|wide_shelf_gap|large_lower_tail|hidden_threat_large_impact,last_to_act,first_trick_public_belief_update|last_to_act_closure_policy,hidden_threat_offline_label_ready|public_context_ready,bid_margin,True,8,2,3-3,12.803924802690744,3,3-3,8.445992324501276,2,3-3,10.746687699109316
5,9430,5,fives,30,schema_v2_bid_value,16,4,0,3,right_setter,defense,1,0,24,20,15,0,,,,,False,False,0,0,0-0,0,0,0-0,0,True,False,,,True,,3,5,0,1,3,-17.0,16.479076385498047,8.213990211486816,1.0,0.0,3,11,19,24,24,13,-1.4799999999999998,3.8751317913394803,8,0|4|6|11|14|16|19|24,24,1000,1,1,1,0.0,0.0,0.0,True,True,True,True,False,False,multi_peak_pdf|wide_shelf_gap|hidden_threat_large_impact,late_hand|setter_lead_pressure,defender_damage_lead_class|first_trick_public_belief_update|late_trick_threshold_closure,distribution_labels_ready|hidden_threat_offline_label_ready|needs_real_bid_margin|public_context_ready,bid_margin,True,8,1,3-3,7.497772216796875,1,2-0,3.8149518966674805,1,3-3,7.497772216796875
5,9430,5,fives,30,schema_v2_bid_value,16,4,0,3,right_setter,defense,1,0,24,20,15,0,,,,,False,False,0,0,0-0,2,6,3-0,0,False,False,,,True,,3,5,0,1,3,-17.0,7.664111614227295,11.984766006469727,1.0,0.0,-9,-4,7,20,24,24,-9.9,4.613552097435154,10,-10|-4|1|7|10|12|14|17|22|24,34,1000,2,2,2,8.814964771270752,0.0,0.0,False,False,False,False,False,False,multi_peak_pdf|wide_shelf_gap|hidden_threat_large_impact,late_hand|setter_lead_pressure,defender_damage_lead_class|first_trick_public_belief_update|late_trick_threshold_closure,distribution_labels_ready|hidden_threat_offline_label_ready|needs_real_bid_margin|public_context_ready,bid_margin,True,8,1,6-6,11.01709794998169,1,3-1,5.822131276130676,1,6-6,11.01709794998169
5,9430,5,fives,30,schema_v2_bid_value,16,4,0,3,right_setter,defense,1,0,24,20,15,0,,,,,False,False,0,0,0-0,3,8,3-2,5,False,False,,,True,,3,5,0,1,3,-17.0,1.1889618635177612,14.721099853515625,0.8259999752044678,0.1379999965429306,-20,-15,3,11,24,26,-21.04,4.7593991125520585,13,-21|-16|-7|-4|0|3|5|7|10|12|19|22|24,45,1000,3,3,3,15.290114521980286,0.17400002479553223,0.1379999965429306,False,False,False,False,False,False,multi_peak_pdf|wide_shelf_gap|hidden_threat_large_impact,late_hand|setter_count_pressure|setter_lead_pressure,defender_damage_lead_class|first_trick_public_belief_update|late_trick_threshold_closure|setter_count_before_certainty,distribution_labels_ready|hidden_threat_offline_label_ready|needs_real_bid_margin|public_context_ready,bid_margin,True,8,1,6-6,15.991382092237473,1,3-1,13.12232056260109,1,6-6,15.30138210952282
5,9430,5,fives,30,schema_v2_bid_value,17,4,1,0,bidder,offense,2,0,24,20,15,0,0,0,3,defense,False,True,2,23,6-2,2,23,6-2,0,False,False,False,False,False,0,3,10,0,1,3,18.0,-11.815617561340332,15.782757759094238,0.03099999949336052,0.5730000138282776,-24,-24,-24,0,16,24,-24.000000000000004,2.921067448833346,5,-24|-11|-2|16|18,42,1000,1,1,2,0.0,0.0,0.027000010013580322,True,True,True,False,True,True,scalar_ev_lying_by_omission|high_variance_close_mean|multi_peak_pdf|wide_shelf_gap|high_std|large_lower_tail|hidden_threat_large_impact,late_hand,first_trick_public_belief_update|late_trick_threshold_closure,distribution_labels_ready|hidden_threat_offline_label_ready|public_context_ready,bid_margin,True,8,3,3-3,16.795664720237255,3,3-3,16.640664722770452,2,3-3,12.879704125225544
5,9430,5,fives,30,schema_v2_bid_value,17,4,1,0,bidder,offense,2,0,24,20,15,0,0,0,3,defense,False,True,2,23,6-2,4,25,6-4,10,False,False,False,False,False,0,3,10,0,1,3,18.0,-19.909868240356445,7.177192687988281,0.0,0.7870000004768372,-24,-24,-24,-21,-3,3,-24.000000000000004,2.453452023921653,4,-24|-22|-8|-2,22,1000,3,3,3,8.094250679016113,0.03099999949336052,0.2409999966621399,False,False,False,False,False,False,multi_peak_pdf|wide_shelf_gap|large_lower_tail|hidden_threat_large_impact,late_hand,first_trick_public_belief_update|late_trick_threshold_closure,distribution_labels_ready|hidden_threat_offline_label_ready|public_context_ready,bid_margin,True,8,3,3-3,6.266976237297058,3,3-3,6.266976237297058,2,3-3,5.129323720932007
5,9430,5,fives,30,schema_v2_bid_value,17,4,1,0,bidder,offense,2,0,24,20,15,0,0,0,3,defense,False,True,2,23,6-2,6,27,6-6,0,True,False,False,False,False,0,3,10,0,1,3,18.0,-12.11448860168457,14.82772445678711,0.02199999988079071,0.5460000038146973,-24,-24,-24,-2,16,22,-24.000000000000004,3.313213396802021,7,-24|-22|-9|-2|0|16|18,42,1000,2,2,1,0.2988710403442383,0.008999999612569809,0.0,False,False,False,True,True,False,high_variance_close_mean|multi_peak_pdf|wide_shelf_gap|large_lower_tail|hidden_threat_large_impact,late_hand,first_trick_public_belief_update|late_trick_threshold_closure,distribution_labels_ready|hidden_threat_offline_label_ready|public_context_ready,bid_margin,True,8,3,3-3,16.67696925997734,3,3-3,16.566969260573387,2,3-3,13.542984090745449
5,9430,5,fives,30,schema_v2_bid_value,18,4,2,1,left_setter,defense,3,0,24,20,15,0,0,0,3,defense,True,False,6,22,6-1,1,7,3-1,0,False,False,False,False,False,0,3,0,1,0,3,-17.0,14.280566215515137,8.969131469726562,1.0,0.0,5,7,10,24,24,17,0.7400000000000001,2.8158730459511365,6,-2|1|7|9|11|24,26,1000,1,1,1,0.0,0.0,0.0,False,True,True,True,False,False,multi_peak_pdf|wide_shelf_gap|hidden_threat_large_impact,late_hand,first_trick_public_belief_update|late_trick_threshold_closure,distribution_labels_ready|hidden_threat_offline_label_ready|public_context_ready,bid_margin,True,8,3,6-6,9.652558326721191,2,6-4,3.953763961791992,3,6-6,9.652558326721191
5,9430,5,fives,30,schema_v2_bid_value,18,4,2,1,left_setter,defense,3,0,24,20,15,0,0,0,3,defense,True,False,6,22,6-1,4,18,5-3,0,False,True,False,True,True,40,3,0,1,0,3,-17.0,-10.691903114318848,17.275022506713867,0.32899999618530273,0.6710000038146973,-22,-22,-21,-1,23,21,-22.66,2.9170738440600417,5,-22|-6|6|11|24,46,1000,3,3,3,24.972469329833984,0.6710000038146973,0.6710000038146973,False,False,False,False,False,False,multi_peak_pdf|wide_shelf_gap|high_std|large_lower_tail|hidden_threat_large_impact,called_suit_pressure|late_hand,first_trick_public_belief_update|late_trick_threshold_closure,distribution_labels_ready|hidden_threat_offline_label_ready|public_context_ready,bid_margin,True,8,3,3-3,36.75788497924805,3,6-4,10.244339942932129,3,3-3,33.40288496017456
5,9430,5,fives,30,schema_v2_bid_value,18,4,2,1,left_setter,defense,3,0,24,20,15,0,0,0,3,defense,True,False,6,22,6-1,6,22,6-1,0,False,False,False,False,False,0,3,0,1,0,3,-17.0,13.747443199157715,9.610677719116211,1.0,0.0,3,6,10,24,24,18,-1.96,2.8443112866345936,4,-4|8|10|24,28,1000,2,2,2,0.5331230163574219,0.0,0.0,True,False,False,False,True,False,high_variance_close_mean|multi_peak_pdf|wide_shelf_gap|hidden_threat_large_impact,late_hand,first_trick_public_belief_update|late_trick_threshold_closure,distribution_labels_ready|hidden_threat_offline_label_ready|public_context_ready,bid_margin,True,8,3,6-6,10.189900398254395,3,3-0,4.317320823669434,3,6-6,10.189900398254395
5,9430,5,fives,30,schema_v2_bid_value,19,4,3,2,bidder_partner,offense,0,0,24,20,15,0,0,0,3,defense,False,True,3,10,4-0,0,3,2-0,0,False,False,True,False,False,18,3,0,0,1,2,18.0,-6.391055583953857,11.653701782226562,0.0,0.2280000001192093,-24,-10,-7,3,11,13,-24.000000000000004,2.93897738712801,6,-24|-9|-7|0|4|11,35,1000,2,1,1,0.784142017364502,0.0,0.0,False,False,True,True,True,False,high_variance_close_mean|multi_peak_pdf|wide_shelf_gap|hidden_threat_large_impact,last_to_act|late_hand,first_trick_public_belief_update|last_to_act_closure_policy|late_trick_threshold_closure,distribution_labels_ready|hidden_threat_offline_label_ready|public_context_ready,bid_margin,True,8,3,6-6,25.42993089556694,3,6-6,25.42993089556694,1,3-2,15.128553047776222
5,9430,5,fives,30,schema_v2_bid_value,19,4,3,2,bidder_partner,offense,0,0,24,20,15,0,0,0,3,defense,False,True,3,10,4-0,3,10,4-0,0,False,False,True,False,False,20,3,0,0,1,2,18.0,-5.6069135665893555,11.746106147766113,0.0,0.2280000001192093,-24,-10,-5,3,12,13,-24.000000000000004,2.93897738712801,7,-24|-10|-5|0|3|5|12,36,1000,1,2,2,0.0,0.0,0.0,True,True,False,False,True,True,scalar_ev_lying_by_omission|high_variance_close_mean|multi_peak_pdf|wide_shelf_gap|hidden_threat_large_impact,last_to_act|late_hand,first_trick_public_belief_update|last_to_act_closure_policy|late_trick_threshold_closure,distribution_labels_ready|hidden_threat_offline_label_ready|public_context_ready,bid_margin,True,8,3,6-6,26.204250067472458,3,6-6,26.204250067472458,1,3-2,14.87633003294468
5,9430,5,fives,30,schema_v2_bid_value,20,5,0,3,right_setter,defense,1,0,25,20,15,0,,,,,False,False,2,6,3-0,2,6,3-0,0,False,False,,,True,,2,5,0,0,2,-17.0,7.990683078765869,14.640975952148438,1.0,0.0,-8,-8,21,22,23,30,-8.0,2.2436706534423796,3,-8|-5|22,30,1000,1,1,1,0.0,0.0,0.0,True,True,True,True,True,False,high_variance_close_mean|multi_peak_pdf|wide_shelf_gap|hidden_threat_large_impact,late_hand|setter_lead_pressure,defender_damage_lead_class|first_trick_public_belief_update|late_trick_threshold_closure,distribution_labels_ready|hidden_threat_offline_label_ready|needs_real_bid_margin|public_context_ready,bid_margin,True,8,1,6-4,16.22446298599243,1,6-4,16.22446298599243,1,3-3,14.938806056976318
5,9430,5,fives,30,schema_v2_bid_value,20,5,0,3,right_setter,defense,1,0,25,20,15,0,,,,,False,False,2,6,3-0,3,8,3-2,5,False,False,,,True,,2,5,0,0,2,-17.0,3.3982901573181152,16.483266830444336,1.0,0.0,-16,-15,10,23,23,38,-16.0,2.2307827645526137,4,-16|-8|10|23,39,1000,2,2,2,4.592392921447754,0.0,0.0,False,False,False,False,False,False,multi_peak_pdf|wide_shelf_gap|high_std|hidden_threat_large_impact,late_hand|setter_count_pressure|setter_lead_pressure,defender_damage_lead_class|first_trick_public_belief_update|late_trick_threshold_closure|setter_count_before_certainty,distribution_labels_ready|hidden_threat_offline_label_ready|needs_real_bid_margin|public_context_ready,bid_margin,True,8,1,3-3,19.542784214019775,2,3-3,19.00100564956665,1,3-3,19.542784214019775
5,9430,5,fives,30,schema_v2_bid_value,21,5,1,0,bidder,offense,2,0,25,20,15,0,3,3,3,defense,False,True,4,25,6-4,4,25,6-4,10,False,False,False,False,False,0,2,10,0,1,2,18.0,-6.95236349105835,17.172992706298828,0.0,0.503000020980835,-23,-23,-23,12,17,35,-23.0,1.7107616196940971,4,-23|0|12|17,40,1000,1,1,1,0.0,0.0,0.0,True,True,True,True,True,True,scalar_ev_lying_by_omission|high_variance_close_mean|multi_peak_pdf|wide_shelf_gap|high_std|large_lower_tail|hidden_threat_large_impact,late_hand,first_trick_public_belief_update|late_trick_threshold_closure,distribution_labels_ready|hidden_threat_offline_label_ready|public_context_ready,bid_margin,True,8,1,3-3,21.061301231384277,1,3-3,21.061301231384277,2,3-3,17.171980619430542
5,9430,5,fives,30,schema_v2_bid_value,21,5,1,0,bidder,offense,2,0,25,20,15,0,3,3,3,defense,False,True,4,25,6-4,6,27,6-6,0,True,False,False,False,False,0,2,10,0,1,2,18.0,-18.640869140625,5.95521354675293,0.0,0.7059999704360962,-23,-23,-23,-10,-9,13,-23.0,1.7784058051620062,3,-23|-21|-9,14,1000,2,2,2,11.68850564956665,0.0,0.20299994945526123,False,False,False,False,False,False,multi_peak_pdf|large_lower_tail|hidden_threat_large_impact,late_hand,first_trick_public_belief_update|late_trick_threshold_closure,distribution_labels_ready|hidden_threat_offline_label_ready|public_context_ready,bid_margin,True,8,3,2-0,8.627734959125519,1,3-3,7.333783864974976,3,2-0,6.580147176980972
5,9430,5,fives,30,schema_v2_bid_value,22,5,2,1,left_setter,defense,3,0,25,30,5,10,3,3,3,defense,True,False,1,7,3-1,1,7,3-1,0,False,False,True,True,True,20,2,0,1,0,1,-17.0,-10.740153312683105,7.841057777404785,0.6660000085830688,0.33399999141693115,-20,-20,-12,0,0,20,-20.0,1.584852743997644,3,-20|-12|0,20,1000,1,1,1,0.0,0.0,0.0,True,True,True,True,False,False,multi_peak_pdf|wide_shelf_gap|large_lower_tail|hidden_threat_large_impact,late_hand,first_trick_public_belief_update|late_trick_threshold_closure,distribution_labels_ready|hidden_threat_offline_label_ready|public_context_ready,bid_margin,True,7,3,3-3,22.236737728118896,3,3-3,18.906737685203552,3,3-2,15.26402872800827
5,9430,5,fives,30,schema_v2_bid_value,23,5,3,2,bidder_partner,offense,0,0,25,30,5,10,3,3,1,defense,False,True,2,9,3-3,2,9,3-3,0,True,False,True,True,True,30,2,0,0,1,1,18.0,0.3493698239326477,0.05894480273127556,0.0,0.0,0,0,0,0,0,0,0.0,-0.0,1,0,,1000,1,1,1,0.0,0.0,0.0,True,True,True,True,False,False,,last_to_act|late_hand,first_trick_public_belief_update|last_to_act_closure_policy|late_trick_threshold_closure,distribution_labels_ready|hidden_threat_offline_label_ready|public_context_ready,bid_margin,True,5,3,3-2,0.06246879696846008,3,3-2,0.06246879696846008,1,3-2,0.05561953783035278
5,9430,5,fives,30,schema_v2_bid_value,24,6,0,2,bidder_partner,offense,0,11,25,30,5,0,,,,,False,False,0,3,2-0,0,3,2-0,0,False,False,,,True,,1,0,0,0,1,18.0,-10.764906883239746,0.36169537901878357,0.0,0.0,-11,-11,-11,-10,-10,1,-11.0,0.9991659615315874,1,-11,,1000,1,1,1,0.0,0.0,0.0,True,True,True,True,False,False,,late_hand,first_trick_public_belief_update|late_trick_threshold_closure,distribution_labels_ready|hidden_threat_offline_label_ready|public_context_ready,bid_margin,True,5,1,3-2,0.3742084503173828,3,3-2,0.34959983825683594,1,3-2,0.3742084503173828
5,9430,5,fives,30,schema_v2_bid_value,25,6,1,3,right_setter,defense,1,11,25,30,5,0,2,2,2,offense,False,True,3,8,3-2,3,8,3-2,5,False,False,True,True,True,21,1,5,0,0,1,-17.0,10.724961280822754,9.5367431640625e-07,1.0,0.0,11,11,11,11,11,0,11.0,-0.0,1,11,,1000,1,1,1,0.0,0.0,0.0,True,True,True,True,False,False,,late_hand|setter_count_pressure,first_trick_public_belief_update|late_trick_threshold_closure|setter_count_before_certainty,distribution_labels_ready|hidden_threat_offline_label_ready|needs_real_bid_margin|public_context_ready,bid_margin,True,2,1,5-3,9.5367431640625e-07,1,5-3,0.0,1,5-3,9.5367431640625e-07
5,9430,5,fives,30,schema_v2_bid_value,26,6,2,0,bidder,offense,2,11,25,35,0,5,2,2,3,defense,False,True,6,27,6-6,6,27,6-6,0,True,False,False,False,False,0,1,0,0,1,1,18.0,-11.573470115661621,0.0,0.0,0.0,-12,-12,-12,-12,-12,0,-12.000000000000002,-0.0,1,-12,,1000,1,1,1,0.0,0.0,0.0,True,True,True,True,False,False,,late_hand,first_trick_public_belief_update|late_trick_threshold_closure,distribution_labels_ready|hidden_threat_offline_label_ready|public_context_ready,bid_margin,True,1,1,5-3,0.0,1,5-3,0.0,1,5-3,0.0
5,9430,5,fives,30,schema_v2_bid_value,27,6,3,1,left_setter,defense,3,11,25,35,0,5,2,2,3,defense,True,False,4,18,5-3,4,18,5-3,0,False,True,False,True,True,40,1,0,1,0,1,-17.0,10.810063362121582,0.0,1.0,0.0,11,11,11,11,11,0,11.0,-0.0,1,11,,1000,1,1,1,0.0,0.0,0.0,True,True,True,True,False,False,,called_suit_pressure|last_to_act|late_hand,first_trick_public_belief_update|last_to_act_closure_policy|late_trick_threshold_closure,distribution_labels_ready|public_context_ready,bid_margin,False,0,,,,,,,,,
6,9430,6,sixes,30,schema_v2_bid_value,0,0,0,0,bidder,offense,2,0,0,0,35,0,,,,,False,False,1,11,4-1,0,5,2-2,0,True,False,,,True,,7,15,5,2,7,18.0,29.618370056152344,10.694622993469238,0.8629999756813049,0.0,16,21,29,41,41,20,10.19,4.200510431445136,6,15|21|23|29|37|41,26,1000,4,5,1,2.6108360290527344,0.09500002861022949,0.0,False,False,False,True,False,False,multi_peak_pdf|wide_shelf_gap|hidden_threat_large_impact,bidder_opening_lead|first_trick,bidder_first_lead_plan,hidden_threat_offline_label_ready|public_context_ready,bid_margin,True,8,2,4-4,12.897118926048279,3,4-4,6.254074513912201,2,4-4,12.897118926048279
6,9430,6,sixes,30,schema_v2_bid_value,0,0,0,0,bidder,offense,2,0,0,0,35,0,,,,,False,False,1,11,4-1,1,11,4-1,5,False,False,,,True,,7,15,5,2,7,18.0,32.22920608520508,7.832881927490234,0.9580000042915344,0.0,23,28,32,41,41,13,16.26,4.093526046296748,5,24|30|33|36|41,17,1000,1,1,2,0.0,0.0,0.0,True,True,True,False,False,True,scalar_ev_lying_by_omission|multi_peak_pdf|hidden_threat_large_impact,bidder_opening_lead|first_trick,bidder_first_lead_plan,hidden_threat_offline_label_ready|public_context_ready,bid_margin,True,8,2,4-4,8.454152941703796,3,4-4,4.48629754781723,2,4-4,8.454152941703796
6,9430,6,sixes,30,schema_v2_bid_value,0,0,0,0,bidder,offense,2,0,0,0,35,0,,,,,False,False,1,11,4-1,2,23,6-2,0,False,True,,,True,,7,15,5,2,7,18.0,29.514148712158203,10.486757278442383,0.8629999756813049,0.0,17,21,29,41,41,20,10.720000000000002,4.178504866977353,7,17|18|21|25|29|33|41,24,1000,6,6,3,2.715057373046875,0.09500002861022949,0.0,False,False,False,False,False,False,multi_peak_pdf|wide_shelf_gap|hidden_threat_large_impact,bidder_opening_lead|called_suit_pressure|first_trick,bidder_first_lead_plan,hidden_threat_offline_label_ready|public_context_ready,bid_margin,True,8,2,4-4,13.275819182395935,3,4-4,6.396281063556671,2,4-4,13.275819182395935
6,9430,6,sixes,30,schema_v2_bid_value,0,0,0,0,bidder,offense,2,0,0,0,35,0,,,,,False,False,1,11,4-1,3,24,6-3,0,False,True,,,True,,7,15,5,2,7,18.0,29.561796188354492,10.454975128173828,0.8659999966621399,0.0,17,22,29,41,41,19,10.829999999999998,4.180684892533793,7,17|21|25|29|33|34|41,24,1000,5,3,4,2.667409896850586,0.09200000762939453,0.0,False,False,False,False,False,False,multi_peak_pdf|wide_shelf_gap|hidden_threat_large_impact,bidder_opening_lead|called_suit_pressure|first_trick,bidder_first_lead_plan,hidden_threat_offline_label_ready|public_context_ready,bid_margin,True,8,2,4-4,13.197992205619812,3,4-4,6.32620245218277,2,4-4,13.197992205619812
6,9430,6,sixes,30,schema_v2_bid_value,0,0,0,0,bidder,offense,2,0,0,0,35,0,,,,,False,False,1,11,4-1,4,25,6-4,10,False,True,,,True,,7,15,5,2,7,18.0,29.507469177246094,10.711662292480469,0.859000027179718,0.0,17,21,29,41,41,20,10.15,4.095265905824286,6,17|21|26|29|35|41,24,1000,7,7,5,2.7217369079589844,0.0989999771118164,0.0,False,False,False,False,False,False,multi_peak_pdf|wide_shelf_gap|hidden_threat_large_impact,bidder_opening_lead|called_suit_pressure|first_trick,bidder_first_lead_plan,hidden_threat_offline_label_ready|public_context_ready,bid_margin,True,8,2,4-4,13.281139254570007,3,4-4,6.475334823131561,2,4-4,13.281139254570007
6,9430,6,sixes,30,schema_v2_bid_value,0,0,0,0,bidder,offense,2,0,0,0,35,0,,,,,False,False,1,11,4-1,5,26,6-5,0,False,True,,,True,,7,15,5,2,7,18.0,29.781171798706055,10.359347343444824,0.8700000047683716,0.0,17,22,29,41,41,19,10.899999999999997,4.219535329213976,6,18|21|25|29|34|41,23,1000,2,2,6,2.4480342864990234,0.08799999952316284,0.0,False,False,False,False,False,False,multi_peak_pdf|wide_shelf_gap|hidden_threat_large_impact,bidder_opening_lead|called_suit_pressure|first_trick,bidder_first_lead_plan,hidden_threat_offline_label_ready|public_context_ready,bid_margin,True,8,2,4-4,12.953715085983276,3,4-4,6.185226559638977,2,4-4,12.953715085983276
6,9430,6,sixes,30,schema_v2_bid_value,0,0,0,0,bidder,offense,2,0,0,0,35,0,,,,,False,False,1,11,4-1,6,27,6-6,0,True,True,,,True,,7,15,5,2,7,18.0,29.706422805786133,10.42043685913086,0.8640000224113464,0.0,16,22,29,41,41,19,10.709999999999999,4.215040339541981,6,18|21|25|29|33|41,23,1000,3,4,7,2.5227832794189453,0.09399998188018799,0.0,False,False,False,False,False,False,multi_peak_pdf|wide_shelf_gap|hidden_threat_large_impact,bidder_opening_lead|called_suit_pressure|first_trick,bidder_first_lead_plan,hidden_threat_offline_label_ready|public_context_ready,bid_margin,True,8,2,4-4,13.086831212043762,3,4-4,6.242656767368317,2,4-4,13.086831212043762
6,9430,6,sixes,30,schema_v2_bid_value,1,0,1,1,left_setter,defense,3,0,0,5,30,5,4,4,0,offense,False,True,2,14,4-4,2,14,4-4,0,True,False,True,True,True,30,7,10,1,3,1,-17.0,7.64150857925415,25.63266944885254,0.7839999794960022,0.20900000631809235,-29,-14,10,31,41,45,-36.089999999999996,6.013211122287927,7,-42|-31|-28|6|15|17|41,83,1000,1,1,1,0.0,0.0,0.0,True,True,True,True,False,False,multi_peak_pdf|wide_shelf_gap|high_std|hidden_threat_large_impact,first_setter_response|first_trick,first_setter_pounce_window,hidden_threat_offline_label_ready|needs_real_bid_margin,bid_margin,True,8,3,6-6,19.40013547986746,0,6-6,11.44429036974907,3,6-6,18.588651936501265
6,9430,6,sixes,30,schema_v2_bid_value,2,0,2,2,bidder_partner,offense,0,0,0,5,30,5,4,4,1,defense,False,True,3,10,4-0,3,10,4-0,0,False,False,True,False,False,20,7,5,1,1,2,18.0,-31.615888595581055,15.717021942138672,0.024000000208616257,0.8180000185966492,-42,-42,-40,-25,-9,17,-42.0,4.10132523375833,3,-42|-34|-18,24,1000,1,1,1,0.0,0.0,0.0,True,True,True,True,True,True,scalar_ev_lying_by_omission|high_variance_close_mean|multi_peak_pdf|wide_shelf_gap|high_std|large_lower_tail|hidden_threat_large_impact,first_trick|partner_third_seat_support,partner_third_seat_safe_donation,hidden_threat_offline_label_ready|public_context_ready,bid_margin,True,8,0,6-4,12.683243729174137,0,5-1,6.844307657331228,0,6-4,11.518413700163364
6,9430,6,sixes,30,schema_v2_bid_value,2,0,2,2,bidder_partner,offense,0,0,0,5,30,5,4,4,1,defense,False,True,3,10,4-0,4,12,4-2,0,False,False,True,False,False,22,7,5,1,1,2,18.0,-31.7060604095459,15.691648483276367,0.023000000044703484,0.8180000185966492,-42,-42,-40,-26,-10,16,-42.0,4.088348129361861,4,-42|-37|-34|-19,23,1000,2,2,2,0.09017181396484375,0.0010000001639127731,0.0,False,False,False,False,True,False,high_variance_close_mean|multi_peak_pdf|wide_shelf_gap|high_std|large_lower_tail|hidden_threat_large_impact,first_trick|partner_third_seat_support,partner_third_seat_safe_donation,hidden_threat_offline_label_ready|public_context_ready,bid_margin,True,8,0,6-4,12.665925305336714,0,5-1,6.825254311785102,0,6-4,11.51810197159648
6,9430,6,sixes,30,schema_v2_bid_value,3,0,3,3,right_setter,defense,1,0,0,5,30,5,4,4,1,defense,True,False,4,13,4-3,4,13,4-3,0,False,False,True,False,False,23,7,5,0,1,2,-17.0,-4.286623954772949,21.257837295532227,0.6520000100135803,0.30300000309944153,-30,-20,-9,10,29,30,-30.410000000000004,5.737947655004828,5,-30|-17|5|7|41,71,1000,2,1,1,0.1524639129638672,0.0,0.0,True,False,True,True,True,False,high_variance_close_mean|multi_peak_pdf|wide_shelf_gap|high_std|large_lower_tail|hidden_threat_large_impact,defender_last_to_act_closure|first_trick|last_to_act,last_to_act_closure_policy,hidden_threat_offline_label_ready|public_context_ready,bid_margin,True,8,1,6-6,18.858019649982452,1,5-0,11.24064689874649,1,6-6,17.582540601491928
6,9430,6,sixes,30,schema_v2_bid_value,3,0,3,3,right_setter,defense,1,0,0,5,30,5,4,4,1,defense,True,False,4,13,4-3,6,19,5-4,0,False,False,True,False,False,25,7,5,0,1,2,-17.0,-4.134160041809082,21.436426162719727,0.6420000195503235,0.3109999895095825,-30,-21,-9,10,28,31,-30.389999999999997,5.724885582656588,6,-30|-18|-14|5|9|41,71,1000,1,2,2,0.0,0.009999990463256836,0.007999986410140991,False,True,False,False,True,True,scalar_ev_lying_by_omission|high_variance_close_mean|multi_peak_pdf|wide_shelf_gap|high_std|large_lower_tail|hidden_threat_large_impact,defender_last_to_act_closure|first_trick|last_to_act,last_to_act_closure_policy,hidden_threat_offline_label_ready|public_context_ready,bid_margin,True,8,1,6-6,18.822474420070648,1,5-0,11.595965445041656,1,6-6,17.55190560221672
6,9430,6,sixes,30,schema_v2_bid_value,4,1,0,1,left_setter,defense,3,0,6,5,30,0,,,,,False,False,0,2,1-1,0,2,1-1,0,True,False,,,True,,6,10,1,2,6,-17.0,-4.891473293304443,26.968740463256836,0.6200000047683716,0.3720000088214874,-40,-31,-5,16,36,47,-41.51,6.158838586933681,4,-42|-6|1|40,82,1000,1,1,1,0.0,0.0,0.0,True,True,True,True,True,True,scalar_ev_lying_by_omission|high_variance_close_mean|multi_peak_pdf|wide_shelf_gap|high_std|large_lower_tail|hidden_threat_large_impact,setter_lead_pressure,defender_damage_lead_class|first_trick_public_belief_update,hidden_threat_offline_label_ready|needs_real_bid_margin|public_context_ready,bid_margin,True,8,3,6-6,25.353611677885056,0,6-6,12.65339881181717,3,6-6,23.957683488726616
6,9430,6,sixes,30,schema_v2_bid_value,4,1,0,1,left_setter,defense,3,0,6,5,30,0,,,,,False,False,0,2,1-1,1,7,3-1,0,False,False,,,True,,6,10,1,2,6,-17.0,-11.057470321655273,25.664812088012695,0.5400000214576721,0.45100000500679016,-41,-37,-14,9,28,46,-41.77,5.965384007487691,3,-41|-32|40,81,1000,4,4,4,6.16599702835083,0.07999998331069946,0.07899999618530273,False,False,False,False,False,False,multi_peak_pdf|wide_shelf_gap|high_std|large_lower_tail|hidden_threat_large_impact,setter_lead_pressure,defender_damage_lead_class|first_trick_public_belief_update,hidden_threat_offline_label_ready|needs_real_bid_margin|public_context_ready,bid_margin,True,8,3,6-6,24.238793224096298,3,3-0,14.886992365121841,3,6-6,22.68738602101803
6,9430,6,sixes,30,schema_v2_bid_value,4,1,0,1,left_setter,defense,3,0,6,5,30,0,,,,,False,False,0,2,1-1,3,17,5-2,0,False,False,,,True,,6,10,1,2,6,-17.0,-13.761869430541992,24.920766830444336,0.49799999594688416,0.49399998784065247,-41,-39,-17,5,25,44,-41.86,5.8975479817193195,2,-41|-32,9,1000,5,5,5,8.870396137237549,0.12200000882148743,0.12199997901916504,False,False,False,False,False,False,multi_peak_pdf|high_std|large_lower_tail|hidden_threat_large_impact,setter_lead_pressure,defender_damage_lead_class|first_trick_public_belief_update,hidden_threat_offline_label_ready|needs_real_bid_margin|public_context_ready,bid_margin,True,8,3,6-6,24.439877808094025,3,5-0,15.613097727298737,3,6-6,22.808201253414154
6,9430,6,sixes,30,schema_v2_bid_value,4,1,0,1,left_setter,defense,3,0,6,5,30,0,,,,,False,False,0,2,1-1,4,18,5-3,0,False,False,,,True,,6,10,1,2,6,-17.0,-14.203717231750488,24.75070571899414,0.4869999885559082,0.49900001287460327,-41,-39,-18,4,23,43,-41.86,5.87194618156324,2,-41|-32,9,1000,6,6,6,9.312243938446045,0.13300001621246338,0.12700000405311584,False,False,False,False,False,False,multi_peak_pdf|high_std|large_lower_tail|hidden_threat_large_impact,setter_lead_pressure,defender_damage_lead_class|first_trick_public_belief_update,hidden_threat_offline_label_ready|needs_real_bid_margin|public_context_ready,bid_margin,True,8,3,6-6,24.8132284283638,3,5-0,15.069984048604965,3,6-6,23.156551748514175
6,9430,6,sixes,30,schema_v2_bid_value,4,1,0,1,left_setter,defense,3,0,6,5,30,0,,,,,False,False,0,2,1-1,5,20,5-5,10,True,False,,,True,,6,10,1,2,6,-17.0,-5.999946117401123,27.88323402404785,0.5989999771118164,0.39399999380111694,-41,-36,-4,17,35,53,-41.839999999999996,6.004571342544563,3,-42|-39|40,82,1000,2,2,2,1.1084728240966797,0.021000027656555176,0.021999984979629517,False,False,False,False,False,False,multi_peak_pdf|wide_shelf_gap|high_std|large_lower_tail|hidden_threat_large_impact,setter_count_pressure|setter_lead_pressure,defender_damage_lead_class|first_trick_public_belief_update|setter_count_before_certainty,hidden_threat_offline_label_ready|needs_real_bid_margin|public_context_ready,bid_margin,True,8,3,5-0,18.51593542098999,3,5-0,17.41534548997879,3,6-4,14.834160417318344
6,9430,6,sixes,30,schema_v2_bid_value,4,1,0,1,left_setter,defense,3,0,6,5,30,0,,,,,False,False,0,2,1-1,6,22,6-1,0,False,True,,,True,,6,10,1,2,6,-17.0,-8.261089324951172,29.313535690307617,0.5440000295639038,0.4480000138282776,-42,-39,-11,16,37,55,-42.0,5.831487300235479,3,-42|-37|40,82,1000,3,3,3,3.3696160316467285,0.07599997520446777,0.07600000500679016,False,False,False,False,False,False,multi_peak_pdf|wide_shelf_gap|high_std|large_lower_tail|hidden_threat_large_impact,called_suit_pressure|setter_lead_pressure,defender_damage_lead_class|first_trick_public_belief_update,hidden_threat_offline_label_ready|needs_real_bid_margin|public_context_ready,bid_margin,True,8,3,6-6,32.94033707678318,0,6-6,16.928410232067108,3,6-6,31.134468741714954
6,9430,6,sixes,30,schema_v2_bid_value,5,1,1,2,bidder_partner,offense,0,0,6,5,30,0,1,1,1,defense,False,True,1,4,2-1,1,4,2-1,0,False,False,True,False,False,19,6,5,1,1,1,18.0,-19.959035873413086,24.414052963256836,0.10100000351667404,0.6340000033378601,-42,-41,-29,-4,18,37,-42.0,5.331652562951032,2,-42|-29,13,1000,1,1,1,0.0,0.0,0.0,True,True,True,True,False,False,multi_peak_pdf|high_std|large_lower_tail|hidden_threat_large_impact,,first_trick_public_belief_update,hidden_threat_offline_label_ready|public_context_ready,bid_margin,True,8,0,6-4,17.23110167682171,0,5-1,11.728231221437454,0,6-6,15.934591427445412
6,9430,6,sixes,30,schema_v2_bid_value,6,1,2,3,right_setter,defense,1,0,6,5,30,0,1,1,1,defense,True,False,1,1,1-0,1,1,1-0,0,False,False,True,False,False,17,6,5,0,1,2,-17.0,-20.838281631469727,21.84033203125,0.3569999933242798,0.6359999775886536,-42,-41,-28,-5,11,36,-42.0,5.364606720665079,3,-42|-29|-26,16,1000,1,1,1,0.0,0.0,0.0,True,True,True,True,True,True,scalar_ev_lying_by_omission|high_variance_close_mean|multi_peak_pdf|high_std|large_lower_tail|hidden_threat_large_impact,,first_trick_public_belief_update,hidden_threat_offline_label_ready|public_context_ready,bid_margin,True,8,1,6-6,21.268330454826355,2,6-6,10.91181293129921,1,6-6,19.94316929578781
6,9430,6,sixes,30,schema_v2_bid_value,6,1,2,3,right_setter,defense,1,0,6,5,30,0,1,1,1,defense,True,False,1,1,1-0,5,16,5-1,0,False,False,True,False,False,22,6,5,0,1,2,-17.0,-21.36138153076172,22.048236846923828,0.3479999899864197,0.6399999856948853,-42,-41,-28,-5,11,36,-42.0,5.356018566179123,4,-42|-29|-27|-23,19,1000,2,2,2,0.5230998992919922,0.009000003337860107,0.0040000081062316895,False,False,False,False,True,False,high_variance_close_mean|multi_peak_pdf|high_std|large_lower_tail|hidden_threat_large_impact,,first_trick_public_belief_update,hidden_threat_offline_label_ready|public_context_ready,bid_margin,True,8,1,6-6,20.799622893333435,2,6-6,10.698785230517387,1,6-6,19.470590710639954
6,9430,6,sixes,30,schema_v2_bid_value,7,1,3,0,bidder,offense,2,0,6,5,30,0,1,1,1,defense,False,True,4,25,6-4,0,5,2-2,0,True,False,False,False,False,0,6,10,5,2,6,18.0,39.19678497314453,0.43760064244270325,1.0,0.0,39,39,39,39,40,0,38.27,1.1388203052032986,1,39,,1000,6,1,1,0.9594917297363281,0.0,0.0,False,False,True,True,True,False,high_variance_close_mean,last_to_act,first_trick_public_belief_update|last_to_act_closure_policy,hidden_threat_offline_label_ready|public_context_ready,bid_margin,True,8,3,3-2,0.225189208984375,2,3-2,0.17781448364257812,3,3-2,0.225189208984375
6,9430,6,sixes,30,schema_v2_bid_value,7,1,3,0,bidder,offense,2,0,6,5,30,0,1,1,1,defense,False,True,4,25,6-4,2,23,6-2,0,False,True,False,True,True,40,6,10,5,2,6,18.0,40.118656158447266,0.3896181881427765,1.0,0.0,40,40,40,40,41,0,39.33,0.9622576601661148,1,40,,1000,4,2,2,0.03762054443359375,0.0,0.0,False,False,False,False,False,False,,called_suit_pressure|last_to_act,first_trick_public_belief_update|last_to_act_closure_policy,hidden_threat_offline_label_ready|public_context_ready,bid_margin,True,8,2,3-2,0.15510940551757812,2,3-2,0.15510940551757812,3,3-2,0.14639663696289062
6,9430,6,sixes,30,schema_v2_bid_value,7,1,3,0,bidder,offense,2,0,6,5,30,0,1,1,1,defense,False,True,4,25,6-4,3,24,6-3,0,False,True,False,True,True,41,6,10,5,2,6,18.0,40.11166763305664,0.39154282212257385,1.0,0.0,40,40,40,40,41,0,39.309999999999995,0.959942570530928,1,40,,1000,5,3,3,0.04460906982421875,0.0,0.0,False,False,False,False,False,False,,called_suit_pressure|last_to_act,first_trick_public_belief_update|last_to_act_closure_policy,hidden_threat_offline_label_ready|public_context_ready,bid_margin,True,8,2,3-2,0.1565093994140625,2,3-2,0.1565093994140625,1,2-0,0.14800262451171875
6,9430,6,sixes,30,schema_v2_bid_value,7,1,3,0,bidder,offense,2,0,6,5,30,0,1,1,1,defense,False,True,4,25,6-4,4,25,6-4,10,False,True,False,True,True,42,6,10,5,2,6,18.0,40.15627670288086,0.3948778808116913,1.0,0.0,40,40,40,40,41,0,39.41,1.0257397751561705,1,40,,1000,1,4,4,0.0,0.0,0.0,True,True,False,False,True,True,scalar_ev_lying_by_omission|high_variance_close_mean,called_suit_pressure|last_to_act,first_trick_public_belief_update|last_to_act_closure_policy,hidden_threat_offline_label_ready|public_context_ready,bid_margin,True,8,2,3-2,0.1612091064453125,2,3-2,0.1612091064453125,3,3-2,0.14883041381835938
6,9430,6,sixes,30,schema_v2_bid_value,7,1,3,0,bidder,offense,2,0,6,5,30,0,1,1,1,defense,False,True,4,25,6-4,5,26,6-5,0,False,True,False,True,True,43,6,10,5,2,6,18.0,40.11897659301758,0.39437976479530334,1.0,0.0,40,40,40,40,41,0,39.29,0.9808122654807809,1,40,,1000,3,5,5,0.03730010986328125,0.0,0.0,False,False,False,False,False,False,,called_suit_pressure|last_to_act,first_trick_public_belief_update|last_to_act_closure_policy,hidden_threat_offline_label_ready|public_context_ready,bid_margin,True,8,2,3-2,0.15718460083007812,2,3-2,0.15718460083007812,1,2-0,0.14868927001953125
6,9430,6,sixes,30,schema_v2_bid_value,7,1,3,0,bidder,offense,2,0,6,5,30,0,1,1,1,defense,False,True,4,25,6-4,6,27,6-6,0,True,True,False,True,True,46,6,10,5,2,6,18.0,40.13821792602539,0.3944198787212372,1.0,0.0,40,40,40,40,41,0,39.33,1.0106244683590044,1,40,,1000,2,6,6,0.01805877685546875,0.0,0.0,False,False,False,False,True,False,high_variance_close_mean,called_suit_pressure|last_to_act,first_trick_public_belief_update|last_to_act_closure_policy,hidden_threat_offline_label_ready|public_context_ready,bid_margin,True,8,2,3-2,0.1600799560546875,2,3-2,0.1600799560546875,3,3-2,0.14824295043945312
6,9430,6,sixes,30,schema_v2_bid_value,8,2,0,0,bidder,offense,2,11,6,15,20,0,,,,,False,False,2,23,6-2,0,5,2-2,0,True,False,,,True,,5,0,4,2,5,18.0,29.78477668762207,3.400151252746582,0.9929999709129333,0.0,26,31,31,31,31,0,20.109999999999996,1.4632138235004406,2,19|31,12,1000,5,5,1,1.3389568328857422,0.00700002908706665,0.0,False,False,False,True,False,False,multi_peak_pdf,,first_trick_public_belief_update,hidden_threat_offline_label_ready|public_context_ready,bid_margin,True,8,2,2-0,0.9460486173629761,2,2-0,0.8895854353904724,2,6-0,0.8068188428878784
6,9430,6,sixes,30,schema_v2_bid_value,8,2,0,0,bidder,offense,2,11,6,15,20,0,,,,,False,False,2,23,6-2,2,23,6-2,0,False,True,,,True,,5,0,4,2,5,18.0,31.105283737182617,0.12023848295211792,1.0,0.0,31,31,31,31,31,0,31.0,-0.0,1,31,,1000,4,1,2,0.018449783325195312,0.0,0.0,True,False,True,False,False,False,,called_suit_pressure,first_trick_public_belief_update,hidden_threat_offline_label_ready|public_context_ready,bid_margin,True,8,2,5-5,0.08391189575195312,1,5-5,0.0704498291015625,2,5-5,0.08391189575195312
6,9430,6,sixes,30,schema_v2_bid_value,8,2,0,0,bidder,offense,2,11,6,15,20,0,,,,,False,False,2,23,6-2,3,24,6-3,0,False,True,,,True,,5,0,4,2,5,18.0,31.109512329101562,0.12151152640581131,1.0,0.0,31,31,31,31,31,0,31.0,-0.0,1,31,,1000,3,2,3,0.01422119140625,0.0,0.0,False,False,False,False,False,False,,called_suit_pressure,first_trick_public_belief_update,hidden_threat_offline_label_ready|public_context_ready,bid_margin,True,8,2,5-5,0.08245086669921875,1,5-5,0.07030296325683594,2,5-5,0.08245086669921875
6,9430,6,sixes,30,schema_v2_bid_value,8,2,0,0,bidder,offense,2,11,6,15,20,0,,,,,False,False,2,23,6-2,5,26,6-5,0,False,True,,,True,,5,0,4,2,5,18.0,31.119985580444336,0.1219104677438736,1.0,0.0,31,31,31,31,31,0,31.0,-0.0,1,31,,1000,2,3,4,0.0037479400634765625,0.0,0.0,False,False,False,False,True,False,high_variance_close_mean,called_suit_pressure,first_trick_public_belief_update,hidden_threat_offline_label_ready|public_context_ready,bid_margin,True,8,2,5-5,0.07963752746582031,1,5-5,0.07006263732910156,2,5-5,0.07963752746582031
6,9430,6,sixes,30,schema_v2_bid_value,8,2,0,0,bidder,offense,2,11,6,15,20,0,,,,,False,False,2,23,6-2,6,27,6-6,0,True,True,,,True,,5,0,4,2,5,18.0,31.123733520507812,0.12180854380130768,1.0,0.0,31,31,31,31,31,0,31.0,-0.0,1,31,,1000,1,4,5,0.0,0.0,0.0,False,True,False,False,False,True,scalar_ev_lying_by_omission,called_suit_pressure,first_trick_public_belief_update,hidden_threat_offline_label_ready|public_context_ready,bid_margin,True,8,2,5-5,0.07800102233886719,1,5-5,0.06879425048828125,2,5-5,0.07800102233886719
6,9430,6,sixes,30,schema_v2_bid_value,9,2,1,1,left_setter,defense,3,11,6,15,20,0,7,called,0,offense,False,True,6,22,6-1,6,22,6-1,0,False,True,True,False,False,39,5,10,1,1,1,-17.0,-5.9105916023254395,23.920164108276367,0.5509999990463257,0.4440000057220459,-31,-31,-7,17,30,48,-31.529999999999998,4.972715414796233,4,-31|-29|17|31,62,1000,1,1,1,0.0,0.0,0.0,True,True,True,True,False,False,multi_peak_pdf|wide_shelf_gap|high_std|large_lower_tail|hidden_threat_large_impact,called_suit_pressure,first_trick_public_belief_update,hidden_threat_offline_label_ready|public_context_ready,bid_margin,True,8,3,6-6,25.250904068350792,2,6-6,14.260787397623062,3,6-6,23.654004327952862
6,9430,6,sixes,30,schema_v2_bid_value,10,2,2,2,bidder_partner,offense,0,11,6,15,20,0,7,called,0,offense,True,False,6,21,6-0,6,21,6-0,0,False,True,True,False,False,38,5,5,1,1,1,18.0,-6.596007823944092,22.267284393310547,0.2029999941587448,0.4050000011920929,-31,-29,-11,14,29,43,-31.6,5.275158930561968,7,-31|-29|-18|-4|17|29|31,62,1000,1,1,1,0.0,0.0,0.0,True,True,True,True,False,False,multi_peak_pdf|wide_shelf_gap|high_std|large_lower_tail|hidden_threat_large_impact,called_suit_pressure,first_trick_public_belief_update,hidden_threat_offline_label_ready|public_context_ready,bid_margin,True,8,0,5-5,18.730792939662933,0,5-3,12.371384605765343,0,5-5,17.418043628335
6,9430,6,sixes,30,schema_v2_bid_value,11,2,3,3,right_setter,defense,1,11,6,15,20,0,7,called,0,offense,False,True,0,0,0-0,0,0,0-0,0,True,False,False,False,False,0,5,5,0,1,5,-17.0,-17.736846923828125,17.26250648498535,0.3269999921321869,0.6439999938011169,-31,-31,-24,-9,11,22,-31.92,4.576994662401125,5,-31|-29|-22|-19|29,60,1000,1,1,1,0.0,0.0,0.0,True,True,True,True,False,True,scalar_ev_lying_by_omission|multi_peak_pdf|wide_shelf_gap|high_std|large_lower_tail|hidden_threat_large_impact,last_to_act,first_trick_public_belief_update|last_to_act_closure_policy,hidden_threat_offline_label_ready|public_context_ready,bid_margin,True,8,1,6-6,19.43785583972931,2,6-6,13.000683158636093,1,6-6,17.779460459947586
6,9430,6,sixes,30,schema_v2_bid_value,11,2,3,3,right_setter,defense,1,11,6,15,20,0,7,called,0,offense,False,True,0,0,0-0,2,6,3-0,0,False,False,False,False,False,0,5,5,0,1,5,-17.0,-17.97197723388672,17.286182403564453,0.3179999887943268,0.6499999761581421,-32,-31,-26,-9,11,22,-32.0,4.5336978582288285,5,-31|-29|-23|-19|29,60,1000,2,2,2,0.23513031005859375,0.009000003337860107,0.0059999823570251465,False,False,False,False,True,False,high_variance_close_mean|multi_peak_pdf|wide_shelf_gap|high_std|large_lower_tail|hidden_threat_large_impact,last_to_act,first_trick_public_belief_update|last_to_act_closure_policy,hidden_threat_offline_label_ready|public_context_ready,bid_margin,True,8,1,6-6,18.68697237968445,2,6-6,12.888025313615799,1,6-6,17.11319026350975
6,9430,6,sixes,30,schema_v2_bid_value,11,2,3,3,right_setter,defense,1,11,6,15,20,0,7,called,0,offense,False,True,0,0,0-0,3,8,3-2,5,False,False,False,False,False,0,5,5,0,1,5,-17.0,-21.259445190429688,14.780919075012207,0.25600001215934753,0.7279999852180481,-31,-31,-29,-17,5,14,-31.849999999999998,4.251867486216273,4,-31|-29|-26|19,50,1000,5,5,5,3.5225982666015625,0.07099997997283936,0.08399999141693115,False,False,False,False,False,False,multi_peak_pdf|wide_shelf_gap|large_lower_tail|hidden_threat_large_impact,last_to_act|setter_count_pressure,first_trick_public_belief_update|last_to_act_closure_policy|setter_count_before_certainty,hidden_threat_offline_label_ready|needs_real_bid_margin|public_context_ready,bid_margin,True,8,1,6-6,13.253184854984283,2,6-6,9.845577448606491,1,6-6,12.134674787521362
6,9430,6,sixes,30,schema_v2_bid_value,11,2,3,3,right_setter,defense,1,11,6,15,20,0,7,called,0,offense,False,True,0,0,0-0,5,16,5-1,0,False,False,False,False,False,0,5,5,0,1,5,-17.0,-18.763683319091797,17.364641189575195,0.3109999895095825,0.6700000166893005,-31,-31,-29,-10,10,21,-31.97,4.34015012858769,5,-31|-29|-20|-18|29,60,1000,3,3,3,1.0268363952636719,0.01600000262260437,0.026000022888183594,False,False,False,False,False,False,multi_peak_pdf|wide_shelf_gap|high_std|large_lower_tail|hidden_threat_large_impact,last_to_act,first_trick_public_belief_update|last_to_act_closure_policy,hidden_threat_offline_label_ready|public_context_ready,bid_margin,True,8,1,6-6,18.227071583271027,2,6-6,12.431286096572876,1,6-6,16.71088245511055
6,9430,6,sixes,30,schema_v2_bid_value,11,2,3,3,right_setter,defense,1,11,6,15,20,0,7,called,0,offense,False,True,0,0,0-0,6,19,5-4,0,False,False,False,False,False,0,5,5,0,1,5,-17.0,-19.522491455078125,17.054466247558594,0.28700000047683716,0.6899999976158142,-32,-31,-30,-13,8,18,-32.0,4.153773321673043,4,-31|-29|-19|29,60,1000,4,4,4,1.78564453125,0.03999999165534973,0.046000003814697266,False,False,False,False,False,False,multi_peak_pdf|wide_shelf_gap|high_std|large_lower_tail|hidden_threat_large_impact,last_to_act,first_trick_public_belief_update|last_to_act_closure_policy,hidden_threat_offline_label_ready|public_context_ready,bid_margin,True,8,1,6-6,18.877273678779602,2,6-6,12.706844508647919,1,6-6,17.23243135213852
6,9430,6,sixes,30,schema_v2_bid_value,12,3,0,0,bidder,offense,2,12,6,15,20,0,,,,,False,False,6,27,6-6,0,5,2-2,0,True,False,,,True,,4,0,3,2,4,18.0,30.215133666992188,0.0828593298792839,1.0,0.0,30,30,30,30,30,0,30.0,-0.0,1,30,,1000,2,1,1,0.0056705474853515625,0.0,0.0,False,False,True,True,False,False,,,first_trick_public_belief_update,hidden_threat_offline_label_ready|public_context_ready,bid_margin,True,8,1,5-5,0.05623435974121094,1,5-5,0.05623435974121094,2,3-2,0.0527801513671875
6,9430,6,sixes,30,schema_v2_bid_value,12,3,0,0,bidder,offense,2,12,6,15,20,0,,,,,False,False,6,27,6-6,3,24,6-3,0,False,True,,,True,,4,0,3,2,4,18.0,30.20187759399414,0.08795692026615143,1.0,0.0,30,30,30,30,30,0,30.0,-0.0,1,30,,1000,4,2,2,0.018926620483398438,0.0,0.0,False,False,False,False,True,False,high_variance_close_mean,called_suit_pressure,first_trick_public_belief_update,hidden_threat_offline_label_ready|public_context_ready,bid_margin,True,8,1,5-5,0.06100273132324219,1,5-5,0.06100273132324219,2,3-2,0.05861473083496094
6,9430,6,sixes,30,schema_v2_bid_value,12,3,0,0,bidder,offense,2,12,6,15,20,0,,,,,False,False,6,27,6-6,5,26,6-5,0,False,True,,,True,,4,0,3,2,4,18.0,30.21392059326172,0.0870281532406807,1.0,0.0,30,30,30,30,30,0,30.0,-0.0,1,30,,1000,3,3,3,0.0068836212158203125,0.0,0.0,False,False,False,False,True,False,high_variance_close_mean,called_suit_pressure,first_trick_public_belief_update,hidden_threat_offline_label_ready|public_context_ready,bid_margin,True,8,1,5-5,0.06144523620605469,1,5-5,0.06144523620605469,2,3-2,0.05858039855957031
6,9430,6,sixes,30,schema_v2_bid_value,12,3,0,0,bidder,offense,2,12,6,15,20,0,,,,,False,False,6,27,6-6,6,27,6-6,0,True,True,,,True,,4,0,3,2,4,18.0,30.22080421447754,0.08553678542375565,1.0,0.0,30,30,30,30,30,0,30.0,-0.0,1,30,,1000,1,4,4,0.0,0.0,0.0,True,True,False,False,False,True,scalar_ev_lying_by_omission,called_suit_pressure,first_trick_public_belief_update,hidden_threat_offline_label_ready|public_context_ready,bid_margin,True,8,1,5-5,0.06051063537597656,1,5-5,0.06051063537597656,2,3-2,0.05745697021484375
6,9430,6,sixes,30,schema_v2_bid_value,13,3,1,1,left_setter,defense,3,12,6,15,20,0,7,called,0,offense,False,True,3,17,5-2,1,7,3-1,0,False,False,False,False,False,0,4,10,0,1,4,-17.0,-14.006053924560547,17.84615135192871,0.45500001311302185,0.5070000290870667,-31,-30,-18,3,14,33,-31.0,4.382611024645775,5,-30|-17|-7|4|15,45,1000,2,2,2,1.198338508605957,0.06999996304512024,0.05000004172325134,False,False,False,False,False,False,multi_peak_pdf|wide_shelf_gap|high_std|large_lower_tail|hidden_threat_large_impact,,first_trick_public_belief_update,hidden_threat_offline_label_ready|public_context_ready,bid_margin,True,8,0,5-0,18.059705793857574,0,3-3,11.306395098567009,0,5-0,16.880637854337692
6,9430,6,sixes,30,schema_v2_bid_value,13,3,1,1,left_setter,defense,3,12,6,15,20,0,7,called,0,offense,False,True,3,17,5-2,3,17,5-2,0,False,False,False,False,False,0,4,10,0,1,4,-17.0,-12.80771541595459,17.46841049194336,0.5249999761581421,0.4569999873638153,-31,-30,-16,4,13,34,-31.0,4.505022332156948,5,-30|-16|-6|4|14,44,1000,1,1,1,0.0,0.0,0.0,True,True,True,True,False,True,scalar_ev_lying_by_omission|multi_peak_pdf|wide_shelf_gap|high_std|large_lower_tail|hidden_threat_large_impact,,first_trick_public_belief_update,hidden_threat_offline_label_ready|public_context_ready,bid_margin,True,8,0,5-0,15.41340708732605,0,2-2,9.268844872713089,0,5-0,14.463152885437012
6,9430,6,sixes,30,schema_v2_bid_value,13,3,1,1,left_setter,defense,3,12,6,15,20,0,7,called,0,offense,False,True,3,17,5-2,4,18,5-3,0,False,False,False,False,False,0,4,10,0,1,4,-17.0,-14.324430465698242,17.742420196533203,0.4449999928474426,0.5260000228881836,-31,-30,-20,3,13,33,-31.0,4.375311567649201,4,-30|-18|4|14,44,1000,3,3,3,1.5167150497436523,0.07999998331069946,0.06900003552436829,False,False,False,False,False,False,multi_peak_pdf|wide_shelf_gap|high_std|large_lower_tail|hidden_threat_large_impact,,first_trick_public_belief_update,hidden_threat_offline_label_ready|public_context_ready,bid_margin,True,8,0,5-0,17.47423768043518,0,3-3,11.515961095690727,0,5-0,16.327288448810577
6,9430,6,sixes,30,schema_v2_bid_value,13,3,1,1,left_setter,defense,3,12,6,15,20,0,7,called,0,offense,False,True,3,17,5-2,5,20,5-5,10,True,False,False,False,False,0,4,10,0,1,4,-17.0,-24.80183219909668,7.973898887634277,0.21799999475479126,0.753000020980835,-31,-30,-30,-18,-12,12,-31.0,3.475278693298203,5,-30|-28|-18|-15|-9,21,1000,4,4,4,11.99411678314209,0.30699998140335083,0.29600003361701965,False,False,False,False,False,False,multi_peak_pdf|wide_shelf_gap|large_lower_tail|hidden_threat_large_impact,setter_count_pressure,first_trick_public_belief_update|setter_count_before_certainty,hidden_threat_offline_label_ready|needs_real_bid_margin|public_context_ready,bid_margin,True,8,0,5-0,6.66603809595108,0,5-4,4.296341240406036,0,5-0,5.930698871612549
6,9430,6,sixes,30,schema_v2_bid_value,14,3,2,2,bidder_partner,offense,0,12,6,15,20,0,7,called,0,offense,True,False,5,15,5-0,0,3,2-0,0,False,False,False,False,False,0,4,5,0,1,4,18.0,20.547449111938477,13.97413158416748,0.6620000004768372,0.0,0,5,30,30,30,25,-4.729999999999999,2.2145122587109585,5,-4|0|3|5|30,34,1000,2,1,1,0.5446987152099609,0.0,0.0,False,False,True,True,True,False,high_variance_close_mean|multi_peak_pdf|wide_shelf_gap|hidden_threat_large_impact,,first_trick_public_belief_update,hidden_threat_offline_label_ready|public_context_ready,bid_margin,True,8,0,5-3,24.849116131663322,0,5-3,21.72628190368414,0,3-0,13.067295908927917
6,9430,6,sixes,30,schema_v2_bid_value,14,3,2,2,bidder_partner,offense,0,12,6,15,20,0,7,called,0,offense,True,False,5,15,5-0,2,9,3-3,0,True,False,False,False,False,0,4,5,0,1,4,18.0,12.400308609008789,13.59653091430664,0.32100000977516174,0.0,-4,0,9,30,30,30,-6.5600000000000005,3.9911591002315667,9,-3|0|3|5|6|9|16|18|30,33,1000,4,4,2,8.691839218139648,0.3409999907016754,0.0,False,False,False,False,False,False,multi_peak_pdf|wide_shelf_gap|hidden_threat_large_impact,,first_trick_public_belief_update,hidden_threat_offline_label_ready|public_context_ready,bid_margin,True,8,0,5-5,22.340623915195465,0,5-3,12.625862071290612,0,5-5,22.340623915195465
6,9430,6,sixes,30,schema_v2_bid_value,14,3,2,2,bidder_partner,offense,0,12,6,15,20,0,7,called,0,offense,True,False,5,15,5-0,4,12,4-2,0,False,False,False,False,False,0,4,5,0,1,4,18.0,20.254032135009766,14.007621765136719,0.652999997138977,0.0,-1,5,30,30,30,25,-4.68,2.394767875866143,5,-4|0|3|5|30,34,1000,3,3,3,0.8381156921386719,0.009000003337860107,0.0,False,False,False,False,True,False,high_variance_close_mean|multi_peak_pdf|wide_shelf_gap|hidden_threat_large_impact,,first_trick_public_belief_update,hidden_threat_offline_label_ready|public_context_ready,bid_margin,True,8,0,5-3,24.836222853511572,0,5-3,21.704912705346942,0,5-5,13.366889238357544
6,9430,6,sixes,30,schema_v2_bid_value,14,3,2,2,bidder_partner,offense,0,12,6,15,20,0,7,called,0,offense,True,False,5,15,5-0,5,15,5-0,5,False,False,False,False,False,0,4,5,0,1,4,18.0,21.092147827148438,13.240394592285156,0.6620000004768372,0.0,3,6,30,30,30,24,-3.1099999999999994,2.065165028780411,3,-3|6|30,33,1000,1,2,4,0.0,0.0,0.0,True,True,False,False,False,True,scalar_ev_lying_by_omission|multi_peak_pdf|wide_shelf_gap|hidden_threat_large_impact,partner_count_donation,first_trick_public_belief_update|partner_forcedness_and_safety,hidden_threat_offline_label_ready|needs_belief_model|public_context_ready,bid_margin,True,8,0,5-3,23.690214440226555,0,5-3,20.56738021224737,0,3-0,12.599644541740417
6,9430,6,sixes,30,schema_v2_bid_value,15,3,3,3,right_setter,defense,1,12,6,20,15,5,7,called,0,offense,False,True,2,6,3-0,2,6,3-0,0,False,False,False,False,False,0,4,5,0,0,4,-17.0,-25.336530685424805,9.2620210647583,0.16599999368190765,0.8159999847412109,-31,-31,-31,-21,-8,10,-31.0,2.266731008777982,5,-31|-29|-18|-8|-5,26,1000,1,1,2,0.0,0.0,0.011999964714050293,True,True,True,False,True,True,scalar_ev_lying_by_omission|high_variance_close_mean|multi_peak_pdf|wide_shelf_gap|large_lower_tail|hidden_threat_large_impact,last_to_act,first_trick_public_belief_update|last_to_act_closure_policy,hidden_threat_offline_label_ready|public_context_ready,bid_margin,True,8,0,5-3,12.325722128152847,0,5-5,7.249630019068718,0,5-3,10.968235284090042
6,9430,6,sixes,30,schema_v2_bid_value,15,3,3,3,right_setter,defense,1,12,6,20,15,5,7,called,0,offense,False,True,2,6,3-0,3,8,3-2,5,False,False,False,False,False,0,4,5,0,0,4,-17.0,-26.229415893554688,8.726837158203125,0.164000004529953,0.8360000252723694,-31,-31,-31,-28,-8,3,-31.0,2.3210300234350214,4,-31|-29|-8|-6,25,1000,3,3,3,0.8928852081298828,0.001999989151954651,0.03200000524520874,False,False,False,False,False,False,multi_peak_pdf|wide_shelf_gap|large_lower_tail|hidden_threat_large_impact,last_to_act|setter_count_pressure,first_trick_public_belief_update|last_to_act_closure_policy|setter_count_before_certainty,hidden_threat_offline_label_ready|needs_real_bid_margin|public_context_ready,bid_margin,True,8,0,5-3,12.886247098445892,0,5-5,6.474903792142868,0,5-3,11.428760051727295
6,9430,6,sixes,30,schema_v2_bid_value,15,3,3,3,right_setter,defense,1,12,6,20,15,5,7,called,0,offense,False,True,2,6,3-0,5,16,5-1,0,False,False,False,False,False,0,4,5,0,0,4,-17.0,-25.424699783325195,9.129843711853027,0.16599999368190765,0.8040000200271606,-31,-31,-31,-18,-8,13,-31.0,2.1298877846801485,4,-31|-18|-8|-6,25,1000,2,2,1,0.08816909790039062,0.0,0.0,False,False,False,True,True,False,high_variance_close_mean|multi_peak_pdf|wide_shelf_gap|large_lower_tail|hidden_threat_large_impact,last_to_act,first_trick_public_belief_update|last_to_act_closure_policy,hidden_threat_offline_label_ready|public_context_ready,bid_margin,True,8,0,5-3,11.742170006036758,0,5-5,7.500679776072502,0,5-3,10.444682985544205
6,9430,6,sixes,30,schema_v2_bid_value,15,3,3,3,right_setter,defense,1,12,6,20,15,5,7,called,0,offense,False,True,2,6,3-0,6,19,5-4,0,False,False,False,False,False,0,4,5,0,0,4,-17.0,-27.315507888793945,7.836526870727539,0.08699999749660492,0.8830000162124634,-31,-31,-31,-30,-18,1,-31.289999999999996,1.713873911799666,3,-31|-18|-6,25,1000,4,4,4,1.9789772033691406,0.07899999618530273,0.07899999618530273,False,False,False,False,False,False,multi_peak_pdf|wide_shelf_gap|large_lower_tail|hidden_threat_large_impact,last_to_act,first_trick_public_belief_update|last_to_act_closure_policy,hidden_threat_offline_label_ready|public_context_ready,bid_margin,True,8,0,5-3,15.507291465997696,0,5-5,4.430408760905266,0,5-3,13.814804464578629
6,9430,6,sixes,30,schema_v2_bid_value,16,4,0,0,bidder,offense,2,18,6,20,15,0,,,,,False,False,5,26,6-5,0,5,2-2,0,True,False,,,True,,3,0,2,1,3,18.0,23.498201370239258,0.3892227113246918,1.0,0.0,23,23,24,24,24,1,22.83,1.0961164653975703,1,24,,1000,3,1,1,0.018505096435546875,0.0,0.0,False,False,True,True,False,False,,late_hand,first_trick_public_belief_update|late_trick_threshold_closure,distribution_labels_ready|hidden_threat_offline_label_ready|public_context_ready,bid_margin,True,8,3,3-2,0.23336410522460938,3,3-2,0.23336410522460938,2,3-2,0.22205734252929688
6,9430,6,sixes,30,schema_v2_bid_value,16,4,0,0,bidder,offense,2,18,6,20,15,0,,,,,False,False,5,26,6-5,3,24,6-3,0,False,True,,,True,,3,0,2,1,3,18.0,23.512975692749023,0.38930246233940125,1.0,0.0,23,23,24,24,24,1,22.880000000000003,1.0657252533550023,1,24,,1000,2,2,2,0.00373077392578125,0.0,0.0,False,False,False,False,True,False,high_variance_close_mean,called_suit_pressure|late_hand,first_trick_public_belief_update|late_trick_threshold_closure,distribution_labels_ready|hidden_threat_offline_label_ready|public_context_ready,bid_margin,True,8,3,3-2,0.23557281494140625,3,3-2,0.23557281494140625,2,3-2,0.22598838806152344
6,9430,6,sixes,30,schema_v2_bid_value,16,4,0,0,bidder,offense,2,18,6,20,15,0,,,,,False,False,5,26,6-5,5,26,6-5,0,False,True,,,True,,3,0,2,1,3,18.0,23.516706466674805,0.3893797993659973,1.0,0.0,23,23,24,24,24,1,22.880000000000003,1.0657252533550023,1,24,,1000,1,3,3,0.0,0.0,0.0,True,True,False,False,True,True,scalar_ev_lying_by_omission|high_variance_close_mean,called_suit_pressure|late_hand,first_trick_public_belief_update|late_trick_threshold_closure,distribution_labels_ready|hidden_threat_offline_label_ready|public_context_ready,bid_margin,True,8,3,3-2,0.23442840576171875,3,3-2,0.23442840576171875,2,3-2,0.22512054443359375
6,9430,6,sixes,30,schema_v2_bid_value,17,4,1,1,left_setter,defense,3,18,6,20,15,0,7,called,0,offense,False,True,1,7,3-1,1,7,3-1,0,False,False,False,False,False,0,3,10,0,1,3,-17.0,-14.294864654541016,12.447184562683105,0.4169999957084656,0.5830000042915344,-24,-24,-24,-1,-1,23,-24.000000000000004,1.8506687016518244,4,-24|-11|-1|10,34,1000,1,1,1,0.0,0.0,0.0,True,True,True,True,True,False,high_variance_close_mean|multi_peak_pdf|wide_shelf_gap|large_lower_tail|hidden_threat_large_impact,late_hand,first_trick_public_belief_update|late_trick_threshold_closure,distribution_labels_ready|hidden_threat_offline_label_ready|public_context_ready,bid_margin,True,8,0,5-4,30.327945470809937,0,2-2,16.123247921466827,0,5-4,27.412945449352264
6,9430,6,sixes,30,schema_v2_bid_value,17,4,1,1,left_setter,defense,3,18,6,20,15,0,7,called,0,offense,False,True,1,7,3-1,4,18,5-3,0,False,False,False,False,False,0,3,10,0,1,3,-17.0,-14.323145866394043,12.456868171691895,0.4169999957084656,0.5830000042915344,-24,-24,-24,-1,0,23,-24.000000000000004,1.8576639367008418,4,-24|-11|-1|10,34,1000,2,2,2,0.028281211853027344,0.0,0.0,False,False,False,False,True,False,high_variance_close_mean|multi_peak_pdf|wide_shelf_gap|large_lower_tail|hidden_threat_large_impact,late_hand,first_trick_public_belief_update|late_trick_threshold_closure,distribution_labels_ready|hidden_threat_offline_label_ready|public_context_ready,bid_margin,True,8,0,5-4,30.378331422805786,0,2-2,16.09589558839798,0,5-4,27.463331401348114
6,9430,6,sixes,30,schema_v2_bid_value,17,4,1,1,left_setter,defense,3,18,6,20,15,0,7,called,0,offense,False,True,1,7,3-1,5,20,5-5,10,True,False,False,False,False,0,3,10,0,1,3,-17.0,-22.06568717956543,4.64890718460083,0.11800000071525574,0.8790000081062317,-24,-24,-24,-24,-11,0,-24.000000000000004,1.5133171915515438,4,-24|-21|-19|-10,14,1000,3,3,3,7.770822525024414,0.29899999499320984,0.29600000381469727,False,False,False,False,False,False,multi_peak_pdf|large_lower_tail|hidden_threat_large_impact,late_hand|setter_count_pressure,first_trick_public_belief_update|late_trick_threshold_closure|setter_count_before_certainty,distribution_labels_ready|hidden_threat_offline_label_ready|needs_real_bid_margin|public_context_ready,bid_margin,True,8,0,3-2,13.488047480583191,0,5-4,3.947521895170212,0,3-2,11.521618872880936
6,9430,6,sixes,30,schema_v2_bid_value,18,4,2,2,bidder_partner,offense,0,18,6,20,15,0,7,called,0,offense,True,False,0,3,2-0,0,3,2-0,0,False,False,False,False,False,0,3,0,0,1,3,18.0,12.949209213256836,13.76587963104248,0.5860000252723694,0.0,-9,1,24,24,24,23,-11.599999999999998,1.8036704319762336,4,-15|-9|1|24,39,1000,1,1,1,0.0,0.0,0.0,True,True,True,True,False,False,multi_peak_pdf|wide_shelf_gap|hidden_threat_large_impact,late_hand,first_trick_public_belief_update|late_trick_threshold_closure,distribution_labels_ready|hidden_threat_offline_label_ready|public_context_ready,bid_margin,True,8,0,5-4,21.782156348228455,0,5-4,18.852156221866608,0,3-2,15.33589780330658
6,9430,6,sixes,30,schema_v2_bid_value,18,4,2,2,bidder_partner,offense,0,18,6,20,15,0,7,called,0,offense,True,False,0,3,2-0,2,9,3-3,0,True,False,False,False,False,0,3,0,0,1,3,18.0,5.785943984985352,15.594966888427734,0.37599998712539673,0.10100000351667404,-19,-9,1,24,24,33,-19.61,2.672306457787501,7,-20|-15|-12|-9|1|3|24,44,1000,3,3,3,7.163265228271484,0.21000003814697266,0.10100000351667404,False,False,False,False,False,False,multi_peak_pdf|wide_shelf_gap|high_std|hidden_threat_large_impact,late_hand,first_trick_public_belief_update|late_trick_threshold_closure,distribution_labels_ready|hidden_threat_offline_label_ready|public_context_ready,bid_margin,True,8,0,2-2,25.521505519747734,0,3-2,21.56553865969181,0,2-2,25.016505502164364
6,9430,6,sixes,30,schema_v2_bid_value,18,4,2,2,bidder_partner,offense,0,18,6,20,15,0,7,called,0,offense,True,False,0,3,2-0,4,12,4-2,0,False,False,False,False,False,0,3,0,0,1,3,18.0,12.939230918884277,13.774190902709961,0.5860000252723694,0.0,-9,1,24,24,24,23,-11.799999999999999,1.8208883590163842,4,-16|-9|1|24,40,1000,2,2,2,0.009978294372558594,0.0,0.0,False,False,False,False,True,False,high_variance_close_mean|multi_peak_pdf|wide_shelf_gap|hidden_threat_large_impact,late_hand,first_trick_public_belief_update|late_trick_threshold_closure,distribution_labels_ready|hidden_threat_offline_label_ready|public_context_ready,bid_margin,True,8,0,5-4,21.68504226207733,0,5-4,18.755042135715485,0,3-2,15.318335890769958
6,9430,6,sixes,30,schema_v2_bid_value,19,4,3,3,right_setter,defense,1,18,6,20,15,0,7,called,0,offense,False,True,3,8,3-2,3,8,3-2,5,False,False,False,False,False,0,3,5,0,0,3,-17.0,-18.619054794311523,10.582420349121094,0.20399999618530273,0.7960000038146973,-24,-24,-24,-22,2,2,-24.000000000000004,1.4623468781128308,5,-24|-22|-1|2|5,29,1000,1,1,1,0.0,0.0,0.0,True,True,True,True,True,False,high_variance_close_mean|multi_peak_pdf|wide_shelf_gap|large_lower_tail|hidden_threat_large_impact,last_to_act|late_hand|setter_count_pressure,first_trick_public_belief_update|last_to_act_closure_policy|late_trick_threshold_closure|setter_count_before_certainty,distribution_labels_ready|hidden_threat_offline_label_ready|needs_real_bid_margin|public_context_ready,bid_margin,True,8,0,5-3,17.479362964630127,0,5-5,8.661743640899658,0,5-3,15.70031988620758
6,9430,6,sixes,30,schema_v2_bid_value,19,4,3,3,right_setter,defense,1,18,6,20,15,0,7,called,0,offense,False,True,3,8,3-2,5,16,5-1,0,False,False,False,False,False,0,3,5,0,0,3,-17.0,-19.043916702270508,9.652060508728027,0.20399999618530273,0.7960000038146973,-24,-24,-24,-22,0,2,-24.000000000000004,1.4623468781128308,4,-24|-22|-1|2,26,1000,2,2,2,0.4248619079589844,0.0,0.0,False,False,False,False,True,False,high_variance_close_mean|multi_peak_pdf|wide_shelf_gap|large_lower_tail|hidden_threat_large_impact,last_to_act|late_hand,first_trick_public_belief_update|last_to_act_closure_policy|late_trick_threshold_closure,distribution_labels_ready|hidden_threat_offline_label_ready|public_context_ready,bid_margin,True,8,0,5-3,15.925113201141357,0,2-2,8.232187747955322,0,5-3,14.146070122718811
6,9430,6,sixes,30,schema_v2_bid_value,19,4,3,3,right_setter,defense,1,18,6,20,15,0,7,called,0,offense,False,True,3,8,3-2,6,19,5-4,0,False,False,False,False,False,0,3,5,0,0,3,-17.0,-21.363229751586914,7.813968181610107,0.11699999868869781,0.8830000162124634,-24,-24,-24,-24,0,0,-24.320000000000004,0.8195685764550881,2,-24|0,24,1000,3,3,3,2.7441749572753906,0.08699999749660492,0.08700001239776611,False,False,False,False,False,False,multi_peak_pdf|wide_shelf_gap|large_lower_tail|hidden_threat_large_impact,last_to_act|late_hand,first_trick_public_belief_update|last_to_act_closure_policy|late_trick_threshold_closure,distribution_labels_ready|hidden_threat_offline_label_ready|public_context_ready,bid_margin,True,8,0,5-3,19.64121326804161,0,4-2,4.679218962788582,0,5-3,17.427170127630234
6,9430,6,sixes,30,schema_v2_bid_value,20,5,0,0,bidder,offense,2,24,6,25,10,0,,,,,False,False,3,24,6-3,0,5,2-2,0,True,False,,,True,,2,0,1,1,2,18.0,15.659384727478027,0.4806378185749054,0.0,0.0,15,15,16,16,16,1,14.959999999999999,1.1614640622400672,1,16,,1000,2,1,1,0.009004592895507812,0.0,0.0,False,False,True,True,True,False,high_variance_close_mean,late_hand,first_trick_public_belief_update|late_trick_threshold_closure,distribution_labels_ready|hidden_threat_offline_label_ready|public_context_ready,bid_margin,True,8,3,5-5,0.3947868347167969,3,5-5,0.3947868347167969,2,5-5,0.3562021255493164
6,9430,6,sixes,30,schema_v2_bid_value,20,5,0,0,bidder,offense,2,24,6,25,10,0,,,,,False,False,3,24,6-3,3,24,6-3,0,False,True,,,True,,2,0,1,1,2,18.0,15.668389320373535,0.47944375872612,0.0,0.0,15,15,16,16,16,1,15.0,1.1197238458336993,1,16,,1000,1,2,2,0.0,0.0,0.0,True,True,False,False,True,True,scalar_ev_lying_by_omission|high_variance_close_mean,called_suit_pressure|late_hand,first_trick_public_belief_update|late_trick_threshold_closure,distribution_labels_ready|hidden_threat_offline_label_ready|public_context_ready,bid_margin,True,8,3,5-5,0.3942556381225586,3,5-5,0.3942556381225586,2,5-5,0.3678293228149414
6,9430,6,sixes,30,schema_v2_bid_value,21,5,1,1,left_setter,defense,3,24,6,25,10,0,7,called,0,offense,False,True,4,18,5-3,4,18,5-3,0,False,False,False,False,False,0,2,10,0,1,2,-17.0,-5.89069128036499,15.580235481262207,0.35899999737739563,0.0,-18,-18,-17,15,15,33,-18.0,1.6532514520071797,2,-18|15,33,1000,1,1,1,0.0,0.0,0.0,True,True,True,True,True,True,scalar_ev_lying_by_omission|high_variance_close_mean|multi_peak_pdf|wide_shelf_gap|high_std|hidden_threat_large_impact,late_hand,first_trick_public_belief_update|late_trick_threshold_closure,distribution_labels_ready|hidden_threat_offline_label_ready|public_context_ready,bid_margin,True,8,0,5-4,27.476862609386444,2,5-4,13.475181967020035,0,5-4,27.476862609386444
6,9430,6,sixes,30,schema_v2_bid_value,21,5,1,1,left_setter,defense,3,24,6,25,10,0,7,called,0,offense,False,True,4,18,5-3,5,20,5-5,10,True,False,False,False,False,0,2,10,0,1,2,-17.0,-15.875255584716797,4.182953834533691,0.12999999523162842,0.0,-18,-18,-17,-17,-5,1,-18.0,1.4218547967679946,2,-18|-5,13,1000,2,2,2,9.984564304351807,0.2290000021457672,0.0,False,False,False,False,False,False,multi_peak_pdf|hidden_threat_large_impact,late_hand|setter_count_pressure,first_trick_public_belief_update|late_trick_threshold_closure|setter_count_before_certainty,distribution_labels_ready|hidden_threat_offline_label_ready|needs_real_bid_margin|public_context_ready,bid_margin,True,8,0,4-2,8.157754302024841,2,5-4,2.3739017248153687,0,4-2,8.157754302024841
6,9430,6,sixes,30,schema_v2_bid_value,22,5,2,2,bidder_partner,offense,0,24,6,25,10,0,7,called,0,offense,True,False,2,9,3-3,2,9,3-3,0,True,False,False,False,False,0,2,0,0,1,2,18.0,7.236448287963867,14.484965324401855,0.0,0.0,-14,-13,17,17,18,30,-14.0,1.6345722829491622,2,-14|17,31,1000,1,1,1,0.0,0.0,0.0,True,True,True,True,True,False,high_variance_close_mean|multi_peak_pdf|wide_shelf_gap|hidden_threat_large_impact,late_hand,first_trick_public_belief_update|late_trick_threshold_closure,distribution_labels_ready|hidden_threat_offline_label_ready|public_context_ready,bid_margin,True,8,0,5-4,21.107158660888672,0,5-4,21.107158660888672,0,5-5,10.257009506225586
6,9430,6,sixes,30,schema_v2_bid_value,22,5,2,2,bidder_partner,offense,0,24,6,25,10,0,7,called,0,offense,True,False,2,9,3-3,4,12,4-2,0,False,False,False,False,False,0,2,0,0,1,2,18.0,7.165747165679932,14.59447193145752,0.0,0.0,-14,-14,17,17,18,31,-14.870000000000001,1.640441249896558,2,-14|17,31,1000,2,2,2,0.07070112228393555,0.0,0.0,False,False,False,False,True,False,high_variance_close_mean|multi_peak_pdf|wide_shelf_gap|hidden_threat_large_impact,late_hand,first_trick_public_belief_update|late_trick_threshold_closure,distribution_labels_ready|hidden_threat_offline_label_ready|public_context_ready,bid_margin,True,8,0,5-4,21.267929553985596,0,5-4,21.267929553985596,0,5-5,10.332469463348389
6,9430,6,sixes,30,schema_v2_bid_value,23,5,3,3,right_setter,defense,1,24,6,25,10,0,7,called,0,offense,False,True,5,16,5-1,5,16,5-1,0,False,False,False,False,False,0,2,0,0,0,2,-17.0,-6.95688009262085,15.413687705993652,0.3199999928474426,0.0,-18,-18,-17,15,16,33,-18.0,1.9028491044100142,2,-18|16,34,1000,1,1,1,0.0,0.0,0.0,True,True,True,True,True,True,scalar_ev_lying_by_omission|high_variance_close_mean|multi_peak_pdf|wide_shelf_gap|high_std|hidden_threat_large_impact,last_to_act|late_hand,first_trick_public_belief_update|last_to_act_closure_policy|late_trick_threshold_closure,distribution_labels_ready|hidden_threat_offline_label_ready|public_context_ready,bid_margin,True,8,0,4-2,29.26825749874115,0,2-2,12.294630110263824,0,4-2,29.26825749874115
6,9430,6,sixes,30,schema_v2_bid_value,23,5,3,3,right_setter,defense,1,24,6,25,10,0,7,called,0,offense,False,True,5,16,5-1,6,19,5-4,0,False,False,False,False,False,0,2,0,0,0,2,-17.0,-17.355121612548828,0.296261191368103,0.1679999977350235,0.0,-18,-18,-17,-17,-17,1,-18.0,0.9384543826025638,1,-17,,1000,2,2,2,10.398241519927979,0.15199999511241913,0.0,False,False,False,False,False,False,,last_to_act|late_hand,first_trick_public_belief_update|last_to_act_closure_policy|late_trick_threshold_closure,distribution_labels_ready|hidden_threat_offline_label_ready|public_context_ready,bid_margin,True,8,0,4-2,3.954115003347397,0,2-2,1.1397817879915237,0,4-2,3.954115003347397
6,9430,6,sixes,30,schema_v2_bid_value,24,6,0,0,bidder,offense,2,25,6,25,10,0,,,,,False,False,0,5,2-2,0,5,2-2,0,True,False,,,True,,1,0,0,1,1,18.0,15.634765625,0.4291810989379883,0.0,0.0,15,15,15,16,16,1,15.0,0.9988455359952018,1,15,,1000,1,1,1,0.0,0.0,0.0,True,True,True,True,False,False,,late_hand,first_trick_public_belief_update|late_trick_threshold_closure,distribution_labels_ready|hidden_threat_offline_label_ready|public_context_ready,bid_margin,True,8,2,5-5,0.5188045501708984,3,5-5,0.4972114562988281,2,5-5,0.5188045501708984
6,9430,6,sixes,30,schema_v2_bid_value,25,6,1,1,left_setter,defense,3,25,6,25,10,0,2,2,0,offense,False,True,5,20,5-5,5,20,5-5,10,True,False,False,False,False,0,1,10,0,1,1,-17.0,-16.51197052001953,0.03642021119594574,1.0,0.0,-17,-17,-16,-16,-16,1,-17.0,0.9997114417528099,1,-16,,1000,1,1,1,0.0,0.0,0.0,True,True,True,True,False,False,,late_hand|setter_count_pressure,first_trick_public_belief_update|late_trick_threshold_closure|setter_count_before_certainty,distribution_labels_ready|hidden_threat_offline_label_ready|needs_real_bid_margin|public_context_ready,bid_margin,True,4,3,4-2,0.037158966064453125,3,4-2,0.037158966064453125,2,4-2,0.03569984436035156
6,9430,6,sixes,30,schema_v2_bid_value,26,6,2,2,bidder_partner,offense,0,25,6,35,0,10,2,2,0,offense,True,False,4,12,4-2,4,12,4-2,0,False,False,True,False,False,22,1,0,0,0,1,18.0,16.679840087890625,5.7220458984375e-06,0.0,0.0,17,17,17,17,17,0,17.0,-0.0,1,17,,1000,1,1,1,0.0,0.0,0.0,True,True,True,True,False,False,,late_hand,first_trick_public_belief_update|late_trick_threshold_closure,distribution_labels_ready|hidden_threat_offline_label_ready|public_context_ready,bid_margin,True,1,3,5-4,3.814697265625e-06,3,5-4,3.814697265625e-06,3,5-4,0.0
6,9430,6,sixes,30,schema_v2_bid_value,27,6,3,3,right_setter,defense,1,25,6,35,0,10,2,2,0,offense,False,True,6,19,5-4,6,19,5-4,0,False,False,False,False,False,0,1,0,0,0,1,-17.0,-16.61811637878418,1.9073486328125e-06,1.0,0.0,-17,-17,-17,-17,-17,0,-17.0,-0.0,1,-17,,1000,1,1,1,0.0,0.0,0.0,True,True,True,True,False,False,,last_to_act|late_hand,first_trick_public_belief_update|last_to_act_closure_policy|late_trick_threshold_closure,distribution_labels_ready|public_context_ready,bid_margin,False,0,,,,,,,,,
7,9430,7,doubles,30,schema_v2_bid_value,0,0,0,0,bidder,offense,2,0,0,0,35,0,,,,,False,False,6,27,6-6,0,5,2-2,0,True,True,,,True,,7,15,2,2,7,18.0,11.04325008392334,22.13472557067871,0.4059999883174896,0.10300000011920929,-18,-8,10,35,40,43,-24.06000000000001,5.854132711674519,3,-14|-4|41,55,1000,2,2,3,5.021590232849121,0.04100000858306885,0.04899999871850014,False,False,False,False,False,False,multi_peak_pdf|wide_shelf_gap|high_std|hidden_threat_large_impact,bidder_opening_lead|called_suit_pressure|doubles_trump_regime|first_trick,bidder_first_lead_plan|doubles_regime_plan,hidden_threat_offline_label_ready|public_context_ready,bid_margin,True,8,2,5-5,30.416586130857468,1,5-5,14.598057121038437,2,5-5,29.90158613026142
7,9430,7,doubles,30,schema_v2_bid_value,0,0,0,0,bidder,offense,2,0,0,0,35,0,,,,,False,False,6,27,6-6,1,11,4-1,5,False,False,,,True,,7,15,2,2,7,18.0,7.123648643493652,21.4833984375,0.33000001311302185,0.14399999380111694,-21,-11,6,27,39,38,-26.26,6.06362483396771,5,-21|-18|-8|2|41,62,1000,6,5,6,8.941191673278809,0.11699998378753662,0.08999999240040779,False,False,False,False,False,False,multi_peak_pdf|wide_shelf_gap|high_std|hidden_threat_large_impact,bidder_opening_lead|doubles_trump_regime|first_trick,bidder_first_lead_plan|doubles_regime_plan,hidden_threat_offline_label_ready|public_context_ready,bid_margin,True,8,2,5-5,22.93471747636795,1,5-5,11.206675112247467,2,5-5,22.214717507362366
7,9430,7,doubles,30,schema_v2_bid_value,0,0,0,0,bidder,offense,2,0,0,0,35,0,,,,,False,False,6,27,6-6,2,23,6-2,0,False,False,,,True,,7,15,2,2,7,18.0,7.757409572601318,21.031003952026367,0.328000009059906,0.12399999797344208,-20,-9,6,26,39,35,-25.340000000000003,6.038737203154953,6,-9|-3|-1|6|8|41,50,1000,5,6,5,8.307430744171143,0.11899998784065247,0.06999999657273293,False,False,False,False,False,False,multi_peak_pdf|wide_shelf_gap|high_std|hidden_threat_large_impact,bidder_opening_lead|doubles_trump_regime|first_trick,bidder_first_lead_plan|doubles_regime_plan,hidden_threat_offline_label_ready|public_context_ready,bid_margin,True,8,2,5-5,25.33360657095909,1,5-5,12.136973515152931,2,5-5,24.71360658109188
7,9430,7,doubles,30,schema_v2_bid_value,0,0,0,0,bidder,offense,2,0,0,0,35,0,,,,,False,False,6,27,6-6,3,24,6-3,0,False,False,,,True,,7,15,2,2,7,18.0,8.867881774902344,20.723247528076172,0.34299999475479126,0.10899999737739563,-19,-8,7,27,39,35,-24.18,6.00598400858017,7,-2|-1|2|5|10|19|41,43,1000,4,4,4,7.196958541870117,0.10400000214576721,0.05499999597668648,False,False,False,False,False,False,multi_peak_pdf|wide_shelf_gap|high_std|hidden_threat_large_impact,bidder_opening_lead|doubles_trump_regime|first_trick,bidder_first_lead_plan|doubles_regime_plan,hidden_threat_offline_label_ready|public_context_ready,bid_margin,True,8,2,5-5,25.221443831920624,1,5-5,12.160069294273853,2,5-5,24.676443845033646
7,9430,7,doubles,30,schema_v2_bid_value,0,0,0,0,bidder,offense,2,0,0,0,35,0,,,,,False,False,6,27,6-6,4,25,6-4,10,False,False,,,True,,7,15,2,2,7,18.0,2.769401788711548,22.942461013793945,0.2930000126361847,0.24500000476837158,-26,-18,0,21,39,39,-30.259999999999998,6.101231677402335,4,-27|-22|-20|41,68,1000,7,7,7,13.295438528060913,0.15399998426437378,0.19100000336766243,False,False,False,False,False,False,multi_peak_pdf|wide_shelf_gap|high_std|hidden_threat_large_impact,bidder_opening_lead|doubles_trump_regime|first_trick,bidder_first_lead_plan|doubles_regime_plan,hidden_threat_offline_label_ready|public_context_ready,bid_margin,True,8,2,5-5,24.869747579097748,2,6-0,15.894750490784645,2,5-5,23.64474755525589
7,9430,7,doubles,30,schema_v2_bid_value,0,0,0,0,bidder,offense,2,0,0,0,35,0,,,,,False,False,6,27,6-6,5,26,6-5,0,False,False,,,True,,7,15,2,2,7,18.0,10.1155366897583,20.486980438232422,0.3630000054836273,0.09600000083446503,-18,-6,8,28,40,34,-23.34,5.976095119693956,5,1|3|7|17|41,40,1000,3,3,2,5.94930362701416,0.08399999141693115,0.041999999433755875,False,False,False,False,False,False,multi_peak_pdf|wide_shelf_gap|high_std|hidden_threat_large_impact,bidder_opening_lead|doubles_trump_regime|first_trick,bidder_first_lead_plan|doubles_regime_plan,hidden_threat_offline_label_ready|public_context_ready,bid_margin,True,8,2,5-5,25.29871764779091,1,5-5,12.006565988063812,2,5-5,24.818717643618584
7,9430,7,doubles,30,schema_v2_bid_value,0,0,0,0,bidder,offense,2,0,0,0,35,0,,,,,False,False,6,27,6-6,6,27,6-6,0,True,True,,,True,,7,15,2,2,7,18.0,16.06484031677246,20.213260650634766,0.44699999690055847,0.05400000140070915,-12,0,16,39,41,39,-19.840000000000003,5.488341948168322,7,-1|3|8|13|16|19|41,42,1000,1,1,1,0.0,0.0,0.0,True,True,True,True,False,True,scalar_ev_lying_by_omission|multi_peak_pdf|wide_shelf_gap|high_std|hidden_threat_large_impact,bidder_opening_lead|called_suit_pressure|doubles_trump_regime|first_trick,bidder_first_lead_plan|doubles_regime_plan,hidden_threat_offline_label_ready|public_context_ready,bid_margin,True,8,2,5-5,23.30098544806242,3,5-5,10.62017048150301,2,5-5,23.030985441058874
7,9430,7,doubles,30,schema_v2_bid_value,1,0,1,1,left_setter,defense,3,0,0,0,35,0,7,called,0,offense,False,True,0,2,1-1,0,2,1-1,0,True,True,True,False,False,33,7,10,3,3,3,-17.0,8.653093338012695,14.862585067749023,0.9879999756813049,0.004000000189989805,-9,-4,6,21,31,25,-12.700000000000003,5.727369073300759,8,-7|-4|0|4|6|8|22|27,34,1000,1,1,1,0.0,0.0,0.0,True,True,True,True,False,False,multi_peak_pdf|wide_shelf_gap|hidden_threat_large_impact,called_suit_pressure|doubles_trump_regime|first_setter_response|first_trick,doubles_regime_plan|first_setter_pounce_window,hidden_threat_offline_label_ready|needs_real_bid_margin,bid_margin,True,8,3,6-5,13.698990265838802,2,6-5,7.028711755760014,3,6-5,13.678990264888853
7,9430,7,doubles,30,schema_v2_bid_value,1,0,1,1,left_setter,defense,3,0,0,0,35,0,7,called,0,offense,False,True,0,2,1-1,2,14,4-4,0,True,True,True,False,False,36,7,10,3,3,3,-17.0,7.246444225311279,14.883818626403809,0.9800000190734863,0.012000000104308128,-10,-5,5,19,29,24,-13.980000000000002,5.7286389661941275,10,-9|-5|-2|0|3|5|7|12|18|26,35,1000,2,2,2,1.406649112701416,0.007999956607818604,0.007999999914318323,False,False,False,False,False,False,multi_peak_pdf|wide_shelf_gap|hidden_threat_large_impact,called_suit_pressure|doubles_trump_regime|first_setter_response|first_trick,doubles_regime_plan|first_setter_pounce_window,hidden_threat_offline_label_ready|needs_real_bid_margin,bid_margin,True,8,3,6-5,13.265284176915884,2,6-5,6.812784053385258,3,6-5,13.205284176394343
7,9430,7,doubles,30,schema_v2_bid_value,1,0,1,1,left_setter,defense,3,0,0,0,35,0,7,called,0,offense,False,True,0,2,1-1,5,20,5-5,10,True,True,True,False,False,37,7,10,3,3,3,-17.0,-14.119755744934082,15.201815605163574,0.5210000276565552,0.4580000042915344,-32,-28,-16,-2,7,26,-34.57,5.722757110028506,12,-36|-31|-30|-26|-23|-18|-16|-12|-10|-7|-4|-1,35,1000,3,3,3,22.772849082946777,0.46699994802474976,0.4540000041015446,False,False,False,False,False,False,multi_peak_pdf|wide_shelf_gap|high_std|large_lower_tail|hidden_threat_large_impact,called_suit_pressure|doubles_trump_regime|first_setter_response|first_trick|setter_count_pressure,doubles_regime_plan|first_setter_pounce_window|setter_count_before_certainty,hidden_threat_offline_label_ready|needs_real_bid_margin,bid_margin,True,8,3,6-5,19.884952023625374,2,6-5,9.3889140188694,3,6-5,18.13066629320383
7,9430,7,doubles,30,schema_v2_bid_value,2,0,2,2,bidder_partner,offense,0,0,0,0,35,0,7,called,0,offense,True,False,2,9,3-3,2,9,3-3,0,True,True,True,False,False,35,7,5,1,1,1,18.0,-15.542197227478027,20.73200225830078,0.06499999761581421,0.47699999809265137,-41,-35,-15,-2,11,33,-41.8,5.745662740279544,7,-42|-33|-31|-28|-9|-5|-1,41,1000,1,1,1,0.0,0.0,0.0,True,True,True,True,False,False,multi_peak_pdf|wide_shelf_gap|high_std|large_lower_tail|hidden_threat_large_impact,called_suit_pressure|doubles_trump_regime|first_trick|partner_third_seat_support,doubles_regime_plan|partner_third_seat_safe_donation,hidden_threat_offline_label_ready|public_context_ready,bid_margin,True,8,0,5-5,24.712332397699356,1,5-5,18.31795758008957,0,5-5,22.3273324072361
7,9430,7,doubles,30,schema_v2_bid_value,3,0,3,3,right_setter,defense,1,0,0,0,35,0,7,called,0,offense,False,True,0,0,0-0,0,0,0-0,0,True,True,True,False,False,32,7,5,1,1,1,-17.0,-22.65249252319336,20.06502342224121,0.3799999952316284,0.6100000143051147,-42,-41,-31,-7,5,34,-42.0,5.264138152355642,4,-42|-35|-31|-7,35,1000,1,1,1,0.0,0.0,0.0,True,True,True,True,False,False,multi_peak_pdf|wide_shelf_gap|high_std|large_lower_tail|hidden_threat_large_impact,called_suit_pressure|defender_last_to_act_closure|doubles_trump_regime|first_trick|last_to_act,doubles_regime_plan|last_to_act_closure_policy,hidden_threat_offline_label_ready|public_context_ready,bid_margin,True,8,1,5-5,34.757599499076605,2,5-5,15.979152269661427,1,5-5,31.77049250714481
7,9430,7,doubles,30,schema_v2_bid_value,4,1,0,0,bidder,offense,2,1,0,0,35,0,,,,,False,False,0,5,2-2,0,5,2-2,0,True,True,,,True,,6,15,1,1,6,18.0,12.63264274597168,20.952165603637695,0.35899999737739563,0.03999999910593033,-12,-5,8,38,42,43,-18.6,5.435223015237032,9,-8|-5|-4|-3|1|4|8|18|42,50,1000,1,2,1,0.0,0.0010000169277191162,0.0,True,True,False,True,False,True,scalar_ev_lying_by_omission|multi_peak_pdf|wide_shelf_gap|high_std|hidden_threat_large_impact,called_suit_pressure|doubles_trump_regime,doubles_regime_plan|first_trick_public_belief_update,hidden_threat_offline_label_ready|public_context_ready,bid_margin,True,8,2,5-5,33.072849825024605,1,5-5,15.403078224509954,2,5-5,32.87284982949495
7,9430,7,doubles,30,schema_v2_bid_value,4,1,0,0,bidder,offense,2,1,0,0,35,0,,,,,False,False,0,5,2-2,1,11,4-1,5,False,False,,,True,,6,15,1,1,6,18.0,4.263637542724609,21.998117446899414,0.29600000381469727,0.1889999955892563,-23,-15,4,22,39,37,-28.49000000000001,5.970278990317976,8,-19|-15|-13|9|16|18|30|42,61,1000,6,5,5,8.36900520324707,0.06400001049041748,0.14899999648332596,False,False,False,False,False,False,multi_peak_pdf|wide_shelf_gap|high_std|hidden_threat_large_impact,doubles_trump_regime,doubles_regime_plan|first_trick_public_belief_update,hidden_threat_offline_label_ready|public_context_ready,bid_margin,True,8,2,5-5,32.098755806684494,1,5-5,15.228541878983378,2,5-5,31.153755828738213
7,9430,7,doubles,30,schema_v2_bid_value,4,1,0,0,bidder,offense,2,1,0,0,35,0,,,,,False,False,0,5,2-2,2,23,6-2,0,False,False,,,True,,6,15,1,1,6,18.0,10.807794570922852,21.963363647460938,0.3490000069141388,0.0820000022649765,-16,-7,6,36,42,43,-22.480000000000004,5.605119675989031,9,-9|-7|-5|-2|1|3|6|9|42,51,1000,3,4,2,1.8248481750488281,0.011000007390975952,0.04200000315904617,False,False,False,False,False,False,multi_peak_pdf|wide_shelf_gap|high_std|hidden_threat_large_impact,doubles_trump_regime,doubles_regime_plan|first_trick_public_belief_update,hidden_threat_offline_label_ready|public_context_ready,bid_margin,True,8,2,5-5,35.027515441179276,3,5-5,16.027830120176077,2,5-5,34.61751542985439
7,9430,7,doubles,30,schema_v2_bid_value,4,1,0,0,bidder,offense,2,1,0,0,35,0,,,,,False,False,0,5,2-2,3,24,6-3,0,False,False,,,True,,6,15,1,1,6,18.0,10.799650192260742,22.17511749267578,0.35600000619888306,0.08500000089406967,-16,-7,6,37,42,44,-23.200000000000003,5.589374166409752,10,-12|-10|-8|-6|-1|2|4|7|9|42,54,1000,4,3,4,1.8329925537109375,0.0040000081062316895,0.04500000178813934,False,False,False,False,False,False,multi_peak_pdf|wide_shelf_gap|high_std|hidden_threat_large_impact,doubles_trump_regime,doubles_regime_plan|first_trick_public_belief_update,hidden_threat_offline_label_ready|public_context_ready,bid_margin,True,8,2,5-5,35.153775200247765,3,5-5,16.000526329502463,2,5-5,34.728775195777416
7,9430,7,doubles,30,schema_v2_bid_value,4,1,0,0,bidder,offense,2,1,0,0,35,0,,,,,False,False,0,5,2-2,4,25,6-4,10,False,False,,,True,,6,15,1,1,6,18.0,4.852716445922852,25.02118682861328,0.27399998903274536,0.24799999594688416,-27,-18,4,31,42,49,-30.929999999999996,5.689961448669229,5,-27|-24|8|17|42,69,1000,5,6,6,7.779926300048828,0.08600002527236938,0.20799999684095383,False,False,False,False,False,False,multi_peak_pdf|wide_shelf_gap|high_std|hidden_threat_large_impact,doubles_trump_regime,doubles_regime_plan|first_trick_public_belief_update,hidden_threat_offline_label_ready|public_context_ready,bid_margin,True,8,2,5-5,36.56763559579849,3,5-5,17.639170991256833,2,5-5,35.32763561606407
7,9430,7,doubles,30,schema_v2_bid_value,4,1,0,0,bidder,offense,2,1,0,0,35,0,,,,,False,False,0,5,2-2,5,26,6-5,0,False,False,,,True,,6,15,1,1,6,18.0,11.062073707580566,22.2398624420166,0.36000001430511475,0.08399999886751175,-16,-6,7,37,42,43,-24.020000000000007,5.572984976300635,8,-6|-4|-2|-1|4|5|7|42,48,1000,2,1,3,1.5705690383911133,0.0,0.04399999976158142,False,False,True,False,False,False,multi_peak_pdf|wide_shelf_gap|high_std|hidden_threat_large_impact,doubles_trump_regime,doubles_regime_plan|first_trick_public_belief_update,hidden_threat_offline_label_ready|public_context_ready,bid_margin,True,8,2,5-5,34.9424753934145,3,5-5,16.046604175120592,2,5-5,34.52247539907694
7,9430,7,doubles,30,schema_v2_bid_value,5,1,1,1,left_setter,defense,3,1,0,0,35,0,7,called,0,offense,False,True,2,14,4-4,2,14,4-4,0,True,True,True,True,True,36,6,10,2,2,2,-17.0,27.514923095703125,14.53013801574707,1.0,0.0,4,17,31,41,42,24,-0.12000000000000081,4.920324588508647,7,5|17|27|29|37|39|41,36,1000,1,1,1,0.0,0.0,0.0,True,True,True,True,True,False,high_variance_close_mean|multi_peak_pdf|wide_shelf_gap|hidden_threat_large_impact,called_suit_pressure|doubles_trump_regime,doubles_regime_plan|first_trick_public_belief_update,hidden_threat_offline_label_ready|public_context_ready,bid_margin,True,8,3,6-5,12.720844268798828,0,6-5,8.108207702636719,3,6-5,12.720844268798828
7,9430,7,doubles,30,schema_v2_bid_value,5,1,1,1,left_setter,defense,3,1,0,0,35,0,7,called,0,offense,False,True,2,14,4-4,5,20,5-5,10,True,True,True,True,True,37,6,10,2,2,2,-17.0,27.347068786621094,14.734264373779297,1.0,0.0,4,17,31,41,42,24,-0.6099999999999998,4.923571607596332,4,4|27|30|41,37,1000,2,2,2,0.16785430908203125,0.0,0.0,False,False,False,False,True,False,high_variance_close_mean|multi_peak_pdf|wide_shelf_gap|hidden_threat_large_impact,called_suit_pressure|doubles_trump_regime|setter_count_pressure,doubles_regime_plan|first_trick_public_belief_update|setter_count_before_certainty,hidden_threat_offline_label_ready|needs_real_bid_margin|public_context_ready,bid_margin,True,8,3,6-5,12.894081115722656,0,6-5,8.152694702148438,3,6-5,12.894081115722656
7,9430,7,doubles,30,schema_v2_bid_value,6,1,2,2,bidder_partner,offense,0,1,0,0,35,0,7,called,1,defense,False,True,6,21,6-0,0,3,2-0,0,False,False,False,False,False,0,6,5,0,0,6,18.0,-25.97893524169922,16.76397132873535,0.012000000104308128,0.6700000166893005,-42,-42,-30,-12,-4,30,-42.0,4.664696811905811,5,-42|-38|-29|-19|-8,34,1000,2,2,2,0.45095252990722656,0.0029999995604157448,0.006000041961669922,False,False,False,False,True,False,high_variance_close_mean|multi_peak_pdf|wide_shelf_gap|high_std|large_lower_tail|hidden_threat_large_impact,doubles_trump_regime,doubles_regime_plan|first_trick_public_belief_update,hidden_threat_offline_label_ready|public_context_ready,bid_margin,True,8,0,5-5,24.709171678870916,1,5-5,14.731733737513423,0,5-5,22.110919829458
7,9430,7,doubles,30,schema_v2_bid_value,6,1,2,2,bidder_partner,offense,0,1,0,0,35,0,7,called,1,defense,False,True,6,21,6-0,1,4,2-1,0,False,False,False,False,False,0,6,5,0,0,6,18.0,-26.087675094604492,16.701215744018555,0.012000000104308128,0.675000011920929,-42,-42,-31,-12,-5,30,-42.0,4.656883948903551,5,-42|-29|-19|-9|-6,36,1000,3,3,3,0.5596923828125,0.0029999995604157448,0.01100003719329834,False,False,False,False,True,False,high_variance_close_mean|multi_peak_pdf|wide_shelf_gap|high_std|large_lower_tail|hidden_threat_large_impact,doubles_trump_regime,doubles_regime_plan|first_trick_public_belief_update,hidden_threat_offline_label_ready|public_context_ready,bid_margin,True,8,0,5-5,24.552280988544226,1,5-5,14.705815015360713,0,5-5,21.99895926937461
7,9430,7,doubles,30,schema_v2_bid_value,6,1,2,2,bidder_partner,offense,0,1,0,0,35,0,7,called,1,defense,False,True,6,21,6-0,3,10,4-0,0,False,False,False,False,False,0,6,5,0,0,6,18.0,-26.37282371520996,16.637653350830078,0.012000000104308128,0.6869999766349792,-42,-42,-31,-13,-5,29,-42.0,4.654496929554285,4,-42|-30|-19|-8,34,1000,4,4,4,0.8448410034179688,0.0029999995604157448,0.023000001907348633,False,False,False,False,False,False,multi_peak_pdf|wide_shelf_gap|high_std|large_lower_tail|hidden_threat_large_impact,doubles_trump_regime,doubles_regime_plan|first_trick_public_belief_update,hidden_threat_offline_label_ready|public_context_ready,bid_margin,True,8,0,5-5,24.170188274234533,1,5-5,14.406326232478023,0,5-5,21.731691922992468
7,9430,7,doubles,30,schema_v2_bid_value,6,1,2,2,bidder_partner,offense,0,1,0,0,35,0,7,called,1,defense,False,True,6,21,6-0,4,12,4-2,0,False,False,False,False,False,0,6,5,0,0,6,18.0,-26.466766357421875,16.637306213378906,0.012000000104308128,0.6899999976158142,-42,-42,-32,-13,-5,29,-42.0,4.625958068670982,5,-42|-29|-19|-8|-6,36,1000,5,5,5,0.9387836456298828,0.0029999995604157448,0.026000022888183594,False,False,False,False,False,False,multi_peak_pdf|wide_shelf_gap|high_std|large_lower_tail|hidden_threat_large_impact,doubles_trump_regime,doubles_regime_plan|first_trick_public_belief_update,hidden_threat_offline_label_ready|public_context_ready,bid_margin,True,8,0,5-5,24.179244484752417,1,5-5,14.418473659083247,0,5-5,21.760713007301092
7,9430,7,doubles,30,schema_v2_bid_value,6,1,2,2,bidder_partner,offense,0,1,0,0,35,0,7,called,1,defense,False,True,6,21,6-0,5,15,5-0,5,False,False,False,False,False,0,6,5,0,0,6,18.0,-30.25800132751465,13.900535583496094,0.0010000000474974513,0.7620000243186951,-42,-42,-39,-18,-14,24,-42.0,4.046634277664193,2,-42|-19,23,1000,6,6,6,4.730018615722656,0.013999999617226422,0.09800004959106445,False,False,False,False,False,False,multi_peak_pdf|wide_shelf_gap|large_lower_tail|hidden_threat_large_impact,doubles_trump_regime|partner_count_donation,doubles_regime_plan|first_trick_public_belief_update|partner_forcedness_and_safety,hidden_threat_offline_label_ready|needs_belief_model|public_context_ready,bid_margin,True,8,0,5-5,21.21784167108126,1,5-5,11.871203546761535,0,5-5,19.191058294149116
7,9430,7,doubles,30,schema_v2_bid_value,6,1,2,2,bidder_partner,offense,0,1,0,0,35,0,7,called,1,defense,False,True,6,21,6-0,6,21,6-0,0,False,False,False,False,False,0,6,5,0,0,6,18.0,-25.527982711791992,16.751136779785156,0.014999999664723873,0.6639999747276306,-42,-42,-29,-11,-4,31,-42.0,4.7028024720543185,8,-42|-33|-29|-19|-17|-8|-6|-4,38,1000,1,1,1,0.0,0.0,0.0,True,True,True,True,True,True,scalar_ev_lying_by_omission|high_variance_close_mean|multi_peak_pdf|wide_shelf_gap|high_std|large_lower_tail|hidden_threat_large_impact,doubles_trump_regime,doubles_regime_plan|first_trick_public_belief_update,hidden_threat_offline_label_ready|public_context_ready,bid_margin,True,8,0,5-5,24.612075874581933,1,5-5,14.679620812647045,0,5-5,22.026341745629907
7,9430,7,doubles,30,schema_v2_bid_value,7,1,3,3,right_setter,defense,1,1,0,0,35,0,7,called,1,defense,True,False,3,8,3-2,1,1,1-0,0,False,False,False,False,False,0,6,5,0,0,6,-17.0,1.768310546875,25.495847702026367,0.7279999852180481,0.2619999945163727,-37,-20,5,19,40,39,-39.769999999999996,6.032178164059833,6,-41|-1|3|5|8|41,82,1000,2,3,2,3.4335145950317383,0.04300004243850708,0.04899999499320984,False,False,False,False,False,False,multi_peak_pdf|wide_shelf_gap|high_std|large_lower_tail|hidden_threat_large_impact,doubles_trump_regime|last_to_act,doubles_regime_plan|first_trick_public_belief_update|last_to_act_closure_policy,hidden_threat_offline_label_ready|public_context_ready,bid_margin,True,8,0,5-5,25.585566699504852,0,5-5,24.152958929538727,1,5-5,22.978833585977554
7,9430,7,doubles,30,schema_v2_bid_value,7,1,3,3,right_setter,defense,1,1,0,0,35,0,7,called,1,defense,True,False,3,8,3-2,2,6,3-0,0,False,False,False,False,False,0,6,5,0,0,6,-17.0,1.6189985275268555,25.491233825683594,0.7289999723434448,0.2680000066757202,-37,-20,4,19,40,39,-39.97000000000001,6.040798828095025,4,-41|1|7|41,82,1000,3,2,3,3.582826614379883,0.04200005531311035,0.05500000715255737,False,False,False,False,False,False,multi_peak_pdf|wide_shelf_gap|high_std|large_lower_tail|hidden_threat_large_impact,doubles_trump_regime|last_to_act,doubles_regime_plan|first_trick_public_belief_update|last_to_act_closure_policy,hidden_threat_offline_label_ready|public_context_ready,bid_margin,True,8,0,5-5,25.5818949341774,0,5-5,24.154554277658463,1,5-5,22.94534695148468
7,9430,7,doubles,30,schema_v2_bid_value,7,1,3,3,right_setter,defense,1,1,0,0,35,0,7,called,1,defense,True,False,3,8,3-2,3,8,3-2,5,False,False,False,False,False,0,6,5,0,0,6,-17.0,5.201825141906738,22.842174530029297,0.7710000276565552,0.21299999952316284,-29,-15,6,20,41,35,-29.799999999999997,5.811475393982618,6,-30|-18|3|6|8|41,71,1000,1,1,1,0.0,0.0,0.0,True,True,True,True,False,True,scalar_ev_lying_by_omission|multi_peak_pdf|wide_shelf_gap|high_std|hidden_threat_large_impact,doubles_trump_regime|last_to_act|setter_count_pressure,doubles_regime_plan|first_trick_public_belief_update|last_to_act_closure_policy|setter_count_before_certainty,hidden_threat_offline_label_ready|needs_real_bid_margin|public_context_ready,bid_margin,True,8,0,5-5,22.43885838985443,0,5-5,21.232728898525238,1,5-5,20.23660773038864
7,9430,7,doubles,30,schema_v2_bid_value,7,1,3,3,right_setter,defense,1,1,0,0,35,0,7,called,1,defense,True,False,3,8,3-2,4,13,4-3,0,False,False,False,False,False,0,6,5,0,0,6,-17.0,-0.2293577343225479,25.905967712402344,0.699999988079071,0.2939999997615814,-40,-25,3,17,40,42,-40.74999999999999,5.940481442573217,5,-41|1|3|7|41,82,1000,5,5,5,5.431182876229286,0.07100003957748413,0.08100000023841858,False,False,False,False,False,False,multi_peak_pdf|wide_shelf_gap|high_std|large_lower_tail|hidden_threat_large_impact,doubles_trump_regime|last_to_act,doubles_regime_plan|first_trick_public_belief_update|last_to_act_closure_policy,hidden_threat_offline_label_ready|public_context_ready,bid_margin,True,8,0,5-5,26.632486566901207,0,5-5,25.052404537796974,1,5-5,23.812694415450096
7,9430,7,doubles,30,schema_v2_bid_value,7,1,3,3,right_setter,defense,1,1,0,0,35,0,7,called,1,defense,True,False,3,8,3-2,5,16,5-1,0,False,False,False,False,False,0,6,5,0,0,6,-17.0,0.4677654504776001,25.587299346923828,0.7099999785423279,0.2770000100135803,-39,-21,3,18,39,39,-40.49999999999999,6.0262965313653725,5,-41|3|5|8|41,82,1000,4,4,4,4.734059691429138,0.061000049114227295,0.06400001049041748,False,False,False,False,False,False,multi_peak_pdf|wide_shelf_gap|high_std|large_lower_tail|hidden_threat_large_impact,doubles_trump_regime|last_to_act,doubles_regime_plan|first_trick_public_belief_update|last_to_act_closure_policy,hidden_threat_offline_label_ready|public_context_ready,bid_margin,True,8,0,5-5,26.009226381778717,0,5-5,24.481813699007034,1,5-5,23.306019604206085
7,9430,7,doubles,30,schema_v2_bid_value,7,1,3,3,right_setter,defense,1,1,0,0,35,0,7,called,1,defense,True,False,3,8,3-2,6,19,5-4,0,False,False,False,False,False,0,6,5,0,0,6,-17.0,-3.658080816268921,25.137157440185547,0.6700000166893005,0.328000009059906,-40,-28,0,12,33,40,-40.96,5.892615678488222,7,-41|-2|0|2|4|6|41,82,1000,6,6,6,8.85990595817566,0.10100001096725464,0.11500000953674316,False,False,False,False,False,False,multi_peak_pdf|wide_shelf_gap|high_std|large_lower_tail|hidden_threat_large_impact,doubles_trump_regime|last_to_act,doubles_regime_plan|first_trick_public_belief_update|last_to_act_closure_policy,hidden_threat_offline_label_ready|public_context_ready,bid_margin,True,8,0,5-5,26.841119825839996,0,5-5,25.10302945971489,1,5-5,23.840751707553864
7,9430,7,doubles,30,schema_v2_bid_value,8,2,0,1,left_setter,defense,3,1,6,5,30,0,,,,,False,False,4,18,5-3,1,7,3-1,0,False,False,,,True,,5,10,1,1,5,-17.0,17.179128646850586,14.890546798706055,1.0,0.0,-3,3,17,31,37,28,-5.580000000000002,5.5045506064896985,10,-2|1|9|11|14|20|24|28|34|37,39,1000,5,1,1,1.0311088562011719,0.0,0.0,False,False,True,True,False,False,multi_peak_pdf|wide_shelf_gap|hidden_threat_large_impact,doubles_trump_regime|setter_lead_pressure,defender_damage_lead_class|doubles_regime_plan|first_trick_public_belief_update,hidden_threat_offline_label_ready|needs_real_bid_margin|public_context_ready,bid_margin,True,8,3,6-5,13.379219055175781,0,6-5,8.232641220092773,3,6-5,13.379219055175781
7,9430,7,doubles,30,schema_v2_bid_value,8,2,0,1,left_setter,defense,3,1,6,5,30,0,,,,,False,False,4,18,5-3,3,17,5-2,0,False,False,,,True,,5,10,1,1,5,-17.0,18.095355987548828,16.562971115112305,1.0,0.0,-3,0,20,35,38,35,-5.8100000000000005,5.313873275647388,5,-2|2|20|22|37,39,1000,2,2,2,0.11488151550292969,0.0,0.0,False,False,False,False,True,False,high_variance_close_mean|multi_peak_pdf|wide_shelf_gap|high_std|hidden_threat_large_impact,doubles_trump_regime|setter_lead_pressure,defender_damage_lead_class|doubles_regime_plan|first_trick_public_belief_update,hidden_threat_offline_label_ready|needs_real_bid_margin|public_context_ready,bid_margin,True,8,3,6-5,17.72378158569336,0,6-5,10.939302444458008,3,6-5,17.72378158569336
7,9430,7,doubles,30,schema_v2_bid_value,8,2,0,1,left_setter,defense,3,1,6,5,30,0,,,,,False,False,4,18,5-3,4,18,5-3,0,False,False,,,True,,5,10,1,1,5,-17.0,18.210237503051758,16.430620193481445,1.0,0.0,-2,1,21,35,38,34,-5.560000000000001,5.325244300425729,5,-2|1|22|32|37,39,1000,1,3,3,0.0,0.0,0.0,True,True,False,False,False,True,scalar_ev_lying_by_omission|multi_peak_pdf|wide_shelf_gap|high_std|hidden_threat_large_impact,doubles_trump_regime|setter_lead_pressure,defender_damage_lead_class|doubles_regime_plan|first_trick_public_belief_update,hidden_threat_offline_label_ready|needs_real_bid_margin|public_context_ready,bid_margin,True,8,3,6-5,17.490686416625977,0,6-5,10.866069316864014,3,6-5,17.490686416625977
7,9430,7,doubles,30,schema_v2_bid_value,8,2,0,1,left_setter,defense,3,1,6,5,30,0,,,,,False,False,4,18,5-3,5,20,5-5,10,True,True,,,True,,5,10,1,1,5,-17.0,17.62916374206543,15.290404319763184,1.0,0.0,-3,3,20,33,37,30,-6.6,5.530032417423022,8,-2|0|2|11|22|23|28|37,39,1000,4,4,4,0.5810737609863281,0.0,0.0,False,False,False,False,False,False,multi_peak_pdf|wide_shelf_gap|high_std|hidden_threat_large_impact,called_suit_pressure|doubles_trump_regime|setter_count_pressure|setter_lead_pressure,defender_damage_lead_class|doubles_regime_plan|first_trick_public_belief_update|setter_count_before_certainty,hidden_threat_offline_label_ready|needs_real_bid_margin|public_context_ready,bid_margin,True,8,3,6-5,14.381349563598633,2,6-5,8.430109024047852,3,6-5,14.381349563598633
7,9430,7,doubles,30,schema_v2_bid_value,8,2,0,1,left_setter,defense,3,1,6,5,30,0,,,,,False,False,4,18,5-3,6,22,6-1,0,False,False,,,True,,5,10,1,1,5,-17.0,17.719141006469727,16.70283317565918,1.0,0.0,-2,1,19,35,38,34,-4.92,5.2070911316468615,3,-2|10|37,39,1000,3,5,5,0.49109649658203125,0.0,0.0,False,False,False,False,True,False,high_variance_close_mean|multi_peak_pdf|wide_shelf_gap|high_std|hidden_threat_large_impact,doubles_trump_regime|setter_lead_pressure,defender_damage_lead_class|doubles_regime_plan|first_trick_public_belief_update,hidden_threat_offline_label_ready|needs_real_bid_margin|public_context_ready,bid_margin,True,8,3,6-5,18.020715713500977,0,6-5,10.963107109069824,3,6-5,18.020715713500977
7,9430,7,doubles,30,schema_v2_bid_value,9,2,1,2,bidder_partner,offense,0,1,6,5,30,0,5,5,1,defense,False,True,5,15,5-0,5,15,5-0,5,False,False,True,False,False,21,5,5,0,0,1,18.0,-10.621573448181152,22.569900512695312,0.12099999934434891,0.4000000059604645,-41,-28,-12,5,20,33,-41.47,5.725502521360201,7,-41|-27|-15|-3|0|3|10,51,1000,1,1,1,0.0,0.0,0.0,True,True,True,True,False,False,multi_peak_pdf|wide_shelf_gap|high_std|large_lower_tail|hidden_threat_large_impact,doubles_trump_regime|partner_count_donation,doubles_regime_plan|first_trick_public_belief_update|partner_forcedness_and_safety,hidden_threat_offline_label_ready|needs_belief_model|public_context_ready,bid_margin,True,8,1,5-5,23.810725823044777,1,5-5,23.205725826323032,0,5-5,19.200098797678947
7,9430,7,doubles,30,schema_v2_bid_value,10,2,2,3,right_setter,defense,1,1,6,10,25,5,5,5,1,defense,True,False,5,16,5-1,5,16,5-1,0,False,False,True,False,False,22,5,0,0,0,2,-17.0,-7.725668430328369,26.064157485961914,0.5950000286102295,0.38999998569488525,-41,-31,-10,11,31,42,-41.809999999999995,6.0263236362633705,4,-42|-40|-29|41,83,1000,2,1,1,0.27604246139526367,0.0,0.0,True,False,True,True,True,False,high_variance_close_mean|multi_peak_pdf|wide_shelf_gap|high_std|large_lower_tail|hidden_threat_large_impact,doubles_trump_regime,doubles_regime_plan|first_trick_public_belief_update,hidden_threat_offline_label_ready|public_context_ready,bid_margin,True,8,1,5-5,30.67512345314026,0,5-5,23.346468955278397,1,5-5,28.725123524665833
7,9430,7,doubles,30,schema_v2_bid_value,10,2,2,3,right_setter,defense,1,1,6,10,25,5,5,5,1,defense,True,False,5,16,5-1,6,19,5-4,0,False,False,True,True,True,25,5,0,0,0,2,-17.0,-7.4496259689331055,27.566980361938477,0.5849999785423279,0.4020000100135803,-41,-35,-12,15,37,50,-41.93,5.95452602751898,5,-42|-39|-29|-15|41,83,1000,1,2,2,0.0,0.010000050067901611,0.012000024318695068,False,True,False,False,True,True,scalar_ev_lying_by_omission|high_variance_close_mean|multi_peak_pdf|wide_shelf_gap|high_std|large_lower_tail|hidden_threat_large_impact,doubles_trump_regime,doubles_regime_plan|first_trick_public_belief_update,hidden_threat_offline_label_ready|public_context_ready,bid_margin,True,8,1,5-5,32.11568641662598,0,5-5,24.534059405326843,1,5-5,30.105686366558075
7,9430,7,doubles,30,schema_v2_bid_value,11,2,3,0,bidder,offense,2,1,6,10,25,5,5,5,1,defense,False,True,5,26,6-5,5,26,6-5,0,False,False,True,True,True,27,5,15,0,0,1,18.0,-7.970180511474609,11.83748722076416,0.0,0.3330000042915344,-23,-20,-6,1,7,21,-24.219999999999995,5.0894417733319814,7,-22|-19|-7|-4|0|3|6,28,1000,1,1,1,0.0,0.0,0.0,True,True,True,True,False,False,multi_peak_pdf|wide_shelf_gap|large_lower_tail|hidden_threat_large_impact,doubles_trump_regime|last_to_act,doubles_regime_plan|first_trick_public_belief_update|last_to_act_closure_policy,hidden_threat_offline_label_ready|public_context_ready,bid_margin,True,8,1,6-1,15.30040991306305,3,5-4,9.553040146827698,1,6-1,13.635409891605377
7,9430,7,doubles,30,schema_v2_bid_value,12,3,0,0,bidder,offense,2,7,6,10,25,0,,,,,False,False,4,25,6-4,1,11,4-1,5,False,False,,,True,,4,15,0,0,4,18.0,-22.36964225769043,12.517237663269043,0.0,0.6159999966621399,-34,-33,-30,-11,-5,22,-34.540000000000006,4.643900938338401,5,-33|-15|-13|-11|-8,25,1000,4,1,4,2.354410171508789,0.0,0.12200000882148743,False,False,True,False,False,False,multi_peak_pdf|wide_shelf_gap|large_lower_tail|hidden_threat_large_impact,doubles_trump_regime,doubles_regime_plan|first_trick_public_belief_update,hidden_threat_offline_label_ready|public_context_ready,bid_margin,True,8,2,5-4,20.37581119686365,3,5-4,14.206151843070984,2,5-4,17.524382639676332
7,9430,7,doubles,30,schema_v2_bid_value,12,3,0,0,bidder,offense,2,7,6,10,25,0,,,,,False,False,4,25,6-4,2,23,6-2,0,False,False,,,True,,4,15,0,0,4,18.0,-21.853330612182617,9.076117515563965,0.0,0.6100000143051147,-32,-31,-23,-15,-10,16,-33.230000000000004,4.798212239388519,7,-32|-29|-21|-16|-12|-10|-8,24,1000,3,2,3,1.8380985260009766,0.0,0.11600002646446228,False,False,False,False,False,False,multi_peak_pdf|wide_shelf_gap|large_lower_tail|hidden_threat_large_impact,doubles_trump_regime,doubles_regime_plan|first_trick_public_belief_update,hidden_threat_offline_label_ready|public_context_ready,bid_margin,True,8,1,6-1,13.88402795791626,1,5-4,7.976314306259155,1,6-1,11.73191523551941
7,9430,7,doubles,30,schema_v2_bid_value,12,3,0,0,bidder,offense,2,7,6,10,25,0,,,,,False,False,4,25,6-4,3,24,6-3,0,False,False,,,True,,4,15,0,0,4,18.0,-21.11121368408203,9.24824047088623,0.0,0.5820000171661377,-32,-30,-22,-13,-9,17,-32.85,4.842253325956988,4,-32|-20|-15|-12,20,1000,2,3,2,1.0959815979003906,0.0,0.08800002932548523,False,False,False,False,False,False,multi_peak_pdf|wide_shelf_gap|large_lower_tail|hidden_threat_large_impact,doubles_trump_regime,doubles_regime_plan|first_trick_public_belief_update,hidden_threat_offline_label_ready|public_context_ready,bid_margin,True,8,1,6-1,14.231298714876175,1,5-4,7.966860055923462,1,6-1,11.990312710404396
7,9430,7,doubles,30,schema_v2_bid_value,12,3,0,0,bidder,offense,2,7,6,10,25,0,,,,,False,False,4,25,6-4,4,25,6-4,10,False,False,,,True,,4,15,0,0,4,18.0,-20.01523208618164,12.024433135986328,0.0,0.49399998784065247,-34,-32,-18,-9,-5,23,-34.45,4.8368606735007225,5,-34|-30|-17|-14|-9,25,1000,1,4,1,0.0,0.0,0.0,True,True,False,True,True,True,scalar_ev_lying_by_omission|high_variance_close_mean|multi_peak_pdf|wide_shelf_gap|large_lower_tail|hidden_threat_large_impact,doubles_trump_regime,doubles_regime_plan|first_trick_public_belief_update,hidden_threat_offline_label_ready|public_context_ready,bid_margin,True,8,1,6-1,20.120694935321808,2,6-1,9.1154106259346,1,6-1,17.650694996118546
7,9430,7,doubles,30,schema_v2_bid_value,13,3,1,1,left_setter,defense,3,7,6,20,15,10,6,6,0,offense,False,True,6,22,6-1,6,22,6-1,0,False,False,True,False,False,23,4,10,1,1,1,-17.0,5.017151832580566,6.8116455078125,1.0,0.0,-4,0,7,11,12,11,-8.59,4.263117256897967,3,0|5|12,12,1000,1,1,1,0.0,0.0,0.0,True,True,True,True,False,False,multi_peak_pdf|hidden_threat_large_impact,doubles_trump_regime,doubles_regime_plan|first_trick_public_belief_update,hidden_threat_offline_label_ready|public_context_ready,bid_margin,True,8,2,4-1,5.190902724862099,2,4-1,5.190902724862099,3,4-1,2.827387809753418
7,9430,7,doubles,30,schema_v2_bid_value,14,3,2,2,bidder_partner,offense,0,7,6,20,15,10,6,6,0,offense,True,False,0,3,2-0,0,3,2-0,0,False,False,False,False,False,0,4,0,0,0,4,18.0,8.273334503173828,19.029611587524414,0.4909999966621399,0.0,-13,-13,12,23,34,36,-13.0,4.143966642461919,5,-13|-11|23|34|36,49,1000,1,1,1,0.0,0.0,0.0,True,True,True,True,True,True,scalar_ev_lying_by_omission|high_variance_close_mean|multi_peak_pdf|wide_shelf_gap|high_std|hidden_threat_large_impact,doubles_trump_regime,doubles_regime_plan|first_trick_public_belief_update,hidden_threat_offline_label_ready|public_context_ready,bid_margin,True,8,0,5-5,23.06812083721161,1,5-5,20.429309904575348,0,5-5,23.06812083721161
7,9430,7,doubles,30,schema_v2_bid_value,14,3,2,2,bidder_partner,offense,0,7,6,20,15,10,6,6,0,offense,True,False,0,3,2-0,1,4,2-1,0,False,False,False,False,False,0,4,0,0,0,4,18.0,8.246705055236816,19.004487991333008,0.49000000953674316,0.0,-13,-13,12,23,34,36,-13.0,4.148435388469404,6,-13|-11|23|28|34|36,49,1000,2,3,2,0.02662944793701172,0.0009999871253967285,0.0,False,False,False,False,True,False,high_variance_close_mean|multi_peak_pdf|wide_shelf_gap|high_std|hidden_threat_large_impact,doubles_trump_regime,doubles_regime_plan|first_trick_public_belief_update,hidden_threat_offline_label_ready|public_context_ready,bid_margin,True,8,0,5-5,23.030946969985962,1,5-5,20.397435426712036,0,5-5,23.030946969985962
7,9430,7,doubles,30,schema_v2_bid_value,14,3,2,2,bidder_partner,offense,0,7,6,20,15,10,6,6,0,offense,True,False,0,3,2-0,3,10,4-0,0,False,False,False,False,False,0,4,0,0,0,4,18.0,8.138726234436035,18.979028701782227,0.4909999966621399,0.0,-13,-13,11,23,34,36,-13.0,4.1519937669254725,5,-13|-11|23|34|36,49,1000,3,2,3,0.13460826873779297,0.0,0.0,False,False,False,False,False,False,multi_peak_pdf|wide_shelf_gap|high_std|hidden_threat_large_impact,doubles_trump_regime,doubles_regime_plan|first_trick_public_belief_update,hidden_threat_offline_label_ready|public_context_ready,bid_margin,True,8,0,5-5,23.04403579235077,1,5-5,20.40541845560074,0,5-5,23.04403579235077
7,9430,7,doubles,30,schema_v2_bid_value,14,3,2,2,bidder_partner,offense,0,7,6,20,15,10,6,6,0,offense,True,False,0,3,2-0,4,12,4-2,0,False,False,False,False,False,0,4,0,0,0,4,18.0,8.006409645080566,18.9489803314209,0.4880000054836273,0.0,-13,-13,11,23,34,36,-13.0,4.140519431810247,5,-13|-11|22|34|36,49,1000,4,4,4,0.2669248580932617,0.0029999911785125732,0.0,False,False,False,False,False,False,multi_peak_pdf|wide_shelf_gap|high_std|hidden_threat_large_impact,doubles_trump_regime,doubles_regime_plan|first_trick_public_belief_update,hidden_threat_offline_label_ready|public_context_ready,bid_margin,True,8,0,5-5,23.038698732852936,1,5-5,20.415124386548996,0,5-5,23.038698732852936
7,9430,7,doubles,30,schema_v2_bid_value,15,3,3,3,right_setter,defense,1,7,6,20,15,10,6,6,0,offense,False,True,2,6,3-0,1,1,1-0,0,False,False,False,False,False,0,4,0,0,0,4,-17.0,-9.27458381652832,19.2279109954834,0.5090000033378601,0.46799999475479126,-34,-30,-14,12,13,42,-35.19,4.226874306938151,7,-36|-34|-32|-23|-18|0|13,49,1000,1,2,2,0.0,0.003000020980834961,0.011000007390975952,False,True,False,False,False,True,scalar_ev_lying_by_omission|multi_peak_pdf|wide_shelf_gap|high_std|large_lower_tail|hidden_threat_large_impact,doubles_trump_regime|last_to_act,doubles_regime_plan|first_trick_public_belief_update|last_to_act_closure_policy,hidden_threat_offline_label_ready|public_context_ready,bid_margin,True,8,1,5-5,27.82003951072693,0,5-5,25.263779889792204,1,5-5,25.480039536952972
7,9430,7,doubles,30,schema_v2_bid_value,15,3,3,3,right_setter,defense,1,7,6,20,15,10,6,6,0,offense,False,True,2,6,3-0,2,6,3-0,0,False,False,False,False,False,0,4,0,0,0,4,-17.0,-9.33128833770752,19.35973358154297,0.5120000243186951,0.4569999873638153,-34,-31,-14,12,13,43,-35.19,4.095005419558311,8,-36|-33|-23|-20|-18|0|11|13,49,1000,2,1,1,0.05670452117919922,0.0,0.0,True,False,True,True,False,False,multi_peak_pdf|wide_shelf_gap|high_std|large_lower_tail|hidden_threat_large_impact,doubles_trump_regime|last_to_act,doubles_regime_plan|first_trick_public_belief_update|last_to_act_closure_policy,hidden_threat_offline_label_ready|public_context_ready,bid_margin,True,8,1,5-5,27.840631306171417,0,5-5,25.299232203513384,1,5-5,25.55563136935234
7,9430,7,doubles,30,schema_v2_bid_value,15,3,3,3,right_setter,defense,1,7,6,20,15,10,6,6,0,offense,False,True,2,6,3-0,4,13,4-3,0,False,False,False,False,False,0,4,0,0,0,4,-17.0,-10.308700561523438,19.730941772460938,0.49900001287460327,0.49900001287460327,-34,-32,-18,11,13,43,-35.50000000000001,4.360480410451946,6,-36|-33|-23|0|11|13,49,1000,3,3,3,1.0341167449951172,0.013000011444091797,0.042000025510787964,False,False,False,False,False,False,multi_peak_pdf|wide_shelf_gap|high_std|large_lower_tail|hidden_threat_large_impact,doubles_trump_regime|last_to_act,doubles_regime_plan|first_trick_public_belief_update|last_to_act_closure_policy,hidden_threat_offline_label_ready|public_context_ready,bid_margin,True,8,1,5-5,28.921359062194824,0,5-5,26.310903012752533,1,5-5,26.426358997821808
7,9430,7,doubles,30,schema_v2_bid_value,15,3,3,3,right_setter,defense,1,7,6,20,15,10,6,6,0,offense,False,True,2,6,3-0,6,19,5-4,0,False,False,False,False,False,0,4,0,0,0,4,-17.0,-10.642607688903809,19.38204002380371,0.49900001287460327,0.49900001287460327,-34,-33,-18,11,13,44,-35.8,4.3999216289273555,7,-36|-33|-23|0|2|10|13,49,1000,4,4,4,1.3680238723754883,0.013000011444091797,0.042000025510787964,False,False,False,False,False,False,multi_peak_pdf|wide_shelf_gap|high_std|large_lower_tail|hidden_threat_large_impact,doubles_trump_regime|last_to_act,doubles_regime_plan|first_trick_public_belief_update|last_to_act_closure_policy,hidden_threat_offline_label_ready|public_context_ready,bid_margin,True,8,1,5-5,28.41389751434326,0,5-5,25.8054661154747,1,5-5,25.918897449970245
7,9430,7,doubles,30,schema_v2_bid_value,16,4,0,0,bidder,offense,2,18,6,20,15,0,,,,,False,False,1,11,4-1,1,11,4-1,5,False,False,,,True,,3,5,0,0,3,18.0,-18.357040405273438,6.9192728996276855,0.0,0.6420000195503235,-24,-24,-23,-11,-9,13,-24.000000000000004,3.312076356765409,5,-24|-21|-17|-14|-9,15,1000,1,1,1,0.0,0.0,0.0,True,True,True,True,True,False,high_variance_close_mean|multi_peak_pdf|large_lower_tail|hidden_threat_large_impact,doubles_trump_regime|late_hand,doubles_regime_plan|first_trick_public_belief_update|late_trick_threshold_closure,distribution_labels_ready|hidden_threat_offline_label_ready|public_context_ready,bid_margin,True,8,2,5-4,12.330604016780853,3,5-4,8.85978877544403,2,5-4,9.825893610715866
7,9430,7,doubles,30,schema_v2_bid_value,16,4,0,0,bidder,offense,2,18,6,20,15,0,,,,,False,False,1,11,4-1,2,23,6-2,0,False,False,,,True,,3,5,0,0,3,18.0,-20.048519134521484,4.261037349700928,0.0,0.7179999947547913,-24,-24,-22,-17,-13,7,-24.000000000000004,3.474506673137573,5,-24|-19|-17|-15|-12,12,1000,3,2,3,1.6914787292480469,0.0,0.07599997520446777,False,False,False,False,False,False,multi_peak_pdf|large_lower_tail|hidden_threat_large_impact,doubles_trump_regime|late_hand,doubles_regime_plan|first_trick_public_belief_update|late_trick_threshold_closure,distribution_labels_ready|hidden_threat_offline_label_ready|public_context_ready,bid_margin,True,8,2,5-4,8.707287549972534,3,5-4,5.7731746435165405,2,5-4,6.5656503438949585
7,9430,7,doubles,30,schema_v2_bid_value,16,4,0,0,bidder,offense,2,18,6,20,15,0,,,,,False,False,1,11,4-1,3,24,6-3,0,False,False,,,True,,3,5,0,0,3,18.0,-19.801389694213867,4.365678310394287,0.0,0.675000011920929,-24,-24,-21,-17,-13,7,-24.000000000000004,3.503122463416492,4,-24|-17|-14|-11,13,1000,2,3,2,1.4443492889404297,0.0,0.03299999237060547,False,False,False,False,False,False,multi_peak_pdf|large_lower_tail|hidden_threat_large_impact,doubles_trump_regime|late_hand,doubles_regime_plan|first_trick_public_belief_update|late_trick_threshold_closure,distribution_labels_ready|hidden_threat_offline_label_ready|public_context_ready,bid_margin,True,8,2,5-4,9.590661615133286,3,5-4,6.376676440238953,2,5-4,7.122462555766106
7,9430,7,doubles,30,schema_v2_bid_value,17,4,1,1,left_setter,defense,3,18,6,25,10,5,4,4,0,offense,False,True,5,20,5-5,1,7,3-1,0,False,False,False,False,False,0,3,10,1,1,3,-17.0,15.42196273803711,8.443532943725586,1.0,0.0,5,7,12,24,24,17,3.82,2.4145561704623315,5,3|5|8|12|24,21,1000,3,1,1,4.494497299194336,0.0,0.0,False,False,True,True,False,False,multi_peak_pdf|wide_shelf_gap|hidden_threat_large_impact,doubles_trump_regime|late_hand,doubles_regime_plan|first_trick_public_belief_update|late_trick_threshold_closure,distribution_labels_ready|hidden_threat_offline_label_ready|public_context_ready,bid_margin,True,8,3,5-4,8.597188949584961,2,5-4,7.809660911560059,3,5-4,8.597188949584961
7,9430,7,doubles,30,schema_v2_bid_value,17,4,1,1,left_setter,defense,3,18,6,25,10,5,4,4,0,offense,False,True,5,20,5-5,3,17,5-2,0,False,False,False,False,False,0,3,10,1,1,3,-17.0,16.22435760498047,7.343089580535889,1.0,0.0,8,9,11,24,24,15,8.0,2.3414714178073703,3,8|11|24,16,1000,2,2,2,3.6921024322509766,0.0,0.0,False,False,False,False,False,False,multi_peak_pdf|hidden_threat_large_impact,doubles_trump_regime|late_hand,doubles_regime_plan|first_trick_public_belief_update|late_trick_threshold_closure,distribution_labels_ready|hidden_threat_offline_label_ready|public_context_ready,bid_margin,True,8,3,5-4,7.647314071655273,2,5-4,6.946799278259277,3,5-4,7.647314071655273
7,9430,7,doubles,30,schema_v2_bid_value,17,4,1,1,left_setter,defense,3,18,6,25,10,5,4,4,0,offense,False,True,5,20,5-5,5,20,5-5,10,True,True,False,True,True,37,3,10,1,1,3,-17.0,19.916460037231445,4.35781717300415,1.0,0.0,12,16,22,24,24,8,11.4,2.711787829555418,5,12|15|17|22|24,12,1000,1,3,3,0.0,0.0,0.0,True,True,False,False,False,True,scalar_ev_lying_by_omission|multi_peak_pdf,called_suit_pressure|doubles_trump_regime|late_hand|setter_count_pressure,doubles_regime_plan|first_trick_public_belief_update|late_trick_threshold_closure|setter_count_before_certainty,distribution_labels_ready|hidden_threat_offline_label_ready|needs_real_bid_margin|public_context_ready,bid_margin,True,8,3,5-4,3.222757339477539,2,5-4,2.927541732788086,3,5-4,3.222757339477539
7,9430,7,doubles,30,schema_v2_bid_value,18,4,2,2,bidder_partner,offense,0,18,6,35,0,15,4,4,1,defense,False,True,4,12,4-2,3,10,4-0,0,False,False,True,False,False,20,3,0,0,0,2,18.0,-22.09208869934082,4.544918537139893,0.0,0.8889999985694885,-25,-24,-24,-22,-10,2,-25.18,1.8813334905956522,3,-24|-22|-10,14,1000,2,1,1,0.0023479461669921875,0.0,0.0,False,False,True,True,True,False,high_variance_close_mean|multi_peak_pdf|large_lower_tail,doubles_trump_regime|late_hand,doubles_regime_plan|first_trick_public_belief_update|late_trick_threshold_closure,distribution_labels_ready|hidden_threat_offline_label_ready|public_context_ready,bid_margin,True,8,0,6-3,4.948907852172852,0,5-2,3.355868697166443,0,6-3,4.051028251647949
7,9430,7,doubles,30,schema_v2_bid_value,18,4,2,2,bidder_partner,offense,0,18,6,35,0,15,4,4,1,defense,False,True,4,12,4-2,4,12,4-2,0,False,False,True,False,False,22,3,0,0,0,2,18.0,-22.089740753173828,4.545391082763672,0.0,0.8889999985694885,-25,-24,-24,-22,-10,2,-25.18,1.9606144056189294,3,-24|-22|-10,14,1000,1,2,2,0.0,0.0,0.0,True,True,False,False,True,True,scalar_ev_lying_by_omission|high_variance_close_mean|multi_peak_pdf|large_lower_tail,doubles_trump_regime|late_hand,doubles_regime_plan|first_trick_public_belief_update|late_trick_threshold_closure,distribution_labels_ready|hidden_threat_offline_label_ready|public_context_ready,bid_margin,True,8,0,6-3,4.955007553100586,0,5-2,3.3582013845443726,0,6-3,4.057127952575684
7,9430,7,doubles,30,schema_v2_bid_value,19,4,3,3,right_setter,defense,1,18,6,35,0,15,4,4,1,defense,True,False,4,13,4-3,4,13,4-3,0,False,False,True,False,False,23,3,0,0,0,2,-17.0,22.86815643310547,2.7124886512756348,1.0,0.0,21,21,22,25,26,4,17.580000000000002,2.5204534746372227,4,12|19|22|25,13,1000,1,1,1,0.0,0.0,0.0,True,True,True,True,True,False,high_variance_close_mean|multi_peak_pdf,doubles_trump_regime|last_to_act|late_hand,doubles_regime_plan|first_trick_public_belief_update|last_to_act_closure_policy|late_trick_threshold_closure,distribution_labels_ready|hidden_threat_offline_label_ready|public_context_ready,bid_margin,True,8,1,2-1,2.3247947692871094,1,2-1,2.3247947692871094,1,6-3,1.7422466278076172
7,9430,7,doubles,30,schema_v2_bid_value,19,4,3,3,right_setter,defense,1,18,6,35,0,15,4,4,1,defense,True,False,4,13,4-3,6,19,5-4,0,False,False,True,False,False,25,3,0,0,0,2,-17.0,22.15328598022461,3.8811089992523193,1.0,0.0,13,21,22,25,25,4,12.639999999999999,2.360812002465903,3,13|22|25,12,1000,2,2,2,0.7148704528808594,0.0,0.0,False,False,False,False,True,False,high_variance_close_mean|multi_peak_pdf,doubles_trump_regime|last_to_act|late_hand,doubles_regime_plan|first_trick_public_belief_update|last_to_act_closure_policy|late_trick_threshold_closure,distribution_labels_ready|hidden_threat_offline_label_ready|public_context_ready,bid_margin,True,8,1,2-1,2.7812366485595703,1,2-1,2.7812366485595703,1,6-3,2.4671077728271484
7,9430,7,doubles,30,schema_v2_bid_value,20,5,0,1,left_setter,defense,3,18,22,35,0,0,,,,,False,False,3,17,5-2,1,7,3-1,0,False,False,,,True,,2,0,0,0,2,-17.0,-2.7766201496124268,0.8688369989395142,1.0,0.0,-4,-4,-3,-2,-2,2,-4.0,1.4721369857188469,2,-4|-2,2,1000,2,1,1,2.089982807636261,0.0,0.0,False,False,True,True,False,False,multi_peak_pdf,doubles_trump_regime|late_hand|setter_lead_pressure,defender_damage_lead_class|doubles_regime_plan|first_trick_public_belief_update|late_trick_threshold_closure,distribution_labels_ready|hidden_threat_offline_label_ready|needs_real_bid_margin|public_context_ready,bid_margin,True,8,3,1-0,0.5973770618438721,3,1-0,0.5973770618438721,2,1-0,0.5902514457702637
7,9430,7,doubles,30,schema_v2_bid_value,20,5,0,1,left_setter,defense,3,18,22,35,0,0,,,,,False,False,3,17,5-2,3,17,5-2,0,False,False,,,True,,2,0,0,0,2,-17.0,-0.6866373419761658,2.516453266143799,1.0,0.0,-4,-4,0,2,2,6,-4.0,1.5828981416981875,3,-4|0|2,6,1000,1,2,2,0.0,0.0,0.0,True,True,False,False,True,True,scalar_ev_lying_by_omission|high_variance_close_mean|multi_peak_pdf,doubles_trump_regime|late_hand|setter_lead_pressure,defender_damage_lead_class|doubles_regime_plan|first_trick_public_belief_update|late_trick_threshold_closure,distribution_labels_ready|hidden_threat_offline_label_ready|needs_real_bid_margin|public_context_ready,bid_margin,True,8,3,5-4,2.007758319377899,2,5-4,1.9601436257362366,3,5-4,2.007758319377899
7,9430,7,doubles,30,schema_v2_bid_value,21,5,1,2,bidder_partner,offense,0,18,22,35,0,0,5,5,1,defense,False,True,3,10,4-0,1,4,2-1,0,False,False,False,False,False,0,2,0,0,0,2,18.0,-0.09719806164503098,3.624506950378418,0.0,0.0,-6,0,0,3,4,3,-6.000000000000001,2.2271884399743107,3,-6|0|3,9,1000,2,1,1,0.25520166009664536,0.0,0.0,False,False,True,True,True,False,high_variance_close_mean|multi_peak_pdf|hidden_threat_large_impact,doubles_trump_regime|late_hand,doubles_regime_plan|first_trick_public_belief_update|late_trick_threshold_closure,distribution_labels_ready|hidden_threat_offline_label_ready|public_context_ready,bid_margin,True,8,1,3-1,6.24209351092577,1,3-1,6.24209351092577,1,6-2,2.9763374850153923
7,9430,7,doubles,30,schema_v2_bid_value,21,5,1,2,bidder_partner,offense,0,18,22,35,0,0,5,5,1,defense,False,True,3,10,4-0,3,10,4-0,0,False,False,False,False,False,0,2,0,0,0,2,18.0,0.15800359845161438,3.754490613937378,0.0,0.0,-6,0,0,4,4,4,-6.000000000000001,2.210909345802867,3,-6|0|4,10,1000,1,2,2,0.0,0.0,0.0,True,True,False,False,True,True,scalar_ev_lying_by_omission|high_variance_close_mean|multi_peak_pdf|hidden_threat_large_impact,doubles_trump_regime|late_hand,doubles_regime_plan|first_trick_public_belief_update|late_trick_threshold_closure,distribution_labels_ready|hidden_threat_offline_label_ready|public_context_ready,bid_margin,True,8,1,3-1,6.418658524751663,1,3-1,6.418658524751663,1,6-2,3.2633571326732635
7,9430,7,doubles,30,schema_v2_bid_value,22,5,2,3,right_setter,defense,1,18,22,35,0,0,5,5,1,defense,True,False,6,19,5-4,6,19,5-4,0,False,False,True,True,True,25,2,0,0,0,1,-17.0,0.2087673842906952,0.7344771027565002,1.0,0.0,0,0,0,0,2,0,0.0,0.6343095546405662,2,0|2,2,1000,1,1,1,0.0,0.0,0.0,True,True,True,True,False,False,multi_peak_pdf,doubles_trump_regime|late_hand,doubles_regime_plan|first_trick_public_belief_update|late_trick_threshold_closure,distribution_labels_ready|hidden_threat_offline_label_ready|public_context_ready,bid_margin,True,8,1,3-1,1.6808049976825714,1,6-2,0.34321577847003937,1,3-1,1.6808049976825714
7,9430,7,doubles,30,schema_v2_bid_value,23,5,3,0,bidder,offense,2,18,22,35,0,0,5,5,3,defense,False,True,3,24,6-3,2,23,6-2,0,False,False,False,False,False,0,2,0,0,0,2,18.0,-2.368565082550049,3.3819122314453125,0.0,0.0,-6,-6,-5,1,2,7,-6.000000000000001,2.2342135738855022,3,-6|0|2,8,1000,2,1,1,0.04264211654663086,0.0,0.0,False,False,True,True,True,False,high_variance_close_mean|multi_peak_pdf,doubles_trump_regime|last_to_act|late_hand,doubles_regime_plan|first_trick_public_belief_update|last_to_act_closure_policy|late_trick_threshold_closure,distribution_labels_ready|hidden_threat_offline_label_ready|public_context_ready,bid_margin,True,8,1,2-1,3.737264394760132,1,3-1,3.578310966491699,1,2-1,3.737264394760132
7,9430,7,doubles,30,schema_v2_bid_value,23,5,3,0,bidder,offense,2,18,22,35,0,0,5,5,3,defense,False,True,3,24,6-3,3,24,6-3,0,False,False,False,False,False,0,2,0,0,0,2,18.0,-2.325922966003418,3.3848323822021484,0.0,0.0,-7,-6,0,0,2,6,-7.0,2.237598742510259,3,-5|0|2,7,1000,1,2,2,0.0,0.0,0.0,True,True,False,False,True,True,scalar_ev_lying_by_omission|high_variance_close_mean|multi_peak_pdf,doubles_trump_regime|last_to_act|late_hand,doubles_regime_plan|first_trick_public_belief_update|last_to_act_closure_policy|late_trick_threshold_closure,distribution_labels_ready|hidden_threat_offline_label_ready|public_context_ready,bid_margin,True,8,3,3-1,3.5635080337524414,3,3-1,3.5635080337524414,2,3-1,3.4090447425842285
7,9430,7,doubles,30,schema_v2_bid_value,24,6,0,3,right_setter,defense,1,18,23,35,0,0,,,,,False,False,1,1,1-0,1,1,1-0,0,False,False,,,True,,1,0,0,0,1,-17.0,-1.3437771797180176,2.3091444969177246,1.0,0.0,-3,-3,-2,2,2,5,-3.0000000000000004,1.5268570460642223,2,-3|2,5,1000,1,1,1,0.0,0.0,0.0,True,True,True,True,False,False,multi_peak_pdf,doubles_trump_regime|late_hand|setter_lead_pressure,defender_damage_lead_class|doubles_regime_plan|first_trick_public_belief_update|late_trick_threshold_closure,distribution_labels_ready|hidden_threat_offline_label_ready|needs_real_bid_margin|public_context_ready,bid_margin,True,8,1,3-1,3.716728448867798,0,3-1,1.6726922988891602,1,3-1,3.716728448867798
7,9430,7,doubles,30,schema_v2_bid_value,25,6,1,0,bidder,offense,2,18,23,35,0,0,1,1,3,defense,False,True,2,23,6-2,2,23,6-2,0,False,False,False,False,False,0,1,0,0,0,1,18.0,-0.6893562078475952,5.63645076751709,0.0,0.0,-6,-6,5,5,5,11,-6.000000000000001,0.9998961234639354,2,-6|5,11,1000,1,1,1,0.0,0.0,0.0,True,True,True,True,False,False,multi_peak_pdf|hidden_threat_large_impact,doubles_trump_regime|late_hand,doubles_regime_plan|first_trick_public_belief_update|late_trick_threshold_closure,distribution_labels_ready|hidden_threat_offline_label_ready|public_context_ready,bid_margin,True,4,2,2-1,5.704498887062073,2,2-1,5.704498887062073,1,2-1,5.569215178489685
7,9430,7,doubles,30,schema_v2_bid_value,26,6,2,1,left_setter,defense,3,18,23,35,0,0,1,1,3,defense,True,False,1,7,3-1,1,7,3-1,0,False,False,True,True,True,20,1,0,0,0,1,-17.0,4.8604278564453125,0.0,1.0,0.0,5,5,5,5,5,0,5.0,-0.0,1,5,,1000,1,1,1,0.0,0.0,0.0,True,True,True,True,False,False,,doubles_trump_regime|late_hand,doubles_regime_plan|first_trick_public_belief_update|late_trick_threshold_closure,distribution_labels_ready|hidden_threat_offline_label_ready|public_context_ready,bid_margin,True,1,2,2-1,4.76837158203125e-07,2,2-1,0.0,2,2-1,4.76837158203125e-07
7,9430,7,doubles,30,schema_v2_bid_value,27,6,3,2,bidder_partner,offense,0,18,23,35,0,0,1,1,1,defense,False,True,1,4,2-1,1,4,2-1,0,False,False,True,False,False,19,1,0,0,0,1,18.0,-6.401756763458252,2.384185791015625e-06,0.0,0.0,-6,-6,-6,-6,-6,0,-6.000000000000001,-0.0,1,-6,,1000,1,1,1,0.0,0.0,0.0,True,True,True,True,False,False,,doubles_trump_regime|last_to_act|late_hand,doubles_regime_plan|first_trick_public_belief_update|last_to_act_closure_policy|late_trick_threshold_closure,distribution_labels_ready|public_context_ready,bid_margin,False,0,,,,,,,,,
8,9430,8,doubles-suit,30,schema_v2_bid_value,0,0,0,0,bidder,offense,2,0,0,0,35,0,,,,,False,False,6,27,6-6,0,5,2-2,0,True,True,,,True,,7,15,2,2,7,18.0,17.318960189819336,16.067472457885742,0.5099999904632568,0.0,-3,2,19,34,38,32,-5.900000000000001,5.46713500374273,7,-4|-1|2|5|26|37|41,45,1000,6,6,1,4.936822891235352,0.07600003480911255,0.0,False,False,False,True,False,False,multi_peak_pdf|wide_shelf_gap|high_std|hidden_threat_large_impact,bidder_opening_lead|called_suit_pressure|first_trick,bidder_first_lead_plan,hidden_threat_offline_label_ready|public_context_ready,bid_margin,True,8,2,5-5,23.63927125930786,1,5-5,10.202722191810608,2,5-5,23.63927125930786
8,9430,8,doubles-suit,30,schema_v2_bid_value,0,0,0,0,bidder,offense,2,0,0,0,35,0,,,,,False,False,6,27,6-6,1,11,4-1,5,False,False,,,True,,7,15,2,2,7,18.0,15.070816040039062,16.83077621459961,0.4909999966621399,0.006000000052154064,-6,-1,17,30,38,31,-10.57,5.631079060258505,9,-6|-4|-2|2|6|23|29|31|41,47,1000,7,7,7,7.184967041015625,0.09500002861022949,0.006000000052154064,False,False,False,False,False,False,multi_peak_pdf|wide_shelf_gap|high_std|hidden_threat_large_impact,bidder_opening_lead|first_trick,bidder_first_lead_plan,hidden_threat_offline_label_ready|public_context_ready,bid_margin,True,8,2,5-4,21.682525692507625,1,5-4,9.381145685911179,2,5-4,21.652525692246854
8,9430,8,doubles-suit,30,schema_v2_bid_value,0,0,0,0,bidder,offense,2,0,0,0,35,0,,,,,False,False,6,27,6-6,2,23,6-2,0,False,False,,,True,,7,15,2,2,7,18.0,20.003870010375977,15.729087829589844,0.550000011920929,0.0,-1,4,23,36,39,32,-3.0100000000000002,5.332541782545515,10,-4|-2|0|3|8|24|31|33|37|41,45,1000,5,5,2,2.251913070678711,0.03600001335144043,0.0,False,False,False,False,False,False,multi_peak_pdf|wide_shelf_gap|high_std|hidden_threat_large_impact,bidder_opening_lead|first_trick,bidder_first_lead_plan,hidden_threat_offline_label_ready|public_context_ready,bid_margin,True,8,2,5-5,20.77793276309967,1,5-5,9.089355736970901,2,5-5,20.77793276309967
8,9430,8,doubles-suit,30,schema_v2_bid_value,0,0,0,0,bidder,offense,2,0,0,0,35,0,,,,,False,False,6,27,6-6,3,24,6-3,0,False,False,,,True,,7,15,2,2,7,18.0,21.043344497680664,15.908053398132324,0.5569999814033508,0.0,0,5,24,37,40,32,-2.0799999999999996,5.233111338894382,9,-2|-1|3|5|8|30|33|38|41,43,1000,3,3,3,1.2124385833740234,0.029000043869018555,0.0,False,False,False,False,False,False,multi_peak_pdf|wide_shelf_gap|high_std|hidden_threat_large_impact,bidder_opening_lead|first_trick,bidder_first_lead_plan,hidden_threat_offline_label_ready|public_context_ready,bid_margin,True,8,2,5-5,20.8320175409317,1,5-5,8.96981680393219,2,5-5,20.8320175409317
8,9430,8,doubles-suit,30,schema_v2_bid_value,0,0,0,0,bidder,offense,2,0,0,0,35,0,,,,,False,False,6,27,6-6,4,25,6-4,10,False,False,,,True,,7,15,2,2,7,18.0,20.714035034179688,16.20305061340332,0.5529999732971191,0.0,-1,4,25,37,40,33,-2.7900000000000005,5.243002787753436,8,-2|1|3|6|28|34|37|41,43,1000,4,4,4,1.541748046875,0.033000051975250244,0.0,False,False,False,False,False,False,multi_peak_pdf|wide_shelf_gap|high_std|hidden_threat_large_impact,bidder_opening_lead|first_trick,bidder_first_lead_plan,hidden_threat_offline_label_ready|public_context_ready,bid_margin,True,8,2,5-5,21.3141508102417,1,5-5,9.254386633634567,2,5-5,21.3141508102417
8,9430,8,doubles-suit,30,schema_v2_bid_value,0,0,0,0,bidder,offense,2,0,0,0,35,0,,,,,False,False,6,27,6-6,5,26,6-5,0,False,False,,,True,,7,15,2,2,7,18.0,22.189865112304688,16.51300048828125,0.5730000138282776,0.0,0,5,28,38,41,33,-2.01,5.048546935915233,8,-1|1|3|4|32|35|39|41,42,1000,2,2,5,0.06591796875,0.013000011444091797,0.0,False,False,False,False,True,False,high_variance_close_mean|multi_peak_pdf|wide_shelf_gap|high_std|hidden_threat_large_impact,bidder_opening_lead|first_trick,bidder_first_lead_plan,hidden_threat_offline_label_ready|public_context_ready,bid_margin,True,8,2,5-5,20.568530440330505,1,5-5,8.564450144767761,2,5-5,20.568530440330505
8,9430,8,doubles-suit,30,schema_v2_bid_value,0,0,0,0,bidder,offense,2,0,0,0,35,0,,,,,False,False,6,27,6-6,6,27,6-6,0,True,True,,,True,,7,15,2,2,7,18.0,22.255783081054688,16.234920501708984,0.5860000252723694,0.0,1,5,28,38,41,33,-1.73,5.080713588238754,7,-1|1|3|5|32|38|41,42,1000,1,1,6,0.0,0.0,0.0,True,True,True,False,True,True,scalar_ev_lying_by_omission|high_variance_close_mean|multi_peak_pdf|wide_shelf_gap|high_std|hidden_threat_large_impact,bidder_opening_lead|called_suit_pressure|first_trick,bidder_first_lead_plan,hidden_threat_offline_label_ready|public_context_ready,bid_margin,True,8,2,5-5,20.41918981075287,1,5-5,8.41253411769867,2,5-5,20.41918981075287
8,9430,8,doubles-suit,30,schema_v2_bid_value,1,0,1,1,left_setter,defense,3,0,0,0,35,0,7,called,0,offense,False,True,0,2,1-1,0,2,1-1,0,True,True,True,False,False,17,7,10,3,3,3,-17.0,-4.732448101043701,21.957365036010742,0.703000009059906,0.2840000092983246,-35,-21,-6,11,26,32,-39.24,6.2349329098748925,6,-41|-13|-10|-7|-4|0,41,1000,1,1,1,0.0,0.0,0.0,True,True,True,True,True,True,scalar_ev_lying_by_omission|high_variance_close_mean|multi_peak_pdf|wide_shelf_gap|high_std|large_lower_tail|hidden_threat_large_impact,called_suit_pressure|first_setter_response|first_trick,first_setter_pounce_window,hidden_threat_offline_label_ready|needs_real_bid_margin,bid_margin,True,8,3,6-5,22.228304240852594,2,6-4,14.949225544929504,3,6-5,20.915011512115598
8,9430,8,doubles-suit,30,schema_v2_bid_value,1,0,1,1,left_setter,defense,3,0,0,0,35,0,7,called,0,offense,False,True,0,2,1-1,2,14,4-4,0,True,True,True,False,False,20,7,10,3,3,3,-17.0,-6.175218105316162,21.365367889404297,0.6890000104904175,0.2939999997615814,-36,-22,-7,8,23,30,-39.459999999999994,6.219133144090988,8,-41|-14|-12|-9|-7|-5|-2|6,47,1000,2,2,2,1.442770004272461,0.013999998569488525,0.009999990463256836,False,False,False,False,False,False,multi_peak_pdf|wide_shelf_gap|high_std|large_lower_tail|hidden_threat_large_impact,called_suit_pressure|first_setter_response|first_trick,first_setter_pounce_window,hidden_threat_offline_label_ready|needs_real_bid_margin,bid_margin,True,8,3,6-5,21.538901641964912,2,6-4,14.722992539405823,3,6-5,20.190852858126163
8,9430,8,doubles-suit,30,schema_v2_bid_value,1,0,1,1,left_setter,defense,3,0,0,0,35,0,7,called,0,offense,False,True,0,2,1-1,5,20,5-5,10,True,True,True,False,False,21,7,10,3,3,3,-17.0,-22.921506881713867,16.468889236450195,0.3370000123977661,0.6510000228881836,-41,-37,-28,-11,2,26,-41.44,5.59954990458157,5,-41|-38|-36|-34|-32,9,1000,3,3,3,18.189058780670166,0.3659999966621399,0.367000013589859,False,False,False,False,False,False,multi_peak_pdf|high_std|large_lower_tail|hidden_threat_large_impact,called_suit_pressure|first_setter_response|first_trick|setter_count_pressure,first_setter_pounce_window|setter_count_before_certainty,hidden_threat_offline_label_ready|needs_real_bid_margin,bid_margin,True,8,3,6-4,21.268102943897247,2,6-4,13.936865471303463,3,6-4,19.33442410826683
8,9430,8,doubles-suit,30,schema_v2_bid_value,2,0,2,2,bidder_partner,offense,0,0,0,0,35,0,7,called,0,offense,True,False,2,9,3-3,2,9,3-3,0,True,True,True,False,False,19,7,5,1,1,1,18.0,-13.028083801269531,20.18451499938965,0.06400000303983688,0.40299999713897705,-41,-33,-7,0,10,33,-41.41,5.6914351904238805,5,-41|-37|-6|-4|1,42,1000,1,1,1,0.0,0.0,0.0,True,True,True,True,False,False,multi_peak_pdf|wide_shelf_gap|high_std|large_lower_tail|hidden_threat_large_impact,called_suit_pressure|first_trick|partner_third_seat_support,partner_third_seat_safe_donation,hidden_threat_offline_label_ready|public_context_ready,bid_margin,True,8,0,5-5,21.370585665106773,1,5-5,16.163866324350238,0,5-5,19.355585679411888
8,9430,8,doubles-suit,30,schema_v2_bid_value,3,0,3,3,right_setter,defense,1,0,0,0,35,0,7,called,0,offense,False,True,0,0,0-0,0,0,0-0,0,True,True,True,False,False,16,7,5,1,1,1,-17.0,-17.187528610229492,20.05030632019043,0.47200000286102295,0.5130000114440918,-42,-36,-19,-3,11,33,-42.0,5.804588903563899,9,-42|-39|-32|-30|-22|-20|-15|-11|-7,35,1000,1,1,1,0.0,0.0,0.0,True,True,True,True,False,False,multi_peak_pdf|wide_shelf_gap|high_std|large_lower_tail|hidden_threat_large_impact,called_suit_pressure|defender_last_to_act_closure|first_trick|last_to_act,last_to_act_closure_policy,hidden_threat_offline_label_ready|public_context_ready,bid_margin,True,8,1,5-5,18.327409833669662,2,6-5,9.36497750878334,1,5-5,16.901023671031
8,9430,8,doubles-suit,30,schema_v2_bid_value,4,1,0,0,bidder,offense,2,1,0,0,35,0,,,,,False,False,3,24,6-3,0,5,2-2,0,True,True,,,True,,6,15,1,1,6,18.0,14.864487648010254,17.236330032348633,0.42800000309944153,0.0020000000949949026,-4,0,9,30,41,30,-7.660000000000001,5.31295149464212,9,-3|-1|1|4|6|7|20|23|41,44,1000,5,6,5,8.054047584533691,0.1379999816417694,0.0020000000949949026,False,False,False,False,False,False,multi_peak_pdf|wide_shelf_gap|high_std|hidden_threat_large_impact,called_suit_pressure,first_trick_public_belief_update,hidden_threat_offline_label_ready|public_context_ready,bid_margin,True,8,2,5-5,26.126134594436735,1,5-5,12.360495849978179,2,5-5,26.11613459396176
8,9430,8,doubles-suit,30,schema_v2_bid_value,4,1,0,0,bidder,offense,2,1,0,0,35,0,,,,,False,False,3,24,6-3,1,11,4-1,5,False,False,,,True,,6,15,1,1,6,18.0,13.10619831085205,19.187755584716797,0.4950000047683716,0.009999999776482582,-10,-6,18,29,40,35,-14.339999999999998,5.535697572275583,9,-7|-5|-3|19|21|23|25|27|42,49,1000,6,5,6,9.812336921691895,0.07099997997283936,0.009999999776482582,False,False,False,False,False,False,multi_peak_pdf|wide_shelf_gap|high_std|hidden_threat_large_impact,,first_trick_public_belief_update,hidden_threat_offline_label_ready|public_context_ready,bid_margin,True,8,2,5-4,24.763704512268305,1,5-4,11.601021900773048,2,5-4,24.713704513385892
8,9430,8,doubles-suit,30,schema_v2_bid_value,4,1,0,0,bidder,offense,2,1,0,0,35,0,,,,,False,False,3,24,6-3,2,23,6-2,0,False,False,,,True,,6,15,1,1,6,18.0,22.63294219970703,19.351150512695312,0.5659999847412109,0.0,-2,2,34,41,42,39,-4.45,4.384628572934494,5,-1|1|4|7|42,43,1000,4,1,1,0.28559303283691406,0.0,0.0,False,False,True,True,True,False,high_variance_close_mean|multi_peak_pdf|wide_shelf_gap|high_std|hidden_threat_large_impact,,first_trick_public_belief_update,hidden_threat_offline_label_ready|public_context_ready,bid_margin,True,8,2,5-4,21.719497680664062,1,5-5,11.000843912363052,2,5-4,21.719497680664062
8,9430,8,doubles-suit,30,schema_v2_bid_value,4,1,0,0,bidder,offense,2,1,0,0,35,0,,,,,False,False,3,24,6-3,3,24,6-3,0,False,False,,,True,,6,15,1,1,6,18.0,22.826820373535156,19.33063507080078,0.5659999847412109,0.0,-2,2,35,41,42,39,-4.280000000000001,4.303576163009913,7,-3|-1|2|5|7|38|42,45,1000,2,2,2,0.09171485900878906,0.0,0.0,True,False,False,False,False,False,multi_peak_pdf|wide_shelf_gap|high_std|hidden_threat_large_impact,,first_trick_public_belief_update,hidden_threat_offline_label_ready|public_context_ready,bid_margin,True,8,2,5-4,21.64394760131836,1,5-5,10.9820536673069,2,5-4,21.64394760131836
8,9430,8,doubles-suit,30,schema_v2_bid_value,4,1,0,0,bidder,offense,2,1,0,0,35,0,,,,,False,False,3,24,6-3,4,25,6-4,10,False,False,,,True,,6,15,1,1,6,18.0,22.918535232543945,19.468782424926758,0.5659999847412109,0.0,-2,2,36,41,42,39,-4.340000000000001,4.2530686543169915,4,-1|3|5|42,43,1000,1,3,3,0.0,0.0,0.0,False,True,False,False,True,True,scalar_ev_lying_by_omission|high_variance_close_mean|multi_peak_pdf|wide_shelf_gap|high_std|hidden_threat_large_impact,,first_trick_public_belief_update,hidden_threat_offline_label_ready|public_context_ready,bid_margin,True,8,2,5-4,21.633256912231445,1,5-5,11.171389490365982,2,5-4,21.633256912231445
8,9430,8,doubles-suit,30,schema_v2_bid_value,4,1,0,0,bidder,offense,2,1,0,0,35,0,,,,,False,False,3,24,6-3,5,26,6-5,0,False,False,,,True,,6,15,1,1,6,18.0,22.767343521118164,19.461746215820312,0.5659999847412109,0.0,-2,2,35,41,42,39,-4.53,4.3133687765697495,6,-3|-1|1|4|38|42,45,1000,3,4,4,0.15119171142578125,0.0,0.0,False,False,False,False,True,False,high_variance_close_mean|multi_peak_pdf|wide_shelf_gap|high_std|hidden_threat_large_impact,,first_trick_public_belief_update,hidden_threat_offline_label_ready|public_context_ready,bid_margin,True,8,2,5-4,21.885953903198242,1,5-5,11.034381777048111,2,5-4,21.885953903198242
8,9430,8,doubles-suit,30,schema_v2_bid_value,5,1,1,1,left_setter,defense,3,1,0,0,35,0,6,6,0,offense,False,True,6,22,6-1,6,22,6-1,0,False,False,True,False,False,23,6,10,2,2,1,-17.0,9.363457679748535,28.450708389282227,0.7760000228881836,0.21199999749660492,-38,-13,17,37,41,50,-41.190000000000005,5.879848417683422,3,-42|28|41,83,1000,1,1,1,0.0,0.0,0.0,True,True,True,True,False,False,multi_peak_pdf|wide_shelf_gap|high_std|hidden_threat_large_impact,,first_trick_public_belief_update,hidden_threat_offline_label_ready|public_context_ready,bid_margin,True,8,3,6-5,26.896158418618143,2,6-5,18.600840240716934,3,6-5,25.861410956364125
8,9430,8,doubles-suit,30,schema_v2_bid_value,6,1,2,2,bidder_partner,offense,0,1,0,0,35,0,6,6,0,offense,True,False,6,21,6-0,6,21,6-0,0,False,False,True,False,False,22,6,5,0,0,1,18.0,-22.819799423217773,20.667499542236328,0.04699999839067459,0.6399999856948853,-42,-42,-29,-6,6,36,-42.0,5.059253738593351,5,-42|-29|-28|-5|-3,39,1000,1,1,1,0.0,0.0,0.0,True,True,True,True,False,False,multi_peak_pdf|wide_shelf_gap|high_std|large_lower_tail|hidden_threat_large_impact,,first_trick_public_belief_update,hidden_threat_offline_label_ready|public_context_ready,bid_margin,True,8,0,6-5,18.013877615332603,3,6-4,10.715720154345036,0,6-5,16.656778052449226
8,9430,8,doubles-suit,30,schema_v2_bid_value,7,1,3,3,right_setter,defense,1,1,0,0,35,0,6,6,0,offense,False,True,1,1,1-0,1,1,1-0,0,False,False,False,False,False,0,6,5,0,0,6,-17.0,-16.25828742980957,20.885496139526367,0.4749999940395355,0.5120000243186951,-41,-35,-19,-2,13,33,-41.980000000000004,5.863619925299863,6,-42|-38|-36|-33|-30|-19,23,1000,1,1,2,0.0,0.0,0.001000046730041504,True,True,True,False,True,True,scalar_ev_lying_by_omission|high_variance_close_mean|multi_peak_pdf|wide_shelf_gap|high_std|large_lower_tail|hidden_threat_large_impact,last_to_act,first_trick_public_belief_update|last_to_act_closure_policy,hidden_threat_offline_label_ready|public_context_ready,bid_margin,True,8,1,5-5,22.24873074889183,0,5-5,12.649698078632355,1,5-5,20.413806155323982
8,9430,8,doubles-suit,30,schema_v2_bid_value,7,1,3,3,right_setter,defense,1,1,0,0,35,0,6,6,0,offense,False,True,1,1,1-0,2,6,3-0,0,False,False,False,False,False,0,6,5,0,0,6,-17.0,-16.479238510131836,20.711387634277344,0.47200000286102295,0.5109999775886536,-42,-35,-19,-2,12,33,-42.0,5.85354222825831,5,-42|-35|-30|-28|-2,40,1000,2,2,1,0.22095108032226562,0.0029999911785125732,0.0,False,False,False,True,True,False,high_variance_close_mean|multi_peak_pdf|wide_shelf_gap|high_std|large_lower_tail|hidden_threat_large_impact,last_to_act,first_trick_public_belief_update|last_to_act_closure_policy,hidden_threat_offline_label_ready|public_context_ready,bid_margin,True,8,1,5-5,21.977800875902176,0,5-5,12.480569779872894,1,5-5,20.178088024258614
8,9430,8,doubles-suit,30,schema_v2_bid_value,7,1,3,3,right_setter,defense,1,1,0,0,35,0,6,6,0,offense,False,True,1,1,1-0,3,8,3-2,5,False,False,False,False,False,0,6,5,0,0,6,-17.0,-22.362285614013672,17.922529220581055,0.3569999933242798,0.6230000257492065,-42,-39,-27,-10,1,29,-42.0,5.517932102198424,7,-42|-38|-36|-32|-29|-18|-11,31,1000,5,5,5,6.103998184204102,0.11800000071525574,0.11200004816055298,False,False,False,False,False,False,multi_peak_pdf|wide_shelf_gap|high_std|large_lower_tail|hidden_threat_large_impact,last_to_act|setter_count_pressure,first_trick_public_belief_update|last_to_act_closure_policy|setter_count_before_certainty,hidden_threat_offline_label_ready|needs_real_bid_margin|public_context_ready,bid_margin,True,8,1,5-5,19.60460013151169,0,5-5,10.590811043977737,1,5-5,17.879328042268753
8,9430,8,doubles-suit,30,schema_v2_bid_value,7,1,3,3,right_setter,defense,1,1,0,0,35,0,6,6,0,offense,False,True,1,1,1-0,4,13,4-3,0,False,False,False,False,False,0,6,5,0,0,6,-17.0,-20.402145385742188,20.243555068969727,0.3869999945163727,0.5989999771118164,-42,-39,-26,-5,6,34,-42.0,5.575696359599095,4,-42|-38|-36|-31,11,1000,4,4,4,4.143857955932617,0.08799999952316284,0.08799999952316284,False,False,False,False,False,False,multi_peak_pdf|high_std|large_lower_tail|hidden_threat_large_impact,last_to_act,first_trick_public_belief_update|last_to_act_closure_policy,hidden_threat_offline_label_ready|public_context_ready,bid_margin,True,8,1,5-5,18.015816748142242,2,6-4,11.185268998146057,1,5-5,16.561602294445038
8,9430,8,doubles-suit,30,schema_v2_bid_value,7,1,3,3,right_setter,defense,1,1,0,0,35,0,6,6,0,offense,False,True,1,1,1-0,5,16,5-1,0,False,False,False,False,False,0,6,5,0,0,6,-17.0,-17.985370635986328,20.52050018310547,0.4390000104904175,0.5460000038146973,-42,-37,-21,-3,10,34,-42.0,5.744370980127117,6,-42|-33|-30|-19|-4|5,47,1000,3,3,3,1.7270832061767578,0.03599998354911804,0.0350000262260437,False,False,False,False,False,False,multi_peak_pdf|wide_shelf_gap|high_std|large_lower_tail|hidden_threat_large_impact,last_to_act,first_trick_public_belief_update|last_to_act_closure_policy,hidden_threat_offline_label_ready|public_context_ready,bid_margin,True,8,1,5-5,20.92995259165764,0,5-5,11.818375706672668,1,5-5,19.2120371311903
8,9430,8,doubles-suit,30,schema_v2_bid_value,7,1,3,3,right_setter,defense,1,1,0,0,35,0,6,6,0,offense,False,True,1,1,1-0,6,19,5-4,0,False,False,False,False,False,0,6,5,0,0,6,-17.0,-23.186296463012695,19.651430130004883,0.33000001311302185,0.6549999713897705,-42,-41,-30,-8,5,33,-42.0,5.30486447402508,5,-42|-37|-34|-29|-7,35,1000,6,6,6,6.928009033203125,0.14499998092651367,0.14399999380111694,False,False,False,False,False,False,multi_peak_pdf|wide_shelf_gap|high_std|large_lower_tail|hidden_threat_large_impact,last_to_act,first_trick_public_belief_update|last_to_act_closure_policy,hidden_threat_offline_label_ready|public_context_ready,bid_margin,True,8,1,5-5,16.797569274902344,2,6-4,8.993212431669235,1,5-5,15.471209913492203
8,9430,8,doubles-suit,30,schema_v2_bid_value,8,2,0,0,bidder,offense,2,2,0,0,35,0,,,,,False,False,5,26,6-5,0,5,2-2,0,True,True,,,True,,5,15,1,1,5,18.0,9.9124116897583,20.46102523803711,0.3580000102519989,0.057999998331069946,-13,-4,5,26,41,30,-23.159999999999997,5.514751740205486,8,-5|-3|-1|3|5|7|19|41,46,1000,4,4,4,13.111756324768066,0.21199998259544373,0.057999998331069946,False,False,False,False,False,False,multi_peak_pdf|wide_shelf_gap|high_std|hidden_threat_large_impact,called_suit_pressure,first_trick_public_belief_update,hidden_threat_offline_label_ready|public_context_ready,bid_margin,True,8,2,5-5,31.738694548606873,3,5-5,14.077049009501934,2,5-5,31.448694556951523
8,9430,8,doubles-suit,30,schema_v2_bid_value,8,2,0,0,bidder,offense,2,2,0,0,35,0,,,,,False,False,5,26,6-5,1,11,4-1,5,False,False,,,True,,5,15,1,1,5,18.0,6.238330841064453,20.655057907104492,0.35100001096725464,0.13099999725818634,-22,-9,8,21,30,30,-29.810000000000006,5.883715863643668,8,-11|-6|-2|8|19|23|28|42,53,1000,5,5,5,16.785837173461914,0.218999981880188,0.13099999725818634,False,False,False,False,False,False,multi_peak_pdf|wide_shelf_gap|high_std|hidden_threat_large_impact,,first_trick_public_belief_update,hidden_threat_offline_label_ready|public_context_ready,bid_margin,True,8,2,5-4,22.557380825281143,1,5-4,12.157909065485,2,5-4,21.90238083899021
8,9430,8,doubles-suit,30,schema_v2_bid_value,8,2,0,0,bidder,offense,2,2,0,0,35,0,,,,,False,False,5,26,6-5,2,23,6-2,0,False,False,,,True,,5,15,1,1,5,18.0,22.716928482055664,19.023359298706055,0.5680000185966492,0.0,-2,3,31,41,41,38,-4.6000000000000005,4.171776014621189,3,0|6|41,41,1000,2,2,1,0.3072395324707031,0.001999974250793457,0.0,False,False,False,True,False,False,multi_peak_pdf|wide_shelf_gap|high_std|hidden_threat_large_impact,,first_trick_public_belief_update,hidden_threat_offline_label_ready|public_context_ready,bid_margin,True,8,2,5-4,20.506518483161926,3,5-4,10.12135535478592,2,5-4,20.506518483161926
8,9430,8,doubles-suit,30,schema_v2_bid_value,8,2,0,0,bidder,offense,2,2,0,0,35,0,,,,,False,False,5,26,6-5,4,25,6-4,10,False,False,,,True,,5,15,1,1,5,18.0,22.702486038208008,19.117286682128906,0.5669999718666077,0.0,-2,2,31,41,41,39,-4.510000000000001,4.161305680164052,3,-1|6|41,42,1000,3,3,2,0.3216819763183594,0.003000020980834961,0.0,False,False,False,False,False,False,multi_peak_pdf|wide_shelf_gap|high_std|hidden_threat_large_impact,,first_trick_public_belief_update,hidden_threat_offline_label_ready|public_context_ready,bid_margin,True,8,2,5-5,20.54779851436615,3,5-4,10.06723040342331,2,5-5,20.54779851436615
8,9430,8,doubles-suit,30,schema_v2_bid_value,8,2,0,0,bidder,offense,2,2,0,0,35,0,,,,,False,False,5,26,6-5,5,26,6-5,0,False,False,,,True,,5,15,1,1,5,18.0,23.024168014526367,19.08730125427246,0.5699999928474426,0.0,-2,3,32,41,41,38,-4.510000000000001,3.9831612087683435,4,-2|0|5|41,43,1000,1,1,3,0.0,0.0,0.0,True,True,True,False,False,True,scalar_ev_lying_by_omission|multi_peak_pdf|wide_shelf_gap|high_std|hidden_threat_large_impact,,first_trick_public_belief_update,hidden_threat_offline_label_ready|public_context_ready,bid_margin,True,8,2,5-4,20.718305587768555,3,5-4,10.229909837245941,2,5-4,20.718305587768555
8,9430,8,doubles-suit,30,schema_v2_bid_value,9,2,1,1,left_setter,defense,3,2,0,0,35,0,6,6,0,offense,False,True,1,7,3-1,1,7,3-1,0,False,False,False,False,False,0,5,10,2,2,5,-17.0,-11.747859001159668,20.176137924194336,0.6320000290870667,0.3580000102519989,-42,-35,-7,5,13,40,-42.0,5.372879578390196,6,-42|-7|-5|5|13|16,58,1000,1,1,1,0.0,0.0,0.0,True,True,True,True,True,True,scalar_ev_lying_by_omission|high_variance_close_mean|multi_peak_pdf|wide_shelf_gap|high_std|large_lower_tail|hidden_threat_large_impact,,first_trick_public_belief_update,hidden_threat_offline_label_ready|public_context_ready,bid_margin,True,8,3,5-4,25.514867842197418,2,5-4,18.233293503522873,3,5-4,23.724867790937424
8,9430,8,doubles-suit,30,schema_v2_bid_value,9,2,1,1,left_setter,defense,3,2,0,0,35,0,6,6,0,offense,False,True,1,7,3-1,2,14,4-4,0,True,True,False,False,False,0,5,10,2,2,5,-17.0,-12.253084182739258,19.826175689697266,0.6299999952316284,0.3630000054836273,-42,-35,-7,5,10,40,-42.0,5.390365367515955,5,-42|-8|-3|0|5,47,1000,2,2,2,0.5052251815795898,0.0020000338554382324,0.004999995231628418,False,False,False,False,False,False,multi_peak_pdf|wide_shelf_gap|high_std|large_lower_tail|hidden_threat_large_impact,called_suit_pressure,first_trick_public_belief_update,hidden_threat_offline_label_ready|public_context_ready,bid_margin,True,8,3,5-4,25.379644095897675,2,5-4,17.968381196260452,3,5-4,23.564644068479538
8,9430,8,doubles-suit,30,schema_v2_bid_value,9,2,1,1,left_setter,defense,3,2,0,0,35,0,6,6,0,offense,False,True,1,7,3-1,3,17,5-2,0,False,False,False,False,False,0,5,10,2,2,5,-17.0,-19.04153823852539,19.96495819091797,0.4909999966621399,0.5009999871253967,-42,-41,-18,0,6,41,-42.0,4.973366395245052,4,-42|-6|0|5,47,1000,3,3,3,7.293679237365723,0.14100003242492676,0.14299997687339783,False,False,False,False,False,False,multi_peak_pdf|wide_shelf_gap|high_std|large_lower_tail|hidden_threat_large_impact,,first_trick_public_belief_update,hidden_threat_offline_label_ready|public_context_ready,bid_margin,True,8,3,5-4,26.47135552763939,2,5-4,17.92851074039936,3,5-4,24.438796535134315
8,9430,8,doubles-suit,30,schema_v2_bid_value,9,2,1,1,left_setter,defense,3,2,0,0,35,0,6,6,0,offense,False,True,1,7,3-1,4,18,5-3,0,False,False,False,False,False,0,5,10,2,2,5,-17.0,-19.878374099731445,19.713560104370117,0.48100000619888306,0.5059999823570251,-42,-41,-19,-1,6,40,-42.0,4.89029075061823,6,-42|-11|-8|-5|3|6,48,1000,4,4,4,8.130515098571777,0.1510000228881836,0.14799997210502625,False,False,False,False,False,False,multi_peak_pdf|wide_shelf_gap|high_std|large_lower_tail|hidden_threat_large_impact,,first_trick_public_belief_update,hidden_threat_offline_label_ready|public_context_ready,bid_margin,True,8,3,5-4,25.421619027853012,2,5-4,17.330126479268074,3,5-4,23.42967687547207
8,9430,8,doubles-suit,30,schema_v2_bid_value,9,2,1,1,left_setter,defense,3,2,0,0,35,0,6,6,0,offense,False,True,1,7,3-1,5,20,5-5,10,True,True,False,False,False,0,5,10,2,2,5,-17.0,-26.609445571899414,10.947505950927734,0.2770000100135803,0.6830000281333923,-42,-38,-27,-16,-13,22,-42.0,4.973982039040315,7,-42|-35|-32|-30|-27|-20|-16,26,1000,5,5,5,14.861586570739746,0.35500001907348633,0.32500001788139343,False,False,False,False,False,False,multi_peak_pdf|wide_shelf_gap|large_lower_tail|hidden_threat_large_impact,called_suit_pressure|setter_count_pressure,first_trick_public_belief_update|setter_count_before_certainty,hidden_threat_offline_label_ready|needs_real_bid_margin|public_context_ready,bid_margin,True,8,3,5-4,18.64683210849762,2,5-4,11.918554617092013,3,5-4,16.491674482822418
8,9430,8,doubles-suit,30,schema_v2_bid_value,10,2,2,2,bidder_partner,offense,0,2,0,0,35,0,6,6,0,offense,True,False,0,3,2-0,0,3,2-0,0,False,False,False,False,False,0,5,5,0,0,5,18.0,10.73803997039795,14.144312858581543,0.2669999897480011,0.0,-3,0,6,19,35,19,-4.14,4.6740820439362984,5,-4|5|8|29|41,45,1000,2,1,1,0.033913612365722656,0.0,0.0,True,False,True,True,False,False,multi_peak_pdf|wide_shelf_gap|hidden_threat_large_impact,,first_trick_public_belief_update,hidden_threat_offline_label_ready|public_context_ready,bid_margin,True,8,0,5-5,27.51949268579483,0,4-1,8.492447420954704,0,5-5,27.51949268579483
8,9430,8,doubles-suit,30,schema_v2_bid_value,10,2,2,2,bidder_partner,offense,0,2,0,0,35,0,6,6,0,offense,True,False,0,3,2-0,1,4,2-1,0,False,False,False,False,False,0,5,5,0,0,5,18.0,10.666977882385254,14.174755096435547,0.2669999897480011,0.0,-3,-1,6,19,35,20,-4.24,4.678990979941073,6,-4|2|5|8|29|41,45,1000,3,2,2,0.10497570037841797,0.0,0.0,False,False,False,False,False,False,multi_peak_pdf|wide_shelf_gap|hidden_threat_large_impact,,first_trick_public_belief_update,hidden_threat_offline_label_ready|public_context_ready,bid_margin,True,8,0,5-5,27.568183481693268,0,4-1,8.506399437785149,0,5-5,27.568183481693268
8,9430,8,doubles-suit,30,schema_v2_bid_value,10,2,2,2,bidder_partner,offense,0,2,0,0,35,0,6,6,0,offense,True,False,0,3,2-0,3,10,4-0,0,False,False,False,False,False,0,5,5,0,0,5,18.0,10.601953506469727,14.225737571716309,0.26600000262260437,0.0,-4,-1,6,19,35,20,-4.3500000000000005,4.718192154103448,6,-4|2|5|8|29|41,45,1000,4,4,3,0.1700000762939453,0.0009999871253967285,0.0,False,False,False,False,True,False,high_variance_close_mean|multi_peak_pdf|wide_shelf_gap|hidden_threat_large_impact,,first_trick_public_belief_update,hidden_threat_offline_label_ready|public_context_ready,bid_margin,True,8,0,5-5,27.63594263792038,0,4-1,8.5227420181036,0,5-5,27.63594263792038
8,9430,8,doubles-suit,30,schema_v2_bid_value,10,2,2,2,bidder_partner,offense,0,2,0,0,35,0,6,6,0,offense,True,False,0,3,2-0,4,12,4-2,0,False,False,False,False,False,0,5,5,0,0,5,18.0,10.438460350036621,14.276251792907715,0.2669999897480011,0.0,-4,-1,6,19,35,20,-4.41,4.686504452742953,6,-4|1|6|8|29|41,45,1000,5,3,4,0.3334932327270508,0.0,0.0,False,False,False,False,True,False,high_variance_close_mean|multi_peak_pdf|wide_shelf_gap|hidden_threat_large_impact,,first_trick_public_belief_update,hidden_threat_offline_label_ready|public_context_ready,bid_margin,True,8,0,5-5,27.7173553109169,0,4-1,8.59518937766552,0,5-5,27.7173553109169
8,9430,8,doubles-suit,30,schema_v2_bid_value,10,2,2,2,bidder_partner,offense,0,2,0,0,35,0,6,6,0,offense,True,False,0,3,2-0,5,15,5-0,5,False,False,False,False,False,0,5,5,0,0,5,18.0,10.771953582763672,14.09449291229248,0.2630000114440918,0.0,-3,0,6,19,36,19,-4.09,4.7424528870660545,7,-4|-2|6|8|28|29|41,45,1000,1,5,5,0.0,0.003999978303909302,0.0,False,True,False,False,False,True,scalar_ev_lying_by_omission|multi_peak_pdf|wide_shelf_gap|hidden_threat_large_impact,partner_count_donation,first_trick_public_belief_update|partner_forcedness_and_safety,hidden_threat_offline_label_ready|needs_belief_model|public_context_ready,bid_margin,True,8,0,5-5,27.4951833486557,0,4-1,8.535431280732155,0,5-5,27.4951833486557
8,9430,8,doubles-suit,30,schema_v2_bid_value,11,2,3,3,right_setter,defense,1,2,0,0,35,0,6,6,0,offense,False,True,2,6,3-0,2,6,3-0,0,False,False,False,False,False,0,5,5,0,0,5,-17.0,-20.410070419311523,16.325389862060547,0.4189999997615814,0.5410000085830688,-42,-38,-19,-6,3,32,-42.0,5.116815227101175,6,-42|-40|-29|-17|-6|4,46,1000,1,1,1,0.0,0.0,0.0,True,True,True,True,True,True,scalar_ev_lying_by_omission|high_variance_close_mean|multi_peak_pdf|wide_shelf_gap|high_std|large_lower_tail|hidden_threat_large_impact,last_to_act,first_trick_public_belief_update|last_to_act_closure_policy,hidden_threat_offline_label_ready|public_context_ready,bid_margin,True,8,1,5-5,22.08423987030983,0,5-5,16.572288398630917,1,5-5,20.072670504450798
8,9430,8,doubles-suit,30,schema_v2_bid_value,11,2,3,3,right_setter,defense,1,2,0,0,35,0,6,6,0,offense,False,True,2,6,3-0,3,8,3-2,5,False,False,False,False,False,0,5,5,0,0,5,-17.0,-23.983074188232422,13.720337867736816,0.35199999809265137,0.625,-42,-38,-27,-11,-6,27,-42.0,4.8675327950917655,7,-42|-40|-29|-18|-15|-13|-7,35,1000,4,4,4,3.5730037689208984,0.06700000166893005,0.08399999141693115,False,False,False,False,False,False,multi_peak_pdf|wide_shelf_gap|large_lower_tail|hidden_threat_large_impact,last_to_act|setter_count_pressure,first_trick_public_belief_update|last_to_act_closure_policy|setter_count_before_certainty,hidden_threat_offline_label_ready|needs_real_bid_margin|public_context_ready,bid_margin,True,8,1,5-5,21.967164635658264,0,5-5,14.497310400009155,1,5-5,19.584257066249847
8,9430,8,doubles-suit,30,schema_v2_bid_value,11,2,3,3,right_setter,defense,1,2,0,0,35,0,6,6,0,offense,False,True,2,6,3-0,4,13,4-3,0,False,False,False,False,False,0,5,5,0,0,5,-17.0,-21.590087890625,15.925802230834961,0.4020000100135803,0.5649999976158142,-42,-39,-21,-8,2,31,-42.0,5.085651444010809,6,-42|-29|-17|-14|-7|4,46,1000,3,3,3,1.1800174713134766,0.0169999897480011,0.02399998903274536,False,False,False,False,False,False,multi_peak_pdf|wide_shelf_gap|high_std|large_lower_tail|hidden_threat_large_impact,last_to_act,first_trick_public_belief_update|last_to_act_closure_policy,hidden_threat_offline_label_ready|public_context_ready,bid_margin,True,8,1,5-5,21.59163635969162,0,5-5,15.188454064074904,1,5-5,19.496563345193863
8,9430,8,doubles-suit,30,schema_v2_bid_value,11,2,3,3,right_setter,defense,1,2,0,0,35,0,6,6,0,offense,False,True,2,6,3-0,5,16,5-1,0,False,False,False,False,False,0,5,5,0,0,5,-17.0,-21.06507682800293,16.07523536682129,0.40400001406669617,0.5590000152587891,-42,-38,-22,-7,2,31,-42.0,5.152955070737462,8,-42|-40|-39|-29|-17|-6|-4|4,46,1000,2,2,2,0.6550064086914062,0.014999985694885254,0.018000006675720215,False,False,False,False,True,False,high_variance_close_mean|multi_peak_pdf|wide_shelf_gap|high_std|large_lower_tail|hidden_threat_large_impact,last_to_act,first_trick_public_belief_update|last_to_act_closure_policy,hidden_threat_offline_label_ready|public_context_ready,bid_margin,True,8,1,5-5,21.44077491760254,0,5-5,15.64658582676202,1,5-5,19.47302547097206
8,9430,8,doubles-suit,30,schema_v2_bid_value,11,2,3,3,right_setter,defense,1,2,0,0,35,0,6,6,0,offense,False,True,2,6,3-0,6,19,5-4,0,False,False,False,False,False,0,5,5,0,0,5,-17.0,-28.767667770385742,15.337410926818848,0.23800000548362732,0.746999979019165,-42,-42,-37,-18,-5,24,-42.0,4.306439366678302,5,-42|-29|-19|-17|-8,34,1000,5,5,5,8.357597351074219,0.1809999942779541,0.2059999704360962,False,False,False,False,False,False,multi_peak_pdf|wide_shelf_gap|high_std|large_lower_tail|hidden_threat_large_impact,last_to_act,first_trick_public_belief_update|last_to_act_closure_policy,hidden_threat_offline_label_ready|public_context_ready,bid_margin,True,8,1,5-5,13.285800993442535,0,5-5,8.548487667925656,1,5-5,12.105545580387115
8,9430,8,doubles-suit,30,schema_v2_bid_value,12,3,0,0,bidder,offense,2,3,0,0,35,0,,,,,False,False,2,23,6-2,0,5,2-2,0,True,True,,,True,,4,15,1,1,4,18.0,1.7692575454711914,27.31923484802246,0.3109999895095825,0.24199999868869781,-41,-18,2,23,41,41,-41.0,5.506685984668067,7,-41|-5|-4|-2|0|18|41,82,1000,3,3,3,17.6000394821167,0.24300003051757812,0.24199999868869781,False,False,False,False,False,False,multi_peak_pdf|wide_shelf_gap|high_std|hidden_threat_large_impact,called_suit_pressure,first_trick_public_belief_update,hidden_threat_offline_label_ready|public_context_ready,bid_margin,True,8,2,5-5,37.1936517059803,3,5-5,17.218901429325342,2,5-5,35.98365171253681
8,9430,8,doubles-suit,30,schema_v2_bid_value,12,3,0,0,bidder,offense,2,3,0,0,35,0,,,,,False,False,2,23,6-2,1,11,4-1,5,False,False,,,True,,4,15,1,1,4,18.0,-3.651332139968872,27.1005916595459,0.23999999463558197,0.3269999921321869,-41,-27,-6,17,41,44,-41.0,5.745461747026545,4,-41|-8|-6|41,82,1000,4,4,4,23.020629167556763,0.3140000253915787,0.3269999921321869,False,False,False,False,False,False,multi_peak_pdf|wide_shelf_gap|high_std|large_lower_tail|hidden_threat_large_impact,,first_trick_public_belief_update,hidden_threat_offline_label_ready|public_context_ready,bid_margin,True,8,2,5-4,38.30259400513023,1,5-4,18.71408311650157,2,5-4,36.68293146742508
8,9430,8,doubles-suit,30,schema_v2_bid_value,12,3,0,0,bidder,offense,2,3,0,0,35,0,,,,,False,False,2,23,6-2,2,23,6-2,0,False,False,,,True,,4,15,1,1,4,18.0,19.36929702758789,19.911792755126953,0.5529999732971191,0.0,-5,-1,25,41,41,42,-10.600000000000001,4.698136632935742,6,-4|1|4|6|39|41,45,1000,1,2,1,0.0,0.001000046730041504,0.0,True,True,False,True,False,True,scalar_ev_lying_by_omission|multi_peak_pdf|wide_shelf_gap|high_std|hidden_threat_large_impact,,first_trick_public_belief_update,hidden_threat_offline_label_ready|public_context_ready,bid_margin,True,8,2,5-4,21.86935544013977,1,5-4,9.970756113529205,2,5-4,21.86935544013977
8,9430,8,doubles-suit,30,schema_v2_bid_value,12,3,0,0,bidder,offense,2,3,0,0,35,0,,,,,False,False,2,23,6-2,4,25,6-4,10,False,False,,,True,,4,15,1,1,4,18.0,19.366668701171875,19.84552764892578,0.5540000200271606,0.0,-5,-1,25,41,41,42,-10.53,4.6939864666059785,4,-4|3|6|41,45,1000,2,1,2,0.002628326416015625,0.0,0.0,False,False,True,False,False,False,multi_peak_pdf|wide_shelf_gap|high_std|hidden_threat_large_impact,,first_trick_public_belief_update,hidden_threat_offline_label_ready|public_context_ready,bid_margin,True,8,2,5-4,21.844699263572693,1,5-4,10.063474357128143,2,5-4,21.844699263572693
8,9430,8,doubles-suit,30,schema_v2_bid_value,13,3,1,1,left_setter,defense,3,3,0,0,35,0,6,6,0,offense,False,True,2,14,4-4,2,14,4-4,0,True,True,False,False,False,0,4,10,2,2,4,-17.0,-18.273290634155273,19.091285705566406,0.4909999966621399,0.4830000102519989,-41,-41,-17,-1,5,40,-41.0,4.663576194657492,6,-41|-18|-8|-4|-1|4,45,1000,1,1,1,0.0,0.0,0.0,True,True,True,True,False,True,scalar_ev_lying_by_omission|multi_peak_pdf|wide_shelf_gap|high_std|large_lower_tail|hidden_threat_large_impact,called_suit_pressure,first_trick_public_belief_update,hidden_threat_offline_label_ready|public_context_ready,bid_margin,True,8,3,5-4,29.08700300194323,2,5-4,23.38164298981428,3,5-4,26.70959693659097
8,9430,8,doubles-suit,30,schema_v2_bid_value,13,3,1,1,left_setter,defense,3,3,0,0,35,0,6,6,0,offense,False,True,2,14,4-4,3,17,5-2,0,False,False,False,False,False,0,4,10,2,2,4,-17.0,-22.108234405517578,20.04776382446289,0.421999990940094,0.5550000071525574,-41,-41,-34,-3,4,38,-41.01999999999999,3.869484215410162,5,-41|-18|-6|-4|5,46,1000,2,2,2,3.8349437713623047,0.0690000057220459,0.07199999690055847,False,False,False,False,False,False,multi_peak_pdf|wide_shelf_gap|high_std|large_lower_tail|hidden_threat_large_impact,,first_trick_public_belief_update,hidden_threat_offline_label_ready|public_context_ready,bid_margin,True,8,3,5-4,28.89924891293049,2,5-4,21.823355931788683,3,5-4,26.587908007204533
8,9430,8,doubles-suit,30,schema_v2_bid_value,13,3,1,1,left_setter,defense,3,3,0,0,35,0,6,6,0,offense,False,True,2,14,4-4,4,18,5-3,0,False,False,False,False,False,0,4,10,2,2,4,-17.0,-23.015918731689453,19.248411178588867,0.4059999883174896,0.5699999928474426,-41,-41,-35,-3,3,38,-41.0,3.8545251787918615,4,-41|-18|-4|4,45,1000,3,3,3,4.74262809753418,0.08500000834465027,0.08699998259544373,False,False,False,False,False,False,multi_peak_pdf|wide_shelf_gap|high_std|large_lower_tail|hidden_threat_large_impact,,first_trick_public_belief_update,hidden_threat_offline_label_ready|public_context_ready,bid_margin,True,8,3,5-4,26.85531195998192,2,5-4,20.454381562769413,3,5-4,24.69453503191471
8,9430,8,doubles-suit,30,schema_v2_bid_value,13,3,1,1,left_setter,defense,3,3,0,0,35,0,6,6,0,offense,False,True,2,14,4-4,5,20,5-5,10,True,True,False,False,False,0,4,10,2,2,4,-17.0,-29.172840118408203,10.63662052154541,0.17800000309944153,0.8019999861717224,-41,-41,-28,-20,-15,21,-41.01999999999999,4.3101072713941555,7,-41|-37|-35|-28|-25|-18|-16,25,1000,4,4,4,10.89954948425293,0.31299999356269836,0.3189999759197235,False,False,False,False,False,False,multi_peak_pdf|wide_shelf_gap|large_lower_tail|hidden_threat_large_impact,called_suit_pressure|setter_count_pressure,first_trick_public_belief_update|setter_count_before_certainty,hidden_threat_offline_label_ready|needs_real_bid_margin|public_context_ready,bid_margin,True,8,3,5-4,14.808293104171753,2,5-4,11.700592542532831,3,5-4,13.555185317993164
8,9430,8,doubles-suit,30,schema_v2_bid_value,14,3,2,2,bidder_partner,offense,0,3,0,0,35,0,6,6,0,offense,True,False,3,10,4-0,1,4,2-1,0,False,False,False,False,False,0,4,5,0,0,4,18.0,11.030482292175293,16.666730880737305,0.3089999854564667,0.0,-5,-4,5,28,41,32,-6.24,4.4762452026754,10,-5|-1|1|3|5|7|17|19|28|41,46,1000,3,3,1,0.574244499206543,0.005000025033950806,0.0,False,False,False,True,True,False,high_variance_close_mean|multi_peak_pdf|wide_shelf_gap|high_std|hidden_threat_large_impact,,first_trick_public_belief_update,hidden_threat_offline_label_ready|public_context_ready,bid_margin,True,8,0,5-5,25.511443197727203,0,3-2,12.400624312460423,0,5-5,25.511443197727203
8,9430,8,doubles-suit,30,schema_v2_bid_value,14,3,2,2,bidder_partner,offense,0,3,0,0,35,0,6,6,0,offense,True,False,3,10,4-0,3,10,4-0,0,False,False,False,False,False,0,4,5,0,0,4,18.0,11.203093528747559,16.56938934326172,0.3140000104904175,0.0,-5,-4,5,28,41,32,-5.800000000000001,4.451025203731694,7,-5|0|4|7|18|28|41,46,1000,2,1,2,0.40163326263427734,0.0,0.0,True,False,True,False,False,False,multi_peak_pdf|wide_shelf_gap|high_std|hidden_threat_large_impact,,first_trick_public_belief_update,hidden_threat_offline_label_ready|public_context_ready,bid_margin,True,8,0,5-5,25.220702409744263,0,3-2,12.420647397637367,0,5-5,25.220702409744263
8,9430,8,doubles-suit,30,schema_v2_bid_value,14,3,2,2,bidder_partner,offense,0,3,0,0,35,0,6,6,0,offense,True,False,3,10,4-0,4,12,4-2,0,False,False,False,False,False,0,4,5,0,0,4,18.0,10.992897987365723,16.66280174255371,0.3100000023841858,0.0,-5,-4,5,28,41,32,-6.000000000000001,4.466157707876521,7,-5|0|5|7|18|28|41,46,1000,4,2,3,0.6118288040161133,0.0040000081062316895,0.0,False,False,False,False,True,False,high_variance_close_mean|multi_peak_pdf|wide_shelf_gap|high_std|hidden_threat_large_impact,,first_trick_public_belief_update,hidden_threat_offline_label_ready|public_context_ready,bid_margin,True,8,0,5-5,25.28445076942444,0,3-2,12.516774468123913,0,5-5,25.28445076942444
8,9430,8,doubles-suit,30,schema_v2_bid_value,14,3,2,2,bidder_partner,offense,0,3,0,0,35,0,6,6,0,offense,True,False,3,10,4-0,5,15,5-0,5,False,False,False,False,False,0,4,5,0,0,4,18.0,11.604726791381836,16.320810317993164,0.3059999942779541,0.0,-5,-3,5,28,41,31,-5.640000000000001,4.424712961273359,7,-5|1|4|6|18|28|41,46,1000,1,4,4,0.0,0.008000016212463379,0.0,False,True,False,False,False,True,scalar_ev_lying_by_omission|multi_peak_pdf|wide_shelf_gap|high_std|hidden_threat_large_impact,partner_count_donation,first_trick_public_belief_update|partner_forcedness_and_safety,hidden_threat_offline_label_ready|needs_belief_model|public_context_ready,bid_margin,True,8,0,5-5,24.828325629234314,0,3-2,12.01305926591158,0,5-5,24.828325629234314
8,9430,8,doubles-suit,30,schema_v2_bid_value,15,3,3,3,right_setter,defense,1,3,0,0,35,0,6,6,0,offense,False,True,5,16,5-1,3,8,3-2,5,False,False,False,False,False,0,4,5,0,0,4,-17.0,-20.623693466186523,13.188843727111816,0.40799999237060547,0.5540000200271606,-41,-29,-20,-10,-3,19,-41.0,4.955542692563307,10,-41|-39|-29|-21|-18|-16|-8|-6|-4|4,45,1000,3,3,3,3.073476791381836,0.085999995470047,0.10100001096725464,False,False,False,False,False,False,multi_peak_pdf|wide_shelf_gap|large_lower_tail|hidden_threat_large_impact,last_to_act|setter_count_pressure,first_trick_public_belief_update|last_to_act_closure_policy|setter_count_before_certainty,hidden_threat_offline_label_ready|needs_real_bid_margin|public_context_ready,bid_margin,True,8,1,5-5,20.067599058151245,0,5-5,17.186491277068853,1,5-5,18.096496999263763
8,9430,8,doubles-suit,30,schema_v2_bid_value,15,3,3,3,right_setter,defense,1,3,0,0,35,0,6,6,0,offense,False,True,5,16,5-1,4,13,4-3,0,False,False,False,False,False,0,4,5,0,0,4,-17.0,-17.66998291015625,15.469380378723145,0.49399998784065247,0.4569999873638153,-41,-29,-17,-5,4,24,-41.0,5.092706636541118,9,-41|-39|-28|-17|-10|-8|-5|2|5,46,1000,2,1,2,0.1197662353515625,0.0,0.003999978303909302,False,False,True,False,True,False,high_variance_close_mean|multi_peak_pdf|wide_shelf_gap|high_std|large_lower_tail|hidden_threat_large_impact,last_to_act,first_trick_public_belief_update|last_to_act_closure_policy,hidden_threat_offline_label_ready|public_context_ready,bid_margin,True,8,0,5-5,21.37613358348608,0,5-5,19.04957626387477,1,5-5,16.422927111387253
8,9430,8,doubles-suit,30,schema_v2_bid_value,15,3,3,3,right_setter,defense,1,3,0,0,35,0,6,6,0,offense,False,True,5,16,5-1,5,16,5-1,0,False,False,False,False,False,0,4,5,0,0,4,-17.0,-17.550216674804688,15.234910011291504,0.4880000054836273,0.453000009059906,-41,-29,-17,-5,4,24,-41.0,5.1212310678824196,9,-41|-39|-28|-17|-12|-7|-5|-3|5,46,1000,1,2,1,0.0,0.0059999823570251465,0.0,True,True,False,True,False,True,scalar_ev_lying_by_omission|multi_peak_pdf|wide_shelf_gap|high_std|large_lower_tail|hidden_threat_large_impact,last_to_act,first_trick_public_belief_update|last_to_act_closure_policy,hidden_threat_offline_label_ready|public_context_ready,bid_margin,True,8,0,5-5,20.981094881892204,0,5-5,18.950930915772915,1,5-5,16.517351895570755
8,9430,8,doubles-suit,30,schema_v2_bid_value,15,3,3,3,right_setter,defense,1,3,0,0,35,0,6,6,0,offense,False,True,5,16,5-1,6,19,5-4,0,False,False,False,False,False,0,4,5,0,0,4,-17.0,-27.895767211914062,15.53966236114502,0.2280000001192093,0.7649999856948853,-41,-41,-32,-18,-4,23,-41.0,4.068073962157242,5,-41|-28|-24|-18|-7,34,1000,4,4,4,10.345550537109375,0.2659999877214432,0.31199997663497925,False,False,False,False,False,False,multi_peak_pdf|wide_shelf_gap|high_std|large_lower_tail|hidden_threat_large_impact,last_to_act,first_trick_public_belief_update|last_to_act_closure_policy,hidden_threat_offline_label_ready|public_context_ready,bid_margin,True,8,0,4-1,13.569734781980515,0,5-5,9.442530347034335,0,4-1,12.446347862482071
8,9430,8,doubles-suit,30,schema_v2_bid_value,16,4,0,0,bidder,offense,2,4,0,0,35,0,,,,,False,False,4,25,6-4,0,5,2-2,0,True,True,,,True,,3,15,1,1,3,18.0,-7.582339763641357,26.77216339111328,0.18299999833106995,0.3400000035762787,-41,-40,-8,8,39,48,-41.0,5.124655949243765,5,-40|-16|-6|6|40,80,1000,2,2,2,21.314268589019775,0.2580000162124634,0.3400000035762787,False,False,False,False,False,False,multi_peak_pdf|wide_shelf_gap|high_std|large_lower_tail|hidden_threat_large_impact,called_suit_pressure|late_hand,first_trick_public_belief_update|late_trick_threshold_closure,distribution_labels_ready|hidden_threat_offline_label_ready|public_context_ready,bid_margin,True,8,2,5-5,32.912657618522644,1,5-5,15.900799006223679,2,5-5,31.21265760064125
8,9430,8,doubles-suit,30,schema_v2_bid_value,16,4,0,0,bidder,offense,2,4,0,0,35,0,,,,,False,False,4,25,6-4,1,11,4-1,5,False,False,,,True,,3,15,1,1,3,18.0,-13.244068145751953,27.003421783447266,0.15600000321865082,0.5,-40,-40,-18,7,40,47,-40.91,5.144614518121592,4,-40|-8|-6|40,80,1000,3,3,3,26.97599697113037,0.2850000113248825,0.5,False,False,False,False,False,False,multi_peak_pdf|wide_shelf_gap|high_std|large_lower_tail|hidden_threat_large_impact,late_hand,first_trick_public_belief_update|late_trick_threshold_closure,distribution_labels_ready|hidden_threat_offline_label_ready|public_context_ready,bid_margin,True,8,2,5-4,37.88402868807316,1,5-4,17.36989806778729,2,5-4,35.82847314327955
8,9430,8,doubles-suit,30,schema_v2_bid_value,16,4,0,0,bidder,offense,2,4,0,0,35,0,,,,,False,False,4,25,6-4,4,25,6-4,10,False,False,,,True,,3,15,1,1,3,18.0,13.731928825378418,19.049108505249023,0.4410000145435333,0.0,-7,-6,17,32,40,38,-12.259999999999998,4.815773300472925,5,-17|-6|17|27|40,57,1000,1,1,1,0.0,0.0,0.0,True,True,True,True,False,True,scalar_ev_lying_by_omission|multi_peak_pdf|wide_shelf_gap|high_std|hidden_threat_large_impact,late_hand,first_trick_public_belief_update|late_trick_threshold_closure,distribution_labels_ready|hidden_threat_offline_label_ready|public_context_ready,bid_margin,True,8,2,5-4,24.168985426425934,1,5-4,10.533582359552383,2,5-4,24.168985426425934
8,9430,8,doubles-suit,30,schema_v2_bid_value,17,4,1,1,left_setter,defense,3,4,0,10,25,10,6,6,0,offense,False,True,4,18,5-3,3,17,5-2,0,False,False,False,False,False,0,3,10,1,1,3,-17.0,-19.068580627441406,19.495967864990234,0.4830000102519989,0.4970000088214874,-40,-40,-17,0,6,40,-40.38,4.303386622349089,6,-40|-37|-17|-9|-6|6,46,1000,1,2,2,0.0,0.0169999897480011,0.018000006675720215,False,True,False,False,True,True,scalar_ev_lying_by_omission|high_variance_close_mean|multi_peak_pdf|wide_shelf_gap|high_std|large_lower_tail|hidden_threat_large_impact,late_hand,first_trick_public_belief_update|late_trick_threshold_closure,distribution_labels_ready|hidden_threat_offline_label_ready|public_context_ready,bid_margin,True,8,3,5-4,24.912189334630966,2,5-4,16.352971121668816,3,5-4,23.16288413107395
8,9430,8,doubles-suit,30,schema_v2_bid_value,17,4,1,1,left_setter,defense,3,4,0,10,25,10,6,6,0,offense,False,True,4,18,5-3,4,18,5-3,0,False,False,False,False,False,0,3,10,1,1,3,-17.0,-19.331499099731445,18.734052658081055,0.5,0.4790000021457672,-40,-40,-17,-3,6,37,-40.68,4.235161216416995,5,-40|-17|-13|-6|6,46,1000,2,1,1,0.26291847229003906,0.0,0.0,True,False,True,True,True,False,high_variance_close_mean|multi_peak_pdf|wide_shelf_gap|high_std|large_lower_tail|hidden_threat_large_impact,late_hand,first_trick_public_belief_update|late_trick_threshold_closure,distribution_labels_ready|hidden_threat_offline_label_ready|public_context_ready,bid_margin,True,8,3,5-4,25.58845365047455,2,5-4,16.730002209544182,3,5-4,23.60217297077179
8,9430,8,doubles-suit,30,schema_v2_bid_value,17,4,1,1,left_setter,defense,3,4,0,10,25,10,6,6,0,offense,False,True,4,18,5-3,5,20,5-5,10,True,True,False,False,False,0,3,10,1,1,3,-17.0,-29.057172775268555,10.114148139953613,0.17100000381469727,0.8050000071525574,-41,-40,-27,-20,-15,20,-41.0,4.15655335891595,6,-40|-27|-21|-20|-18|-15,25,1000,3,3,3,9.988592147827148,0.32899999618530273,0.32600000500679016,False,False,False,False,False,False,multi_peak_pdf|wide_shelf_gap|large_lower_tail|hidden_threat_large_impact,called_suit_pressure|late_hand|setter_count_pressure,first_trick_public_belief_update|late_trick_threshold_closure|setter_count_before_certainty,distribution_labels_ready|hidden_threat_offline_label_ready|needs_real_bid_margin|public_context_ready,bid_margin,True,8,3,5-4,13.699127495288849,2,5-4,10.627063155174255,3,5-4,12.548786759376526
8,9430,8,doubles-suit,30,schema_v2_bid_value,18,4,2,2,bidder_partner,offense,0,4,0,10,25,10,6,6,0,offense,True,False,1,4,2-1,1,4,2-1,0,False,False,False,False,False,0,3,5,0,0,3,18.0,10.456273078918457,22.11730194091797,0.36500000953674316,0.014999999664723873,-18,-16,15,28,40,44,-18.029999999999998,3.950109230906397,8,-17|-8|-6|7|16|18|27|40,57,1000,2,3,3,4.217270851135254,0.02799999713897705,0.014999999664723873,True,False,False,False,False,False,multi_peak_pdf|wide_shelf_gap|high_std|hidden_threat_large_impact,late_hand,first_trick_public_belief_update|late_trick_threshold_closure,distribution_labels_ready|hidden_threat_offline_label_ready|public_context_ready,bid_margin,True,8,0,5-5,22.256080528721213,0,4-1,17.253431612625718,0,5-5,22.181080530397594
8,9430,8,doubles-suit,30,schema_v2_bid_value,18,4,2,2,bidder_partner,offense,0,4,0,10,25,10,6,6,0,offense,True,False,1,4,2-1,4,12,4-2,0,False,False,False,False,False,0,3,5,0,0,3,18.0,10.211371421813965,22.185863494873047,0.3720000088214874,0.007000000216066837,-18,-17,14,27,40,44,-18.029999999999998,3.934775587436593,8,-18|-9|-6|7|16|18|27|40,58,1000,3,2,2,4.462172508239746,0.020999997854232788,0.007000000216066837,False,False,False,False,False,False,multi_peak_pdf|wide_shelf_gap|high_std|hidden_threat_large_impact,late_hand,first_trick_public_belief_update|late_trick_threshold_closure,distribution_labels_ready|hidden_threat_offline_label_ready|public_context_ready,bid_margin,True,8,0,5-5,22.427134403958917,0,4-1,16.610837746411562,0,5-5,22.392134402878582
8,9430,8,doubles-suit,30,schema_v2_bid_value,18,4,2,2,bidder_partner,offense,0,4,0,10,25,10,6,6,0,offense,True,False,1,4,2-1,5,15,5-0,5,False,False,False,False,False,0,3,5,0,0,3,18.0,14.673543930053711,17.645462036132812,0.3930000066757202,0.0,-7,-5,16,28,40,33,-7.0,3.7585497569482786,7,-7|4|7|16|18|27|40,47,1000,1,1,1,0.0,0.0,0.0,False,True,True,True,False,True,scalar_ev_lying_by_omission|multi_peak_pdf|wide_shelf_gap|high_std|hidden_threat_large_impact,late_hand|partner_count_donation,first_trick_public_belief_update|late_trick_threshold_closure|partner_forcedness_and_safety,distribution_labels_ready|hidden_threat_offline_label_ready|needs_belief_model|public_context_ready,bid_margin,True,8,0,5-5,18.28353214263916,0,4-1,14.112186916172504,0,5-5,18.28353214263916
8,9430,8,doubles-suit,30,schema_v2_bid_value,19,4,3,3,right_setter,defense,1,4,0,10,25,10,6,6,0,offense,False,True,4,13,4-3,3,8,3-2,5,False,False,False,False,False,0,3,5,0,0,3,-17.0,-6.508723735809326,16.157238006591797,0.6779999732971191,0.26100000739097595,-28,-21,6,6,7,27,-35.78,2.970131990685926,5,-40|-28|-23|-17|6,46,1000,2,2,2,7.322591960430145,0.05900001525878906,0.019000008702278137,False,False,False,False,False,False,multi_peak_pdf|wide_shelf_gap|high_std|large_lower_tail|hidden_threat_large_impact,last_to_act|late_hand|setter_count_pressure,first_trick_public_belief_update|last_to_act_closure_policy|late_trick_threshold_closure|setter_count_before_certainty,distribution_labels_ready|hidden_threat_offline_label_ready|needs_real_bid_margin|public_context_ready,bid_margin,True,8,0,5-5,30.663229078054428,0,5-5,28.11829961836338,1,5-5,17.555680006742477
8,9430,8,doubles-suit,30,schema_v2_bid_value,19,4,3,3,right_setter,defense,1,4,0,10,25,10,6,6,0,offense,False,True,4,13,4-3,4,13,4-3,0,False,False,False,False,False,0,3,5,0,0,3,-17.0,0.8138682246208191,20.806438446044922,0.7369999885559082,0.24199999868869781,-27,-18,17,17,18,35,-35.510000000000005,2.9397073009807224,6,-40|-27|-24|-16|-6|17,57,1000,1,1,1,0.0,0.0,0.0,True,True,True,True,True,True,scalar_ev_lying_by_omission|high_variance_close_mean|multi_peak_pdf|wide_shelf_gap|high_std|hidden_threat_large_impact,last_to_act|late_hand,first_trick_public_belief_update|last_to_act_closure_policy|late_trick_threshold_closure,distribution_labels_ready|hidden_threat_offline_label_ready|public_context_ready,bid_margin,True,8,0,5-5,34.98862674832344,0,5-5,32.85292258858681,1,5-5,20.401095643639565
8,9430,8,doubles-suit,30,schema_v2_bid_value,19,4,3,3,right_setter,defense,1,4,0,10,25,10,6,6,0,offense,False,True,4,13,4-3,6,19,5-4,0,False,False,False,False,False,0,3,5,0,0,3,-17.0,-15.654296875,21.168489456176758,0.5619999766349792,0.4320000112056732,-41,-40,-16,-1,18,39,-41.0,4.046504945960964,8,-41|-27|-16|-7|-5|-2|5|18,59,1000,3,3,3,16.46816509962082,0.17500001192092896,0.1900000125169754,False,False,False,False,False,False,multi_peak_pdf|wide_shelf_gap|high_std|large_lower_tail|hidden_threat_large_impact,last_to_act|late_hand,first_trick_public_belief_update|last_to_act_closure_policy|late_trick_threshold_closure,distribution_labels_ready|hidden_threat_offline_label_ready|public_context_ready,bid_margin,True,8,0,5-5,20.961868166923523,0,5-5,19.437079578638077,0,4-1,18.81774440407753
8,9430,8,doubles-suit,30,schema_v2_bid_value,20,5,0,0,bidder,offense,2,15,0,10,25,0,,,,,False,False,1,11,4-1,0,5,2-2,0,True,True,,,True,,2,5,1,1,2,18.0,-12.027406692504883,19.080493927001953,0.10899999737739563,0.5,-29,-29,-18,5,28,34,-29.000000000000004,3.051526641136514,7,-29|-18|-16|-6|5|7|28,57,1000,2,2,1,2.2391738891601562,0.1550000011920929,0.0,False,False,False,True,False,False,multi_peak_pdf|wide_shelf_gap|high_std|large_lower_tail|hidden_threat_large_impact,called_suit_pressure|late_hand,first_trick_public_belief_update|late_trick_threshold_closure,distribution_labels_ready|hidden_threat_offline_label_ready|public_context_ready,bid_margin,True,8,2,5-5,30.170354545116425,3,5-5,14.565667659044266,2,5-5,27.670354545116425
8,9430,8,doubles-suit,30,schema_v2_bid_value,20,5,0,0,bidder,offense,2,15,0,10,25,0,,,,,False,False,1,11,4-1,1,11,4-1,5,False,False,,,True,,2,5,1,1,2,18.0,-9.788232803344727,25.13634490966797,0.2639999985694885,0.6050000190734863,-29,-29,-28,28,28,57,-29.670000000000005,2.5388014963793895,4,-29|-5|15|28,57,1000,1,1,2,0.0,0.0,0.10500001907348633,True,True,True,False,True,True,scalar_ev_lying_by_omission|high_variance_close_mean|multi_peak_pdf|wide_shelf_gap|high_std|large_lower_tail|hidden_threat_large_impact,late_hand,first_trick_public_belief_update|late_trick_threshold_closure,distribution_labels_ready|hidden_threat_offline_label_ready|public_context_ready,bid_margin,True,8,2,5-4,43.555970191955566,1,5-4,19.420962154865265,2,5-4,40.530970096588135
8,9430,8,doubles-suit,30,schema_v2_bid_value,21,5,1,1,left_setter,defense,3,15,0,15,20,5,4,4,0,offense,False,True,3,17,5-2,3,17,5-2,0,False,False,False,False,False,0,2,10,1,1,2,-17.0,5.1844682693481445,31.101518630981445,0.6190000176429749,0.3529999852180481,-35,-33,24,34,35,67,-35.0,3.516759690873621,8,-34|-18|2|22|24|32|34|37,71,1000,1,1,1,0.0,0.0,0.0,True,True,True,True,True,True,scalar_ev_lying_by_omission|high_variance_close_mean|multi_peak_pdf|wide_shelf_gap|high_std|large_lower_tail|hidden_threat_large_impact,late_hand,first_trick_public_belief_update|late_trick_threshold_closure,distribution_labels_ready|hidden_threat_offline_label_ready|public_context_ready,bid_margin,True,8,3,5-4,35.53315210342407,2,5-4,31.868501514196396,3,5-4,33.76815217733383
8,9430,8,doubles-suit,30,schema_v2_bid_value,21,5,1,1,left_setter,defense,3,15,0,15,20,5,4,4,0,offense,False,True,3,17,5-2,5,20,5-5,10,True,True,False,False,False,0,2,10,1,1,2,-17.0,2.4422969818115234,32.142452239990234,0.6029999852180481,0.3970000147819519,-36,-34,2,33,35,67,-36.699999999999996,3.7549225680155343,7,-38|-36|-33|-2|2|32|35,73,1000,2,2,2,2.742171287536621,0.016000032424926758,0.04400002956390381,False,False,False,False,False,False,multi_peak_pdf|wide_shelf_gap|high_std|large_lower_tail|hidden_threat_large_impact,called_suit_pressure|late_hand|setter_count_pressure,first_trick_public_belief_update|late_trick_threshold_closure|setter_count_before_certainty,distribution_labels_ready|hidden_threat_offline_label_ready|needs_real_bid_margin|public_context_ready,bid_margin,True,8,3,5-4,39.212024450302124,2,5-4,34.398147106170654,3,5-4,37.227024376392365
8,9430,8,doubles-suit,30,schema_v2_bid_value,22,5,2,2,bidder_partner,offense,0,15,0,15,20,5,4,4,0,offense,True,False,4,12,4-2,4,12,4-2,0,False,False,True,True,True,22,2,5,0,0,1,18.0,-2.184386968612671,34.410030364990234,0.48500001430511475,0.5149999856948853,-38,-36,-33,35,36,71,-38.0,2.722258701465697,4,-38|-33|23|36,74,1000,1,1,1,0.0,0.0,0.0,True,True,True,True,False,False,multi_peak_pdf|wide_shelf_gap|high_std|large_lower_tail|hidden_threat_large_impact,late_hand,first_trick_public_belief_update|late_trick_threshold_closure,distribution_labels_ready|hidden_threat_offline_label_ready|public_context_ready,bid_margin,True,8,0,5-4,48.27055382728577,0,3-2,42.47578704357147,0,5-4,45.69555389881134
8,9430,8,doubles-suit,30,schema_v2_bid_value,23,5,3,3,right_setter,defense,1,15,0,15,20,5,4,4,2,offense,False,True,6,19,5-4,6,19,5-4,0,False,False,True,True,True,25,2,5,0,0,1,-17.0,37.33412551879883,1.0253126621246338,1.0,0.0,36,36,38,38,38,2,36.0,0.9267197214533212,2,36|38,2,1000,1,1,1,0.0,0.0,0.0,True,True,True,True,False,False,multi_peak_pdf,last_to_act|late_hand,first_trick_public_belief_update|last_to_act_closure_policy|late_trick_threshold_closure,distribution_labels_ready|hidden_threat_offline_label_ready|public_context_ready,bid_margin,True,8,1,2-2,1.36419677734375,1,2-2,1.36419677734375,1,5-0,1.0391693115234375
8,9430,8,doubles-suit,30,schema_v2_bid_value,24,6,0,3,right_setter,defense,1,15,6,15,20,0,,,,,False,False,3,8,3-2,3,8,3-2,5,False,False,,,True,,1,5,0,0,1,-17.0,27.835037231445312,0.02830975316464901,1.0,0.0,28,28,28,28,28,0,28.0,-0.0,1,28,,1000,1,1,1,0.0,0.0,0.0,True,True,True,True,False,False,,late_hand|setter_count_pressure|setter_lead_pressure,defender_damage_lead_class|first_trick_public_belief_update|late_trick_threshold_closure|setter_count_before_certainty,distribution_labels_ready|hidden_threat_offline_label_ready|needs_real_bid_margin|public_context_ready,bid_margin,True,8,2,5-5,0.03434181213378906,2,5-5,0.03434181213378906,2,5-0,0.029447555541992188
8,9430,8,doubles-suit,30,schema_v2_bid_value,25,6,1,0,bidder,offense,2,15,6,20,15,5,3,3,3,defense,False,True,0,5,2-2,0,5,2-2,0,True,True,False,False,False,0,1,0,1,1,1,18.0,-27.381425857543945,0.012352867051959038,0.0,1.0,-27,-27,-27,-27,-27,0,-27.0,-0.0,1,-27,,1000,1,1,1,0.0,0.0,0.0,True,True,True,True,False,False,large_lower_tail,called_suit_pressure|late_hand,first_trick_public_belief_update|late_trick_threshold_closure,distribution_labels_ready|hidden_threat_offline_label_ready|public_context_ready,bid_margin,True,4,2,5-0,0.012704849243164062,1,5-0,0.012006759643554688,2,5-0,0.012704849243164062
8,9430,8,doubles-suit,30,schema_v2_bid_value,26,6,2,1,left_setter,defense,3,15,6,20,15,5,3,3,3,defense,True,False,5,20,5-5,5,20,5-5,10,True,True,False,False,False,0,1,10,1,1,1,-17.0,29.097774505615234,0.0,1.0,0.0,29,29,29,29,29,0,29.000000000000004,-0.0,1,29,,1000,1,1,1,0.0,0.0,0.0,True,True,True,True,False,False,,called_suit_pressure|late_hand|setter_count_pressure,first_trick_public_belief_update|late_trick_threshold_closure|setter_count_before_certainty,distribution_labels_ready|hidden_threat_offline_label_ready|needs_real_bid_margin|public_context_ready,bid_margin,True,1,2,5-0,0.0,2,5-0,0.0,2,5-0,0.0
8,9430,8,doubles-suit,30,schema_v2_bid_value,27,6,3,2,bidder_partner,offense,0,15,6,30,5,15,3,3,3,defense,False,True,5,15,5-0,5,15,5-0,5,False,False,False,False,False,0,1,5,0,0,1,18.0,-30.249235153198242,0.0,0.0,1.0,-30,-30,-30,-30,-30,0,-30.0,-0.0,1,-30,,1000,1,1,1,0.0,0.0,0.0,True,True,True,True,False,False,large_lower_tail,last_to_act|late_hand|partner_count_donation,first_trick_public_belief_update|last_to_act_closure_policy|late_trick_threshold_closure|partner_forcedness_and_safety,distribution_labels_ready|needs_belief_model|public_context_ready,bid_margin,False,0,,,,,,,,,
9,9430,9,no-trump,30,schema_v2_bid_value,0,0,0,0,bidder,offense,2,0,0,0,35,0,,,,,False,False,0,5,2-2,0,5,2-2,0,True,False,,,True,,7,15,0,2,7,18.0,22.80572509765625,15.155590057373047,0.5590000152587891,0.0,3,8,21,41,41,33,1.2899999999999996,4.437991164872266,6,4|7|9|14|20|41,37,1000,1,1,1,0.0,0.0,0.0,True,True,True,True,False,True,scalar_ev_lying_by_omission|multi_peak_pdf|wide_shelf_gap|high_std|hidden_threat_large_impact,bidder_opening_lead|first_trick|no_trump_regime,bidder_first_lead_plan|no_trump_lead_control_and_support,hidden_threat_offline_label_ready|public_context_ready,bid_margin,True,8,2,4-4,22.763492584228516,3,4-4,9.961247771978378,2,4-4,22.763492584228516
9,9430,9,no-trump,30,schema_v2_bid_value,0,0,0,0,bidder,offense,2,0,0,0,35,0,,,,,False,False,0,5,2-2,1,11,4-1,5,False,False,,,True,,7,15,0,2,7,18.0,2.822941303253174,30.954652786254883,0.375,0.35100001096725464,-36,-27,-3,41,41,68,-38.410000000000004,4.978472160026157,4,-38|-35|-32|41,79,1000,7,7,7,19.982783794403076,0.18400001525878906,0.35100001096725464,False,False,False,False,False,False,multi_peak_pdf|wide_shelf_gap|high_std|large_lower_tail|hidden_threat_large_impact,bidder_opening_lead|first_trick|no_trump_regime,bidder_first_lead_plan|no_trump_lead_control_and_support,hidden_threat_offline_label_ready|public_context_ready,bid_margin,True,8,2,4-4,47.53466725349426,3,4-4,21.331297926604748,2,4-4,45.77966719865799
9,9430,9,no-trump,30,schema_v2_bid_value,0,0,0,0,bidder,offense,2,0,0,0,35,0,,,,,False,False,0,5,2-2,2,23,6-2,0,False,False,,,True,,7,15,0,2,7,18.0,21.191570281982422,16.88364601135254,0.5440000295639038,0.0010000000474974513,-1,5,22,41,41,36,-3.62,4.701242945642151,6,-3|-1|2|4|7|41,44,1000,4,2,5,1.6141548156738281,0.014999985694885254,0.0010000000474974513,False,False,False,False,False,False,multi_peak_pdf|wide_shelf_gap|high_std|hidden_threat_large_impact,bidder_opening_lead|first_trick|no_trump_regime,bidder_first_lead_plan|no_trump_lead_control_and_support,hidden_threat_offline_label_ready|public_context_ready,bid_margin,True,8,2,4-4,24.173431406496093,1,4-4,10.518874168395996,2,4-4,24.168431406258605
9,9430,9,no-trump,30,schema_v2_bid_value,0,0,0,0,bidder,offense,2,0,0,0,35,0,,,,,False,False,0,5,2-2,3,24,6-3,0,False,False,,,True,,7,15,0,2,7,18.0,21.263687133789062,16.273876190185547,0.5389999747276306,0.0,1,5,21,41,41,36,-0.8600000000000001,4.5328439944776555,5,1|5|7|25|41,40,1000,3,3,2,1.5420379638671875,0.020000040531158447,0.0,False,False,False,False,False,False,multi_peak_pdf|wide_shelf_gap|high_std|hidden_threat_large_impact,bidder_opening_lead|first_trick|no_trump_regime,bidder_first_lead_plan|no_trump_lead_control_and_support,hidden_threat_offline_label_ready|public_context_ready,bid_margin,True,8,2,4-4,24.266975045204163,1,4-4,10.593933194875717,2,4-4,24.266975045204163
9,9430,9,no-trump,30,schema_v2_bid_value,0,0,0,0,bidder,offense,2,0,0,0,35,0,,,,,False,False,0,5,2-2,4,25,6-4,10,False,False,,,True,,7,15,0,2,7,18.0,20.46391487121582,17.49076271057129,0.5360000133514404,0.003000000026077032,-2,3,22,41,41,38,-5.7700000000000005,4.781597147712226,6,-2|0|2|4|7|41,43,1000,6,4,6,2.3418102264404297,0.023000001907348633,0.003000000026077032,False,False,False,False,False,False,multi_peak_pdf|wide_shelf_gap|high_std|hidden_threat_large_impact,bidder_opening_lead|first_trick|no_trump_regime,bidder_first_lead_plan|no_trump_lead_control_and_support,hidden_threat_offline_label_ready|public_context_ready,bid_margin,True,8,2,4-4,24.951942234300077,1,4-4,11.031913012266159,2,4-4,24.936942234169692
9,9430,9,no-trump,30,schema_v2_bid_value,0,0,0,0,bidder,offense,2,0,0,0,35,0,,,,,False,False,0,5,2-2,5,26,6-5,0,False,False,,,True,,7,15,0,2,7,18.0,21.753765106201172,15.813576698303223,0.5339999794960022,0.0,2,6,20,41,41,35,0.5599999999999999,4.367773823535713,5,1|4|6|10|41,40,1000,2,5,3,1.0519599914550781,0.025000035762786865,0.0,False,False,False,False,False,False,multi_peak_pdf|wide_shelf_gap|high_std|hidden_threat_large_impact,bidder_opening_lead|first_trick|no_trump_regime,bidder_first_lead_plan|no_trump_lead_control_and_support,hidden_threat_offline_label_ready|public_context_ready,bid_margin,True,8,2,4-4,24.144428610801697,3,4-4,10.4691681265831,2,4-4,24.144428610801697
9,9430,9,no-trump,30,schema_v2_bid_value,0,0,0,0,bidder,offense,2,0,0,0,35,0,,,,,False,False,0,5,2-2,6,27,6-6,0,True,False,,,True,,7,15,0,2,7,18.0,21.154712677001953,15.836074829101562,0.5080000162124634,0.0,2,6,18,41,41,35,0.4300000000000001,4.309111421657936,8,1|4|8|10|16|18|21|41,40,1000,5,6,4,1.6510124206542969,0.050999999046325684,0.0,False,False,False,False,False,False,multi_peak_pdf|wide_shelf_gap|high_std|hidden_threat_large_impact,bidder_opening_lead|first_trick|no_trump_regime,bidder_first_lead_plan|no_trump_lead_control_and_support,hidden_threat_offline_label_ready|public_context_ready,bid_margin,True,8,2,4-4,24.980287313461304,3,4-4,10.731267929077148,2,4-4,24.980287313461304
9,9430,9,no-trump,30,schema_v2_bid_value,1,0,1,1,left_setter,defense,3,0,0,0,35,0,2,2,0,offense,False,True,3,17,5-2,3,17,5-2,0,False,False,True,False,False,23,7,10,0,3,1,-17.0,1.6815974712371826,21.305438995361328,0.8040000200271606,0.1850000023841858,-33,-11,3,19,27,30,-38.55999999999999,6.185122218700187,11,-42|-7|-5|0|3|9|15|16|20|22|27,69,1000,1,1,1,0.0,0.0,0.0,True,True,True,True,False,False,multi_peak_pdf|wide_shelf_gap|high_std|hidden_threat_large_impact,first_setter_response|first_trick|no_trump_regime,first_setter_pounce_window|no_trump_lead_control_and_support,hidden_threat_offline_label_ready|needs_real_bid_margin,bid_margin,True,8,3,6-6,19.82262828759849,2,6-6,10.693872451782227,3,6-6,18.92669804301113
9,9430,9,no-trump,30,schema_v2_bid_value,2,0,2,2,bidder_partner,offense,0,0,0,0,35,0,2,2,0,offense,True,False,1,4,2-1,0,3,2-0,0,False,False,True,False,False,18,7,5,0,1,3,18.0,3.5068886280059814,22.102968215942383,0.2619999945163727,0.20900000631809235,-26,-16,4,19,38,35,-29.53,6.107467491679098,7,-28|-16|6|8|10|12|41,69,1000,3,3,3,1.1867072582244873,0.01600000262260437,0.03800000250339508,False,False,False,False,False,False,multi_peak_pdf|wide_shelf_gap|high_std|hidden_threat_large_impact,first_trick|no_trump_regime|partner_third_seat_support,no_trump_lead_control_and_support|partner_third_seat_safe_donation,hidden_threat_offline_label_ready|public_context_ready,bid_margin,True,8,0,5-5,23.06338307261467,0,1-0,10.287016823887825,0,5-5,22.018383041024208
9,9430,9,no-trump,30,schema_v2_bid_value,2,0,2,2,bidder_partner,offense,0,0,0,0,35,0,2,2,0,offense,True,False,1,4,2-1,1,4,2-1,0,False,False,True,False,False,19,7,5,0,1,3,18.0,4.693595886230469,21.695934295654297,0.27399998903274536,0.17100000381469727,-24,-13,5,19,39,32,-28.66,6.090232445491675,5,-15|-5|5|7|41,56,1000,1,2,1,0.0,0.0040000081062316895,0.0,True,True,False,True,False,True,scalar_ev_lying_by_omission|multi_peak_pdf|wide_shelf_gap|high_std|hidden_threat_large_impact,first_trick|no_trump_regime|partner_third_seat_support,no_trump_lead_control_and_support|partner_third_seat_safe_donation,hidden_threat_offline_label_ready|public_context_ready,bid_margin,True,8,0,5-5,21.774292707443237,0,1-0,10.680508255958557,0,5-5,20.91929268836975
9,9430,9,no-trump,30,schema_v2_bid_value,2,0,2,2,bidder_partner,offense,0,0,0,0,35,0,2,2,0,offense,True,False,1,4,2-1,4,12,4-2,0,False,False,True,False,False,22,7,5,0,1,3,18.0,4.0906805992126465,21.779376983642578,0.27799999713897705,0.1899999976158142,-24,-14,4,20,38,34,-29.1,6.137986833104723,5,-16|4|6|8|41,57,1000,2,1,2,0.6029152870178223,0.0,0.018999993801116943,False,False,True,False,True,False,high_variance_close_mean|multi_peak_pdf|wide_shelf_gap|high_std|hidden_threat_large_impact,first_trick|no_trump_regime|partner_third_seat_support,no_trump_lead_control_and_support|partner_third_seat_safe_donation,hidden_threat_offline_label_ready|public_context_ready,bid_margin,True,8,0,5-5,23.100966215133667,3,5-5,10.09143579006195,0,5-5,22.150966227054596
9,9430,9,no-trump,30,schema_v2_bid_value,3,0,3,3,right_setter,defense,1,0,0,0,35,0,2,2,0,offense,False,True,3,8,3-2,3,8,3-2,5,False,False,True,False,False,21,7,5,0,1,1,-17.0,-30.71176528930664,15.403185844421387,0.1809999942779541,0.8040000200271606,-42,-42,-39,-22,-8,20,-42.0,4.423193772543495,6,-42|-39|-36|-34|-32|-18,24,1000,1,1,1,0.0,0.0,0.0,True,True,True,True,False,False,multi_peak_pdf|wide_shelf_gap|high_std|large_lower_tail|hidden_threat_large_impact,defender_last_to_act_closure|first_trick|last_to_act|no_trump_regime|setter_count_pressure,last_to_act_closure_policy|no_trump_lead_control_and_support|setter_count_before_certainty,hidden_threat_offline_label_ready|needs_real_bid_margin|public_context_ready,bid_margin,True,8,1,5-5,12.776520729064941,0,5-5,7.448188606649637,1,5-5,11.648086786270142
9,9430,9,no-trump,30,schema_v2_bid_value,4,1,0,0,bidder,offense,2,6,0,5,30,0,,,,,False,False,4,25,6-4,1,11,4-1,5,False,False,,,True,,6,15,0,1,6,18.0,1.3491188287734985,32.11735534667969,0.3659999966621399,0.38600000739097595,-38,-32,-3,41,41,73,-38.9,4.777169847811981,3,-38|-36|41,79,1000,6,6,6,19.417171835899353,0.16699999570846558,0.38600000739097595,False,False,False,False,False,False,multi_peak_pdf|wide_shelf_gap|high_std|large_lower_tail|hidden_threat_large_impact,no_trump_regime,first_trick_public_belief_update|no_trump_lead_control_and_support,hidden_threat_offline_label_ready|public_context_ready,bid_margin,True,8,2,4-4,49.05858999490738,1,4-4,23.38658309355378,2,4-4,47.1285899579525
9,9430,9,no-trump,30,schema_v2_bid_value,4,1,0,0,bidder,offense,2,6,0,5,30,0,,,,,False,False,4,25,6-4,2,23,6-2,0,False,False,,,True,,6,15,0,1,6,18.0,20.583053588867188,16.501100540161133,0.5299999713897705,0.0,1,3,21,41,41,38,-0.029999999999999957,3.808690059822741,4,1|3|24|41,40,1000,5,3,1,0.18323707580566406,0.003000020980834961,0.0,False,False,False,True,True,False,high_variance_close_mean|multi_peak_pdf|wide_shelf_gap|high_std|hidden_threat_large_impact,no_trump_regime,first_trick_public_belief_update|no_trump_lead_control_and_support,hidden_threat_offline_label_ready|public_context_ready,bid_margin,True,8,2,4-4,25.289321422576904,1,4-4,11.67252567410469,2,4-4,25.289321422576904
9,9430,9,no-trump,30,schema_v2_bid_value,4,1,0,0,bidder,offense,2,6,0,5,30,0,,,,,False,False,4,25,6-4,3,24,6-3,0,False,False,,,True,,6,15,0,1,6,18.0,20.67049789428711,16.419851303100586,0.5289999842643738,0.0,2,3,21,41,41,38,0.20000000000000004,3.7948814156952833,4,0|3|25|41,41,1000,4,4,2,0.09579277038574219,0.0040000081062316895,0.0,False,False,False,False,False,False,multi_peak_pdf|wide_shelf_gap|high_std|hidden_threat_large_impact,no_trump_regime,first_trick_public_belief_update|no_trump_lead_control_and_support,hidden_threat_offline_label_ready|public_context_ready,bid_margin,True,8,2,4-4,25.2020503282547,1,4-4,11.626150578260422,2,4-4,25.2020503282547
9,9430,9,no-trump,30,schema_v2_bid_value,4,1,0,0,bidder,offense,2,6,0,5,30,0,,,,,False,False,4,25,6-4,4,25,6-4,10,False,False,,,True,,6,15,0,1,6,18.0,20.72292137145996,16.422990798950195,0.5329999923706055,0.0,1,3,21,41,41,38,0.35999999999999993,3.803921388647227,4,1|3|25|41,40,1000,3,1,3,0.043369293212890625,0.0,0.0,True,False,True,False,True,False,high_variance_close_mean|multi_peak_pdf|wide_shelf_gap|high_std|hidden_threat_large_impact,no_trump_regime,first_trick_public_belief_update|no_trump_lead_control_and_support,hidden_threat_offline_label_ready|public_context_ready,bid_margin,True,8,2,4-4,25.095958709716797,1,4-4,11.576422363519669,2,4-4,25.095958709716797
9,9430,9,no-trump,30,schema_v2_bid_value,4,1,0,0,bidder,offense,2,6,0,5,30,0,,,,,False,False,4,25,6-4,5,26,6-5,0,False,False,,,True,,6,15,0,1,6,18.0,20.76629066467285,16.36544418334961,0.531000018119812,0.0,2,4,21,41,41,37,0.3599999999999999,3.82048709465113,6,1|3|6|22|25|41,40,1000,1,2,4,0.0,0.001999974250793457,0.0,False,True,False,False,False,True,scalar_ev_lying_by_omission|multi_peak_pdf|wide_shelf_gap|high_std|hidden_threat_large_impact,no_trump_regime,first_trick_public_belief_update|no_trump_lead_control_and_support,hidden_threat_offline_label_ready|public_context_ready,bid_margin,True,8,2,4-4,25.085952043533325,1,4-4,11.545005798339844,2,4-4,25.085952043533325
9,9430,9,no-trump,30,schema_v2_bid_value,4,1,0,0,bidder,offense,2,6,0,5,30,0,,,,,False,False,4,25,6-4,6,27,6-6,0,True,False,,,True,,6,15,0,1,6,18.0,20.75065040588379,16.3187255859375,0.5270000100135803,0.0,2,4,20,41,41,37,0.49999999999999994,3.8089506599618934,5,1|3|6|25|41,40,1000,2,5,5,0.0156402587890625,0.0059999823570251465,0.0,False,False,False,False,False,False,multi_peak_pdf|wide_shelf_gap|high_std|hidden_threat_large_impact,no_trump_regime,first_trick_public_belief_update|no_trump_lead_control_and_support,hidden_threat_offline_label_ready|public_context_ready,bid_margin,True,8,2,4-4,25.12966001033783,1,4-4,11.593218624591827,2,4-4,25.12966001033783
9,9430,9,no-trump,30,schema_v2_bid_value,5,1,1,1,left_setter,defense,3,6,0,15,20,10,6,6,0,offense,False,True,6,22,6-1,6,22,6-1,0,False,False,True,False,False,23,6,10,0,3,1,-17.0,13.60631275177002,26.291349411010742,0.8510000109672546,0.13899999856948853,-26,-5,14,41,41,46,-36.63999999999999,5.230129516702743,4,-7|-2|17|41,48,1000,1,1,1,0.0,0.0,0.0,True,True,True,True,False,False,multi_peak_pdf|wide_shelf_gap|high_std|hidden_threat_large_impact,no_trump_regime,first_trick_public_belief_update|no_trump_lead_control_and_support,hidden_threat_offline_label_ready|public_context_ready,bid_margin,True,8,3,6-6,29.181447744369507,2,6-6,19.363146156072617,3,6-6,28.486447751522064
9,9430,9,no-trump,30,schema_v2_bid_value,6,1,2,2,bidder_partner,offense,0,6,0,15,20,10,6,6,0,offense,True,False,6,21,6-0,6,21,6-0,0,False,False,True,False,False,22,6,5,0,1,1,18.0,-12.850564002990723,28.793094635009766,0.18299999833106995,0.5170000195503235,-42,-41,-21,8,36,49,-42.0,5.421737026487516,4,-42|-38|0|41,83,1000,1,1,1,0.0,0.0,0.0,True,True,True,True,False,False,multi_peak_pdf|wide_shelf_gap|high_std|large_lower_tail|hidden_threat_large_impact,no_trump_regime,first_trick_public_belief_update|no_trump_lead_control_and_support,hidden_threat_offline_label_ready|public_context_ready,bid_margin,True,8,0,5-5,21.391532093286514,3,6-6,19.558818489313126,0,5-5,19.74929292500019
9,9430,9,no-trump,30,schema_v2_bid_value,7,1,3,3,right_setter,defense,1,6,0,15,20,10,6,6,0,offense,False,True,1,1,1-0,0,0,0-0,0,True,False,False,False,False,0,6,0,0,1,6,-17.0,-29.180152893066406,15.023452758789062,0.210999995470047,0.7730000019073486,-42,-42,-36,-20,-4,22,-42.0,4.726712366253337,5,-42|-37|-32|-29|-27,15,1000,1,2,1,0.0,0.0010000020265579224,0.0,False,True,False,True,True,True,scalar_ev_lying_by_omission|high_variance_close_mean|multi_peak_pdf|high_std|large_lower_tail|hidden_threat_large_impact,last_to_act|no_trump_regime,first_trick_public_belief_update|last_to_act_closure_policy|no_trump_lead_control_and_support,hidden_threat_offline_label_ready|public_context_ready,bid_margin,True,8,1,5-5,16.31510829925537,0,5-5,9.269015103578568,1,5-5,14.79339188337326
9,9430,9,no-trump,30,schema_v2_bid_value,7,1,3,3,right_setter,defense,1,6,0,15,20,10,6,6,0,offense,False,True,1,1,1-0,1,1,1-0,0,False,False,False,False,False,0,6,0,0,1,6,-17.0,-29.23187828063965,15.111172676086426,0.21199999749660492,0.7760000228881836,-42,-42,-36,-20,-4,22,-42.0,4.713625431658328,6,-42|-37|-35|-32|-31|-28,14,1000,2,1,2,0.05172538757324219,0.0,0.003000020980834961,True,False,True,False,True,False,high_variance_close_mean|multi_peak_pdf|high_std|large_lower_tail|hidden_threat_large_impact,last_to_act|no_trump_regime,first_trick_public_belief_update|last_to_act_closure_policy|no_trump_lead_control_and_support,hidden_threat_offline_label_ready|public_context_ready,bid_margin,True,8,1,5-5,15.828245788812637,0,5-5,8.984464731067419,1,5-5,14.351230770349503
9,9430,9,no-trump,30,schema_v2_bid_value,7,1,3,3,right_setter,defense,1,6,0,15,20,10,6,6,0,offense,False,True,1,1,1-0,2,6,3-0,0,False,False,False,False,False,0,6,0,0,1,6,-17.0,-29.702476501464844,14.836592674255371,0.19900000095367432,0.7879999876022339,-42,-42,-37,-22,-5,20,-42.0,4.643737719766039,4,-42|-37|-32|-29,13,1000,3,3,3,0.5223236083984375,0.012999996542930603,0.014999985694885254,False,False,False,False,False,False,multi_peak_pdf|large_lower_tail|hidden_threat_large_impact,last_to_act|no_trump_regime,first_trick_public_belief_update|last_to_act_closure_policy|no_trump_lead_control_and_support,hidden_threat_offline_label_ready|public_context_ready,bid_margin,True,8,1,5-5,15.160510182380676,2,5-5,8.590335264801979,1,5-5,13.742898344993591
9,9430,9,no-trump,30,schema_v2_bid_value,7,1,3,3,right_setter,defense,1,6,0,15,20,10,6,6,0,offense,False,True,1,1,1-0,4,13,4-3,0,False,False,False,False,False,0,6,0,0,1,6,-17.0,-32.92414093017578,13.176331520080566,0.1420000046491623,0.8539999723434448,-42,-42,-40,-30,-11,12,-42.0,4.1529778393776375,3,-42|-37|-32,10,1000,5,5,5,3.743988037109375,0.06999999284744263,0.08099997043609619,False,False,False,False,False,False,multi_peak_pdf|large_lower_tail|hidden_threat_large_impact,last_to_act|no_trump_regime,first_trick_public_belief_update|last_to_act_closure_policy|no_trump_lead_control_and_support,hidden_threat_offline_label_ready|public_context_ready,bid_margin,True,8,1,5-5,10.590677052736282,2,5-5,6.391922697424889,1,5-5,9.619184523820877
9,9430,9,no-trump,30,schema_v2_bid_value,7,1,3,3,right_setter,defense,1,6,0,15,20,10,6,6,0,offense,False,True,1,1,1-0,5,16,5-1,0,False,False,False,False,False,0,6,0,0,1,6,-17.0,-30.575448989868164,15.0237455368042,0.19499999284744263,0.7950000166893005,-42,-42,-39,-23,-5,19,-42.0,4.441743434683236,4,-42|-37|-32|-30,12,1000,4,4,4,1.3952960968017578,0.017000004649162292,0.022000014781951904,False,False,False,False,False,False,multi_peak_pdf|high_std|large_lower_tail|hidden_threat_large_impact,last_to_act|no_trump_regime,first_trick_public_belief_update|last_to_act_closure_policy|no_trump_lead_control_and_support,hidden_threat_offline_label_ready|public_context_ready,bid_margin,True,8,1,5-5,17.180181324481964,0,5-5,10.623826444149017,1,5-5,15.63801708817482
9,9430,9,no-trump,30,schema_v2_bid_value,7,1,3,3,right_setter,defense,1,6,0,15,20,10,6,6,0,offense,False,True,1,1,1-0,6,19,5-4,0,False,False,False,False,False,0,6,0,0,1,6,-17.0,-33.55454635620117,12.946579933166504,0.125,0.8700000047683716,-42,-42,-41,-31,-12,11,-42.0,3.9876502008755472,3,-42|-37|-32,10,1000,6,6,6,4.374393463134766,0.08699999749660492,0.09700000286102295,False,False,False,False,False,False,multi_peak_pdf|large_lower_tail|hidden_threat_large_impact,last_to_act|no_trump_regime,first_trick_public_belief_update|last_to_act_closure_policy|no_trump_lead_control_and_support,hidden_threat_offline_label_ready|public_context_ready,bid_margin,True,8,1,5-5,12.07459270954132,0,5-5,7.1260459423065186,1,5-5,10.993249416351318
9,9430,9,no-trump,30,schema_v2_bid_value,8,2,0,0,bidder,offense,2,17,0,15,20,0,,,,,False,False,3,24,6-3,1,11,4-1,5,False,False,,,True,,5,5,0,1,5,18.0,-10.463706016540527,23.252553939819336,0.1940000057220459,0.531000018119812,-31,-30,-22,3,31,33,-31.49,4.544569476981083,3,-31|-5|31,62,1000,5,5,5,20.45832347869873,0.132999986410141,0.531000018119812,False,False,False,False,False,False,multi_peak_pdf|wide_shelf_gap|high_std|large_lower_tail|hidden_threat_large_impact,no_trump_regime,first_trick_public_belief_update|no_trump_lead_control_and_support,hidden_threat_offline_label_ready|public_context_ready,bid_margin,True,8,2,4-4,36.78126037120819,3,4-4,17.435862183570862,2,4-4,34.12626028060913
9,9430,9,no-trump,30,schema_v2_bid_value,8,2,0,0,bidder,offense,2,17,0,15,20,0,,,,,False,False,3,24,6-3,2,23,6-2,0,False,False,,,True,,5,5,0,1,5,18.0,9.951616287231445,16.347379684448242,0.32499998807907104,0.0,-10,-6,8,31,31,37,-11.25,3.987342857610394,6,-11|-7|-4|8|14|31,42,1000,4,4,1,0.04300117492675781,0.0020000040531158447,0.0,False,False,False,True,True,False,high_variance_close_mean|multi_peak_pdf|wide_shelf_gap|high_std|hidden_threat_large_impact,no_trump_regime,first_trick_public_belief_update|no_trump_lead_control_and_support,hidden_threat_offline_label_ready|public_context_ready,bid_margin,True,8,2,4-4,27.740726590156555,3,4-4,12.19890772504732,2,4-4,27.740726590156555
9,9430,9,no-trump,30,schema_v2_bid_value,8,2,0,0,bidder,offense,2,17,0,15,20,0,,,,,False,False,3,24,6-3,3,24,6-3,0,False,False,,,True,,5,5,0,1,5,18.0,9.972831726074219,16.32251739501953,0.32600000500679016,0.0,-10,-6,8,31,31,37,-11.179999999999998,3.999201257561507,6,-11|-7|-4|8|14|31,42,1000,2,2,2,0.021785736083984375,0.0009999871253967285,0.0,True,False,False,False,False,False,multi_peak_pdf|wide_shelf_gap|high_std|hidden_threat_large_impact,no_trump_regime,first_trick_public_belief_update|no_trump_lead_control_and_support,hidden_threat_offline_label_ready|public_context_ready,bid_margin,True,8,2,4-4,27.715250194072723,3,4-4,12.173466756008565,2,4-4,27.715250194072723
9,9430,9,no-trump,30,schema_v2_bid_value,8,2,0,0,bidder,offense,2,17,0,15,20,0,,,,,False,False,3,24,6-3,5,26,6-5,0,False,False,,,True,,5,5,0,1,5,18.0,9.969151496887207,16.3361873626709,0.3269999921321869,0.0,-10,-6,8,31,31,37,-11.27,3.99152271326814,6,-11|-7|-4|8|14|31,42,1000,3,1,3,0.025465965270996094,0.0,0.0,False,False,True,False,False,False,multi_peak_pdf|wide_shelf_gap|high_std|hidden_threat_large_impact,no_trump_regime,first_trick_public_belief_update|no_trump_lead_control_and_support,hidden_threat_offline_label_ready|public_context_ready,bid_margin,True,8,2,4-4,27.692321360111237,3,4-4,12.162855514325202,2,4-4,27.692321360111237
9,9430,9,no-trump,30,schema_v2_bid_value,8,2,0,0,bidder,offense,2,17,0,15,20,0,,,,,False,False,3,24,6-3,6,27,6-6,0,True,False,,,True,,5,5,0,1,5,18.0,9.994617462158203,16.286758422851562,0.32600000500679016,0.0,-10,-6,8,31,31,37,-11.179999999999998,3.990826402571396,6,-11|-7|-6|8|14|31,42,1000,1,3,4,0.0,0.0009999871253967285,0.0,False,True,False,False,False,True,scalar_ev_lying_by_omission|multi_peak_pdf|wide_shelf_gap|high_std|hidden_threat_large_impact,no_trump_regime,first_trick_public_belief_update|no_trump_lead_control_and_support,hidden_threat_offline_label_ready|public_context_ready,bid_margin,True,8,2,4-4,27.679395854473114,3,4-4,12.147365464828908,2,4-4,27.679395854473114
9,9430,9,no-trump,30,schema_v2_bid_value,9,2,1,1,left_setter,defense,3,17,0,15,20,0,6,6,0,offense,False,True,0,2,1-1,0,2,1-1,0,True,False,False,False,False,0,5,10,0,3,5,-17.0,6.466153621673584,17.79319953918457,0.8510000109672546,0.1379999965429306,-24,-5,10,22,27,27,-29.779999999999998,5.557516643622829,7,-31|4|8|12|15|20|27,58,1000,1,1,1,0.0,0.0,0.0,True,True,True,True,False,True,scalar_ev_lying_by_omission|multi_peak_pdf|wide_shelf_gap|high_std|hidden_threat_large_impact,no_trump_regime,first_trick_public_belief_update|no_trump_lead_control_and_support,hidden_threat_offline_label_ready|public_context_ready,bid_margin,True,8,2,2-0,11.108551174402237,2,2-0,10.533754080533981,3,3-3,9.131424210965633
9,9430,9,no-trump,30,schema_v2_bid_value,9,2,1,1,left_setter,defense,3,17,0,15,20,0,6,6,0,offense,False,True,0,2,1-1,1,7,3-1,0,False,False,False,False,False,0,5,10,0,3,5,-17.0,5.71060037612915,18.5444278717041,0.8209999799728394,0.16500000655651093,-28,-7,10,22,26,29,-30.39,5.58136723423885,9,-31|-18|-7|4|9|12|15|21|26,57,1000,2,2,2,0.7555532455444336,0.030000030994415283,0.027000010013580322,False,False,False,False,False,False,multi_peak_pdf|wide_shelf_gap|high_std|hidden_threat_large_impact,no_trump_regime,first_trick_public_belief_update|no_trump_lead_control_and_support,hidden_threat_offline_label_ready|public_context_ready,bid_margin,True,8,2,2-0,11.08033087849617,2,2-0,10.528630584478378,3,3-3,9.838785015046597
9,9430,9,no-trump,30,schema_v2_bid_value,9,2,1,1,left_setter,defense,3,17,0,15,20,0,6,6,0,offense,False,True,0,2,1-1,2,14,4-4,0,True,False,False,False,False,0,5,10,0,3,5,-17.0,-4.977119445800781,20.67070960998535,0.6340000033378601,0.36000001430511475,-31,-29,-1,12,24,41,-31.150000000000002,5.367477978323138,8,-31|-27|4|8|10|24|25|27,58,1000,4,4,4,11.443273067474365,0.21700000762939453,0.22200001776218414,False,False,False,False,False,False,multi_peak_pdf|wide_shelf_gap|high_std|large_lower_tail|hidden_threat_large_impact,no_trump_regime,first_trick_public_belief_update|no_trump_lead_control_and_support,hidden_threat_offline_label_ready|public_context_ready,bid_margin,True,8,0,5-4,18.82698565721512,0,5-4,17.396116107702255,3,5-4,13.305058404803276
9,9430,9,no-trump,30,schema_v2_bid_value,9,2,1,1,left_setter,defense,3,17,0,15,20,0,6,6,0,offense,False,True,0,2,1-1,4,18,5-3,0,False,False,False,False,False,0,5,10,0,3,5,-17.0,5.620456218719482,18.776586532592773,0.8199999928474426,0.16599999368190765,-28,-7,10,22,27,29,-30.540000000000003,5.566298093254807,10,-31|4|9|13|15|16|18|21|27|29,60,1000,3,3,3,0.8456974029541016,0.03100001811981201,0.02799999713897705,False,False,False,False,True,False,high_variance_close_mean|multi_peak_pdf|wide_shelf_gap|high_std|hidden_threat_large_impact,no_trump_regime,first_trick_public_belief_update|no_trump_lead_control_and_support,hidden_threat_offline_label_ready|public_context_ready,bid_margin,True,8,0,3-3,11.39392676949501,0,3-3,10.68375739455223,3,3-3,10.4994992390275
9,9430,9,no-trump,30,schema_v2_bid_value,9,2,1,1,left_setter,defense,3,17,0,15,20,0,6,6,0,offense,False,True,0,2,1-1,5,20,5-5,10,True,False,False,False,False,0,5,10,0,3,5,-17.0,-18.84780502319336,11.477256774902344,0.38600000739097595,0.5839999914169312,-31,-30,-22,-11,-1,19,-31.239999999999995,4.943796381110442,7,-31|-28|-24|-18|-12|-8|-6,25,1000,5,5,5,25.313958644866943,0.4650000035762787,0.44599999487400055,False,False,False,False,False,False,multi_peak_pdf|wide_shelf_gap|large_lower_tail|hidden_threat_large_impact,no_trump_regime|setter_count_pressure,first_trick_public_belief_update|no_trump_lead_control_and_support|setter_count_before_certainty,hidden_threat_offline_label_ready|needs_real_bid_margin|public_context_ready,bid_margin,True,8,3,5-4,9.597976982593536,2,5-4,6.910286441445351,3,5-4,8.582182705402374
9,9430,9,no-trump,30,schema_v2_bid_value,10,2,2,2,bidder_partner,offense,0,17,0,15,20,0,6,6,0,offense,True,False,3,10,4-0,0,3,2-0,0,False,False,False,False,False,0,5,5,0,1,5,18.0,15.816222190856934,15.22680377960205,0.4860000014305115,0.0,-3,-2,13,31,31,33,-3.5799999999999996,2.707250911579437,3,-3|7|31,34,1000,4,4,1,0.2160806655883789,0.007999986410140991,0.0,False,False,False,True,True,False,high_variance_close_mean|multi_peak_pdf|wide_shelf_gap|high_std|hidden_threat_large_impact,no_trump_regime,first_trick_public_belief_update|no_trump_lead_control_and_support,hidden_threat_offline_label_ready|public_context_ready,bid_margin,True,8,0,4-1,22.71906578540802,0,4-1,20.289065778255463,0,3-1,20.6030136346817
9,9430,9,no-trump,30,schema_v2_bid_value,10,2,2,2,bidder_partner,offense,0,17,0,15,20,0,6,6,0,offense,True,False,3,10,4-0,2,9,3-3,0,True,False,False,False,False,0,5,5,0,1,5,18.0,10.508502006530762,13.389189720153809,0.28299999237060547,0.0,-3,-2,6,31,31,33,-3.3099999999999996,3.2798395393827304,3,-3|6|31,34,1000,5,5,2,5.523800849914551,0.210999995470047,0.0,False,False,False,False,False,False,multi_peak_pdf|wide_shelf_gap|hidden_threat_large_impact,no_trump_regime,first_trick_public_belief_update|no_trump_lead_control_and_support,hidden_threat_offline_label_ready|public_context_ready,bid_margin,True,8,0,4-4,27.706143379211426,0,4-1,13.734283924102783,0,4-4,27.706143379211426
9,9430,9,no-trump,30,schema_v2_bid_value,10,2,2,2,bidder_partner,offense,0,17,0,15,20,0,6,6,0,offense,True,False,3,10,4-0,3,10,4-0,0,False,False,False,False,False,0,5,5,0,1,5,18.0,16.032302856445312,15.05361270904541,0.492000013589859,0.0,-3,-2,11,31,31,33,-3.21,2.4982425464292133,3,-3|7|31,34,1000,1,2,3,0.0,0.001999974250793457,0.0,True,True,False,False,False,True,scalar_ev_lying_by_omission|multi_peak_pdf|wide_shelf_gap|high_std|hidden_threat_large_impact,no_trump_regime,first_trick_public_belief_update|no_trump_lead_control_and_support,hidden_threat_offline_label_ready|public_context_ready,bid_margin,True,8,0,4-1,22.793187081813812,0,4-1,20.333187013864517,0,3-1,20.30667108297348
9,9430,9,no-trump,30,schema_v2_bid_value,10,2,2,2,bidder_partner,offense,0,17,0,15,20,0,6,6,0,offense,True,False,3,10,4-0,4,12,4-2,0,False,False,False,False,False,0,5,5,0,1,5,18.0,15.998539924621582,15.076441764831543,0.49399998784065247,0.0,-3,-2,10,31,31,33,-3.21,2.5363658362537223,3,-3|7|31,34,1000,2,1,4,0.03376293182373047,0.0,0.0,False,False,True,False,False,False,multi_peak_pdf|wide_shelf_gap|high_std|hidden_threat_large_impact,no_trump_regime,first_trick_public_belief_update|no_trump_lead_control_and_support,hidden_threat_offline_label_ready|public_context_ready,bid_margin,True,8,0,4-1,22.87370675802231,0,4-1,20.403706818819046,0,3-1,20.32326477766037
9,9430,9,no-trump,30,schema_v2_bid_value,10,2,2,2,bidder_partner,offense,0,17,0,15,20,0,6,6,0,offense,True,False,3,10,4-0,5,15,5-0,5,False,False,False,False,False,0,5,5,0,1,5,18.0,15.954577445983887,15.12478256225586,0.49000000953674316,0.0,-3,-2,13,31,31,33,-3.47,2.5062394178880854,3,-3|7|31,34,1000,3,3,5,0.07772541046142578,0.003999978303909302,0.0,False,False,False,False,True,False,high_variance_close_mean|multi_peak_pdf|wide_shelf_gap|high_std|hidden_threat_large_impact,no_trump_regime|partner_count_donation,first_trick_public_belief_update|no_trump_lead_control_and_support|partner_forcedness_and_safety,hidden_threat_offline_label_ready|needs_belief_model|public_context_ready,bid_margin,True,8,0,4-1,22.785163044929504,0,4-1,20.33516299724579,0,3-1,20.35974931716919
9,9430,9,no-trump,30,schema_v2_bid_value,11,2,3,3,right_setter,defense,1,17,0,15,20,0,6,6,0,offense,False,True,5,16,5-1,0,0,0-0,0,True,False,False,False,False,0,5,0,0,1,5,-17.0,-25.179590225219727,11.348037719726562,0.1860000044107437,0.8140000104904175,-31,-31,-31,-28,-7,3,-31.68,2.304724672922235,5,-31|-29|-19|-7|3,34,1000,2,1,1,0.0074329376220703125,0.0,0.0,False,False,True,True,False,False,multi_peak_pdf|wide_shelf_gap|large_lower_tail|hidden_threat_large_impact,last_to_act|no_trump_regime,first_trick_public_belief_update|last_to_act_closure_policy|no_trump_lead_control_and_support,hidden_threat_offline_label_ready|public_context_ready,bid_margin,True,8,0,5-0,15.528602749109268,0,4-4,9.00374884903431,0,5-0,14.150910526514053
9,9430,9,no-trump,30,schema_v2_bid_value,11,2,3,3,right_setter,defense,1,17,0,15,20,0,6,6,0,offense,False,True,5,16,5-1,2,6,3-0,0,False,False,False,False,False,0,5,0,0,1,5,-17.0,-25.195899963378906,11.393830299377441,0.1860000044107437,0.8140000104904175,-31,-31,-31,-28,-7,3,-31.8,2.323274356674404,5,-31|-29|-19|-7|4,35,1000,3,2,2,0.02374267578125,0.0,0.0,False,False,False,False,True,False,high_variance_close_mean|multi_peak_pdf|wide_shelf_gap|large_lower_tail|hidden_threat_large_impact,last_to_act|no_trump_regime,first_trick_public_belief_update|last_to_act_closure_policy|no_trump_lead_control_and_support,hidden_threat_offline_label_ready|public_context_ready,bid_margin,True,8,0,5-0,15.64460864663124,0,4-4,9.022639229893684,0,5-0,14.266916424036026
9,9430,9,no-trump,30,schema_v2_bid_value,11,2,3,3,right_setter,defense,1,17,0,15,20,0,6,6,0,offense,False,True,5,16,5-1,4,13,4-3,0,False,False,False,False,False,0,5,0,0,1,5,-17.0,-25.404760360717773,11.236472129821777,0.1770000010728836,0.8230000138282776,-31,-31,-31,-28,-7,3,-31.81,2.345251053002583,6,-31|-29|-19|-7|2|4,35,1000,5,5,5,0.2326030731201172,0.009000003337860107,0.009000003337860107,False,False,False,False,False,False,multi_peak_pdf|wide_shelf_gap|large_lower_tail|hidden_threat_large_impact,last_to_act|no_trump_regime,first_trick_public_belief_update|last_to_act_closure_policy|no_trump_lead_control_and_support,hidden_threat_offline_label_ready|public_context_ready,bid_margin,True,8,0,5-0,15.963272958993912,0,4-4,8.664734974503517,0,5-0,14.540580719709396
9,9430,9,no-trump,30,schema_v2_bid_value,11,2,3,3,right_setter,defense,1,17,0,15,20,0,6,6,0,offense,False,True,5,16,5-1,5,16,5-1,0,False,False,False,False,False,0,5,0,0,1,5,-17.0,-25.172157287597656,11.39741039276123,0.1860000044107437,0.8140000104904175,-31,-31,-31,-28,-7,3,-31.88,2.3214875124779204,5,-31|-29|-19|-7|3,34,1000,1,3,3,0.0,0.0,0.0,True,True,False,False,True,True,scalar_ev_lying_by_omission|high_variance_close_mean|multi_peak_pdf|wide_shelf_gap|large_lower_tail|hidden_threat_large_impact,last_to_act|no_trump_regime,first_trick_public_belief_update|last_to_act_closure_policy|no_trump_lead_control_and_support,hidden_threat_offline_label_ready|public_context_ready,bid_margin,True,8,0,5-0,15.568271785974503,0,4-4,9.042874291539192,0,5-0,14.190579563379288
9,9430,9,no-trump,30,schema_v2_bid_value,11,2,3,3,right_setter,defense,1,17,0,15,20,0,6,6,0,offense,False,True,5,16,5-1,6,19,5-4,0,False,False,False,False,False,0,5,0,0,1,5,-17.0,-25.207258224487305,11.311613082885742,0.1860000044107437,0.8140000104904175,-31,-31,-31,-28,-7,3,-31.610000000000003,2.272005116495394,6,-31|-29|-19|-7|2|4,35,1000,4,4,4,0.03510093688964844,0.0,0.0,False,False,False,False,False,False,multi_peak_pdf|wide_shelf_gap|large_lower_tail|hidden_threat_large_impact,last_to_act|no_trump_regime,first_trick_public_belief_update|last_to_act_closure_policy|no_trump_lead_control_and_support,hidden_threat_offline_label_ready|public_context_ready,bid_margin,True,8,0,5-0,15.582208782434464,0,4-4,8.980240777134895,0,5-0,14.204516559839249
9,9430,9,no-trump,30,schema_v2_bid_value,12,3,0,0,bidder,offense,2,18,0,15,20,0,,,,,False,False,2,23,6-2,1,11,4-1,5,False,False,,,True,,4,5,0,1,4,18.0,-10.113737106323242,22.241317749023438,0.18299999833106995,0.5199999809265137,-30,-29,-21,4,30,33,-30.0,4.462647881398271,3,-30|4|30,60,1000,4,4,4,20.040987968444824,0.15299999713897705,0.5199999809265137,False,False,False,False,False,False,multi_peak_pdf|wide_shelf_gap|high_std|large_lower_tail|hidden_threat_large_impact,no_trump_regime,first_trick_public_belief_update|no_trump_lead_control_and_support,hidden_threat_offline_label_ready|public_context_ready,bid_margin,True,8,2,4-4,33.31112414598465,1,4-4,15.990709096193314,2,4-4,30.71112424135208
9,9430,9,no-trump,30,schema_v2_bid_value,12,3,0,0,bidder,offense,2,18,0,15,20,0,,,,,False,False,2,23,6-2,2,23,6-2,0,False,False,,,True,,4,5,0,1,4,18.0,9.897700309753418,16.082515716552734,0.335999995470047,0.0,-9,-7,7,30,30,37,-10.409999999999998,3.9579879122119723,5,-11|-8|7|15|30,41,1000,3,1,1,0.029550552368164062,0.0,0.0,True,False,True,True,False,False,multi_peak_pdf|wide_shelf_gap|high_std|hidden_threat_large_impact,no_trump_regime,first_trick_public_belief_update|no_trump_lead_control_and_support,hidden_threat_offline_label_ready|public_context_ready,bid_margin,True,8,2,4-4,26.668883979320526,3,4-4,12.330535739660263,2,4-4,26.668883979320526
9,9430,9,no-trump,30,schema_v2_bid_value,12,3,0,0,bidder,offense,2,18,0,15,20,0,,,,,False,False,2,23,6-2,5,26,6-5,0,False,False,,,True,,4,5,0,1,4,18.0,9.917799949645996,16.089014053344727,0.335999995470047,0.0,-9,-7,8,30,30,37,-10.41,3.9326025837837393,5,-11|-8|7|15|30,41,1000,2,2,2,0.009450912475585938,0.0,0.0,False,False,False,False,True,False,high_variance_close_mean|multi_peak_pdf|wide_shelf_gap|high_std|hidden_threat_large_impact,no_trump_regime,first_trick_public_belief_update|no_trump_lead_control_and_support,hidden_threat_offline_label_ready|public_context_ready,bid_margin,True,8,2,4-4,26.656037986278534,3,4-4,12.321814328432083,2,4-4,26.656037986278534
9,9430,9,no-trump,30,schema_v2_bid_value,12,3,0,0,bidder,offense,2,18,0,15,20,0,,,,,False,False,2,23,6-2,6,27,6-6,0,True,False,,,True,,4,5,0,1,4,18.0,9.927250862121582,16.06179428100586,0.335999995470047,0.0,-9,-7,8,30,30,37,-10.34,3.9454917054289114,6,-11|-8|7|13|15|30,41,1000,1,3,3,0.0,0.0,0.0,False,True,False,False,False,True,scalar_ev_lying_by_omission|multi_peak_pdf|wide_shelf_gap|high_std|hidden_threat_large_impact,no_trump_regime,first_trick_public_belief_update|no_trump_lead_control_and_support,hidden_threat_offline_label_ready|public_context_ready,bid_margin,True,8,2,4-4,26.65044754743576,3,4-4,12.326970010995865,2,4-4,26.65044754743576
9,9430,9,no-trump,30,schema_v2_bid_value,13,3,1,1,left_setter,defense,3,18,0,15,20,0,6,6,0,offense,False,True,1,7,3-1,1,7,3-1,0,False,False,False,False,False,0,4,10,0,2,4,-17.0,-10.168846130371094,17.259180068969727,0.6449999809265137,0.35499998927116394,-30,-30,-6,6,10,36,-30.0,3.87626765101922,7,-30|-17|-5|-3|2|8|22,52,1000,2,1,1,0.052318572998046875,0.0,0.0,True,False,True,True,False,False,multi_peak_pdf|wide_shelf_gap|high_std|large_lower_tail|hidden_threat_large_impact,no_trump_regime,first_trick_public_belief_update|no_trump_lead_control_and_support,hidden_threat_offline_label_ready|public_context_ready,bid_margin,True,8,0,3-3,33.031318962574005,0,3-3,29.806319057941437,0,5-0,30.031656593084335
9,9430,9,no-trump,30,schema_v2_bid_value,13,3,1,1,left_setter,defense,3,18,0,15,20,0,6,6,0,offense,False,True,1,7,3-1,2,14,4-4,0,True,False,False,False,False,0,4,10,0,2,4,-17.0,-12.988876342773438,17.948087692260742,0.5019999742507935,0.49799999594688416,-30,-30,-6,6,8,36,-30.090000000000003,3.2511645024839595,4,-30|-5|0|8,38,1000,3,3,3,2.8723487854003906,0.14300000667572021,0.14300000667572021,False,False,False,False,False,False,multi_peak_pdf|wide_shelf_gap|high_std|large_lower_tail|hidden_threat_large_impact,no_trump_regime,first_trick_public_belief_update|no_trump_lead_control_and_support,hidden_threat_offline_label_ready|public_context_ready,bid_margin,True,8,0,5-0,36.45015734434128,0,3-3,24.8440620303154,0,5-0,33.96015736460686
9,9430,9,no-trump,30,schema_v2_bid_value,13,3,1,1,left_setter,defense,3,18,0,15,20,0,6,6,0,offense,False,True,1,7,3-1,4,18,5-3,0,False,False,False,False,False,0,4,10,0,2,4,-17.0,-10.116527557373047,17.334186553955078,0.6370000243186951,0.35499998927116394,-30,-30,-6,6,11,36,-30.0,3.9487433719991447,6,-30|-17|-5|3|6|9,39,1000,1,2,2,0.0,0.007999956607818604,0.0,False,True,False,False,True,True,scalar_ev_lying_by_omission|high_variance_close_mean|multi_peak_pdf|wide_shelf_gap|high_std|large_lower_tail|hidden_threat_large_impact,no_trump_regime,first_trick_public_belief_update|no_trump_lead_control_and_support,hidden_threat_offline_label_ready|public_context_ready,bid_margin,True,8,0,3-3,33.00580853223801,0,3-3,29.82080841064453,0,5-0,30.089449852705002
9,9430,9,no-trump,30,schema_v2_bid_value,13,3,1,1,left_setter,defense,3,18,0,15,20,0,6,6,0,offense,False,True,1,7,3-1,5,20,5-5,10,True,False,False,False,False,0,4,10,0,2,4,-17.0,-23.810117721557617,8.126978874206543,0.2759999930858612,0.6299999952316284,-30,-30,-30,-17,-15,13,-30.26,2.812127437449167,4,-30|-27|-17|-6,24,1000,4,4,4,13.69359016418457,0.36899998784065247,0.2750000059604645,False,False,False,False,False,False,multi_peak_pdf|wide_shelf_gap|large_lower_tail|hidden_threat_large_impact,no_trump_regime|setter_count_pressure,first_trick_public_belief_update|no_trump_lead_control_and_support|setter_count_before_certainty,hidden_threat_offline_label_ready|needs_real_bid_margin|public_context_ready,bid_margin,True,8,0,4-1,26.582241714000702,0,3-3,11.665598005056381,0,4-1,23.43224173784256
9,9430,9,no-trump,30,schema_v2_bid_value,14,3,2,2,bidder_partner,offense,0,18,0,15,20,0,6,6,0,offense,True,False,4,12,4-2,0,3,2-0,0,False,False,False,False,False,0,4,5,0,1,4,18.0,12.957688331604004,15.740785598754883,0.44699999690055847,0.0,-7,-4,6,30,30,34,-7.470000000000001,3.2619890535118548,3,-6|6|30,36,1000,2,1,1,0.08192729949951172,0.0,0.0,False,False,True,True,False,False,multi_peak_pdf|wide_shelf_gap|high_std|hidden_threat_large_impact,no_trump_regime,first_trick_public_belief_update|no_trump_lead_control_and_support,hidden_threat_offline_label_ready|public_context_ready,bid_margin,True,8,0,4-1,23.474542796611786,0,4-1,21.239542812108994,0,0-0,22.718012154102325
9,9430,9,no-trump,30,schema_v2_bid_value,14,3,2,2,bidder_partner,offense,0,18,0,15,20,0,6,6,0,offense,True,False,4,12,4-2,2,9,3-3,0,True,False,False,False,False,0,4,5,0,1,4,18.0,9.515664100646973,14.699081420898438,0.3140000104904175,0.0,-7,-4,5,30,30,34,-7.4799999999999995,3.5827231355225275,4,-7|6|14|30,37,1000,4,4,2,3.523951530456543,0.132999986410141,0.0,False,False,False,False,False,False,multi_peak_pdf|wide_shelf_gap|hidden_threat_large_impact,no_trump_regime,first_trick_public_belief_update|no_trump_lead_control_and_support,hidden_threat_offline_label_ready|public_context_ready,bid_margin,True,8,0,0-0,27.43867516517639,0,4-1,17.2481449842453,0,0-0,27.43867516517639
9,9430,9,no-trump,30,schema_v2_bid_value,14,3,2,2,bidder_partner,offense,0,18,0,15,20,0,6,6,0,offense,True,False,4,12,4-2,4,12,4-2,0,False,False,False,False,False,0,4,5,0,1,4,18.0,13.039615631103516,15.868634223937988,0.44699999690055847,0.0,-7,-4,6,30,30,34,-7.470000000000001,3.0513230349712455,3,-7|6|30,37,1000,1,2,3,0.0,0.0,0.0,True,True,False,False,True,True,scalar_ev_lying_by_omission|high_variance_close_mean|multi_peak_pdf|wide_shelf_gap|high_std|hidden_threat_large_impact,no_trump_regime,first_trick_public_belief_update|no_trump_lead_control_and_support,hidden_threat_offline_label_ready|public_context_ready,bid_margin,True,8,0,4-1,23.59800213575363,0,4-1,21.36300215125084,0,0-0,22.69307452440262
9,9430,9,no-trump,30,schema_v2_bid_value,14,3,2,2,bidder_partner,offense,0,18,0,15,20,0,6,6,0,offense,True,False,4,12,4-2,5,15,5-0,5,False,False,False,False,False,0,4,5,0,1,4,18.0,12.937013626098633,15.982121467590332,0.44699999690055847,0.0,-7,-4,6,30,30,34,-7.830000000000001,3.0436091233103353,5,-7|-5|-3|6|30,37,1000,3,3,4,0.10260200500488281,0.0,0.0,False,False,False,False,True,False,high_variance_close_mean|multi_peak_pdf|wide_shelf_gap|high_std|hidden_threat_large_impact,no_trump_regime|partner_count_donation,first_trick_public_belief_update|no_trump_lead_control_and_support|partner_forcedness_and_safety,hidden_threat_offline_label_ready|needs_belief_model|public_context_ready,bid_margin,True,8,0,4-1,23.861101806163788,0,4-1,21.626101821660995,0,0-0,22.77533656358719
9,9430,9,no-trump,30,schema_v2_bid_value,15,3,3,3,right_setter,defense,1,18,0,15,20,0,6,6,0,offense,False,True,2,6,3-0,0,0,0-0,0,True,False,False,False,False,0,4,0,0,1,4,-17.0,-22.211288452148438,13.60877799987793,0.2669999897480011,0.7329999804496765,-30,-30,-30,-14,5,16,-30.090000000000003,1.9060164761866396,6,-30|-14|-5|1|5|7,37,1000,3,1,1,0.018785476684570312,0.0,0.0,False,False,True,True,False,False,multi_peak_pdf|wide_shelf_gap|large_lower_tail|hidden_threat_large_impact,last_to_act|no_trump_regime,first_trick_public_belief_update|last_to_act_closure_policy|no_trump_lead_control_and_support,hidden_threat_offline_label_ready|public_context_ready,bid_margin,True,8,0,5-0,17.244829654693604,0,3-3,11.965989142656326,0,5-0,15.909375220537186
9,9430,9,no-trump,30,schema_v2_bid_value,15,3,3,3,right_setter,defense,1,18,0,15,20,0,6,6,0,offense,False,True,2,6,3-0,2,6,3-0,0,False,False,False,False,False,0,4,0,0,1,4,-17.0,-22.192502975463867,13.711175918579102,0.2669999897480011,0.7329999804496765,-30,-30,-30,-14,5,16,-30.090000000000003,1.905693033238016,5,-30|-14|-6|1|6,36,1000,1,2,2,0.0,0.0,0.0,True,True,False,False,True,True,scalar_ev_lying_by_omission|high_variance_close_mean|multi_peak_pdf|wide_shelf_gap|large_lower_tail|hidden_threat_large_impact,last_to_act|no_trump_regime,first_trick_public_belief_update|last_to_act_closure_policy|no_trump_lead_control_and_support,hidden_threat_offline_label_ready|public_context_ready,bid_margin,True,8,0,5-0,17.39178228378296,0,3-3,12.066960364580154,0,5-0,16.05632784962654
9,9430,9,no-trump,30,schema_v2_bid_value,15,3,3,3,right_setter,defense,1,18,0,15,20,0,6,6,0,offense,False,True,2,6,3-0,4,13,4-3,0,False,False,False,False,False,0,4,0,0,1,4,-17.0,-22.207504272460938,13.703325271606445,0.2669999897480011,0.7329999804496765,-30,-30,-30,-13,5,17,-30.04,1.8198389683502036,5,-30|-13|-6|1|5,35,1000,2,3,3,0.015001296997070312,0.0,0.0,False,False,False,False,True,False,high_variance_close_mean|multi_peak_pdf|wide_shelf_gap|large_lower_tail|hidden_threat_large_impact,last_to_act|no_trump_regime,first_trick_public_belief_update|last_to_act_closure_policy|no_trump_lead_control_and_support,hidden_threat_offline_label_ready|public_context_ready,bid_margin,True,8,0,5-0,17.362056255340576,0,3-3,12.079825431108475,0,5-0,16.02660182118416
9,9430,9,no-trump,30,schema_v2_bid_value,15,3,3,3,right_setter,defense,1,18,0,15,20,0,6,6,0,offense,False,True,2,6,3-0,6,19,5-4,0,False,False,False,False,False,0,4,0,0,1,4,-17.0,-22.239049911499023,13.594831466674805,0.2669999897480011,0.7329999804496765,-30,-30,-30,-13,5,17,-30.0,1.8321635645430026,5,-30|-13|-6|5|7,37,1000,4,4,4,0.04654693603515625,0.0,0.0,False,False,False,False,False,False,multi_peak_pdf|wide_shelf_gap|large_lower_tail|hidden_threat_large_impact,last_to_act|no_trump_regime,first_trick_public_belief_update|last_to_act_closure_policy|no_trump_lead_control_and_support,hidden_threat_offline_label_ready|public_context_ready,bid_margin,True,8,0,5-0,17.18885564804077,0,3-3,11.983870536088943,0,5-0,15.853401213884354
9,9430,9,no-trump,30,schema_v2_bid_value,16,4,0,0,bidder,offense,2,19,0,15,20,0,,,,,False,False,6,27,6-6,1,11,4-1,5,False,False,,,True,,3,5,0,1,3,18.0,-10.192030906677246,23.23225212097168,0.20999999344348907,0.5569999814033508,-29,-29,-28,10,28,39,-29.09,3.312740648703457,4,-29|-9|3|28,57,1000,3,3,3,18.508638381958008,0.12300001084804535,0.5569999814033508,False,False,False,False,False,False,multi_peak_pdf|wide_shelf_gap|high_std|large_lower_tail|hidden_threat_large_impact,late_hand|no_trump_regime,first_trick_public_belief_update|late_trick_threshold_closure|no_trump_lead_control_and_support,distribution_labels_ready|hidden_threat_offline_label_ready|public_context_ready,bid_margin,True,8,2,4-4,35.415819972753525,1,4-4,16.752068176865578,2,4-4,32.63082006573677
9,9430,9,no-trump,30,schema_v2_bid_value,16,4,0,0,bidder,offense,2,19,0,15,20,0,,,,,False,False,6,27,6-6,5,26,6-5,0,False,False,,,True,,3,5,0,1,3,18.0,8.314115524291992,16.030467987060547,0.3330000042915344,0.0,-10,-9,6,28,29,37,-11.56,4.2317324623724755,7,-9|0|3|6|8|14|29,38,1000,2,1,1,0.0024919509887695312,0.0,0.0,False,False,True,True,True,False,high_variance_close_mean|multi_peak_pdf|wide_shelf_gap|high_std|hidden_threat_large_impact,late_hand|no_trump_regime,first_trick_public_belief_update|late_trick_threshold_closure|no_trump_lead_control_and_support,distribution_labels_ready|hidden_threat_offline_label_ready|public_context_ready,bid_margin,True,8,2,4-4,27.027835726737976,3,4-4,12.574415981769562,2,4-4,27.027835726737976
9,9430,9,no-trump,30,schema_v2_bid_value,16,4,0,0,bidder,offense,2,19,0,15,20,0,,,,,False,False,6,27,6-6,6,27,6-6,0,True,False,,,True,,3,5,0,1,3,18.0,8.316607475280762,16.005615234375,0.3330000042915344,0.0,-10,-9,6,28,29,37,-11.43,4.230099599731038,6,-9|0|6|8|14|29,38,1000,1,2,2,0.0,0.0,0.0,True,True,False,False,False,True,scalar_ev_lying_by_omission|multi_peak_pdf|wide_shelf_gap|high_std|hidden_threat_large_impact,late_hand|no_trump_regime,first_trick_public_belief_update|late_trick_threshold_closure|no_trump_lead_control_and_support,distribution_labels_ready|hidden_threat_offline_label_ready|public_context_ready,bid_margin,True,8,2,4-4,27.025343775749207,3,4-4,12.571865379810333,2,4-4,27.025343775749207
9,9430,9,no-trump,30,schema_v2_bid_value,17,4,1,1,left_setter,defense,3,19,0,15,20,0,6,6,0,offense,False,True,4,18,5-3,2,14,4-4,0,True,False,False,False,False,0,3,10,0,2,3,-17.0,-12.89283561706543,19.036914825439453,0.4320000112056732,0.5680000185966492,-29,-29,-29,8,11,37,-29.000000000000004,2.6647547871534476,5,-29|-4|9|11|21,50,1000,2,2,2,2.92081356048584,0.14000001549720764,0.14000001549720764,False,False,False,False,False,False,multi_peak_pdf|wide_shelf_gap|high_std|large_lower_tail|hidden_threat_large_impact,late_hand|no_trump_regime,first_trick_public_belief_update|late_trick_threshold_closure|no_trump_lead_control_and_support,distribution_labels_ready|hidden_threat_offline_label_ready|public_context_ready,bid_margin,True,8,0,5-0,39.06839793920517,0,0-0,22.745508521795273,0,5-0,36.228397846221924
9,9430,9,no-trump,30,schema_v2_bid_value,17,4,1,1,left_setter,defense,3,19,0,15,20,0,6,6,0,offense,False,True,4,18,5-3,4,18,5-3,0,False,False,False,False,False,0,3,10,0,2,3,-17.0,-9.97202205657959,18.452926635742188,0.5720000267028809,0.42800000309944153,-29,-29,-14,8,13,37,-29.000000000000004,3.306233710774817,9,-29|-14|-3|-1|1|8|14|21|24,53,1000,1,1,1,0.0,0.0,0.0,True,True,True,True,True,True,scalar_ev_lying_by_omission|high_variance_close_mean|multi_peak_pdf|wide_shelf_gap|high_std|large_lower_tail|hidden_threat_large_impact,late_hand|no_trump_regime,first_trick_public_belief_update|late_trick_threshold_closure|no_trump_lead_control_and_support,distribution_labels_ready|hidden_threat_offline_label_ready|public_context_ready,bid_margin,True,8,0,5-0,33.98040992021561,0,0-0,27.78227347135544,0,5-0,31.8404099047184
9,9430,9,no-trump,30,schema_v2_bid_value,17,4,1,1,left_setter,defense,3,19,0,15,20,0,6,6,0,offense,False,True,4,18,5-3,5,20,5-5,10,True,False,False,False,False,0,3,10,0,2,3,-17.0,-22.32269287109375,9.871864318847656,0.33799999952316284,0.6620000004768372,-29,-29,-29,-14,-2,15,-29.000000000000004,2.0856068448404437,5,-29|-24|-14|-12|-1,28,1000,3,3,3,12.35067081451416,0.23400002717971802,0.23399999737739563,False,False,False,False,False,False,multi_peak_pdf|wide_shelf_gap|large_lower_tail|hidden_threat_large_impact,late_hand|no_trump_regime|setter_count_pressure,first_trick_public_belief_update|late_trick_threshold_closure|no_trump_lead_control_and_support|setter_count_before_certainty,distribution_labels_ready|hidden_threat_offline_label_ready|needs_real_bid_margin|public_context_ready,bid_margin,True,8,0,4-1,28.463154077529907,0,0-0,11.98377639055252,0,4-1,25.15315407514572
9,9430,9,no-trump,30,schema_v2_bid_value,18,4,2,2,bidder_partner,offense,0,19,0,15,20,0,6,6,0,offense,True,False,5,15,5-0,0,3,2-0,0,False,False,False,False,False,0,3,5,0,1,3,18.0,11.786900520324707,17.05023956298828,0.47200000286102295,0.0,-11,-9,5,29,29,38,-11.78,2.9040776661851546,7,-11|-9|1|3|5|12|29,40,1000,2,1,1,0.31617069244384766,0.0,0.0,False,False,True,True,True,False,high_variance_close_mean|multi_peak_pdf|wide_shelf_gap|high_std|hidden_threat_large_impact,late_hand|no_trump_regime,first_trick_public_belief_update|late_trick_threshold_closure|no_trump_lead_control_and_support,distribution_labels_ready|hidden_threat_offline_label_ready|public_context_ready,bid_margin,True,8,0,4-1,27.656054258346558,0,4-1,25.296054244041443,0,0-0,22.446491479873657
9,9430,9,no-trump,30,schema_v2_bid_value,18,4,2,2,bidder_partner,offense,0,19,0,15,20,0,6,6,0,offense,True,False,5,15,5-0,2,9,3-3,0,True,False,False,False,False,0,3,5,0,1,3,18.0,11.757436752319336,17.063596725463867,0.47200000286102295,0.0,-11,-9,5,29,29,38,-11.920000000000002,2.902680264771599,7,-12|-9|1|3|5|12|29,41,1000,3,2,2,0.34563446044921875,0.0,0.0,False,False,False,False,True,False,high_variance_close_mean|multi_peak_pdf|wide_shelf_gap|high_std|hidden_threat_large_impact,late_hand|no_trump_regime,first_trick_public_belief_update|late_trick_threshold_closure|no_trump_lead_control_and_support,distribution_labels_ready|hidden_threat_offline_label_ready|public_context_ready,bid_margin,True,8,0,4-1,27.68927550315857,0,4-1,25.329275488853455,0,0-0,22.43795895576477
9,9430,9,no-trump,30,schema_v2_bid_value,18,4,2,2,bidder_partner,offense,0,19,0,15,20,0,6,6,0,offense,True,False,5,15,5-0,5,15,5-0,5,False,False,False,False,False,0,3,5,0,1,3,18.0,12.103071212768555,16.758487701416016,0.47200000286102295,0.0,-10,-9,5,29,29,38,-10.78,2.8452698968048553,5,-10|2|5|12|29,39,1000,1,3,3,0.0,0.0,0.0,True,True,False,False,False,True,scalar_ev_lying_by_omission|multi_peak_pdf|wide_shelf_gap|high_std|hidden_threat_large_impact,late_hand|no_trump_regime|partner_count_donation,first_trick_public_belief_update|late_trick_threshold_closure|no_trump_lead_control_and_support|partner_forcedness_and_safety,distribution_labels_ready|hidden_threat_offline_label_ready|needs_belief_model|public_context_ready,bid_margin,True,8,0,4-1,27.18968939781189,0,4-1,24.829689383506775,0,0-0,22.149543046951294
9,9430,9,no-trump,30,schema_v2_bid_value,19,4,3,3,right_setter,defense,1,19,0,20,15,5,6,6,0,offense,False,True,4,13,4-3,0,0,0-0,0,True,False,False,False,False,0,3,0,0,1,3,-17.0,-27.2832088470459,7.1738200187683105,0.08900000154972076,0.9110000133514404,-29,-29,-29,-29,-29,0,-29.000000000000004,0.5733967674255394,3,-29|-13|9,38,1000,2,1,1,0.068115234375,0.0,0.0,False,False,True,True,False,False,multi_peak_pdf|wide_shelf_gap|large_lower_tail|hidden_threat_large_impact,last_to_act|late_hand|no_trump_regime,first_trick_public_belief_update|last_to_act_closure_policy|late_trick_threshold_closure|no_trump_lead_control_and_support,distribution_labels_ready|hidden_threat_offline_label_ready|public_context_ready,bid_margin,True,8,0,4-1,15.48652395606041,0,5-5,3.440758541226387,0,4-1,13.684049099683762
9,9430,9,no-trump,30,schema_v2_bid_value,19,4,3,3,right_setter,defense,1,19,0,20,15,5,6,6,0,offense,False,True,4,13,4-3,4,13,4-3,0,False,False,False,False,False,0,3,0,0,1,3,-17.0,-27.2150936126709,7.418923854827881,0.08900000154972076,0.9110000133514404,-29,-29,-29,-29,-29,0,-29.000000000000004,0.5733967674255394,3,-29|-12|10,39,1000,1,2,2,0.0,0.0,0.0,True,True,False,False,True,True,scalar_ev_lying_by_omission|high_variance_close_mean|multi_peak_pdf|wide_shelf_gap|large_lower_tail|hidden_threat_large_impact,last_to_act|late_hand|no_trump_regime,first_trick_public_belief_update|last_to_act_closure_policy|late_trick_threshold_closure|no_trump_lead_control_and_support,distribution_labels_ready|hidden_threat_offline_label_ready|public_context_ready,bid_margin,True,8,0,4-1,15.832831710577011,0,4-4,3.5001629143953323,0,4-1,14.030356854200363
9,9430,9,no-trump,30,schema_v2_bid_value,19,4,3,3,right_setter,defense,1,19,0,20,15,5,6,6,0,offense,False,True,4,13,4-3,6,19,5-4,0,False,False,False,False,False,0,3,0,0,1,3,-17.0,-27.30625343322754,7.220398902893066,0.08900000154972076,0.9110000133514404,-29,-29,-29,-29,-29,0,-29.000000000000004,0.5106833177062557,3,-29|-13|10,39,1000,3,3,3,0.09115982055664062,0.0,0.0,False,False,False,False,True,False,high_variance_close_mean|multi_peak_pdf|wide_shelf_gap|large_lower_tail|hidden_threat_large_impact,last_to_act|late_hand|no_trump_regime,first_trick_public_belief_update|last_to_act_closure_policy|late_trick_threshold_closure|no_trump_lead_control_and_support,distribution_labels_ready|hidden_threat_offline_label_ready|public_context_ready,bid_margin,True,8,0,4-1,15.472932189702988,0,5-5,3.422415569424629,0,4-1,13.67045733332634
9,9430,9,no-trump,30,schema_v2_bid_value,20,5,0,0,bidder,offense,2,25,0,20,15,0,,,,,False,False,5,26,6-5,1,11,4-1,5,False,False,,,True,,2,5,0,0,2,18.0,-7.797234058380127,21.035118103027344,0.33000001311302185,0.6700000166893005,-23,-23,-22,22,22,45,-23.0,1.5802289228558133,2,-23|22,45,1000,2,1,2,10.13043999671936,0.0,0.34200000762939453,False,False,True,False,False,False,multi_peak_pdf|wide_shelf_gap|high_std|large_lower_tail|hidden_threat_large_impact,late_hand|no_trump_regime,first_trick_public_belief_update|late_trick_threshold_closure|no_trump_lead_control_and_support,distribution_labels_ready|hidden_threat_offline_label_ready|public_context_ready,bid_margin,True,8,2,4-4,43.37125104665756,3,4-4,19.73359927535057,2,4-4,40.02125096321106
9,9430,9,no-trump,30,schema_v2_bid_value,20,5,0,0,bidder,offense,2,25,0,20,15,0,,,,,False,False,5,26,6-5,5,26,6-5,0,False,False,,,True,,2,5,0,0,2,18.0,2.3332059383392334,16.970611572265625,0.33000001311302185,0.328000009059906,-20,-19,4,22,22,41,-20.0,2.5267975960717775,3,-20|4|22,42,1000,1,2,1,0.0,0.0,0.0,True,True,False,True,True,True,scalar_ev_lying_by_omission|high_variance_close_mean|multi_peak_pdf|wide_shelf_gap|high_std|large_lower_tail|hidden_threat_large_impact,late_hand|no_trump_regime,first_trick_public_belief_update|late_trick_threshold_closure|no_trump_lead_control_and_support,distribution_labels_ready|hidden_threat_offline_label_ready|public_context_ready,bid_margin,True,8,2,4-4,29.918762862682343,1,4-4,13.531953662633896,2,4-4,28.278762817382812
9,9430,9,no-trump,30,schema_v2_bid_value,21,5,1,1,left_setter,defense,3,25,0,20,15,0,6,6,0,offense,False,True,2,14,4-4,2,14,4-4,0,True,False,False,False,False,0,2,10,0,2,2,-17.0,-11.534701347351074,17.255409240722656,0.3019999861717224,0.6980000138282776,-23,-23,-22,5,19,28,-23.0,2.1194291269001786,3,-23|5|20,43,1000,1,1,1,0.0,0.0,0.0,True,True,True,True,True,True,scalar_ev_lying_by_omission|high_variance_close_mean|multi_peak_pdf|wide_shelf_gap|high_std|large_lower_tail|hidden_threat_large_impact,late_hand|no_trump_regime,first_trick_public_belief_update|late_trick_threshold_closure|no_trump_lead_control_and_support,distribution_labels_ready|hidden_threat_offline_label_ready|public_context_ready,bid_margin,True,8,0,5-4,36.67247796058655,2,5-4,15.73951917886734,0,5-4,33.18247789144516
9,9430,9,no-trump,30,schema_v2_bid_value,21,5,1,1,left_setter,defense,3,25,0,20,15,0,6,6,0,offense,False,True,2,14,4-4,5,20,5-5,10,True,False,False,False,False,0,2,10,0,2,2,-17.0,-18.435897827148438,8.374195098876953,0.20100000500679016,0.7990000247955322,-23,-23,-23,-22,-2,1,-23.0,1.556410362907549,2,-23|-2,21,1000,2,2,2,6.901196479797363,0.10099998116493225,0.10100001096725464,False,False,False,False,False,False,multi_peak_pdf|wide_shelf_gap|large_lower_tail|hidden_threat_large_impact,late_hand|no_trump_regime|setter_count_pressure,first_trick_public_belief_update|late_trick_threshold_closure|no_trump_lead_control_and_support|setter_count_before_certainty,distribution_labels_ready|hidden_threat_offline_label_ready|needs_real_bid_margin|public_context_ready,bid_margin,True,8,0,4-1,32.6674388051033,0,5-4,7.411007314920425,0,4-1,28.67243868112564
9,9430,9,no-trump,30,schema_v2_bid_value,22,5,2,2,bidder_partner,offense,0,25,0,20,15,0,6,6,0,offense,True,False,2,9,3-3,0,3,2-0,0,False,False,False,False,False,0,2,0,0,1,2,18.0,6.257035732269287,18.6647891998291,0.5270000100135803,0.3009999990463257,-20,-20,22,22,23,42,-20.0,2.0921571414857816,4,-20|-1|7|22,42,1000,2,1,1,0.06188011169433594,0.0,0.0,False,False,True,True,True,False,high_variance_close_mean|multi_peak_pdf|wide_shelf_gap|high_std|large_lower_tail|hidden_threat_large_impact,late_hand|no_trump_regime,first_trick_public_belief_update|late_trick_threshold_closure|no_trump_lead_control_and_support,distribution_labels_ready|hidden_threat_offline_label_ready|public_context_ready,bid_margin,True,8,0,5-4,29.358562469482422,0,5-4,26.72356241941452,0,5-5,22.29184126853943
9,9430,9,no-trump,30,schema_v2_bid_value,22,5,2,2,bidder_partner,offense,0,25,0,20,15,0,6,6,0,offense,True,False,2,9,3-3,2,9,3-3,0,True,False,False,False,False,0,2,0,0,1,2,18.0,6.318915843963623,18.607322692871094,0.5270000100135803,0.3009999990463257,-20,-20,22,22,23,42,-20.0,2.0921571414857816,4,-20|-1|7|22,42,1000,1,2,2,0.0,0.0,0.0,True,True,False,False,True,True,scalar_ev_lying_by_omission|high_variance_close_mean|multi_peak_pdf|wide_shelf_gap|high_std|large_lower_tail|hidden_threat_large_impact,late_hand|no_trump_regime,first_trick_public_belief_update|late_trick_threshold_closure|no_trump_lead_control_and_support,distribution_labels_ready|hidden_threat_offline_label_ready|public_context_ready,bid_margin,True,8,0,5-4,29.30595588684082,0,5-4,26.67095583677292,0,5-5,22.23198103904724
9,9430,9,no-trump,30,schema_v2_bid_value,23,5,3,3,right_setter,defense,1,25,0,20,15,0,6,6,0,offense,False,True,0,0,0-0,0,0,0-0,0,True,False,False,False,False,0,2,0,0,1,2,-17.0,-8.038165092468262,20.717222213745117,0.33899998664855957,0.6610000133514404,-23,-23,-23,21,21,44,-23.0,0.9238585576022822,2,-23|21,44,1000,1,1,1,0.0,0.0,0.0,True,True,True,True,True,True,scalar_ev_lying_by_omission|high_variance_close_mean|multi_peak_pdf|wide_shelf_gap|high_std|large_lower_tail|hidden_threat_large_impact,last_to_act|late_hand|no_trump_regime,first_trick_public_belief_update|last_to_act_closure_policy|late_trick_threshold_closure|no_trump_lead_control_and_support,distribution_labels_ready|hidden_threat_offline_label_ready|public_context_ready,bid_margin,True,8,0,4-1,42.14868927001953,0,5-5,19.968578100204468,0,4-1,38.84368920326233
9,9430,9,no-trump,30,schema_v2_bid_value,23,5,3,3,right_setter,defense,1,25,0,20,15,0,6,6,0,offense,False,True,0,0,0-0,6,19,5-4,0,False,False,False,False,False,0,2,0,0,1,2,-17.0,-22.786937713623047,0.16982951760292053,0.0,1.0,-23,-23,-23,-23,-22,0,-23.0,0.6390727927547213,1,-23,,1000,2,2,2,14.748772621154785,0.33899998664855957,0.33899998664855957,False,False,False,False,False,False,large_lower_tail,last_to_act|late_hand|no_trump_regime,first_trick_public_belief_update|last_to_act_closure_policy|late_trick_threshold_closure|no_trump_lead_control_and_support,distribution_labels_ready|hidden_threat_offline_label_ready|public_context_ready,bid_margin,True,8,0,4-1,0.19179916381835938,0,5-5,0.152099609375,0,4-1,0.19179916381835938
9,9430,9,no-trump,30,schema_v2_bid_value,24,6,0,0,bidder,offense,2,26,0,20,15,0,,,,,False,False,1,11,4-1,1,11,4-1,5,False,False,,,True,,1,5,0,0,1,18.0,-7.003263473510742,20.880008697509766,0.3440000116825104,0.656000018119812,-22,-22,-22,22,22,44,-22.0,0.9285950940151024,2,-22|22,44,1000,1,1,1,0.0,0.0,0.0,True,True,True,True,False,False,multi_peak_pdf|wide_shelf_gap|high_std|large_lower_tail|hidden_threat_large_impact,late_hand|no_trump_regime,first_trick_public_belief_update|late_trick_threshold_closure|no_trump_lead_control_and_support,distribution_labels_ready|hidden_threat_offline_label_ready|public_context_ready,bid_margin,True,8,2,5-4,41.95376127958298,2,5-5,20.29856112599373,2,5-4,38.67376118898392
9,9430,9,no-trump,30,schema_v2_bid_value,25,6,1,1,left_setter,defense,3,26,0,25,10,5,4,4,0,offense,False,True,5,20,5-5,5,20,5-5,10,True,False,False,False,False,0,1,10,0,1,1,-17.0,-0.5138954520225525,22.775192260742188,0.47600001096725464,0.5239999890327454,-22,-22,-22,23,23,45,-22.0,0.9983373765218819,2,-22|23,45,1000,1,1,1,0.0,0.0,0.0,True,True,True,True,False,False,multi_peak_pdf|wide_shelf_gap|high_std|large_lower_tail|hidden_threat_large_impact,late_hand|no_trump_regime|setter_count_pressure,first_trick_public_belief_update|late_trick_threshold_closure|no_trump_lead_control_and_support|setter_count_before_certainty,distribution_labels_ready|hidden_threat_offline_label_ready|needs_real_bid_margin|public_context_ready,bid_margin,True,4,2,2-0,34.3759486079216,3,2-0,28.84700047969818,2,2-0,31.755948662757874
9,9430,9,no-trump,30,schema_v2_bid_value,26,6,2,2,bidder_partner,offense,0,26,0,35,0,15,4,4,0,offense,True,False,0,3,2-0,0,3,2-0,0,False,False,False,False,False,0,1,0,0,0,1,18.0,-23.94857406616211,5.7220458984375e-06,0.0,1.0,-24,-24,-24,-24,-24,0,-24.000000000000004,-0.0,1,-24,,1000,1,1,1,0.0,0.0,0.0,True,True,True,True,False,False,large_lower_tail,late_hand|no_trump_regime,first_trick_public_belief_update|late_trick_threshold_closure|no_trump_lead_control_and_support,distribution_labels_ready|hidden_threat_offline_label_ready|public_context_ready,bid_margin,True,1,3,5-4,3.814697265625e-06,3,5-4,0.0,3,5-4,3.814697265625e-06
9,9430,9,no-trump,30,schema_v2_bid_value,27,6,3,3,right_setter,defense,1,26,0,35,0,15,4,4,0,offense,False,True,6,19,5-4,6,19,5-4,0,False,False,True,True,True,25,1,0,0,0,1,-17.0,24.30812644958496,1.9073486328125e-06,1.0,0.0,24,24,24,24,24,0,24.000000000000004,-0.0,1,24,,1000,1,1,1,0.0,0.0,0.0,True,True,True,True,False,False,,last_to_act|late_hand|no_trump_regime,first_trick_public_belief_update|last_to_act_closure_policy|late_trick_threshold_closure|no_trump_lead_control_and_support,distribution_labels_ready|public_context_ready,bid_margin,False,0,,,,,,,,,
