atlas_schema_version,atlas_row_id,decision_key,candidate_domino,source_file,source_seed,source_game_idx,source_decision_idx,decl_name,bid_value,actor,seat_role,role_family,team,trick_idx,trick_position,position_family,phase,candidate_count_points,candidate_is_called_suit,candidate_is_double,current_winner_team_before,current_trick_count_before,candidate_beats_current,candidate_would_win_trick_now,is_actual_action,is_best_mean,oracle_mean_q,oracle_mean_regret,oracle_threshold_mass,oracle_lower_tail_mass,threshold_q,threshold_q_status,threshold_mass_semantics,lower_tail_q_cutoff,lower_tail_mass_semantics,is_best_threshold,is_safest_tail,threshold_gap,handshape_legal_action_n,called_suit_legal_n,off_suit_legal_n,count_legal_n,double_legal_n,beater_legal_n,handshape_labels,cross_ai_ev_top_action,book_detector_endorsed,book_detector_anti_endorsed,book_detector_labels,book_detector_status,threshold_utility_top_action_proxy,threshold_utility_top_action_proxy_status,dist_lens_top_action_confounded,dist_lens_top_action_status,legal_action_count,decision_mean_q_min,decision_mean_q_max,decision_mean_q_span,decision_best_second_gap,decision_actual_action_count,actual_action_candidate,actual_action_mean_regret,actual_action_is_best_mean,source_trajectory_policy,source_trajectory_policy_status,champion_action_candidate,champion_action_status,join_joined_claim_status,join_sequence_status,join_seat_position_status,join_handshape_status,join_cross_ai_source_picks_status,uncertainty_status,world_q_vector,world_q_vector_status,sampled_world_count,sampled_world_count_status,world_sampler,world_sampler_status,world_sampler_version,world_sampler_version_status,world_weighting,world_weighting_status,distribution_calibration,distribution_calibration_status,gus_outcome_variance,gus_action_fragility,gus_belief_sharpness,gus_drama_join_status,role_order_status,role_order_labels,partner_coordination_proxy_labels,partner_coordination_status,partner_identity,partner_identity_status,partner_assignment_condition,partner_assignment_status,action_observation_status,action_likelihood,action_likelihood_status,action_posterior_delta,action_posterior_status,plan_proxy_labels,plan_id,plan_step,plan_persistence_status,distributional_utility_status,bidding_risk_labels,auction_contract_status,auction_history,auction_history_status,match_score_our,match_score_their,match_score_status,doubles_no_trump_labels,eighty_four_public_labels,hidden_public_proxy_labels,model_feature_labels,sequence_labels,seat_position_labels,eval_only_labels,leakage_boundary
w42.partnership_failure_atlas.v2,00637f1dd134017f2061c3dd,corpus_v2_train_30-39_d0-9.pt:13:25,1-1,corpus_v2_train_30-39_d0-9.pt,31,13,25,threes,30,2,bidder_partner,partner,offense,6,1,second,late,0,false,true,defense,5,false,false,true,true,11.101319313049316,0.0,0.0,0.0,18,available:derived-from-role-and-bid-using-retained-w42-semantics,P(Q>=threshold_q); threshold_q is role-and-bid-dependent,-18,P(Q<=-18),true,true,0.0,1,0,1,0,1,0,ch04_partner_support_regime|phase_late|role_partner|seat_pos_1|sequence_follow,true,false,false,ch04_partner_support_regime|phase_late|role_partner|seat_pos_1|sequence_follow,available:phase4-positive-and-negative-detector-sets,true,proxy-only:is-best-threshold-not-actual-gus-output,,unavailable:no-positional-cross-corpus-match,1,11.101319313,11.101319313,0,0,1,1-1,0.0,true,,unavailable:policy-not-fingerprinted-in-retained-action-tables,,unjoinable:no-shared-champion-action-state-fingerprint,available:exact-action-key,available:exact-action-key,available:exact-action-key,available:exact-action-key,available:exact-action-key,partial:q-outcome-summaries-without-worlds-weights-or-calibration,,unavailable:not-present-in-retained-action-tables,,unavailable:not-retained-with-compatible-action-rows,,unavailable:not-retained-with-compatible-action-rows,,unavailable:not-retained-with-compatible-action-rows,,unavailable:not-retained-with-compatible-action-rows,,unavailable:not-retained-with-compatible-action-rows,,,,unjoinable:gus-corpus-state-namespace,available:public-role-seat-order-and-phase,follower_opponent_currently_winning|phase_late|role_partner|seat_pos_1|sequence_follow,ch04_partner_support_regime|partner_support_sequence_context,proxy-only:public-role-and-action-local-labels,,unavailable:not-present-in-retained-action-tables,,unavailable:not-present-in-retained-action-tables,available:actual-action-indicator-without-policy-probability,,unavailable:not-present-in-retained-action-tables,,unavailable:not-present-in-retained-action-tables,,,,unavailable:no-cross-decision-plan-state-or-intervention,proxy-only:fixed-threshold-and-tail-rankings-without-transform-consumer-or-context,,fixed-bid30:declaration-and-risk-proxies-only; no auction choices/history,,unavailable:not-present-in-retained-action-tables,,,unavailable:not-present-in-retained-action-tables,,,hidden_proxy_late_information_rich|hidden_proxy_opponent_controls_trick,follower_opponent_currently_winning|hidden_proxy_late_information_rich|hidden_proxy_opponent_controls_trick|partner_support_sequence_context|phase_late|role_partner|seat_pos_1|sequence_follow,follower_opponent_currently_winning|partner_support_sequence_context|phase_late|role_partner|seat_pos_1|sequence_follow,partner_support_context|phase_late_trick_5_6|position_follow|role_partner|seat_second_follow,,oracle/distribution columns are offline labels; role/order and proxy labels are public/action-local; eval_only_labels are never asserted as runtime features
w42.partnership_failure_atlas.v2,011b806ded1e5ea66f03fd12,corpus_v2_train_50-59_d0-9.pt:63:23,4-0,corpus_v2_train_50-59_d0-9.pt,56,63,23,threes,30,1,left_setter,setter,defense,5,3,last,late,0,false,false,offense,15,false,false,true,true,-24.710769653320312,0.0,0.33000001311302185,0.6700000166893005,-17,available:derived-from-role-and-bid-using-retained-w42-semantics,P(Q>=threshold_q); threshold_q is role-and-bid-dependent,-18,P(Q<=-18),true,true,0.0,2,0,2,1,0,0,ch05_noncount_to_bidder_control_alternative|ch05_setter_pressure_regime|phase_late|role_setter|seat_pos_3|sequence_closure,true,false,true,ch05_noncount_to_bidder_control_alternative|ch05_setter_pressure_regime|phase_late|role_setter|seat_pos_3|sequence_closure,available:phase4-positive-and-negative-detector-sets,true,proxy-only:is-best-threshold-not-actual-gus-output,,unavailable:no-positional-cross-corpus-match,2,-32.2331314087,-24.7107696533,7.52236175537,7.52236175537,1,4-0,0.0,true,,unavailable:policy-not-fingerprinted-in-retained-action-tables,,unjoinable:no-shared-champion-action-state-fingerprint,available:exact-action-key,available:exact-action-key,available:exact-action-key,available:exact-action-key,available:exact-action-key,partial:q-outcome-summaries-without-worlds-weights-or-calibration,,unavailable:not-present-in-retained-action-tables,,unavailable:not-retained-with-compatible-action-rows,,unavailable:not-retained-with-compatible-action-rows,,unavailable:not-retained-with-compatible-action-rows,,unavailable:not-retained-with-compatible-action-rows,,unavailable:not-retained-with-compatible-action-rows,,,,unjoinable:gus-corpus-state-namespace,available:public-role-seat-order-and-phase,closure_decline_trick|closure_sequence_decision|follower_opponent_currently_winning|phase_late|role_setter|seat_pos_3|sequence_last_to_act|setter_pounce_sequence_window,,proxy-only:public-role-and-action-local-labels,,unavailable:not-present-in-retained-action-tables,,unavailable:not-present-in-retained-action-tables,available:actual-action-indicator-without-policy-probability,,unavailable:not-present-in-retained-action-tables,,unavailable:not-present-in-retained-action-tables,,,,unavailable:no-cross-decision-plan-state-or-intervention,proxy-only:fixed-threshold-and-tail-rankings-without-transform-consumer-or-context,,fixed-bid30:declaration-and-risk-proxies-only; no auction choices/history,,unavailable:not-present-in-retained-action-tables,,,unavailable:not-present-in-retained-action-tables,,,hidden_proxy_closure_information|hidden_proxy_late_information_rich|hidden_proxy_opponent_controls_trick,closure_decline_trick|closure_sequence_decision|follower_opponent_currently_winning|hidden_proxy_closure_information|hidden_proxy_late_information_rich|hidden_proxy_opponent_controls_trick|phase_late|role_setter|seat_pos_3|sequence_last_to_act|setter_pounce_sequence_window,closure_decline_trick|closure_sequence_decision|follower_opponent_currently_winning|phase_late|role_setter|seat_pos_3|sequence_last_to_act|setter_pounce_sequence_window,closure_decision|closure_decline_or_slough|defensive_pounce_window|phase_late_trick_5_6|position_follow|position_last_to_act|role_defender|role_left_setter|role_setter|seat_fourth_closure,,oracle/distribution columns are offline labels; role/order and proxy labels are public/action-local; eval_only_labels are never asserted as runtime features
w42.partnership_failure_atlas.v2,01219f257935bd71725fbfa1,corpus_v2_train_40-49_d0-9.pt:96:1,6-4,corpus_v2_train_40-49_d0-9.pt,49,96,1,sixes,30,1,left_setter,setter,defense,0,1,second,early,10,true,false,offense,0,false,false,false,false,-11.76742172241211,21.184304237365723,0.5400000214576721,0.4449999928474426,-17,available:derived-from-role-and-bid-using-retained-w42-semantics,P(Q>=threshold_q); threshold_q is role-and-bid-dependent,-18,P(Q<=-18),false,false,0.4350000023841858,3,3,0,1,0,0,ch05_reckless_count_to_bidder_control|ch05_setter_pressure_regime|phase_early|role_setter|seat_pos_1|sequence_follow,false,true,false,ch05_reckless_count_to_bidder_control|ch05_setter_pressure_regime|phase_early|role_setter|seat_pos_1|sequence_follow,available:phase4-positive-and-negative-detector-sets,false,proxy-only:is-best-threshold-not-actual-gus-output,,unavailable:no-positional-cross-corpus-match,3,-11.7674217224,9.41688251495,21.1843042374,0.596084594727,1,6-1,0.0,true,,unavailable:policy-not-fingerprinted-in-retained-action-tables,,unjoinable:no-shared-champion-action-state-fingerprint,available:exact-action-key,available:exact-action-key,available:exact-action-key,available:exact-action-key,available:exact-action-key,partial:q-outcome-summaries-without-worlds-weights-or-calibration,,unavailable:not-present-in-retained-action-tables,,unavailable:not-retained-with-compatible-action-rows,,unavailable:not-retained-with-compatible-action-rows,,unavailable:not-retained-with-compatible-action-rows,,unavailable:not-retained-with-compatible-action-rows,,unavailable:not-retained-with-compatible-action-rows,,,,unjoinable:gus-corpus-state-namespace,available:public-role-seat-order-and-phase,follower_count_into_opponent_control|follower_opponent_currently_winning|phase_early|role_setter|seat_pos_1|sequence_follow|setter_pounce_sequence_window|setter_reckless_count_to_bidder,,proxy-only:public-role-and-action-local-labels,,unavailable:not-present-in-retained-action-tables,,unavailable:not-present-in-retained-action-tables,available:actual-action-indicator-without-policy-probability,,unavailable:not-present-in-retained-action-tables,,unavailable:not-present-in-retained-action-tables,,,,unavailable:no-cross-decision-plan-state-or-intervention,proxy-only:fixed-threshold-and-tail-rankings-without-transform-consumer-or-context,,fixed-bid30:declaration-and-risk-proxies-only; no auction choices/history,,unavailable:not-present-in-retained-action-tables,,,unavailable:not-present-in-retained-action-tables,,e84_public_candidate|e84_public_double_count_2|e84_public_off_count_2|e84_public_trump_count_3|e84_public_two_off_same_suit,hidden_proxy_count_pressure|hidden_proxy_early_high_uncertainty|hidden_proxy_opponent_controls_trick,ch05_reckless_count_to_bidder|e84_public_candidate|e84_public_double_count_2|e84_public_off_count_2|e84_public_trump_count_3|e84_public_two_off_same_suit|follower_count_into_opponent_control|follower_opponent_currently_winning|hidden_proxy_count_pressure|hidden_proxy_early_high_uncertainty|hidden_proxy_opponent_controls_trick|phase_early|role_setter|seat_pos_1|sequence_follow|setter_pounce_sequence_window|setter_reckless_count_to_bidder,ch05_reckless_count_to_bidder|follower_count_into_opponent_control|follower_opponent_currently_winning|phase_early|role_setter|seat_pos_1|sequence_follow|setter_pounce_sequence_window|setter_reckless_count_to_bidder,ch05_reckless_count_to_bidder|defensive_pounce_window|defensive_reckless_count_to_bidder|phase_early_trick_0_1|position_follow|role_defender|role_left_setter|role_setter|seat_second_follow,eval_e84_dead_asset_release_control|eval_e84_defender_live_double_weapon|eval_e84_defender_live_same_suit_pair,oracle/distribution columns are offline labels; role/order and proxy labels are public/action-local; eval_only_labels are never asserted as runtime features
w42.partnership_failure_atlas.v2,0432acc5f1a619f1e5fbd554,corpus_v2_train_30-39_d0-9.pt:54:11,3-0,corpus_v2_train_30-39_d0-9.pt,35,54,11,fours,30,0,bidder,bidder,offense,2,3,last,middle,0,false,false,defense,0,false,false,false,false,-22.8131103515625,1.0953750610351562,0.09000000357627869,0.6499999761581421,18,available:derived-from-role-and-bid-using-retained-w42-semantics,P(Q>=threshold_q); threshold_q is role-and-bid-dependent,-18,P(Q<=-18),false,false,0.009999997913837433,4,0,4,1,0,0,phase_middle|role_bidder|seat_pos_3|sequence_closure,false,false,false,phase_middle|role_bidder|seat_pos_3|sequence_closure,available:phase4-positive-and-negative-detector-sets,false,proxy-only:is-best-threshold-not-actual-gus-output,,unavailable:no-positional-cross-corpus-match,4,-25.6418228149,-21.7177352905,3.92408752441,0.761728286743,1,6-0,0.0,true,,unavailable:policy-not-fingerprinted-in-retained-action-tables,,unjoinable:no-shared-champion-action-state-fingerprint,available:exact-action-key,available:exact-action-key,available:exact-action-key,available:exact-action-key,available:exact-action-key,partial:q-outcome-summaries-without-worlds-weights-or-calibration,,unavailable:not-present-in-retained-action-tables,,unavailable:not-retained-with-compatible-action-rows,,unavailable:not-retained-with-compatible-action-rows,,unavailable:not-retained-with-compatible-action-rows,,unavailable:not-retained-with-compatible-action-rows,,unavailable:not-retained-with-compatible-action-rows,,,,unjoinable:gus-corpus-state-namespace,available:public-role-seat-order-and-phase,closure_decline_trick|closure_sequence_decision|follower_opponent_currently_winning|phase_middle|role_bidder|seat_pos_3|sequence_last_to_act,,proxy-only:public-role-and-action-local-labels,,unavailable:not-present-in-retained-action-tables,,unavailable:not-present-in-retained-action-tables,available:actual-action-indicator-without-policy-probability,,unavailable:not-present-in-retained-action-tables,,unavailable:not-present-in-retained-action-tables,,,,unavailable:no-cross-decision-plan-state-or-intervention,proxy-only:fixed-threshold-and-tail-rankings-without-transform-consumer-or-context,,fixed-bid30:declaration-and-risk-proxies-only; no auction choices/history,,unavailable:not-present-in-retained-action-tables,,,unavailable:not-present-in-retained-action-tables,,,hidden_proxy_closure_information|hidden_proxy_opponent_controls_trick,closure_decline_trick|closure_sequence_decision|follower_opponent_currently_winning|hidden_proxy_closure_information|hidden_proxy_opponent_controls_trick|phase_middle|role_bidder|seat_pos_3|sequence_last_to_act,closure_decline_trick|closure_sequence_decision|follower_opponent_currently_winning|phase_middle|role_bidder|seat_pos_3|sequence_last_to_act,closure_decision|closure_decline_or_slough|phase_middle_trick_2_4|position_follow|position_last_to_act|role_bidder|seat_fourth_closure,,oracle/distribution columns are offline labels; role/order and proxy labels are public/action-local; eval_only_labels are never asserted as runtime features
w42.partnership_failure_atlas.v2,052ec33bf7f377d8cd2011f7,corpus_v2_train_70-79_d0-9.pt:37:15,5-4,corpus_v2_train_70-79_d0-9.pt,73,37,15,doubles,30,0,bidder,bidder,offense,3,3,last,middle,0,false,false,defense,15,false,false,false,false,-1.5852384567260742,30.713406562805176,0.0,0.054999999701976776,18,available:derived-from-role-and-bid-using-retained-w42-semantics,P(Q>=threshold_q); threshold_q is role-and-bid-dependent,-18,P(Q<=-18),false,false,0.8050000071525574,4,1,3,2,1,1,phase_middle|role_bidder|seat_pos_3|sequence_closure,false,false,false,phase_middle|role_bidder|seat_pos_3|sequence_closure,available:phase4-positive-and-negative-detector-sets,false,proxy-only:is-best-threshold-not-actual-gus-output,,unavailable:no-positional-cross-corpus-match,4,-7.18726396561,29.1281681061,36.3154320717,27.2125236988,1,5-5,0.0,true,,unavailable:policy-not-fingerprinted-in-retained-action-tables,,unjoinable:no-shared-champion-action-state-fingerprint,available:exact-action-key,available:exact-action-key,available:exact-action-key,available:exact-action-key,available:exact-action-key,partial:q-outcome-summaries-without-worlds-weights-or-calibration,,unavailable:not-present-in-retained-action-tables,,unavailable:not-retained-with-compatible-action-rows,,unavailable:not-retained-with-compatible-action-rows,,unavailable:not-retained-with-compatible-action-rows,,unavailable:not-retained-with-compatible-action-rows,,unavailable:not-retained-with-compatible-action-rows,,,,unjoinable:gus-corpus-state-namespace,available:public-role-seat-order-and-phase,closure_decline_trick|closure_sequence_decision|follower_opponent_currently_winning|phase_middle|role_bidder|seat_pos_3|sequence_last_to_act,,proxy-only:public-role-and-action-local-labels,,unavailable:not-present-in-retained-action-tables,,unavailable:not-present-in-retained-action-tables,available:actual-action-indicator-without-policy-probability,,unavailable:not-present-in-retained-action-tables,,unavailable:not-present-in-retained-action-tables,,,,unavailable:no-cross-decision-plan-state-or-intervention,proxy-only:fixed-threshold-and-tail-rankings-without-transform-consumer-or-context,,fixed-bid30:declaration-and-risk-proxies-only; no auction choices/history,,unavailable:not-present-in-retained-action-tables,,,unavailable:not-present-in-retained-action-tables,dnt_regime_doubles,,hidden_proxy_closure_information|hidden_proxy_opponent_controls_trick,closure_decline_trick|closure_sequence_decision|dnt_regime_doubles|follower_opponent_currently_winning|hidden_proxy_closure_information|hidden_proxy_opponent_controls_trick|phase_middle|role_bidder|seat_pos_3|sequence_last_to_act,closure_decline_trick|closure_sequence_decision|follower_opponent_currently_winning|phase_middle|role_bidder|seat_pos_3|sequence_last_to_act,closure_decision|closure_decline_or_slough|phase_middle_trick_2_4|position_follow|position_last_to_act|role_bidder|seat_fourth_closure,,oracle/distribution columns are offline labels; role/order and proxy labels are public/action-local; eval_only_labels are never asserted as runtime features
w42.partnership_failure_atlas.v2,0723e39c29693dc9e0d476a1,corpus_v2_train_30-39_d0-9.pt:36:0,6-2,corpus_v2_train_30-39_d0-9.pt,33,36,0,sixes,30,0,bidder,bidder,offense,0,0,lead,early,0,true,false,,0,false,true,false,false,15.558192253112793,4.87949275970459,0.4449999928474426,0.06499999761581421,18,available:derived-from-role-and-bid-using-retained-w42-semantics,P(Q>=threshold_q); threshold_q is role-and-bid-dependent,-18,P(Q<=-18),false,false,0.10000002384185791,7,2,5,1,4,0,ch03_bidder_lead_plan|ch03_bidder_lead_trump_or_called|ch03_called_non_double|ch03_extra_nonboss_trump_before_off_proxy|ch03_visible_reentry_preserved_proxy|phase_early|role_bidder|seat_pos_0|sequence_lead,false,true,false,ch03_bidder_lead_plan|ch03_bidder_lead_trump_or_called|ch03_called_non_double|ch03_extra_nonboss_trump_before_off_proxy|ch03_visible_reentry_preserved_proxy|phase_early|role_bidder|seat_pos_0|sequence_lead,available:phase4-positive-and-negative-detector-sets,false,proxy-only:is-best-threshold-not-actual-gus-output,,unavailable:no-positional-cross-corpus-match,7,10.1238050461,20.4376850128,10.3138799667,0.632936477661,1,0-0,0.6329364776611328,false,,unavailable:policy-not-fingerprinted-in-retained-action-tables,,unjoinable:no-shared-champion-action-state-fingerprint,available:exact-action-key,available:exact-action-key,available:exact-action-key,available:exact-action-key,available:exact-action-key,partial:q-outcome-summaries-without-worlds-weights-or-calibration,,unavailable:not-present-in-retained-action-tables,,unavailable:not-retained-with-compatible-action-rows,,unavailable:not-retained-with-compatible-action-rows,,unavailable:not-retained-with-compatible-action-rows,,unavailable:not-retained-with-compatible-action-rows,,unavailable:not-retained-with-compatible-action-rows,,,,unjoinable:gus-corpus-state-namespace,available:public-role-seat-order-and-phase,phase_early|role_bidder|seat_pos_0|sequence_lead,,proxy-only:public-role-and-action-local-labels,,unavailable:not-present-in-retained-action-tables,,unavailable:not-present-in-retained-action-tables,available:actual-action-indicator-without-policy-probability,,unavailable:not-present-in-retained-action-tables,,unavailable:not-present-in-retained-action-tables,bidder_lead_plan|ch03_bidder_lead_plan,,,unavailable:no-cross-decision-plan-state-or-intervention,proxy-only:fixed-threshold-and-tail-rankings-without-transform-consumer-or-context,,fixed-bid30:declaration-and-risk-proxies-only; no auction choices/history,,unavailable:not-present-in-retained-action-tables,,,unavailable:not-present-in-retained-action-tables,,,hidden_proxy_early_high_uncertainty,bidder_lead_called_non_double|bidder_lead_called_suit|bidder_lead_noncount|bidder_lead_plan|hidden_proxy_early_high_uncertainty|phase_early|role_bidder|seat_pos_0|sequence_lead,bidder_lead_called_non_double|bidder_lead_called_suit|bidder_lead_noncount|bidder_lead_plan|phase_early|role_bidder|seat_pos_0|sequence_lead,phase_early_trick_0_1|position_lead|role_bidder|seat_first_lead,,oracle/distribution columns are offline labels; role/order and proxy labels are public/action-local; eval_only_labels are never asserted as runtime features
w42.partnership_failure_atlas.v2,07346fbf9bd41cf479587171,corpus_v2_train_60-69_d0-9.pt:26:4,4-2,corpus_v2_train_60-69_d0-9.pt,62,26,4,sixes,30,0,bidder,bidder,offense,1,0,lead,early,0,false,false,,0,false,true,false,false,1.7081125974655151,0.31178414821624756,0.2750000059604645,0.20999999344348907,18,available:derived-from-role-and-bid-using-retained-w42-semantics,P(Q>=threshold_q); threshold_q is role-and-bid-dependent,-18,P(Q<=-18),false,true,0.04999998211860657,6,2,4,1,1,0,ch03_bidder_lead_off_suit|ch03_bidder_lead_plan|phase_early|role_bidder|seat_pos_0|sequence_lead,false,false,true,ch03_bidder_lead_off_suit|ch03_bidder_lead_plan|phase_early|role_bidder|seat_pos_0|sequence_lead,available:phase4-positive-and-negative-detector-sets,false,proxy-only:is-best-threshold-not-actual-gus-output,,unavailable:no-positional-cross-corpus-match,6,-2.18041133881,2.01989674568,4.20030808449,0.311784148216,1,6-6,0.0,true,,unavailable:policy-not-fingerprinted-in-retained-action-tables,,unjoinable:no-shared-champion-action-state-fingerprint,available:exact-action-key,available:exact-action-key,available:exact-action-key,available:exact-action-key,available:exact-action-key,partial:q-outcome-summaries-without-worlds-weights-or-calibration,,unavailable:not-present-in-retained-action-tables,,unavailable:not-retained-with-compatible-action-rows,,unavailable:not-retained-with-compatible-action-rows,,unavailable:not-retained-with-compatible-action-rows,,unavailable:not-retained-with-compatible-action-rows,,unavailable:not-retained-with-compatible-action-rows,,,,unjoinable:gus-corpus-state-namespace,available:public-role-seat-order-and-phase,phase_early|role_bidder|seat_pos_0|sequence_lead,,proxy-only:public-role-and-action-local-labels,,unavailable:not-present-in-retained-action-tables,,unavailable:not-present-in-retained-action-tables,available:actual-action-indicator-without-policy-probability,,unavailable:not-present-in-retained-action-tables,,unavailable:not-present-in-retained-action-tables,bidder_lead_plan|ch03_bidder_lead_plan,,,unavailable:no-cross-decision-plan-state-or-intervention,proxy-only:fixed-threshold-and-tail-rankings-without-transform-consumer-or-context,,fixed-bid30:declaration-and-risk-proxies-only; no auction choices/history,,unavailable:not-present-in-retained-action-tables,,,unavailable:not-present-in-retained-action-tables,,,hidden_proxy_early_high_uncertainty,bidder_lead_noncount|bidder_lead_off_suit|bidder_lead_plan|hidden_proxy_early_high_uncertainty|phase_early|role_bidder|seat_pos_0|sequence_lead,bidder_lead_noncount|bidder_lead_off_suit|bidder_lead_plan|phase_early|role_bidder|seat_pos_0|sequence_lead,phase_early_trick_0_1|position_lead|role_bidder|seat_first_lead,,oracle/distribution columns are offline labels; role/order and proxy labels are public/action-local; eval_only_labels are never asserted as runtime features
w42.partnership_failure_atlas.v2,08d2d12ded7e4914c69d995b,corpus_v2_train_60-69_d0-9.pt:80:24,1-0,corpus_v2_train_60-69_d0-9.pt,68,80,24,blanks,30,1,left_setter,setter,defense,6,0,lead,late,0,true,false,,0,false,true,true,true,-0.9564991593360901,0.0,1.0,0.0,-17,available:derived-from-role-and-bid-using-retained-w42-semantics,P(Q>=threshold_q); threshold_q is role-and-bid-dependent,-18,P(Q<=-18),true,true,0.0,1,1,0,0,0,0,ch05_generic_non_count_calling_lead|ch05_non_count_calling_lead|ch05_setter_pressure_regime|phase_late|role_setter|seat_pos_0|sequence_lead,true,false,true,ch05_generic_non_count_calling_lead|ch05_non_count_calling_lead|ch05_setter_pressure_regime|phase_late|role_setter|seat_pos_0|sequence_lead,available:phase4-positive-and-negative-detector-sets,true,proxy-only:is-best-threshold-not-actual-gus-output,,unavailable:no-positional-cross-corpus-match,1,-0.956499159336,-0.956499159336,0,0,1,1-0,0.0,true,,unavailable:policy-not-fingerprinted-in-retained-action-tables,,unjoinable:no-shared-champion-action-state-fingerprint,available:exact-action-key,available:exact-action-key,available:exact-action-key,available:exact-action-key,available:exact-action-key,partial:q-outcome-summaries-without-worlds-weights-or-calibration,,unavailable:not-present-in-retained-action-tables,,unavailable:not-retained-with-compatible-action-rows,,unavailable:not-retained-with-compatible-action-rows,,unavailable:not-retained-with-compatible-action-rows,,unavailable:not-retained-with-compatible-action-rows,,unavailable:not-retained-with-compatible-action-rows,,,,unjoinable:gus-corpus-state-namespace,available:public-role-seat-order-and-phase,phase_late|role_setter|seat_pos_0|sequence_lead,,proxy-only:public-role-and-action-local-labels,,unavailable:not-present-in-retained-action-tables,,unavailable:not-present-in-retained-action-tables,available:actual-action-indicator-without-policy-probability,,unavailable:not-present-in-retained-action-tables,,unavailable:not-present-in-retained-action-tables,,,,unavailable:no-cross-decision-plan-state-or-intervention,proxy-only:fixed-threshold-and-tail-rankings-without-transform-consumer-or-context,,fixed-bid30:declaration-and-risk-proxies-only; no auction choices/history,,unavailable:not-present-in-retained-action-tables,,,unavailable:not-present-in-retained-action-tables,,e84_public_candidate|e84_public_double_count_4|e84_public_off_count_2|e84_public_trump_count_2|e84_public_two_off_same_suit,hidden_proxy_late_information_rich,e84_public_candidate|e84_public_double_count_4|e84_public_off_count_2|e84_public_trump_count_2|e84_public_two_off_same_suit|hidden_proxy_late_information_rich|phase_late|role_setter|seat_pos_0|sequence_lead,phase_late|role_setter|seat_pos_0|sequence_lead,phase_late_trick_5_6|position_lead|role_defender|role_left_setter|role_setter|seat_first_lead,eval_e84_dead_asset_release_control|eval_e84_defender_live_double_weapon|eval_e84_defender_live_same_suit_pair|eval_e84_pair_protector_pressure,oracle/distribution columns are offline labels; role/order and proxy labels are public/action-local; eval_only_labels are never asserted as runtime features
w42.partnership_failure_atlas.v2,0909493ab59336f2d6574401,corpus_v2_train_20-29_d0-9.pt:67:2,5-0,corpus_v2_train_20-29_d0-9.pt,26,67,2,doubles,30,2,bidder_partner,partner,offense,0,2,third,early,5,false,false,defense,5,false,false,false,false,-12.814400672912598,24.19499969482422,0.014999999664723873,0.36000001430511475,18,available:derived-from-role-and-bid-using-retained-w42-semantics,P(Q>=threshold_q); threshold_q is role-and-bid-dependent,-18,P(Q<=-18),false,false,0.42999999318271875,7,2,5,2,2,2,ch04_partner_support_regime|phase_early|role_partner|seat_pos_2|sequence_follow,false,false,false,ch04_partner_support_regime|phase_early|role_partner|seat_pos_2|sequence_follow,available:phase4-positive-and-negative-detector-sets,false,proxy-only:is-best-threshold-not-actual-gus-output,,unavailable:no-positional-cross-corpus-match,7,-12.8144006729,11.3805990219,24.1949996948,2.62306880951,1,2-2,2.6230688095092773,false,,unavailable:policy-not-fingerprinted-in-retained-action-tables,,unjoinable:no-shared-champion-action-state-fingerprint,available:exact-action-key,available:exact-action-key,available:exact-action-key,available:exact-action-key,available:exact-action-key,partial:q-outcome-summaries-without-worlds-weights-or-calibration,,unavailable:not-present-in-retained-action-tables,,unavailable:not-retained-with-compatible-action-rows,,unavailable:not-retained-with-compatible-action-rows,,unavailable:not-retained-with-compatible-action-rows,,unavailable:not-retained-with-compatible-action-rows,,unavailable:not-retained-with-compatible-action-rows,,,,unjoinable:gus-corpus-state-namespace,available:public-role-seat-order-and-phase,follower_count_into_opponent_control|follower_opponent_currently_winning|phase_early|role_partner|seat_pos_2|sequence_follow,ch04_partner_support_regime|partner_count_into_defense_control|partner_support_sequence_context,proxy-only:public-role-and-action-local-labels,,unavailable:not-present-in-retained-action-tables,,unavailable:not-present-in-retained-action-tables,available:actual-action-indicator-without-policy-probability,,unavailable:not-present-in-retained-action-tables,,unavailable:not-present-in-retained-action-tables,,,,unavailable:no-cross-decision-plan-state-or-intervention,proxy-only:fixed-threshold-and-tail-rankings-without-transform-consumer-or-context,,fixed-bid30:declaration-and-risk-proxies-only; no auction choices/history,,unavailable:not-present-in-retained-action-tables,,,unavailable:not-present-in-retained-action-tables,dnt_regime_doubles,,hidden_proxy_count_pressure|hidden_proxy_early_high_uncertainty|hidden_proxy_opponent_controls_trick,dnt_regime_doubles|follower_count_into_opponent_control|follower_opponent_currently_winning|hidden_proxy_count_pressure|hidden_proxy_early_high_uncertainty|hidden_proxy_opponent_controls_trick|partner_count_into_defense_control|partner_support_sequence_context|phase_early|role_partner|seat_pos_2|sequence_follow,follower_count_into_opponent_control|follower_opponent_currently_winning|partner_count_into_defense_control|partner_support_sequence_context|phase_early|role_partner|seat_pos_2|sequence_follow,partner_support_context|partner_unsupported_count_into_defense|phase_early_trick_0_1|position_follow|role_partner|seat_third_follow,,oracle/distribution columns are offline labels; role/order and proxy labels are public/action-local; eval_only_labels are never asserted as runtime features
w42.partnership_failure_atlas.v2,09b06d2602ae5d5e6b1495c1,corpus_v2_train_60-69_d0-9.pt:15:10,4-0,corpus_v2_train_60-69_d0-9.pt,61,15,10,fives,30,3,right_setter,setter,defense,2,2,third,middle,0,false,false,defense,0,false,false,true,true,11.761404991149902,0.0,0.9049999713897705,0.09000000357627869,-17,available:derived-from-role-and-bid-using-retained-w42-semantics,P(Q>=threshold_q); threshold_q is role-and-bid-dependent,-18,P(Q<=-18),true,true,0.0,5,0,5,0,2,0,ch05_noncount_before_certainty_alternative|ch05_setter_pressure_regime|phase_middle|role_setter|seat_pos_2|sequence_follow,true,false,true,ch05_noncount_before_certainty_alternative|ch05_setter_pressure_regime|phase_middle|role_setter|seat_pos_2|sequence_follow,available:phase4-positive-and-negative-detector-sets,true,proxy-only:is-best-threshold-not-actual-gus-output,,unavailable:no-positional-cross-corpus-match,5,-5.77340841293,11.7614049911,17.5348134041,2.05391407013,1,4-0,0.0,true,,unavailable:policy-not-fingerprinted-in-retained-action-tables,,unjoinable:no-shared-champion-action-state-fingerprint,available:exact-action-key,available:exact-action-key,available:exact-action-key,available:exact-action-key,available:exact-action-key,partial:q-outcome-summaries-without-worlds-weights-or-calibration,,unavailable:not-present-in-retained-action-tables,,unavailable:not-retained-with-compatible-action-rows,,unavailable:not-retained-with-compatible-action-rows,,unavailable:not-retained-with-compatible-action-rows,,unavailable:not-retained-with-compatible-action-rows,,unavailable:not-retained-with-compatible-action-rows,,,,unjoinable:gus-corpus-state-namespace,available:public-role-seat-order-and-phase,follower_partner_or_self_currently_winning|phase_middle|role_setter|seat_pos_2|sequence_follow,follower_partner_or_self_currently_winning,proxy-only:public-role-and-action-local-labels,,unavailable:not-present-in-retained-action-tables,,unavailable:not-present-in-retained-action-tables,available:actual-action-indicator-without-policy-probability,,unavailable:not-present-in-retained-action-tables,,unavailable:not-present-in-retained-action-tables,,,,unavailable:no-cross-decision-plan-state-or-intervention,proxy-only:fixed-threshold-and-tail-rankings-without-transform-consumer-or-context,,fixed-bid30:declaration-and-risk-proxies-only; no auction choices/history,,unavailable:not-present-in-retained-action-tables,,,unavailable:not-present-in-retained-action-tables,,,hidden_proxy_our_side_controls_trick,follower_partner_or_self_currently_winning|hidden_proxy_our_side_controls_trick|phase_middle|role_setter|seat_pos_2|sequence_follow,follower_partner_or_self_currently_winning|phase_middle|role_setter|seat_pos_2|sequence_follow,phase_middle_trick_2_4|position_follow|role_defender|role_right_setter|role_setter|seat_third_follow,,oracle/distribution columns are offline labels; role/order and proxy labels are public/action-local; eval_only_labels are never asserted as runtime features
w42.partnership_failure_atlas.v2,0a69354bc5e2f206a494bb58,corpus_v2_train_60-69_d0-9.pt:10:0,6-4,corpus_v2_train_60-69_d0-9.pt,61,10,0,blanks,30,0,bidder,bidder,offense,0,0,lead,early,10,false,false,,0,false,true,false,false,-20.03579330444336,8.217801094055176,0.10000000149011612,0.6150000095367432,18,available:derived-from-role-and-bid-using-retained-w42-semantics,P(Q>=threshold_q); threshold_q is role-and-bid-dependent,-18,P(Q<=-18),false,false,0.08000000566244125,7,1,6,1,1,0,ch03_bidder_count_liability_lead|ch03_bidder_lead_off_count|ch03_bidder_lead_off_suit|ch03_bidder_lead_plan|phase_early|role_bidder|seat_pos_0|sequence_lead,false,false,true,ch03_bidder_count_liability_lead|ch03_bidder_lead_off_count|ch03_bidder_lead_off_suit|ch03_bidder_lead_plan|phase_early|role_bidder|seat_pos_0|sequence_lead,available:phase4-positive-and-negative-detector-sets,false,proxy-only:is-best-threshold-not-actual-gus-output,,unavailable:no-positional-cross-corpus-match,7,-20.0357933044,-11.8179922104,8.21780109406,1.63055515289,1,2-0,1.6305551528930664,false,,unavailable:policy-not-fingerprinted-in-retained-action-tables,,unjoinable:no-shared-champion-action-state-fingerprint,available:exact-action-key,available:exact-action-key,available:exact-action-key,available:exact-action-key,available:exact-action-key,partial:q-outcome-summaries-without-worlds-weights-or-calibration,,unavailable:not-present-in-retained-action-tables,,unavailable:not-retained-with-compatible-action-rows,,unavailable:not-retained-with-compatible-action-rows,,unavailable:not-retained-with-compatible-action-rows,,unavailable:not-retained-with-compatible-action-rows,,unavailable:not-retained-with-compatible-action-rows,,,,unjoinable:gus-corpus-state-namespace,available:public-role-seat-order-and-phase,phase_early|role_bidder|seat_pos_0|sequence_lead,,proxy-only:public-role-and-action-local-labels,,unavailable:not-present-in-retained-action-tables,,unavailable:not-present-in-retained-action-tables,available:actual-action-indicator-without-policy-probability,,unavailable:not-present-in-retained-action-tables,,unavailable:not-present-in-retained-action-tables,bidder_lead_plan|ch03_bidder_lead_plan,,,unavailable:no-cross-decision-plan-state-or-intervention,proxy-only:fixed-threshold-and-tail-rankings-without-transform-consumer-or-context,,fixed-bid30:declaration-and-risk-proxies-only; no auction choices/history,,unavailable:not-present-in-retained-action-tables,,,unavailable:not-present-in-retained-action-tables,,,hidden_proxy_count_pressure|hidden_proxy_early_high_uncertainty,bidder_lead_count|bidder_lead_off_count|bidder_lead_off_suit|bidder_lead_plan|hidden_proxy_count_pressure|hidden_proxy_early_high_uncertainty|phase_early|role_bidder|seat_pos_0|sequence_lead,bidder_lead_count|bidder_lead_off_count|bidder_lead_off_suit|bidder_lead_plan|phase_early|role_bidder|seat_pos_0|sequence_lead,phase_early_trick_0_1|position_lead|role_bidder|seat_first_lead,,oracle/distribution columns are offline labels; role/order and proxy labels are public/action-local; eval_only_labels are never asserted as runtime features
w42.partnership_failure_atlas.v2,0bf8fe955a31f3cf0bd05536,corpus_v2_train_30-39_d0-9.pt:50:22,6-1,corpus_v2_train_30-39_d0-9.pt,35,50,22,blanks,30,2,bidder_partner,partner,offense,5,2,third,late,0,false,false,offense,5,false,false,false,false,8.884810447692871,0.028717994689941406,0.0,0.0,18,available:derived-from-role-and-bid-using-retained-w42-semantics,P(Q>=threshold_q); threshold_q is role-and-bid-dependent,-18,P(Q<=-18),true,true,0.0,2,0,2,0,0,0,ch04_partner_noncount_before_closure_alternative|ch04_partner_support_regime|phase_late|role_partner|seat_pos_2|sequence_follow,false,false,true,ch04_partner_noncount_before_closure_alternative|ch04_partner_support_regime|phase_late|role_partner|seat_pos_2|sequence_follow,available:phase4-positive-and-negative-detector-sets,true,proxy-only:is-best-threshold-not-actual-gus-output,,unavailable:no-positional-cross-corpus-match,2,8.88481044769,8.91352844238,0.0287179946899,0.0287179946899,1,4-3,0.0,true,,unavailable:policy-not-fingerprinted-in-retained-action-tables,,unjoinable:no-shared-champion-action-state-fingerprint,available:exact-action-key,available:exact-action-key,available:exact-action-key,available:exact-action-key,available:exact-action-key,partial:q-outcome-summaries-without-worlds-weights-or-calibration,,unavailable:not-present-in-retained-action-tables,,unavailable:not-retained-with-compatible-action-rows,,unavailable:not-retained-with-compatible-action-rows,,unavailable:not-retained-with-compatible-action-rows,,unavailable:not-retained-with-compatible-action-rows,,unavailable:not-retained-with-compatible-action-rows,,,,unjoinable:gus-corpus-state-namespace,available:public-role-seat-order-and-phase,follower_partner_or_self_currently_winning|phase_late|role_partner|seat_pos_2|sequence_follow,ch04_partner_noncount_before_closure_alternative|ch04_partner_support_regime|follower_partner_or_self_currently_winning|partner_support_sequence_context,proxy-only:public-role-and-action-local-labels,,unavailable:not-present-in-retained-action-tables,,unavailable:not-present-in-retained-action-tables,available:actual-action-indicator-without-policy-probability,,unavailable:not-present-in-retained-action-tables,,unavailable:not-present-in-retained-action-tables,,,,unavailable:no-cross-decision-plan-state-or-intervention,proxy-only:fixed-threshold-and-tail-rankings-without-transform-consumer-or-context,,fixed-bid30:declaration-and-risk-proxies-only; no auction choices/history,,unavailable:not-present-in-retained-action-tables,,,unavailable:not-present-in-retained-action-tables,,,hidden_proxy_late_information_rich|hidden_proxy_our_side_controls_trick,follower_partner_or_self_currently_winning|hidden_proxy_late_information_rich|hidden_proxy_our_side_controls_trick|partner_support_sequence_context|phase_late|role_partner|seat_pos_2|sequence_follow,follower_partner_or_self_currently_winning|partner_support_sequence_context|phase_late|role_partner|seat_pos_2|sequence_follow,partner_support_context|phase_late_trick_5_6|position_follow|role_partner|seat_third_follow,,oracle/distribution columns are offline labels; role/order and proxy labels are public/action-local; eval_only_labels are never asserted as runtime features
w42.partnership_failure_atlas.v2,0cafba06bfcdbe80b11e263a,corpus_v2_train_30-39_d0-9.pt:0:9,6-0,corpus_v2_train_30-39_d0-9.pt,30,0,9,blanks,30,0,bidder,bidder,offense,2,1,second,middle,0,true,false,defense,10,true,true,true,true,28.441381454467773,0.0,0.6949999928474426,0.0,18,available:derived-from-role-and-bid-using-retained-w42-semantics,P(Q>=threshold_q); threshold_q is role-and-bid-dependent,-18,P(Q<=-18),true,true,0.0,5,2,3,2,1,2,phase_middle|role_bidder|seat_pos_1|sequence_follow,true,false,false,phase_middle|role_bidder|seat_pos_1|sequence_follow,available:phase4-positive-and-negative-detector-sets,true,proxy-only:is-best-threshold-not-actual-gus-output,,unavailable:no-positional-cross-corpus-match,5,-3.2921640873,28.4413814545,31.7335455418,0.0664539337158,1,6-0,0.0,true,,unavailable:policy-not-fingerprinted-in-retained-action-tables,,unjoinable:no-shared-champion-action-state-fingerprint,available:exact-action-key,available:exact-action-key,available:exact-action-key,available:exact-action-key,available:exact-action-key,partial:q-outcome-summaries-without-worlds-weights-or-calibration,,unavailable:not-present-in-retained-action-tables,,unavailable:not-retained-with-compatible-action-rows,,unavailable:not-retained-with-compatible-action-rows,,unavailable:not-retained-with-compatible-action-rows,,unavailable:not-retained-with-compatible-action-rows,,unavailable:not-retained-with-compatible-action-rows,,,,unjoinable:gus-corpus-state-namespace,available:public-role-seat-order-and-phase,follower_can_beat_opponent|follower_opponent_currently_winning|follower_take_control_from_opponent|phase_middle|role_bidder|seat_pos_1|sequence_follow,,proxy-only:public-role-and-action-local-labels,,unavailable:not-present-in-retained-action-tables,,unavailable:not-present-in-retained-action-tables,available:actual-action-indicator-without-policy-probability,,unavailable:not-present-in-retained-action-tables,,unavailable:not-present-in-retained-action-tables,,,,unavailable:no-cross-decision-plan-state-or-intervention,proxy-only:fixed-threshold-and-tail-rankings-without-transform-consumer-or-context,,fixed-bid30:declaration-and-risk-proxies-only; no auction choices/history,,unavailable:not-present-in-retained-action-tables,,,unavailable:not-present-in-retained-action-tables,,,hidden_proxy_control_shift_available|hidden_proxy_opponent_controls_trick,follower_can_beat_opponent|follower_opponent_currently_winning|follower_take_control_from_opponent|hidden_proxy_control_shift_available|hidden_proxy_opponent_controls_trick|phase_middle|role_bidder|seat_pos_1|sequence_follow,follower_can_beat_opponent|follower_opponent_currently_winning|follower_take_control_from_opponent|phase_middle|role_bidder|seat_pos_1|sequence_follow,phase_middle_trick_2_4|position_follow|role_bidder|seat_second_follow,,oracle/distribution columns are offline labels; role/order and proxy labels are public/action-local; eval_only_labels are never asserted as runtime features
w42.partnership_failure_atlas.v2,0d1a3dbedac2e9f524502a67,corpus_v2_train_70-79_d0-9.pt:10:9,1-1,corpus_v2_train_70-79_d0-9.pt,71,10,9,blanks,30,2,bidder_partner,partner,offense,2,1,second,middle,0,false,true,defense,0,false,false,false,false,-12.497239112854004,20.588025093078613,0.0949999988079071,0.46000000834465027,18,available:derived-from-role-and-bid-using-retained-w42-semantics,P(Q>=threshold_q); threshold_q is role-and-bid-dependent,-18,P(Q<=-18),false,false,0.2849999964237213,5,2,3,1,2,2,ch04_partner_support_regime|phase_middle|role_partner|seat_pos_1|sequence_follow,false,false,false,ch04_partner_support_regime|phase_middle|role_partner|seat_pos_1|sequence_follow,available:phase4-positive-and-negative-detector-sets,false,proxy-only:is-best-threshold-not-actual-gus-output,,unavailable:no-positional-cross-corpus-match,5,-21.8806095123,8.09078598022,29.9713954926,3.08618831635,1,1-0,0.0,true,,unavailable:policy-not-fingerprinted-in-retained-action-tables,,unjoinable:no-shared-champion-action-state-fingerprint,available:exact-action-key,available:exact-action-key,available:exact-action-key,available:exact-action-key,available:exact-action-key,partial:q-outcome-summaries-without-worlds-weights-or-calibration,,unavailable:not-present-in-retained-action-tables,,unavailable:not-retained-with-compatible-action-rows,,unavailable:not-retained-with-compatible-action-rows,,unavailable:not-retained-with-compatible-action-rows,,unavailable:not-retained-with-compatible-action-rows,,unavailable:not-retained-with-compatible-action-rows,,,,unjoinable:gus-corpus-state-namespace,available:public-role-seat-order-and-phase,follower_opponent_currently_winning|phase_middle|role_partner|seat_pos_1|sequence_follow,ch04_partner_support_regime|partner_support_sequence_context,proxy-only:public-role-and-action-local-labels,,unavailable:not-present-in-retained-action-tables,,unavailable:not-present-in-retained-action-tables,available:actual-action-indicator-without-policy-probability,,unavailable:not-present-in-retained-action-tables,,unavailable:not-present-in-retained-action-tables,,,,unavailable:no-cross-decision-plan-state-or-intervention,proxy-only:fixed-threshold-and-tail-rankings-without-transform-consumer-or-context,,fixed-bid30:declaration-and-risk-proxies-only; no auction choices/history,,unavailable:not-present-in-retained-action-tables,,,unavailable:not-present-in-retained-action-tables,,,hidden_proxy_opponent_controls_trick,follower_opponent_currently_winning|hidden_proxy_opponent_controls_trick|partner_support_sequence_context|phase_middle|role_partner|seat_pos_1|sequence_follow,follower_opponent_currently_winning|partner_support_sequence_context|phase_middle|role_partner|seat_pos_1|sequence_follow,partner_support_context|phase_middle_trick_2_4|position_follow|role_partner|seat_second_follow,,oracle/distribution columns are offline labels; role/order and proxy labels are public/action-local; eval_only_labels are never asserted as runtime features
w42.partnership_failure_atlas.v2,0ec85f603c108f946db17849,corpus_v2_train_0-9_d0-9.pt:14:7,1-0,corpus_v2_train_0-9_d0-9.pt,1,14,7,fours,30,0,bidder,bidder,offense,1,3,last,early,0,false,false,defense,0,false,false,false,false,-5.794007778167725,14.114648342132568,0.2549999952316284,0.38999998569488525,18,available:derived-from-role-and-bid-using-retained-w42-semantics,P(Q>=threshold_q); threshold_q is role-and-bid-dependent,-18,P(Q<=-18),false,false,0.14500001072883606,6,2,4,1,1,2,phase_early|role_bidder|seat_pos_3|sequence_closure,false,false,false,phase_early|role_bidder|seat_pos_3|sequence_closure,available:phase4-positive-and-negative-detector-sets,false,proxy-only:is-best-threshold-not-actual-gus-output,,unavailable:no-positional-cross-corpus-match,6,-9.95154857635,8.32064056396,18.2721891403,4.52114415169,1,4-1,0.0,true,,unavailable:policy-not-fingerprinted-in-retained-action-tables,,unjoinable:no-shared-champion-action-state-fingerprint,available:exact-action-key,available:exact-action-key,available:exact-action-key,available:exact-action-key,available:exact-action-key,partial:q-outcome-summaries-without-worlds-weights-or-calibration,,unavailable:not-present-in-retained-action-tables,,unavailable:not-retained-with-compatible-action-rows,,unavailable:not-retained-with-compatible-action-rows,,unavailable:not-retained-with-compatible-action-rows,,unavailable:not-retained-with-compatible-action-rows,,unavailable:not-retained-with-compatible-action-rows,,,,unjoinable:gus-corpus-state-namespace,available:public-role-seat-order-and-phase,closure_decline_trick|closure_sequence_decision|follower_opponent_currently_winning|phase_early|role_bidder|seat_pos_3|sequence_last_to_act,,proxy-only:public-role-and-action-local-labels,,unavailable:not-present-in-retained-action-tables,,unavailable:not-present-in-retained-action-tables,available:actual-action-indicator-without-policy-probability,,unavailable:not-present-in-retained-action-tables,,unavailable:not-present-in-retained-action-tables,,,,unavailable:no-cross-decision-plan-state-or-intervention,proxy-only:fixed-threshold-and-tail-rankings-without-transform-consumer-or-context,bidrisk_join_available|bidrisk_max_profitable_no_profitable_bid|bidrisk_off_count_4|bidrisk_pmake30_low|bidrisk_static_risk_13_20|bidrisk_trump_count_2|bidrisk_wilson_safe_no_profitable_bid,fixed-bid30:declaration-and-risk-proxies-only; no auction choices/history,,unavailable:not-present-in-retained-action-tables,,,unavailable:not-present-in-retained-action-tables,,,hidden_proxy_closure_information|hidden_proxy_early_high_uncertainty|hidden_proxy_opponent_controls_trick,bidrisk_join_available|bidrisk_max_profitable_no_profitable_bid|bidrisk_off_count_4|bidrisk_pmake30_low|bidrisk_static_risk_13_20|bidrisk_trump_count_2|bidrisk_wilson_safe_no_profitable_bid|closure_decline_trick|closure_sequence_decision|follower_opponent_currently_winning|hidden_proxy_closure_information|hidden_proxy_early_high_uncertainty|hidden_proxy_opponent_controls_trick|phase_early|role_bidder|seat_pos_3|sequence_last_to_act,closure_decline_trick|closure_sequence_decision|follower_opponent_currently_winning|phase_early|role_bidder|seat_pos_3|sequence_last_to_act,closure_decision|closure_decline_or_slough|phase_early_trick_0_1|position_follow|position_last_to_act|role_bidder|seat_fourth_closure,,oracle/distribution columns are offline labels; role/order and proxy labels are public/action-local; eval_only_labels are never asserted as runtime features
w42.partnership_failure_atlas.v2,0f10df670defaaaa835dfeb5,corpus_v2_train_30-39_d0-9.pt:6:3,5-2,corpus_v2_train_30-39_d0-9.pt,30,6,3,sixes,30,3,right_setter,setter,defense,0,3,last,early,0,false,false,offense,0,false,false,true,true,1.969199776649475,0.0,0.7599999904632568,0.23499999940395355,-17,available:derived-from-role-and-bid-using-retained-w42-semantics,P(Q>=threshold_q); threshold_q is role-and-bid-dependent,-18,P(Q<=-18),true,true,0.0,1,0,1,0,0,0,ch05_noncount_to_bidder_control_alternative|ch05_setter_pressure_regime|phase_early|role_setter|seat_pos_3|sequence_closure,true,false,true,ch05_noncount_to_bidder_control_alternative|ch05_setter_pressure_regime|phase_early|role_setter|seat_pos_3|sequence_closure,available:phase4-positive-and-negative-detector-sets,true,proxy-only:is-best-threshold-not-actual-gus-output,,unavailable:no-positional-cross-corpus-match,1,1.96919977665,1.96919977665,0,0,1,5-2,0.0,true,,unavailable:policy-not-fingerprinted-in-retained-action-tables,,unjoinable:no-shared-champion-action-state-fingerprint,available:exact-action-key,available:exact-action-key,available:exact-action-key,available:exact-action-key,available:exact-action-key,partial:q-outcome-summaries-without-worlds-weights-or-calibration,,unavailable:not-present-in-retained-action-tables,,unavailable:not-retained-with-compatible-action-rows,,unavailable:not-retained-with-compatible-action-rows,,unavailable:not-retained-with-compatible-action-rows,,unavailable:not-retained-with-compatible-action-rows,,unavailable:not-retained-with-compatible-action-rows,,,,unjoinable:gus-corpus-state-namespace,available:public-role-seat-order-and-phase,closure_decline_trick|closure_sequence_decision|follower_opponent_currently_winning|phase_early|role_setter|seat_pos_3|sequence_last_to_act|setter_pounce_sequence_window,,proxy-only:public-role-and-action-local-labels,,unavailable:not-present-in-retained-action-tables,,unavailable:not-present-in-retained-action-tables,available:actual-action-indicator-without-policy-probability,,unavailable:not-present-in-retained-action-tables,,unavailable:not-present-in-retained-action-tables,,,,unavailable:no-cross-decision-plan-state-or-intervention,proxy-only:fixed-threshold-and-tail-rankings-without-transform-consumer-or-context,,fixed-bid30:declaration-and-risk-proxies-only; no auction choices/history,,unavailable:not-present-in-retained-action-tables,,,unavailable:not-present-in-retained-action-tables,,e84_public_candidate|e84_public_double_count_3|e84_public_off_count_2|e84_public_trump_count_2|e84_public_two_off_same_suit,hidden_proxy_closure_information|hidden_proxy_early_high_uncertainty|hidden_proxy_opponent_controls_trick,closure_decline_trick|closure_sequence_decision|e84_public_candidate|e84_public_double_count_3|e84_public_off_count_2|e84_public_trump_count_2|e84_public_two_off_same_suit|follower_opponent_currently_winning|hidden_proxy_closure_information|hidden_proxy_early_high_uncertainty|hidden_proxy_opponent_controls_trick|phase_early|role_setter|seat_pos_3|sequence_last_to_act|setter_pounce_sequence_window,closure_decline_trick|closure_sequence_decision|follower_opponent_currently_winning|phase_early|role_setter|seat_pos_3|sequence_last_to_act|setter_pounce_sequence_window,closure_decision|closure_decline_or_slough|defensive_pounce_window|phase_early_trick_0_1|position_follow|position_last_to_act|role_defender|role_right_setter|role_setter|seat_fourth_closure,eval_e84_dead_asset_release_control|eval_e84_defender_live_double_weapon|eval_e84_defender_live_same_suit_pair|eval_e84_pair_protector_pressure,oracle/distribution columns are offline labels; role/order and proxy labels are public/action-local; eval_only_labels are never asserted as runtime features
w42.partnership_failure_atlas.v2,0f114c58e920d122d02d36a1,corpus_v2_train_50-59_d0-9.pt:6:4,3-0,corpus_v2_train_50-59_d0-9.pt,50,6,4,sixes,30,0,bidder,bidder,offense,1,0,lead,early,0,false,false,,0,false,true,false,false,-21.270854949951172,7.450970649719238,0.05000000074505806,0.5799999833106995,18,available:derived-from-role-and-bid-using-retained-w42-semantics,P(Q>=threshold_q); threshold_q is role-and-bid-dependent,-18,P(Q<=-18),false,false,0.05999999865889549,6,1,5,1,1,0,ch03_bidder_lead_off_suit|ch03_bidder_lead_plan|phase_early|role_bidder|seat_pos_0|sequence_lead,false,false,true,ch03_bidder_lead_off_suit|ch03_bidder_lead_plan|phase_early|role_bidder|seat_pos_0|sequence_lead,available:phase4-positive-and-negative-detector-sets,false,proxy-only:is-best-threshold-not-actual-gus-output,,unavailable:no-positional-cross-corpus-match,6,-21.27085495,-13.8198843002,7.45097064972,4.25360965729,1,3-3,0.0,true,,unavailable:policy-not-fingerprinted-in-retained-action-tables,,unjoinable:no-shared-champion-action-state-fingerprint,available:exact-action-key,available:exact-action-key,available:exact-action-key,available:exact-action-key,available:exact-action-key,partial:q-outcome-summaries-without-worlds-weights-or-calibration,,unavailable:not-present-in-retained-action-tables,,unavailable:not-retained-with-compatible-action-rows,,unavailable:not-retained-with-compatible-action-rows,,unavailable:not-retained-with-compatible-action-rows,,unavailable:not-retained-with-compatible-action-rows,,unavailable:not-retained-with-compatible-action-rows,,,,unjoinable:gus-corpus-state-namespace,available:public-role-seat-order-and-phase,phase_early|role_bidder|seat_pos_0|sequence_lead,,proxy-only:public-role-and-action-local-labels,,unavailable:not-present-in-retained-action-tables,,unavailable:not-present-in-retained-action-tables,available:actual-action-indicator-without-policy-probability,,unavailable:not-present-in-retained-action-tables,,unavailable:not-present-in-retained-action-tables,bidder_lead_plan|ch03_bidder_lead_plan,,,unavailable:no-cross-decision-plan-state-or-intervention,proxy-only:fixed-threshold-and-tail-rankings-without-transform-consumer-or-context,,fixed-bid30:declaration-and-risk-proxies-only; no auction choices/history,,unavailable:not-present-in-retained-action-tables,,,unavailable:not-present-in-retained-action-tables,,,hidden_proxy_early_high_uncertainty,bidder_lead_noncount|bidder_lead_off_suit|bidder_lead_plan|hidden_proxy_early_high_uncertainty|phase_early|role_bidder|seat_pos_0|sequence_lead,bidder_lead_noncount|bidder_lead_off_suit|bidder_lead_plan|phase_early|role_bidder|seat_pos_0|sequence_lead,phase_early_trick_0_1|position_lead|role_bidder|seat_first_lead,,oracle/distribution columns are offline labels; role/order and proxy labels are public/action-local; eval_only_labels are never asserted as runtime features
w42.partnership_failure_atlas.v2,106244129641c5be7d5bd3c4,corpus_v2_train_90-99_d0-9.pt:62:14,1-1,corpus_v2_train_90-99_d0-9.pt,96,62,14,twos,30,2,bidder_partner,partner,offense,3,2,third,middle,0,false,true,offense,0,false,false,false,false,8.254082679748535,1.4207830429077148,0.30000001192092896,0.0,18,available:derived-from-role-and-bid-using-retained-w42-semantics,P(Q>=threshold_q); threshold_q is role-and-bid-dependent,-18,P(Q<=-18),false,true,0.0949999988079071,4,1,3,0,3,1,ch04_partner_noncount_before_closure_alternative|ch04_partner_support_regime|phase_middle|role_partner|seat_pos_2|sequence_follow,false,false,true,ch04_partner_noncount_before_closure_alternative|ch04_partner_support_regime|phase_middle|role_partner|seat_pos_2|sequence_follow,available:phase4-positive-and-negative-detector-sets,false,proxy-only:is-best-threshold-not-actual-gus-output,,unavailable:no-positional-cross-corpus-match,4,-2.51136660576,9.67486572266,12.1862323284,1.02200031281,1,1-0,0.0,true,,unavailable:policy-not-fingerprinted-in-retained-action-tables,,unjoinable:no-shared-champion-action-state-fingerprint,available:exact-action-key,available:exact-action-key,available:exact-action-key,available:exact-action-key,available:exact-action-key,partial:q-outcome-summaries-without-worlds-weights-or-calibration,,unavailable:not-present-in-retained-action-tables,,unavailable:not-retained-with-compatible-action-rows,,unavailable:not-retained-with-compatible-action-rows,,unavailable:not-retained-with-compatible-action-rows,,unavailable:not-retained-with-compatible-action-rows,,unavailable:not-retained-with-compatible-action-rows,,,,unjoinable:gus-corpus-state-namespace,available:public-role-seat-order-and-phase,follower_partner_or_self_currently_winning|phase_middle|role_partner|seat_pos_2|sequence_follow,ch04_partner_noncount_before_closure_alternative|ch04_partner_support_regime|follower_partner_or_self_currently_winning|partner_support_sequence_context,proxy-only:public-role-and-action-local-labels,,unavailable:not-present-in-retained-action-tables,,unavailable:not-present-in-retained-action-tables,available:actual-action-indicator-without-policy-probability,,unavailable:not-present-in-retained-action-tables,,unavailable:not-present-in-retained-action-tables,,,,unavailable:no-cross-decision-plan-state-or-intervention,proxy-only:fixed-threshold-and-tail-rankings-without-transform-consumer-or-context,,fixed-bid30:declaration-and-risk-proxies-only; no auction choices/history,,unavailable:not-present-in-retained-action-tables,,,unavailable:not-present-in-retained-action-tables,,,hidden_proxy_our_side_controls_trick,follower_partner_or_self_currently_winning|hidden_proxy_our_side_controls_trick|partner_support_sequence_context|phase_middle|role_partner|seat_pos_2|sequence_follow,follower_partner_or_self_currently_winning|partner_support_sequence_context|phase_middle|role_partner|seat_pos_2|sequence_follow,partner_support_context|phase_middle_trick_2_4|position_follow|role_partner|seat_third_follow,,oracle/distribution columns are offline labels; role/order and proxy labels are public/action-local; eval_only_labels are never asserted as runtime features
w42.partnership_failure_atlas.v2,1075319413d5d6788eaa4ef8,corpus_v2_train_60-69_d0-9.pt:36:4,3-2,corpus_v2_train_60-69_d0-9.pt,63,36,4,sixes,30,3,right_setter,setter,defense,1,0,lead,early,5,false,false,,0,false,true,false,false,-5.711879730224609,17.771921157836914,0.625,0.36500000953674316,-17,available:derived-from-role-and-bid-using-retained-w42-semantics,P(Q>=threshold_q); threshold_q is role-and-bid-dependent,-18,P(Q<=-18),false,false,0.17500001192092896,6,1,5,2,3,0,ch05_count_calling_or_count_lead|ch05_pounce_take_count_now|ch05_setter_pressure_regime|phase_early|role_setter|seat_pos_0|sequence_lead,false,true,false,ch05_count_calling_or_count_lead|ch05_pounce_take_count_now|ch05_setter_pressure_regime|phase_early|role_setter|seat_pos_0|sequence_lead,available:phase4-positive-and-negative-detector-sets,false,proxy-only:is-best-threshold-not-actual-gus-output,,unavailable:no-positional-cross-corpus-match,6,-7.83309555054,12.0600414276,19.8931369781,1.70442581177,1,1-1,0.0,true,,unavailable:policy-not-fingerprinted-in-retained-action-tables,,unjoinable:no-shared-champion-action-state-fingerprint,available:exact-action-key,available:exact-action-key,available:exact-action-key,available:exact-action-key,available:exact-action-key,partial:q-outcome-summaries-without-worlds-weights-or-calibration,,unavailable:not-present-in-retained-action-tables,,unavailable:not-retained-with-compatible-action-rows,,unavailable:not-retained-with-compatible-action-rows,,unavailable:not-retained-with-compatible-action-rows,,unavailable:not-retained-with-compatible-action-rows,,unavailable:not-retained-with-compatible-action-rows,,,,unjoinable:gus-corpus-state-namespace,available:public-role-seat-order-and-phase,phase_early|role_setter|seat_pos_0|sequence_lead,,proxy-only:public-role-and-action-local-labels,,unavailable:not-present-in-retained-action-tables,,unavailable:not-present-in-retained-action-tables,available:actual-action-indicator-without-policy-probability,,unavailable:not-present-in-retained-action-tables,,unavailable:not-present-in-retained-action-tables,,,,unavailable:no-cross-decision-plan-state-or-intervention,proxy-only:fixed-threshold-and-tail-rankings-without-transform-consumer-or-context,,fixed-bid30:declaration-and-risk-proxies-only; no auction choices/history,,unavailable:not-present-in-retained-action-tables,,,unavailable:not-present-in-retained-action-tables,,,hidden_proxy_count_pressure|hidden_proxy_early_high_uncertainty,hidden_proxy_count_pressure|hidden_proxy_early_high_uncertainty|phase_early|role_setter|seat_pos_0|sequence_lead,phase_early|role_setter|seat_pos_0|sequence_lead,phase_early_trick_0_1|position_lead|role_defender|role_right_setter|role_setter|seat_first_lead,,oracle/distribution columns are offline labels; role/order and proxy labels are public/action-local; eval_only_labels are never asserted as runtime features
w42.partnership_failure_atlas.v2,118ff9b42ab7070d83f2da1a,corpus_v2_train_60-69_d0-9.pt:43:7,5-4,corpus_v2_train_60-69_d0-9.pt,64,43,7,threes,30,3,right_setter,setter,defense,1,3,last,early,0,false,false,offense,0,false,false,false,false,-25.773061752319336,0.2598247528076172,0.30000001192092896,0.6800000071525574,-17,available:derived-from-role-and-bid-using-retained-w42-semantics,P(Q>=threshold_q); threshold_q is role-and-bid-dependent,-18,P(Q<=-18),false,true,0.004999995231628418,6,0,6,2,1,0,ch05_noncount_to_bidder_control_alternative|ch05_setter_pressure_regime|phase_early|role_setter|seat_pos_3|sequence_closure,false,false,true,ch05_noncount_to_bidder_control_alternative|ch05_setter_pressure_regime|phase_early|role_setter|seat_pos_3|sequence_closure,available:phase4-positive-and-negative-detector-sets,false,proxy-only:is-best-threshold-not-actual-gus-output,,unavailable:no-positional-cross-corpus-match,6,-32.3787002563,-25.5132369995,6.86546325684,0.122829437256,1,2-0,0.0,true,,unavailable:policy-not-fingerprinted-in-retained-action-tables,,unjoinable:no-shared-champion-action-state-fingerprint,available:exact-action-key,available:exact-action-key,available:exact-action-key,available:exact-action-key,available:exact-action-key,partial:q-outcome-summaries-without-worlds-weights-or-calibration,,unavailable:not-present-in-retained-action-tables,,unavailable:not-retained-with-compatible-action-rows,,unavailable:not-retained-with-compatible-action-rows,,unavailable:not-retained-with-compatible-action-rows,,unavailable:not-retained-with-compatible-action-rows,,unavailable:not-retained-with-compatible-action-rows,,,,unjoinable:gus-corpus-state-namespace,available:public-role-seat-order-and-phase,closure_decline_trick|closure_sequence_decision|follower_opponent_currently_winning|phase_early|role_setter|seat_pos_3|sequence_last_to_act|setter_pounce_sequence_window,,proxy-only:public-role-and-action-local-labels,,unavailable:not-present-in-retained-action-tables,,unavailable:not-present-in-retained-action-tables,available:actual-action-indicator-without-policy-probability,,unavailable:not-present-in-retained-action-tables,,unavailable:not-present-in-retained-action-tables,,,,unavailable:no-cross-decision-plan-state-or-intervention,proxy-only:fixed-threshold-and-tail-rankings-without-transform-consumer-or-context,,fixed-bid30:declaration-and-risk-proxies-only; no auction choices/history,,unavailable:not-present-in-retained-action-tables,,,unavailable:not-present-in-retained-action-tables,,,hidden_proxy_closure_information|hidden_proxy_early_high_uncertainty|hidden_proxy_opponent_controls_trick,closure_decline_trick|closure_sequence_decision|follower_opponent_currently_winning|hidden_proxy_closure_information|hidden_proxy_early_high_uncertainty|hidden_proxy_opponent_controls_trick|phase_early|role_setter|seat_pos_3|sequence_last_to_act|setter_pounce_sequence_window,closure_decline_trick|closure_sequence_decision|follower_opponent_currently_winning|phase_early|role_setter|seat_pos_3|sequence_last_to_act|setter_pounce_sequence_window,closure_decision|closure_decline_or_slough|defensive_pounce_window|phase_early_trick_0_1|position_follow|position_last_to_act|role_defender|role_right_setter|role_setter|seat_fourth_closure,,oracle/distribution columns are offline labels; role/order and proxy labels are public/action-local; eval_only_labels are never asserted as runtime features
w42.partnership_failure_atlas.v2,125489efc243f7d4820fb4f8,corpus_v2_train_90-99_d0-9.pt:75:6,6-3,corpus_v2_train_90-99_d0-9.pt,97,75,6,fives,30,2,bidder_partner,partner,offense,1,2,third,early,0,false,false,defense,0,false,false,false,false,-14.950342178344727,2.616697311401367,0.0949999988079071,0.5899999737739563,18,available:derived-from-role-and-bid-using-retained-w42-semantics,P(Q>=threshold_q); threshold_q is role-and-bid-dependent,-18,P(Q<=-18),false,false,0.009999997913837433,4,0,4,0,0,0,ch04_partner_support_regime|phase_early|role_partner|seat_pos_2|sequence_follow,false,false,false,ch04_partner_support_regime|phase_early|role_partner|seat_pos_2|sequence_follow,available:phase4-positive-and-negative-detector-sets,false,proxy-only:is-best-threshold-not-actual-gus-output,,unavailable:no-positional-cross-corpus-match,4,-14.9503421783,-12.3336448669,2.6166973114,1.2559709549,1,6-1,0.0,true,,unavailable:policy-not-fingerprinted-in-retained-action-tables,,unjoinable:no-shared-champion-action-state-fingerprint,available:exact-action-key,available:exact-action-key,available:exact-action-key,available:exact-action-key,available:exact-action-key,partial:q-outcome-summaries-without-worlds-weights-or-calibration,,unavailable:not-present-in-retained-action-tables,,unavailable:not-retained-with-compatible-action-rows,,unavailable:not-retained-with-compatible-action-rows,,unavailable:not-retained-with-compatible-action-rows,,unavailable:not-retained-with-compatible-action-rows,,unavailable:not-retained-with-compatible-action-rows,,,,unjoinable:gus-corpus-state-namespace,available:public-role-seat-order-and-phase,follower_opponent_currently_winning|phase_early|role_partner|seat_pos_2|sequence_follow,ch04_partner_support_regime|partner_support_sequence_context,proxy-only:public-role-and-action-local-labels,,unavailable:not-present-in-retained-action-tables,,unavailable:not-present-in-retained-action-tables,available:actual-action-indicator-without-policy-probability,,unavailable:not-present-in-retained-action-tables,,unavailable:not-present-in-retained-action-tables,,,,unavailable:no-cross-decision-plan-state-or-intervention,proxy-only:fixed-threshold-and-tail-rankings-without-transform-consumer-or-context,,fixed-bid30:declaration-and-risk-proxies-only; no auction choices/history,,unavailable:not-present-in-retained-action-tables,,,unavailable:not-present-in-retained-action-tables,,,hidden_proxy_early_high_uncertainty|hidden_proxy_opponent_controls_trick,follower_opponent_currently_winning|hidden_proxy_early_high_uncertainty|hidden_proxy_opponent_controls_trick|partner_support_sequence_context|phase_early|role_partner|seat_pos_2|sequence_follow,follower_opponent_currently_winning|partner_support_sequence_context|phase_early|role_partner|seat_pos_2|sequence_follow,partner_support_context|phase_early_trick_0_1|position_follow|role_partner|seat_third_follow,,oracle/distribution columns are offline labels; role/order and proxy labels are public/action-local; eval_only_labels are never asserted as runtime features
w42.partnership_failure_atlas.v2,140351b3df6e0f171e3becd7,corpus_v2_train_40-49_d0-9.pt:3:2,3-0,corpus_v2_train_40-49_d0-9.pt,40,3,2,threes,30,2,bidder_partner,partner,offense,0,2,third,early,0,true,false,offense,10,false,false,true,true,19.561141967773438,0.0,0.550000011920929,0.09000000357627869,18,available:derived-from-role-and-bid-using-retained-w42-semantics,P(Q>=threshold_q); threshold_q is role-and-bid-dependent,-18,P(Q<=-18),true,true,0.0,3,3,0,1,0,0,ch04_low_trump_trap_noncount_alternative|ch04_partner_noncount_before_closure_alternative|ch04_partner_support_regime|phase_early|role_partner|seat_pos_2|sequence_follow,true,false,true,ch04_low_trump_trap_noncount_alternative|ch04_partner_noncount_before_closure_alternative|ch04_partner_support_regime|phase_early|role_partner|seat_pos_2|sequence_follow,available:phase4-positive-and-negative-detector-sets,true,proxy-only:is-best-threshold-not-actual-gus-output,,unavailable:no-positional-cross-corpus-match,3,15.5918464661,19.5611419678,3.96929550171,0.403486251831,1,3-0,0.0,true,,unavailable:policy-not-fingerprinted-in-retained-action-tables,,unjoinable:no-shared-champion-action-state-fingerprint,available:exact-action-key,available:exact-action-key,available:exact-action-key,available:exact-action-key,available:exact-action-key,partial:q-outcome-summaries-without-worlds-weights-or-calibration,,unavailable:not-present-in-retained-action-tables,,unavailable:not-retained-with-compatible-action-rows,,unavailable:not-retained-with-compatible-action-rows,,unavailable:not-retained-with-compatible-action-rows,,unavailable:not-retained-with-compatible-action-rows,,unavailable:not-retained-with-compatible-action-rows,,,,unjoinable:gus-corpus-state-namespace,available:public-role-seat-order-and-phase,follower_partner_or_self_currently_winning|phase_early|role_partner|seat_pos_2|sequence_follow,ch04_partner_noncount_before_closure_alternative|ch04_partner_support_regime|follower_partner_or_self_currently_winning|partner_support_sequence_context,proxy-only:public-role-and-action-local-labels,,unavailable:not-present-in-retained-action-tables,,unavailable:not-present-in-retained-action-tables,available:actual-action-indicator-without-policy-probability,,unavailable:not-present-in-retained-action-tables,,unavailable:not-present-in-retained-action-tables,,,,unavailable:no-cross-decision-plan-state-or-intervention,proxy-only:fixed-threshold-and-tail-rankings-without-transform-consumer-or-context,,fixed-bid30:declaration-and-risk-proxies-only; no auction choices/history,,unavailable:not-present-in-retained-action-tables,,,unavailable:not-present-in-retained-action-tables,,e84_public_candidate|e84_public_double_count_2|e84_public_off_count_2|e84_public_trump_count_3|e84_public_two_off_same_suit,hidden_proxy_early_high_uncertainty|hidden_proxy_our_side_controls_trick,e84_public_candidate|e84_public_double_count_2|e84_public_off_count_2|e84_public_trump_count_3|e84_public_two_off_same_suit|follower_partner_or_self_currently_winning|hidden_proxy_early_high_uncertainty|hidden_proxy_our_side_controls_trick|partner_support_sequence_context|phase_early|role_partner|seat_pos_2|sequence_follow,follower_partner_or_self_currently_winning|partner_support_sequence_context|phase_early|role_partner|seat_pos_2|sequence_follow,partner_support_context|phase_early_trick_0_1|position_follow|role_partner|seat_third_follow,eval_e84_dead_asset_release_control|eval_e84_defender_live_double_weapon|eval_e84_defender_live_same_suit_pair|eval_e84_pair_protector_pressure,oracle/distribution columns are offline labels; role/order and proxy labels are public/action-local; eval_only_labels are never asserted as runtime features
w42.partnership_failure_atlas.v2,1560e7ea53367e07ba6e3799,corpus_v2_train_90-99_d0-9.pt:2:7,3-1,corpus_v2_train_90-99_d0-9.pt,90,2,7,twos,30,0,bidder,bidder,offense,1,3,last,early,0,false,false,defense,10,false,false,false,false,-0.9888567924499512,35.43666410446167,0.17499999701976776,0.1550000011920929,18,available:derived-from-role-and-bid-using-retained-w42-semantics,P(Q>=threshold_q); threshold_q is role-and-bid-dependent,-18,P(Q<=-18),false,false,0.6549999862909317,6,3,3,0,0,3,phase_early|role_bidder|seat_pos_3|sequence_closure,false,false,false,phase_early|role_bidder|seat_pos_3|sequence_closure,available:phase4-positive-and-negative-detector-sets,false,proxy-only:is-best-threshold-not-actual-gus-output,,unavailable:no-positional-cross-corpus-match,6,-3.219789505,34.447807312,37.667596817,1.54780578613,1,2-0,0.0,true,,unavailable:policy-not-fingerprinted-in-retained-action-tables,,unjoinable:no-shared-champion-action-state-fingerprint,available:exact-action-key,available:exact-action-key,available:exact-action-key,available:exact-action-key,available:exact-action-key,partial:q-outcome-summaries-without-worlds-weights-or-calibration,,unavailable:not-present-in-retained-action-tables,,unavailable:not-retained-with-compatible-action-rows,,unavailable:not-retained-with-compatible-action-rows,,unavailable:not-retained-with-compatible-action-rows,,unavailable:not-retained-with-compatible-action-rows,,unavailable:not-retained-with-compatible-action-rows,,,,unjoinable:gus-corpus-state-namespace,available:public-role-seat-order-and-phase,closure_decline_trick|closure_sequence_decision|follower_opponent_currently_winning|phase_early|role_bidder|seat_pos_3|sequence_last_to_act,,proxy-only:public-role-and-action-local-labels,,unavailable:not-present-in-retained-action-tables,,unavailable:not-present-in-retained-action-tables,available:actual-action-indicator-without-policy-probability,,unavailable:not-present-in-retained-action-tables,,unavailable:not-present-in-retained-action-tables,,,,unavailable:no-cross-decision-plan-state-or-intervention,proxy-only:fixed-threshold-and-tail-rankings-without-transform-consumer-or-context,,fixed-bid30:declaration-and-risk-proxies-only; no auction choices/history,,unavailable:not-present-in-retained-action-tables,,,unavailable:not-present-in-retained-action-tables,,,hidden_proxy_closure_information|hidden_proxy_early_high_uncertainty|hidden_proxy_opponent_controls_trick,closure_decline_trick|closure_sequence_decision|follower_opponent_currently_winning|hidden_proxy_closure_information|hidden_proxy_early_high_uncertainty|hidden_proxy_opponent_controls_trick|phase_early|role_bidder|seat_pos_3|sequence_last_to_act,closure_decline_trick|closure_sequence_decision|follower_opponent_currently_winning|phase_early|role_bidder|seat_pos_3|sequence_last_to_act,closure_decision|closure_decline_or_slough|phase_early_trick_0_1|position_follow|position_last_to_act|role_bidder|seat_fourth_closure,,oracle/distribution columns are offline labels; role/order and proxy labels are public/action-local; eval_only_labels are never asserted as runtime features
w42.partnership_failure_atlas.v2,15d5cc511d2a721fbbac6d6c,corpus_v2_train_40-49_d0-9.pt:90:14,2-1,corpus_v2_train_40-49_d0-9.pt,49,90,14,blanks,30,2,bidder_partner,partner,offense,3,2,third,middle,0,false,false,offense,0,false,false,true,true,3.756964683532715,0.0,0.41499999165534973,0.2199999988079071,18,available:derived-from-role-and-bid-using-retained-w42-semantics,P(Q>=threshold_q); threshold_q is role-and-bid-dependent,-18,P(Q<=-18),false,true,0.004999995231628418,4,0,4,1,2,0,ch04_partner_noncount_before_closure_alternative|ch04_partner_support_regime|phase_middle|role_partner|seat_pos_2|sequence_follow,true,false,true,ch04_partner_noncount_before_closure_alternative|ch04_partner_support_regime|phase_middle|role_partner|seat_pos_2|sequence_follow,available:phase4-positive-and-negative-detector-sets,false,proxy-only:is-best-threshold-not-actual-gus-output,,unavailable:no-positional-cross-corpus-match,4,2.38505554199,3.75696468353,1.37190914154,0.553868055344,1,2-1,0.0,true,,unavailable:policy-not-fingerprinted-in-retained-action-tables,,unjoinable:no-shared-champion-action-state-fingerprint,available:exact-action-key,available:exact-action-key,available:exact-action-key,available:exact-action-key,available:exact-action-key,partial:q-outcome-summaries-without-worlds-weights-or-calibration,,unavailable:not-present-in-retained-action-tables,,unavailable:not-retained-with-compatible-action-rows,,unavailable:not-retained-with-compatible-action-rows,,unavailable:not-retained-with-compatible-action-rows,,unavailable:not-retained-with-compatible-action-rows,,unavailable:not-retained-with-compatible-action-rows,,,,unjoinable:gus-corpus-state-namespace,available:public-role-seat-order-and-phase,follower_partner_or_self_currently_winning|phase_middle|role_partner|seat_pos_2|sequence_follow,ch04_partner_noncount_before_closure_alternative|ch04_partner_support_regime|follower_partner_or_self_currently_winning|partner_support_sequence_context,proxy-only:public-role-and-action-local-labels,,unavailable:not-present-in-retained-action-tables,,unavailable:not-present-in-retained-action-tables,available:actual-action-indicator-without-policy-probability,,unavailable:not-present-in-retained-action-tables,,unavailable:not-present-in-retained-action-tables,,,,unavailable:no-cross-decision-plan-state-or-intervention,proxy-only:fixed-threshold-and-tail-rankings-without-transform-consumer-or-context,,fixed-bid30:declaration-and-risk-proxies-only; no auction choices/history,,unavailable:not-present-in-retained-action-tables,,,unavailable:not-present-in-retained-action-tables,,,hidden_proxy_our_side_controls_trick,follower_partner_or_self_currently_winning|hidden_proxy_our_side_controls_trick|partner_support_sequence_context|phase_middle|role_partner|seat_pos_2|sequence_follow,follower_partner_or_self_currently_winning|partner_support_sequence_context|phase_middle|role_partner|seat_pos_2|sequence_follow,partner_support_context|phase_middle_trick_2_4|position_follow|role_partner|seat_third_follow,,oracle/distribution columns are offline labels; role/order and proxy labels are public/action-local; eval_only_labels are never asserted as runtime features
w42.partnership_failure_atlas.v2,15d78b7ebc9d1a9c4d8f1ff8,corpus_v2_train_0-9_d0-9.pt:78:7,2-2,corpus_v2_train_0-9_d0-9.pt,7,78,7,doubles-suit,30,0,bidder,bidder,offense,1,3,last,early,0,true,true,defense,5,false,false,false,false,-5.760838031768799,1.5238566398620605,0.125,0.3149999976158142,18,available:derived-from-role-and-bid-using-retained-w42-semantics,P(Q>=threshold_q); threshold_q is role-and-bid-dependent,-18,P(Q<=-18),false,false,0.025000005960464478,6,2,4,1,2,0,phase_early|role_bidder|seat_pos_3|sequence_closure,false,false,false,phase_early|role_bidder|seat_pos_3|sequence_closure,available:phase4-positive-and-negative-detector-sets,false,proxy-only:is-best-threshold-not-actual-gus-output,,unavailable:no-positional-cross-corpus-match,6,-22.1302604675,-4.23698139191,17.8932790756,1.28577566147,1,6-1,0.0,true,,unavailable:policy-not-fingerprinted-in-retained-action-tables,,unjoinable:no-shared-champion-action-state-fingerprint,available:exact-action-key,available:exact-action-key,available:exact-action-key,available:exact-action-key,available:exact-action-key,partial:q-outcome-summaries-without-worlds-weights-or-calibration,,unavailable:not-present-in-retained-action-tables,,unavailable:not-retained-with-compatible-action-rows,,unavailable:not-retained-with-compatible-action-rows,,unavailable:not-retained-with-compatible-action-rows,,unavailable:not-retained-with-compatible-action-rows,,unavailable:not-retained-with-compatible-action-rows,,,,unjoinable:gus-corpus-state-namespace,available:public-role-seat-order-and-phase,closure_decline_trick|closure_sequence_decision|follower_opponent_currently_winning|phase_early|role_bidder|seat_pos_3|sequence_last_to_act,,proxy-only:public-role-and-action-local-labels,,unavailable:not-present-in-retained-action-tables,,unavailable:not-present-in-retained-action-tables,available:actual-action-indicator-without-policy-probability,,unavailable:not-present-in-retained-action-tables,,unavailable:not-present-in-retained-action-tables,,,,unavailable:no-cross-decision-plan-state-or-intervention,proxy-only:fixed-threshold-and-tail-rankings-without-transform-consumer-or-context,,fixed-bid30:declaration-and-risk-proxies-only; no auction choices/history,,unavailable:not-present-in-retained-action-tables,,,unavailable:not-present-in-retained-action-tables,dnt_dt_candidate_double|dnt_dt_low_double|dnt_regime_doubles-suit,,hidden_proxy_closure_information|hidden_proxy_early_high_uncertainty|hidden_proxy_opponent_controls_trick,closure_decline_trick|closure_sequence_decision|dnt_dt_candidate_double|dnt_dt_low_double|dnt_regime_doubles-suit|follower_opponent_currently_winning|hidden_proxy_closure_information|hidden_proxy_early_high_uncertainty|hidden_proxy_opponent_controls_trick|phase_early|role_bidder|seat_pos_3|sequence_last_to_act,closure_decline_trick|closure_sequence_decision|follower_opponent_currently_winning|phase_early|role_bidder|seat_pos_3|sequence_last_to_act,closure_decision|closure_decline_or_slough|phase_early_trick_0_1|position_follow|position_last_to_act|role_bidder|seat_fourth_closure,,oracle/distribution columns are offline labels; role/order and proxy labels are public/action-local; eval_only_labels are never asserted as runtime features
w42.partnership_failure_atlas.v2,1895893ba72669091ff6faac,corpus_v2_train_50-59_d0-9.pt:61:21,5-0,corpus_v2_train_50-59_d0-9.pt,56,61,21,ones,30,3,right_setter,setter,defense,5,1,second,late,5,false,false,offense,0,false,false,true,true,0.8377336263656616,0.0,0.6650000214576721,0.33500000834465027,-17,available:derived-from-role-and-bid-using-retained-w42-semantics,P(Q>=threshold_q); threshold_q is role-and-bid-dependent,-18,P(Q<=-18),true,true,0.0,2,0,2,2,1,0,ch05_reckless_count_to_bidder_control|ch05_setter_pressure_regime|phase_late|role_setter|seat_pos_1|sequence_follow,true,true,false,ch05_reckless_count_to_bidder_control|ch05_setter_pressure_regime|phase_late|role_setter|seat_pos_1|sequence_follow,available:phase4-positive-and-negative-detector-sets,true,proxy-only:is-best-threshold-not-actual-gus-output,,unavailable:no-positional-cross-corpus-match,2,-6.35465145111,0.837733626366,7.19238507748,7.19238507748,1,5-0,0.0,true,,unavailable:policy-not-fingerprinted-in-retained-action-tables,,unjoinable:no-shared-champion-action-state-fingerprint,available:exact-action-key,available:exact-action-key,available:exact-action-key,available:exact-action-key,available:exact-action-key,partial:q-outcome-summaries-without-worlds-weights-or-calibration,,unavailable:not-present-in-retained-action-tables,,unavailable:not-retained-with-compatible-action-rows,,unavailable:not-retained-with-compatible-action-rows,,unavailable:not-retained-with-compatible-action-rows,,unavailable:not-retained-with-compatible-action-rows,,unavailable:not-retained-with-compatible-action-rows,,,,unjoinable:gus-corpus-state-namespace,available:public-role-seat-order-and-phase,follower_count_into_opponent_control|follower_opponent_currently_winning|phase_late|role_setter|seat_pos_1|sequence_follow|setter_pounce_sequence_window|setter_reckless_count_to_bidder,,proxy-only:public-role-and-action-local-labels,,unavailable:not-present-in-retained-action-tables,,unavailable:not-present-in-retained-action-tables,available:actual-action-indicator-without-policy-probability,,unavailable:not-present-in-retained-action-tables,,unavailable:not-present-in-retained-action-tables,,,,unavailable:no-cross-decision-plan-state-or-intervention,proxy-only:fixed-threshold-and-tail-rankings-without-transform-consumer-or-context,,fixed-bid30:declaration-and-risk-proxies-only; no auction choices/history,,unavailable:not-present-in-retained-action-tables,,,unavailable:not-present-in-retained-action-tables,,e84_public_candidate|e84_public_double_count_4|e84_public_off_count_2|e84_public_trump_count_1|e84_public_two_off_same_suit,hidden_proxy_count_pressure|hidden_proxy_late_information_rich|hidden_proxy_opponent_controls_trick,ch05_reckless_count_to_bidder|e84_public_candidate|e84_public_double_count_4|e84_public_off_count_2|e84_public_trump_count_1|e84_public_two_off_same_suit|follower_count_into_opponent_control|follower_opponent_currently_winning|hidden_proxy_count_pressure|hidden_proxy_late_information_rich|hidden_proxy_opponent_controls_trick|phase_late|role_setter|seat_pos_1|sequence_follow|setter_pounce_sequence_window|setter_reckless_count_to_bidder,ch05_reckless_count_to_bidder|follower_count_into_opponent_control|follower_opponent_currently_winning|phase_late|role_setter|seat_pos_1|sequence_follow|setter_pounce_sequence_window|setter_reckless_count_to_bidder,ch05_reckless_count_to_bidder|defensive_pounce_window|defensive_reckless_count_to_bidder|phase_late_trick_5_6|position_follow|role_defender|role_right_setter|role_setter|seat_second_follow,eval_e84_dead_asset_release_control|eval_e84_defender_live_double_weapon|eval_e84_defender_live_same_suit_pair,oracle/distribution columns are offline labels; role/order and proxy labels are public/action-local; eval_only_labels are never asserted as runtime features
w42.partnership_failure_atlas.v2,197ab7498b94fc07b6b547e3,corpus_v2_train_80-89_d0-9.pt:89:24,4-1,corpus_v2_train_80-89_d0-9.pt,88,89,24,no-trump,30,2,bidder_partner,partner,offense,6,0,lead,late,5,false,false,,0,false,true,true,true,21.942306518554688,0.0,1.0,0.0,18,available:derived-from-role-and-bid-using-retained-w42-semantics,P(Q>=threshold_q); threshold_q is role-and-bid-dependent,-18,P(Q<=-18),true,true,0.0,1,0,1,1,0,0,ch04_partner_lead_count_liability|ch04_partner_support_regime|phase_late|role_partner|seat_pos_0|sequence_lead,true,true,false,ch04_partner_lead_count_liability|ch04_partner_support_regime|phase_late|role_partner|seat_pos_0|sequence_lead,available:phase4-positive-and-negative-detector-sets,true,proxy-only:is-best-threshold-not-actual-gus-output,,unavailable:no-positional-cross-corpus-match,1,21.9423065186,21.9423065186,0,0,1,4-1,0.0,true,,unavailable:policy-not-fingerprinted-in-retained-action-tables,,unjoinable:no-shared-champion-action-state-fingerprint,available:exact-action-key,available:exact-action-key,available:exact-action-key,available:exact-action-key,available:exact-action-key,partial:q-outcome-summaries-without-worlds-weights-or-calibration,,unavailable:not-present-in-retained-action-tables,,unavailable:not-retained-with-compatible-action-rows,,unavailable:not-retained-with-compatible-action-rows,,unavailable:not-retained-with-compatible-action-rows,,unavailable:not-retained-with-compatible-action-rows,,unavailable:not-retained-with-compatible-action-rows,,,,unjoinable:gus-corpus-state-namespace,available:public-role-seat-order-and-phase,phase_late|role_partner|seat_pos_0|sequence_lead,ch04_partner_lead_count_liability|ch04_partner_support_regime|partner_support_sequence_context,proxy-only:public-role-and-action-local-labels,,unavailable:not-present-in-retained-action-tables,,unavailable:not-present-in-retained-action-tables,available:actual-action-indicator-without-policy-probability,,unavailable:not-present-in-retained-action-tables,,unavailable:not-present-in-retained-action-tables,,,,unavailable:no-cross-decision-plan-state-or-intervention,proxy-only:fixed-threshold-and-tail-rankings-without-transform-consumer-or-context,,fixed-bid30:declaration-and-risk-proxies-only; no auction choices/history,,unavailable:not-present-in-retained-action-tables,,,unavailable:not-present-in-retained-action-tables,dnt_nt_count_candidate|dnt_nt_count_capture|dnt_regime_no_trump,,hidden_proxy_count_pressure|hidden_proxy_late_information_rich,dnt_nt_count_candidate|dnt_nt_count_capture|dnt_regime_no_trump|hidden_proxy_count_pressure|hidden_proxy_late_information_rich|partner_support_sequence_context|phase_late|role_partner|seat_pos_0|sequence_lead,partner_support_sequence_context|phase_late|role_partner|seat_pos_0|sequence_lead,partner_count_takes_control|partner_support_context|phase_late_trick_5_6|position_lead|role_partner|seat_first_lead,,oracle/distribution columns are offline labels; role/order and proxy labels are public/action-local; eval_only_labels are never asserted as runtime features
w42.partnership_failure_atlas.v2,19888d5be003d8e8f4c6cd67,corpus_v2_train_0-9_d0-9.pt:64:9,6-2,corpus_v2_train_0-9_d0-9.pt,6,64,9,fours,30,1,left_setter,setter,defense,2,1,second,middle,0,false,false,offense,0,false,false,false,false,-15.970357894897461,0.1833515167236328,0.38999998569488525,0.6050000190734863,-17,available:derived-from-role-and-bid-using-retained-w42-semantics,P(Q>=threshold_q); threshold_q is role-and-bid-dependent,-18,P(Q<=-18),true,false,0.0,2,0,2,0,0,0,ch05_noncount_to_bidder_control_alternative|ch05_setter_pressure_regime|phase_middle|role_setter|seat_pos_1|sequence_follow,false,false,true,ch05_noncount_to_bidder_control_alternative|ch05_setter_pressure_regime|phase_middle|role_setter|seat_pos_1|sequence_follow,available:phase4-positive-and-negative-detector-sets,true,proxy-only:is-best-threshold-not-actual-gus-output,,unavailable:no-positional-cross-corpus-match,2,-15.9703578949,-15.7870063782,0.183351516724,0.183351516724,1,2-0,0.0,true,,unavailable:policy-not-fingerprinted-in-retained-action-tables,,unjoinable:no-shared-champion-action-state-fingerprint,available:exact-action-key,available:exact-action-key,available:exact-action-key,available:exact-action-key,available:exact-action-key,partial:q-outcome-summaries-without-worlds-weights-or-calibration,,unavailable:not-present-in-retained-action-tables,,unavailable:not-retained-with-compatible-action-rows,,unavailable:not-retained-with-compatible-action-rows,,unavailable:not-retained-with-compatible-action-rows,,unavailable:not-retained-with-compatible-action-rows,,unavailable:not-retained-with-compatible-action-rows,,,,unjoinable:gus-corpus-state-namespace,available:public-role-seat-order-and-phase,follower_opponent_currently_winning|phase_middle|role_setter|seat_pos_1|sequence_follow|setter_pounce_sequence_window,,proxy-only:public-role-and-action-local-labels,,unavailable:not-present-in-retained-action-tables,,unavailable:not-present-in-retained-action-tables,available:actual-action-indicator-without-policy-probability,,unavailable:not-present-in-retained-action-tables,,unavailable:not-present-in-retained-action-tables,,,,unavailable:no-cross-decision-plan-state-or-intervention,proxy-only:fixed-threshold-and-tail-rankings-without-transform-consumer-or-context,bidrisk_join_available|bidrisk_max_profitable_no_profitable_bid|bidrisk_off_count_5|bidrisk_pmake30_low|bidrisk_static_risk_le_12|bidrisk_trump_count_1|bidrisk_wilson_safe_no_profitable_bid,fixed-bid30:declaration-and-risk-proxies-only; no auction choices/history,,unavailable:not-present-in-retained-action-tables,,,unavailable:not-present-in-retained-action-tables,,,hidden_proxy_opponent_controls_trick,bidrisk_join_available|bidrisk_max_profitable_no_profitable_bid|bidrisk_off_count_5|bidrisk_pmake30_low|bidrisk_static_risk_le_12|bidrisk_trump_count_1|bidrisk_wilson_safe_no_profitable_bid|follower_opponent_currently_winning|hidden_proxy_opponent_controls_trick|phase_middle|role_setter|seat_pos_1|sequence_follow|setter_pounce_sequence_window,follower_opponent_currently_winning|phase_middle|role_setter|seat_pos_1|sequence_follow|setter_pounce_sequence_window,defensive_pounce_window|phase_middle_trick_2_4|position_follow|role_defender|role_left_setter|role_setter|seat_second_follow,,oracle/distribution columns are offline labels; role/order and proxy labels are public/action-local; eval_only_labels are never asserted as runtime features
w42.partnership_failure_atlas.v2,19bff45df392cca17a7a65a8,corpus_v2_train_50-59_d0-9.pt:42:6,5-1,corpus_v2_train_50-59_d0-9.pt,54,42,6,twos,30,2,bidder_partner,partner,offense,1,2,third,early,0,false,false,offense,0,false,false,false,false,-26.064058303833008,0.2826271057128906,0.03999999910593033,0.7900000214576721,18,available:derived-from-role-and-bid-using-retained-w42-semantics,P(Q>=threshold_q); threshold_q is role-and-bid-dependent,-18,P(Q<=-18),true,false,0.0,2,0,2,0,0,0,ch04_partner_noncount_before_closure_alternative|ch04_partner_support_regime|phase_early|role_partner|seat_pos_2|sequence_follow,false,false,true,ch04_partner_noncount_before_closure_alternative|ch04_partner_support_regime|phase_early|role_partner|seat_pos_2|sequence_follow,available:phase4-positive-and-negative-detector-sets,true,proxy-only:is-best-threshold-not-actual-gus-output,,unavailable:no-positional-cross-corpus-match,2,-26.0640583038,-25.7814311981,0.282627105713,0.282627105713,1,3-1,0.0,true,,unavailable:policy-not-fingerprinted-in-retained-action-tables,,unjoinable:no-shared-champion-action-state-fingerprint,available:exact-action-key,available:exact-action-key,available:exact-action-key,available:exact-action-key,available:exact-action-key,partial:q-outcome-summaries-without-worlds-weights-or-calibration,,unavailable:not-present-in-retained-action-tables,,unavailable:not-retained-with-compatible-action-rows,,unavailable:not-retained-with-compatible-action-rows,,unavailable:not-retained-with-compatible-action-rows,,unavailable:not-retained-with-compatible-action-rows,,unavailable:not-retained-with-compatible-action-rows,,,,unjoinable:gus-corpus-state-namespace,available:public-role-seat-order-and-phase,follower_partner_or_self_currently_winning|phase_early|role_partner|seat_pos_2|sequence_follow,ch04_partner_noncount_before_closure_alternative|ch04_partner_support_regime|follower_partner_or_self_currently_winning|partner_support_sequence_context,proxy-only:public-role-and-action-local-labels,,unavailable:not-present-in-retained-action-tables,,unavailable:not-present-in-retained-action-tables,available:actual-action-indicator-without-policy-probability,,unavailable:not-present-in-retained-action-tables,,unavailable:not-present-in-retained-action-tables,,,,unavailable:no-cross-decision-plan-state-or-intervention,proxy-only:fixed-threshold-and-tail-rankings-without-transform-consumer-or-context,,fixed-bid30:declaration-and-risk-proxies-only; no auction choices/history,,unavailable:not-present-in-retained-action-tables,,,unavailable:not-present-in-retained-action-tables,,,hidden_proxy_early_high_uncertainty|hidden_proxy_our_side_controls_trick,follower_partner_or_self_currently_winning|hidden_proxy_early_high_uncertainty|hidden_proxy_our_side_controls_trick|partner_support_sequence_context|phase_early|role_partner|seat_pos_2|sequence_follow,follower_partner_or_self_currently_winning|partner_support_sequence_context|phase_early|role_partner|seat_pos_2|sequence_follow,partner_support_context|phase_early_trick_0_1|position_follow|role_partner|seat_third_follow,,oracle/distribution columns are offline labels; role/order and proxy labels are public/action-local; eval_only_labels are never asserted as runtime features
w42.partnership_failure_atlas.v2,1c79fca52f453df859c306a8,corpus_v2_train_20-29_d0-9.pt:53:8,2-1,corpus_v2_train_20-29_d0-9.pt,25,53,8,threes,30,0,bidder,bidder,offense,2,0,lead,middle,0,false,false,,0,false,true,false,false,-17.006786346435547,1.5160770416259766,0.125,0.5649999976158142,18,available:derived-from-role-and-bid-using-retained-w42-semantics,P(Q>=threshold_q); threshold_q is role-and-bid-dependent,-18,P(Q<=-18),false,false,0.034999996423721313,5,1,4,2,1,0,ch03_bidder_lead_off_suit|ch03_bidder_lead_plan|phase_middle|role_bidder|seat_pos_0|sequence_lead,false,false,true,ch03_bidder_lead_off_suit|ch03_bidder_lead_plan|phase_middle|role_bidder|seat_pos_0|sequence_lead,available:phase4-positive-and-negative-detector-sets,false,proxy-only:is-best-threshold-not-actual-gus-output,,unavailable:no-positional-cross-corpus-match,5,-22.2481155396,-15.4907093048,6.75740623474,0.148733139038,1,3-1,0.0,true,,unavailable:policy-not-fingerprinted-in-retained-action-tables,,unjoinable:no-shared-champion-action-state-fingerprint,available:exact-action-key,available:exact-action-key,available:exact-action-key,available:exact-action-key,available:exact-action-key,partial:q-outcome-summaries-without-worlds-weights-or-calibration,,unavailable:not-present-in-retained-action-tables,,unavailable:not-retained-with-compatible-action-rows,,unavailable:not-retained-with-compatible-action-rows,,unavailable:not-retained-with-compatible-action-rows,,unavailable:not-retained-with-compatible-action-rows,,unavailable:not-retained-with-compatible-action-rows,,,,unjoinable:gus-corpus-state-namespace,available:public-role-seat-order-and-phase,phase_middle|role_bidder|seat_pos_0|sequence_lead,,proxy-only:public-role-and-action-local-labels,,unavailable:not-present-in-retained-action-tables,,unavailable:not-present-in-retained-action-tables,available:actual-action-indicator-without-policy-probability,,unavailable:not-present-in-retained-action-tables,,unavailable:not-present-in-retained-action-tables,bidder_lead_plan|ch03_bidder_lead_plan,,,unavailable:no-cross-decision-plan-state-or-intervention,proxy-only:fixed-threshold-and-tail-rankings-without-transform-consumer-or-context,,fixed-bid30:declaration-and-risk-proxies-only; no auction choices/history,,unavailable:not-present-in-retained-action-tables,,,unavailable:not-present-in-retained-action-tables,,,,bidder_lead_noncount|bidder_lead_off_suit|bidder_lead_plan|phase_middle|role_bidder|seat_pos_0|sequence_lead,bidder_lead_noncount|bidder_lead_off_suit|bidder_lead_plan|phase_middle|role_bidder|seat_pos_0|sequence_lead,phase_middle_trick_2_4|position_lead|role_bidder|seat_first_lead,,oracle/distribution columns are offline labels; role/order and proxy labels are public/action-local; eval_only_labels are never asserted as runtime features
w42.partnership_failure_atlas.v2,1ca3411485e2aaaab7c28884,corpus_v2_train_0-9_d0-9.pt:94:11,2-1,corpus_v2_train_0-9_d0-9.pt,9,94,11,fours,30,3,right_setter,setter,defense,2,3,last,middle,0,false,false,defense,10,false,false,true,false,25.6055965423584,0.19866561889648438,1.0,0.0,-17,available:derived-from-role-and-bid-using-retained-w42-semantics,P(Q>=threshold_q); threshold_q is role-and-bid-dependent,-18,P(Q<=-18),true,true,0.0,5,2,3,0,2,2,ch05_noncount_on_closure_defensive_win|ch05_setter_pressure_regime|phase_middle|role_setter|seat_pos_3|sequence_closure,false,false,false,ch05_noncount_on_closure_defensive_win|ch05_setter_pressure_regime|phase_middle|role_setter|seat_pos_3|sequence_closure,available:phase4-positive-and-negative-detector-sets,true,proxy-only:is-best-threshold-not-actual-gus-output,,unavailable:no-positional-cross-corpus-match,5,22.7824993134,25.8042621613,3.0217628479,0.198665618896,1,2-1,0.19866561889648438,false,,unavailable:policy-not-fingerprinted-in-retained-action-tables,,unjoinable:no-shared-champion-action-state-fingerprint,available:exact-action-key,available:exact-action-key,available:exact-action-key,available:exact-action-key,available:exact-action-key,partial:q-outcome-summaries-without-worlds-weights-or-calibration,,unavailable:not-present-in-retained-action-tables,,unavailable:not-retained-with-compatible-action-rows,,unavailable:not-retained-with-compatible-action-rows,,unavailable:not-retained-with-compatible-action-rows,,unavailable:not-retained-with-compatible-action-rows,,unavailable:not-retained-with-compatible-action-rows,,,,unjoinable:gus-corpus-state-namespace,available:public-role-seat-order-and-phase,closure_decline_trick|closure_sequence_decision|follower_partner_or_self_currently_winning|phase_middle|role_setter|seat_pos_3|sequence_last_to_act,follower_partner_or_self_currently_winning,proxy-only:public-role-and-action-local-labels,,unavailable:not-present-in-retained-action-tables,,unavailable:not-present-in-retained-action-tables,available:actual-action-indicator-without-policy-probability,,unavailable:not-present-in-retained-action-tables,,unavailable:not-present-in-retained-action-tables,,,,unavailable:no-cross-decision-plan-state-or-intervention,proxy-only:fixed-threshold-and-tail-rankings-without-transform-consumer-or-context,bidrisk_join_available|bidrisk_max_profitable_natural_30_31|bidrisk_minimum_shape_low_risk|bidrisk_natural_bucket_candidate|bidrisk_off_count_3|bidrisk_pmake30_high|bidrisk_static_risk_le_12|bidrisk_trump_count_3|bidrisk_wilson_safe_no_profitable_bid,fixed-bid30:declaration-and-risk-proxies-only; no auction choices/history,,unavailable:not-present-in-retained-action-tables,,,unavailable:not-present-in-retained-action-tables,,,hidden_proxy_closure_information|hidden_proxy_our_side_controls_trick,bidrisk_join_available|bidrisk_max_profitable_natural_30_31|bidrisk_minimum_shape_low_risk|bidrisk_natural_bucket_candidate|bidrisk_off_count_3|bidrisk_pmake30_high|bidrisk_static_risk_le_12|bidrisk_trump_count_3|bidrisk_wilson_safe_no_profitable_bid|closure_decline_trick|closure_sequence_decision|follower_partner_or_self_currently_winning|hidden_proxy_closure_information|hidden_proxy_our_side_controls_trick|phase_middle|role_setter|seat_pos_3|sequence_last_to_act,closure_decline_trick|closure_sequence_decision|follower_partner_or_self_currently_winning|phase_middle|role_setter|seat_pos_3|sequence_last_to_act,closure_decision|closure_decline_or_slough|phase_middle_trick_2_4|position_follow|position_last_to_act|role_defender|role_right_setter|role_setter|seat_fourth_closure,,oracle/distribution columns are offline labels; role/order and proxy labels are public/action-local; eval_only_labels are never asserted as runtime features
w42.partnership_failure_atlas.v2,1d90078f0d0e6cffad9f725a,corpus_v2_train_50-59_d0-9.pt:79:11,5-4,corpus_v2_train_50-59_d0-9.pt,57,79,11,no-trump,30,3,right_setter,setter,defense,2,3,last,middle,0,false,false,defense,10,false,false,false,false,18.41935157775879,3.0567474365234375,1.0,0.0,-17,available:derived-from-role-and-bid-using-retained-w42-semantics,P(Q>=threshold_q); threshold_q is role-and-bid-dependent,-18,P(Q<=-18),true,true,0.0,5,0,5,1,0,0,ch05_noncount_on_closure_defensive_win|ch05_setter_pressure_regime|phase_middle|role_setter|seat_pos_3|sequence_closure,false,false,false,ch05_noncount_on_closure_defensive_win|ch05_setter_pressure_regime|phase_middle|role_setter|seat_pos_3|sequence_closure,available:phase4-positive-and-negative-detector-sets,true,proxy-only:is-best-threshold-not-actual-gus-output,,unavailable:no-positional-cross-corpus-match,5,18.4193515778,21.4760990143,3.05674743652,1.33215522766,1,4-1,0.0,true,,unavailable:policy-not-fingerprinted-in-retained-action-tables,,unjoinable:no-shared-champion-action-state-fingerprint,available:exact-action-key,available:exact-action-key,available:exact-action-key,available:exact-action-key,available:exact-action-key,partial:q-outcome-summaries-without-worlds-weights-or-calibration,,unavailable:not-present-in-retained-action-tables,,unavailable:not-retained-with-compatible-action-rows,,unavailable:not-retained-with-compatible-action-rows,,unavailable:not-retained-with-compatible-action-rows,,unavailable:not-retained-with-compatible-action-rows,,unavailable:not-retained-with-compatible-action-rows,,,,unjoinable:gus-corpus-state-namespace,available:public-role-seat-order-and-phase,closure_decline_trick|closure_sequence_decision|follower_partner_or_self_currently_winning|phase_middle|role_setter|seat_pos_3|sequence_last_to_act,follower_partner_or_self_currently_winning,proxy-only:public-role-and-action-local-labels,,unavailable:not-present-in-retained-action-tables,,unavailable:not-present-in-retained-action-tables,available:actual-action-indicator-without-policy-probability,,unavailable:not-present-in-retained-action-tables,,unavailable:not-present-in-retained-action-tables,,,,unavailable:no-cross-decision-plan-state-or-intervention,proxy-only:fixed-threshold-and-tail-rankings-without-transform-consumer-or-context,,fixed-bid30:declaration-and-risk-proxies-only; no auction choices/history,,unavailable:not-present-in-retained-action-tables,,,unavailable:not-present-in-retained-action-tables,dnt_regime_no_trump,,hidden_proxy_closure_information|hidden_proxy_our_side_controls_trick,closure_decline_trick|closure_sequence_decision|dnt_regime_no_trump|follower_partner_or_self_currently_winning|hidden_proxy_closure_information|hidden_proxy_our_side_controls_trick|phase_middle|role_setter|seat_pos_3|sequence_last_to_act,closure_decline_trick|closure_sequence_decision|follower_partner_or_self_currently_winning|phase_middle|role_setter|seat_pos_3|sequence_last_to_act,closure_decision|closure_decline_or_slough|phase_middle_trick_2_4|position_follow|position_last_to_act|role_defender|role_right_setter|role_setter|seat_fourth_closure,,oracle/distribution columns are offline labels; role/order and proxy labels are public/action-local; eval_only_labels are never asserted as runtime features
w42.partnership_failure_atlas.v2,1e87b5e1926ba493a7578363,corpus_v2_train_70-79_d0-9.pt:9:2,3-0,corpus_v2_train_70-79_d0-9.pt,70,9,2,no-trump,30,2,bidder_partner,partner,offense,0,2,third,early,0,false,false,offense,0,false,false,true,true,17.348979949951172,0.0,0.5049999952316284,0.019999999552965164,18,available:derived-from-role-and-bid-using-retained-w42-semantics,P(Q>=threshold_q); threshold_q is role-and-bid-dependent,-18,P(Q<=-18),true,true,0.0,1,0,1,0,0,0,ch04_partner_noncount_before_closure_alternative|ch04_partner_support_regime|phase_early|role_partner|seat_pos_2|sequence_follow,true,false,true,ch04_partner_noncount_before_closure_alternative|ch04_partner_support_regime|phase_early|role_partner|seat_pos_2|sequence_follow,available:phase4-positive-and-negative-detector-sets,true,proxy-only:is-best-threshold-not-actual-gus-output,,unavailable:no-positional-cross-corpus-match,1,17.34897995,17.34897995,0,0,1,3-0,0.0,true,,unavailable:policy-not-fingerprinted-in-retained-action-tables,,unjoinable:no-shared-champion-action-state-fingerprint,available:exact-action-key,available:exact-action-key,available:exact-action-key,available:exact-action-key,available:exact-action-key,partial:q-outcome-summaries-without-worlds-weights-or-calibration,,unavailable:not-present-in-retained-action-tables,,unavailable:not-retained-with-compatible-action-rows,,unavailable:not-retained-with-compatible-action-rows,,unavailable:not-retained-with-compatible-action-rows,,unavailable:not-retained-with-compatible-action-rows,,unavailable:not-retained-with-compatible-action-rows,,,,unjoinable:gus-corpus-state-namespace,available:public-role-seat-order-and-phase,follower_partner_or_self_currently_winning|phase_early|role_partner|seat_pos_2|sequence_follow,ch04_partner_noncount_before_closure_alternative|ch04_partner_support_regime|follower_partner_or_self_currently_winning|partner_support_sequence_context,proxy-only:public-role-and-action-local-labels,,unavailable:not-present-in-retained-action-tables,,unavailable:not-present-in-retained-action-tables,available:actual-action-indicator-without-policy-probability,,unavailable:not-present-in-retained-action-tables,,unavailable:not-present-in-retained-action-tables,,,,unavailable:no-cross-decision-plan-state-or-intervention,proxy-only:fixed-threshold-and-tail-rankings-without-transform-consumer-or-context,,fixed-bid30:declaration-and-risk-proxies-only; no auction choices/history,,unavailable:not-present-in-retained-action-tables,,,unavailable:not-present-in-retained-action-tables,dnt_regime_no_trump,,hidden_proxy_early_high_uncertainty|hidden_proxy_our_side_controls_trick,dnt_regime_no_trump|follower_partner_or_self_currently_winning|hidden_proxy_early_high_uncertainty|hidden_proxy_our_side_controls_trick|partner_support_sequence_context|phase_early|role_partner|seat_pos_2|sequence_follow,follower_partner_or_self_currently_winning|partner_support_sequence_context|phase_early|role_partner|seat_pos_2|sequence_follow,partner_support_context|phase_early_trick_0_1|position_follow|role_partner|seat_third_follow,,oracle/distribution columns are offline labels; role/order and proxy labels are public/action-local; eval_only_labels are never asserted as runtime features
w42.partnership_failure_atlas.v2,1e9e02d5a6114e14d0f1fd37,corpus_v2_train_80-89_d0-9.pt:89:23,6-0,corpus_v2_train_80-89_d0-9.pt,88,89,23,no-trump,30,1,left_setter,setter,defense,5,3,last,late,0,false,false,offense,15,false,false,false,false,-39.18871307373047,0.00858306884765625,0.0,1.0,-17,available:derived-from-role-and-bid-using-retained-w42-semantics,P(Q>=threshold_q); threshold_q is role-and-bid-dependent,-18,P(Q<=-18),true,true,0.0,2,0,2,0,0,0,ch05_noncount_to_bidder_control_alternative|ch05_setter_pressure_regime|phase_late|role_setter|seat_pos_3|sequence_closure,false,false,true,ch05_noncount_to_bidder_control_alternative|ch05_setter_pressure_regime|phase_late|role_setter|seat_pos_3|sequence_closure,available:phase4-positive-and-negative-detector-sets,true,proxy-only:is-best-threshold-not-actual-gus-output,,unavailable:no-positional-cross-corpus-match,2,-39.1887130737,-39.1801300049,0.00858306884766,0.00858306884766,1,6-3,0.0,true,,unavailable:policy-not-fingerprinted-in-retained-action-tables,,unjoinable:no-shared-champion-action-state-fingerprint,available:exact-action-key,available:exact-action-key,available:exact-action-key,available:exact-action-key,available:exact-action-key,partial:q-outcome-summaries-without-worlds-weights-or-calibration,,unavailable:not-present-in-retained-action-tables,,unavailable:not-retained-with-compatible-action-rows,,unavailable:not-retained-with-compatible-action-rows,,unavailable:not-retained-with-compatible-action-rows,,unavailable:not-retained-with-compatible-action-rows,,unavailable:not-retained-with-compatible-action-rows,,,,unjoinable:gus-corpus-state-namespace,available:public-role-seat-order-and-phase,closure_decline_trick|closure_sequence_decision|follower_opponent_currently_winning|phase_late|role_setter|seat_pos_3|sequence_last_to_act|setter_pounce_sequence_window,,proxy-only:public-role-and-action-local-labels,,unavailable:not-present-in-retained-action-tables,,unavailable:not-present-in-retained-action-tables,available:actual-action-indicator-without-policy-probability,,unavailable:not-present-in-retained-action-tables,,unavailable:not-present-in-retained-action-tables,,,,unavailable:no-cross-decision-plan-state-or-intervention,proxy-only:fixed-threshold-and-tail-rankings-without-transform-consumer-or-context,,fixed-bid30:declaration-and-risk-proxies-only; no auction choices/history,,unavailable:not-present-in-retained-action-tables,,,unavailable:not-present-in-retained-action-tables,dnt_regime_no_trump,,hidden_proxy_closure_information|hidden_proxy_late_information_rich|hidden_proxy_opponent_controls_trick,closure_decline_trick|closure_sequence_decision|dnt_regime_no_trump|follower_opponent_currently_winning|hidden_proxy_closure_information|hidden_proxy_late_information_rich|hidden_proxy_opponent_controls_trick|phase_late|role_setter|seat_pos_3|sequence_last_to_act|setter_pounce_sequence_window,closure_decline_trick|closure_sequence_decision|follower_opponent_currently_winning|phase_late|role_setter|seat_pos_3|sequence_last_to_act|setter_pounce_sequence_window,closure_decision|closure_decline_or_slough|defensive_pounce_window|phase_late_trick_5_6|position_follow|position_last_to_act|role_defender|role_left_setter|role_setter|seat_fourth_closure,,oracle/distribution columns are offline labels; role/order and proxy labels are public/action-local; eval_only_labels are never asserted as runtime features
w42.partnership_failure_atlas.v2,20a1cacf128eb4e53fa7c76b,corpus_v2_train_50-59_d0-9.pt:18:11,4-4,corpus_v2_train_50-59_d0-9.pt,51,18,11,doubles-suit,30,2,bidder_partner,partner,offense,2,3,last,middle,0,true,true,defense,0,false,false,true,true,-0.4773997366428375,0.0,0.27000001072883606,0.19499999284744263,18,available:derived-from-role-and-bid-using-retained-w42-semantics,P(Q>=threshold_q); threshold_q is role-and-bid-dependent,-18,P(Q<=-18),true,true,0.0,3,3,0,1,3,0,ch04_partner_support_regime|phase_middle|role_partner|seat_pos_3|sequence_closure,true,false,false,ch04_partner_support_regime|phase_middle|role_partner|seat_pos_3|sequence_closure,available:phase4-positive-and-negative-detector-sets,true,proxy-only:is-best-threshold-not-actual-gus-output,,unavailable:no-positional-cross-corpus-match,3,-15.2070426941,-0.477399736643,14.7296429574,0.264006823301,1,4-4,0.0,true,,unavailable:policy-not-fingerprinted-in-retained-action-tables,,unjoinable:no-shared-champion-action-state-fingerprint,available:exact-action-key,available:exact-action-key,available:exact-action-key,available:exact-action-key,available:exact-action-key,partial:q-outcome-summaries-without-worlds-weights-or-calibration,,unavailable:not-present-in-retained-action-tables,,unavailable:not-retained-with-compatible-action-rows,,unavailable:not-retained-with-compatible-action-rows,,unavailable:not-retained-with-compatible-action-rows,,unavailable:not-retained-with-compatible-action-rows,,unavailable:not-retained-with-compatible-action-rows,,,,unjoinable:gus-corpus-state-namespace,available:public-role-seat-order-and-phase,closure_decline_trick|closure_sequence_decision|follower_opponent_currently_winning|phase_middle|role_partner|seat_pos_3|sequence_last_to_act,ch04_partner_support_regime|partner_support_sequence_context,proxy-only:public-role-and-action-local-labels,,unavailable:not-present-in-retained-action-tables,,unavailable:not-present-in-retained-action-tables,available:actual-action-indicator-without-policy-probability,,unavailable:not-present-in-retained-action-tables,,unavailable:not-present-in-retained-action-tables,,,,unavailable:no-cross-decision-plan-state-or-intervention,proxy-only:fixed-threshold-and-tail-rankings-without-transform-consumer-or-context,,fixed-bid30:declaration-and-risk-proxies-only; no auction choices/history,,unavailable:not-present-in-retained-action-tables,,,unavailable:not-present-in-retained-action-tables,dnt_dt_candidate_double|dnt_regime_doubles-suit,,hidden_proxy_closure_information|hidden_proxy_opponent_controls_trick,closure_decline_trick|closure_sequence_decision|dnt_dt_candidate_double|dnt_regime_doubles-suit|follower_opponent_currently_winning|hidden_proxy_closure_information|hidden_proxy_opponent_controls_trick|partner_support_sequence_context|phase_middle|role_partner|seat_pos_3|sequence_last_to_act,closure_decline_trick|closure_sequence_decision|follower_opponent_currently_winning|partner_support_sequence_context|phase_middle|role_partner|seat_pos_3|sequence_last_to_act,closure_decision|closure_decline_or_slough|partner_support_context|phase_middle_trick_2_4|position_follow|position_last_to_act|role_partner|seat_fourth_closure,,oracle/distribution columns are offline labels; role/order and proxy labels are public/action-local; eval_only_labels are never asserted as runtime features
w42.partnership_failure_atlas.v2,20ac43018843f588d587d9f2,corpus_v2_train_60-69_d0-9.pt:60:2,5-0,corpus_v2_train_60-69_d0-9.pt,66,60,2,blanks,30,2,bidder_partner,partner,offense,0,2,third,early,5,true,false,offense,0,false,false,false,false,9.202071189880371,7.906601905822754,0.39500001072883606,0.11500000208616257,18,available:derived-from-role-and-bid-using-retained-w42-semantics,P(Q>=threshold_q); threshold_q is role-and-bid-dependent,-18,P(Q<=-18),false,false,0.08499997854232788,2,2,0,1,0,0,ch04_low_trump_trap_count_dump_proxy|ch04_partner_count_before_closure_not_guaranteed|ch04_partner_support_regime|phase_early|role_partner|seat_pos_2|sequence_follow,false,true,false,ch04_low_trump_trap_count_dump_proxy|ch04_partner_count_before_closure_not_guaranteed|ch04_partner_support_regime|phase_early|role_partner|seat_pos_2|sequence_follow,available:phase4-positive-and-negative-detector-sets,false,proxy-only:is-best-threshold-not-actual-gus-output,,unavailable:no-positional-cross-corpus-match,2,9.20207118988,17.1086730957,7.90660190582,7.90660190582,1,2-0,0.0,true,,unavailable:policy-not-fingerprinted-in-retained-action-tables,,unjoinable:no-shared-champion-action-state-fingerprint,available:exact-action-key,available:exact-action-key,available:exact-action-key,available:exact-action-key,available:exact-action-key,partial:q-outcome-summaries-without-worlds-weights-or-calibration,,unavailable:not-present-in-retained-action-tables,,unavailable:not-retained-with-compatible-action-rows,,unavailable:not-retained-with-compatible-action-rows,,unavailable:not-retained-with-compatible-action-rows,,unavailable:not-retained-with-compatible-action-rows,,unavailable:not-retained-with-compatible-action-rows,,,,unjoinable:gus-corpus-state-namespace,available:public-role-seat-order-and-phase,follower_partner_or_self_currently_winning|follower_safe_count_to_current_control|phase_early|role_partner|seat_pos_2|sequence_follow,ch04_partner_count_before_closure_not_guaranteed|ch04_partner_safe_count_donation_current_control|ch04_partner_support_regime|follower_partner_or_self_currently_winning|partner_count_timing_early|partner_count_when_bidder_side_controls|partner_support_sequence_context,proxy-only:public-role-and-action-local-labels,,unavailable:not-present-in-retained-action-tables,,unavailable:not-present-in-retained-action-tables,available:actual-action-indicator-without-policy-probability,,unavailable:not-present-in-retained-action-tables,,unavailable:not-present-in-retained-action-tables,,,,unavailable:no-cross-decision-plan-state-or-intervention,proxy-only:fixed-threshold-and-tail-rankings-without-transform-consumer-or-context,,fixed-bid30:declaration-and-risk-proxies-only; no auction choices/history,,unavailable:not-present-in-retained-action-tables,,,unavailable:not-present-in-retained-action-tables,,,hidden_proxy_count_pressure|hidden_proxy_early_high_uncertainty|hidden_proxy_our_side_controls_trick,ch04_partner_safe_count_donation_current_control|follower_partner_or_self_currently_winning|follower_safe_count_to_current_control|hidden_proxy_count_pressure|hidden_proxy_early_high_uncertainty|hidden_proxy_our_side_controls_trick|partner_count_timing_early|partner_count_when_bidder_side_controls|partner_support_sequence_context|phase_early|role_partner|seat_pos_2|sequence_follow,ch04_partner_safe_count_donation_current_control|follower_partner_or_self_currently_winning|follower_safe_count_to_current_control|partner_count_timing_early|partner_count_when_bidder_side_controls|partner_support_sequence_context|phase_early|role_partner|seat_pos_2|sequence_follow,ch04_partner_safe_count_donation_current_control|partner_support_context|partner_support_count_current_control|phase_early_trick_0_1|position_follow|role_partner|seat_third_follow,,oracle/distribution columns are offline labels; role/order and proxy labels are public/action-local; eval_only_labels are never asserted as runtime features
w42.partnership_failure_atlas.v2,21c2b2a53e90dd00d918d7be,corpus_v2_train_50-59_d0-9.pt:74:21,3-3,corpus_v2_train_50-59_d0-9.pt,57,74,21,fours,30,2,bidder_partner,partner,offense,5,1,second,late,0,false,true,defense,5,true,true,true,true,12.587453842163086,0.0,0.0,0.0,18,available:derived-from-role-and-bid-using-retained-w42-semantics,P(Q>=threshold_q); threshold_q is role-and-bid-dependent,-18,P(Q<=-18),true,true,0.0,1,0,1,0,1,1,ch04_partner_support_regime|phase_late|role_partner|seat_pos_1|sequence_follow,true,false,false,ch04_partner_support_regime|phase_late|role_partner|seat_pos_1|sequence_follow,available:phase4-positive-and-negative-detector-sets,true,proxy-only:is-best-threshold-not-actual-gus-output,,unavailable:no-positional-cross-corpus-match,1,12.5874538422,12.5874538422,0,0,1,3-3,0.0,true,,unavailable:policy-not-fingerprinted-in-retained-action-tables,,unjoinable:no-shared-champion-action-state-fingerprint,available:exact-action-key,available:exact-action-key,available:exact-action-key,available:exact-action-key,available:exact-action-key,partial:q-outcome-summaries-without-worlds-weights-or-calibration,,unavailable:not-present-in-retained-action-tables,,unavailable:not-retained-with-compatible-action-rows,,unavailable:not-retained-with-compatible-action-rows,,unavailable:not-retained-with-compatible-action-rows,,unavailable:not-retained-with-compatible-action-rows,,unavailable:not-retained-with-compatible-action-rows,,,,unjoinable:gus-corpus-state-namespace,available:public-role-seat-order-and-phase,follower_can_beat_opponent|follower_opponent_currently_winning|follower_take_control_from_opponent|phase_late|role_partner|seat_pos_1|sequence_follow,ch04_partner_support_regime|partner_support_sequence_context,proxy-only:public-role-and-action-local-labels,,unavailable:not-present-in-retained-action-tables,,unavailable:not-present-in-retained-action-tables,available:actual-action-indicator-without-policy-probability,,unavailable:not-present-in-retained-action-tables,,unavailable:not-present-in-retained-action-tables,,,,unavailable:no-cross-decision-plan-state-or-intervention,proxy-only:fixed-threshold-and-tail-rankings-without-transform-consumer-or-context,,fixed-bid30:declaration-and-risk-proxies-only; no auction choices/history,,unavailable:not-present-in-retained-action-tables,,,unavailable:not-present-in-retained-action-tables,,,hidden_proxy_control_shift_available|hidden_proxy_late_information_rich|hidden_proxy_opponent_controls_trick,follower_can_beat_opponent|follower_opponent_currently_winning|follower_take_control_from_opponent|hidden_proxy_control_shift_available|hidden_proxy_late_information_rich|hidden_proxy_opponent_controls_trick|partner_support_sequence_context|phase_late|role_partner|seat_pos_1|sequence_follow,follower_can_beat_opponent|follower_opponent_currently_winning|follower_take_control_from_opponent|partner_support_sequence_context|phase_late|role_partner|seat_pos_1|sequence_follow,partner_support_context|phase_late_trick_5_6|position_follow|role_partner|seat_second_follow,,oracle/distribution columns are offline labels; role/order and proxy labels are public/action-local; eval_only_labels are never asserted as runtime features
w42.partnership_failure_atlas.v2,2221f714c8c412bb8df1d443,corpus_v2_train_70-79_d0-9.pt:29:8,6-2,corpus_v2_train_70-79_d0-9.pt,72,29,8,no-trump,30,3,right_setter,setter,defense,2,0,lead,middle,0,false,false,,0,false,true,false,false,-7.677337646484375,17.520822525024414,0.574999988079071,0.41499999165534973,-17,available:derived-from-role-and-bid-using-retained-w42-semantics,P(Q>=threshold_q); threshold_q is role-and-bid-dependent,-18,P(Q<=-18),false,false,0.42500001192092896,5,0,5,0,2,0,ch05_generic_non_count_calling_lead|ch05_non_count_calling_lead|ch05_setter_pressure_regime|phase_middle|role_setter|seat_pos_0|sequence_lead,false,false,true,ch05_generic_non_count_calling_lead|ch05_non_count_calling_lead|ch05_setter_pressure_regime|phase_middle|role_setter|seat_pos_0|sequence_lead,available:phase4-positive-and-negative-detector-sets,false,proxy-only:is-best-threshold-not-actual-gus-output,,unavailable:no-positional-cross-corpus-match,5,-7.67733764648,9.84348487854,17.520822525,0.64958190918,1,1-1,0.6495819091796875,false,,unavailable:policy-not-fingerprinted-in-retained-action-tables,,unjoinable:no-shared-champion-action-state-fingerprint,available:exact-action-key,available:exact-action-key,available:exact-action-key,available:exact-action-key,available:exact-action-key,partial:q-outcome-summaries-without-worlds-weights-or-calibration,,unavailable:not-present-in-retained-action-tables,,unavailable:not-retained-with-compatible-action-rows,,unavailable:not-retained-with-compatible-action-rows,,unavailable:not-retained-with-compatible-action-rows,,unavailable:not-retained-with-compatible-action-rows,,unavailable:not-retained-with-compatible-action-rows,,,,unjoinable:gus-corpus-state-namespace,available:public-role-seat-order-and-phase,phase_middle|role_setter|seat_pos_0|sequence_lead,,proxy-only:public-role-and-action-local-labels,,unavailable:not-present-in-retained-action-tables,,unavailable:not-present-in-retained-action-tables,available:actual-action-indicator-without-policy-probability,,unavailable:not-present-in-retained-action-tables,,unavailable:not-present-in-retained-action-tables,,,,unavailable:no-cross-decision-plan-state-or-intervention,proxy-only:fixed-threshold-and-tail-rankings-without-transform-consumer-or-context,,fixed-bid30:declaration-and-risk-proxies-only; no auction choices/history,,unavailable:not-present-in-retained-action-tables,,,unavailable:not-present-in-retained-action-tables,dnt_regime_no_trump,,,dnt_regime_no_trump|phase_middle|role_setter|seat_pos_0|sequence_lead,phase_middle|role_setter|seat_pos_0|sequence_lead,phase_middle_trick_2_4|position_lead|role_defender|role_right_setter|role_setter|seat_first_lead,,oracle/distribution columns are offline labels; role/order and proxy labels are public/action-local; eval_only_labels are never asserted as runtime features
w42.partnership_failure_atlas.v2,24de5d169d195e0522cceb56,corpus_v2_train_70-79_d0-9.pt:14:0,5-0,corpus_v2_train_70-79_d0-9.pt,71,14,0,fours,30,0,bidder,bidder,offense,0,0,lead,early,5,false,false,,0,false,true,false,false,-15.791267395019531,10.432788372039795,0.0949999988079071,0.5099999904632568,18,available:derived-from-role-and-bid-using-retained-w42-semantics,P(Q>=threshold_q); threshold_q is role-and-bid-dependent,-18,P(Q<=-18),false,false,0.08500000834465027,7,2,5,1,1,0,ch03_bidder_count_liability_lead|ch03_bidder_lead_off_count|ch03_bidder_lead_off_suit|ch03_bidder_lead_plan|phase_early|role_bidder|seat_pos_0|sequence_lead,false,false,true,ch03_bidder_count_liability_lead|ch03_bidder_lead_off_count|ch03_bidder_lead_off_suit|ch03_bidder_lead_plan|phase_early|role_bidder|seat_pos_0|sequence_lead,available:phase4-positive-and-negative-detector-sets,false,proxy-only:is-best-threshold-not-actual-gus-output,,unavailable:no-positional-cross-corpus-match,7,-17.6709575653,-5.35847902298,12.3124785423,8.30860376358,1,3-3,0.0,true,,unavailable:policy-not-fingerprinted-in-retained-action-tables,,unjoinable:no-shared-champion-action-state-fingerprint,available:exact-action-key,available:exact-action-key,available:exact-action-key,available:exact-action-key,available:exact-action-key,partial:q-outcome-summaries-without-worlds-weights-or-calibration,,unavailable:not-present-in-retained-action-tables,,unavailable:not-retained-with-compatible-action-rows,,unavailable:not-retained-with-compatible-action-rows,,unavailable:not-retained-with-compatible-action-rows,,unavailable:not-retained-with-compatible-action-rows,,unavailable:not-retained-with-compatible-action-rows,,,,unjoinable:gus-corpus-state-namespace,available:public-role-seat-order-and-phase,phase_early|role_bidder|seat_pos_0|sequence_lead,,proxy-only:public-role-and-action-local-labels,,unavailable:not-present-in-retained-action-tables,,unavailable:not-present-in-retained-action-tables,available:actual-action-indicator-without-policy-probability,,unavailable:not-present-in-retained-action-tables,,unavailable:not-present-in-retained-action-tables,bidder_lead_plan|ch03_bidder_lead_plan,,,unavailable:no-cross-decision-plan-state-or-intervention,proxy-only:fixed-threshold-and-tail-rankings-without-transform-consumer-or-context,,fixed-bid30:declaration-and-risk-proxies-only; no auction choices/history,,unavailable:not-present-in-retained-action-tables,,,unavailable:not-present-in-retained-action-tables,,,hidden_proxy_count_pressure|hidden_proxy_early_high_uncertainty,bidder_lead_count|bidder_lead_off_count|bidder_lead_off_suit|bidder_lead_plan|hidden_proxy_count_pressure|hidden_proxy_early_high_uncertainty|phase_early|role_bidder|seat_pos_0|sequence_lead,bidder_lead_count|bidder_lead_off_count|bidder_lead_off_suit|bidder_lead_plan|phase_early|role_bidder|seat_pos_0|sequence_lead,phase_early_trick_0_1|position_lead|role_bidder|seat_first_lead,,oracle/distribution columns are offline labels; role/order and proxy labels are public/action-local; eval_only_labels are never asserted as runtime features
w42.partnership_failure_atlas.v2,2516689eb43b0b0b4734cd24,corpus_v2_train_10-19_d0-9.pt:32:10,6-5,corpus_v2_train_10-19_d0-9.pt,13,32,10,twos,30,1,left_setter,setter,defense,2,2,third,middle,0,false,false,defense,10,false,false,true,false,8.387062072753906,0.3686103820800781,0.8299999833106995,0.1550000011920929,-17,available:derived-from-role-and-bid-using-retained-w42-semantics,P(Q>=threshold_q); threshold_q is role-and-bid-dependent,-18,P(Q<=-18),true,false,0.0,3,0,3,1,0,0,ch05_noncount_before_certainty_alternative|ch05_setter_pressure_regime|phase_middle|role_setter|seat_pos_2|sequence_follow,false,false,true,ch05_noncount_before_certainty_alternative|ch05_setter_pressure_regime|phase_middle|role_setter|seat_pos_2|sequence_follow,available:phase4-positive-and-negative-detector-sets,true,proxy-only:is-best-threshold-not-actual-gus-output,,unavailable:no-positional-cross-corpus-match,3,7.94551467896,8.75567245483,0.810157775879,0.36861038208,1,6-5,0.3686103820800781,false,,unavailable:policy-not-fingerprinted-in-retained-action-tables,,unjoinable:no-shared-champion-action-state-fingerprint,available:exact-action-key,available:exact-action-key,available:exact-action-key,available:exact-action-key,available:exact-action-key,partial:q-outcome-summaries-without-worlds-weights-or-calibration,,unavailable:not-present-in-retained-action-tables,,unavailable:not-retained-with-compatible-action-rows,,unavailable:not-retained-with-compatible-action-rows,,unavailable:not-retained-with-compatible-action-rows,,unavailable:not-retained-with-compatible-action-rows,,unavailable:not-retained-with-compatible-action-rows,,,,unjoinable:gus-corpus-state-namespace,available:public-role-seat-order-and-phase,follower_partner_or_self_currently_winning|phase_middle|role_setter|seat_pos_2|sequence_follow,follower_partner_or_self_currently_winning,proxy-only:public-role-and-action-local-labels,,unavailable:not-present-in-retained-action-tables,,unavailable:not-present-in-retained-action-tables,available:actual-action-indicator-without-policy-probability,,unavailable:not-present-in-retained-action-tables,,unavailable:not-present-in-retained-action-tables,,,,unavailable:no-cross-decision-plan-state-or-intervention,proxy-only:fixed-threshold-and-tail-rankings-without-transform-consumer-or-context,,fixed-bid30:declaration-and-risk-proxies-only; no auction choices/history,,unavailable:not-present-in-retained-action-tables,,,unavailable:not-present-in-retained-action-tables,,,hidden_proxy_our_side_controls_trick,follower_partner_or_self_currently_winning|hidden_proxy_our_side_controls_trick|phase_middle|role_setter|seat_pos_2|sequence_follow,follower_partner_or_self_currently_winning|phase_middle|role_setter|seat_pos_2|sequence_follow,phase_middle_trick_2_4|position_follow|role_defender|role_left_setter|role_setter|seat_third_follow,,oracle/distribution columns are offline labels; role/order and proxy labels are public/action-local; eval_only_labels are never asserted as runtime features
w42.partnership_failure_atlas.v2,29b7e909c50f45a1cc35e138,corpus_v2_train_80-89_d0-9.pt:32:12,1-0,corpus_v2_train_80-89_d0-9.pt,83,32,12,twos,30,3,right_setter,setter,defense,3,0,lead,middle,0,false,false,,0,false,true,false,false,-12.382168769836426,17.01334810256958,0.5049999952316284,0.49000000953674316,-17,available:derived-from-role-and-bid-using-retained-w42-semantics,P(Q>=threshold_q); threshold_q is role-and-bid-dependent,-18,P(Q<=-18),false,false,0.29500001668930054,4,0,4,0,2,0,ch05_generic_non_count_calling_lead|ch05_non_count_calling_lead|ch05_setter_pressure_regime|phase_middle|role_setter|seat_pos_0|sequence_lead,false,false,true,ch05_generic_non_count_calling_lead|ch05_non_count_calling_lead|ch05_setter_pressure_regime|phase_middle|role_setter|seat_pos_0|sequence_lead,available:phase4-positive-and-negative-detector-sets,false,proxy-only:is-best-threshold-not-actual-gus-output,,unavailable:no-positional-cross-corpus-match,4,-12.3821687698,4.63117933273,17.0133481026,8.3351380825,1,4-4,0.0,true,,unavailable:policy-not-fingerprinted-in-retained-action-tables,,unjoinable:no-shared-champion-action-state-fingerprint,available:exact-action-key,available:exact-action-key,available:exact-action-key,available:exact-action-key,available:exact-action-key,partial:q-outcome-summaries-without-worlds-weights-or-calibration,,unavailable:not-present-in-retained-action-tables,,unavailable:not-retained-with-compatible-action-rows,,unavailable:not-retained-with-compatible-action-rows,,unavailable:not-retained-with-compatible-action-rows,,unavailable:not-retained-with-compatible-action-rows,,unavailable:not-retained-with-compatible-action-rows,,,,unjoinable:gus-corpus-state-namespace,available:public-role-seat-order-and-phase,phase_middle|role_setter|seat_pos_0|sequence_lead,,proxy-only:public-role-and-action-local-labels,,unavailable:not-present-in-retained-action-tables,,unavailable:not-present-in-retained-action-tables,available:actual-action-indicator-without-policy-probability,,unavailable:not-present-in-retained-action-tables,,unavailable:not-present-in-retained-action-tables,,,,unavailable:no-cross-decision-plan-state-or-intervention,proxy-only:fixed-threshold-and-tail-rankings-without-transform-consumer-or-context,,fixed-bid30:declaration-and-risk-proxies-only; no auction choices/history,,unavailable:not-present-in-retained-action-tables,,,unavailable:not-present-in-retained-action-tables,,,,phase_middle|role_setter|seat_pos_0|sequence_lead,phase_middle|role_setter|seat_pos_0|sequence_lead,phase_middle_trick_2_4|position_lead|role_defender|role_right_setter|role_setter|seat_first_lead,,oracle/distribution columns are offline labels; role/order and proxy labels are public/action-local; eval_only_labels are never asserted as runtime features
w42.partnership_failure_atlas.v2,2aeae97765aa54613cdd4ef7,corpus_v2_train_40-49_d0-9.pt:12:0,2-0,corpus_v2_train_40-49_d0-9.pt,41,12,0,twos,30,0,bidder,bidder,offense,0,0,lead,early,0,true,false,,0,false,true,false,false,-17.352458953857422,11.098029136657715,0.14499999582767487,0.5699999928474426,18,available:derived-from-role-and-bid-using-retained-w42-semantics,P(Q>=threshold_q); threshold_q is role-and-bid-dependent,-18,P(Q<=-18),false,false,0.025000005960464478,7,1,6,0,1,0,ch03_bidder_lead_plan|ch03_bidder_lead_trump_or_called|ch03_called_non_double|ch03_last_visible_trump_spent_before_off_proxy|phase_early|role_bidder|seat_pos_0|sequence_lead,false,true,false,ch03_bidder_lead_plan|ch03_bidder_lead_trump_or_called|ch03_called_non_double|ch03_last_visible_trump_spent_before_off_proxy|phase_early|role_bidder|seat_pos_0|sequence_lead,available:phase4-positive-and-negative-detector-sets,false,proxy-only:is-best-threshold-not-actual-gus-output,,unavailable:no-positional-cross-corpus-match,7,-22.9952926636,-6.2544298172,16.7408628464,11.0980291367,1,4-4,0.0,true,,unavailable:policy-not-fingerprinted-in-retained-action-tables,,unjoinable:no-shared-champion-action-state-fingerprint,available:exact-action-key,available:exact-action-key,available:exact-action-key,available:exact-action-key,available:exact-action-key,partial:q-outcome-summaries-without-worlds-weights-or-calibration,,unavailable:not-present-in-retained-action-tables,,unavailable:not-retained-with-compatible-action-rows,,unavailable:not-retained-with-compatible-action-rows,,unavailable:not-retained-with-compatible-action-rows,,unavailable:not-retained-with-compatible-action-rows,,unavailable:not-retained-with-compatible-action-rows,,,,unjoinable:gus-corpus-state-namespace,available:public-role-seat-order-and-phase,phase_early|role_bidder|seat_pos_0|sequence_lead,,proxy-only:public-role-and-action-local-labels,,unavailable:not-present-in-retained-action-tables,,unavailable:not-present-in-retained-action-tables,available:actual-action-indicator-without-policy-probability,,unavailable:not-present-in-retained-action-tables,,unavailable:not-present-in-retained-action-tables,bidder_lead_plan|ch03_bidder_lead_plan,,,unavailable:no-cross-decision-plan-state-or-intervention,proxy-only:fixed-threshold-and-tail-rankings-without-transform-consumer-or-context,,fixed-bid30:declaration-and-risk-proxies-only; no auction choices/history,,unavailable:not-present-in-retained-action-tables,,,unavailable:not-present-in-retained-action-tables,,,hidden_proxy_early_high_uncertainty,bidder_lead_called_non_double|bidder_lead_called_suit|bidder_lead_noncount|bidder_lead_plan|hidden_proxy_early_high_uncertainty|phase_early|role_bidder|seat_pos_0|sequence_lead,bidder_lead_called_non_double|bidder_lead_called_suit|bidder_lead_noncount|bidder_lead_plan|phase_early|role_bidder|seat_pos_0|sequence_lead,phase_early_trick_0_1|position_lead|role_bidder|seat_first_lead,,oracle/distribution columns are offline labels; role/order and proxy labels are public/action-local; eval_only_labels are never asserted as runtime features
w42.partnership_failure_atlas.v2,2b79efcef016277cc70ff6ed,corpus_v2_train_40-49_d0-9.pt:76:17,5-0,corpus_v2_train_40-49_d0-9.pt,47,76,17,sixes,30,1,left_setter,setter,defense,4,1,second,middle,5,false,false,offense,0,false,false,false,false,-23.17401885986328,1.5705223083496094,0.004999999888241291,0.9950000047683716,-17,available:derived-from-role-and-bid-using-retained-w42-semantics,P(Q>=threshold_q); threshold_q is role-and-bid-dependent,-18,P(Q<=-18),false,false,0.18999999295920134,3,0,3,1,1,0,ch05_reckless_count_to_bidder_control|ch05_setter_pressure_regime|phase_middle|role_setter|seat_pos_1|sequence_follow,false,true,false,ch05_reckless_count_to_bidder_control|ch05_setter_pressure_regime|phase_middle|role_setter|seat_pos_1|sequence_follow,available:phase4-positive-and-negative-detector-sets,false,proxy-only:is-best-threshold-not-actual-gus-output,,unavailable:no-positional-cross-corpus-match,3,-23.1740188599,-21.6034965515,1.57052230835,0.492143630981,1,5-4,0.0,true,,unavailable:policy-not-fingerprinted-in-retained-action-tables,,unjoinable:no-shared-champion-action-state-fingerprint,available:exact-action-key,available:exact-action-key,available:exact-action-key,available:exact-action-key,available:exact-action-key,partial:q-outcome-summaries-without-worlds-weights-or-calibration,,unavailable:not-present-in-retained-action-tables,,unavailable:not-retained-with-compatible-action-rows,,unavailable:not-retained-with-compatible-action-rows,,unavailable:not-retained-with-compatible-action-rows,,unavailable:not-retained-with-compatible-action-rows,,unavailable:not-retained-with-compatible-action-rows,,,,unjoinable:gus-corpus-state-namespace,available:public-role-seat-order-and-phase,follower_count_into_opponent_control|follower_opponent_currently_winning|phase_middle|role_setter|seat_pos_1|sequence_follow|setter_pounce_sequence_window|setter_reckless_count_to_bidder,,proxy-only:public-role-and-action-local-labels,,unavailable:not-present-in-retained-action-tables,,unavailable:not-present-in-retained-action-tables,available:actual-action-indicator-without-policy-probability,,unavailable:not-present-in-retained-action-tables,,unavailable:not-present-in-retained-action-tables,,,,unavailable:no-cross-decision-plan-state-or-intervention,proxy-only:fixed-threshold-and-tail-rankings-without-transform-consumer-or-context,,fixed-bid30:declaration-and-risk-proxies-only; no auction choices/history,,unavailable:not-present-in-retained-action-tables,,,unavailable:not-present-in-retained-action-tables,,,hidden_proxy_count_pressure|hidden_proxy_late_information_rich|hidden_proxy_opponent_controls_trick,ch05_reckless_count_to_bidder|follower_count_into_opponent_control|follower_opponent_currently_winning|hidden_proxy_count_pressure|hidden_proxy_late_information_rich|hidden_proxy_opponent_controls_trick|phase_middle|role_setter|seat_pos_1|sequence_follow|setter_pounce_sequence_window|setter_reckless_count_to_bidder,ch05_reckless_count_to_bidder|follower_count_into_opponent_control|follower_opponent_currently_winning|phase_middle|role_setter|seat_pos_1|sequence_follow|setter_pounce_sequence_window|setter_reckless_count_to_bidder,ch05_reckless_count_to_bidder|defensive_pounce_window|defensive_reckless_count_to_bidder|phase_middle_trick_2_4|position_follow|role_defender|role_left_setter|role_setter|seat_second_follow,,oracle/distribution columns are offline labels; role/order and proxy labels are public/action-local; eval_only_labels are never asserted as runtime features
w42.partnership_failure_atlas.v2,2fc4d52c5d2391ef8822c269,corpus_v2_train_30-39_d0-9.pt:4:0,4-3,corpus_v2_train_30-39_d0-9.pt,30,4,0,fours,30,0,bidder,bidder,offense,0,0,lead,early,0,true,false,,0,false,true,false,false,0.366438090801239,4.769538700580597,0.3199999928474426,0.3400000035762787,18,available:derived-from-role-and-bid-using-retained-w42-semantics,P(Q>=threshold_q); threshold_q is role-and-bid-dependent,-18,P(Q<=-18),true,false,0.0,7,3,4,2,1,0,ch03_bidder_lead_plan|ch03_bidder_lead_trump_or_called|ch03_called_non_double|ch03_extra_nonboss_trump_before_off_proxy|ch03_visible_reentry_preserved_proxy|phase_early|role_bidder|seat_pos_0|sequence_lead,false,true,false,ch03_bidder_lead_plan|ch03_bidder_lead_trump_or_called|ch03_called_non_double|ch03_extra_nonboss_trump_before_off_proxy|ch03_visible_reentry_preserved_proxy|phase_early|role_bidder|seat_pos_0|sequence_lead,available:phase4-positive-and-negative-detector-sets,true,proxy-only:is-best-threshold-not-actual-gus-output,,unavailable:no-positional-cross-corpus-match,7,-2.84329104424,5.13597679138,7.97926783562,4.22731637955,1,4-0,4.227316379547119,false,,unavailable:policy-not-fingerprinted-in-retained-action-tables,,unjoinable:no-shared-champion-action-state-fingerprint,available:exact-action-key,available:exact-action-key,available:exact-action-key,available:exact-action-key,available:exact-action-key,partial:q-outcome-summaries-without-worlds-weights-or-calibration,,unavailable:not-present-in-retained-action-tables,,unavailable:not-retained-with-compatible-action-rows,,unavailable:not-retained-with-compatible-action-rows,,unavailable:not-retained-with-compatible-action-rows,,unavailable:not-retained-with-compatible-action-rows,,unavailable:not-retained-with-compatible-action-rows,,,,unjoinable:gus-corpus-state-namespace,available:public-role-seat-order-and-phase,phase_early|role_bidder|seat_pos_0|sequence_lead,,proxy-only:public-role-and-action-local-labels,,unavailable:not-present-in-retained-action-tables,,unavailable:not-present-in-retained-action-tables,available:actual-action-indicator-without-policy-probability,,unavailable:not-present-in-retained-action-tables,,unavailable:not-present-in-retained-action-tables,bidder_lead_plan|ch03_bidder_lead_plan,,,unavailable:no-cross-decision-plan-state-or-intervention,proxy-only:fixed-threshold-and-tail-rankings-without-transform-consumer-or-context,bidrisk_join_available|bidrisk_max_profitable_no_profitable_bid|bidrisk_minimum_shape_low_risk|bidrisk_off_count_3|bidrisk_pmake30_mid|bidrisk_static_risk_le_12|bidrisk_trump_count_3|bidrisk_wilson_safe_no_profitable_bid,fixed-bid30:declaration-and-risk-proxies-only; no auction choices/history,,unavailable:not-present-in-retained-action-tables,,,unavailable:not-present-in-retained-action-tables,,,hidden_proxy_early_high_uncertainty,bidder_lead_called_non_double|bidder_lead_called_suit|bidder_lead_noncount|bidder_lead_plan|bidrisk_join_available|bidrisk_max_profitable_no_profitable_bid|bidrisk_minimum_shape_low_risk|bidrisk_off_count_3|bidrisk_pmake30_mid|bidrisk_static_risk_le_12|bidrisk_trump_count_3|bidrisk_wilson_safe_no_profitable_bid|hidden_proxy_early_high_uncertainty|phase_early|role_bidder|seat_pos_0|sequence_lead,bidder_lead_called_non_double|bidder_lead_called_suit|bidder_lead_noncount|bidder_lead_plan|phase_early|role_bidder|seat_pos_0|sequence_lead,phase_early_trick_0_1|position_lead|role_bidder|seat_first_lead,,oracle/distribution columns are offline labels; role/order and proxy labels are public/action-local; eval_only_labels are never asserted as runtime features
w42.partnership_failure_atlas.v2,30daec632ddcb37b6c208615,corpus_v2_train_80-89_d0-9.pt:46:13,3-3,corpus_v2_train_80-89_d0-9.pt,84,46,13,sixes,30,3,right_setter,setter,defense,3,1,second,middle,0,false,true,offense,0,false,false,false,false,-5.868259429931641,4.128026843070984,0.5450000166893005,0.4449999928474426,-17,available:derived-from-role-and-bid-using-retained-w42-semantics,P(Q>=threshold_q); threshold_q is role-and-bid-dependent,-18,P(Q<=-18),false,false,0.125,4,1,3,1,2,1,ch05_hold_trump_no_count_proxy|ch05_noncount_to_bidder_control_alternative|ch05_setter_pressure_regime|phase_middle|role_setter|seat_pos_1|sequence_follow,false,false,true,ch05_hold_trump_no_count_proxy|ch05_noncount_to_bidder_control_alternative|ch05_setter_pressure_regime|phase_middle|role_setter|seat_pos_1|sequence_follow,available:phase4-positive-and-negative-detector-sets,false,proxy-only:is-best-threshold-not-actual-gus-output,,unavailable:no-positional-cross-corpus-match,4,-9.43347454071,-1.74023258686,7.69324195385,4.08591592312,1,6-2,0.0,true,,unavailable:policy-not-fingerprinted-in-retained-action-tables,,unjoinable:no-shared-champion-action-state-fingerprint,available:exact-action-key,available:exact-action-key,available:exact-action-key,available:exact-action-key,available:exact-action-key,partial:q-outcome-summaries-without-worlds-weights-or-calibration,,unavailable:not-present-in-retained-action-tables,,unavailable:not-retained-with-compatible-action-rows,,unavailable:not-retained-with-compatible-action-rows,,unavailable:not-retained-with-compatible-action-rows,,unavailable:not-retained-with-compatible-action-rows,,unavailable:not-retained-with-compatible-action-rows,,,,unjoinable:gus-corpus-state-namespace,available:public-role-seat-order-and-phase,follower_opponent_currently_winning|phase_middle|role_setter|seat_pos_1|sequence_follow|setter_pounce_sequence_window,,proxy-only:public-role-and-action-local-labels,,unavailable:not-present-in-retained-action-tables,,unavailable:not-present-in-retained-action-tables,available:actual-action-indicator-without-policy-probability,,unavailable:not-present-in-retained-action-tables,,unavailable:not-present-in-retained-action-tables,,,,unavailable:no-cross-decision-plan-state-or-intervention,proxy-only:fixed-threshold-and-tail-rankings-without-transform-consumer-or-context,,fixed-bid30:declaration-and-risk-proxies-only; no auction choices/history,,unavailable:not-present-in-retained-action-tables,,,unavailable:not-present-in-retained-action-tables,,,hidden_proxy_opponent_controls_trick,follower_opponent_currently_winning|hidden_proxy_opponent_controls_trick|phase_middle|role_setter|seat_pos_1|sequence_follow|setter_pounce_sequence_window,follower_opponent_currently_winning|phase_middle|role_setter|seat_pos_1|sequence_follow|setter_pounce_sequence_window,defensive_pounce_window|phase_middle_trick_2_4|position_follow|role_defender|role_right_setter|role_setter|seat_second_follow,,oracle/distribution columns are offline labels; role/order and proxy labels are public/action-local; eval_only_labels are never asserted as runtime features
w42.partnership_failure_atlas.v2,31babe5b4a58dc1c2aba501a,corpus_v2_train_20-29_d0-9.pt:88:18,5-3,corpus_v2_train_20-29_d0-9.pt,28,88,18,doubles-suit,30,1,left_setter,setter,defense,4,2,third,middle,0,false,false,defense,10,true,true,true,true,29.409801483154297,0.0,1.0,0.0,-17,available:derived-from-role-and-bid-using-retained-w42-semantics,P(Q>=threshold_q); threshold_q is role-and-bid-dependent,-18,P(Q<=-18),true,true,0.0,2,0,2,1,0,1,ch05_noncount_before_certainty_alternative|ch05_pounce_take_count_now|ch05_setter_pressure_regime|phase_middle|role_setter|seat_pos_2|sequence_follow,true,true,true,ch05_noncount_before_certainty_alternative|ch05_pounce_take_count_now|ch05_setter_pressure_regime|phase_middle|role_setter|seat_pos_2|sequence_follow,available:phase4-positive-and-negative-detector-sets,true,proxy-only:is-best-threshold-not-actual-gus-output,,unavailable:no-positional-cross-corpus-match,2,28.3587017059,29.4098014832,1.05109977722,1.05109977722,1,5-3,0.0,true,,unavailable:policy-not-fingerprinted-in-retained-action-tables,,unjoinable:no-shared-champion-action-state-fingerprint,available:exact-action-key,available:exact-action-key,available:exact-action-key,available:exact-action-key,available:exact-action-key,partial:q-outcome-summaries-without-worlds-weights-or-calibration,,unavailable:not-present-in-retained-action-tables,,unavailable:not-retained-with-compatible-action-rows,,unavailable:not-retained-with-compatible-action-rows,,unavailable:not-retained-with-compatible-action-rows,,unavailable:not-retained-with-compatible-action-rows,,unavailable:not-retained-with-compatible-action-rows,,,,unjoinable:gus-corpus-state-namespace,available:public-role-seat-order-and-phase,follower_partner_or_self_currently_winning|phase_middle|role_setter|seat_pos_2|sequence_follow,follower_partner_or_self_currently_winning,proxy-only:public-role-and-action-local-labels,,unavailable:not-present-in-retained-action-tables,,unavailable:not-present-in-retained-action-tables,available:actual-action-indicator-without-policy-probability,,unavailable:not-present-in-retained-action-tables,,unavailable:not-present-in-retained-action-tables,,,,unavailable:no-cross-decision-plan-state-or-intervention,proxy-only:fixed-threshold-and-tail-rankings-without-transform-consumer-or-context,,fixed-bid30:declaration-and-risk-proxies-only; no auction choices/history,,unavailable:not-present-in-retained-action-tables,,,unavailable:not-present-in-retained-action-tables,dnt_regime_doubles-suit,,hidden_proxy_control_shift_available|hidden_proxy_late_information_rich|hidden_proxy_our_side_controls_trick,dnt_regime_doubles-suit|follower_partner_or_self_currently_winning|hidden_proxy_control_shift_available|hidden_proxy_late_information_rich|hidden_proxy_our_side_controls_trick|phase_middle|role_setter|seat_pos_2|sequence_follow,follower_partner_or_self_currently_winning|phase_middle|role_setter|seat_pos_2|sequence_follow,phase_middle_trick_2_4|position_follow|role_defender|role_left_setter|role_setter|seat_third_follow,,oracle/distribution columns are offline labels; role/order and proxy labels are public/action-local; eval_only_labels are never asserted as runtime features
w42.partnership_failure_atlas.v2,339e7d7032780f911d0d1939,corpus_v2_train_60-69_d0-9.pt:43:12,5-1,corpus_v2_train_60-69_d0-9.pt,64,43,12,threes,30,0,bidder,bidder,offense,3,0,lead,middle,0,false,false,,0,false,true,false,false,-3.4601433277130127,11.914552927017212,0.1899999976158142,0.30000001192092896,18,available:derived-from-role-and-bid-using-retained-w42-semantics,P(Q>=threshold_q); threshold_q is role-and-bid-dependent,-18,P(Q<=-18),false,false,0.14500001072883606,4,1,3,1,0,0,ch03_bidder_lead_off_suit|ch03_bidder_lead_plan|phase_middle|role_bidder|seat_pos_0|sequence_lead,false,false,true,ch03_bidder_lead_off_suit|ch03_bidder_lead_plan|phase_middle|role_bidder|seat_pos_0|sequence_lead,available:phase4-positive-and-negative-detector-sets,false,proxy-only:is-best-threshold-not-actual-gus-output,,unavailable:no-positional-cross-corpus-match,4,-3.46014332771,8.4544095993,11.914552927,4.2752404213,1,6-2,0.0,true,,unavailable:policy-not-fingerprinted-in-retained-action-tables,,unjoinable:no-shared-champion-action-state-fingerprint,available:exact-action-key,available:exact-action-key,available:exact-action-key,available:exact-action-key,available:exact-action-key,partial:q-outcome-summaries-without-worlds-weights-or-calibration,,unavailable:not-present-in-retained-action-tables,,unavailable:not-retained-with-compatible-action-rows,,unavailable:not-retained-with-compatible-action-rows,,unavailable:not-retained-with-compatible-action-rows,,unavailable:not-retained-with-compatible-action-rows,,unavailable:not-retained-with-compatible-action-rows,,,,unjoinable:gus-corpus-state-namespace,available:public-role-seat-order-and-phase,phase_middle|role_bidder|seat_pos_0|sequence_lead,,proxy-only:public-role-and-action-local-labels,,unavailable:not-present-in-retained-action-tables,,unavailable:not-present-in-retained-action-tables,available:actual-action-indicator-without-policy-probability,,unavailable:not-present-in-retained-action-tables,,unavailable:not-present-in-retained-action-tables,bidder_lead_plan|ch03_bidder_lead_plan,,,unavailable:no-cross-decision-plan-state-or-intervention,proxy-only:fixed-threshold-and-tail-rankings-without-transform-consumer-or-context,,fixed-bid30:declaration-and-risk-proxies-only; no auction choices/history,,unavailable:not-present-in-retained-action-tables,,,unavailable:not-present-in-retained-action-tables,,,,bidder_lead_noncount|bidder_lead_off_suit|bidder_lead_plan|phase_middle|role_bidder|seat_pos_0|sequence_lead,bidder_lead_noncount|bidder_lead_off_suit|bidder_lead_plan|phase_middle|role_bidder|seat_pos_0|sequence_lead,phase_middle_trick_2_4|position_lead|role_bidder|seat_first_lead,,oracle/distribution columns are offline labels; role/order and proxy labels are public/action-local; eval_only_labels are never asserted as runtime features
w42.partnership_failure_atlas.v2,35dc84741db7e1479a513bc4,corpus_v2_train_30-39_d0-9.pt:52:2,4-3,corpus_v2_train_30-39_d0-9.pt,35,52,2,twos,30,2,bidder_partner,partner,offense,0,2,third,early,0,false,false,offense,5,false,false,true,true,-12.224822044372559,0.0,0.10000000149011612,0.4650000035762787,18,available:derived-from-role-and-bid-using-retained-w42-semantics,P(Q>=threshold_q); threshold_q is role-and-bid-dependent,-18,P(Q<=-18),true,true,0.0,1,0,1,0,0,0,ch04_partner_noncount_before_closure_alternative|ch04_partner_support_regime|phase_early|role_partner|seat_pos_2|sequence_follow,true,false,true,ch04_partner_noncount_before_closure_alternative|ch04_partner_support_regime|phase_early|role_partner|seat_pos_2|sequence_follow,available:phase4-positive-and-negative-detector-sets,true,proxy-only:is-best-threshold-not-actual-gus-output,,unavailable:no-positional-cross-corpus-match,1,-12.2248220444,-12.2248220444,0,0,1,4-3,0.0,true,,unavailable:policy-not-fingerprinted-in-retained-action-tables,,unjoinable:no-shared-champion-action-state-fingerprint,available:exact-action-key,available:exact-action-key,available:exact-action-key,available:exact-action-key,available:exact-action-key,partial:q-outcome-summaries-without-worlds-weights-or-calibration,,unavailable:not-present-in-retained-action-tables,,unavailable:not-retained-with-compatible-action-rows,,unavailable:not-retained-with-compatible-action-rows,,unavailable:not-retained-with-compatible-action-rows,,unavailable:not-retained-with-compatible-action-rows,,unavailable:not-retained-with-compatible-action-rows,,,,unjoinable:gus-corpus-state-namespace,available:public-role-seat-order-and-phase,follower_partner_or_self_currently_winning|phase_early|role_partner|seat_pos_2|sequence_follow,ch04_partner_noncount_before_closure_alternative|ch04_partner_support_regime|follower_partner_or_self_currently_winning|partner_support_sequence_context,proxy-only:public-role-and-action-local-labels,,unavailable:not-present-in-retained-action-tables,,unavailable:not-present-in-retained-action-tables,available:actual-action-indicator-without-policy-probability,,unavailable:not-present-in-retained-action-tables,,unavailable:not-present-in-retained-action-tables,,,,unavailable:no-cross-decision-plan-state-or-intervention,proxy-only:fixed-threshold-and-tail-rankings-without-transform-consumer-or-context,,fixed-bid30:declaration-and-risk-proxies-only; no auction choices/history,,unavailable:not-present-in-retained-action-tables,,,unavailable:not-present-in-retained-action-tables,,,hidden_proxy_early_high_uncertainty|hidden_proxy_our_side_controls_trick,follower_partner_or_self_currently_winning|hidden_proxy_early_high_uncertainty|hidden_proxy_our_side_controls_trick|partner_support_sequence_context|phase_early|role_partner|seat_pos_2|sequence_follow,follower_partner_or_self_currently_winning|partner_support_sequence_context|phase_early|role_partner|seat_pos_2|sequence_follow,partner_support_context|phase_early_trick_0_1|position_follow|role_partner|seat_third_follow,,oracle/distribution columns are offline labels; role/order and proxy labels are public/action-local; eval_only_labels are never asserted as runtime features
w42.partnership_failure_atlas.v2,363a9383db777b8fe304217e,corpus_v2_train_90-99_d0-9.pt:86:0,6-2,corpus_v2_train_90-99_d0-9.pt,98,86,0,sixes,30,0,bidder,bidder,offense,0,0,lead,early,0,true,false,,0,false,true,false,false,6.079385757446289,1.2416725158691406,0.36000001430511475,0.23499999940395355,18,available:derived-from-role-and-bid-using-retained-w42-semantics,P(Q>=threshold_q); threshold_q is role-and-bid-dependent,-18,P(Q<=-18),true,false,0.0,7,3,4,1,0,0,ch03_bidder_lead_plan|ch03_bidder_lead_trump_or_called|ch03_called_non_double|ch03_extra_nonboss_trump_before_off_proxy|ch03_visible_reentry_preserved_proxy|phase_early|role_bidder|seat_pos_0|sequence_lead,false,true,false,ch03_bidder_lead_plan|ch03_bidder_lead_trump_or_called|ch03_called_non_double|ch03_extra_nonboss_trump_before_off_proxy|ch03_visible_reentry_preserved_proxy|phase_early|role_bidder|seat_pos_0|sequence_lead,available:phase4-positive-and-negative-detector-sets,true,proxy-only:is-best-threshold-not-actual-gus-output,,unavailable:no-positional-cross-corpus-match,7,4.25634813309,7.32105827332,3.06471014023,0.876301288605,1,6-1,1.1913037300109863,false,,unavailable:policy-not-fingerprinted-in-retained-action-tables,,unjoinable:no-shared-champion-action-state-fingerprint,available:exact-action-key,available:exact-action-key,available:exact-action-key,available:exact-action-key,available:exact-action-key,partial:q-outcome-summaries-without-worlds-weights-or-calibration,,unavailable:not-present-in-retained-action-tables,,unavailable:not-retained-with-compatible-action-rows,,unavailable:not-retained-with-compatible-action-rows,,unavailable:not-retained-with-compatible-action-rows,,unavailable:not-retained-with-compatible-action-rows,,unavailable:not-retained-with-compatible-action-rows,,,,unjoinable:gus-corpus-state-namespace,available:public-role-seat-order-and-phase,phase_early|role_bidder|seat_pos_0|sequence_lead,,proxy-only:public-role-and-action-local-labels,,unavailable:not-present-in-retained-action-tables,,unavailable:not-present-in-retained-action-tables,available:actual-action-indicator-without-policy-probability,,unavailable:not-present-in-retained-action-tables,,unavailable:not-present-in-retained-action-tables,bidder_lead_plan|ch03_bidder_lead_plan,,,unavailable:no-cross-decision-plan-state-or-intervention,proxy-only:fixed-threshold-and-tail-rankings-without-transform-consumer-or-context,,fixed-bid30:declaration-and-risk-proxies-only; no auction choices/history,,unavailable:not-present-in-retained-action-tables,,,unavailable:not-present-in-retained-action-tables,,,hidden_proxy_early_high_uncertainty,bidder_lead_called_non_double|bidder_lead_called_suit|bidder_lead_noncount|bidder_lead_plan|hidden_proxy_early_high_uncertainty|phase_early|role_bidder|seat_pos_0|sequence_lead,bidder_lead_called_non_double|bidder_lead_called_suit|bidder_lead_noncount|bidder_lead_plan|phase_early|role_bidder|seat_pos_0|sequence_lead,phase_early_trick_0_1|position_lead|role_bidder|seat_first_lead,,oracle/distribution columns are offline labels; role/order and proxy labels are public/action-local; eval_only_labels are never asserted as runtime features
w42.partnership_failure_atlas.v2,36dcd20487deee97ca344c28,corpus_v2_train_70-79_d0-9.pt:20:17,2-1,corpus_v2_train_70-79_d0-9.pt,72,20,17,blanks,30,2,bidder_partner,partner,offense,4,1,second,middle,0,false,false,defense,5,false,false,true,true,-29.829998016357422,0.0,0.0,0.8799999952316284,18,available:derived-from-role-and-bid-using-retained-w42-semantics,P(Q>=threshold_q); threshold_q is role-and-bid-dependent,-18,P(Q<=-18),true,true,0.0,3,0,3,0,0,0,ch04_partner_support_regime|phase_middle|role_partner|seat_pos_1|sequence_follow,true,false,false,ch04_partner_support_regime|phase_middle|role_partner|seat_pos_1|sequence_follow,available:phase4-positive-and-negative-detector-sets,true,proxy-only:is-best-threshold-not-actual-gus-output,,unavailable:no-positional-cross-corpus-match,3,-29.9221096039,-29.8299980164,0.0921115875244,0.0730152130127,1,2-1,0.0,true,,unavailable:policy-not-fingerprinted-in-retained-action-tables,,unjoinable:no-shared-champion-action-state-fingerprint,available:exact-action-key,available:exact-action-key,available:exact-action-key,available:exact-action-key,available:exact-action-key,partial:q-outcome-summaries-without-worlds-weights-or-calibration,,unavailable:not-present-in-retained-action-tables,,unavailable:not-retained-with-compatible-action-rows,,unavailable:not-retained-with-compatible-action-rows,,unavailable:not-retained-with-compatible-action-rows,,unavailable:not-retained-with-compatible-action-rows,,unavailable:not-retained-with-compatible-action-rows,,,,unjoinable:gus-corpus-state-namespace,available:public-role-seat-order-and-phase,follower_opponent_currently_winning|phase_middle|role_partner|seat_pos_1|sequence_follow,ch04_partner_support_regime|partner_support_sequence_context,proxy-only:public-role-and-action-local-labels,,unavailable:not-present-in-retained-action-tables,,unavailable:not-present-in-retained-action-tables,available:actual-action-indicator-without-policy-probability,,unavailable:not-present-in-retained-action-tables,,unavailable:not-present-in-retained-action-tables,,,,unavailable:no-cross-decision-plan-state-or-intervention,proxy-only:fixed-threshold-and-tail-rankings-without-transform-consumer-or-context,,fixed-bid30:declaration-and-risk-proxies-only; no auction choices/history,,unavailable:not-present-in-retained-action-tables,,,unavailable:not-present-in-retained-action-tables,,,hidden_proxy_late_information_rich|hidden_proxy_opponent_controls_trick,follower_opponent_currently_winning|hidden_proxy_late_information_rich|hidden_proxy_opponent_controls_trick|partner_support_sequence_context|phase_middle|role_partner|seat_pos_1|sequence_follow,follower_opponent_currently_winning|partner_support_sequence_context|phase_middle|role_partner|seat_pos_1|sequence_follow,partner_support_context|phase_middle_trick_2_4|position_follow|role_partner|seat_second_follow,,oracle/distribution columns are offline labels; role/order and proxy labels are public/action-local; eval_only_labels are never asserted as runtime features
w42.partnership_failure_atlas.v2,37c1165583f66e40fdedd15f,corpus_v2_train_30-39_d0-9.pt:70:3,5-4,corpus_v2_train_30-39_d0-9.pt,37,70,3,blanks,30,3,right_setter,setter,defense,0,3,last,early,0,false,false,offense,0,false,false,false,false,-9.212777137756348,12.105616569519043,0.5600000023841858,0.41499999165534973,-17,available:derived-from-role-and-bid-using-retained-w42-semantics,P(Q>=threshold_q); threshold_q is role-and-bid-dependent,-18,P(Q<=-18),false,false,0.23000001907348633,7,1,6,1,3,1,ch05_hold_trump_no_count_proxy|ch05_noncount_to_bidder_control_alternative|ch05_setter_pressure_regime|phase_early|role_setter|seat_pos_3|sequence_closure,false,false,true,ch05_hold_trump_no_count_proxy|ch05_noncount_to_bidder_control_alternative|ch05_setter_pressure_regime|phase_early|role_setter|seat_pos_3|sequence_closure,available:phase4-positive-and-negative-detector-sets,false,proxy-only:is-best-threshold-not-actual-gus-output,,unavailable:no-positional-cross-corpus-match,7,-24.31681633,2.89283943176,27.2096557617,12.1056165695,1,6-0,0.0,true,,unavailable:policy-not-fingerprinted-in-retained-action-tables,,unjoinable:no-shared-champion-action-state-fingerprint,available:exact-action-key,available:exact-action-key,available:exact-action-key,available:exact-action-key,available:exact-action-key,partial:q-outcome-summaries-without-worlds-weights-or-calibration,,unavailable:not-present-in-retained-action-tables,,unavailable:not-retained-with-compatible-action-rows,,unavailable:not-retained-with-compatible-action-rows,,unavailable:not-retained-with-compatible-action-rows,,unavailable:not-retained-with-compatible-action-rows,,unavailable:not-retained-with-compatible-action-rows,,,,unjoinable:gus-corpus-state-namespace,available:public-role-seat-order-and-phase,closure_decline_trick|closure_sequence_decision|follower_opponent_currently_winning|phase_early|role_setter|seat_pos_3|sequence_last_to_act|setter_pounce_sequence_window,,proxy-only:public-role-and-action-local-labels,,unavailable:not-present-in-retained-action-tables,,unavailable:not-present-in-retained-action-tables,available:actual-action-indicator-without-policy-probability,,unavailable:not-present-in-retained-action-tables,,unavailable:not-present-in-retained-action-tables,,,,unavailable:no-cross-decision-plan-state-or-intervention,proxy-only:fixed-threshold-and-tail-rankings-without-transform-consumer-or-context,,fixed-bid30:declaration-and-risk-proxies-only; no auction choices/history,,unavailable:not-present-in-retained-action-tables,,,unavailable:not-present-in-retained-action-tables,,,hidden_proxy_closure_information|hidden_proxy_early_high_uncertainty|hidden_proxy_opponent_controls_trick,closure_decline_trick|closure_sequence_decision|follower_opponent_currently_winning|hidden_proxy_closure_information|hidden_proxy_early_high_uncertainty|hidden_proxy_opponent_controls_trick|phase_early|role_setter|seat_pos_3|sequence_last_to_act|setter_pounce_sequence_window,closure_decline_trick|closure_sequence_decision|follower_opponent_currently_winning|phase_early|role_setter|seat_pos_3|sequence_last_to_act|setter_pounce_sequence_window,closure_decision|closure_decline_or_slough|defensive_pounce_window|phase_early_trick_0_1|position_follow|position_last_to_act|role_defender|role_right_setter|role_setter|seat_fourth_closure,,oracle/distribution columns are offline labels; role/order and proxy labels are public/action-local; eval_only_labels are never asserted as runtime features
w42.partnership_failure_atlas.v2,38992f59d98c71734f184658,corpus_v2_train_20-29_d0-9.pt:90:0,3-0,corpus_v2_train_20-29_d0-9.pt,29,90,0,blanks,30,0,bidder,bidder,offense,0,0,lead,early,0,true,false,,0,false,true,false,false,1.9114019870758057,8.889449834823608,0.3100000023841858,0.2800000011920929,18,available:derived-from-role-and-bid-using-retained-w42-semantics,P(Q>=threshold_q); threshold_q is role-and-bid-dependent,-18,P(Q<=-18),false,false,0.13999998569488525,7,2,5,2,1,0,ch03_bidder_lead_plan|ch03_bidder_lead_trump_or_called|ch03_called_non_double|ch03_extra_nonboss_trump_before_off_proxy|ch03_visible_reentry_preserved_proxy|phase_early|role_bidder|seat_pos_0|sequence_lead,false,true,false,ch03_bidder_lead_plan|ch03_bidder_lead_trump_or_called|ch03_called_non_double|ch03_extra_nonboss_trump_before_off_proxy|ch03_visible_reentry_preserved_proxy|phase_early|role_bidder|seat_pos_0|sequence_lead,available:phase4-positive-and-negative-detector-sets,false,proxy-only:is-best-threshold-not-actual-gus-output,,unavailable:no-positional-cross-corpus-match,7,0.579395055771,10.8008518219,10.2214567661,3.8817949295,1,5-5,0.0,true,,unavailable:policy-not-fingerprinted-in-retained-action-tables,,unjoinable:no-shared-champion-action-state-fingerprint,available:exact-action-key,available:exact-action-key,available:exact-action-key,available:exact-action-key,available:exact-action-key,partial:q-outcome-summaries-without-worlds-weights-or-calibration,,unavailable:not-present-in-retained-action-tables,,unavailable:not-retained-with-compatible-action-rows,,unavailable:not-retained-with-compatible-action-rows,,unavailable:not-retained-with-compatible-action-rows,,unavailable:not-retained-with-compatible-action-rows,,unavailable:not-retained-with-compatible-action-rows,,,,unjoinable:gus-corpus-state-namespace,available:public-role-seat-order-and-phase,phase_early|role_bidder|seat_pos_0|sequence_lead,,proxy-only:public-role-and-action-local-labels,,unavailable:not-present-in-retained-action-tables,,unavailable:not-present-in-retained-action-tables,available:actual-action-indicator-without-policy-probability,,unavailable:not-present-in-retained-action-tables,,unavailable:not-present-in-retained-action-tables,bidder_lead_plan|ch03_bidder_lead_plan,,,unavailable:no-cross-decision-plan-state-or-intervention,proxy-only:fixed-threshold-and-tail-rankings-without-transform-consumer-or-context,,fixed-bid30:declaration-and-risk-proxies-only; no auction choices/history,,unavailable:not-present-in-retained-action-tables,,,unavailable:not-present-in-retained-action-tables,,,hidden_proxy_early_high_uncertainty,bidder_lead_called_non_double|bidder_lead_called_suit|bidder_lead_noncount|bidder_lead_plan|hidden_proxy_early_high_uncertainty|phase_early|role_bidder|seat_pos_0|sequence_lead,bidder_lead_called_non_double|bidder_lead_called_suit|bidder_lead_noncount|bidder_lead_plan|phase_early|role_bidder|seat_pos_0|sequence_lead,phase_early_trick_0_1|position_lead|role_bidder|seat_first_lead,,oracle/distribution columns are offline labels; role/order and proxy labels are public/action-local; eval_only_labels are never asserted as runtime features
w42.partnership_failure_atlas.v2,391349c03975f1ea90e68b8f,corpus_v2_train_10-19_d0-9.pt:45:26,4-1,corpus_v2_train_10-19_d0-9.pt,14,45,26,fives,30,0,bidder,bidder,offense,6,2,third,late,5,false,false,defense,5,false,false,true,true,-16.773517608642578,0.0,0.0,0.0,18,available:derived-from-role-and-bid-using-retained-w42-semantics,P(Q>=threshold_q); threshold_q is role-and-bid-dependent,-18,P(Q<=-18),true,true,0.0,1,0,1,1,0,0,phase_late|role_bidder|seat_pos_2|sequence_follow,true,false,false,phase_late|role_bidder|seat_pos_2|sequence_follow,available:phase4-positive-and-negative-detector-sets,true,proxy-only:is-best-threshold-not-actual-gus-output,,unavailable:no-positional-cross-corpus-match,1,-16.7735176086,-16.7735176086,0,0,1,4-1,0.0,true,,unavailable:policy-not-fingerprinted-in-retained-action-tables,,unjoinable:no-shared-champion-action-state-fingerprint,available:exact-action-key,available:exact-action-key,available:exact-action-key,available:exact-action-key,available:exact-action-key,partial:q-outcome-summaries-without-worlds-weights-or-calibration,,unavailable:not-present-in-retained-action-tables,,unavailable:not-retained-with-compatible-action-rows,,unavailable:not-retained-with-compatible-action-rows,,unavailable:not-retained-with-compatible-action-rows,,unavailable:not-retained-with-compatible-action-rows,,unavailable:not-retained-with-compatible-action-rows,,,,unjoinable:gus-corpus-state-namespace,available:public-role-seat-order-and-phase,follower_count_into_opponent_control|follower_opponent_currently_winning|phase_late|role_bidder|seat_pos_2|sequence_follow,,proxy-only:public-role-and-action-local-labels,,unavailable:not-present-in-retained-action-tables,,unavailable:not-present-in-retained-action-tables,available:actual-action-indicator-without-policy-probability,,unavailable:not-present-in-retained-action-tables,,unavailable:not-present-in-retained-action-tables,,,,unavailable:no-cross-decision-plan-state-or-intervention,proxy-only:fixed-threshold-and-tail-rankings-without-transform-consumer-or-context,bidrisk_join_available|bidrisk_max_profitable_no_profitable_bid|bidrisk_minimum_shape_low_risk|bidrisk_off_count_3|bidrisk_pmake30_mid|bidrisk_static_risk_le_12|bidrisk_trump_count_3|bidrisk_wilson_safe_no_profitable_bid,fixed-bid30:declaration-and-risk-proxies-only; no auction choices/history,,unavailable:not-present-in-retained-action-tables,,,unavailable:not-present-in-retained-action-tables,,,hidden_proxy_count_pressure|hidden_proxy_late_information_rich|hidden_proxy_opponent_controls_trick,bidrisk_join_available|bidrisk_max_profitable_no_profitable_bid|bidrisk_minimum_shape_low_risk|bidrisk_off_count_3|bidrisk_pmake30_mid|bidrisk_static_risk_le_12|bidrisk_trump_count_3|bidrisk_wilson_safe_no_profitable_bid|follower_count_into_opponent_control|follower_opponent_currently_winning|hidden_proxy_count_pressure|hidden_proxy_late_information_rich|hidden_proxy_opponent_controls_trick|phase_late|role_bidder|seat_pos_2|sequence_follow,follower_count_into_opponent_control|follower_opponent_currently_winning|phase_late|role_bidder|seat_pos_2|sequence_follow,phase_late_trick_5_6|position_follow|role_bidder|seat_third_follow,,oracle/distribution columns are offline labels; role/order and proxy labels are public/action-local; eval_only_labels are never asserted as runtime features
w42.partnership_failure_atlas.v2,39159ec1f3bb92d0014231b8,corpus_v2_train_40-49_d0-9.pt:82:18,3-1,corpus_v2_train_40-49_d0-9.pt,48,82,18,twos,30,2,bidder_partner,partner,offense,4,2,third,middle,0,false,false,offense,15,false,false,false,false,-1.5460295677185059,15.797772884368896,0.2150000035762787,0.0,18,available:derived-from-role-and-bid-using-retained-w42-semantics,P(Q>=threshold_q); threshold_q is role-and-bid-dependent,-18,P(Q<=-18),false,true,0.20499998331069946,3,1,2,0,1,1,ch04_partner_noncount_before_closure_alternative|ch04_partner_support_regime|phase_middle|role_partner|seat_pos_2|sequence_follow,false,false,true,ch04_partner_noncount_before_closure_alternative|ch04_partner_support_regime|phase_middle|role_partner|seat_pos_2|sequence_follow,available:phase4-positive-and-negative-detector-sets,false,proxy-only:is-best-threshold-not-actual-gus-output,,unavailable:no-positional-cross-corpus-match,3,-1.54602956772,14.2517433167,15.7977728844,15.4403195381,1,2-2,0.0,true,,unavailable:policy-not-fingerprinted-in-retained-action-tables,,unjoinable:no-shared-champion-action-state-fingerprint,available:exact-action-key,available:exact-action-key,available:exact-action-key,available:exact-action-key,available:exact-action-key,partial:q-outcome-summaries-without-worlds-weights-or-calibration,,unavailable:not-present-in-retained-action-tables,,unavailable:not-retained-with-compatible-action-rows,,unavailable:not-retained-with-compatible-action-rows,,unavailable:not-retained-with-compatible-action-rows,,unavailable:not-retained-with-compatible-action-rows,,unavailable:not-retained-with-compatible-action-rows,,,,unjoinable:gus-corpus-state-namespace,available:public-role-seat-order-and-phase,follower_partner_or_self_currently_winning|phase_middle|role_partner|seat_pos_2|sequence_follow,ch04_partner_noncount_before_closure_alternative|ch04_partner_support_regime|follower_partner_or_self_currently_winning|partner_support_sequence_context,proxy-only:public-role-and-action-local-labels,,unavailable:not-present-in-retained-action-tables,,unavailable:not-present-in-retained-action-tables,available:actual-action-indicator-without-policy-probability,,unavailable:not-present-in-retained-action-tables,,unavailable:not-present-in-retained-action-tables,,,,unavailable:no-cross-decision-plan-state-or-intervention,proxy-only:fixed-threshold-and-tail-rankings-without-transform-consumer-or-context,,fixed-bid30:declaration-and-risk-proxies-only; no auction choices/history,,unavailable:not-present-in-retained-action-tables,,,unavailable:not-present-in-retained-action-tables,,,hidden_proxy_late_information_rich|hidden_proxy_our_side_controls_trick,follower_partner_or_self_currently_winning|hidden_proxy_late_information_rich|hidden_proxy_our_side_controls_trick|partner_support_sequence_context|phase_middle|role_partner|seat_pos_2|sequence_follow,follower_partner_or_self_currently_winning|partner_support_sequence_context|phase_middle|role_partner|seat_pos_2|sequence_follow,partner_support_context|phase_middle_trick_2_4|position_follow|role_partner|seat_third_follow,,oracle/distribution columns are offline labels; role/order and proxy labels are public/action-local; eval_only_labels are never asserted as runtime features
w42.partnership_failure_atlas.v2,39dda240991cba189070f949,corpus_v2_train_70-79_d0-9.pt:72:21,3-0,corpus_v2_train_70-79_d0-9.pt,77,72,21,twos,30,3,right_setter,setter,defense,5,1,second,late,0,false,false,offense,0,false,false,true,true,-16.474138259887695,0.0,0.17000000178813934,0.0,-17,available:derived-from-role-and-bid-using-retained-w42-semantics,P(Q>=threshold_q); threshold_q is role-and-bid-dependent,-18,P(Q<=-18),true,true,0.0,1,0,1,0,0,0,ch05_noncount_to_bidder_control_alternative|ch05_setter_pressure_regime|phase_late|role_setter|seat_pos_1|sequence_follow,true,false,true,ch05_noncount_to_bidder_control_alternative|ch05_setter_pressure_regime|phase_late|role_setter|seat_pos_1|sequence_follow,available:phase4-positive-and-negative-detector-sets,true,proxy-only:is-best-threshold-not-actual-gus-output,,unavailable:no-positional-cross-corpus-match,1,-16.4741382599,-16.4741382599,0,0,1,3-0,0.0,true,,unavailable:policy-not-fingerprinted-in-retained-action-tables,,unjoinable:no-shared-champion-action-state-fingerprint,available:exact-action-key,available:exact-action-key,available:exact-action-key,available:exact-action-key,available:exact-action-key,partial:q-outcome-summaries-without-worlds-weights-or-calibration,,unavailable:not-present-in-retained-action-tables,,unavailable:not-retained-with-compatible-action-rows,,unavailable:not-retained-with-compatible-action-rows,,unavailable:not-retained-with-compatible-action-rows,,unavailable:not-retained-with-compatible-action-rows,,unavailable:not-retained-with-compatible-action-rows,,,,unjoinable:gus-corpus-state-namespace,available:public-role-seat-order-and-phase,follower_opponent_currently_winning|phase_late|role_setter|seat_pos_1|sequence_follow|setter_pounce_sequence_window,,proxy-only:public-role-and-action-local-labels,,unavailable:not-present-in-retained-action-tables,,unavailable:not-present-in-retained-action-tables,available:actual-action-indicator-without-policy-probability,,unavailable:not-present-in-retained-action-tables,,unavailable:not-present-in-retained-action-tables,,,,unavailable:no-cross-decision-plan-state-or-intervention,proxy-only:fixed-threshold-and-tail-rankings-without-transform-consumer-or-context,,fixed-bid30:declaration-and-risk-proxies-only; no auction choices/history,,unavailable:not-present-in-retained-action-tables,,,unavailable:not-present-in-retained-action-tables,,,hidden_proxy_late_information_rich|hidden_proxy_opponent_controls_trick,follower_opponent_currently_winning|hidden_proxy_late_information_rich|hidden_proxy_opponent_controls_trick|phase_late|role_setter|seat_pos_1|sequence_follow|setter_pounce_sequence_window,follower_opponent_currently_winning|phase_late|role_setter|seat_pos_1|sequence_follow|setter_pounce_sequence_window,defensive_pounce_window|phase_late_trick_5_6|position_follow|role_defender|role_right_setter|role_setter|seat_second_follow,,oracle/distribution columns are offline labels; role/order and proxy labels are public/action-local; eval_only_labels are never asserted as runtime features
w42.partnership_failure_atlas.v2,39f02d6b0fc11c7d9dce3862,corpus_v2_train_40-49_d0-9.pt:93:6,2-2,corpus_v2_train_40-49_d0-9.pt,49,93,6,threes,30,1,left_setter,setter,defense,1,2,third,early,0,false,true,offense,0,false,false,false,false,10.718700408935547,13.915216445922852,1.0,0.0,-17,available:derived-from-role-and-bid-using-retained-w42-semantics,P(Q>=threshold_q); threshold_q is role-and-bid-dependent,-18,P(Q<=-18),true,true,0.0,6,4,2,1,2,3,ch05_hold_trump_no_count_proxy|ch05_noncount_to_bidder_control_alternative|ch05_setter_pressure_regime|phase_early|role_setter|seat_pos_2|sequence_follow,false,false,true,ch05_hold_trump_no_count_proxy|ch05_noncount_to_bidder_control_alternative|ch05_setter_pressure_regime|phase_early|role_setter|seat_pos_2|sequence_follow,available:phase4-positive-and-negative-detector-sets,true,proxy-only:is-best-threshold-not-actual-gus-output,,unavailable:no-positional-cross-corpus-match,6,10.3011436462,24.6339168549,14.3327732086,0.0370273590088,1,5-3,0.05394172668457031,false,,unavailable:policy-not-fingerprinted-in-retained-action-tables,,unjoinable:no-shared-champion-action-state-fingerprint,available:exact-action-key,available:exact-action-key,available:exact-action-key,available:exact-action-key,available:exact-action-key,partial:q-outcome-summaries-without-worlds-weights-or-calibration,,unavailable:not-present-in-retained-action-tables,,unavailable:not-retained-with-compatible-action-rows,,unavailable:not-retained-with-compatible-action-rows,,unavailable:not-retained-with-compatible-action-rows,,unavailable:not-retained-with-compatible-action-rows,,unavailable:not-retained-with-compatible-action-rows,,,,unjoinable:gus-corpus-state-namespace,available:public-role-seat-order-and-phase,follower_opponent_currently_winning|phase_early|role_setter|seat_pos_2|sequence_follow|setter_pounce_sequence_window,,proxy-only:public-role-and-action-local-labels,,unavailable:not-present-in-retained-action-tables,,unavailable:not-present-in-retained-action-tables,available:actual-action-indicator-without-policy-probability,,unavailable:not-present-in-retained-action-tables,,unavailable:not-present-in-retained-action-tables,,,,unavailable:no-cross-decision-plan-state-or-intervention,proxy-only:fixed-threshold-and-tail-rankings-without-transform-consumer-or-context,,fixed-bid30:declaration-and-risk-proxies-only; no auction choices/history,,unavailable:not-present-in-retained-action-tables,,,unavailable:not-present-in-retained-action-tables,,e84_public_candidate|e84_public_double_count_2|e84_public_off_count_2|e84_public_trump_count_4|e84_public_two_off_same_suit,hidden_proxy_early_high_uncertainty|hidden_proxy_opponent_controls_trick,e84_public_candidate|e84_public_double_count_2|e84_public_off_count_2|e84_public_trump_count_4|e84_public_two_off_same_suit|follower_opponent_currently_winning|hidden_proxy_early_high_uncertainty|hidden_proxy_opponent_controls_trick|phase_early|role_setter|seat_pos_2|sequence_follow|setter_pounce_sequence_window,follower_opponent_currently_winning|phase_early|role_setter|seat_pos_2|sequence_follow|setter_pounce_sequence_window,defensive_pounce_window|phase_early_trick_0_1|position_follow|role_defender|role_left_setter|role_setter|seat_third_follow,eval_e84_dead_asset_release_control|eval_e84_defender_live_double_weapon|eval_e84_defender_live_same_suit_pair|eval_e84_pair_protector_pressure,oracle/distribution columns are offline labels; role/order and proxy labels are public/action-local; eval_only_labels are never asserted as runtime features
w42.partnership_failure_atlas.v2,3a587ab6e870672d1ba1abef,corpus_v2_train_20-29_d0-9.pt:61:4,6-4,corpus_v2_train_20-29_d0-9.pt,26,61,4,ones,30,0,bidder,bidder,offense,1,0,lead,early,10,false,false,,0,false,true,false,false,2.4662866592407227,18.11141872406006,0.28999999165534973,0.2800000011920929,18,available:derived-from-role-and-bid-using-retained-w42-semantics,P(Q>=threshold_q); threshold_q is role-and-bid-dependent,-18,P(Q<=-18),false,false,0.33500000834465027,6,2,4,2,1,0,ch03_bidder_count_liability_lead|ch03_bidder_lead_off_count|ch03_bidder_lead_off_suit|ch03_bidder_lead_plan|phase_early|role_bidder|seat_pos_0|sequence_lead,false,false,true,ch03_bidder_count_liability_lead|ch03_bidder_lead_off_count|ch03_bidder_lead_off_suit|ch03_bidder_lead_plan|phase_early|role_bidder|seat_pos_0|sequence_lead,available:phase4-positive-and-negative-detector-sets,false,proxy-only:is-best-threshold-not-actual-gus-output,,unavailable:no-positional-cross-corpus-match,6,2.46628665924,20.5777053833,18.1114187241,0.0536804199219,1,6-1,0.0,true,,unavailable:policy-not-fingerprinted-in-retained-action-tables,,unjoinable:no-shared-champion-action-state-fingerprint,available:exact-action-key,available:exact-action-key,available:exact-action-key,available:exact-action-key,available:exact-action-key,partial:q-outcome-summaries-without-worlds-weights-or-calibration,,unavailable:not-present-in-retained-action-tables,,unavailable:not-retained-with-compatible-action-rows,,unavailable:not-retained-with-compatible-action-rows,,unavailable:not-retained-with-compatible-action-rows,,unavailable:not-retained-with-compatible-action-rows,,unavailable:not-retained-with-compatible-action-rows,,,,unjoinable:gus-corpus-state-namespace,available:public-role-seat-order-and-phase,phase_early|role_bidder|seat_pos_0|sequence_lead,,proxy-only:public-role-and-action-local-labels,,unavailable:not-present-in-retained-action-tables,,unavailable:not-present-in-retained-action-tables,available:actual-action-indicator-without-policy-probability,,unavailable:not-present-in-retained-action-tables,,unavailable:not-present-in-retained-action-tables,bidder_lead_plan|ch03_bidder_lead_plan,,,unavailable:no-cross-decision-plan-state-or-intervention,proxy-only:fixed-threshold-and-tail-rankings-without-transform-consumer-or-context,bidrisk_join_available|bidrisk_max_profitable_natural_35_36|bidrisk_natural_bucket_candidate|bidrisk_off_count_3|bidrisk_pmake30_high|bidrisk_static_risk_13_20|bidrisk_trump_count_3|bidrisk_wilson_safe_bid_34,fixed-bid30:declaration-and-risk-proxies-only; no auction choices/history,,unavailable:not-present-in-retained-action-tables,,,unavailable:not-present-in-retained-action-tables,,,hidden_proxy_count_pressure|hidden_proxy_early_high_uncertainty,bidder_lead_count|bidder_lead_off_count|bidder_lead_off_suit|bidder_lead_plan|bidrisk_join_available|bidrisk_max_profitable_natural_35_36|bidrisk_natural_bucket_candidate|bidrisk_off_count_3|bidrisk_pmake30_high|bidrisk_static_risk_13_20|bidrisk_trump_count_3|bidrisk_wilson_safe_bid_34|hidden_proxy_count_pressure|hidden_proxy_early_high_uncertainty|phase_early|role_bidder|seat_pos_0|sequence_lead,bidder_lead_count|bidder_lead_off_count|bidder_lead_off_suit|bidder_lead_plan|phase_early|role_bidder|seat_pos_0|sequence_lead,phase_early_trick_0_1|position_lead|role_bidder|seat_first_lead,,oracle/distribution columns are offline labels; role/order and proxy labels are public/action-local; eval_only_labels are never asserted as runtime features
w42.partnership_failure_atlas.v2,3b23cf3bcb90e7ab7cb0cc9d,corpus_v2_train_50-59_d0-9.pt:65:17,1-0,corpus_v2_train_50-59_d0-9.pt,56,65,17,fives,30,0,bidder,bidder,offense,4,1,second,middle,0,false,false,defense,0,false,false,true,true,-21.65096664428711,0.0,0.0,0.8700000047683716,18,available:derived-from-role-and-bid-using-retained-w42-semantics,P(Q>=threshold_q); threshold_q is role-and-bid-dependent,-18,P(Q<=-18),true,true,0.0,3,0,3,1,0,0,phase_middle|role_bidder|seat_pos_1|sequence_follow,true,false,false,phase_middle|role_bidder|seat_pos_1|sequence_follow,available:phase4-positive-and-negative-detector-sets,true,proxy-only:is-best-threshold-not-actual-gus-output,,unavailable:no-positional-cross-corpus-match,3,-23.2690601349,-21.6509666443,1.6180934906,0.457134246826,1,1-0,0.0,true,,unavailable:policy-not-fingerprinted-in-retained-action-tables,,unjoinable:no-shared-champion-action-state-fingerprint,available:exact-action-key,available:exact-action-key,available:exact-action-key,available:exact-action-key,available:exact-action-key,partial:q-outcome-summaries-without-worlds-weights-or-calibration,,unavailable:not-present-in-retained-action-tables,,unavailable:not-retained-with-compatible-action-rows,,unavailable:not-retained-with-compatible-action-rows,,unavailable:not-retained-with-compatible-action-rows,,unavailable:not-retained-with-compatible-action-rows,,unavailable:not-retained-with-compatible-action-rows,,,,unjoinable:gus-corpus-state-namespace,available:public-role-seat-order-and-phase,follower_opponent_currently_winning|phase_middle|role_bidder|seat_pos_1|sequence_follow,,proxy-only:public-role-and-action-local-labels,,unavailable:not-present-in-retained-action-tables,,unavailable:not-present-in-retained-action-tables,available:actual-action-indicator-without-policy-probability,,unavailable:not-present-in-retained-action-tables,,unavailable:not-present-in-retained-action-tables,,,,unavailable:no-cross-decision-plan-state-or-intervention,proxy-only:fixed-threshold-and-tail-rankings-without-transform-consumer-or-context,,fixed-bid30:declaration-and-risk-proxies-only; no auction choices/history,,unavailable:not-present-in-retained-action-tables,,,unavailable:not-present-in-retained-action-tables,,,hidden_proxy_late_information_rich|hidden_proxy_opponent_controls_trick,follower_opponent_currently_winning|hidden_proxy_late_information_rich|hidden_proxy_opponent_controls_trick|phase_middle|role_bidder|seat_pos_1|sequence_follow,follower_opponent_currently_winning|phase_middle|role_bidder|seat_pos_1|sequence_follow,phase_middle_trick_2_4|position_follow|role_bidder|seat_second_follow,,oracle/distribution columns are offline labels; role/order and proxy labels are public/action-local; eval_only_labels are never asserted as runtime features
w42.partnership_failure_atlas.v2,3b361d4e5e7fcfd939aa365e,corpus_v2_train_20-29_d0-9.pt:57:12,3-0,corpus_v2_train_20-29_d0-9.pt,25,57,12,doubles,30,3,right_setter,setter,defense,3,0,lead,middle,0,false,false,,0,false,true,false,false,-12.566877365112305,4.791956901550293,0.46000000834465027,0.5099999904632568,-17,available:derived-from-role-and-bid-using-retained-w42-semantics,P(Q>=threshold_q); threshold_q is role-and-bid-dependent,-18,P(Q<=-18),false,false,0.04499998688697815,4,0,4,1,0,0,ch05_generic_non_count_calling_lead|ch05_non_count_calling_lead|ch05_setter_pressure_regime|phase_middle|role_setter|seat_pos_0|sequence_lead,false,false,true,ch05_generic_non_count_calling_lead|ch05_non_count_calling_lead|ch05_setter_pressure_regime|phase_middle|role_setter|seat_pos_0|sequence_lead,available:phase4-positive-and-negative-detector-sets,false,proxy-only:is-best-threshold-not-actual-gus-output,,unavailable:no-positional-cross-corpus-match,4,-12.5668773651,-7.77492046356,4.79195690155,0.835584640503,1,5-0,0.0,true,,unavailable:policy-not-fingerprinted-in-retained-action-tables,,unjoinable:no-shared-champion-action-state-fingerprint,available:exact-action-key,available:exact-action-key,available:exact-action-key,available:exact-action-key,available:exact-action-key,partial:q-outcome-summaries-without-worlds-weights-or-calibration,,unavailable:not-present-in-retained-action-tables,,unavailable:not-retained-with-compatible-action-rows,,unavailable:not-retained-with-compatible-action-rows,,unavailable:not-retained-with-compatible-action-rows,,unavailable:not-retained-with-compatible-action-rows,,unavailable:not-retained-with-compatible-action-rows,,,,unjoinable:gus-corpus-state-namespace,available:public-role-seat-order-and-phase,phase_middle|role_setter|seat_pos_0|sequence_lead,,proxy-only:public-role-and-action-local-labels,,unavailable:not-present-in-retained-action-tables,,unavailable:not-present-in-retained-action-tables,available:actual-action-indicator-without-policy-probability,,unavailable:not-present-in-retained-action-tables,,unavailable:not-present-in-retained-action-tables,,,,unavailable:no-cross-decision-plan-state-or-intervention,proxy-only:fixed-threshold-and-tail-rankings-without-transform-consumer-or-context,,fixed-bid30:declaration-and-risk-proxies-only; no auction choices/history,,unavailable:not-present-in-retained-action-tables,,,unavailable:not-present-in-retained-action-tables,dnt_regime_doubles,,,dnt_regime_doubles|phase_middle|role_setter|seat_pos_0|sequence_lead,phase_middle|role_setter|seat_pos_0|sequence_lead,phase_middle_trick_2_4|position_lead|role_defender|role_right_setter|role_setter|seat_first_lead,,oracle/distribution columns are offline labels; role/order and proxy labels are public/action-local; eval_only_labels are never asserted as runtime features
w42.partnership_failure_atlas.v2,3cdeeac85f97b00ee0100e1c,corpus_v2_train_90-99_d0-9.pt:1:0,4-0,corpus_v2_train_90-99_d0-9.pt,90,1,0,ones,30,0,bidder,bidder,offense,0,0,lead,early,0,false,false,,0,false,true,false,false,-22.733875274658203,1.5835227966308594,0.054999999701976776,0.6600000262260437,18,available:derived-from-role-and-bid-using-retained-w42-semantics,P(Q>=threshold_q); threshold_q is role-and-bid-dependent,-18,P(Q<=-18),false,false,0.004999998956918716,7,1,6,0,0,0,ch03_bidder_lead_off_suit|ch03_bidder_lead_plan|phase_early|role_bidder|seat_pos_0|sequence_lead,false,false,true,ch03_bidder_lead_off_suit|ch03_bidder_lead_plan|phase_early|role_bidder|seat_pos_0|sequence_lead,available:phase4-positive-and-negative-detector-sets,false,proxy-only:is-best-threshold-not-actual-gus-output,,unavailable:no-positional-cross-corpus-match,7,-23.7572975159,-21.150352478,2.60694503784,0.788379669189,1,5-4,0.0,true,,unavailable:policy-not-fingerprinted-in-retained-action-tables,,unjoinable:no-shared-champion-action-state-fingerprint,available:exact-action-key,available:exact-action-key,available:exact-action-key,available:exact-action-key,available:exact-action-key,partial:q-outcome-summaries-without-worlds-weights-or-calibration,,unavailable:not-present-in-retained-action-tables,,unavailable:not-retained-with-compatible-action-rows,,unavailable:not-retained-with-compatible-action-rows,,unavailable:not-retained-with-compatible-action-rows,,unavailable:not-retained-with-compatible-action-rows,,unavailable:not-retained-with-compatible-action-rows,,,,unjoinable:gus-corpus-state-namespace,available:public-role-seat-order-and-phase,phase_early|role_bidder|seat_pos_0|sequence_lead,,proxy-only:public-role-and-action-local-labels,,unavailable:not-present-in-retained-action-tables,,unavailable:not-present-in-retained-action-tables,available:actual-action-indicator-without-policy-probability,,unavailable:not-present-in-retained-action-tables,,unavailable:not-present-in-retained-action-tables,bidder_lead_plan|ch03_bidder_lead_plan,,,unavailable:no-cross-decision-plan-state-or-intervention,proxy-only:fixed-threshold-and-tail-rankings-without-transform-consumer-or-context,,fixed-bid30:declaration-and-risk-proxies-only; no auction choices/history,,unavailable:not-present-in-retained-action-tables,,,unavailable:not-present-in-retained-action-tables,,,hidden_proxy_early_high_uncertainty,bidder_lead_noncount|bidder_lead_off_suit|bidder_lead_plan|hidden_proxy_early_high_uncertainty|phase_early|role_bidder|seat_pos_0|sequence_lead,bidder_lead_noncount|bidder_lead_off_suit|bidder_lead_plan|phase_early|role_bidder|seat_pos_0|sequence_lead,phase_early_trick_0_1|position_lead|role_bidder|seat_first_lead,,oracle/distribution columns are offline labels; role/order and proxy labels are public/action-local; eval_only_labels are never asserted as runtime features
w42.partnership_failure_atlas.v2,3f815af098ed83dc292a37ed,corpus_v2_train_50-59_d0-9.pt:81:0,5-0,corpus_v2_train_50-59_d0-9.pt,58,81,0,ones,30,0,bidder,bidder,offense,0,0,lead,early,5,false,false,,0,false,true,false,false,-9.57274055480957,6.752966642379761,0.20999999344348907,0.5049999952316284,18,available:derived-from-role-and-bid-using-retained-w42-semantics,P(Q>=threshold_q); threshold_q is role-and-bid-dependent,-18,P(Q<=-18),false,false,0.015000000596046448,7,1,6,1,2,0,ch03_bidder_count_liability_lead|ch03_bidder_lead_off_count|ch03_bidder_lead_off_suit|ch03_bidder_lead_plan|phase_early|role_bidder|seat_pos_0|sequence_lead,false,false,true,ch03_bidder_count_liability_lead|ch03_bidder_lead_off_count|ch03_bidder_lead_off_suit|ch03_bidder_lead_plan|phase_early|role_bidder|seat_pos_0|sequence_lead,available:phase4-positive-and-negative-detector-sets,false,proxy-only:is-best-threshold-not-actual-gus-output,,unavailable:no-positional-cross-corpus-match,7,-10.5449008942,-2.81977391243,7.72512698174,0.650408029556,1,1-1,0.0,true,,unavailable:policy-not-fingerprinted-in-retained-action-tables,,unjoinable:no-shared-champion-action-state-fingerprint,available:exact-action-key,available:exact-action-key,available:exact-action-key,available:exact-action-key,available:exact-action-key,partial:q-outcome-summaries-without-worlds-weights-or-calibration,,unavailable:not-present-in-retained-action-tables,,unavailable:not-retained-with-compatible-action-rows,,unavailable:not-retained-with-compatible-action-rows,,unavailable:not-retained-with-compatible-action-rows,,unavailable:not-retained-with-compatible-action-rows,,unavailable:not-retained-with-compatible-action-rows,,,,unjoinable:gus-corpus-state-namespace,available:public-role-seat-order-and-phase,phase_early|role_bidder|seat_pos_0|sequence_lead,,proxy-only:public-role-and-action-local-labels,,unavailable:not-present-in-retained-action-tables,,unavailable:not-present-in-retained-action-tables,available:actual-action-indicator-without-policy-probability,,unavailable:not-present-in-retained-action-tables,,unavailable:not-present-in-retained-action-tables,bidder_lead_plan|ch03_bidder_lead_plan,,,unavailable:no-cross-decision-plan-state-or-intervention,proxy-only:fixed-threshold-and-tail-rankings-without-transform-consumer-or-context,,fixed-bid30:declaration-and-risk-proxies-only; no auction choices/history,,unavailable:not-present-in-retained-action-tables,,,unavailable:not-present-in-retained-action-tables,,,hidden_proxy_count_pressure|hidden_proxy_early_high_uncertainty,bidder_lead_count|bidder_lead_off_count|bidder_lead_off_suit|bidder_lead_plan|hidden_proxy_count_pressure|hidden_proxy_early_high_uncertainty|phase_early|role_bidder|seat_pos_0|sequence_lead,bidder_lead_count|bidder_lead_off_count|bidder_lead_off_suit|bidder_lead_plan|phase_early|role_bidder|seat_pos_0|sequence_lead,phase_early_trick_0_1|position_lead|role_bidder|seat_first_lead,,oracle/distribution columns are offline labels; role/order and proxy labels are public/action-local; eval_only_labels are never asserted as runtime features
w42.partnership_failure_atlas.v2,42f244df386ba9bdfadb0757,corpus_v2_train_60-69_d0-9.pt:76:7,5-1,corpus_v2_train_60-69_d0-9.pt,67,76,7,sixes,30,0,bidder,bidder,offense,1,3,last,early,0,false,false,defense,15,false,false,false,false,-30.678354263305664,0.2837352752685547,0.0,0.7350000143051147,18,available:derived-from-role-and-bid-using-retained-w42-semantics,P(Q>=threshold_q); threshold_q is role-and-bid-dependent,-18,P(Q<=-18),true,false,0.0,2,0,2,0,0,0,phase_early|role_bidder|seat_pos_3|sequence_closure,false,false,false,phase_early|role_bidder|seat_pos_3|sequence_closure,available:phase4-positive-and-negative-detector-sets,true,proxy-only:is-best-threshold-not-actual-gus-output,,unavailable:no-positional-cross-corpus-match,2,-30.6783542633,-30.394618988,0.283735275269,0.283735275269,1,5-2,0.0,true,,unavailable:policy-not-fingerprinted-in-retained-action-tables,,unjoinable:no-shared-champion-action-state-fingerprint,available:exact-action-key,available:exact-action-key,available:exact-action-key,available:exact-action-key,available:exact-action-key,partial:q-outcome-summaries-without-worlds-weights-or-calibration,,unavailable:not-present-in-retained-action-tables,,unavailable:not-retained-with-compatible-action-rows,,unavailable:not-retained-with-compatible-action-rows,,unavailable:not-retained-with-compatible-action-rows,,unavailable:not-retained-with-compatible-action-rows,,unavailable:not-retained-with-compatible-action-rows,,,,unjoinable:gus-corpus-state-namespace,available:public-role-seat-order-and-phase,closure_decline_trick|closure_sequence_decision|follower_opponent_currently_winning|phase_early|role_bidder|seat_pos_3|sequence_last_to_act,,proxy-only:public-role-and-action-local-labels,,unavailable:not-present-in-retained-action-tables,,unavailable:not-present-in-retained-action-tables,available:actual-action-indicator-without-policy-probability,,unavailable:not-present-in-retained-action-tables,,unavailable:not-present-in-retained-action-tables,,,,unavailable:no-cross-decision-plan-state-or-intervention,proxy-only:fixed-threshold-and-tail-rankings-without-transform-consumer-or-context,,fixed-bid30:declaration-and-risk-proxies-only; no auction choices/history,,unavailable:not-present-in-retained-action-tables,,,unavailable:not-present-in-retained-action-tables,,,hidden_proxy_closure_information|hidden_proxy_early_high_uncertainty|hidden_proxy_opponent_controls_trick,closure_decline_trick|closure_sequence_decision|follower_opponent_currently_winning|hidden_proxy_closure_information|hidden_proxy_early_high_uncertainty|hidden_proxy_opponent_controls_trick|phase_early|role_bidder|seat_pos_3|sequence_last_to_act,closure_decline_trick|closure_sequence_decision|follower_opponent_currently_winning|phase_early|role_bidder|seat_pos_3|sequence_last_to_act,closure_decision|closure_decline_or_slough|phase_early_trick_0_1|position_follow|position_last_to_act|role_bidder|seat_fourth_closure,,oracle/distribution columns are offline labels; role/order and proxy labels are public/action-local; eval_only_labels are never asserted as runtime features
w42.partnership_failure_atlas.v2,43dd5aa3a4f13eac8b3603b1,corpus_v2_train_40-49_d0-9.pt:96:7,2-0,corpus_v2_train_40-49_d0-9.pt,49,96,7,sixes,30,3,right_setter,setter,defense,1,3,last,early,0,false,false,offense,5,false,false,false,true,-17.855241775512695,0.0,0.4950000047683716,0.4950000047683716,-17,available:derived-from-role-and-bid-using-retained-w42-semantics,P(Q>=threshold_q); threshold_q is role-and-bid-dependent,-18,P(Q<=-18),false,true,0.009999990463256836,6,0,6,1,1,0,ch05_noncount_to_bidder_control_alternative|ch05_setter_pressure_regime|phase_early|role_setter|seat_pos_3|sequence_closure,true,false,true,ch05_noncount_to_bidder_control_alternative|ch05_setter_pressure_regime|phase_early|role_setter|seat_pos_3|sequence_closure,available:phase4-positive-and-negative-detector-sets,false,proxy-only:is-best-threshold-not-actual-gus-output,,unavailable:no-positional-cross-corpus-match,6,-23.4193019867,-17.8552417755,5.56406021118,0.217588424683,1,5-1,0.2175884246826172,false,,unavailable:policy-not-fingerprinted-in-retained-action-tables,,unjoinable:no-shared-champion-action-state-fingerprint,available:exact-action-key,available:exact-action-key,available:exact-action-key,available:exact-action-key,available:exact-action-key,partial:q-outcome-summaries-without-worlds-weights-or-calibration,,unavailable:not-present-in-retained-action-tables,,unavailable:not-retained-with-compatible-action-rows,,unavailable:not-retained-with-compatible-action-rows,,unavailable:not-retained-with-compatible-action-rows,,unavailable:not-retained-with-compatible-action-rows,,unavailable:not-retained-with-compatible-action-rows,,,,unjoinable:gus-corpus-state-namespace,available:public-role-seat-order-and-phase,closure_decline_trick|closure_sequence_decision|follower_opponent_currently_winning|phase_early|role_setter|seat_pos_3|sequence_last_to_act|setter_pounce_sequence_window,,proxy-only:public-role-and-action-local-labels,,unavailable:not-present-in-retained-action-tables,,unavailable:not-present-in-retained-action-tables,available:actual-action-indicator-without-policy-probability,,unavailable:not-present-in-retained-action-tables,,unavailable:not-present-in-retained-action-tables,,,,unavailable:no-cross-decision-plan-state-or-intervention,proxy-only:fixed-threshold-and-tail-rankings-without-transform-consumer-or-context,,fixed-bid30:declaration-and-risk-proxies-only; no auction choices/history,,unavailable:not-present-in-retained-action-tables,,,unavailable:not-present-in-retained-action-tables,,,hidden_proxy_closure_information|hidden_proxy_early_high_uncertainty|hidden_proxy_opponent_controls_trick,closure_decline_trick|closure_sequence_decision|follower_opponent_currently_winning|hidden_proxy_closure_information|hidden_proxy_early_high_uncertainty|hidden_proxy_opponent_controls_trick|phase_early|role_setter|seat_pos_3|sequence_last_to_act|setter_pounce_sequence_window,closure_decline_trick|closure_sequence_decision|follower_opponent_currently_winning|phase_early|role_setter|seat_pos_3|sequence_last_to_act|setter_pounce_sequence_window,closure_decision|closure_decline_or_slough|defensive_pounce_window|phase_early_trick_0_1|position_follow|position_last_to_act|role_defender|role_right_setter|role_setter|seat_fourth_closure,,oracle/distribution columns are offline labels; role/order and proxy labels are public/action-local; eval_only_labels are never asserted as runtime features
w42.partnership_failure_atlas.v2,45414d069dd689d0d097ccf0,corpus_v2_train_30-39_d0-9.pt:67:9,6-2,corpus_v2_train_30-39_d0-9.pt,36,67,9,doubles,30,0,bidder,bidder,offense,2,1,second,middle,0,false,false,defense,0,false,false,false,false,-13.83380126953125,0.004725456237792969,0.125,0.5249999761581421,18,available:derived-from-role-and-bid-using-retained-w42-semantics,P(Q>=threshold_q); threshold_q is role-and-bid-dependent,-18,P(Q<=-18),true,true,0.0,5,0,5,0,0,0,phase_middle|role_bidder|seat_pos_1|sequence_follow,false,false,false,phase_middle|role_bidder|seat_pos_1|sequence_follow,available:phase4-positive-and-negative-detector-sets,true,proxy-only:is-best-threshold-not-actual-gus-output,,unavailable:no-positional-cross-corpus-match,5,-15.9025888443,-13.8290758133,2.07351303101,0.00472545623779,1,6-0,0.0,true,,unavailable:policy-not-fingerprinted-in-retained-action-tables,,unjoinable:no-shared-champion-action-state-fingerprint,available:exact-action-key,available:exact-action-key,available:exact-action-key,available:exact-action-key,available:exact-action-key,partial:q-outcome-summaries-without-worlds-weights-or-calibration,,unavailable:not-present-in-retained-action-tables,,unavailable:not-retained-with-compatible-action-rows,,unavailable:not-retained-with-compatible-action-rows,,unavailable:not-retained-with-compatible-action-rows,,unavailable:not-retained-with-compatible-action-rows,,unavailable:not-retained-with-compatible-action-rows,,,,unjoinable:gus-corpus-state-namespace,available:public-role-seat-order-and-phase,follower_opponent_currently_winning|phase_middle|role_bidder|seat_pos_1|sequence_follow,,proxy-only:public-role-and-action-local-labels,,unavailable:not-present-in-retained-action-tables,,unavailable:not-present-in-retained-action-tables,available:actual-action-indicator-without-policy-probability,,unavailable:not-present-in-retained-action-tables,,unavailable:not-present-in-retained-action-tables,,,,unavailable:no-cross-decision-plan-state-or-intervention,proxy-only:fixed-threshold-and-tail-rankings-without-transform-consumer-or-context,,fixed-bid30:declaration-and-risk-proxies-only; no auction choices/history,,unavailable:not-present-in-retained-action-tables,,,unavailable:not-present-in-retained-action-tables,dnt_regime_doubles,,hidden_proxy_opponent_controls_trick,dnt_regime_doubles|follower_opponent_currently_winning|hidden_proxy_opponent_controls_trick|phase_middle|role_bidder|seat_pos_1|sequence_follow,follower_opponent_currently_winning|phase_middle|role_bidder|seat_pos_1|sequence_follow,phase_middle_trick_2_4|position_follow|role_bidder|seat_second_follow,,oracle/distribution columns are offline labels; role/order and proxy labels are public/action-local; eval_only_labels are never asserted as runtime features
w42.partnership_failure_atlas.v2,45be528d5b86ea5cdd8ca865,corpus_v2_train_90-99_d0-9.pt:2:18,4-4,corpus_v2_train_90-99_d0-9.pt,90,2,18,twos,30,2,bidder_partner,partner,offense,4,2,third,middle,0,false,true,defense,0,true,true,true,true,18.237390518188477,0.0,0.7749999761581421,0.0,18,available:derived-from-role-and-bid-using-retained-w42-semantics,P(Q>=threshold_q); threshold_q is role-and-bid-dependent,-18,P(Q<=-18),true,true,0.0,1,0,1,0,1,1,ch04_partner_support_regime|phase_middle|role_partner|seat_pos_2|sequence_follow,true,false,false,ch04_partner_support_regime|phase_middle|role_partner|seat_pos_2|sequence_follow,available:phase4-positive-and-negative-detector-sets,true,proxy-only:is-best-threshold-not-actual-gus-output,,unavailable:no-positional-cross-corpus-match,1,18.2373905182,18.2373905182,0,0,1,4-4,0.0,true,,unavailable:policy-not-fingerprinted-in-retained-action-tables,,unjoinable:no-shared-champion-action-state-fingerprint,available:exact-action-key,available:exact-action-key,available:exact-action-key,available:exact-action-key,available:exact-action-key,partial:q-outcome-summaries-without-worlds-weights-or-calibration,,unavailable:not-present-in-retained-action-tables,,unavailable:not-retained-with-compatible-action-rows,,unavailable:not-retained-with-compatible-action-rows,,unavailable:not-retained-with-compatible-action-rows,,unavailable:not-retained-with-compatible-action-rows,,unavailable:not-retained-with-compatible-action-rows,,,,unjoinable:gus-corpus-state-namespace,available:public-role-seat-order-and-phase,follower_can_beat_opponent|follower_opponent_currently_winning|follower_take_control_from_opponent|phase_middle|role_partner|seat_pos_2|sequence_follow,ch04_partner_support_regime|partner_support_sequence_context,proxy-only:public-role-and-action-local-labels,,unavailable:not-present-in-retained-action-tables,,unavailable:not-present-in-retained-action-tables,available:actual-action-indicator-without-policy-probability,,unavailable:not-present-in-retained-action-tables,,unavailable:not-present-in-retained-action-tables,,,,unavailable:no-cross-decision-plan-state-or-intervention,proxy-only:fixed-threshold-and-tail-rankings-without-transform-consumer-or-context,,fixed-bid30:declaration-and-risk-proxies-only; no auction choices/history,,unavailable:not-present-in-retained-action-tables,,,unavailable:not-present-in-retained-action-tables,,,hidden_proxy_control_shift_available|hidden_proxy_late_information_rich|hidden_proxy_opponent_controls_trick,follower_can_beat_opponent|follower_opponent_currently_winning|follower_take_control_from_opponent|hidden_proxy_control_shift_available|hidden_proxy_late_information_rich|hidden_proxy_opponent_controls_trick|partner_support_sequence_context|phase_middle|role_partner|seat_pos_2|sequence_follow,follower_can_beat_opponent|follower_opponent_currently_winning|follower_take_control_from_opponent|partner_support_sequence_context|phase_middle|role_partner|seat_pos_2|sequence_follow,partner_support_context|phase_middle_trick_2_4|position_follow|role_partner|seat_third_follow,,oracle/distribution columns are offline labels; role/order and proxy labels are public/action-local; eval_only_labels are never asserted as runtime features
w42.partnership_failure_atlas.v2,472a4d000da1319318152194,corpus_v2_train_80-89_d0-9.pt:74:22,2-0,corpus_v2_train_80-89_d0-9.pt,87,74,22,fours,30,3,right_setter,setter,defense,5,2,third,late,0,false,false,defense,10,false,false,false,false,-15.458684921264648,0.021907806396484375,0.33000001311302185,0.6700000166893005,-17,available:derived-from-role-and-bid-using-retained-w42-semantics,P(Q>=threshold_q); threshold_q is role-and-bid-dependent,-18,P(Q<=-18),true,true,0.0,2,0,2,0,0,0,ch05_noncount_before_certainty_alternative|ch05_setter_pressure_regime|phase_late|role_setter|seat_pos_2|sequence_follow,false,false,true,ch05_noncount_before_certainty_alternative|ch05_setter_pressure_regime|phase_late|role_setter|seat_pos_2|sequence_follow,available:phase4-positive-and-negative-detector-sets,true,proxy-only:is-best-threshold-not-actual-gus-output,,unavailable:no-positional-cross-corpus-match,2,-15.4586849213,-15.4367771149,0.0219078063965,0.0219078063965,1,5-2,0.0,true,,unavailable:policy-not-fingerprinted-in-retained-action-tables,,unjoinable:no-shared-champion-action-state-fingerprint,available:exact-action-key,available:exact-action-key,available:exact-action-key,available:exact-action-key,available:exact-action-key,partial:q-outcome-summaries-without-worlds-weights-or-calibration,,unavailable:not-present-in-retained-action-tables,,unavailable:not-retained-with-compatible-action-rows,,unavailable:not-retained-with-compatible-action-rows,,unavailable:not-retained-with-compatible-action-rows,,unavailable:not-retained-with-compatible-action-rows,,unavailable:not-retained-with-compatible-action-rows,,,,unjoinable:gus-corpus-state-namespace,available:public-role-seat-order-and-phase,follower_partner_or_self_currently_winning|phase_late|role_setter|seat_pos_2|sequence_follow,follower_partner_or_self_currently_winning,proxy-only:public-role-and-action-local-labels,,unavailable:not-present-in-retained-action-tables,,unavailable:not-present-in-retained-action-tables,available:actual-action-indicator-without-policy-probability,,unavailable:not-present-in-retained-action-tables,,unavailable:not-present-in-retained-action-tables,,,,unavailable:no-cross-decision-plan-state-or-intervention,proxy-only:fixed-threshold-and-tail-rankings-without-transform-consumer-or-context,,fixed-bid30:declaration-and-risk-proxies-only; no auction choices/history,,unavailable:not-present-in-retained-action-tables,,,unavailable:not-present-in-retained-action-tables,,,hidden_proxy_late_information_rich|hidden_proxy_our_side_controls_trick,follower_partner_or_self_currently_winning|hidden_proxy_late_information_rich|hidden_proxy_our_side_controls_trick|phase_late|role_setter|seat_pos_2|sequence_follow,follower_partner_or_self_currently_winning|phase_late|role_setter|seat_pos_2|sequence_follow,phase_late_trick_5_6|position_follow|role_defender|role_right_setter|role_setter|seat_third_follow,,oracle/distribution columns are offline labels; role/order and proxy labels are public/action-local; eval_only_labels are never asserted as runtime features
w42.partnership_failure_atlas.v2,4a8796e5ade3f7cb891f040a,corpus_v2_train_50-59_d0-9.pt:69:18,6-2,corpus_v2_train_50-59_d0-9.pt,56,69,18,no-trump,30,1,left_setter,setter,defense,4,2,third,middle,0,false,false,defense,0,false,false,false,false,1.9314148426055908,0.18122315406799316,1.0,0.0,-17,available:derived-from-role-and-bid-using-retained-w42-semantics,P(Q>=threshold_q); threshold_q is role-and-bid-dependent,-18,P(Q<=-18),true,true,0.0,3,0,3,0,0,0,ch05_noncount_before_certainty_alternative|ch05_setter_pressure_regime|phase_middle|role_setter|seat_pos_2|sequence_follow,false,false,true,ch05_noncount_before_certainty_alternative|ch05_setter_pressure_regime|phase_middle|role_setter|seat_pos_2|sequence_follow,available:phase4-positive-and-negative-detector-sets,true,proxy-only:is-best-threshold-not-actual-gus-output,,unavailable:no-positional-cross-corpus-match,3,1.93141484261,2.11263799667,0.181223154068,0.165636658669,1,6-1,0.0,true,,unavailable:policy-not-fingerprinted-in-retained-action-tables,,unjoinable:no-shared-champion-action-state-fingerprint,available:exact-action-key,available:exact-action-key,available:exact-action-key,available:exact-action-key,available:exact-action-key,partial:q-outcome-summaries-without-worlds-weights-or-calibration,,unavailable:not-present-in-retained-action-tables,,unavailable:not-retained-with-compatible-action-rows,,unavailable:not-retained-with-compatible-action-rows,,unavailable:not-retained-with-compatible-action-rows,,unavailable:not-retained-with-compatible-action-rows,,unavailable:not-retained-with-compatible-action-rows,,,,unjoinable:gus-corpus-state-namespace,available:public-role-seat-order-and-phase,follower_partner_or_self_currently_winning|phase_middle|role_setter|seat_pos_2|sequence_follow,follower_partner_or_self_currently_winning,proxy-only:public-role-and-action-local-labels,,unavailable:not-present-in-retained-action-tables,,unavailable:not-present-in-retained-action-tables,available:actual-action-indicator-without-policy-probability,,unavailable:not-present-in-retained-action-tables,,unavailable:not-present-in-retained-action-tables,,,,unavailable:no-cross-decision-plan-state-or-intervention,proxy-only:fixed-threshold-and-tail-rankings-without-transform-consumer-or-context,,fixed-bid30:declaration-and-risk-proxies-only; no auction choices/history,,unavailable:not-present-in-retained-action-tables,,,unavailable:not-present-in-retained-action-tables,dnt_regime_no_trump,,hidden_proxy_late_information_rich|hidden_proxy_our_side_controls_trick,dnt_regime_no_trump|follower_partner_or_self_currently_winning|hidden_proxy_late_information_rich|hidden_proxy_our_side_controls_trick|phase_middle|role_setter|seat_pos_2|sequence_follow,follower_partner_or_self_currently_winning|phase_middle|role_setter|seat_pos_2|sequence_follow,phase_middle_trick_2_4|position_follow|role_defender|role_left_setter|role_setter|seat_third_follow,,oracle/distribution columns are offline labels; role/order and proxy labels are public/action-local; eval_only_labels are never asserted as runtime features
w42.partnership_failure_atlas.v2,4ab94443e3ca05c923a031cf,corpus_v2_train_80-89_d0-9.pt:69:12,1-1,corpus_v2_train_80-89_d0-9.pt,86,69,12,no-trump,30,3,right_setter,setter,defense,3,0,lead,middle,0,false,true,,0,false,true,true,true,8.041537284851074,0.0,1.0,0.0,-17,available:derived-from-role-and-bid-using-retained-w42-semantics,P(Q>=threshold_q); threshold_q is role-and-bid-dependent,-18,P(Q<=-18),true,true,0.0,4,0,4,0,2,0,ch05_count_calling_or_count_lead|ch05_setter_pressure_regime|phase_middle|role_setter|seat_pos_0|sequence_lead,true,true,false,ch05_count_calling_or_count_lead|ch05_setter_pressure_regime|phase_middle|role_setter|seat_pos_0|sequence_lead,available:phase4-positive-and-negative-detector-sets,true,proxy-only:is-best-threshold-not-actual-gus-output,,unavailable:no-positional-cross-corpus-match,4,-9.25830078125,8.04153728485,17.2998380661,1.67889261246,1,1-1,0.0,true,,unavailable:policy-not-fingerprinted-in-retained-action-tables,,unjoinable:no-shared-champion-action-state-fingerprint,available:exact-action-key,available:exact-action-key,available:exact-action-key,available:exact-action-key,available:exact-action-key,partial:q-outcome-summaries-without-worlds-weights-or-calibration,,unavailable:not-present-in-retained-action-tables,,unavailable:not-retained-with-compatible-action-rows,,unavailable:not-retained-with-compatible-action-rows,,unavailable:not-retained-with-compatible-action-rows,,unavailable:not-retained-with-compatible-action-rows,,unavailable:not-retained-with-compatible-action-rows,,,,unjoinable:gus-corpus-state-namespace,available:public-role-seat-order-and-phase,phase_middle|role_setter|seat_pos_0|sequence_lead,,proxy-only:public-role-and-action-local-labels,,unavailable:not-present-in-retained-action-tables,,unavailable:not-present-in-retained-action-tables,available:actual-action-indicator-without-policy-probability,,unavailable:not-present-in-retained-action-tables,,unavailable:not-present-in-retained-action-tables,,,,unavailable:no-cross-decision-plan-state-or-intervention,proxy-only:fixed-threshold-and-tail-rankings-without-transform-consumer-or-context,,fixed-bid30:declaration-and-risk-proxies-only; no auction choices/history,,unavailable:not-present-in-retained-action-tables,,,unavailable:not-present-in-retained-action-tables,dnt_nt_candidate_double|dnt_regime_no_trump,,,dnt_nt_candidate_double|dnt_regime_no_trump|phase_middle|role_setter|seat_pos_0|sequence_lead,phase_middle|role_setter|seat_pos_0|sequence_lead,phase_middle_trick_2_4|position_lead|role_defender|role_right_setter|role_setter|seat_first_lead,,oracle/distribution columns are offline labels; role/order and proxy labels are public/action-local; eval_only_labels are never asserted as runtime features
w42.partnership_failure_atlas.v2,4bb98f3e4b81523175f8f262,corpus_v2_train_0-9_d0-9.pt:62:22,0-0,corpus_v2_train_0-9_d0-9.pt,6,62,22,twos,30,3,right_setter,setter,defense,5,2,third,late,0,false,true,defense,5,false,false,true,true,22.825895309448242,0.0,1.0,0.0,-17,available:derived-from-role-and-bid-using-retained-w42-semantics,P(Q>=threshold_q); threshold_q is role-and-bid-dependent,-18,P(Q<=-18),true,true,0.0,2,0,2,0,2,0,ch05_noncount_before_certainty_alternative|ch05_setter_pressure_regime|phase_late|role_setter|seat_pos_2|sequence_follow,true,false,true,ch05_noncount_before_certainty_alternative|ch05_setter_pressure_regime|phase_late|role_setter|seat_pos_2|sequence_follow,available:phase4-positive-and-negative-detector-sets,true,proxy-only:is-best-threshold-not-actual-gus-output,,unavailable:no-positional-cross-corpus-match,2,22.8254909515,22.8258953094,0.000404357910156,0.000404357910156,1,0-0,0.0,true,,unavailable:policy-not-fingerprinted-in-retained-action-tables,,unjoinable:no-shared-champion-action-state-fingerprint,available:exact-action-key,available:exact-action-key,available:exact-action-key,available:exact-action-key,available:exact-action-key,partial:q-outcome-summaries-without-worlds-weights-or-calibration,,unavailable:not-present-in-retained-action-tables,,unavailable:not-retained-with-compatible-action-rows,,unavailable:not-retained-with-compatible-action-rows,,unavailable:not-retained-with-compatible-action-rows,,unavailable:not-retained-with-compatible-action-rows,,unavailable:not-retained-with-compatible-action-rows,,,,unjoinable:gus-corpus-state-namespace,available:public-role-seat-order-and-phase,follower_partner_or_self_currently_winning|phase_late|role_setter|seat_pos_2|sequence_follow,follower_partner_or_self_currently_winning,proxy-only:public-role-and-action-local-labels,,unavailable:not-present-in-retained-action-tables,,unavailable:not-present-in-retained-action-tables,available:actual-action-indicator-without-policy-probability,,unavailable:not-present-in-retained-action-tables,,unavailable:not-present-in-retained-action-tables,,,,unavailable:no-cross-decision-plan-state-or-intervention,proxy-only:fixed-threshold-and-tail-rankings-without-transform-consumer-or-context,,fixed-bid30:declaration-and-risk-proxies-only; no auction choices/history,,unavailable:not-present-in-retained-action-tables,,,unavailable:not-present-in-retained-action-tables,,,hidden_proxy_late_information_rich|hidden_proxy_our_side_controls_trick,follower_partner_or_self_currently_winning|hidden_proxy_late_information_rich|hidden_proxy_our_side_controls_trick|phase_late|role_setter|seat_pos_2|sequence_follow,follower_partner_or_self_currently_winning|phase_late|role_setter|seat_pos_2|sequence_follow,phase_late_trick_5_6|position_follow|role_defender|role_right_setter|role_setter|seat_third_follow,,oracle/distribution columns are offline labels; role/order and proxy labels are public/action-local; eval_only_labels are never asserted as runtime features
w42.partnership_failure_atlas.v2,4d05995b068149ec6fe0cc02,corpus_v2_train_70-79_d0-9.pt:28:9,6-1,corpus_v2_train_70-79_d0-9.pt,72,28,9,doubles-suit,30,2,bidder_partner,partner,offense,2,1,second,middle,0,false,false,defense,0,false,false,false,false,-6.011804580688477,0.9708809852600098,0.05000000074505806,0.32499998807907104,18,available:derived-from-role-and-bid-using-retained-w42-semantics,P(Q>=threshold_q); threshold_q is role-and-bid-dependent,-18,P(Q<=-18),false,false,0.029999997466802597,5,0,5,0,0,0,ch04_partner_support_regime|phase_middle|role_partner|seat_pos_1|sequence_follow,false,false,false,ch04_partner_support_regime|phase_middle|role_partner|seat_pos_1|sequence_follow,available:phase4-positive-and-negative-detector-sets,false,proxy-only:is-best-threshold-not-actual-gus-output,,unavailable:no-positional-cross-corpus-match,5,-21.9225692749,-5.04092359543,16.8816456795,0.668836116791,1,2-1,0.7569022178649902,false,,unavailable:policy-not-fingerprinted-in-retained-action-tables,,unjoinable:no-shared-champion-action-state-fingerprint,available:exact-action-key,available:exact-action-key,available:exact-action-key,available:exact-action-key,available:exact-action-key,partial:q-outcome-summaries-without-worlds-weights-or-calibration,,unavailable:not-present-in-retained-action-tables,,unavailable:not-retained-with-compatible-action-rows,,unavailable:not-retained-with-compatible-action-rows,,unavailable:not-retained-with-compatible-action-rows,,unavailable:not-retained-with-compatible-action-rows,,unavailable:not-retained-with-compatible-action-rows,,,,unjoinable:gus-corpus-state-namespace,available:public-role-seat-order-and-phase,follower_opponent_currently_winning|phase_middle|role_partner|seat_pos_1|sequence_follow,ch04_partner_support_regime|partner_support_sequence_context,proxy-only:public-role-and-action-local-labels,,unavailable:not-present-in-retained-action-tables,,unavailable:not-present-in-retained-action-tables,available:actual-action-indicator-without-policy-probability,,unavailable:not-present-in-retained-action-tables,,unavailable:not-present-in-retained-action-tables,,,,unavailable:no-cross-decision-plan-state-or-intervention,proxy-only:fixed-threshold-and-tail-rankings-without-transform-consumer-or-context,,fixed-bid30:declaration-and-risk-proxies-only; no auction choices/history,,unavailable:not-present-in-retained-action-tables,,,unavailable:not-present-in-retained-action-tables,dnt_regime_doubles-suit,,hidden_proxy_opponent_controls_trick,dnt_regime_doubles-suit|follower_opponent_currently_winning|hidden_proxy_opponent_controls_trick|partner_support_sequence_context|phase_middle|role_partner|seat_pos_1|sequence_follow,follower_opponent_currently_winning|partner_support_sequence_context|phase_middle|role_partner|seat_pos_1|sequence_follow,partner_support_context|phase_middle_trick_2_4|position_follow|role_partner|seat_second_follow,,oracle/distribution columns are offline labels; role/order and proxy labels are public/action-local; eval_only_labels are never asserted as runtime features
w42.partnership_failure_atlas.v2,4e1383bcce3a2f73c548419c,corpus_v2_train_60-69_d0-9.pt:13:13,5-0,corpus_v2_train_60-69_d0-9.pt,61,13,13,threes,30,3,right_setter,setter,defense,3,1,second,middle,5,false,false,offense,0,false,false,false,false,-16.80143165588379,17.960346579551697,0.41499999165534973,0.5550000071525574,-17,available:derived-from-role-and-bid-using-retained-w42-semantics,P(Q>=threshold_q); threshold_q is role-and-bid-dependent,-18,P(Q<=-18),false,false,0.2500000298023224,4,1,3,1,0,1,ch05_hold_trump_no_count_proxy|ch05_reckless_count_to_bidder_control|ch05_setter_pressure_regime|phase_middle|role_setter|seat_pos_1|sequence_follow,false,true,true,ch05_hold_trump_no_count_proxy|ch05_reckless_count_to_bidder_control|ch05_setter_pressure_regime|phase_middle|role_setter|seat_pos_1|sequence_follow,available:phase4-positive-and-negative-detector-sets,false,proxy-only:is-best-threshold-not-actual-gus-output,,unavailable:no-positional-cross-corpus-match,4,-16.8014316559,1.15891492367,17.9603465796,12.5091642141,1,3-0,0.0,true,,unavailable:policy-not-fingerprinted-in-retained-action-tables,,unjoinable:no-shared-champion-action-state-fingerprint,available:exact-action-key,available:exact-action-key,available:exact-action-key,available:exact-action-key,available:exact-action-key,partial:q-outcome-summaries-without-worlds-weights-or-calibration,,unavailable:not-present-in-retained-action-tables,,unavailable:not-retained-with-compatible-action-rows,,unavailable:not-retained-with-compatible-action-rows,,unavailable:not-retained-with-compatible-action-rows,,unavailable:not-retained-with-compatible-action-rows,,unavailable:not-retained-with-compatible-action-rows,,,,unjoinable:gus-corpus-state-namespace,available:public-role-seat-order-and-phase,follower_count_into_opponent_control|follower_opponent_currently_winning|phase_middle|role_setter|seat_pos_1|sequence_follow|setter_pounce_sequence_window|setter_reckless_count_to_bidder,,proxy-only:public-role-and-action-local-labels,,unavailable:not-present-in-retained-action-tables,,unavailable:not-present-in-retained-action-tables,available:actual-action-indicator-without-policy-probability,,unavailable:not-present-in-retained-action-tables,,unavailable:not-present-in-retained-action-tables,,,,unavailable:no-cross-decision-plan-state-or-intervention,proxy-only:fixed-threshold-and-tail-rankings-without-transform-consumer-or-context,,fixed-bid30:declaration-and-risk-proxies-only; no auction choices/history,,unavailable:not-present-in-retained-action-tables,,,unavailable:not-present-in-retained-action-tables,,,hidden_proxy_count_pressure|hidden_proxy_opponent_controls_trick,ch05_reckless_count_to_bidder|follower_count_into_opponent_control|follower_opponent_currently_winning|hidden_proxy_count_pressure|hidden_proxy_opponent_controls_trick|phase_middle|role_setter|seat_pos_1|sequence_follow|setter_pounce_sequence_window|setter_reckless_count_to_bidder,ch05_reckless_count_to_bidder|follower_count_into_opponent_control|follower_opponent_currently_winning|phase_middle|role_setter|seat_pos_1|sequence_follow|setter_pounce_sequence_window|setter_reckless_count_to_bidder,ch05_reckless_count_to_bidder|defensive_pounce_window|defensive_reckless_count_to_bidder|phase_middle_trick_2_4|position_follow|role_defender|role_right_setter|role_setter|seat_second_follow,,oracle/distribution columns are offline labels; role/order and proxy labels are public/action-local; eval_only_labels are never asserted as runtime features
w42.partnership_failure_atlas.v2,4f69c0141c6ae72ceea93401,corpus_v2_train_30-39_d0-9.pt:77:8,6-0,corpus_v2_train_30-39_d0-9.pt,37,77,8,doubles,30,3,right_setter,setter,defense,2,0,lead,middle,0,false,false,,0,false,true,false,false,17.650545120239258,3.4561290740966797,1.0,0.0,-17,available:derived-from-role-and-bid-using-retained-w42-semantics,P(Q>=threshold_q); threshold_q is role-and-bid-dependent,-18,P(Q<=-18),true,true,0.0,5,1,4,0,1,0,ch05_generic_non_count_calling_lead|ch05_non_count_calling_lead|ch05_setter_pressure_regime|phase_middle|role_setter|seat_pos_0|sequence_lead,false,false,true,ch05_generic_non_count_calling_lead|ch05_non_count_calling_lead|ch05_setter_pressure_regime|phase_middle|role_setter|seat_pos_0|sequence_lead,available:phase4-positive-and-negative-detector-sets,true,proxy-only:is-best-threshold-not-actual-gus-output,,unavailable:no-positional-cross-corpus-match,5,14.8093900681,21.1066741943,6.29728412628,0.22163772583,1,6-5,0.22163772583007812,false,,unavailable:policy-not-fingerprinted-in-retained-action-tables,,unjoinable:no-shared-champion-action-state-fingerprint,available:exact-action-key,available:exact-action-key,available:exact-action-key,available:exact-action-key,available:exact-action-key,partial:q-outcome-summaries-without-worlds-weights-or-calibration,,unavailable:not-present-in-retained-action-tables,,unavailable:not-retained-with-compatible-action-rows,,unavailable:not-retained-with-compatible-action-rows,,unavailable:not-retained-with-compatible-action-rows,,unavailable:not-retained-with-compatible-action-rows,,unavailable:not-retained-with-compatible-action-rows,,,,unjoinable:gus-corpus-state-namespace,available:public-role-seat-order-and-phase,phase_middle|role_setter|seat_pos_0|sequence_lead,,proxy-only:public-role-and-action-local-labels,,unavailable:not-present-in-retained-action-tables,,unavailable:not-present-in-retained-action-tables,available:actual-action-indicator-without-policy-probability,,unavailable:not-present-in-retained-action-tables,,unavailable:not-present-in-retained-action-tables,,,,unavailable:no-cross-decision-plan-state-or-intervention,proxy-only:fixed-threshold-and-tail-rankings-without-transform-consumer-or-context,,fixed-bid30:declaration-and-risk-proxies-only; no auction choices/history,,unavailable:not-present-in-retained-action-tables,,,unavailable:not-present-in-retained-action-tables,dnt_regime_doubles,,,dnt_regime_doubles|phase_middle|role_setter|seat_pos_0|sequence_lead,phase_middle|role_setter|seat_pos_0|sequence_lead,phase_middle_trick_2_4|position_lead|role_defender|role_right_setter|role_setter|seat_first_lead,,oracle/distribution columns are offline labels; role/order and proxy labels are public/action-local; eval_only_labels are never asserted as runtime features
w42.partnership_failure_atlas.v2,500e2f8165e445569f8280f9,corpus_v2_train_70-79_d0-9.pt:37:7,5-1,corpus_v2_train_70-79_d0-9.pt,73,37,7,doubles,30,3,right_setter,setter,defense,1,3,last,early,0,false,false,offense,0,false,false,false,false,-11.593578338623047,7.015331745147705,0.5350000262260437,0.4449999928474426,-17,available:derived-from-role-and-bid-using-retained-w42-semantics,P(Q>=threshold_q); threshold_q is role-and-bid-dependent,-18,P(Q<=-18),false,false,0.07999998331069946,6,1,5,2,1,1,ch05_hold_trump_no_count_proxy|ch05_noncount_to_bidder_control_alternative|ch05_setter_pressure_regime|phase_early|role_setter|seat_pos_3|sequence_closure,false,false,true,ch05_hold_trump_no_count_proxy|ch05_noncount_to_bidder_control_alternative|ch05_setter_pressure_regime|phase_early|role_setter|seat_pos_3|sequence_closure,available:phase4-positive-and-negative-detector-sets,false,proxy-only:is-best-threshold-not-actual-gus-output,,unavailable:no-positional-cross-corpus-match,6,-15.5436964035,-4.57824659348,10.96544981,5.55304098129,1,4-4,0.0,true,,unavailable:policy-not-fingerprinted-in-retained-action-tables,,unjoinable:no-shared-champion-action-state-fingerprint,available:exact-action-key,available:exact-action-key,available:exact-action-key,available:exact-action-key,available:exact-action-key,partial:q-outcome-summaries-without-worlds-weights-or-calibration,,unavailable:not-present-in-retained-action-tables,,unavailable:not-retained-with-compatible-action-rows,,unavailable:not-retained-with-compatible-action-rows,,unavailable:not-retained-with-compatible-action-rows,,unavailable:not-retained-with-compatible-action-rows,,unavailable:not-retained-with-compatible-action-rows,,,,unjoinable:gus-corpus-state-namespace,available:public-role-seat-order-and-phase,closure_decline_trick|closure_sequence_decision|follower_opponent_currently_winning|phase_early|role_setter|seat_pos_3|sequence_last_to_act|setter_pounce_sequence_window,,proxy-only:public-role-and-action-local-labels,,unavailable:not-present-in-retained-action-tables,,unavailable:not-present-in-retained-action-tables,available:actual-action-indicator-without-policy-probability,,unavailable:not-present-in-retained-action-tables,,unavailable:not-present-in-retained-action-tables,,,,unavailable:no-cross-decision-plan-state-or-intervention,proxy-only:fixed-threshold-and-tail-rankings-without-transform-consumer-or-context,,fixed-bid30:declaration-and-risk-proxies-only; no auction choices/history,,unavailable:not-present-in-retained-action-tables,,,unavailable:not-present-in-retained-action-tables,dnt_regime_doubles,,hidden_proxy_closure_information|hidden_proxy_early_high_uncertainty|hidden_proxy_opponent_controls_trick,closure_decline_trick|closure_sequence_decision|dnt_regime_doubles|follower_opponent_currently_winning|hidden_proxy_closure_information|hidden_proxy_early_high_uncertainty|hidden_proxy_opponent_controls_trick|phase_early|role_setter|seat_pos_3|sequence_last_to_act|setter_pounce_sequence_window,closure_decline_trick|closure_sequence_decision|follower_opponent_currently_winning|phase_early|role_setter|seat_pos_3|sequence_last_to_act|setter_pounce_sequence_window,closure_decision|closure_decline_or_slough|defensive_pounce_window|phase_early_trick_0_1|position_follow|position_last_to_act|role_defender|role_right_setter|role_setter|seat_fourth_closure,,oracle/distribution columns are offline labels; role/order and proxy labels are public/action-local; eval_only_labels are never asserted as runtime features
w42.partnership_failure_atlas.v2,5226b3d3e5a26ab0fbfd6f83,corpus_v2_train_50-59_d0-9.pt:69:4,4-2,corpus_v2_train_50-59_d0-9.pt,56,69,4,no-trump,30,0,bidder,bidder,offense,1,0,lead,early,0,false,false,,0,false,true,true,true,-8.841658592224121,0.0,0.2199999988079071,0.4300000071525574,18,available:derived-from-role-and-bid-using-retained-w42-semantics,P(Q>=threshold_q); threshold_q is role-and-bid-dependent,-18,P(Q<=-18),true,true,0.0,6,0,6,1,0,0,ch03_bidder_lead_off_suit|ch03_bidder_lead_plan|phase_early|role_bidder|seat_pos_0|sequence_lead,true,false,true,ch03_bidder_lead_off_suit|ch03_bidder_lead_plan|phase_early|role_bidder|seat_pos_0|sequence_lead,available:phase4-positive-and-negative-detector-sets,true,proxy-only:is-best-threshold-not-actual-gus-output,,unavailable:no-positional-cross-corpus-match,6,-18.8915271759,-8.84165859222,10.0498685837,6.7683172226,1,4-2,0.0,true,,unavailable:policy-not-fingerprinted-in-retained-action-tables,,unjoinable:no-shared-champion-action-state-fingerprint,available:exact-action-key,available:exact-action-key,available:exact-action-key,available:exact-action-key,available:exact-action-key,partial:q-outcome-summaries-without-worlds-weights-or-calibration,,unavailable:not-present-in-retained-action-tables,,unavailable:not-retained-with-compatible-action-rows,,unavailable:not-retained-with-compatible-action-rows,,unavailable:not-retained-with-compatible-action-rows,,unavailable:not-retained-with-compatible-action-rows,,unavailable:not-retained-with-compatible-action-rows,,,,unjoinable:gus-corpus-state-namespace,available:public-role-seat-order-and-phase,phase_early|role_bidder|seat_pos_0|sequence_lead,,proxy-only:public-role-and-action-local-labels,,unavailable:not-present-in-retained-action-tables,,unavailable:not-present-in-retained-action-tables,available:actual-action-indicator-without-policy-probability,,unavailable:not-present-in-retained-action-tables,,unavailable:not-present-in-retained-action-tables,bidder_lead_plan|ch03_bidder_lead_plan,,,unavailable:no-cross-decision-plan-state-or-intervention,proxy-only:fixed-threshold-and-tail-rankings-without-transform-consumer-or-context,,fixed-bid30:declaration-and-risk-proxies-only; no auction choices/history,,unavailable:not-present-in-retained-action-tables,,,unavailable:not-present-in-retained-action-tables,dnt_regime_no_trump,,hidden_proxy_early_high_uncertainty,bidder_lead_noncount|bidder_lead_off_suit|bidder_lead_plan|dnt_regime_no_trump|hidden_proxy_early_high_uncertainty|phase_early|role_bidder|seat_pos_0|sequence_lead,bidder_lead_noncount|bidder_lead_off_suit|bidder_lead_plan|phase_early|role_bidder|seat_pos_0|sequence_lead,phase_early_trick_0_1|position_lead|role_bidder|seat_first_lead,,oracle/distribution columns are offline labels; role/order and proxy labels are public/action-local; eval_only_labels are never asserted as runtime features
w42.partnership_failure_atlas.v2,524460c18c14a68400666176,corpus_v2_train_60-69_d0-9.pt:1:0,4-2,corpus_v2_train_60-69_d0-9.pt,60,1,0,ones,30,0,bidder,bidder,offense,0,0,lead,early,0,false,false,,0,false,true,false,false,4.005364418029785,6.121809959411621,0.2800000011920929,0.20000000298023224,18,available:derived-from-role-and-bid-using-retained-w42-semantics,P(Q>=threshold_q); threshold_q is role-and-bid-dependent,-18,P(Q<=-18),false,false,0.14500001072883606,7,3,4,2,0,0,ch03_bidder_lead_off_suit|ch03_bidder_lead_plan|phase_early|role_bidder|seat_pos_0|sequence_lead,false,false,true,ch03_bidder_lead_off_suit|ch03_bidder_lead_plan|phase_early|role_bidder|seat_pos_0|sequence_lead,available:phase4-positive-and-negative-detector-sets,false,proxy-only:is-best-threshold-not-actual-gus-output,,unavailable:no-positional-cross-corpus-match,7,-3.49932312965,10.1271743774,13.6264975071,3.98482751846,1,6-5,0.0,true,,unavailable:policy-not-fingerprinted-in-retained-action-tables,,unjoinable:no-shared-champion-action-state-fingerprint,available:exact-action-key,available:exact-action-key,available:exact-action-key,available:exact-action-key,available:exact-action-key,partial:q-outcome-summaries-without-worlds-weights-or-calibration,,unavailable:not-present-in-retained-action-tables,,unavailable:not-retained-with-compatible-action-rows,,unavailable:not-retained-with-compatible-action-rows,,unavailable:not-retained-with-compatible-action-rows,,unavailable:not-retained-with-compatible-action-rows,,unavailable:not-retained-with-compatible-action-rows,,,,unjoinable:gus-corpus-state-namespace,available:public-role-seat-order-and-phase,phase_early|role_bidder|seat_pos_0|sequence_lead,,proxy-only:public-role-and-action-local-labels,,unavailable:not-present-in-retained-action-tables,,unavailable:not-present-in-retained-action-tables,available:actual-action-indicator-without-policy-probability,,unavailable:not-present-in-retained-action-tables,,unavailable:not-present-in-retained-action-tables,bidder_lead_plan|ch03_bidder_lead_plan,,,unavailable:no-cross-decision-plan-state-or-intervention,proxy-only:fixed-threshold-and-tail-rankings-without-transform-consumer-or-context,,fixed-bid30:declaration-and-risk-proxies-only; no auction choices/history,,unavailable:not-present-in-retained-action-tables,,,unavailable:not-present-in-retained-action-tables,,,hidden_proxy_early_high_uncertainty,bidder_lead_noncount|bidder_lead_off_suit|bidder_lead_plan|hidden_proxy_early_high_uncertainty|phase_early|role_bidder|seat_pos_0|sequence_lead,bidder_lead_noncount|bidder_lead_off_suit|bidder_lead_plan|phase_early|role_bidder|seat_pos_0|sequence_lead,phase_early_trick_0_1|position_lead|role_bidder|seat_first_lead,,oracle/distribution columns are offline labels; role/order and proxy labels are public/action-local; eval_only_labels are never asserted as runtime features
w42.partnership_failure_atlas.v2,52d8a204bb3739262af16621,corpus_v2_train_0-9_d0-9.pt:88:8,3-2,corpus_v2_train_0-9_d0-9.pt,8,88,8,doubles-suit,30,0,bidder,bidder,offense,2,0,lead,middle,5,false,false,,0,false,true,false,false,-8.997594833374023,4.124814510345459,0.14000000059604645,0.38499999046325684,18,available:derived-from-role-and-bid-using-retained-w42-semantics,P(Q>=threshold_q); threshold_q is role-and-bid-dependent,-18,P(Q<=-18),false,false,0.09999999403953552,5,3,2,2,3,0,ch03_bidder_count_liability_lead|ch03_bidder_lead_off_count|ch03_bidder_lead_off_suit|ch03_bidder_lead_plan|phase_middle|role_bidder|seat_pos_0|sequence_lead,false,false,true,ch03_bidder_count_liability_lead|ch03_bidder_lead_off_count|ch03_bidder_lead_off_suit|ch03_bidder_lead_plan|phase_middle|role_bidder|seat_pos_0|sequence_lead,available:phase4-positive-and-negative-detector-sets,false,proxy-only:is-best-threshold-not-actual-gus-output,,unavailable:no-positional-cross-corpus-match,5,-11.5216255188,-4.87278032303,6.64884519577,0.418394565582,1,2-2,0.0,true,,unavailable:policy-not-fingerprinted-in-retained-action-tables,,unjoinable:no-shared-champion-action-state-fingerprint,available:exact-action-key,available:exact-action-key,available:exact-action-key,available:exact-action-key,available:exact-action-key,partial:q-outcome-summaries-without-worlds-weights-or-calibration,,unavailable:not-present-in-retained-action-tables,,unavailable:not-retained-with-compatible-action-rows,,unavailable:not-retained-with-compatible-action-rows,,unavailable:not-retained-with-compatible-action-rows,,unavailable:not-retained-with-compatible-action-rows,,unavailable:not-retained-with-compatible-action-rows,,,,unjoinable:gus-corpus-state-namespace,available:public-role-seat-order-and-phase,phase_middle|role_bidder|seat_pos_0|sequence_lead,,proxy-only:public-role-and-action-local-labels,,unavailable:not-present-in-retained-action-tables,,unavailable:not-present-in-retained-action-tables,available:actual-action-indicator-without-policy-probability,,unavailable:not-present-in-retained-action-tables,,unavailable:not-present-in-retained-action-tables,bidder_lead_plan|ch03_bidder_lead_plan,,,unavailable:no-cross-decision-plan-state-or-intervention,proxy-only:fixed-threshold-and-tail-rankings-without-transform-consumer-or-context,,fixed-bid30:declaration-and-risk-proxies-only; no auction choices/history,,unavailable:not-present-in-retained-action-tables,,,unavailable:not-present-in-retained-action-tables,dnt_regime_doubles-suit,,hidden_proxy_count_pressure,bidder_lead_count|bidder_lead_off_count|bidder_lead_off_suit|bidder_lead_plan|dnt_regime_doubles-suit|hidden_proxy_count_pressure|phase_middle|role_bidder|seat_pos_0|sequence_lead,bidder_lead_count|bidder_lead_off_count|bidder_lead_off_suit|bidder_lead_plan|phase_middle|role_bidder|seat_pos_0|sequence_lead,phase_middle_trick_2_4|position_lead|role_bidder|seat_first_lead,,oracle/distribution columns are offline labels; role/order and proxy labels are public/action-local; eval_only_labels are never asserted as runtime features
w42.partnership_failure_atlas.v2,536940e80f041d4ad4bb46a2,corpus_v2_train_60-69_d0-9.pt:65:17,4-1,corpus_v2_train_60-69_d0-9.pt,66,65,17,fives,30,1,left_setter,setter,defense,4,1,second,middle,5,false,false,offense,0,false,false,false,false,-13.711040496826172,3.293219566345215,0.3700000047683716,0.6299999952316284,-17,available:derived-from-role-and-bid-using-retained-w42-semantics,P(Q>=threshold_q); threshold_q is role-and-bid-dependent,-18,P(Q<=-18),true,true,0.0,3,0,3,1,0,0,ch05_reckless_count_to_bidder_control|ch05_setter_pressure_regime|phase_middle|role_setter|seat_pos_1|sequence_follow,false,true,false,ch05_reckless_count_to_bidder_control|ch05_setter_pressure_regime|phase_middle|role_setter|seat_pos_1|sequence_follow,available:phase4-positive-and-negative-detector-sets,true,proxy-only:is-best-threshold-not-actual-gus-output,,unavailable:no-positional-cross-corpus-match,3,-13.7110404968,-10.4178209305,3.29321956635,0.226253509521,1,1-0,0.0,true,,unavailable:policy-not-fingerprinted-in-retained-action-tables,,unjoinable:no-shared-champion-action-state-fingerprint,available:exact-action-key,available:exact-action-key,available:exact-action-key,available:exact-action-key,available:exact-action-key,partial:q-outcome-summaries-without-worlds-weights-or-calibration,,unavailable:not-present-in-retained-action-tables,,unavailable:not-retained-with-compatible-action-rows,,unavailable:not-retained-with-compatible-action-rows,,unavailable:not-retained-with-compatible-action-rows,,unavailable:not-retained-with-compatible-action-rows,,unavailable:not-retained-with-compatible-action-rows,,,,unjoinable:gus-corpus-state-namespace,available:public-role-seat-order-and-phase,follower_count_into_opponent_control|follower_opponent_currently_winning|phase_middle|role_setter|seat_pos_1|sequence_follow|setter_pounce_sequence_window|setter_reckless_count_to_bidder,,proxy-only:public-role-and-action-local-labels,,unavailable:not-present-in-retained-action-tables,,unavailable:not-present-in-retained-action-tables,available:actual-action-indicator-without-policy-probability,,unavailable:not-present-in-retained-action-tables,,unavailable:not-present-in-retained-action-tables,,,,unavailable:no-cross-decision-plan-state-or-intervention,proxy-only:fixed-threshold-and-tail-rankings-without-transform-consumer-or-context,,fixed-bid30:declaration-and-risk-proxies-only; no auction choices/history,,unavailable:not-present-in-retained-action-tables,,,unavailable:not-present-in-retained-action-tables,,,hidden_proxy_count_pressure|hidden_proxy_late_information_rich|hidden_proxy_opponent_controls_trick,ch05_reckless_count_to_bidder|follower_count_into_opponent_control|follower_opponent_currently_winning|hidden_proxy_count_pressure|hidden_proxy_late_information_rich|hidden_proxy_opponent_controls_trick|phase_middle|role_setter|seat_pos_1|sequence_follow|setter_pounce_sequence_window|setter_reckless_count_to_bidder,ch05_reckless_count_to_bidder|follower_count_into_opponent_control|follower_opponent_currently_winning|phase_middle|role_setter|seat_pos_1|sequence_follow|setter_pounce_sequence_window|setter_reckless_count_to_bidder,ch05_reckless_count_to_bidder|defensive_pounce_window|defensive_reckless_count_to_bidder|phase_middle_trick_2_4|position_follow|role_defender|role_left_setter|role_setter|seat_second_follow,,oracle/distribution columns are offline labels; role/order and proxy labels are public/action-local; eval_only_labels are never asserted as runtime features
w42.partnership_failure_atlas.v2,53dda32cbe5b8af7e9879277,corpus_v2_train_90-99_d0-9.pt:60:1,5-3,corpus_v2_train_90-99_d0-9.pt,96,60,1,blanks,30,1,left_setter,setter,defense,0,1,second,early,0,false,false,offense,10,false,false,false,false,-6.939908027648926,0.39203977584838867,0.5199999809265137,0.4699999988079071,-17,available:derived-from-role-and-bid-using-retained-w42-semantics,P(Q>=threshold_q); threshold_q is role-and-bid-dependent,-18,P(Q<=-18),false,false,0.009999990463256836,3,0,3,0,0,0,ch05_noncount_to_bidder_control_alternative|ch05_setter_pressure_regime|phase_early|role_setter|seat_pos_1|sequence_follow,false,false,true,ch05_noncount_to_bidder_control_alternative|ch05_setter_pressure_regime|phase_early|role_setter|seat_pos_1|sequence_follow,available:phase4-positive-and-negative-detector-sets,false,proxy-only:is-best-threshold-not-actual-gus-output,,unavailable:no-positional-cross-corpus-match,3,-6.93990802765,-6.5478682518,0.392039775848,0.0847697257996,1,5-4,0.0,true,,unavailable:policy-not-fingerprinted-in-retained-action-tables,,unjoinable:no-shared-champion-action-state-fingerprint,available:exact-action-key,available:exact-action-key,available:exact-action-key,available:exact-action-key,available:exact-action-key,partial:q-outcome-summaries-without-worlds-weights-or-calibration,,unavailable:not-present-in-retained-action-tables,,unavailable:not-retained-with-compatible-action-rows,,unavailable:not-retained-with-compatible-action-rows,,unavailable:not-retained-with-compatible-action-rows,,unavailable:not-retained-with-compatible-action-rows,,unavailable:not-retained-with-compatible-action-rows,,,,unjoinable:gus-corpus-state-namespace,available:public-role-seat-order-and-phase,follower_opponent_currently_winning|phase_early|role_setter|seat_pos_1|sequence_follow|setter_pounce_sequence_window,,proxy-only:public-role-and-action-local-labels,,unavailable:not-present-in-retained-action-tables,,unavailable:not-present-in-retained-action-tables,available:actual-action-indicator-without-policy-probability,,unavailable:not-present-in-retained-action-tables,,unavailable:not-present-in-retained-action-tables,,,,unavailable:no-cross-decision-plan-state-or-intervention,proxy-only:fixed-threshold-and-tail-rankings-without-transform-consumer-or-context,,fixed-bid30:declaration-and-risk-proxies-only; no auction choices/history,,unavailable:not-present-in-retained-action-tables,,,unavailable:not-present-in-retained-action-tables,,,hidden_proxy_early_high_uncertainty|hidden_proxy_opponent_controls_trick,follower_opponent_currently_winning|hidden_proxy_early_high_uncertainty|hidden_proxy_opponent_controls_trick|phase_early|role_setter|seat_pos_1|sequence_follow|setter_pounce_sequence_window,follower_opponent_currently_winning|phase_early|role_setter|seat_pos_1|sequence_follow|setter_pounce_sequence_window,defensive_pounce_window|phase_early_trick_0_1|position_follow|role_defender|role_left_setter|role_setter|seat_second_follow,,oracle/distribution columns are offline labels; role/order and proxy labels are public/action-local; eval_only_labels are never asserted as runtime features
w42.partnership_failure_atlas.v2,54da809f37d18c4205b8c65b,corpus_v2_train_40-49_d0-9.pt:27:9,3-2,corpus_v2_train_40-49_d0-9.pt,42,27,9,doubles,30,3,right_setter,setter,defense,2,1,second,middle,5,false,false,offense,0,false,false,false,true,16.15837860107422,0.0,0.949999988079071,0.03500000014901161,-17,available:derived-from-role-and-bid-using-retained-w42-semantics,P(Q>=threshold_q); threshold_q is role-and-bid-dependent,-18,P(Q<=-18),false,false,0.009999990463256836,5,1,4,2,1,1,ch05_hold_trump_no_count_proxy|ch05_reckless_count_to_bidder_control|ch05_setter_pressure_regime|phase_middle|role_setter|seat_pos_1|sequence_follow,true,true,true,ch05_hold_trump_no_count_proxy|ch05_reckless_count_to_bidder_control|ch05_setter_pressure_regime|phase_middle|role_setter|seat_pos_1|sequence_follow,available:phase4-positive-and-negative-detector-sets,false,proxy-only:is-best-threshold-not-actual-gus-output,,unavailable:no-positional-cross-corpus-match,5,9.48424243927,16.1583786011,6.6741361618,0.0296001434326,1,3-1,0.029600143432617188,false,,unavailable:policy-not-fingerprinted-in-retained-action-tables,,unjoinable:no-shared-champion-action-state-fingerprint,available:exact-action-key,available:exact-action-key,available:exact-action-key,available:exact-action-key,available:exact-action-key,partial:q-outcome-summaries-without-worlds-weights-or-calibration,,unavailable:not-present-in-retained-action-tables,,unavailable:not-retained-with-compatible-action-rows,,unavailable:not-retained-with-compatible-action-rows,,unavailable:not-retained-with-compatible-action-rows,,unavailable:not-retained-with-compatible-action-rows,,unavailable:not-retained-with-compatible-action-rows,,,,unjoinable:gus-corpus-state-namespace,available:public-role-seat-order-and-phase,follower_count_into_opponent_control|follower_opponent_currently_winning|phase_middle|role_setter|seat_pos_1|sequence_follow|setter_pounce_sequence_window|setter_reckless_count_to_bidder,,proxy-only:public-role-and-action-local-labels,,unavailable:not-present-in-retained-action-tables,,unavailable:not-present-in-retained-action-tables,available:actual-action-indicator-without-policy-probability,,unavailable:not-present-in-retained-action-tables,,unavailable:not-present-in-retained-action-tables,,,,unavailable:no-cross-decision-plan-state-or-intervention,proxy-only:fixed-threshold-and-tail-rankings-without-transform-consumer-or-context,,fixed-bid30:declaration-and-risk-proxies-only; no auction choices/history,,unavailable:not-present-in-retained-action-tables,,,unavailable:not-present-in-retained-action-tables,dnt_regime_doubles,,hidden_proxy_count_pressure|hidden_proxy_opponent_controls_trick,dnt_regime_doubles|follower_count_into_opponent_control|follower_opponent_currently_winning|hidden_proxy_count_pressure|hidden_proxy_opponent_controls_trick|phase_middle|role_setter|seat_pos_1|sequence_follow|setter_pounce_sequence_window|setter_reckless_count_to_bidder,follower_count_into_opponent_control|follower_opponent_currently_winning|phase_middle|role_setter|seat_pos_1|sequence_follow|setter_pounce_sequence_window|setter_reckless_count_to_bidder,defensive_pounce_window|defensive_reckless_count_to_bidder|phase_middle_trick_2_4|position_follow|role_defender|role_right_setter|role_setter|seat_second_follow,,oracle/distribution columns are offline labels; role/order and proxy labels are public/action-local; eval_only_labels are never asserted as runtime features
w42.partnership_failure_atlas.v2,56c370b3472662c2aa0a7dca,corpus_v2_train_0-9_d0-9.pt:58:12,5-2,corpus_v2_train_0-9_d0-9.pt,5,58,12,doubles-suit,30,1,left_setter,setter,defense,3,0,lead,middle,0,false,false,,0,false,true,false,false,0.02055869996547699,0.48226697742938995,0.7749999761581421,0.19499999284744263,-17,available:derived-from-role-and-bid-using-retained-w42-semantics,P(Q>=threshold_q); threshold_q is role-and-bid-dependent,-18,P(Q<=-18),true,true,0.0,4,0,4,1,0,0,ch05_generic_non_count_calling_lead|ch05_non_count_calling_lead|ch05_setter_pressure_regime|phase_middle|role_setter|seat_pos_0|sequence_lead,false,false,true,ch05_generic_non_count_calling_lead|ch05_non_count_calling_lead|ch05_setter_pressure_regime|phase_middle|role_setter|seat_pos_0|sequence_lead,available:phase4-positive-and-negative-detector-sets,true,proxy-only:is-best-threshold-not-actual-gus-output,,unavailable:no-positional-cross-corpus-match,4,-1.01654970646,0.502825677395,1.51937538385,0.482266977429,1,5-0,0.5337546318769455,false,,unavailable:policy-not-fingerprinted-in-retained-action-tables,,unjoinable:no-shared-champion-action-state-fingerprint,available:exact-action-key,available:exact-action-key,available:exact-action-key,available:exact-action-key,available:exact-action-key,partial:q-outcome-summaries-without-worlds-weights-or-calibration,,unavailable:not-present-in-retained-action-tables,,unavailable:not-retained-with-compatible-action-rows,,unavailable:not-retained-with-compatible-action-rows,,unavailable:not-retained-with-compatible-action-rows,,unavailable:not-retained-with-compatible-action-rows,,unavailable:not-retained-with-compatible-action-rows,,,,unjoinable:gus-corpus-state-namespace,available:public-role-seat-order-and-phase,phase_middle|role_setter|seat_pos_0|sequence_lead,,proxy-only:public-role-and-action-local-labels,,unavailable:not-present-in-retained-action-tables,,unavailable:not-present-in-retained-action-tables,available:actual-action-indicator-without-policy-probability,,unavailable:not-present-in-retained-action-tables,,unavailable:not-present-in-retained-action-tables,,,,unavailable:no-cross-decision-plan-state-or-intervention,proxy-only:fixed-threshold-and-tail-rankings-without-transform-consumer-or-context,,fixed-bid30:declaration-and-risk-proxies-only; no auction choices/history,,unavailable:not-present-in-retained-action-tables,,,unavailable:not-present-in-retained-action-tables,dnt_regime_doubles-suit,,,dnt_regime_doubles-suit|phase_middle|role_setter|seat_pos_0|sequence_lead,phase_middle|role_setter|seat_pos_0|sequence_lead,phase_middle_trick_2_4|position_lead|role_defender|role_left_setter|role_setter|seat_first_lead,,oracle/distribution columns are offline labels; role/order and proxy labels are public/action-local; eval_only_labels are never asserted as runtime features
w42.partnership_failure_atlas.v2,59f75c630930332996df9365,corpus_v2_train_90-99_d0-9.pt:51:16,4-3,corpus_v2_train_90-99_d0-9.pt,95,51,16,ones,30,1,left_setter,setter,defense,4,0,lead,middle,0,false,false,,0,false,true,false,false,-13.580735206604004,6.894795894622803,0.42500001192092896,0.574999988079071,-17,available:derived-from-role-and-bid-using-retained-w42-semantics,P(Q>=threshold_q); threshold_q is role-and-bid-dependent,-18,P(Q<=-18),false,false,0.18000000715255737,3,0,3,1,1,0,ch05_generic_non_count_calling_lead|ch05_non_count_calling_lead|ch05_setter_pressure_regime|phase_middle|role_setter|seat_pos_0|sequence_lead,false,false,true,ch05_generic_non_count_calling_lead|ch05_non_count_calling_lead|ch05_setter_pressure_regime|phase_middle|role_setter|seat_pos_0|sequence_lead,available:phase4-positive-and-negative-detector-sets,false,proxy-only:is-best-threshold-not-actual-gus-output,,unavailable:no-positional-cross-corpus-match,3,-13.5807352066,-6.68593931198,6.89479589462,6.6148018837,1,2-2,0.0,true,,unavailable:policy-not-fingerprinted-in-retained-action-tables,,unjoinable:no-shared-champion-action-state-fingerprint,available:exact-action-key,available:exact-action-key,available:exact-action-key,available:exact-action-key,available:exact-action-key,partial:q-outcome-summaries-without-worlds-weights-or-calibration,,unavailable:not-present-in-retained-action-tables,,unavailable:not-retained-with-compatible-action-rows,,unavailable:not-retained-with-compatible-action-rows,,unavailable:not-retained-with-compatible-action-rows,,unavailable:not-retained-with-compatible-action-rows,,unavailable:not-retained-with-compatible-action-rows,,,,unjoinable:gus-corpus-state-namespace,available:public-role-seat-order-and-phase,phase_middle|role_setter|seat_pos_0|sequence_lead,,proxy-only:public-role-and-action-local-labels,,unavailable:not-present-in-retained-action-tables,,unavailable:not-present-in-retained-action-tables,available:actual-action-indicator-without-policy-probability,,unavailable:not-present-in-retained-action-tables,,unavailable:not-present-in-retained-action-tables,,,,unavailable:no-cross-decision-plan-state-or-intervention,proxy-only:fixed-threshold-and-tail-rankings-without-transform-consumer-or-context,,fixed-bid30:declaration-and-risk-proxies-only; no auction choices/history,,unavailable:not-present-in-retained-action-tables,,,unavailable:not-present-in-retained-action-tables,,,hidden_proxy_late_information_rich,hidden_proxy_late_information_rich|phase_middle|role_setter|seat_pos_0|sequence_lead,phase_middle|role_setter|seat_pos_0|sequence_lead,phase_middle_trick_2_4|position_lead|role_defender|role_left_setter|role_setter|seat_first_lead,,oracle/distribution columns are offline labels; role/order and proxy labels are public/action-local; eval_only_labels are never asserted as runtime features
w42.partnership_failure_atlas.v2,5b234902cf2f4362ba7f9123,corpus_v2_train_80-89_d0-9.pt:10:7,4-0,corpus_v2_train_80-89_d0-9.pt,81,10,7,blanks,30,3,right_setter,setter,defense,1,3,last,early,0,true,false,offense,0,false,false,true,true,-19.026906967163086,0.0,0.35499998927116394,0.6299999952316284,-17,available:derived-from-role-and-bid-using-retained-w42-semantics,P(Q>=threshold_q); threshold_q is role-and-bid-dependent,-18,P(Q<=-18),true,true,0.0,1,1,0,0,0,0,ch05_noncount_to_bidder_control_alternative|ch05_setter_pressure_regime|phase_early|role_setter|seat_pos_3|sequence_closure,true,false,true,ch05_noncount_to_bidder_control_alternative|ch05_setter_pressure_regime|phase_early|role_setter|seat_pos_3|sequence_closure,available:phase4-positive-and-negative-detector-sets,true,proxy-only:is-best-threshold-not-actual-gus-output,,unavailable:no-positional-cross-corpus-match,1,-19.0269069672,-19.0269069672,0,0,1,4-0,0.0,true,,unavailable:policy-not-fingerprinted-in-retained-action-tables,,unjoinable:no-shared-champion-action-state-fingerprint,available:exact-action-key,available:exact-action-key,available:exact-action-key,available:exact-action-key,available:exact-action-key,partial:q-outcome-summaries-without-worlds-weights-or-calibration,,unavailable:not-present-in-retained-action-tables,,unavailable:not-retained-with-compatible-action-rows,,unavailable:not-retained-with-compatible-action-rows,,unavailable:not-retained-with-compatible-action-rows,,unavailable:not-retained-with-compatible-action-rows,,unavailable:not-retained-with-compatible-action-rows,,,,unjoinable:gus-corpus-state-namespace,available:public-role-seat-order-and-phase,closure_decline_trick|closure_sequence_decision|follower_opponent_currently_winning|phase_early|role_setter|seat_pos_3|sequence_last_to_act|setter_pounce_sequence_window,,proxy-only:public-role-and-action-local-labels,,unavailable:not-present-in-retained-action-tables,,unavailable:not-present-in-retained-action-tables,available:actual-action-indicator-without-policy-probability,,unavailable:not-present-in-retained-action-tables,,unavailable:not-present-in-retained-action-tables,,,,unavailable:no-cross-decision-plan-state-or-intervention,proxy-only:fixed-threshold-and-tail-rankings-without-transform-consumer-or-context,,fixed-bid30:declaration-and-risk-proxies-only; no auction choices/history,,unavailable:not-present-in-retained-action-tables,,,unavailable:not-present-in-retained-action-tables,,,hidden_proxy_closure_information|hidden_proxy_early_high_uncertainty|hidden_proxy_opponent_controls_trick,closure_decline_trick|closure_sequence_decision|follower_opponent_currently_winning|hidden_proxy_closure_information|hidden_proxy_early_high_uncertainty|hidden_proxy_opponent_controls_trick|phase_early|role_setter|seat_pos_3|sequence_last_to_act|setter_pounce_sequence_window,closure_decline_trick|closure_sequence_decision|follower_opponent_currently_winning|phase_early|role_setter|seat_pos_3|sequence_last_to_act|setter_pounce_sequence_window,closure_decision|closure_decline_or_slough|defensive_pounce_window|phase_early_trick_0_1|position_follow|position_last_to_act|role_defender|role_right_setter|role_setter|seat_fourth_closure,,oracle/distribution columns are offline labels; role/order and proxy labels are public/action-local; eval_only_labels are never asserted as runtime features
w42.partnership_failure_atlas.v2,5cc87b5f9add44c54be8d866,corpus_v2_train_50-59_d0-9.pt:51:10,6-5,corpus_v2_train_50-59_d0-9.pt,55,51,10,ones,30,1,left_setter,setter,defense,2,2,third,middle,0,false,false,defense,0,false,false,false,false,0.8422946333885193,1.524905025959015,0.8450000286102295,0.11500000208616257,-17,available:derived-from-role-and-bid-using-retained-w42-semantics,P(Q>=threshold_q); threshold_q is role-and-bid-dependent,-18,P(Q<=-18),false,false,0.06499999761581421,5,0,5,0,2,0,ch05_noncount_before_certainty_alternative|ch05_setter_pressure_regime|phase_middle|role_setter|seat_pos_2|sequence_follow,false,false,true,ch05_noncount_before_certainty_alternative|ch05_setter_pressure_regime|phase_middle|role_setter|seat_pos_2|sequence_follow,available:phase4-positive-and-negative-detector-sets,false,proxy-only:is-best-threshold-not-actual-gus-output,,unavailable:no-positional-cross-corpus-match,5,0.157713264227,2.36719965935,2.20948639512,0.101706504822,1,4-3,0.0,true,,unavailable:policy-not-fingerprinted-in-retained-action-tables,,unjoinable:no-shared-champion-action-state-fingerprint,available:exact-action-key,available:exact-action-key,available:exact-action-key,available:exact-action-key,available:exact-action-key,partial:q-outcome-summaries-without-worlds-weights-or-calibration,,unavailable:not-present-in-retained-action-tables,,unavailable:not-retained-with-compatible-action-rows,,unavailable:not-retained-with-compatible-action-rows,,unavailable:not-retained-with-compatible-action-rows,,unavailable:not-retained-with-compatible-action-rows,,unavailable:not-retained-with-compatible-action-rows,,,,unjoinable:gus-corpus-state-namespace,available:public-role-seat-order-and-phase,follower_partner_or_self_currently_winning|phase_middle|role_setter|seat_pos_2|sequence_follow,follower_partner_or_self_currently_winning,proxy-only:public-role-and-action-local-labels,,unavailable:not-present-in-retained-action-tables,,unavailable:not-present-in-retained-action-tables,available:actual-action-indicator-without-policy-probability,,unavailable:not-present-in-retained-action-tables,,unavailable:not-present-in-retained-action-tables,,,,unavailable:no-cross-decision-plan-state-or-intervention,proxy-only:fixed-threshold-and-tail-rankings-without-transform-consumer-or-context,,fixed-bid30:declaration-and-risk-proxies-only; no auction choices/history,,unavailable:not-present-in-retained-action-tables,,,unavailable:not-present-in-retained-action-tables,,,hidden_proxy_our_side_controls_trick,follower_partner_or_self_currently_winning|hidden_proxy_our_side_controls_trick|phase_middle|role_setter|seat_pos_2|sequence_follow,follower_partner_or_self_currently_winning|phase_middle|role_setter|seat_pos_2|sequence_follow,phase_middle_trick_2_4|position_follow|role_defender|role_left_setter|role_setter|seat_third_follow,,oracle/distribution columns are offline labels; role/order and proxy labels are public/action-local; eval_only_labels are never asserted as runtime features
w42.partnership_failure_atlas.v2,5eee57bceb64b032a30292cb,corpus_v2_train_10-19_d0-9.pt:74:7,4-1,corpus_v2_train_10-19_d0-9.pt,17,74,7,fours,30,3,right_setter,setter,defense,1,3,last,early,5,true,false,offense,5,true,true,true,true,30.968158721923828,0.0,1.0,0.0,-17,available:derived-from-role-and-bid-using-retained-w42-semantics,P(Q>=threshold_q); threshold_q is role-and-bid-dependent,-18,P(Q<=-18),true,true,0.0,2,2,0,2,0,2,ch05_pounce_take_count_now|ch05_reckless_count_to_bidder_control|ch05_setter_pressure_regime|ch05_trump_in_on_count_or_bidder_control|phase_early|role_setter|seat_pos_3|sequence_closure,true,true,false,ch05_pounce_take_count_now|ch05_reckless_count_to_bidder_control|ch05_setter_pressure_regime|ch05_trump_in_on_count_or_bidder_control|phase_early|role_setter|seat_pos_3|sequence_closure,available:phase4-positive-and-negative-detector-sets,true,proxy-only:is-best-threshold-not-actual-gus-output,,unavailable:no-positional-cross-corpus-match,2,30.9555473328,30.9681587219,0.0126113891602,0.0126113891602,1,4-1,0.0,true,,unavailable:policy-not-fingerprinted-in-retained-action-tables,,unjoinable:no-shared-champion-action-state-fingerprint,available:exact-action-key,available:exact-action-key,available:exact-action-key,available:exact-action-key,available:exact-action-key,partial:q-outcome-summaries-without-worlds-weights-or-calibration,,unavailable:not-present-in-retained-action-tables,,unavailable:not-retained-with-compatible-action-rows,,unavailable:not-retained-with-compatible-action-rows,,unavailable:not-retained-with-compatible-action-rows,,unavailable:not-retained-with-compatible-action-rows,,unavailable:not-retained-with-compatible-action-rows,,,,unjoinable:gus-corpus-state-namespace,available:public-role-seat-order-and-phase,closure_sequence_decision|closure_take_count|closure_take_trick|follower_can_beat_opponent|follower_opponent_currently_winning|follower_take_control_from_opponent|phase_early|role_setter|seat_pos_3|sequence_last_to_act|setter_pounce_count|setter_pounce_last_seat|setter_pounce_sequence_window,,proxy-only:public-role-and-action-local-labels,,unavailable:not-present-in-retained-action-tables,,unavailable:not-present-in-retained-action-tables,available:actual-action-indicator-without-policy-probability,,unavailable:not-present-in-retained-action-tables,,unavailable:not-present-in-retained-action-tables,,,,unavailable:no-cross-decision-plan-state-or-intervention,proxy-only:fixed-threshold-and-tail-rankings-without-transform-consumer-or-context,,fixed-bid30:declaration-and-risk-proxies-only; no auction choices/history,,unavailable:not-present-in-retained-action-tables,,,unavailable:not-present-in-retained-action-tables,,,hidden_proxy_closure_information|hidden_proxy_control_shift_available|hidden_proxy_count_pressure|hidden_proxy_early_high_uncertainty|hidden_proxy_opponent_controls_trick,ch05_setter_pounce_count|closure_sequence_decision|closure_take_count|closure_take_trick|follower_can_beat_opponent|follower_opponent_currently_winning|follower_take_control_from_opponent|hidden_proxy_closure_information|hidden_proxy_control_shift_available|hidden_proxy_count_pressure|hidden_proxy_early_high_uncertainty|hidden_proxy_opponent_controls_trick|phase_early|role_setter|seat_pos_3|sequence_last_to_act|setter_pounce_count|setter_pounce_last_seat|setter_pounce_sequence_window,ch05_setter_pounce_count|closure_sequence_decision|closure_take_count|closure_take_trick|follower_can_beat_opponent|follower_opponent_currently_winning|follower_take_control_from_opponent|phase_early|role_setter|seat_pos_3|sequence_last_to_act|setter_pounce_count|setter_pounce_last_seat|setter_pounce_sequence_window,ch05_setter_pounce_count|closure_decision|closure_take_count|closure_take_trick|defensive_pounce_closure|defensive_pounce_count|defensive_pounce_window|phase_early_trick_0_1|position_follow|position_last_to_act|role_defender|role_right_setter|role_setter|seat_fourth_closure,,oracle/distribution columns are offline labels; role/order and proxy labels are public/action-local; eval_only_labels are never asserted as runtime features
w42.partnership_failure_atlas.v2,5fc0c0a918756ad0d26110c1,corpus_v2_train_0-9_d0-9.pt:29:0,0-0,corpus_v2_train_0-9_d0-9.pt,2,29,0,no-trump,30,0,bidder,bidder,offense,0,0,lead,early,0,false,true,,0,false,true,true,true,16.383281707763672,0.0,0.48500001430511475,0.0,18,available:derived-from-role-and-bid-using-retained-w42-semantics,P(Q>=threshold_q); threshold_q is role-and-bid-dependent,-18,P(Q<=-18),true,true,0.0,7,0,7,2,2,0,ch03_bidder_lead_off_suit|ch03_bidder_lead_plan|phase_early|role_bidder|seat_pos_0|sequence_lead,true,false,true,ch03_bidder_lead_off_suit|ch03_bidder_lead_plan|phase_early|role_bidder|seat_pos_0|sequence_lead,available:phase4-positive-and-negative-detector-sets,true,proxy-only:is-best-threshold-not-actual-gus-output,,unavailable:no-positional-cross-corpus-match,7,-11.2176132202,16.3832817078,27.600894928,0.973571777344,1,0-0,0.0,true,,unavailable:policy-not-fingerprinted-in-retained-action-tables,,unjoinable:no-shared-champion-action-state-fingerprint,available:exact-action-key,available:exact-action-key,available:exact-action-key,available:exact-action-key,available:exact-action-key,partial:q-outcome-summaries-without-worlds-weights-or-calibration,,unavailable:not-present-in-retained-action-tables,,unavailable:not-retained-with-compatible-action-rows,,unavailable:not-retained-with-compatible-action-rows,,unavailable:not-retained-with-compatible-action-rows,,unavailable:not-retained-with-compatible-action-rows,,unavailable:not-retained-with-compatible-action-rows,,,,unjoinable:gus-corpus-state-namespace,available:public-role-seat-order-and-phase,phase_early|role_bidder|seat_pos_0|sequence_lead,,proxy-only:public-role-and-action-local-labels,,unavailable:not-present-in-retained-action-tables,,unavailable:not-present-in-retained-action-tables,available:actual-action-indicator-without-policy-probability,,unavailable:not-present-in-retained-action-tables,,unavailable:not-present-in-retained-action-tables,bidder_lead_plan|ch03_bidder_lead_plan,,,unavailable:no-cross-decision-plan-state-or-intervention,proxy-only:fixed-threshold-and-tail-rankings-without-transform-consumer-or-context,,fixed-bid30:declaration-and-risk-proxies-only; no auction choices/history,,unavailable:not-present-in-retained-action-tables,,,unavailable:not-present-in-retained-action-tables,dnt_nt_candidate_double|dnt_nt_early_support_double|dnt_regime_no_trump,,hidden_proxy_early_high_uncertainty,bidder_lead_noncount|bidder_lead_off_suit|bidder_lead_plan|dnt_nt_candidate_double|dnt_nt_early_support_double|dnt_regime_no_trump|hidden_proxy_early_high_uncertainty|phase_early|role_bidder|seat_pos_0|sequence_lead,bidder_lead_noncount|bidder_lead_off_suit|bidder_lead_plan|phase_early|role_bidder|seat_pos_0|sequence_lead,phase_early_trick_0_1|position_lead|role_bidder|seat_first_lead,,oracle/distribution columns are offline labels; role/order and proxy labels are public/action-local; eval_only_labels are never asserted as runtime features
w42.partnership_failure_atlas.v2,626b6e21b0d239b426a1bbe9,corpus_v2_train_20-29_d0-9.pt:64:23,3-2,corpus_v2_train_20-29_d0-9.pt,26,64,23,fours,30,0,bidder,bidder,offense,5,3,last,late,5,false,false,defense,0,false,false,false,false,-11.339018821716309,3.676712989807129,0.0,0.6549999713897705,18,available:derived-from-role-and-bid-using-retained-w42-semantics,P(Q>=threshold_q); threshold_q is role-and-bid-dependent,-18,P(Q<=-18),false,true,0.3449999988079071,2,0,2,1,0,0,phase_late|role_bidder|seat_pos_3|sequence_closure,false,false,false,phase_late|role_bidder|seat_pos_3|sequence_closure,available:phase4-positive-and-negative-detector-sets,false,proxy-only:is-best-threshold-not-actual-gus-output,,unavailable:no-positional-cross-corpus-match,2,-11.3390188217,-7.66230583191,3.67671298981,3.67671298981,1,3-1,0.0,true,,unavailable:policy-not-fingerprinted-in-retained-action-tables,,unjoinable:no-shared-champion-action-state-fingerprint,available:exact-action-key,available:exact-action-key,available:exact-action-key,available:exact-action-key,available:exact-action-key,partial:q-outcome-summaries-without-worlds-weights-or-calibration,,unavailable:not-present-in-retained-action-tables,,unavailable:not-retained-with-compatible-action-rows,,unavailable:not-retained-with-compatible-action-rows,,unavailable:not-retained-with-compatible-action-rows,,unavailable:not-retained-with-compatible-action-rows,,unavailable:not-retained-with-compatible-action-rows,,,,unjoinable:gus-corpus-state-namespace,available:public-role-seat-order-and-phase,closure_decline_trick|closure_sequence_decision|closure_slough_count|follower_count_into_opponent_control|follower_opponent_currently_winning|phase_late|role_bidder|seat_pos_3|sequence_last_to_act,,proxy-only:public-role-and-action-local-labels,,unavailable:not-present-in-retained-action-tables,,unavailable:not-present-in-retained-action-tables,available:actual-action-indicator-without-policy-probability,,unavailable:not-present-in-retained-action-tables,,unavailable:not-present-in-retained-action-tables,,,,unavailable:no-cross-decision-plan-state-or-intervention,proxy-only:fixed-threshold-and-tail-rankings-without-transform-consumer-or-context,,fixed-bid30:declaration-and-risk-proxies-only; no auction choices/history,,unavailable:not-present-in-retained-action-tables,,,unavailable:not-present-in-retained-action-tables,,,hidden_proxy_closure_information|hidden_proxy_count_pressure|hidden_proxy_late_information_rich|hidden_proxy_opponent_controls_trick,closure_decline_trick|closure_sequence_decision|closure_slough_count|follower_count_into_opponent_control|follower_opponent_currently_winning|hidden_proxy_closure_information|hidden_proxy_count_pressure|hidden_proxy_late_information_rich|hidden_proxy_opponent_controls_trick|phase_late|role_bidder|seat_pos_3|sequence_last_to_act,closure_decline_trick|closure_sequence_decision|closure_slough_count|follower_count_into_opponent_control|follower_opponent_currently_winning|phase_late|role_bidder|seat_pos_3|sequence_last_to_act,closure_decision|closure_decline_or_slough|closure_slough_count|phase_late_trick_5_6|position_follow|position_last_to_act|role_bidder|seat_fourth_closure,,oracle/distribution columns are offline labels; role/order and proxy labels are public/action-local; eval_only_labels are never asserted as runtime features
w42.partnership_failure_atlas.v2,63cd8f86d1ef0cb44acbc893,corpus_v2_train_10-19_d0-9.pt:66:26,3-3,corpus_v2_train_10-19_d0-9.pt,16,66,26,sixes,30,3,right_setter,setter,defense,6,2,third,late,0,false,true,defense,5,false,false,true,true,10.160852432250977,0.0,1.0,0.0,-17,available:derived-from-role-and-bid-using-retained-w42-semantics,P(Q>=threshold_q); threshold_q is role-and-bid-dependent,-18,P(Q<=-18),true,true,0.0,1,0,1,0,1,0,ch05_noncount_before_certainty_alternative|ch05_setter_pressure_regime|phase_late|role_setter|seat_pos_2|sequence_follow,true,false,true,ch05_noncount_before_certainty_alternative|ch05_setter_pressure_regime|phase_late|role_setter|seat_pos_2|sequence_follow,available:phase4-positive-and-negative-detector-sets,true,proxy-only:is-best-threshold-not-actual-gus-output,,unavailable:no-positional-cross-corpus-match,1,10.1608524323,10.1608524323,0,0,1,3-3,0.0,true,,unavailable:policy-not-fingerprinted-in-retained-action-tables,,unjoinable:no-shared-champion-action-state-fingerprint,available:exact-action-key,available:exact-action-key,available:exact-action-key,available:exact-action-key,available:exact-action-key,partial:q-outcome-summaries-without-worlds-weights-or-calibration,,unavailable:not-present-in-retained-action-tables,,unavailable:not-retained-with-compatible-action-rows,,unavailable:not-retained-with-compatible-action-rows,,unavailable:not-retained-with-compatible-action-rows,,unavailable:not-retained-with-compatible-action-rows,,unavailable:not-retained-with-compatible-action-rows,,,,unjoinable:gus-corpus-state-namespace,available:public-role-seat-order-and-phase,follower_partner_or_self_currently_winning|phase_late|role_setter|seat_pos_2|sequence_follow,follower_partner_or_self_currently_winning,proxy-only:public-role-and-action-local-labels,,unavailable:not-present-in-retained-action-tables,,unavailable:not-present-in-retained-action-tables,available:actual-action-indicator-without-policy-probability,,unavailable:not-present-in-retained-action-tables,,unavailable:not-present-in-retained-action-tables,,,,unavailable:no-cross-decision-plan-state-or-intervention,proxy-only:fixed-threshold-and-tail-rankings-without-transform-consumer-or-context,bidrisk_join_available|bidrisk_max_profitable_no_profitable_bid|bidrisk_off_count_4|bidrisk_pmake30_low|bidrisk_static_risk_13_20|bidrisk_trump_count_1|bidrisk_wilson_safe_no_profitable_bid,fixed-bid30:declaration-and-risk-proxies-only; no auction choices/history,,unavailable:not-present-in-retained-action-tables,,,unavailable:not-present-in-retained-action-tables,,,hidden_proxy_late_information_rich|hidden_proxy_our_side_controls_trick,bidrisk_join_available|bidrisk_max_profitable_no_profitable_bid|bidrisk_off_count_4|bidrisk_pmake30_low|bidrisk_static_risk_13_20|bidrisk_trump_count_1|bidrisk_wilson_safe_no_profitable_bid|follower_partner_or_self_currently_winning|hidden_proxy_late_information_rich|hidden_proxy_our_side_controls_trick|phase_late|role_setter|seat_pos_2|sequence_follow,follower_partner_or_self_currently_winning|phase_late|role_setter|seat_pos_2|sequence_follow,phase_late_trick_5_6|position_follow|role_defender|role_right_setter|role_setter|seat_third_follow,,oracle/distribution columns are offline labels; role/order and proxy labels are public/action-local; eval_only_labels are never asserted as runtime features
w42.partnership_failure_atlas.v2,65404dd6bd6f756d35be1b5d,corpus_v2_train_70-79_d0-9.pt:28:7,6-3,corpus_v2_train_70-79_d0-9.pt,72,28,7,doubles-suit,30,0,bidder,bidder,offense,1,3,last,early,0,false,false,defense,0,false,false,false,false,-18.29728889465332,3.0688962936401367,0.04500000178813934,0.6100000143051147,18,available:derived-from-role-and-bid-using-retained-w42-semantics,P(Q>=threshold_q); threshold_q is role-and-bid-dependent,-18,P(Q<=-18),false,false,0.034999996423721313,6,0,6,1,0,0,phase_early|role_bidder|seat_pos_3|sequence_closure,false,false,false,phase_early|role_bidder|seat_pos_3|sequence_closure,available:phase4-positive-and-negative-detector-sets,false,proxy-only:is-best-threshold-not-actual-gus-output,,unavailable:no-positional-cross-corpus-match,6,-21.646774292,-15.228392601,6.41838169098,1.24490642548,1,1-0,0.0,true,,unavailable:policy-not-fingerprinted-in-retained-action-tables,,unjoinable:no-shared-champion-action-state-fingerprint,available:exact-action-key,available:exact-action-key,available:exact-action-key,available:exact-action-key,available:exact-action-key,partial:q-outcome-summaries-without-worlds-weights-or-calibration,,unavailable:not-present-in-retained-action-tables,,unavailable:not-retained-with-compatible-action-rows,,unavailable:not-retained-with-compatible-action-rows,,unavailable:not-retained-with-compatible-action-rows,,unavailable:not-retained-with-compatible-action-rows,,unavailable:not-retained-with-compatible-action-rows,,,,unjoinable:gus-corpus-state-namespace,available:public-role-seat-order-and-phase,closure_decline_trick|closure_sequence_decision|follower_opponent_currently_winning|phase_early|role_bidder|seat_pos_3|sequence_last_to_act,,proxy-only:public-role-and-action-local-labels,,unavailable:not-present-in-retained-action-tables,,unavailable:not-present-in-retained-action-tables,available:actual-action-indicator-without-policy-probability,,unavailable:not-present-in-retained-action-tables,,unavailable:not-present-in-retained-action-tables,,,,unavailable:no-cross-decision-plan-state-or-intervention,proxy-only:fixed-threshold-and-tail-rankings-without-transform-consumer-or-context,,fixed-bid30:declaration-and-risk-proxies-only; no auction choices/history,,unavailable:not-present-in-retained-action-tables,,,unavailable:not-present-in-retained-action-tables,dnt_regime_doubles-suit,,hidden_proxy_closure_information|hidden_proxy_early_high_uncertainty|hidden_proxy_opponent_controls_trick,closure_decline_trick|closure_sequence_decision|dnt_regime_doubles-suit|follower_opponent_currently_winning|hidden_proxy_closure_information|hidden_proxy_early_high_uncertainty|hidden_proxy_opponent_controls_trick|phase_early|role_bidder|seat_pos_3|sequence_last_to_act,closure_decline_trick|closure_sequence_decision|follower_opponent_currently_winning|phase_early|role_bidder|seat_pos_3|sequence_last_to_act,closure_decision|closure_decline_or_slough|phase_early_trick_0_1|position_follow|position_last_to_act|role_bidder|seat_fourth_closure,,oracle/distribution columns are offline labels; role/order and proxy labels are public/action-local; eval_only_labels are never asserted as runtime features
w42.partnership_failure_atlas.v2,66efceb1a59d17f2f157d249,corpus_v2_train_10-19_d0-9.pt:48:0,6-5,corpus_v2_train_10-19_d0-9.pt,14,48,0,doubles-suit,30,0,bidder,bidder,offense,0,0,lead,early,0,false,false,,0,false,true,true,true,17.213611602783203,0.0,0.5450000166893005,0.05000000074505806,18,available:derived-from-role-and-bid-using-retained-w42-semantics,P(Q>=threshold_q); threshold_q is role-and-bid-dependent,-18,P(Q<=-18),true,true,0.0,7,1,6,3,1,0,ch03_bidder_lead_off_suit|ch03_bidder_lead_plan|phase_early|role_bidder|seat_pos_0|sequence_lead,true,false,true,ch03_bidder_lead_off_suit|ch03_bidder_lead_plan|phase_early|role_bidder|seat_pos_0|sequence_lead,available:phase4-positive-and-negative-detector-sets,true,proxy-only:is-best-threshold-not-actual-gus-output,,unavailable:no-positional-cross-corpus-match,7,9.06995201111,17.2136116028,8.14365959167,1.71458816528,1,6-5,0.0,true,,unavailable:policy-not-fingerprinted-in-retained-action-tables,,unjoinable:no-shared-champion-action-state-fingerprint,available:exact-action-key,available:exact-action-key,available:exact-action-key,available:exact-action-key,available:exact-action-key,partial:q-outcome-summaries-without-worlds-weights-or-calibration,,unavailable:not-present-in-retained-action-tables,,unavailable:not-retained-with-compatible-action-rows,,unavailable:not-retained-with-compatible-action-rows,,unavailable:not-retained-with-compatible-action-rows,,unavailable:not-retained-with-compatible-action-rows,,unavailable:not-retained-with-compatible-action-rows,,,,unjoinable:gus-corpus-state-namespace,available:public-role-seat-order-and-phase,phase_early|role_bidder|seat_pos_0|sequence_lead,,proxy-only:public-role-and-action-local-labels,,unavailable:not-present-in-retained-action-tables,,unavailable:not-present-in-retained-action-tables,available:actual-action-indicator-without-policy-probability,,unavailable:not-present-in-retained-action-tables,,unavailable:not-present-in-retained-action-tables,bidder_lead_plan|ch03_bidder_lead_plan,,,unavailable:no-cross-decision-plan-state-or-intervention,proxy-only:fixed-threshold-and-tail-rankings-without-transform-consumer-or-context,,fixed-bid30:declaration-and-risk-proxies-only; no auction choices/history,,unavailable:not-present-in-retained-action-tables,,,unavailable:not-present-in-retained-action-tables,dnt_dt_dual_suit_65|dnt_regime_doubles-suit,,hidden_proxy_early_high_uncertainty,bidder_lead_noncount|bidder_lead_off_suit|bidder_lead_plan|dnt_dt_dual_suit_65|dnt_regime_doubles-suit|hidden_proxy_early_high_uncertainty|phase_early|role_bidder|seat_pos_0|sequence_lead,bidder_lead_noncount|bidder_lead_off_suit|bidder_lead_plan|phase_early|role_bidder|seat_pos_0|sequence_lead,phase_early_trick_0_1|position_lead|role_bidder|seat_first_lead,,oracle/distribution columns are offline labels; role/order and proxy labels are public/action-local; eval_only_labels are never asserted as runtime features
w42.partnership_failure_atlas.v2,6725b73eba4eaa46e8917389,corpus_v2_train_80-89_d0-9.pt:22:11,6-3,corpus_v2_train_80-89_d0-9.pt,82,22,11,twos,30,3,right_setter,setter,defense,2,3,last,middle,0,false,false,offense,0,false,false,false,false,-35.963714599609375,10.156856536865234,0.08500000089406967,0.9049999713897705,-17,available:derived-from-role-and-bid-using-retained-w42-semantics,P(Q>=threshold_q); threshold_q is role-and-bid-dependent,-18,P(Q<=-18),false,false,0.2850000038743019,5,1,4,0,1,1,ch05_hold_trump_no_count_proxy|ch05_noncount_to_bidder_control_alternative|ch05_setter_pressure_regime|phase_middle|role_setter|seat_pos_3|sequence_closure,false,false,true,ch05_hold_trump_no_count_proxy|ch05_noncount_to_bidder_control_alternative|ch05_setter_pressure_regime|phase_middle|role_setter|seat_pos_3|sequence_closure,available:phase4-positive-and-negative-detector-sets,false,proxy-only:is-best-threshold-not-actual-gus-output,,unavailable:no-positional-cross-corpus-match,5,-36.5966911316,-25.8068580627,10.7898330688,10.0632591248,1,2-1,0.0,true,,unavailable:policy-not-fingerprinted-in-retained-action-tables,,unjoinable:no-shared-champion-action-state-fingerprint,available:exact-action-key,available:exact-action-key,available:exact-action-key,available:exact-action-key,available:exact-action-key,partial:q-outcome-summaries-without-worlds-weights-or-calibration,,unavailable:not-present-in-retained-action-tables,,unavailable:not-retained-with-compatible-action-rows,,unavailable:not-retained-with-compatible-action-rows,,unavailable:not-retained-with-compatible-action-rows,,unavailable:not-retained-with-compatible-action-rows,,unavailable:not-retained-with-compatible-action-rows,,,,unjoinable:gus-corpus-state-namespace,available:public-role-seat-order-and-phase,closure_decline_trick|closure_sequence_decision|follower_opponent_currently_winning|phase_middle|role_setter|seat_pos_3|sequence_last_to_act|setter_pounce_sequence_window,,proxy-only:public-role-and-action-local-labels,,unavailable:not-present-in-retained-action-tables,,unavailable:not-present-in-retained-action-tables,available:actual-action-indicator-without-policy-probability,,unavailable:not-present-in-retained-action-tables,,unavailable:not-present-in-retained-action-tables,,,,unavailable:no-cross-decision-plan-state-or-intervention,proxy-only:fixed-threshold-and-tail-rankings-without-transform-consumer-or-context,,fixed-bid30:declaration-and-risk-proxies-only; no auction choices/history,,unavailable:not-present-in-retained-action-tables,,,unavailable:not-present-in-retained-action-tables,,,hidden_proxy_closure_information|hidden_proxy_opponent_controls_trick,closure_decline_trick|closure_sequence_decision|follower_opponent_currently_winning|hidden_proxy_closure_information|hidden_proxy_opponent_controls_trick|phase_middle|role_setter|seat_pos_3|sequence_last_to_act|setter_pounce_sequence_window,closure_decline_trick|closure_sequence_decision|follower_opponent_currently_winning|phase_middle|role_setter|seat_pos_3|sequence_last_to_act|setter_pounce_sequence_window,closure_decision|closure_decline_or_slough|defensive_pounce_window|phase_middle_trick_2_4|position_follow|position_last_to_act|role_defender|role_right_setter|role_setter|seat_fourth_closure,,oracle/distribution columns are offline labels; role/order and proxy labels are public/action-local; eval_only_labels are never asserted as runtime features
w42.partnership_failure_atlas.v2,692eba627f52e51d93ccbb6f,corpus_v2_train_60-69_d0-9.pt:1:5,6-1,corpus_v2_train_60-69_d0-9.pt,60,1,5,ones,30,0,bidder,bidder,offense,1,1,second,early,0,true,false,defense,0,true,true,false,false,22.249990463256836,0.4621162414550781,0.6000000238418579,0.019999999552965164,18,available:derived-from-role-and-bid-using-retained-w42-semantics,P(Q>=threshold_q); threshold_q is role-and-bid-dependent,-18,P(Q<=-18),false,false,0.004999995231628418,6,3,3,2,0,3,phase_early|role_bidder|seat_pos_1|sequence_follow,false,false,false,phase_early|role_bidder|seat_pos_1|sequence_follow,available:phase4-positive-and-negative-detector-sets,false,proxy-only:is-best-threshold-not-actual-gus-output,false,confounded:cross-corpus-positional-join,6,10.603603363,22.7121067047,12.1085033417,0.462116241455,1,4-1,0.0,true,,unavailable:policy-not-fingerprinted-in-retained-action-tables,,unjoinable:no-shared-champion-action-state-fingerprint,available:exact-action-key,available:exact-action-key,available:exact-action-key,available:exact-action-key,available:exact-action-key,partial:q-outcome-summaries-without-worlds-weights-or-calibration,,unavailable:not-present-in-retained-action-tables,,unavailable:not-retained-with-compatible-action-rows,,unavailable:not-retained-with-compatible-action-rows,,unavailable:not-retained-with-compatible-action-rows,,unavailable:not-retained-with-compatible-action-rows,,unavailable:not-retained-with-compatible-action-rows,,,,unjoinable:gus-corpus-state-namespace,available:public-role-seat-order-and-phase,follower_can_beat_opponent|follower_opponent_currently_winning|follower_take_control_from_opponent|phase_early|role_bidder|seat_pos_1|sequence_follow,,proxy-only:public-role-and-action-local-labels,,unavailable:not-present-in-retained-action-tables,,unavailable:not-present-in-retained-action-tables,available:actual-action-indicator-without-policy-probability,,unavailable:not-present-in-retained-action-tables,,unavailable:not-present-in-retained-action-tables,,,,unavailable:no-cross-decision-plan-state-or-intervention,proxy-only:fixed-threshold-and-tail-rankings-without-transform-consumer-or-context,,fixed-bid30:declaration-and-risk-proxies-only; no auction choices/history,,unavailable:not-present-in-retained-action-tables,,,unavailable:not-present-in-retained-action-tables,,,hidden_proxy_control_shift_available|hidden_proxy_early_high_uncertainty|hidden_proxy_opponent_controls_trick,follower_can_beat_opponent|follower_opponent_currently_winning|follower_take_control_from_opponent|hidden_proxy_control_shift_available|hidden_proxy_early_high_uncertainty|hidden_proxy_opponent_controls_trick|phase_early|role_bidder|seat_pos_1|sequence_follow,follower_can_beat_opponent|follower_opponent_currently_winning|follower_take_control_from_opponent|phase_early|role_bidder|seat_pos_1|sequence_follow,phase_early_trick_0_1|position_follow|role_bidder|seat_second_follow,,oracle/distribution columns are offline labels; role/order and proxy labels are public/action-local; eval_only_labels are never asserted as runtime features
w42.partnership_failure_atlas.v2,693400db18fec62304900788,corpus_v2_train_70-79_d0-9.pt:83:4,6-0,corpus_v2_train_70-79_d0-9.pt,78,83,4,threes,30,3,right_setter,setter,defense,1,0,lead,early,0,false,false,,0,false,true,false,false,13.247178077697754,7.734442710876465,0.9750000238418579,0.014999999664723873,-17,available:derived-from-role-and-bid-using-retained-w42-semantics,P(Q>=threshold_q); threshold_q is role-and-bid-dependent,-18,P(Q<=-18),false,false,0.02499997615814209,6,3,3,1,1,0,ch05_generic_non_count_calling_lead|ch05_non_count_calling_lead|ch05_setter_pressure_regime|phase_early|role_setter|seat_pos_0|sequence_lead,false,false,true,ch05_generic_non_count_calling_lead|ch05_non_count_calling_lead|ch05_setter_pressure_regime|phase_early|role_setter|seat_pos_0|sequence_lead,available:phase4-positive-and-negative-detector-sets,false,proxy-only:is-best-threshold-not-actual-gus-output,,unavailable:no-positional-cross-corpus-match,6,5.13825941086,20.9816207886,15.8433613777,1.42823028564,1,6-5,0.0,true,,unavailable:policy-not-fingerprinted-in-retained-action-tables,,unjoinable:no-shared-champion-action-state-fingerprint,available:exact-action-key,available:exact-action-key,available:exact-action-key,available:exact-action-key,available:exact-action-key,partial:q-outcome-summaries-without-worlds-weights-or-calibration,,unavailable:not-present-in-retained-action-tables,,unavailable:not-retained-with-compatible-action-rows,,unavailable:not-retained-with-compatible-action-rows,,unavailable:not-retained-with-compatible-action-rows,,unavailable:not-retained-with-compatible-action-rows,,unavailable:not-retained-with-compatible-action-rows,,,,unjoinable:gus-corpus-state-namespace,available:public-role-seat-order-and-phase,phase_early|role_setter|seat_pos_0|sequence_lead,,proxy-only:public-role-and-action-local-labels,,unavailable:not-present-in-retained-action-tables,,unavailable:not-present-in-retained-action-tables,available:actual-action-indicator-without-policy-probability,,unavailable:not-present-in-retained-action-tables,,unavailable:not-present-in-retained-action-tables,,,,unavailable:no-cross-decision-plan-state-or-intervention,proxy-only:fixed-threshold-and-tail-rankings-without-transform-consumer-or-context,,fixed-bid30:declaration-and-risk-proxies-only; no auction choices/history,,unavailable:not-present-in-retained-action-tables,,,unavailable:not-present-in-retained-action-tables,,,hidden_proxy_early_high_uncertainty,hidden_proxy_early_high_uncertainty|phase_early|role_setter|seat_pos_0|sequence_lead,phase_early|role_setter|seat_pos_0|sequence_lead,phase_early_trick_0_1|position_lead|role_defender|role_right_setter|role_setter|seat_first_lead,,oracle/distribution columns are offline labels; role/order and proxy labels are public/action-local; eval_only_labels are never asserted as runtime features
w42.partnership_failure_atlas.v2,6964dbce18641cb06db708dd,corpus_v2_train_60-69_d0-9.pt:35:14,4-3,corpus_v2_train_60-69_d0-9.pt,63,35,14,fives,30,2,bidder_partner,partner,offense,3,2,third,middle,0,false,false,offense,0,false,false,false,false,6.768312931060791,7.148586750030518,0.4000000059604645,0.1850000023841858,18,available:derived-from-role-and-bid-using-retained-w42-semantics,P(Q>=threshold_q); threshold_q is role-and-bid-dependent,-18,P(Q<=-18),false,false,0.06000000238418579,4,0,4,1,0,0,ch04_partner_noncount_before_closure_alternative|ch04_partner_support_regime|phase_middle|role_partner|seat_pos_2|sequence_follow,false,false,true,ch04_partner_noncount_before_closure_alternative|ch04_partner_support_regime|phase_middle|role_partner|seat_pos_2|sequence_follow,available:phase4-positive-and-negative-detector-sets,false,proxy-only:is-best-threshold-not-actual-gus-output,,unavailable:no-positional-cross-corpus-match,4,6.76831293106,13.9168996811,7.14858675003,4.61955547333,1,6-4,0.0,true,,unavailable:policy-not-fingerprinted-in-retained-action-tables,,unjoinable:no-shared-champion-action-state-fingerprint,available:exact-action-key,available:exact-action-key,available:exact-action-key,available:exact-action-key,available:exact-action-key,partial:q-outcome-summaries-without-worlds-weights-or-calibration,,unavailable:not-present-in-retained-action-tables,,unavailable:not-retained-with-compatible-action-rows,,unavailable:not-retained-with-compatible-action-rows,,unavailable:not-retained-with-compatible-action-rows,,unavailable:not-retained-with-compatible-action-rows,,unavailable:not-retained-with-compatible-action-rows,,,,unjoinable:gus-corpus-state-namespace,available:public-role-seat-order-and-phase,follower_partner_or_self_currently_winning|phase_middle|role_partner|seat_pos_2|sequence_follow,ch04_partner_noncount_before_closure_alternative|ch04_partner_support_regime|follower_partner_or_self_currently_winning|partner_support_sequence_context,proxy-only:public-role-and-action-local-labels,,unavailable:not-present-in-retained-action-tables,,unavailable:not-present-in-retained-action-tables,available:actual-action-indicator-without-policy-probability,,unavailable:not-present-in-retained-action-tables,,unavailable:not-present-in-retained-action-tables,,,,unavailable:no-cross-decision-plan-state-or-intervention,proxy-only:fixed-threshold-and-tail-rankings-without-transform-consumer-or-context,,fixed-bid30:declaration-and-risk-proxies-only; no auction choices/history,,unavailable:not-present-in-retained-action-tables,,,unavailable:not-present-in-retained-action-tables,,,hidden_proxy_our_side_controls_trick,follower_partner_or_self_currently_winning|hidden_proxy_our_side_controls_trick|partner_support_sequence_context|phase_middle|role_partner|seat_pos_2|sequence_follow,follower_partner_or_self_currently_winning|partner_support_sequence_context|phase_middle|role_partner|seat_pos_2|sequence_follow,partner_support_context|phase_middle_trick_2_4|position_follow|role_partner|seat_third_follow,,oracle/distribution columns are offline labels; role/order and proxy labels are public/action-local; eval_only_labels are never asserted as runtime features
w42.partnership_failure_atlas.v2,6b7819d21e04fc974da5b1d2,corpus_v2_train_60-69_d0-9.pt:79:0,2-2,corpus_v2_train_60-69_d0-9.pt,67,79,0,no-trump,30,0,bidder,bidder,offense,0,0,lead,early,0,false,true,,0,false,true,false,false,6.287721633911133,1.8683805465698242,0.35499998927116394,0.23000000417232513,18,available:derived-from-role-and-bid-using-retained-w42-semantics,P(Q>=threshold_q); threshold_q is role-and-bid-dependent,-18,P(Q<=-18),false,false,0.025000005960464478,7,0,7,1,2,0,ch03_bidder_lead_off_suit|ch03_bidder_lead_plan|phase_early|role_bidder|seat_pos_0|sequence_lead,false,false,true,ch03_bidder_lead_off_suit|ch03_bidder_lead_plan|phase_early|role_bidder|seat_pos_0|sequence_lead,available:phase4-positive-and-negative-detector-sets,false,proxy-only:is-best-threshold-not-actual-gus-output,,unavailable:no-positional-cross-corpus-match,7,-9.38148117065,8.15610218048,17.5375833511,1.86838054657,1,3-3,0.0,true,,unavailable:policy-not-fingerprinted-in-retained-action-tables,,unjoinable:no-shared-champion-action-state-fingerprint,available:exact-action-key,available:exact-action-key,available:exact-action-key,available:exact-action-key,available:exact-action-key,partial:q-outcome-summaries-without-worlds-weights-or-calibration,,unavailable:not-present-in-retained-action-tables,,unavailable:not-retained-with-compatible-action-rows,,unavailable:not-retained-with-compatible-action-rows,,unavailable:not-retained-with-compatible-action-rows,,unavailable:not-retained-with-compatible-action-rows,,unavailable:not-retained-with-compatible-action-rows,,,,unjoinable:gus-corpus-state-namespace,available:public-role-seat-order-and-phase,phase_early|role_bidder|seat_pos_0|sequence_lead,,proxy-only:public-role-and-action-local-labels,,unavailable:not-present-in-retained-action-tables,,unavailable:not-present-in-retained-action-tables,available:actual-action-indicator-without-policy-probability,,unavailable:not-present-in-retained-action-tables,,unavailable:not-present-in-retained-action-tables,bidder_lead_plan|ch03_bidder_lead_plan,,,unavailable:no-cross-decision-plan-state-or-intervention,proxy-only:fixed-threshold-and-tail-rankings-without-transform-consumer-or-context,,fixed-bid30:declaration-and-risk-proxies-only; no auction choices/history,,unavailable:not-present-in-retained-action-tables,,,unavailable:not-present-in-retained-action-tables,dnt_nt_candidate_double|dnt_nt_early_support_double|dnt_regime_no_trump,,hidden_proxy_early_high_uncertainty,bidder_lead_noncount|bidder_lead_off_suit|bidder_lead_plan|dnt_nt_candidate_double|dnt_nt_early_support_double|dnt_regime_no_trump|hidden_proxy_early_high_uncertainty|phase_early|role_bidder|seat_pos_0|sequence_lead,bidder_lead_noncount|bidder_lead_off_suit|bidder_lead_plan|phase_early|role_bidder|seat_pos_0|sequence_lead,phase_early_trick_0_1|position_lead|role_bidder|seat_first_lead,,oracle/distribution columns are offline labels; role/order and proxy labels are public/action-local; eval_only_labels are never asserted as runtime features
w42.partnership_failure_atlas.v2,6dc6eae6059648c40eca8da9,corpus_v2_train_0-9_d0-9.pt:95:0,6-2,corpus_v2_train_0-9_d0-9.pt,9,95,0,fives,30,0,bidder,bidder,offense,0,0,lead,early,0,false,false,,0,false,true,false,false,-23.614086151123047,2.5159358978271484,0.03500000014901161,0.6100000143051147,18,available:derived-from-role-and-bid-using-retained-w42-semantics,P(Q>=threshold_q); threshold_q is role-and-bid-dependent,-18,P(Q<=-18),false,false,0.029999997466802597,7,1,6,0,0,0,ch03_bidder_lead_off_suit|ch03_bidder_lead_plan|phase_early|role_bidder|seat_pos_0|sequence_lead,false,false,true,ch03_bidder_lead_off_suit|ch03_bidder_lead_plan|phase_early|role_bidder|seat_pos_0|sequence_lead,available:phase4-positive-and-negative-detector-sets,false,proxy-only:is-best-threshold-not-actual-gus-output,,unavailable:no-positional-cross-corpus-match,7,-24.7439746857,-21.0981502533,3.64582443237,1.33729171753,1,4-3,0.0,true,,unavailable:policy-not-fingerprinted-in-retained-action-tables,,unjoinable:no-shared-champion-action-state-fingerprint,available:exact-action-key,available:exact-action-key,available:exact-action-key,available:exact-action-key,available:exact-action-key,partial:q-outcome-summaries-without-worlds-weights-or-calibration,,unavailable:not-present-in-retained-action-tables,,unavailable:not-retained-with-compatible-action-rows,,unavailable:not-retained-with-compatible-action-rows,,unavailable:not-retained-with-compatible-action-rows,,unavailable:not-retained-with-compatible-action-rows,,unavailable:not-retained-with-compatible-action-rows,,,,unjoinable:gus-corpus-state-namespace,available:public-role-seat-order-and-phase,phase_early|role_bidder|seat_pos_0|sequence_lead,,proxy-only:public-role-and-action-local-labels,,unavailable:not-present-in-retained-action-tables,,unavailable:not-present-in-retained-action-tables,available:actual-action-indicator-without-policy-probability,,unavailable:not-present-in-retained-action-tables,,unavailable:not-present-in-retained-action-tables,bidder_lead_plan|ch03_bidder_lead_plan,,,unavailable:no-cross-decision-plan-state-or-intervention,proxy-only:fixed-threshold-and-tail-rankings-without-transform-consumer-or-context,bidrisk_join_available|bidrisk_max_profitable_no_profitable_bid|bidrisk_off_count_6|bidrisk_pmake30_low|bidrisk_static_risk_13_20|bidrisk_trump_count_1|bidrisk_wilson_safe_no_profitable_bid,fixed-bid30:declaration-and-risk-proxies-only; no auction choices/history,,unavailable:not-present-in-retained-action-tables,,,unavailable:not-present-in-retained-action-tables,,,hidden_proxy_early_high_uncertainty,bidder_lead_noncount|bidder_lead_off_suit|bidder_lead_plan|bidrisk_join_available|bidrisk_max_profitable_no_profitable_bid|bidrisk_off_count_6|bidrisk_pmake30_low|bidrisk_static_risk_13_20|bidrisk_trump_count_1|bidrisk_wilson_safe_no_profitable_bid|hidden_proxy_early_high_uncertainty|phase_early|role_bidder|seat_pos_0|sequence_lead,bidder_lead_noncount|bidder_lead_off_suit|bidder_lead_plan|phase_early|role_bidder|seat_pos_0|sequence_lead,phase_early_trick_0_1|position_lead|role_bidder|seat_first_lead,,oracle/distribution columns are offline labels; role/order and proxy labels are public/action-local; eval_only_labels are never asserted as runtime features
w42.partnership_failure_atlas.v2,6eb914823e41a46396268418,corpus_v2_train_90-99_d0-9.pt:57:3,6-3,corpus_v2_train_90-99_d0-9.pt,95,57,3,doubles,30,3,right_setter,setter,defense,0,3,last,early,0,false,false,offense,0,false,false,false,false,-17.351642608642578,4.941373825073242,0.4449999928474426,0.5400000214576721,-17,available:derived-from-role-and-bid-using-retained-w42-semantics,P(Q>=threshold_q); threshold_q is role-and-bid-dependent,-18,P(Q<=-18),false,false,0.06999999284744263,7,0,7,1,0,0,ch05_noncount_to_bidder_control_alternative|ch05_setter_pressure_regime|phase_early|role_setter|seat_pos_3|sequence_closure,false,false,true,ch05_noncount_to_bidder_control_alternative|ch05_setter_pressure_regime|phase_early|role_setter|seat_pos_3|sequence_closure,available:phase4-positive-and-negative-detector-sets,false,proxy-only:is-best-threshold-not-actual-gus-output,,unavailable:no-positional-cross-corpus-match,7,-19.5711593628,-12.4102687836,7.16089057922,0.645730018616,1,2-1,0.0,true,,unavailable:policy-not-fingerprinted-in-retained-action-tables,,unjoinable:no-shared-champion-action-state-fingerprint,available:exact-action-key,available:exact-action-key,available:exact-action-key,available:exact-action-key,available:exact-action-key,partial:q-outcome-summaries-without-worlds-weights-or-calibration,,unavailable:not-present-in-retained-action-tables,,unavailable:not-retained-with-compatible-action-rows,,unavailable:not-retained-with-compatible-action-rows,,unavailable:not-retained-with-compatible-action-rows,,unavailable:not-retained-with-compatible-action-rows,,unavailable:not-retained-with-compatible-action-rows,,,,unjoinable:gus-corpus-state-namespace,available:public-role-seat-order-and-phase,closure_decline_trick|closure_sequence_decision|follower_opponent_currently_winning|phase_early|role_setter|seat_pos_3|sequence_last_to_act|setter_pounce_sequence_window,,proxy-only:public-role-and-action-local-labels,,unavailable:not-present-in-retained-action-tables,,unavailable:not-present-in-retained-action-tables,available:actual-action-indicator-without-policy-probability,,unavailable:not-present-in-retained-action-tables,,unavailable:not-present-in-retained-action-tables,,,,unavailable:no-cross-decision-plan-state-or-intervention,proxy-only:fixed-threshold-and-tail-rankings-without-transform-consumer-or-context,,fixed-bid30:declaration-and-risk-proxies-only; no auction choices/history,,unavailable:not-present-in-retained-action-tables,,,unavailable:not-present-in-retained-action-tables,dnt_regime_doubles,,hidden_proxy_closure_information|hidden_proxy_early_high_uncertainty|hidden_proxy_opponent_controls_trick,closure_decline_trick|closure_sequence_decision|dnt_regime_doubles|follower_opponent_currently_winning|hidden_proxy_closure_information|hidden_proxy_early_high_uncertainty|hidden_proxy_opponent_controls_trick|phase_early|role_setter|seat_pos_3|sequence_last_to_act|setter_pounce_sequence_window,closure_decline_trick|closure_sequence_decision|follower_opponent_currently_winning|phase_early|role_setter|seat_pos_3|sequence_last_to_act|setter_pounce_sequence_window,closure_decision|closure_decline_or_slough|defensive_pounce_window|phase_early_trick_0_1|position_follow|position_last_to_act|role_defender|role_right_setter|role_setter|seat_fourth_closure,,oracle/distribution columns are offline labels; role/order and proxy labels are public/action-local; eval_only_labels are never asserted as runtime features
w42.partnership_failure_atlas.v2,70a11f644c008bf0c1ce518f,corpus_v2_train_30-39_d0-9.pt:72:9,6-2,corpus_v2_train_30-39_d0-9.pt,37,72,9,twos,30,2,bidder_partner,partner,offense,2,1,second,middle,0,true,false,defense,0,true,true,false,false,0.7345248460769653,3.015862822532654,0.2549999952316284,0.22499999403953552,18,available:derived-from-role-and-bid-using-retained-w42-semantics,P(Q>=threshold_q); threshold_q is role-and-bid-dependent,-18,P(Q<=-18),false,false,0.08000001311302185,2,2,0,0,0,1,ch04_partner_support_regime|phase_middle|role_partner|seat_pos_1|sequence_follow,false,false,false,ch04_partner_support_regime|phase_middle|role_partner|seat_pos_1|sequence_follow,available:phase4-positive-and-negative-detector-sets,false,proxy-only:is-best-threshold-not-actual-gus-output,,unavailable:no-positional-cross-corpus-match,2,0.734524846077,3.75038766861,3.01586282253,3.01586282253,1,2-0,0.0,true,,unavailable:policy-not-fingerprinted-in-retained-action-tables,,unjoinable:no-shared-champion-action-state-fingerprint,available:exact-action-key,available:exact-action-key,available:exact-action-key,available:exact-action-key,available:exact-action-key,partial:q-outcome-summaries-without-worlds-weights-or-calibration,,unavailable:not-present-in-retained-action-tables,,unavailable:not-retained-with-compatible-action-rows,,unavailable:not-retained-with-compatible-action-rows,,unavailable:not-retained-with-compatible-action-rows,,unavailable:not-retained-with-compatible-action-rows,,unavailable:not-retained-with-compatible-action-rows,,,,unjoinable:gus-corpus-state-namespace,available:public-role-seat-order-and-phase,follower_can_beat_opponent|follower_opponent_currently_winning|follower_take_control_from_opponent|phase_middle|role_partner|seat_pos_1|sequence_follow,ch04_partner_support_regime|partner_support_sequence_context,proxy-only:public-role-and-action-local-labels,,unavailable:not-present-in-retained-action-tables,,unavailable:not-present-in-retained-action-tables,available:actual-action-indicator-without-policy-probability,,unavailable:not-present-in-retained-action-tables,,unavailable:not-present-in-retained-action-tables,,,,unavailable:no-cross-decision-plan-state-or-intervention,proxy-only:fixed-threshold-and-tail-rankings-without-transform-consumer-or-context,,fixed-bid30:declaration-and-risk-proxies-only; no auction choices/history,,unavailable:not-present-in-retained-action-tables,,,unavailable:not-present-in-retained-action-tables,,,hidden_proxy_control_shift_available|hidden_proxy_opponent_controls_trick,follower_can_beat_opponent|follower_opponent_currently_winning|follower_take_control_from_opponent|hidden_proxy_control_shift_available|hidden_proxy_opponent_controls_trick|partner_support_sequence_context|phase_middle|role_partner|seat_pos_1|sequence_follow,follower_can_beat_opponent|follower_opponent_currently_winning|follower_take_control_from_opponent|partner_support_sequence_context|phase_middle|role_partner|seat_pos_1|sequence_follow,partner_support_context|phase_middle_trick_2_4|position_follow|role_partner|seat_second_follow,,oracle/distribution columns are offline labels; role/order and proxy labels are public/action-local; eval_only_labels are never asserted as runtime features
w42.partnership_failure_atlas.v2,721aafb7281fb1e37f67e8c1,corpus_v2_train_40-49_d0-9.pt:35:0,5-5,corpus_v2_train_40-49_d0-9.pt,43,35,0,fives,30,0,bidder,bidder,offense,0,0,lead,early,10,true,true,,0,false,true,true,true,22.12488555908203,0.0,0.6600000262260437,0.019999999552965164,18,available:derived-from-role-and-bid-using-retained-w42-semantics,P(Q>=threshold_q); threshold_q is role-and-bid-dependent,-18,P(Q<=-18),true,false,0.0,7,2,5,1,2,0,ch03_bidder_count_liability_lead|ch03_bidder_lead_plan|ch03_bidder_lead_trump_or_called|ch03_commanding_called_double|ch03_visible_reentry_preserved_proxy|phase_early|role_bidder|seat_pos_0|sequence_lead,true,true,false,ch03_bidder_count_liability_lead|ch03_bidder_lead_plan|ch03_bidder_lead_trump_or_called|ch03_commanding_called_double|ch03_visible_reentry_preserved_proxy|phase_early|role_bidder|seat_pos_0|sequence_lead,available:phase4-positive-and-negative-detector-sets,true,proxy-only:is-best-threshold-not-actual-gus-output,,unavailable:no-positional-cross-corpus-match,7,7.63749265671,22.1248855591,14.4873929024,6.75510311127,1,5-5,0.0,true,,unavailable:policy-not-fingerprinted-in-retained-action-tables,,unjoinable:no-shared-champion-action-state-fingerprint,available:exact-action-key,available:exact-action-key,available:exact-action-key,available:exact-action-key,available:exact-action-key,partial:q-outcome-summaries-without-worlds-weights-or-calibration,,unavailable:not-present-in-retained-action-tables,,unavailable:not-retained-with-compatible-action-rows,,unavailable:not-retained-with-compatible-action-rows,,unavailable:not-retained-with-compatible-action-rows,,unavailable:not-retained-with-compatible-action-rows,,unavailable:not-retained-with-compatible-action-rows,,,,unjoinable:gus-corpus-state-namespace,available:public-role-seat-order-and-phase,phase_early|role_bidder|seat_pos_0|sequence_lead,,proxy-only:public-role-and-action-local-labels,,unavailable:not-present-in-retained-action-tables,,unavailable:not-present-in-retained-action-tables,available:actual-action-indicator-without-policy-probability,,unavailable:not-present-in-retained-action-tables,,unavailable:not-present-in-retained-action-tables,bidder_lead_plan|ch03_bidder_lead_plan,,,unavailable:no-cross-decision-plan-state-or-intervention,proxy-only:fixed-threshold-and-tail-rankings-without-transform-consumer-or-context,,fixed-bid30:declaration-and-risk-proxies-only; no auction choices/history,,unavailable:not-present-in-retained-action-tables,,,unavailable:not-present-in-retained-action-tables,,,hidden_proxy_count_pressure|hidden_proxy_early_high_uncertainty,bidder_lead_called_double|bidder_lead_called_suit|bidder_lead_count|bidder_lead_plan|hidden_proxy_count_pressure|hidden_proxy_early_high_uncertainty|phase_early|role_bidder|seat_pos_0|sequence_lead,bidder_lead_called_double|bidder_lead_called_suit|bidder_lead_count|bidder_lead_plan|phase_early|role_bidder|seat_pos_0|sequence_lead,phase_early_trick_0_1|position_lead|role_bidder|seat_first_lead,,oracle/distribution columns are offline labels; role/order and proxy labels are public/action-local; eval_only_labels are never asserted as runtime features
w42.partnership_failure_atlas.v2,7227fb19215198d28575e8de,corpus_v2_train_90-99_d0-9.pt:71:5,3-2,corpus_v2_train_90-99_d0-9.pt,97,71,5,ones,30,2,bidder_partner,partner,offense,1,1,second,early,5,false,false,defense,0,false,false,false,false,-21.520702362060547,1.9606857299804688,0.07500000298023224,0.6349999904632568,18,available:derived-from-role-and-bid-using-retained-w42-semantics,P(Q>=threshold_q); threshold_q is role-and-bid-dependent,-18,P(Q<=-18),false,false,0.004999995231628418,3,0,3,1,0,0,ch04_partner_support_regime|phase_early|role_partner|seat_pos_1|sequence_follow,false,false,false,ch04_partner_support_regime|phase_early|role_partner|seat_pos_1|sequence_follow,available:phase4-positive-and-negative-detector-sets,false,proxy-only:is-best-threshold-not-actual-gus-output,,unavailable:no-positional-cross-corpus-match,3,-21.5207023621,-19.5600166321,1.96068572998,0.430694580078,1,5-2,0.430694580078125,false,,unavailable:policy-not-fingerprinted-in-retained-action-tables,,unjoinable:no-shared-champion-action-state-fingerprint,available:exact-action-key,available:exact-action-key,available:exact-action-key,available:exact-action-key,available:exact-action-key,partial:q-outcome-summaries-without-worlds-weights-or-calibration,,unavailable:not-present-in-retained-action-tables,,unavailable:not-retained-with-compatible-action-rows,,unavailable:not-retained-with-compatible-action-rows,,unavailable:not-retained-with-compatible-action-rows,,unavailable:not-retained-with-compatible-action-rows,,unavailable:not-retained-with-compatible-action-rows,,,,unjoinable:gus-corpus-state-namespace,available:public-role-seat-order-and-phase,follower_count_into_opponent_control|follower_opponent_currently_winning|phase_early|role_partner|seat_pos_1|sequence_follow,ch04_partner_support_regime|ch04_partner_unsafe_count_to_defense|partner_count_into_defense_control|partner_support_sequence_context,proxy-only:public-role-and-action-local-labels,,unavailable:not-present-in-retained-action-tables,,unavailable:not-present-in-retained-action-tables,available:actual-action-indicator-without-policy-probability,,unavailable:not-present-in-retained-action-tables,,unavailable:not-present-in-retained-action-tables,,,,unavailable:no-cross-decision-plan-state-or-intervention,proxy-only:fixed-threshold-and-tail-rankings-without-transform-consumer-or-context,,fixed-bid30:declaration-and-risk-proxies-only; no auction choices/history,,unavailable:not-present-in-retained-action-tables,,,unavailable:not-present-in-retained-action-tables,,,hidden_proxy_count_pressure|hidden_proxy_early_high_uncertainty|hidden_proxy_opponent_controls_trick,ch04_partner_unsafe_count_to_defense|follower_count_into_opponent_control|follower_opponent_currently_winning|hidden_proxy_count_pressure|hidden_proxy_early_high_uncertainty|hidden_proxy_opponent_controls_trick|partner_count_into_defense_control|partner_support_sequence_context|phase_early|role_partner|seat_pos_1|sequence_follow,ch04_partner_unsafe_count_to_defense|follower_count_into_opponent_control|follower_opponent_currently_winning|partner_count_into_defense_control|partner_support_sequence_context|phase_early|role_partner|seat_pos_1|sequence_follow,ch04_partner_unsafe_count_to_defense|partner_support_context|partner_unsupported_count_into_defense|phase_early_trick_0_1|position_follow|role_partner|seat_second_follow,,oracle/distribution columns are offline labels; role/order and proxy labels are public/action-local; eval_only_labels are never asserted as runtime features
w42.partnership_failure_atlas.v2,72a260c4f3684d87312d3ac5,corpus_v2_train_0-9_d0-9.pt:56:23,4-1,corpus_v2_train_0-9_d0-9.pt,5,56,23,sixes,30,3,right_setter,setter,defense,5,3,last,late,5,false,false,defense,10,false,false,true,true,28.542030334472656,0.0,1.0,0.0,-17,available:derived-from-role-and-bid-using-retained-w42-semantics,P(Q>=threshold_q); threshold_q is role-and-bid-dependent,-18,P(Q<=-18),true,true,0.0,2,0,2,1,0,0,ch05_count_on_closure_defensive_win|ch05_setter_pressure_regime|phase_late|role_setter|seat_pos_3|sequence_closure,true,false,false,ch05_count_on_closure_defensive_win|ch05_setter_pressure_regime|phase_late|role_setter|seat_pos_3|sequence_closure,available:phase4-positive-and-negative-detector-sets,true,proxy-only:is-best-threshold-not-actual-gus-output,,unavailable:no-positional-cross-corpus-match,2,28.4208393097,28.5420303345,0.12119102478,0.12119102478,1,4-1,0.0,true,,unavailable:policy-not-fingerprinted-in-retained-action-tables,,unjoinable:no-shared-champion-action-state-fingerprint,available:exact-action-key,available:exact-action-key,available:exact-action-key,available:exact-action-key,available:exact-action-key,partial:q-outcome-summaries-without-worlds-weights-or-calibration,,unavailable:not-present-in-retained-action-tables,,unavailable:not-retained-with-compatible-action-rows,,unavailable:not-retained-with-compatible-action-rows,,unavailable:not-retained-with-compatible-action-rows,,unavailable:not-retained-with-compatible-action-rows,,unavailable:not-retained-with-compatible-action-rows,,,,unjoinable:gus-corpus-state-namespace,available:public-role-seat-order-and-phase,closure_decline_trick|closure_sequence_decision|closure_slough_count|follower_partner_or_self_currently_winning|follower_safe_count_to_current_control|phase_late|role_setter|seat_pos_3|sequence_last_to_act,follower_partner_or_self_currently_winning,proxy-only:public-role-and-action-local-labels,,unavailable:not-present-in-retained-action-tables,,unavailable:not-present-in-retained-action-tables,available:actual-action-indicator-without-policy-probability,,unavailable:not-present-in-retained-action-tables,,unavailable:not-present-in-retained-action-tables,,,,unavailable:no-cross-decision-plan-state-or-intervention,proxy-only:fixed-threshold-and-tail-rankings-without-transform-consumer-or-context,bidrisk_four_five_off|bidrisk_join_available|bidrisk_max_profitable_no_profitable_bid|bidrisk_off_count_4|bidrisk_pmake30_mid|bidrisk_static_risk_le_12|bidrisk_trump_count_2|bidrisk_wilson_safe_no_profitable_bid,fixed-bid30:declaration-and-risk-proxies-only; no auction choices/history,,unavailable:not-present-in-retained-action-tables,,,unavailable:not-present-in-retained-action-tables,,,hidden_proxy_closure_information|hidden_proxy_count_pressure|hidden_proxy_late_information_rich|hidden_proxy_our_side_controls_trick,bidrisk_four_five_off|bidrisk_join_available|bidrisk_max_profitable_no_profitable_bid|bidrisk_off_count_4|bidrisk_pmake30_mid|bidrisk_static_risk_le_12|bidrisk_trump_count_2|bidrisk_wilson_safe_no_profitable_bid|closure_decline_trick|closure_sequence_decision|closure_slough_count|follower_partner_or_self_currently_winning|follower_safe_count_to_current_control|hidden_proxy_closure_information|hidden_proxy_count_pressure|hidden_proxy_late_information_rich|hidden_proxy_our_side_controls_trick|phase_late|role_setter|seat_pos_3|sequence_last_to_act,closure_decline_trick|closure_sequence_decision|closure_slough_count|follower_partner_or_self_currently_winning|follower_safe_count_to_current_control|phase_late|role_setter|seat_pos_3|sequence_last_to_act,closure_decision|closure_decline_or_slough|closure_slough_count|phase_late_trick_5_6|position_follow|position_last_to_act|role_defender|role_right_setter|role_setter|seat_fourth_closure,,oracle/distribution columns are offline labels; role/order and proxy labels are public/action-local; eval_only_labels are never asserted as runtime features
w42.partnership_failure_atlas.v2,72ce07b6b18d917df1495d94,corpus_v2_train_0-9_d0-9.pt:10:0,4-0,corpus_v2_train_0-9_d0-9.pt,1,10,0,blanks,30,0,bidder,bidder,offense,0,0,lead,early,0,true,false,,0,false,true,false,false,-15.149332046508789,7.533561706542969,0.14000000059604645,0.5400000214576721,18,available:derived-from-role-and-bid-using-retained-w42-semantics,P(Q>=threshold_q); threshold_q is role-and-bid-dependent,-18,P(Q<=-18),false,false,0.019999995827674866,7,2,5,1,1,0,ch03_bidder_lead_plan|ch03_bidder_lead_trump_or_called|ch03_called_non_double|ch03_extra_nonboss_trump_before_off_proxy|ch03_visible_reentry_preserved_proxy|phase_early|role_bidder|seat_pos_0|sequence_lead,false,true,false,ch03_bidder_lead_plan|ch03_bidder_lead_trump_or_called|ch03_called_non_double|ch03_extra_nonboss_trump_before_off_proxy|ch03_visible_reentry_preserved_proxy|phase_early|role_bidder|seat_pos_0|sequence_lead,available:phase4-positive-and-negative-detector-sets,false,proxy-only:is-best-threshold-not-actual-gus-output,,unavailable:no-positional-cross-corpus-match,7,-17.4809474945,-7.61577033997,9.86517715454,4.19175052643,1,2-2,0.0,true,,unavailable:policy-not-fingerprinted-in-retained-action-tables,,unjoinable:no-shared-champion-action-state-fingerprint,available:exact-action-key,available:exact-action-key,available:exact-action-key,available:exact-action-key,available:exact-action-key,partial:q-outcome-summaries-without-worlds-weights-or-calibration,,unavailable:not-present-in-retained-action-tables,,unavailable:not-retained-with-compatible-action-rows,,unavailable:not-retained-with-compatible-action-rows,,unavailable:not-retained-with-compatible-action-rows,,unavailable:not-retained-with-compatible-action-rows,,unavailable:not-retained-with-compatible-action-rows,,,,unjoinable:gus-corpus-state-namespace,available:public-role-seat-order-and-phase,phase_early|role_bidder|seat_pos_0|sequence_lead,,proxy-only:public-role-and-action-local-labels,,unavailable:not-present-in-retained-action-tables,,unavailable:not-present-in-retained-action-tables,available:actual-action-indicator-without-policy-probability,,unavailable:not-present-in-retained-action-tables,,unavailable:not-present-in-retained-action-tables,bidder_lead_plan|ch03_bidder_lead_plan,,,unavailable:no-cross-decision-plan-state-or-intervention,proxy-only:fixed-threshold-and-tail-rankings-without-transform-consumer-or-context,,fixed-bid30:declaration-and-risk-proxies-only; no auction choices/history,,unavailable:not-present-in-retained-action-tables,,,unavailable:not-present-in-retained-action-tables,,,hidden_proxy_early_high_uncertainty,bidder_lead_called_non_double|bidder_lead_called_suit|bidder_lead_noncount|bidder_lead_plan|hidden_proxy_early_high_uncertainty|phase_early|role_bidder|seat_pos_0|sequence_lead,bidder_lead_called_non_double|bidder_lead_called_suit|bidder_lead_noncount|bidder_lead_plan|phase_early|role_bidder|seat_pos_0|sequence_lead,phase_early_trick_0_1|position_lead|role_bidder|seat_first_lead,,oracle/distribution columns are offline labels; role/order and proxy labels are public/action-local; eval_only_labels are never asserted as runtime features
w42.partnership_failure_atlas.v2,731cded83613509a0985c650,corpus_v2_train_20-29_d0-9.pt:80:24,4-2,corpus_v2_train_20-29_d0-9.pt,28,80,24,blanks,30,1,left_setter,setter,defense,6,0,lead,late,0,false,false,,0,false,true,true,true,-11.095690727233887,0.0,1.0,0.0,-17,available:derived-from-role-and-bid-using-retained-w42-semantics,P(Q>=threshold_q); threshold_q is role-and-bid-dependent,-18,P(Q<=-18),true,true,0.0,1,0,1,0,0,0,ch05_generic_non_count_calling_lead|ch05_non_count_calling_lead|ch05_setter_pressure_regime|phase_late|role_setter|seat_pos_0|sequence_lead,true,false,true,ch05_generic_non_count_calling_lead|ch05_non_count_calling_lead|ch05_setter_pressure_regime|phase_late|role_setter|seat_pos_0|sequence_lead,available:phase4-positive-and-negative-detector-sets,true,proxy-only:is-best-threshold-not-actual-gus-output,,unavailable:no-positional-cross-corpus-match,1,-11.0956907272,-11.0956907272,0,0,1,4-2,0.0,true,,unavailable:policy-not-fingerprinted-in-retained-action-tables,,unjoinable:no-shared-champion-action-state-fingerprint,available:exact-action-key,available:exact-action-key,available:exact-action-key,available:exact-action-key,available:exact-action-key,partial:q-outcome-summaries-without-worlds-weights-or-calibration,,unavailable:not-present-in-retained-action-tables,,unavailable:not-retained-with-compatible-action-rows,,unavailable:not-retained-with-compatible-action-rows,,unavailable:not-retained-with-compatible-action-rows,,unavailable:not-retained-with-compatible-action-rows,,unavailable:not-retained-with-compatible-action-rows,,,,unjoinable:gus-corpus-state-namespace,available:public-role-seat-order-and-phase,phase_late|role_setter|seat_pos_0|sequence_lead,,proxy-only:public-role-and-action-local-labels,,unavailable:not-present-in-retained-action-tables,,unavailable:not-present-in-retained-action-tables,available:actual-action-indicator-without-policy-probability,,unavailable:not-present-in-retained-action-tables,,unavailable:not-present-in-retained-action-tables,,,,unavailable:no-cross-decision-plan-state-or-intervention,proxy-only:fixed-threshold-and-tail-rankings-without-transform-consumer-or-context,,fixed-bid30:declaration-and-risk-proxies-only; no auction choices/history,,unavailable:not-present-in-retained-action-tables,,,unavailable:not-present-in-retained-action-tables,,,hidden_proxy_late_information_rich,hidden_proxy_late_information_rich|phase_late|role_setter|seat_pos_0|sequence_lead,phase_late|role_setter|seat_pos_0|sequence_lead,phase_late_trick_5_6|position_lead|role_defender|role_left_setter|role_setter|seat_first_lead,,oracle/distribution columns are offline labels; role/order and proxy labels are public/action-local; eval_only_labels are never asserted as runtime features
w42.partnership_failure_atlas.v2,7394a27d882e37b3d39addf8,corpus_v2_train_20-29_d0-9.pt:7:6,4-3,corpus_v2_train_20-29_d0-9.pt,20,7,6,doubles,30,2,bidder_partner,partner,offense,1,2,third,early,0,false,false,offense,5,false,false,false,false,17.889755249023438,9.229183197021484,0.5149999856948853,0.0,18,available:derived-from-role-and-bid-using-retained-w42-semantics,P(Q>=threshold_q); threshold_q is role-and-bid-dependent,-18,P(Q<=-18),false,true,0.23500001430511475,6,2,4,1,2,2,ch04_partner_noncount_before_closure_alternative|ch04_partner_support_regime|phase_early|role_partner|seat_pos_2|sequence_follow,false,false,true,ch04_partner_noncount_before_closure_alternative|ch04_partner_support_regime|phase_early|role_partner|seat_pos_2|sequence_follow,available:phase4-positive-and-negative-detector-sets,false,proxy-only:is-best-threshold-not-actual-gus-output,,unavailable:no-positional-cross-corpus-match,6,16.7124271393,27.118938446,10.4065113068,4.91082763672,1,2-2,0.0,true,,unavailable:policy-not-fingerprinted-in-retained-action-tables,,unjoinable:no-shared-champion-action-state-fingerprint,available:exact-action-key,available:exact-action-key,available:exact-action-key,available:exact-action-key,available:exact-action-key,partial:q-outcome-summaries-without-worlds-weights-or-calibration,,unavailable:not-present-in-retained-action-tables,,unavailable:not-retained-with-compatible-action-rows,,unavailable:not-retained-with-compatible-action-rows,,unavailable:not-retained-with-compatible-action-rows,,unavailable:not-retained-with-compatible-action-rows,,unavailable:not-retained-with-compatible-action-rows,,,,unjoinable:gus-corpus-state-namespace,available:public-role-seat-order-and-phase,follower_partner_or_self_currently_winning|phase_early|role_partner|seat_pos_2|sequence_follow,ch04_partner_noncount_before_closure_alternative|ch04_partner_support_regime|follower_partner_or_self_currently_winning|partner_support_sequence_context,proxy-only:public-role-and-action-local-labels,,unavailable:not-present-in-retained-action-tables,,unavailable:not-present-in-retained-action-tables,available:actual-action-indicator-without-policy-probability,,unavailable:not-present-in-retained-action-tables,,unavailable:not-present-in-retained-action-tables,,,,unavailable:no-cross-decision-plan-state-or-intervention,proxy-only:fixed-threshold-and-tail-rankings-without-transform-consumer-or-context,,fixed-bid30:declaration-and-risk-proxies-only; no auction choices/history,,unavailable:not-present-in-retained-action-tables,,,unavailable:not-present-in-retained-action-tables,dnt_regime_doubles,,hidden_proxy_early_high_uncertainty|hidden_proxy_our_side_controls_trick,dnt_regime_doubles|follower_partner_or_self_currently_winning|hidden_proxy_early_high_uncertainty|hidden_proxy_our_side_controls_trick|partner_support_sequence_context|phase_early|role_partner|seat_pos_2|sequence_follow,follower_partner_or_self_currently_winning|partner_support_sequence_context|phase_early|role_partner|seat_pos_2|sequence_follow,partner_support_context|phase_early_trick_0_1|position_follow|role_partner|seat_third_follow,,oracle/distribution columns are offline labels; role/order and proxy labels are public/action-local; eval_only_labels are never asserted as runtime features
w42.partnership_failure_atlas.v2,73f9495e5e2040e50e7aa881,corpus_v2_train_30-39_d0-9.pt:68:0,2-0,corpus_v2_train_30-39_d0-9.pt,36,68,0,doubles-suit,30,0,bidder,bidder,offense,0,0,lead,early,0,false,false,,0,false,true,false,false,-8.281883239746094,6.555911064147949,0.10000000149011612,0.3199999928474426,18,available:derived-from-role-and-bid-using-retained-w42-semantics,P(Q>=threshold_q); threshold_q is role-and-bid-dependent,-18,P(Q<=-18),false,false,0.15999998897314072,7,0,7,1,0,0,ch03_bidder_lead_off_suit|ch03_bidder_lead_plan|phase_early|role_bidder|seat_pos_0|sequence_lead,false,false,true,ch03_bidder_lead_off_suit|ch03_bidder_lead_plan|phase_early|role_bidder|seat_pos_0|sequence_lead,available:phase4-positive-and-negative-detector-sets,false,proxy-only:is-best-threshold-not-actual-gus-output,,unavailable:no-positional-cross-corpus-match,7,-8.28188323975,-1.7259721756,6.55591106415,0.708526849747,1,5-0,2.1809980869293213,false,,unavailable:policy-not-fingerprinted-in-retained-action-tables,,unjoinable:no-shared-champion-action-state-fingerprint,available:exact-action-key,available:exact-action-key,available:exact-action-key,available:exact-action-key,available:exact-action-key,partial:q-outcome-summaries-without-worlds-weights-or-calibration,,unavailable:not-present-in-retained-action-tables,,unavailable:not-retained-with-compatible-action-rows,,unavailable:not-retained-with-compatible-action-rows,,unavailable:not-retained-with-compatible-action-rows,,unavailable:not-retained-with-compatible-action-rows,,unavailable:not-retained-with-compatible-action-rows,,,,unjoinable:gus-corpus-state-namespace,available:public-role-seat-order-and-phase,phase_early|role_bidder|seat_pos_0|sequence_lead,,proxy-only:public-role-and-action-local-labels,,unavailable:not-present-in-retained-action-tables,,unavailable:not-present-in-retained-action-tables,available:actual-action-indicator-without-policy-probability,,unavailable:not-present-in-retained-action-tables,,unavailable:not-present-in-retained-action-tables,bidder_lead_plan|ch03_bidder_lead_plan,,,unavailable:no-cross-decision-plan-state-or-intervention,proxy-only:fixed-threshold-and-tail-rankings-without-transform-consumer-or-context,,fixed-bid30:declaration-and-risk-proxies-only; no auction choices/history,,unavailable:not-present-in-retained-action-tables,,,unavailable:not-present-in-retained-action-tables,dnt_regime_doubles-suit,,hidden_proxy_early_high_uncertainty,bidder_lead_noncount|bidder_lead_off_suit|bidder_lead_plan|dnt_regime_doubles-suit|hidden_proxy_early_high_uncertainty|phase_early|role_bidder|seat_pos_0|sequence_lead,bidder_lead_noncount|bidder_lead_off_suit|bidder_lead_plan|phase_early|role_bidder|seat_pos_0|sequence_lead,phase_early_trick_0_1|position_lead|role_bidder|seat_first_lead,,oracle/distribution columns are offline labels; role/order and proxy labels are public/action-local; eval_only_labels are never asserted as runtime features
w42.partnership_failure_atlas.v2,7451510d34cf300229d0f0aa,corpus_v2_train_80-89_d0-9.pt:66:10,3-0,corpus_v2_train_80-89_d0-9.pt,86,66,10,sixes,30,1,left_setter,setter,defense,2,2,third,middle,0,false,false,defense,0,false,false,false,false,-6.256704330444336,6.982499778270721,0.5799999833106995,0.4099999964237213,-17,available:derived-from-role-and-bid-using-retained-w42-semantics,P(Q>=threshold_q); threshold_q is role-and-bid-dependent,-18,P(Q<=-18),false,false,0.10000002384185791,2,0,2,1,0,0,ch05_noncount_before_certainty_alternative|ch05_setter_pressure_regime|phase_middle|role_setter|seat_pos_2|sequence_follow,false,false,true,ch05_noncount_before_certainty_alternative|ch05_setter_pressure_regime|phase_middle|role_setter|seat_pos_2|sequence_follow,available:phase4-positive-and-negative-detector-sets,false,proxy-only:is-best-threshold-not-actual-gus-output,,unavailable:no-positional-cross-corpus-match,2,-6.25670433044,0.725795447826,6.98249977827,6.98249977827,1,5-0,0.0,true,,unavailable:policy-not-fingerprinted-in-retained-action-tables,,unjoinable:no-shared-champion-action-state-fingerprint,available:exact-action-key,available:exact-action-key,available:exact-action-key,available:exact-action-key,available:exact-action-key,partial:q-outcome-summaries-without-worlds-weights-or-calibration,,unavailable:not-present-in-retained-action-tables,,unavailable:not-retained-with-compatible-action-rows,,unavailable:not-retained-with-compatible-action-rows,,unavailable:not-retained-with-compatible-action-rows,,unavailable:not-retained-with-compatible-action-rows,,unavailable:not-retained-with-compatible-action-rows,,,,unjoinable:gus-corpus-state-namespace,available:public-role-seat-order-and-phase,follower_partner_or_self_currently_winning|phase_middle|role_setter|seat_pos_2|sequence_follow,follower_partner_or_self_currently_winning,proxy-only:public-role-and-action-local-labels,,unavailable:not-present-in-retained-action-tables,,unavailable:not-present-in-retained-action-tables,available:actual-action-indicator-without-policy-probability,,unavailable:not-present-in-retained-action-tables,,unavailable:not-present-in-retained-action-tables,,,,unavailable:no-cross-decision-plan-state-or-intervention,proxy-only:fixed-threshold-and-tail-rankings-without-transform-consumer-or-context,,fixed-bid30:declaration-and-risk-proxies-only; no auction choices/history,,unavailable:not-present-in-retained-action-tables,,,unavailable:not-present-in-retained-action-tables,,,hidden_proxy_our_side_controls_trick,follower_partner_or_self_currently_winning|hidden_proxy_our_side_controls_trick|phase_middle|role_setter|seat_pos_2|sequence_follow,follower_partner_or_self_currently_winning|phase_middle|role_setter|seat_pos_2|sequence_follow,phase_middle_trick_2_4|position_follow|role_defender|role_left_setter|role_setter|seat_third_follow,,oracle/distribution columns are offline labels; role/order and proxy labels are public/action-local; eval_only_labels are never asserted as runtime features
w42.partnership_failure_atlas.v2,7492cb2fd7ca865a8dbaacf7,corpus_v2_train_90-99_d0-9.pt:74:20,5-4,corpus_v2_train_90-99_d0-9.pt,97,74,20,fours,30,2,bidder_partner,partner,offense,5,0,lead,late,0,true,false,,0,false,true,true,false,-13.3737154006958,1.7863445281982422,0.14000000059604645,0.7300000190734863,18,available:derived-from-role-and-bid-using-retained-w42-semantics,P(Q>=threshold_q); threshold_q is role-and-bid-dependent,-18,P(Q<=-18),true,false,0.0,2,1,1,0,0,0,ch04_partner_disruptive_trump_lead_proxy|ch04_partner_lead_noncount_low_liability|ch04_partner_support_regime|phase_late|role_partner|seat_pos_0|sequence_lead,false,false,true,ch04_partner_disruptive_trump_lead_proxy|ch04_partner_lead_noncount_low_liability|ch04_partner_support_regime|phase_late|role_partner|seat_pos_0|sequence_lead,available:phase4-positive-and-negative-detector-sets,true,proxy-only:is-best-threshold-not-actual-gus-output,,unavailable:no-positional-cross-corpus-match,2,-13.3737154007,-11.5873708725,1.7863445282,1.7863445282,1,5-4,1.7863445281982422,false,,unavailable:policy-not-fingerprinted-in-retained-action-tables,,unjoinable:no-shared-champion-action-state-fingerprint,available:exact-action-key,available:exact-action-key,available:exact-action-key,available:exact-action-key,available:exact-action-key,partial:q-outcome-summaries-without-worlds-weights-or-calibration,,unavailable:not-present-in-retained-action-tables,,unavailable:not-retained-with-compatible-action-rows,,unavailable:not-retained-with-compatible-action-rows,,unavailable:not-retained-with-compatible-action-rows,,unavailable:not-retained-with-compatible-action-rows,,unavailable:not-retained-with-compatible-action-rows,,,,unjoinable:gus-corpus-state-namespace,available:public-role-seat-order-and-phase,phase_late|role_partner|seat_pos_0|sequence_lead,ch04_partner_disruptive_trump_lead_proxy|ch04_partner_lead_noncount_low_liability|ch04_partner_support_regime|partner_support_sequence_context,proxy-only:public-role-and-action-local-labels,,unavailable:not-present-in-retained-action-tables,,unavailable:not-present-in-retained-action-tables,available:actual-action-indicator-without-policy-probability,,unavailable:not-present-in-retained-action-tables,,unavailable:not-present-in-retained-action-tables,,,,unavailable:no-cross-decision-plan-state-or-intervention,proxy-only:fixed-threshold-and-tail-rankings-without-transform-consumer-or-context,,fixed-bid30:declaration-and-risk-proxies-only; no auction choices/history,,unavailable:not-present-in-retained-action-tables,,,unavailable:not-present-in-retained-action-tables,,,hidden_proxy_late_information_rich,hidden_proxy_late_information_rich|partner_support_sequence_context|phase_late|role_partner|seat_pos_0|sequence_lead,partner_support_sequence_context|phase_late|role_partner|seat_pos_0|sequence_lead,partner_support_context|phase_late_trick_5_6|position_lead|role_partner|seat_first_lead,,oracle/distribution columns are offline labels; role/order and proxy labels are public/action-local; eval_only_labels are never asserted as runtime features
w42.partnership_failure_atlas.v2,7853463ecab249d51307e953,corpus_v2_train_10-19_d0-9.pt:29:19,3-1,corpus_v2_train_10-19_d0-9.pt,12,29,19,no-trump,30,1,left_setter,setter,defense,4,3,last,middle,0,false,false,offense,10,false,false,true,true,-16.179706573486328,0.0,0.4950000047683716,0.4950000047683716,-17,available:derived-from-role-and-bid-using-retained-w42-semantics,P(Q>=threshold_q); threshold_q is role-and-bid-dependent,-18,P(Q<=-18),true,true,0.0,3,0,3,0,2,0,ch05_noncount_to_bidder_control_alternative|ch05_setter_pressure_regime|phase_middle|role_setter|seat_pos_3|sequence_closure,true,false,true,ch05_noncount_to_bidder_control_alternative|ch05_setter_pressure_regime|phase_middle|role_setter|seat_pos_3|sequence_closure,available:phase4-positive-and-negative-detector-sets,true,proxy-only:is-best-threshold-not-actual-gus-output,,unavailable:no-positional-cross-corpus-match,3,-17.0814495087,-16.1797065735,0.901742935181,0.02854347229,1,3-1,0.0,true,,unavailable:policy-not-fingerprinted-in-retained-action-tables,,unjoinable:no-shared-champion-action-state-fingerprint,available:exact-action-key,available:exact-action-key,available:exact-action-key,available:exact-action-key,available:exact-action-key,partial:q-outcome-summaries-without-worlds-weights-or-calibration,,unavailable:not-present-in-retained-action-tables,,unavailable:not-retained-with-compatible-action-rows,,unavailable:not-retained-with-compatible-action-rows,,unavailable:not-retained-with-compatible-action-rows,,unavailable:not-retained-with-compatible-action-rows,,unavailable:not-retained-with-compatible-action-rows,,,,unjoinable:gus-corpus-state-namespace,available:public-role-seat-order-and-phase,closure_decline_trick|closure_sequence_decision|follower_opponent_currently_winning|phase_middle|role_setter|seat_pos_3|sequence_last_to_act|setter_pounce_sequence_window,,proxy-only:public-role-and-action-local-labels,,unavailable:not-present-in-retained-action-tables,,unavailable:not-present-in-retained-action-tables,available:actual-action-indicator-without-policy-probability,,unavailable:not-present-in-retained-action-tables,,unavailable:not-present-in-retained-action-tables,,,,unavailable:no-cross-decision-plan-state-or-intervention,proxy-only:fixed-threshold-and-tail-rankings-without-transform-consumer-or-context,,fixed-bid30:declaration-and-risk-proxies-only; no auction choices/history,,unavailable:not-present-in-retained-action-tables,,,unavailable:not-present-in-retained-action-tables,dnt_regime_no_trump,,hidden_proxy_closure_information|hidden_proxy_late_information_rich|hidden_proxy_opponent_controls_trick,closure_decline_trick|closure_sequence_decision|dnt_regime_no_trump|follower_opponent_currently_winning|hidden_proxy_closure_information|hidden_proxy_late_information_rich|hidden_proxy_opponent_controls_trick|phase_middle|role_setter|seat_pos_3|sequence_last_to_act|setter_pounce_sequence_window,closure_decline_trick|closure_sequence_decision|follower_opponent_currently_winning|phase_middle|role_setter|seat_pos_3|sequence_last_to_act|setter_pounce_sequence_window,closure_decision|closure_decline_or_slough|defensive_pounce_window|phase_middle_trick_2_4|position_follow|position_last_to_act|role_defender|role_left_setter|role_setter|seat_fourth_closure,,oracle/distribution columns are offline labels; role/order and proxy labels are public/action-local; eval_only_labels are never asserted as runtime features
w42.partnership_failure_atlas.v2,786b49905f49843ee04c8668,corpus_v2_train_50-59_d0-9.pt:77:15,6-1,corpus_v2_train_50-59_d0-9.pt,57,77,15,doubles,30,0,bidder,bidder,offense,3,3,last,middle,0,false,false,defense,10,false,false,true,true,-21.149682998657227,0.0,0.0,0.675000011920929,18,available:derived-from-role-and-bid-using-retained-w42-semantics,P(Q>=threshold_q); threshold_q is role-and-bid-dependent,-18,P(Q<=-18),true,true,0.0,2,0,2,0,0,0,phase_middle|role_bidder|seat_pos_3|sequence_closure,true,false,false,phase_middle|role_bidder|seat_pos_3|sequence_closure,available:phase4-positive-and-negative-detector-sets,true,proxy-only:is-best-threshold-not-actual-gus-output,,unavailable:no-positional-cross-corpus-match,2,-23.6663303375,-21.1496829987,2.51664733887,2.51664733887,1,6-1,0.0,true,,unavailable:policy-not-fingerprinted-in-retained-action-tables,,unjoinable:no-shared-champion-action-state-fingerprint,available:exact-action-key,available:exact-action-key,available:exact-action-key,available:exact-action-key,available:exact-action-key,partial:q-outcome-summaries-without-worlds-weights-or-calibration,,unavailable:not-present-in-retained-action-tables,,unavailable:not-retained-with-compatible-action-rows,,unavailable:not-retained-with-compatible-action-rows,,unavailable:not-retained-with-compatible-action-rows,,unavailable:not-retained-with-compatible-action-rows,,unavailable:not-retained-with-compatible-action-rows,,,,unjoinable:gus-corpus-state-namespace,available:public-role-seat-order-and-phase,closure_decline_trick|closure_sequence_decision|follower_opponent_currently_winning|phase_middle|role_bidder|seat_pos_3|sequence_last_to_act,,proxy-only:public-role-and-action-local-labels,,unavailable:not-present-in-retained-action-tables,,unavailable:not-present-in-retained-action-tables,available:actual-action-indicator-without-policy-probability,,unavailable:not-present-in-retained-action-tables,,unavailable:not-present-in-retained-action-tables,,,,unavailable:no-cross-decision-plan-state-or-intervention,proxy-only:fixed-threshold-and-tail-rankings-without-transform-consumer-or-context,,fixed-bid30:declaration-and-risk-proxies-only; no auction choices/history,,unavailable:not-present-in-retained-action-tables,,,unavailable:not-present-in-retained-action-tables,dnt_regime_doubles,,hidden_proxy_closure_information|hidden_proxy_opponent_controls_trick,closure_decline_trick|closure_sequence_decision|dnt_regime_doubles|follower_opponent_currently_winning|hidden_proxy_closure_information|hidden_proxy_opponent_controls_trick|phase_middle|role_bidder|seat_pos_3|sequence_last_to_act,closure_decline_trick|closure_sequence_decision|follower_opponent_currently_winning|phase_middle|role_bidder|seat_pos_3|sequence_last_to_act,closure_decision|closure_decline_or_slough|phase_middle_trick_2_4|position_follow|position_last_to_act|role_bidder|seat_fourth_closure,,oracle/distribution columns are offline labels; role/order and proxy labels are public/action-local; eval_only_labels are never asserted as runtime features
w42.partnership_failure_atlas.v2,79e2f5ca8679bacb77f006c0,corpus_v2_train_90-99_d0-9.pt:60:12,2-1,corpus_v2_train_90-99_d0-9.pt,96,60,12,blanks,30,2,bidder_partner,partner,offense,3,0,lead,middle,0,false,false,,0,false,true,false,false,-1.87648606300354,8.394691228866577,0.10999999940395355,0.11500000208616257,18,available:derived-from-role-and-bid-using-retained-w42-semantics,P(Q>=threshold_q); threshold_q is role-and-bid-dependent,-18,P(Q<=-18),false,false,0.19500000774860382,4,1,3,0,3,0,ch04_partner_lead_noncount_low_liability|ch04_partner_support_regime|phase_middle|role_partner|seat_pos_0|sequence_lead,false,false,true,ch04_partner_lead_noncount_low_liability|ch04_partner_support_regime|phase_middle|role_partner|seat_pos_0|sequence_lead,available:phase4-positive-and-negative-detector-sets,false,proxy-only:is-best-threshold-not-actual-gus-output,,unavailable:no-positional-cross-corpus-match,4,-1.876486063,6.51820516586,8.39469122887,0.887361526489,1,1-1,0.0,true,,unavailable:policy-not-fingerprinted-in-retained-action-tables,,unjoinable:no-shared-champion-action-state-fingerprint,available:exact-action-key,available:exact-action-key,available:exact-action-key,available:exact-action-key,available:exact-action-key,partial:q-outcome-summaries-without-worlds-weights-or-calibration,,unavailable:not-present-in-retained-action-tables,,unavailable:not-retained-with-compatible-action-rows,,unavailable:not-retained-with-compatible-action-rows,,unavailable:not-retained-with-compatible-action-rows,,unavailable:not-retained-with-compatible-action-rows,,unavailable:not-retained-with-compatible-action-rows,,,,unjoinable:gus-corpus-state-namespace,available:public-role-seat-order-and-phase,phase_middle|role_partner|seat_pos_0|sequence_lead,ch04_partner_lead_noncount_low_liability|ch04_partner_support_regime|partner_support_sequence_context,proxy-only:public-role-and-action-local-labels,,unavailable:not-present-in-retained-action-tables,,unavailable:not-present-in-retained-action-tables,available:actual-action-indicator-without-policy-probability,,unavailable:not-present-in-retained-action-tables,,unavailable:not-present-in-retained-action-tables,,,,unavailable:no-cross-decision-plan-state-or-intervention,proxy-only:fixed-threshold-and-tail-rankings-without-transform-consumer-or-context,,fixed-bid30:declaration-and-risk-proxies-only; no auction choices/history,,unavailable:not-present-in-retained-action-tables,,,unavailable:not-present-in-retained-action-tables,,,,partner_support_sequence_context|phase_middle|role_partner|seat_pos_0|sequence_lead,partner_support_sequence_context|phase_middle|role_partner|seat_pos_0|sequence_lead,partner_support_context|phase_middle_trick_2_4|position_lead|role_partner|seat_first_lead,,oracle/distribution columns are offline labels; role/order and proxy labels are public/action-local; eval_only_labels are never asserted as runtime features
w42.partnership_failure_atlas.v2,7ad6089aa1f5065b01cc94ce,corpus_v2_train_60-69_d0-9.pt:19:14,6-2,corpus_v2_train_60-69_d0-9.pt,61,19,14,no-trump,30,3,right_setter,setter,defense,3,2,third,middle,0,false,false,defense,0,false,false,false,true,10.258378028869629,0.0,0.8999999761581421,0.09000000357627869,-17,available:derived-from-role-and-bid-using-retained-w42-semantics,P(Q>=threshold_q); threshold_q is role-and-bid-dependent,-18,P(Q<=-18),false,true,0.010000050067901611,4,0,4,0,2,0,ch05_noncount_before_certainty_alternative|ch05_setter_pressure_regime|phase_middle|role_setter|seat_pos_2|sequence_follow,true,false,true,ch05_noncount_before_certainty_alternative|ch05_setter_pressure_regime|phase_middle|role_setter|seat_pos_2|sequence_follow,available:phase4-positive-and-negative-detector-sets,false,proxy-only:is-best-threshold-not-actual-gus-output,,unavailable:no-positional-cross-corpus-match,4,0.642879188061,10.2583780289,9.61549884081,0.896383285522,1,3-0,0.8963832855224609,false,,unavailable:policy-not-fingerprinted-in-retained-action-tables,,unjoinable:no-shared-champion-action-state-fingerprint,available:exact-action-key,available:exact-action-key,available:exact-action-key,available:exact-action-key,available:exact-action-key,partial:q-outcome-summaries-without-worlds-weights-or-calibration,,unavailable:not-present-in-retained-action-tables,,unavailable:not-retained-with-compatible-action-rows,,unavailable:not-retained-with-compatible-action-rows,,unavailable:not-retained-with-compatible-action-rows,,unavailable:not-retained-with-compatible-action-rows,,unavailable:not-retained-with-compatible-action-rows,,,,unjoinable:gus-corpus-state-namespace,available:public-role-seat-order-and-phase,follower_partner_or_self_currently_winning|phase_middle|role_setter|seat_pos_2|sequence_follow,follower_partner_or_self_currently_winning,proxy-only:public-role-and-action-local-labels,,unavailable:not-present-in-retained-action-tables,,unavailable:not-present-in-retained-action-tables,available:actual-action-indicator-without-policy-probability,,unavailable:not-present-in-retained-action-tables,,unavailable:not-present-in-retained-action-tables,,,,unavailable:no-cross-decision-plan-state-or-intervention,proxy-only:fixed-threshold-and-tail-rankings-without-transform-consumer-or-context,,fixed-bid30:declaration-and-risk-proxies-only; no auction choices/history,,unavailable:not-present-in-retained-action-tables,,,unavailable:not-present-in-retained-action-tables,dnt_regime_no_trump,,hidden_proxy_our_side_controls_trick,dnt_regime_no_trump|follower_partner_or_self_currently_winning|hidden_proxy_our_side_controls_trick|phase_middle|role_setter|seat_pos_2|sequence_follow,follower_partner_or_self_currently_winning|phase_middle|role_setter|seat_pos_2|sequence_follow,phase_middle_trick_2_4|position_follow|role_defender|role_right_setter|role_setter|seat_third_follow,,oracle/distribution columns are offline labels; role/order and proxy labels are public/action-local; eval_only_labels are never asserted as runtime features
w42.partnership_failure_atlas.v2,7b74f8b373375077a0c52278,corpus_v2_train_30-39_d0-9.pt:20:14,3-1,corpus_v2_train_30-39_d0-9.pt,32,20,14,blanks,30,3,right_setter,setter,defense,3,2,third,middle,0,false,false,offense,0,false,false,false,false,-23.78302574157715,11.379778861999512,0.20000000298023224,0.7400000095367432,-17,available:derived-from-role-and-bid-using-retained-w42-semantics,P(Q>=threshold_q); threshold_q is role-and-bid-dependent,-18,P(Q<=-18),false,false,0.45499996840953827,4,1,3,1,2,1,ch05_hold_trump_no_count_proxy|ch05_noncount_to_bidder_control_alternative|ch05_setter_pressure_regime|phase_middle|role_setter|seat_pos_2|sequence_follow,false,false,true,ch05_hold_trump_no_count_proxy|ch05_noncount_to_bidder_control_alternative|ch05_setter_pressure_regime|phase_middle|role_setter|seat_pos_2|sequence_follow,available:phase4-positive-and-negative-detector-sets,false,proxy-only:is-best-threshold-not-actual-gus-output,,unavailable:no-positional-cross-corpus-match,4,-26.652545929,-12.4032468796,14.2492990494,10.9579820633,1,5-0,0.0,true,,unavailable:policy-not-fingerprinted-in-retained-action-tables,,unjoinable:no-shared-champion-action-state-fingerprint,available:exact-action-key,available:exact-action-key,available:exact-action-key,available:exact-action-key,available:exact-action-key,partial:q-outcome-summaries-without-worlds-weights-or-calibration,,unavailable:not-present-in-retained-action-tables,,unavailable:not-retained-with-compatible-action-rows,,unavailable:not-retained-with-compatible-action-rows,,unavailable:not-retained-with-compatible-action-rows,,unavailable:not-retained-with-compatible-action-rows,,unavailable:not-retained-with-compatible-action-rows,,,,unjoinable:gus-corpus-state-namespace,available:public-role-seat-order-and-phase,follower_opponent_currently_winning|phase_middle|role_setter|seat_pos_2|sequence_follow|setter_pounce_sequence_window,,proxy-only:public-role-and-action-local-labels,,unavailable:not-present-in-retained-action-tables,,unavailable:not-present-in-retained-action-tables,available:actual-action-indicator-without-policy-probability,,unavailable:not-present-in-retained-action-tables,,unavailable:not-present-in-retained-action-tables,,,,unavailable:no-cross-decision-plan-state-or-intervention,proxy-only:fixed-threshold-and-tail-rankings-without-transform-consumer-or-context,,fixed-bid30:declaration-and-risk-proxies-only; no auction choices/history,,unavailable:not-present-in-retained-action-tables,,,unavailable:not-present-in-retained-action-tables,,,hidden_proxy_opponent_controls_trick,follower_opponent_currently_winning|hidden_proxy_opponent_controls_trick|phase_middle|role_setter|seat_pos_2|sequence_follow|setter_pounce_sequence_window,follower_opponent_currently_winning|phase_middle|role_setter|seat_pos_2|sequence_follow|setter_pounce_sequence_window,defensive_pounce_window|phase_middle_trick_2_4|position_follow|role_defender|role_right_setter|role_setter|seat_third_follow,,oracle/distribution columns are offline labels; role/order and proxy labels are public/action-local; eval_only_labels are never asserted as runtime features
w42.partnership_failure_atlas.v2,7c3dea4a1305b1ce904f3294,corpus_v2_train_80-89_d0-9.pt:16:5,6-0,corpus_v2_train_80-89_d0-9.pt,81,16,5,sixes,30,1,left_setter,setter,defense,1,1,second,early,0,true,false,offense,0,false,false,true,true,-8.905799865722656,0.0,0.5249999761581421,0.46000000834465027,-17,available:derived-from-role-and-bid-using-retained-w42-semantics,P(Q>=threshold_q); threshold_q is role-and-bid-dependent,-18,P(Q<=-18),false,true,0.004999995231628418,2,2,0,0,0,0,ch05_noncount_to_bidder_control_alternative|ch05_setter_pressure_regime|phase_early|role_setter|seat_pos_1|sequence_follow,true,false,true,ch05_noncount_to_bidder_control_alternative|ch05_setter_pressure_regime|phase_early|role_setter|seat_pos_1|sequence_follow,available:phase4-positive-and-negative-detector-sets,false,proxy-only:is-best-threshold-not-actual-gus-output,,unavailable:no-positional-cross-corpus-match,2,-8.92698478699,-8.90579986572,0.0211849212646,0.0211849212646,1,6-0,0.0,true,,unavailable:policy-not-fingerprinted-in-retained-action-tables,,unjoinable:no-shared-champion-action-state-fingerprint,available:exact-action-key,available:exact-action-key,available:exact-action-key,available:exact-action-key,available:exact-action-key,partial:q-outcome-summaries-without-worlds-weights-or-calibration,,unavailable:not-present-in-retained-action-tables,,unavailable:not-retained-with-compatible-action-rows,,unavailable:not-retained-with-compatible-action-rows,,unavailable:not-retained-with-compatible-action-rows,,unavailable:not-retained-with-compatible-action-rows,,unavailable:not-retained-with-compatible-action-rows,,,,unjoinable:gus-corpus-state-namespace,available:public-role-seat-order-and-phase,follower_opponent_currently_winning|phase_early|role_setter|seat_pos_1|sequence_follow|setter_pounce_sequence_window,,proxy-only:public-role-and-action-local-labels,,unavailable:not-present-in-retained-action-tables,,unavailable:not-present-in-retained-action-tables,available:actual-action-indicator-without-policy-probability,,unavailable:not-present-in-retained-action-tables,,unavailable:not-present-in-retained-action-tables,,,,unavailable:no-cross-decision-plan-state-or-intervention,proxy-only:fixed-threshold-and-tail-rankings-without-transform-consumer-or-context,,fixed-bid30:declaration-and-risk-proxies-only; no auction choices/history,,unavailable:not-present-in-retained-action-tables,,,unavailable:not-present-in-retained-action-tables,,,hidden_proxy_early_high_uncertainty|hidden_proxy_opponent_controls_trick,follower_opponent_currently_winning|hidden_proxy_early_high_uncertainty|hidden_proxy_opponent_controls_trick|phase_early|role_setter|seat_pos_1|sequence_follow|setter_pounce_sequence_window,follower_opponent_currently_winning|phase_early|role_setter|seat_pos_1|sequence_follow|setter_pounce_sequence_window,defensive_pounce_window|phase_early_trick_0_1|position_follow|role_defender|role_left_setter|role_setter|seat_second_follow,,oracle/distribution columns are offline labels; role/order and proxy labels are public/action-local; eval_only_labels are never asserted as runtime features
w42.partnership_failure_atlas.v2,7d0a903715d8110fb8b0939a,corpus_v2_train_60-69_d0-9.pt:39:4,3-1,corpus_v2_train_60-69_d0-9.pt,63,39,4,no-trump,30,0,bidder,bidder,offense,1,0,lead,early,0,false,false,,0,false,true,false,false,-2.088355779647827,23.51198935508728,0.3449999988079071,0.3799999952316284,18,available:derived-from-role-and-bid-using-retained-w42-semantics,P(Q>=threshold_q); threshold_q is role-and-bid-dependent,-18,P(Q<=-18),false,false,0.2199999988079071,6,0,6,1,1,0,ch03_bidder_lead_off_suit|ch03_bidder_lead_plan|phase_early|role_bidder|seat_pos_0|sequence_lead,false,false,true,ch03_bidder_lead_off_suit|ch03_bidder_lead_plan|phase_early|role_bidder|seat_pos_0|sequence_lead,available:phase4-positive-and-negative-detector-sets,false,proxy-only:is-best-threshold-not-actual-gus-output,,unavailable:no-positional-cross-corpus-match,6,-6.17039680481,21.4236335754,27.5940303802,19.9810754061,1,5-5,0.0,true,,unavailable:policy-not-fingerprinted-in-retained-action-tables,,unjoinable:no-shared-champion-action-state-fingerprint,available:exact-action-key,available:exact-action-key,available:exact-action-key,available:exact-action-key,available:exact-action-key,partial:q-outcome-summaries-without-worlds-weights-or-calibration,,unavailable:not-present-in-retained-action-tables,,unavailable:not-retained-with-compatible-action-rows,,unavailable:not-retained-with-compatible-action-rows,,unavailable:not-retained-with-compatible-action-rows,,unavailable:not-retained-with-compatible-action-rows,,unavailable:not-retained-with-compatible-action-rows,,,,unjoinable:gus-corpus-state-namespace,available:public-role-seat-order-and-phase,phase_early|role_bidder|seat_pos_0|sequence_lead,,proxy-only:public-role-and-action-local-labels,,unavailable:not-present-in-retained-action-tables,,unavailable:not-present-in-retained-action-tables,available:actual-action-indicator-without-policy-probability,,unavailable:not-present-in-retained-action-tables,,unavailable:not-present-in-retained-action-tables,bidder_lead_plan|ch03_bidder_lead_plan,,,unavailable:no-cross-decision-plan-state-or-intervention,proxy-only:fixed-threshold-and-tail-rankings-without-transform-consumer-or-context,,fixed-bid30:declaration-and-risk-proxies-only; no auction choices/history,,unavailable:not-present-in-retained-action-tables,,,unavailable:not-present-in-retained-action-tables,dnt_regime_no_trump,,hidden_proxy_early_high_uncertainty,bidder_lead_noncount|bidder_lead_off_suit|bidder_lead_plan|dnt_regime_no_trump|hidden_proxy_early_high_uncertainty|phase_early|role_bidder|seat_pos_0|sequence_lead,bidder_lead_noncount|bidder_lead_off_suit|bidder_lead_plan|phase_early|role_bidder|seat_pos_0|sequence_lead,phase_early_trick_0_1|position_lead|role_bidder|seat_first_lead,,oracle/distribution columns are offline labels; role/order and proxy labels are public/action-local; eval_only_labels are never asserted as runtime features
w42.partnership_failure_atlas.v2,7f08fe0ac0b246bec6d068bd,corpus_v2_train_20-29_d0-9.pt:48:6,4-4,corpus_v2_train_20-29_d0-9.pt,24,48,6,doubles-suit,30,2,bidder_partner,partner,offense,1,2,third,early,0,true,true,offense,10,false,false,false,false,21.229448318481445,1.8297500610351562,0.6050000190734863,0.009999999776482582,18,available:derived-from-role-and-bid-using-retained-w42-semantics,P(Q>=threshold_q); threshold_q is role-and-bid-dependent,-18,P(Q<=-18),false,true,0.019999980926513672,6,5,1,0,5,0,ch04_low_trump_trap_noncount_alternative|ch04_partner_noncount_before_closure_alternative|ch04_partner_support_regime|phase_early|role_partner|seat_pos_2|sequence_follow,false,false,true,ch04_low_trump_trap_noncount_alternative|ch04_partner_noncount_before_closure_alternative|ch04_partner_support_regime|phase_early|role_partner|seat_pos_2|sequence_follow,available:phase4-positive-and-negative-detector-sets,false,proxy-only:is-best-threshold-not-actual-gus-output,,unavailable:no-positional-cross-corpus-match,6,0.528227865696,23.0591983795,22.5309705138,1.47659873962,1,3-1,0.0,true,,unavailable:policy-not-fingerprinted-in-retained-action-tables,,unjoinable:no-shared-champion-action-state-fingerprint,available:exact-action-key,available:exact-action-key,available:exact-action-key,available:exact-action-key,available:exact-action-key,partial:q-outcome-summaries-without-worlds-weights-or-calibration,,unavailable:not-present-in-retained-action-tables,,unavailable:not-retained-with-compatible-action-rows,,unavailable:not-retained-with-compatible-action-rows,,unavailable:not-retained-with-compatible-action-rows,,unavailable:not-retained-with-compatible-action-rows,,unavailable:not-retained-with-compatible-action-rows,,,,unjoinable:gus-corpus-state-namespace,available:public-role-seat-order-and-phase,follower_partner_or_self_currently_winning|phase_early|role_partner|seat_pos_2|sequence_follow,ch04_partner_noncount_before_closure_alternative|ch04_partner_support_regime|follower_partner_or_self_currently_winning|partner_support_sequence_context,proxy-only:public-role-and-action-local-labels,,unavailable:not-present-in-retained-action-tables,,unavailable:not-present-in-retained-action-tables,available:actual-action-indicator-without-policy-probability,,unavailable:not-present-in-retained-action-tables,,unavailable:not-present-in-retained-action-tables,,,,unavailable:no-cross-decision-plan-state-or-intervention,proxy-only:fixed-threshold-and-tail-rankings-without-transform-consumer-or-context,,fixed-bid30:declaration-and-risk-proxies-only; no auction choices/history,,unavailable:not-present-in-retained-action-tables,,,unavailable:not-present-in-retained-action-tables,dnt_dt_candidate_double|dnt_regime_doubles-suit,,hidden_proxy_early_high_uncertainty|hidden_proxy_our_side_controls_trick,dnt_dt_candidate_double|dnt_regime_doubles-suit|follower_partner_or_self_currently_winning|hidden_proxy_early_high_uncertainty|hidden_proxy_our_side_controls_trick|partner_support_sequence_context|phase_early|role_partner|seat_pos_2|sequence_follow,follower_partner_or_self_currently_winning|partner_support_sequence_context|phase_early|role_partner|seat_pos_2|sequence_follow,partner_support_context|phase_early_trick_0_1|position_follow|role_partner|seat_third_follow,,oracle/distribution columns are offline labels; role/order and proxy labels are public/action-local; eval_only_labels are never asserted as runtime features
w42.partnership_failure_atlas.v2,7f79d0cd48ceb68c6c2b93e4,corpus_v2_train_50-59_d0-9.pt:37:5,4-1,corpus_v2_train_50-59_d0-9.pt,53,37,5,doubles,30,2,bidder_partner,partner,offense,1,1,second,early,5,false,false,defense,0,false,false,false,false,26.381013870239258,6.15406608581543,0.7099999785423279,0.0,18,available:derived-from-role-and-bid-using-retained-w42-semantics,P(Q>=threshold_q); threshold_q is role-and-bid-dependent,-18,P(Q<=-18),false,true,0.17500001192092896,6,2,4,3,2,2,ch04_partner_support_regime|phase_early|role_partner|seat_pos_1|sequence_follow,false,false,false,ch04_partner_support_regime|phase_early|role_partner|seat_pos_1|sequence_follow,available:phase4-positive-and-negative-detector-sets,false,proxy-only:is-best-threshold-not-actual-gus-output,,unavailable:no-positional-cross-corpus-match,6,18.9130802155,32.5350799561,13.6219997406,0.756765365601,1,2-2,0.0,true,,unavailable:policy-not-fingerprinted-in-retained-action-tables,,unjoinable:no-shared-champion-action-state-fingerprint,available:exact-action-key,available:exact-action-key,available:exact-action-key,available:exact-action-key,available:exact-action-key,partial:q-outcome-summaries-without-worlds-weights-or-calibration,,unavailable:not-present-in-retained-action-tables,,unavailable:not-retained-with-compatible-action-rows,,unavailable:not-retained-with-compatible-action-rows,,unavailable:not-retained-with-compatible-action-rows,,unavailable:not-retained-with-compatible-action-rows,,unavailable:not-retained-with-compatible-action-rows,,,,unjoinable:gus-corpus-state-namespace,available:public-role-seat-order-and-phase,follower_count_into_opponent_control|follower_opponent_currently_winning|phase_early|role_partner|seat_pos_1|sequence_follow,ch04_partner_support_regime|partner_count_into_defense_control|partner_support_sequence_context,proxy-only:public-role-and-action-local-labels,,unavailable:not-present-in-retained-action-tables,,unavailable:not-present-in-retained-action-tables,available:actual-action-indicator-without-policy-probability,,unavailable:not-present-in-retained-action-tables,,unavailable:not-present-in-retained-action-tables,,,,unavailable:no-cross-decision-plan-state-or-intervention,proxy-only:fixed-threshold-and-tail-rankings-without-transform-consumer-or-context,,fixed-bid30:declaration-and-risk-proxies-only; no auction choices/history,,unavailable:not-present-in-retained-action-tables,,,unavailable:not-present-in-retained-action-tables,dnt_regime_doubles,,hidden_proxy_count_pressure|hidden_proxy_early_high_uncertainty|hidden_proxy_opponent_controls_trick,dnt_regime_doubles|follower_count_into_opponent_control|follower_opponent_currently_winning|hidden_proxy_count_pressure|hidden_proxy_early_high_uncertainty|hidden_proxy_opponent_controls_trick|partner_count_into_defense_control|partner_support_sequence_context|phase_early|role_partner|seat_pos_1|sequence_follow,follower_count_into_opponent_control|follower_opponent_currently_winning|partner_count_into_defense_control|partner_support_sequence_context|phase_early|role_partner|seat_pos_1|sequence_follow,partner_support_context|partner_unsupported_count_into_defense|phase_early_trick_0_1|position_follow|role_partner|seat_second_follow,,oracle/distribution columns are offline labels; role/order and proxy labels are public/action-local; eval_only_labels are never asserted as runtime features
w42.partnership_failure_atlas.v2,7fee23a4f9de57a89ae3b629,corpus_v2_train_30-39_d0-9.pt:10:14,4-4,corpus_v2_train_30-39_d0-9.pt,31,10,14,blanks,30,1,left_setter,setter,defense,3,2,third,middle,0,false,true,defense,0,false,false,false,false,12.939336776733398,14.439153671264648,0.9599999785423279,0.03999999910593033,-17,available:derived-from-role-and-bid-using-retained-w42-semantics,P(Q>=threshold_q); threshold_q is role-and-bid-dependent,-18,P(Q<=-18),false,false,0.04000002145767212,4,0,4,1,2,0,ch05_noncount_before_certainty_alternative|ch05_setter_pressure_regime|phase_middle|role_setter|seat_pos_2|sequence_follow,false,false,true,ch05_noncount_before_certainty_alternative|ch05_setter_pressure_regime|phase_middle|role_setter|seat_pos_2|sequence_follow,available:phase4-positive-and-negative-detector-sets,false,proxy-only:is-best-threshold-not-actual-gus-output,,unavailable:no-positional-cross-corpus-match,4,11.1943416595,27.378490448,16.1841487885,4.21778297424,1,4-1,0.0,true,,unavailable:policy-not-fingerprinted-in-retained-action-tables,,unjoinable:no-shared-champion-action-state-fingerprint,available:exact-action-key,available:exact-action-key,available:exact-action-key,available:exact-action-key,available:exact-action-key,partial:q-outcome-summaries-without-worlds-weights-or-calibration,,unavailable:not-present-in-retained-action-tables,,unavailable:not-retained-with-compatible-action-rows,,unavailable:not-retained-with-compatible-action-rows,,unavailable:not-retained-with-compatible-action-rows,,unavailable:not-retained-with-compatible-action-rows,,unavailable:not-retained-with-compatible-action-rows,,,,unjoinable:gus-corpus-state-namespace,available:public-role-seat-order-and-phase,follower_partner_or_self_currently_winning|phase_middle|role_setter|seat_pos_2|sequence_follow,follower_partner_or_self_currently_winning,proxy-only:public-role-and-action-local-labels,,unavailable:not-present-in-retained-action-tables,,unavailable:not-present-in-retained-action-tables,available:actual-action-indicator-without-policy-probability,,unavailable:not-present-in-retained-action-tables,,unavailable:not-present-in-retained-action-tables,,,,unavailable:no-cross-decision-plan-state-or-intervention,proxy-only:fixed-threshold-and-tail-rankings-without-transform-consumer-or-context,,fixed-bid30:declaration-and-risk-proxies-only; no auction choices/history,,unavailable:not-present-in-retained-action-tables,,,unavailable:not-present-in-retained-action-tables,,,hidden_proxy_our_side_controls_trick,follower_partner_or_self_currently_winning|hidden_proxy_our_side_controls_trick|phase_middle|role_setter|seat_pos_2|sequence_follow,follower_partner_or_self_currently_winning|phase_middle|role_setter|seat_pos_2|sequence_follow,phase_middle_trick_2_4|position_follow|role_defender|role_left_setter|role_setter|seat_third_follow,,oracle/distribution columns are offline labels; role/order and proxy labels are public/action-local; eval_only_labels are never asserted as runtime features
w42.partnership_failure_atlas.v2,80ed8152516fa63a54f58b9f,corpus_v2_train_20-29_d0-9.pt:97:27,3-2,corpus_v2_train_20-29_d0-9.pt,29,97,27,doubles,30,0,bidder,bidder,offense,6,3,last,late,5,false,false,defense,5,false,false,true,true,-16.9168701171875,0.0,0.0,0.0,18,available:derived-from-role-and-bid-using-retained-w42-semantics,P(Q>=threshold_q); threshold_q is role-and-bid-dependent,-18,P(Q<=-18),true,true,0.0,1,0,1,1,0,0,phase_late|role_bidder|seat_pos_3|sequence_closure,true,false,false,phase_late|role_bidder|seat_pos_3|sequence_closure,available:phase4-positive-and-negative-detector-sets,true,proxy-only:is-best-threshold-not-actual-gus-output,,unavailable:no-positional-cross-corpus-match,1,-16.9168701172,-16.9168701172,0,0,1,3-2,0.0,true,,unavailable:policy-not-fingerprinted-in-retained-action-tables,,unjoinable:no-shared-champion-action-state-fingerprint,available:exact-action-key,available:exact-action-key,available:exact-action-key,available:exact-action-key,available:exact-action-key,partial:q-outcome-summaries-without-worlds-weights-or-calibration,,unavailable:not-present-in-retained-action-tables,,unavailable:not-retained-with-compatible-action-rows,,unavailable:not-retained-with-compatible-action-rows,,unavailable:not-retained-with-compatible-action-rows,,unavailable:not-retained-with-compatible-action-rows,,unavailable:not-retained-with-compatible-action-rows,,,,unjoinable:gus-corpus-state-namespace,available:public-role-seat-order-and-phase,closure_decline_trick|closure_sequence_decision|closure_slough_count|follower_count_into_opponent_control|follower_opponent_currently_winning|phase_late|role_bidder|seat_pos_3|sequence_last_to_act,,proxy-only:public-role-and-action-local-labels,,unavailable:not-present-in-retained-action-tables,,unavailable:not-present-in-retained-action-tables,available:actual-action-indicator-without-policy-probability,,unavailable:not-present-in-retained-action-tables,,unavailable:not-present-in-retained-action-tables,,,,unavailable:no-cross-decision-plan-state-or-intervention,proxy-only:fixed-threshold-and-tail-rankings-without-transform-consumer-or-context,,fixed-bid30:declaration-and-risk-proxies-only; no auction choices/history,,unavailable:not-present-in-retained-action-tables,,,unavailable:not-present-in-retained-action-tables,dnt_regime_doubles,,hidden_proxy_closure_information|hidden_proxy_count_pressure|hidden_proxy_late_information_rich|hidden_proxy_opponent_controls_trick,closure_decline_trick|closure_sequence_decision|closure_slough_count|dnt_regime_doubles|follower_count_into_opponent_control|follower_opponent_currently_winning|hidden_proxy_closure_information|hidden_proxy_count_pressure|hidden_proxy_late_information_rich|hidden_proxy_opponent_controls_trick|phase_late|role_bidder|seat_pos_3|sequence_last_to_act,closure_decline_trick|closure_sequence_decision|closure_slough_count|follower_count_into_opponent_control|follower_opponent_currently_winning|phase_late|role_bidder|seat_pos_3|sequence_last_to_act,closure_decision|closure_decline_or_slough|closure_slough_count|phase_late_trick_5_6|position_follow|position_last_to_act|role_bidder|seat_fourth_closure,,oracle/distribution columns are offline labels; role/order and proxy labels are public/action-local; eval_only_labels are never asserted as runtime features
w42.partnership_failure_atlas.v2,81c5271decb065389d70db05,corpus_v2_train_40-49_d0-9.pt:77:7,6-5,corpus_v2_train_40-49_d0-9.pt,47,77,7,doubles,30,0,bidder,bidder,offense,1,3,last,early,0,false,false,defense,0,true,true,true,true,-17.6361141204834,0.0,0.0,0.5249999761581421,18,available:derived-from-role-and-bid-using-retained-w42-semantics,P(Q>=threshold_q); threshold_q is role-and-bid-dependent,-18,P(Q<=-18),true,true,0.0,1,0,1,0,0,1,phase_early|role_bidder|seat_pos_3|sequence_closure,true,false,false,phase_early|role_bidder|seat_pos_3|sequence_closure,available:phase4-positive-and-negative-detector-sets,true,proxy-only:is-best-threshold-not-actual-gus-output,,unavailable:no-positional-cross-corpus-match,1,-17.6361141205,-17.6361141205,0,0,1,6-5,0.0,true,,unavailable:policy-not-fingerprinted-in-retained-action-tables,,unjoinable:no-shared-champion-action-state-fingerprint,available:exact-action-key,available:exact-action-key,available:exact-action-key,available:exact-action-key,available:exact-action-key,partial:q-outcome-summaries-without-worlds-weights-or-calibration,,unavailable:not-present-in-retained-action-tables,,unavailable:not-retained-with-compatible-action-rows,,unavailable:not-retained-with-compatible-action-rows,,unavailable:not-retained-with-compatible-action-rows,,unavailable:not-retained-with-compatible-action-rows,,unavailable:not-retained-with-compatible-action-rows,,,,unjoinable:gus-corpus-state-namespace,available:public-role-seat-order-and-phase,closure_sequence_decision|closure_take_trick|follower_can_beat_opponent|follower_opponent_currently_winning|follower_take_control_from_opponent|phase_early|role_bidder|seat_pos_3|sequence_last_to_act,,proxy-only:public-role-and-action-local-labels,,unavailable:not-present-in-retained-action-tables,,unavailable:not-present-in-retained-action-tables,available:actual-action-indicator-without-policy-probability,,unavailable:not-present-in-retained-action-tables,,unavailable:not-present-in-retained-action-tables,,,,unavailable:no-cross-decision-plan-state-or-intervention,proxy-only:fixed-threshold-and-tail-rankings-without-transform-consumer-or-context,,fixed-bid30:declaration-and-risk-proxies-only; no auction choices/history,,unavailable:not-present-in-retained-action-tables,,,unavailable:not-present-in-retained-action-tables,dnt_dt_dual_suit_65|dnt_regime_doubles,,hidden_proxy_closure_information|hidden_proxy_control_shift_available|hidden_proxy_early_high_uncertainty|hidden_proxy_opponent_controls_trick,closure_sequence_decision|closure_take_trick|dnt_dt_dual_suit_65|dnt_regime_doubles|follower_can_beat_opponent|follower_opponent_currently_winning|follower_take_control_from_opponent|hidden_proxy_closure_information|hidden_proxy_control_shift_available|hidden_proxy_early_high_uncertainty|hidden_proxy_opponent_controls_trick|phase_early|role_bidder|seat_pos_3|sequence_last_to_act,closure_sequence_decision|closure_take_trick|follower_can_beat_opponent|follower_opponent_currently_winning|follower_take_control_from_opponent|phase_early|role_bidder|seat_pos_3|sequence_last_to_act,closure_decision|closure_take_trick|phase_early_trick_0_1|position_follow|position_last_to_act|role_bidder|seat_fourth_closure,,oracle/distribution columns are offline labels; role/order and proxy labels are public/action-local; eval_only_labels are never asserted as runtime features
w42.partnership_failure_atlas.v2,822ecfb9d3a4e5ff3a5695cb,corpus_v2_train_20-29_d0-9.pt:15:6,6-4,corpus_v2_train_20-29_d0-9.pt,21,15,6,fives,30,1,left_setter,setter,defense,1,2,third,early,10,false,false,defense,0,false,false,true,true,16.8847713470459,0.0,1.0,0.0,-17,available:derived-from-role-and-bid-using-retained-w42-semantics,P(Q>=threshold_q); threshold_q is role-and-bid-dependent,-18,P(Q<=-18),true,true,0.0,6,0,6,1,2,0,ch05_count_before_certainty_to_partner_pounce|ch05_setter_pressure_regime|phase_early|role_setter|seat_pos_2|sequence_follow,true,true,false,ch05_count_before_certainty_to_partner_pounce|ch05_setter_pressure_regime|phase_early|role_setter|seat_pos_2|sequence_follow,available:phase4-positive-and-negative-detector-sets,true,proxy-only:is-best-threshold-not-actual-gus-output,,unavailable:no-positional-cross-corpus-match,6,9.54867267609,16.884771347,7.33609867096,4.81606006622,1,6-4,0.0,true,,unavailable:policy-not-fingerprinted-in-retained-action-tables,,unjoinable:no-shared-champion-action-state-fingerprint,available:exact-action-key,available:exact-action-key,available:exact-action-key,available:exact-action-key,available:exact-action-key,partial:q-outcome-summaries-without-worlds-weights-or-calibration,,unavailable:not-present-in-retained-action-tables,,unavailable:not-retained-with-compatible-action-rows,,unavailable:not-retained-with-compatible-action-rows,,unavailable:not-retained-with-compatible-action-rows,,unavailable:not-retained-with-compatible-action-rows,,unavailable:not-retained-with-compatible-action-rows,,,,unjoinable:gus-corpus-state-namespace,available:public-role-seat-order-and-phase,follower_partner_or_self_currently_winning|follower_safe_count_to_current_control|phase_early|role_setter|seat_pos_2|sequence_follow,follower_partner_or_self_currently_winning,proxy-only:public-role-and-action-local-labels,,unavailable:not-present-in-retained-action-tables,,unavailable:not-present-in-retained-action-tables,available:actual-action-indicator-without-policy-probability,,unavailable:not-present-in-retained-action-tables,,unavailable:not-present-in-retained-action-tables,,,,unavailable:no-cross-decision-plan-state-or-intervention,proxy-only:fixed-threshold-and-tail-rankings-without-transform-consumer-or-context,bidrisk_join_available|bidrisk_max_profitable_no_profitable_bid|bidrisk_off_count_4|bidrisk_pmake30_low|bidrisk_static_risk_le_12|bidrisk_trump_count_1|bidrisk_wilson_safe_no_profitable_bid,fixed-bid30:declaration-and-risk-proxies-only; no auction choices/history,,unavailable:not-present-in-retained-action-tables,,,unavailable:not-present-in-retained-action-tables,,,hidden_proxy_count_pressure|hidden_proxy_early_high_uncertainty|hidden_proxy_our_side_controls_trick,bidrisk_join_available|bidrisk_max_profitable_no_profitable_bid|bidrisk_off_count_4|bidrisk_pmake30_low|bidrisk_static_risk_le_12|bidrisk_trump_count_1|bidrisk_wilson_safe_no_profitable_bid|follower_partner_or_self_currently_winning|follower_safe_count_to_current_control|hidden_proxy_count_pressure|hidden_proxy_early_high_uncertainty|hidden_proxy_our_side_controls_trick|phase_early|role_setter|seat_pos_2|sequence_follow,follower_partner_or_self_currently_winning|follower_safe_count_to_current_control|phase_early|role_setter|seat_pos_2|sequence_follow,phase_early_trick_0_1|position_follow|role_defender|role_left_setter|role_setter|seat_third_follow,,oracle/distribution columns are offline labels; role/order and proxy labels are public/action-local; eval_only_labels are never asserted as runtime features
w42.partnership_failure_atlas.v2,82f5deb4aedda034efaefd60,corpus_v2_train_70-79_d0-9.pt:10:5,6-4,corpus_v2_train_70-79_d0-9.pt,71,10,5,blanks,30,1,left_setter,setter,defense,1,1,second,early,10,false,false,offense,0,true,true,false,false,-7.834630012512207,5.460440158843994,0.5950000286102295,0.4000000059604645,-17,available:derived-from-role-and-bid-using-retained-w42-semantics,P(Q>=threshold_q); threshold_q is role-and-bid-dependent,-18,P(Q<=-18),false,false,0.0899999737739563,3,0,3,1,1,3,ch05_hold_trump_no_count_proxy|ch05_pounce_take_count_now|ch05_reckless_count_to_bidder_control|ch05_setter_pressure_regime|phase_early|role_setter|seat_pos_1|sequence_follow,false,true,true,ch05_hold_trump_no_count_proxy|ch05_pounce_take_count_now|ch05_reckless_count_to_bidder_control|ch05_setter_pressure_regime|phase_early|role_setter|seat_pos_1|sequence_follow,available:phase4-positive-and-negative-detector-sets,false,proxy-only:is-best-threshold-not-actual-gus-output,,unavailable:no-positional-cross-corpus-match,3,-7.83463001251,-2.37418985367,5.46044015884,3.3113694191,1,6-6,0.0,true,,unavailable:policy-not-fingerprinted-in-retained-action-tables,,unjoinable:no-shared-champion-action-state-fingerprint,available:exact-action-key,available:exact-action-key,available:exact-action-key,available:exact-action-key,available:exact-action-key,partial:q-outcome-summaries-without-worlds-weights-or-calibration,,unavailable:not-present-in-retained-action-tables,,unavailable:not-retained-with-compatible-action-rows,,unavailable:not-retained-with-compatible-action-rows,,unavailable:not-retained-with-compatible-action-rows,,unavailable:not-retained-with-compatible-action-rows,,unavailable:not-retained-with-compatible-action-rows,,,,unjoinable:gus-corpus-state-namespace,available:public-role-seat-order-and-phase,follower_can_beat_opponent|follower_opponent_currently_winning|follower_take_control_from_opponent|phase_early|role_setter|seat_pos_1|sequence_follow|setter_pounce_before_last_seat|setter_pounce_count|setter_pounce_sequence_window,,proxy-only:public-role-and-action-local-labels,,unavailable:not-present-in-retained-action-tables,,unavailable:not-present-in-retained-action-tables,available:actual-action-indicator-without-policy-probability,,unavailable:not-present-in-retained-action-tables,,unavailable:not-present-in-retained-action-tables,,,,unavailable:no-cross-decision-plan-state-or-intervention,proxy-only:fixed-threshold-and-tail-rankings-without-transform-consumer-or-context,,fixed-bid30:declaration-and-risk-proxies-only; no auction choices/history,,unavailable:not-present-in-retained-action-tables,,,unavailable:not-present-in-retained-action-tables,,,hidden_proxy_control_shift_available|hidden_proxy_count_pressure|hidden_proxy_early_high_uncertainty|hidden_proxy_opponent_controls_trick,ch05_setter_pounce_count|ch05_setter_pounce_count_before_certainty|follower_can_beat_opponent|follower_opponent_currently_winning|follower_take_control_from_opponent|hidden_proxy_control_shift_available|hidden_proxy_count_pressure|hidden_proxy_early_high_uncertainty|hidden_proxy_opponent_controls_trick|phase_early|role_setter|seat_pos_1|sequence_follow|setter_pounce_before_last_seat|setter_pounce_count|setter_pounce_sequence_window,ch05_setter_pounce_count|ch05_setter_pounce_count_before_certainty|follower_can_beat_opponent|follower_opponent_currently_winning|follower_take_control_from_opponent|phase_early|role_setter|seat_pos_1|sequence_follow|setter_pounce_before_last_seat|setter_pounce_count|setter_pounce_sequence_window,ch05_setter_pounce_count|ch05_setter_pounce_count_before_certainty|defensive_pounce_before_certainty|defensive_pounce_count|defensive_pounce_window|phase_early_trick_0_1|position_follow|role_defender|role_left_setter|role_setter|seat_second_follow,,oracle/distribution columns are offline labels; role/order and proxy labels are public/action-local; eval_only_labels are never asserted as runtime features
w42.partnership_failure_atlas.v2,8614438859904d77e15dae64,corpus_v2_train_40-49_d0-9.pt:38:6,2-0,corpus_v2_train_40-49_d0-9.pt,43,38,6,doubles-suit,30,2,bidder_partner,partner,offense,1,2,third,early,0,false,false,offense,10,false,false,false,false,35.04816436767578,3.025798797607422,0.9900000095367432,0.0,18,available:derived-from-role-and-bid-using-retained-w42-semantics,P(Q>=threshold_q); threshold_q is role-and-bid-dependent,-18,P(Q<=-18),false,true,0.009999990463256836,6,0,6,2,0,0,ch04_partner_noncount_before_closure_alternative|ch04_partner_support_regime|phase_early|role_partner|seat_pos_2|sequence_follow,false,false,true,ch04_partner_noncount_before_closure_alternative|ch04_partner_support_regime|phase_early|role_partner|seat_pos_2|sequence_follow,available:phase4-positive-and-negative-detector-sets,false,proxy-only:is-best-threshold-not-actual-gus-output,,unavailable:no-positional-cross-corpus-match,6,29.5283699036,38.0739631653,8.54559326172,2.78833389282,1,5-0,0.0,true,,unavailable:policy-not-fingerprinted-in-retained-action-tables,,unjoinable:no-shared-champion-action-state-fingerprint,available:exact-action-key,available:exact-action-key,available:exact-action-key,available:exact-action-key,available:exact-action-key,partial:q-outcome-summaries-without-worlds-weights-or-calibration,,unavailable:not-present-in-retained-action-tables,,unavailable:not-retained-with-compatible-action-rows,,unavailable:not-retained-with-compatible-action-rows,,unavailable:not-retained-with-compatible-action-rows,,unavailable:not-retained-with-compatible-action-rows,,unavailable:not-retained-with-compatible-action-rows,,,,unjoinable:gus-corpus-state-namespace,available:public-role-seat-order-and-phase,follower_partner_or_self_currently_winning|phase_early|role_partner|seat_pos_2|sequence_follow,ch04_partner_noncount_before_closure_alternative|ch04_partner_support_regime|follower_partner_or_self_currently_winning|partner_support_sequence_context,proxy-only:public-role-and-action-local-labels,,unavailable:not-present-in-retained-action-tables,,unavailable:not-present-in-retained-action-tables,available:actual-action-indicator-without-policy-probability,,unavailable:not-present-in-retained-action-tables,,unavailable:not-present-in-retained-action-tables,,,,unavailable:no-cross-decision-plan-state-or-intervention,proxy-only:fixed-threshold-and-tail-rankings-without-transform-consumer-or-context,,fixed-bid30:declaration-and-risk-proxies-only; no auction choices/history,,unavailable:not-present-in-retained-action-tables,,,unavailable:not-present-in-retained-action-tables,dnt_regime_doubles-suit,,hidden_proxy_early_high_uncertainty|hidden_proxy_our_side_controls_trick,dnt_regime_doubles-suit|follower_partner_or_self_currently_winning|hidden_proxy_early_high_uncertainty|hidden_proxy_our_side_controls_trick|partner_support_sequence_context|phase_early|role_partner|seat_pos_2|sequence_follow,follower_partner_or_self_currently_winning|partner_support_sequence_context|phase_early|role_partner|seat_pos_2|sequence_follow,partner_support_context|phase_early_trick_0_1|position_follow|role_partner|seat_third_follow,,oracle/distribution columns are offline labels; role/order and proxy labels are public/action-local; eval_only_labels are never asserted as runtime features
w42.partnership_failure_atlas.v2,8629fc3d57b0f42a39974e2d,corpus_v2_train_30-39_d0-9.pt:0:4,1-0,corpus_v2_train_30-39_d0-9.pt,30,0,4,blanks,30,2,bidder_partner,partner,offense,1,0,lead,early,0,true,false,,0,false,true,true,false,-20.23273277282715,1.12237548828125,0.0949999988079071,0.5899999737739563,18,available:derived-from-role-and-bid-using-retained-w42-semantics,P(Q>=threshold_q); threshold_q is role-and-bid-dependent,-18,P(Q<=-18),true,false,0.0,6,2,4,1,0,0,ch04_partner_disruptive_trump_lead_proxy|ch04_partner_lead_noncount_low_liability|ch04_partner_support_regime|phase_early|role_partner|seat_pos_0|sequence_lead,false,false,true,ch04_partner_disruptive_trump_lead_proxy|ch04_partner_lead_noncount_low_liability|ch04_partner_support_regime|phase_early|role_partner|seat_pos_0|sequence_lead,available:phase4-positive-and-negative-detector-sets,true,proxy-only:is-best-threshold-not-actual-gus-output,,unavailable:no-positional-cross-corpus-match,6,-22.5760173798,-19.1103572845,3.46566009521,1.12237548828,1,1-0,1.12237548828125,false,,unavailable:policy-not-fingerprinted-in-retained-action-tables,,unjoinable:no-shared-champion-action-state-fingerprint,available:exact-action-key,available:exact-action-key,available:exact-action-key,available:exact-action-key,available:exact-action-key,partial:q-outcome-summaries-without-worlds-weights-or-calibration,,unavailable:not-present-in-retained-action-tables,,unavailable:not-retained-with-compatible-action-rows,,unavailable:not-retained-with-compatible-action-rows,,unavailable:not-retained-with-compatible-action-rows,,unavailable:not-retained-with-compatible-action-rows,,unavailable:not-retained-with-compatible-action-rows,,,,unjoinable:gus-corpus-state-namespace,available:public-role-seat-order-and-phase,phase_early|role_partner|seat_pos_0|sequence_lead,ch04_partner_disruptive_trump_lead_proxy|ch04_partner_lead_noncount_low_liability|ch04_partner_support_regime|partner_support_sequence_context,proxy-only:public-role-and-action-local-labels,,unavailable:not-present-in-retained-action-tables,,unavailable:not-present-in-retained-action-tables,available:actual-action-indicator-without-policy-probability,,unavailable:not-present-in-retained-action-tables,,unavailable:not-present-in-retained-action-tables,,,,unavailable:no-cross-decision-plan-state-or-intervention,proxy-only:fixed-threshold-and-tail-rankings-without-transform-consumer-or-context,,fixed-bid30:declaration-and-risk-proxies-only; no auction choices/history,,unavailable:not-present-in-retained-action-tables,,,unavailable:not-present-in-retained-action-tables,,,hidden_proxy_early_high_uncertainty,hidden_proxy_early_high_uncertainty|partner_support_sequence_context|phase_early|role_partner|seat_pos_0|sequence_lead,partner_support_sequence_context|phase_early|role_partner|seat_pos_0|sequence_lead,partner_support_context|phase_early_trick_0_1|position_lead|role_partner|seat_first_lead,,oracle/distribution columns are offline labels; role/order and proxy labels are public/action-local; eval_only_labels are never asserted as runtime features
w42.partnership_failure_atlas.v2,86bb13a29de20153288d8bdd,corpus_v2_train_90-99_d0-9.pt:99:0,4-1,corpus_v2_train_90-99_d0-9.pt,99,99,0,no-trump,30,0,bidder,bidder,offense,0,0,lead,early,5,false,false,,0,false,true,false,false,-2.748028516769409,19.903582334518433,0.35499998927116394,0.41999998688697815,18,available:derived-from-role-and-bid-using-retained-w42-semantics,P(Q>=threshold_q); threshold_q is role-and-bid-dependent,-18,P(Q<=-18),false,false,0.1599999964237213,7,0,7,3,2,0,ch03_bidder_count_liability_lead|ch03_bidder_lead_off_count|ch03_bidder_lead_off_suit|ch03_bidder_lead_plan|phase_early|role_bidder|seat_pos_0|sequence_lead,false,false,true,ch03_bidder_count_liability_lead|ch03_bidder_lead_off_count|ch03_bidder_lead_off_suit|ch03_bidder_lead_plan|phase_early|role_bidder|seat_pos_0|sequence_lead,available:phase4-positive-and-negative-detector-sets,false,proxy-only:is-best-threshold-not-actual-gus-output,,unavailable:no-positional-cross-corpus-match,7,-6.23422622681,17.1555538177,23.3897800446,0.354982376099,1,0-0,0.0,true,,unavailable:policy-not-fingerprinted-in-retained-action-tables,,unjoinable:no-shared-champion-action-state-fingerprint,available:exact-action-key,available:exact-action-key,available:exact-action-key,available:exact-action-key,available:exact-action-key,partial:q-outcome-summaries-without-worlds-weights-or-calibration,,unavailable:not-present-in-retained-action-tables,,unavailable:not-retained-with-compatible-action-rows,,unavailable:not-retained-with-compatible-action-rows,,unavailable:not-retained-with-compatible-action-rows,,unavailable:not-retained-with-compatible-action-rows,,unavailable:not-retained-with-compatible-action-rows,,,,unjoinable:gus-corpus-state-namespace,available:public-role-seat-order-and-phase,phase_early|role_bidder|seat_pos_0|sequence_lead,,proxy-only:public-role-and-action-local-labels,,unavailable:not-present-in-retained-action-tables,,unavailable:not-present-in-retained-action-tables,available:actual-action-indicator-without-policy-probability,,unavailable:not-present-in-retained-action-tables,,unavailable:not-present-in-retained-action-tables,bidder_lead_plan|ch03_bidder_lead_plan,,,unavailable:no-cross-decision-plan-state-or-intervention,proxy-only:fixed-threshold-and-tail-rankings-without-transform-consumer-or-context,,fixed-bid30:declaration-and-risk-proxies-only; no auction choices/history,,unavailable:not-present-in-retained-action-tables,,,unavailable:not-present-in-retained-action-tables,dnt_nt_count_candidate|dnt_nt_count_capture|dnt_regime_no_trump,,hidden_proxy_count_pressure|hidden_proxy_early_high_uncertainty,bidder_lead_count|bidder_lead_off_count|bidder_lead_off_suit|bidder_lead_plan|dnt_nt_count_candidate|dnt_nt_count_capture|dnt_regime_no_trump|hidden_proxy_count_pressure|hidden_proxy_early_high_uncertainty|phase_early|role_bidder|seat_pos_0|sequence_lead,bidder_lead_count|bidder_lead_off_count|bidder_lead_off_suit|bidder_lead_plan|phase_early|role_bidder|seat_pos_0|sequence_lead,phase_early_trick_0_1|position_lead|role_bidder|seat_first_lead,,oracle/distribution columns are offline labels; role/order and proxy labels are public/action-local; eval_only_labels are never asserted as runtime features
w42.partnership_failure_atlas.v2,8931be45947d67c659491570,corpus_v2_train_20-29_d0-9.pt:19:10,6-0,corpus_v2_train_20-29_d0-9.pt,21,19,10,no-trump,30,2,bidder_partner,partner,offense,2,2,third,middle,0,false,false,offense,0,false,false,false,false,-3.9563968181610107,4.357290416955948,0.16500000655651093,0.3400000035762787,18,available:derived-from-role-and-bid-using-retained-w42-semantics,P(Q>=threshold_q); threshold_q is role-and-bid-dependent,-18,P(Q<=-18),false,false,0.07999999821186066,5,0,5,0,1,0,ch04_partner_noncount_before_closure_alternative|ch04_partner_support_regime|phase_middle|role_partner|seat_pos_2|sequence_follow,false,false,true,ch04_partner_noncount_before_closure_alternative|ch04_partner_support_regime|phase_middle|role_partner|seat_pos_2|sequence_follow,available:phase4-positive-and-negative-detector-sets,false,proxy-only:is-best-threshold-not-actual-gus-output,,unavailable:no-positional-cross-corpus-match,5,-8.95199298859,0.400893598795,9.35288658738,0.523500025272,1,5-3,0.0,true,,unavailable:policy-not-fingerprinted-in-retained-action-tables,,unjoinable:no-shared-champion-action-state-fingerprint,available:exact-action-key,available:exact-action-key,available:exact-action-key,available:exact-action-key,available:exact-action-key,partial:q-outcome-summaries-without-worlds-weights-or-calibration,,unavailable:not-present-in-retained-action-tables,,unavailable:not-retained-with-compatible-action-rows,,unavailable:not-retained-with-compatible-action-rows,,unavailable:not-retained-with-compatible-action-rows,,unavailable:not-retained-with-compatible-action-rows,,unavailable:not-retained-with-compatible-action-rows,,,,unjoinable:gus-corpus-state-namespace,available:public-role-seat-order-and-phase,follower_partner_or_self_currently_winning|phase_middle|role_partner|seat_pos_2|sequence_follow,ch04_partner_noncount_before_closure_alternative|ch04_partner_support_regime|follower_partner_or_self_currently_winning|partner_support_sequence_context,proxy-only:public-role-and-action-local-labels,,unavailable:not-present-in-retained-action-tables,,unavailable:not-present-in-retained-action-tables,available:actual-action-indicator-without-policy-probability,,unavailable:not-present-in-retained-action-tables,,unavailable:not-present-in-retained-action-tables,,,,unavailable:no-cross-decision-plan-state-or-intervention,proxy-only:fixed-threshold-and-tail-rankings-without-transform-consumer-or-context,,fixed-bid30:declaration-and-risk-proxies-only; no auction choices/history,,unavailable:not-present-in-retained-action-tables,,,unavailable:not-present-in-retained-action-tables,dnt_regime_no_trump,,hidden_proxy_our_side_controls_trick,dnt_regime_no_trump|follower_partner_or_self_currently_winning|hidden_proxy_our_side_controls_trick|partner_support_sequence_context|phase_middle|role_partner|seat_pos_2|sequence_follow,follower_partner_or_self_currently_winning|partner_support_sequence_context|phase_middle|role_partner|seat_pos_2|sequence_follow,partner_support_context|phase_middle_trick_2_4|position_follow|role_partner|seat_third_follow,,oracle/distribution columns are offline labels; role/order and proxy labels are public/action-local; eval_only_labels are never asserted as runtime features
w42.partnership_failure_atlas.v2,8a0ff0d5a11f460ccb6e02ad,corpus_v2_train_80-89_d0-9.pt:32:6,5-1,corpus_v2_train_80-89_d0-9.pt,83,32,6,twos,30,0,bidder,bidder,offense,1,2,third,early,0,false,false,offense,15,false,false,true,true,1.0670018196105957,0.0,0.2800000011920929,0.2199999988079071,18,available:derived-from-role-and-bid-using-retained-w42-semantics,P(Q>=threshold_q); threshold_q is role-and-bid-dependent,-18,P(Q<=-18),true,true,0.0,2,0,2,0,0,0,phase_early|role_bidder|seat_pos_2|sequence_follow,true,false,false,phase_early|role_bidder|seat_pos_2|sequence_follow,available:phase4-positive-and-negative-detector-sets,true,proxy-only:is-best-threshold-not-actual-gus-output,,unavailable:no-positional-cross-corpus-match,2,0.153367310762,1.06700181961,0.913634508848,0.913634508848,1,5-1,0.0,true,,unavailable:policy-not-fingerprinted-in-retained-action-tables,,unjoinable:no-shared-champion-action-state-fingerprint,available:exact-action-key,available:exact-action-key,available:exact-action-key,available:exact-action-key,available:exact-action-key,partial:q-outcome-summaries-without-worlds-weights-or-calibration,,unavailable:not-present-in-retained-action-tables,,unavailable:not-retained-with-compatible-action-rows,,unavailable:not-retained-with-compatible-action-rows,,unavailable:not-retained-with-compatible-action-rows,,unavailable:not-retained-with-compatible-action-rows,,unavailable:not-retained-with-compatible-action-rows,,,,unjoinable:gus-corpus-state-namespace,available:public-role-seat-order-and-phase,follower_partner_or_self_currently_winning|phase_early|role_bidder|seat_pos_2|sequence_follow,follower_partner_or_self_currently_winning,proxy-only:public-role-and-action-local-labels,,unavailable:not-present-in-retained-action-tables,,unavailable:not-present-in-retained-action-tables,available:actual-action-indicator-without-policy-probability,,unavailable:not-present-in-retained-action-tables,,unavailable:not-present-in-retained-action-tables,,,,unavailable:no-cross-decision-plan-state-or-intervention,proxy-only:fixed-threshold-and-tail-rankings-without-transform-consumer-or-context,,fixed-bid30:declaration-and-risk-proxies-only; no auction choices/history,,unavailable:not-present-in-retained-action-tables,,,unavailable:not-present-in-retained-action-tables,,,hidden_proxy_early_high_uncertainty|hidden_proxy_our_side_controls_trick,follower_partner_or_self_currently_winning|hidden_proxy_early_high_uncertainty|hidden_proxy_our_side_controls_trick|phase_early|role_bidder|seat_pos_2|sequence_follow,follower_partner_or_self_currently_winning|phase_early|role_bidder|seat_pos_2|sequence_follow,phase_early_trick_0_1|position_follow|role_bidder|seat_third_follow,,oracle/distribution columns are offline labels; role/order and proxy labels are public/action-local; eval_only_labels are never asserted as runtime features
w42.partnership_failure_atlas.v2,8ac78a3d005df79e917d1673,corpus_v2_train_70-79_d0-9.pt:0:1,5-0,corpus_v2_train_70-79_d0-9.pt,70,0,1,blanks,30,1,left_setter,setter,defense,0,1,second,early,5,true,false,offense,0,false,false,false,false,-18.931562423706055,11.23856782913208,0.36000001430511475,0.5849999785423279,-17,available:derived-from-role-and-bid-using-retained-w42-semantics,P(Q>=threshold_q); threshold_q is role-and-bid-dependent,-18,P(Q<=-18),false,false,0.38499999046325684,3,3,0,1,0,0,ch05_reckless_count_to_bidder_control|ch05_setter_pressure_regime|phase_early|role_setter|seat_pos_1|sequence_follow,false,true,false,ch05_reckless_count_to_bidder_control|ch05_setter_pressure_regime|phase_early|role_setter|seat_pos_1|sequence_follow,available:phase4-positive-and-negative-detector-sets,false,proxy-only:is-best-threshold-not-actual-gus-output,,unavailable:no-positional-cross-corpus-match,3,-18.9315624237,-7.69299459457,11.2385678291,1.38818311691,1,1-0,0.0,true,,unavailable:policy-not-fingerprinted-in-retained-action-tables,,unjoinable:no-shared-champion-action-state-fingerprint,available:exact-action-key,available:exact-action-key,available:exact-action-key,available:exact-action-key,available:exact-action-key,partial:q-outcome-summaries-without-worlds-weights-or-calibration,,unavailable:not-present-in-retained-action-tables,,unavailable:not-retained-with-compatible-action-rows,,unavailable:not-retained-with-compatible-action-rows,,unavailable:not-retained-with-compatible-action-rows,,unavailable:not-retained-with-compatible-action-rows,,unavailable:not-retained-with-compatible-action-rows,,,,unjoinable:gus-corpus-state-namespace,available:public-role-seat-order-and-phase,follower_count_into_opponent_control|follower_opponent_currently_winning|phase_early|role_setter|seat_pos_1|sequence_follow|setter_pounce_sequence_window|setter_reckless_count_to_bidder,,proxy-only:public-role-and-action-local-labels,,unavailable:not-present-in-retained-action-tables,,unavailable:not-present-in-retained-action-tables,available:actual-action-indicator-without-policy-probability,,unavailable:not-present-in-retained-action-tables,,unavailable:not-present-in-retained-action-tables,,,,unavailable:no-cross-decision-plan-state-or-intervention,proxy-only:fixed-threshold-and-tail-rankings-without-transform-consumer-or-context,,fixed-bid30:declaration-and-risk-proxies-only; no auction choices/history,,unavailable:not-present-in-retained-action-tables,,,unavailable:not-present-in-retained-action-tables,,,hidden_proxy_count_pressure|hidden_proxy_early_high_uncertainty|hidden_proxy_opponent_controls_trick,ch05_reckless_count_to_bidder|follower_count_into_opponent_control|follower_opponent_currently_winning|hidden_proxy_count_pressure|hidden_proxy_early_high_uncertainty|hidden_proxy_opponent_controls_trick|phase_early|role_setter|seat_pos_1|sequence_follow|setter_pounce_sequence_window|setter_reckless_count_to_bidder,ch05_reckless_count_to_bidder|follower_count_into_opponent_control|follower_opponent_currently_winning|phase_early|role_setter|seat_pos_1|sequence_follow|setter_pounce_sequence_window|setter_reckless_count_to_bidder,ch05_reckless_count_to_bidder|defensive_pounce_window|defensive_reckless_count_to_bidder|phase_early_trick_0_1|position_follow|role_defender|role_left_setter|role_setter|seat_second_follow,,oracle/distribution columns are offline labels; role/order and proxy labels are public/action-local; eval_only_labels are never asserted as runtime features
w42.partnership_failure_atlas.v2,8b09384e87f3b12bd5c02099,corpus_v2_train_40-49_d0-9.pt:97:0,6-0,corpus_v2_train_40-49_d0-9.pt,49,97,0,doubles,30,0,bidder,bidder,offense,0,0,lead,early,0,false,false,,0,false,true,false,false,-7.100086212158203,10.752456188201904,0.125,0.33500000834465027,18,available:derived-from-role-and-bid-using-retained-w42-semantics,P(Q>=threshold_q); threshold_q is role-and-bid-dependent,-18,P(Q<=-18),false,false,0.13999998569488525,7,2,5,1,2,0,ch03_bidder_lead_off_suit|ch03_bidder_lead_plan|phase_early|role_bidder|seat_pos_0|sequence_lead,false,false,true,ch03_bidder_lead_off_suit|ch03_bidder_lead_plan|phase_early|role_bidder|seat_pos_0|sequence_lead,available:phase4-positive-and-negative-detector-sets,false,proxy-only:is-best-threshold-not-actual-gus-output,,unavailable:no-positional-cross-corpus-match,7,-7.67139148712,3.65236997604,11.3237614632,4.16712528467,1,6-6,0.0,true,,unavailable:policy-not-fingerprinted-in-retained-action-tables,,unjoinable:no-shared-champion-action-state-fingerprint,available:exact-action-key,available:exact-action-key,available:exact-action-key,available:exact-action-key,available:exact-action-key,partial:q-outcome-summaries-without-worlds-weights-or-calibration,,unavailable:not-present-in-retained-action-tables,,unavailable:not-retained-with-compatible-action-rows,,unavailable:not-retained-with-compatible-action-rows,,unavailable:not-retained-with-compatible-action-rows,,unavailable:not-retained-with-compatible-action-rows,,unavailable:not-retained-with-compatible-action-rows,,,,unjoinable:gus-corpus-state-namespace,available:public-role-seat-order-and-phase,phase_early|role_bidder|seat_pos_0|sequence_lead,,proxy-only:public-role-and-action-local-labels,,unavailable:not-present-in-retained-action-tables,,unavailable:not-present-in-retained-action-tables,available:actual-action-indicator-without-policy-probability,,unavailable:not-present-in-retained-action-tables,,unavailable:not-present-in-retained-action-tables,bidder_lead_plan|ch03_bidder_lead_plan,,,unavailable:no-cross-decision-plan-state-or-intervention,proxy-only:fixed-threshold-and-tail-rankings-without-transform-consumer-or-context,,fixed-bid30:declaration-and-risk-proxies-only; no auction choices/history,,unavailable:not-present-in-retained-action-tables,,,unavailable:not-present-in-retained-action-tables,dnt_regime_doubles,,hidden_proxy_early_high_uncertainty,bidder_lead_noncount|bidder_lead_off_suit|bidder_lead_plan|dnt_regime_doubles|hidden_proxy_early_high_uncertainty|phase_early|role_bidder|seat_pos_0|sequence_lead,bidder_lead_noncount|bidder_lead_off_suit|bidder_lead_plan|phase_early|role_bidder|seat_pos_0|sequence_lead,phase_early_trick_0_1|position_lead|role_bidder|seat_first_lead,,oracle/distribution columns are offline labels; role/order and proxy labels are public/action-local; eval_only_labels are never asserted as runtime features
w42.partnership_failure_atlas.v2,8b5d9a3fb116fb9dc7a383c7,corpus_v2_train_10-19_d0-9.pt:18:18,1-1,corpus_v2_train_10-19_d0-9.pt,11,18,18,doubles-suit,30,1,left_setter,setter,defense,4,2,third,middle,0,true,true,defense,0,false,false,true,true,1.145003318786621,0.0,1.0,0.0,-17,available:derived-from-role-and-bid-using-retained-w42-semantics,P(Q>=threshold_q); threshold_q is role-and-bid-dependent,-18,P(Q<=-18),true,true,0.0,1,1,0,0,1,0,ch05_noncount_before_certainty_alternative|ch05_setter_pressure_regime|phase_middle|role_setter|seat_pos_2|sequence_follow,true,false,true,ch05_noncount_before_certainty_alternative|ch05_setter_pressure_regime|phase_middle|role_setter|seat_pos_2|sequence_follow,available:phase4-positive-and-negative-detector-sets,true,proxy-only:is-best-threshold-not-actual-gus-output,,unavailable:no-positional-cross-corpus-match,1,1.14500331879,1.14500331879,0,0,1,1-1,0.0,true,,unavailable:policy-not-fingerprinted-in-retained-action-tables,,unjoinable:no-shared-champion-action-state-fingerprint,available:exact-action-key,available:exact-action-key,available:exact-action-key,available:exact-action-key,available:exact-action-key,partial:q-outcome-summaries-without-worlds-weights-or-calibration,,unavailable:not-present-in-retained-action-tables,,unavailable:not-retained-with-compatible-action-rows,,unavailable:not-retained-with-compatible-action-rows,,unavailable:not-retained-with-compatible-action-rows,,unavailable:not-retained-with-compatible-action-rows,,unavailable:not-retained-with-compatible-action-rows,,,,unjoinable:gus-corpus-state-namespace,available:public-role-seat-order-and-phase,follower_partner_or_self_currently_winning|phase_middle|role_setter|seat_pos_2|sequence_follow,follower_partner_or_self_currently_winning,proxy-only:public-role-and-action-local-labels,,unavailable:not-present-in-retained-action-tables,,unavailable:not-present-in-retained-action-tables,available:actual-action-indicator-without-policy-probability,,unavailable:not-present-in-retained-action-tables,,unavailable:not-present-in-retained-action-tables,,,,unavailable:no-cross-decision-plan-state-or-intervention,proxy-only:fixed-threshold-and-tail-rankings-without-transform-consumer-or-context,,fixed-bid30:declaration-and-risk-proxies-only; no auction choices/history,,unavailable:not-present-in-retained-action-tables,,,unavailable:not-present-in-retained-action-tables,dnt_dt_candidate_double|dnt_dt_low_double|dnt_regime_doubles-suit,,hidden_proxy_late_information_rich|hidden_proxy_our_side_controls_trick,dnt_dt_candidate_double|dnt_dt_low_double|dnt_regime_doubles-suit|follower_partner_or_self_currently_winning|hidden_proxy_late_information_rich|hidden_proxy_our_side_controls_trick|phase_middle|role_setter|seat_pos_2|sequence_follow,follower_partner_or_self_currently_winning|phase_middle|role_setter|seat_pos_2|sequence_follow,phase_middle_trick_2_4|position_follow|role_defender|role_left_setter|role_setter|seat_third_follow,,oracle/distribution columns are offline labels; role/order and proxy labels are public/action-local; eval_only_labels are never asserted as runtime features
w42.partnership_failure_atlas.v2,8c7d2aedb8289c9ebcdb6eed,corpus_v2_train_70-79_d0-9.pt:70:3,6-4,corpus_v2_train_70-79_d0-9.pt,77,70,3,blanks,30,3,right_setter,setter,defense,0,3,last,early,10,false,false,offense,10,false,false,false,false,-31.854413986206055,40.3533821105957,0.12999999523162842,0.8650000095367432,-17,available:derived-from-role-and-bid-using-retained-w42-semantics,P(Q>=threshold_q); threshold_q is role-and-bid-dependent,-18,P(Q<=-18),false,false,0.6949999928474426,7,3,4,2,0,3,ch05_reckless_count_to_bidder_control|ch05_setter_pressure_regime|phase_early|role_setter|seat_pos_3|sequence_closure,false,true,false,ch05_reckless_count_to_bidder_control|ch05_setter_pressure_regime|phase_early|role_setter|seat_pos_3|sequence_closure,available:phase4-positive-and-negative-detector-sets,false,proxy-only:is-best-threshold-not-actual-gus-output,,unavailable:no-positional-cross-corpus-match,7,-32.609413147,8.49896812439,41.1083812714,0.0836887359619,1,2-0,0.137664794921875,false,,unavailable:policy-not-fingerprinted-in-retained-action-tables,,unjoinable:no-shared-champion-action-state-fingerprint,available:exact-action-key,available:exact-action-key,available:exact-action-key,available:exact-action-key,available:exact-action-key,partial:q-outcome-summaries-without-worlds-weights-or-calibration,,unavailable:not-present-in-retained-action-tables,,unavailable:not-retained-with-compatible-action-rows,,unavailable:not-retained-with-compatible-action-rows,,unavailable:not-retained-with-compatible-action-rows,,unavailable:not-retained-with-compatible-action-rows,,unavailable:not-retained-with-compatible-action-rows,,,,unjoinable:gus-corpus-state-namespace,available:public-role-seat-order-and-phase,closure_decline_trick|closure_sequence_decision|closure_slough_count|follower_count_into_opponent_control|follower_opponent_currently_winning|phase_early|role_setter|seat_pos_3|sequence_last_to_act|setter_pounce_sequence_window|setter_reckless_count_to_bidder,,proxy-only:public-role-and-action-local-labels,,unavailable:not-present-in-retained-action-tables,,unavailable:not-present-in-retained-action-tables,available:actual-action-indicator-without-policy-probability,,unavailable:not-present-in-retained-action-tables,,unavailable:not-present-in-retained-action-tables,,,,unavailable:no-cross-decision-plan-state-or-intervention,proxy-only:fixed-threshold-and-tail-rankings-without-transform-consumer-or-context,,fixed-bid30:declaration-and-risk-proxies-only; no auction choices/history,,unavailable:not-present-in-retained-action-tables,,,unavailable:not-present-in-retained-action-tables,,,hidden_proxy_closure_information|hidden_proxy_count_pressure|hidden_proxy_early_high_uncertainty|hidden_proxy_opponent_controls_trick,ch05_reckless_count_to_bidder|closure_decline_trick|closure_sequence_decision|closure_slough_count|follower_count_into_opponent_control|follower_opponent_currently_winning|hidden_proxy_closure_information|hidden_proxy_count_pressure|hidden_proxy_early_high_uncertainty|hidden_proxy_opponent_controls_trick|phase_early|role_setter|seat_pos_3|sequence_last_to_act|setter_pounce_sequence_window|setter_reckless_count_to_bidder,ch05_reckless_count_to_bidder|closure_decline_trick|closure_sequence_decision|closure_slough_count|follower_count_into_opponent_control|follower_opponent_currently_winning|phase_early|role_setter|seat_pos_3|sequence_last_to_act|setter_pounce_sequence_window|setter_reckless_count_to_bidder,ch05_reckless_count_to_bidder|closure_decision|closure_decline_or_slough|closure_slough_count|defensive_pounce_window|defensive_reckless_count_to_bidder|phase_early_trick_0_1|position_follow|position_last_to_act|role_defender|role_right_setter|role_setter|seat_fourth_closure,,oracle/distribution columns are offline labels; role/order and proxy labels are public/action-local; eval_only_labels are never asserted as runtime features
w42.partnership_failure_atlas.v2,8ceadecee34eeb740f6ad530,corpus_v2_train_60-69_d0-9.pt:40:4,5-5,corpus_v2_train_60-69_d0-9.pt,64,40,4,blanks,30,3,right_setter,setter,defense,1,0,lead,early,10,false,true,,0,false,true,false,false,11.02087116241455,5.455636024475098,0.8199999928474426,0.15000000596046448,-17,available:derived-from-role-and-bid-using-retained-w42-semantics,P(Q>=threshold_q); threshold_q is role-and-bid-dependent,-18,P(Q<=-18),false,false,0.07999998331069946,6,2,4,2,1,0,ch05_count_calling_or_count_lead|ch05_pounce_take_count_now|ch05_setter_pressure_regime|phase_early|role_setter|seat_pos_0|sequence_lead,false,true,false,ch05_count_calling_or_count_lead|ch05_pounce_take_count_now|ch05_setter_pressure_regime|phase_early|role_setter|seat_pos_0|sequence_lead,available:phase4-positive-and-negative-detector-sets,false,proxy-only:is-best-threshold-not-actual-gus-output,,unavailable:no-positional-cross-corpus-match,6,9.06269741058,16.4765071869,7.41380977631,5.45563602448,1,6-0,0.0,true,,unavailable:policy-not-fingerprinted-in-retained-action-tables,,unjoinable:no-shared-champion-action-state-fingerprint,available:exact-action-key,available:exact-action-key,available:exact-action-key,available:exact-action-key,available:exact-action-key,partial:q-outcome-summaries-without-worlds-weights-or-calibration,,unavailable:not-present-in-retained-action-tables,,unavailable:not-retained-with-compatible-action-rows,,unavailable:not-retained-with-compatible-action-rows,,unavailable:not-retained-with-compatible-action-rows,,unavailable:not-retained-with-compatible-action-rows,,unavailable:not-retained-with-compatible-action-rows,,,,unjoinable:gus-corpus-state-namespace,available:public-role-seat-order-and-phase,phase_early|role_setter|seat_pos_0|sequence_lead,,proxy-only:public-role-and-action-local-labels,,unavailable:not-present-in-retained-action-tables,,unavailable:not-present-in-retained-action-tables,available:actual-action-indicator-without-policy-probability,,unavailable:not-present-in-retained-action-tables,,unavailable:not-present-in-retained-action-tables,,,,unavailable:no-cross-decision-plan-state-or-intervention,proxy-only:fixed-threshold-and-tail-rankings-without-transform-consumer-or-context,,fixed-bid30:declaration-and-risk-proxies-only; no auction choices/history,,unavailable:not-present-in-retained-action-tables,,,unavailable:not-present-in-retained-action-tables,,,hidden_proxy_count_pressure|hidden_proxy_early_high_uncertainty,hidden_proxy_count_pressure|hidden_proxy_early_high_uncertainty|phase_early|role_setter|seat_pos_0|sequence_lead,phase_early|role_setter|seat_pos_0|sequence_lead,phase_early_trick_0_1|position_lead|role_defender|role_right_setter|role_setter|seat_first_lead,,oracle/distribution columns are offline labels; role/order and proxy labels are public/action-local; eval_only_labels are never asserted as runtime features
w42.partnership_failure_atlas.v2,8e5a6f6bbb0bc562270122d0,corpus_v2_train_0-9_d0-9.pt:34:17,4-2,corpus_v2_train_0-9_d0-9.pt,3,34,17,fours,30,0,bidder,bidder,offense,4,1,second,middle,0,true,false,defense,0,true,true,false,false,4.725860118865967,8.770312786102295,0.3400000035762787,0.20999999344348907,18,available:derived-from-role-and-bid-using-retained-w42-semantics,P(Q>=threshold_q); threshold_q is role-and-bid-dependent,-18,P(Q<=-18),false,false,0.19500002264976501,3,2,1,1,0,2,phase_middle|role_bidder|seat_pos_1|sequence_follow,false,false,false,phase_middle|role_bidder|seat_pos_1|sequence_follow,available:phase4-positive-and-negative-detector-sets,false,proxy-only:is-best-threshold-not-actual-gus-output,,unavailable:no-positional-cross-corpus-match,3,4.72586011887,13.496172905,8.7703127861,0.0738325119019,1,6-4,0.0,true,,unavailable:policy-not-fingerprinted-in-retained-action-tables,,unjoinable:no-shared-champion-action-state-fingerprint,available:exact-action-key,available:exact-action-key,available:exact-action-key,available:exact-action-key,available:exact-action-key,partial:q-outcome-summaries-without-worlds-weights-or-calibration,,unavailable:not-present-in-retained-action-tables,,unavailable:not-retained-with-compatible-action-rows,,unavailable:not-retained-with-compatible-action-rows,,unavailable:not-retained-with-compatible-action-rows,,unavailable:not-retained-with-compatible-action-rows,,unavailable:not-retained-with-compatible-action-rows,,,,unjoinable:gus-corpus-state-namespace,available:public-role-seat-order-and-phase,follower_can_beat_opponent|follower_opponent_currently_winning|follower_take_control_from_opponent|phase_middle|role_bidder|seat_pos_1|sequence_follow,,proxy-only:public-role-and-action-local-labels,,unavailable:not-present-in-retained-action-tables,,unavailable:not-present-in-retained-action-tables,available:actual-action-indicator-without-policy-probability,,unavailable:not-present-in-retained-action-tables,,unavailable:not-present-in-retained-action-tables,,,,unavailable:no-cross-decision-plan-state-or-intervention,proxy-only:fixed-threshold-and-tail-rankings-without-transform-consumer-or-context,bidrisk_join_available|bidrisk_max_profitable_no_profitable_bid|bidrisk_off_count_4|bidrisk_pmake30_mid|bidrisk_static_risk_le_12|bidrisk_trump_count_2|bidrisk_wilson_safe_no_profitable_bid,fixed-bid30:declaration-and-risk-proxies-only; no auction choices/history,,unavailable:not-present-in-retained-action-tables,,,unavailable:not-present-in-retained-action-tables,,,hidden_proxy_control_shift_available|hidden_proxy_late_information_rich|hidden_proxy_opponent_controls_trick,bidrisk_join_available|bidrisk_max_profitable_no_profitable_bid|bidrisk_off_count_4|bidrisk_pmake30_mid|bidrisk_static_risk_le_12|bidrisk_trump_count_2|bidrisk_wilson_safe_no_profitable_bid|follower_can_beat_opponent|follower_opponent_currently_winning|follower_take_control_from_opponent|hidden_proxy_control_shift_available|hidden_proxy_late_information_rich|hidden_proxy_opponent_controls_trick|phase_middle|role_bidder|seat_pos_1|sequence_follow,follower_can_beat_opponent|follower_opponent_currently_winning|follower_take_control_from_opponent|phase_middle|role_bidder|seat_pos_1|sequence_follow,phase_middle_trick_2_4|position_follow|role_bidder|seat_second_follow,,oracle/distribution columns are offline labels; role/order and proxy labels are public/action-local; eval_only_labels are never asserted as runtime features
w42.partnership_failure_atlas.v2,8f099c563300384cd1fbcdf9,corpus_v2_train_70-79_d0-9.pt:20:6,3-2,corpus_v2_train_70-79_d0-9.pt,72,20,6,blanks,30,0,bidder,bidder,offense,1,2,third,early,5,false,false,offense,0,false,false,false,false,18.458763122558594,2.269380569458008,0.5899999737739563,0.10000000149011612,18,available:derived-from-role-and-bid-using-retained-w42-semantics,P(Q>=threshold_q); threshold_q is role-and-bid-dependent,-18,P(Q<=-18),false,false,0.030000030994415283,3,0,3,1,0,0,phase_early|role_bidder|seat_pos_2|sequence_follow,false,false,false,phase_early|role_bidder|seat_pos_2|sequence_follow,available:phase4-positive-and-negative-detector-sets,false,proxy-only:is-best-threshold-not-actual-gus-output,,unavailable:no-positional-cross-corpus-match,3,17.1985530853,20.728143692,3.52959060669,2.26938056946,1,6-3,0.0,true,,unavailable:policy-not-fingerprinted-in-retained-action-tables,,unjoinable:no-shared-champion-action-state-fingerprint,available:exact-action-key,available:exact-action-key,available:exact-action-key,available:exact-action-key,available:exact-action-key,partial:q-outcome-summaries-without-worlds-weights-or-calibration,,unavailable:not-present-in-retained-action-tables,,unavailable:not-retained-with-compatible-action-rows,,unavailable:not-retained-with-compatible-action-rows,,unavailable:not-retained-with-compatible-action-rows,,unavailable:not-retained-with-compatible-action-rows,,unavailable:not-retained-with-compatible-action-rows,,,,unjoinable:gus-corpus-state-namespace,available:public-role-seat-order-and-phase,follower_partner_or_self_currently_winning|follower_safe_count_to_current_control|phase_early|role_bidder|seat_pos_2|sequence_follow,follower_partner_or_self_currently_winning,proxy-only:public-role-and-action-local-labels,,unavailable:not-present-in-retained-action-tables,,unavailable:not-present-in-retained-action-tables,available:actual-action-indicator-without-policy-probability,,unavailable:not-present-in-retained-action-tables,,unavailable:not-present-in-retained-action-tables,,,,unavailable:no-cross-decision-plan-state-or-intervention,proxy-only:fixed-threshold-and-tail-rankings-without-transform-consumer-or-context,,fixed-bid30:declaration-and-risk-proxies-only; no auction choices/history,,unavailable:not-present-in-retained-action-tables,,,unavailable:not-present-in-retained-action-tables,,,hidden_proxy_count_pressure|hidden_proxy_early_high_uncertainty|hidden_proxy_our_side_controls_trick,follower_partner_or_self_currently_winning|follower_safe_count_to_current_control|hidden_proxy_count_pressure|hidden_proxy_early_high_uncertainty|hidden_proxy_our_side_controls_trick|phase_early|role_bidder|seat_pos_2|sequence_follow,follower_partner_or_self_currently_winning|follower_safe_count_to_current_control|phase_early|role_bidder|seat_pos_2|sequence_follow,phase_early_trick_0_1|position_follow|role_bidder|seat_third_follow,,oracle/distribution columns are offline labels; role/order and proxy labels are public/action-local; eval_only_labels are never asserted as runtime features
w42.partnership_failure_atlas.v2,8f95ac1aa43bd1b0f7286724,corpus_v2_train_90-99_d0-9.pt:60:15,5-0,corpus_v2_train_90-99_d0-9.pt,96,60,15,blanks,30,1,left_setter,setter,defense,3,3,last,middle,5,true,false,offense,5,true,true,true,true,12.178606986999512,0.0,1.0,0.0,-17,available:derived-from-role-and-bid-using-retained-w42-semantics,P(Q>=threshold_q); threshold_q is role-and-bid-dependent,-18,P(Q<=-18),true,true,0.0,4,1,3,2,0,1,ch05_pounce_take_count_now|ch05_reckless_count_to_bidder_control|ch05_setter_pressure_regime|ch05_trump_in_on_count_or_bidder_control|phase_middle|role_setter|seat_pos_3|sequence_closure,true,true,false,ch05_pounce_take_count_now|ch05_reckless_count_to_bidder_control|ch05_setter_pressure_regime|ch05_trump_in_on_count_or_bidder_control|phase_middle|role_setter|seat_pos_3|sequence_closure,available:phase4-positive-and-negative-detector-sets,true,proxy-only:is-best-threshold-not-actual-gus-output,,unavailable:no-positional-cross-corpus-match,4,-14.0517606735,12.178606987,26.2303676605,21.793548584,1,5-0,0.0,true,,unavailable:policy-not-fingerprinted-in-retained-action-tables,,unjoinable:no-shared-champion-action-state-fingerprint,available:exact-action-key,available:exact-action-key,available:exact-action-key,available:exact-action-key,available:exact-action-key,partial:q-outcome-summaries-without-worlds-weights-or-calibration,,unavailable:not-present-in-retained-action-tables,,unavailable:not-retained-with-compatible-action-rows,,unavailable:not-retained-with-compatible-action-rows,,unavailable:not-retained-with-compatible-action-rows,,unavailable:not-retained-with-compatible-action-rows,,unavailable:not-retained-with-compatible-action-rows,,,,unjoinable:gus-corpus-state-namespace,available:public-role-seat-order-and-phase,closure_sequence_decision|closure_take_count|closure_take_trick|follower_can_beat_opponent|follower_opponent_currently_winning|follower_take_control_from_opponent|phase_middle|role_setter|seat_pos_3|sequence_last_to_act|setter_pounce_count|setter_pounce_last_seat|setter_pounce_sequence_window,,proxy-only:public-role-and-action-local-labels,,unavailable:not-present-in-retained-action-tables,,unavailable:not-present-in-retained-action-tables,available:actual-action-indicator-without-policy-probability,,unavailable:not-present-in-retained-action-tables,,unavailable:not-present-in-retained-action-tables,,,,unavailable:no-cross-decision-plan-state-or-intervention,proxy-only:fixed-threshold-and-tail-rankings-without-transform-consumer-or-context,,fixed-bid30:declaration-and-risk-proxies-only; no auction choices/history,,unavailable:not-present-in-retained-action-tables,,,unavailable:not-present-in-retained-action-tables,,,hidden_proxy_closure_information|hidden_proxy_control_shift_available|hidden_proxy_count_pressure|hidden_proxy_opponent_controls_trick,ch05_setter_pounce_count|closure_sequence_decision|closure_take_count|closure_take_trick|follower_can_beat_opponent|follower_opponent_currently_winning|follower_take_control_from_opponent|hidden_proxy_closure_information|hidden_proxy_control_shift_available|hidden_proxy_count_pressure|hidden_proxy_opponent_controls_trick|phase_middle|role_setter|seat_pos_3|sequence_last_to_act|setter_pounce_count|setter_pounce_last_seat|setter_pounce_sequence_window,ch05_setter_pounce_count|closure_sequence_decision|closure_take_count|closure_take_trick|follower_can_beat_opponent|follower_opponent_currently_winning|follower_take_control_from_opponent|phase_middle|role_setter|seat_pos_3|sequence_last_to_act|setter_pounce_count|setter_pounce_last_seat|setter_pounce_sequence_window,ch05_setter_pounce_count|closure_decision|closure_take_count|closure_take_trick|defensive_pounce_closure|defensive_pounce_count|defensive_pounce_window|phase_middle_trick_2_4|position_follow|position_last_to_act|role_defender|role_left_setter|role_setter|seat_fourth_closure,,oracle/distribution columns are offline labels; role/order and proxy labels are public/action-local; eval_only_labels are never asserted as runtime features
w42.partnership_failure_atlas.v2,90c8147f696d7e948ae2c8cc,corpus_v2_train_10-19_d0-9.pt:49:0,4-3,corpus_v2_train_10-19_d0-9.pt,14,49,0,no-trump,30,0,bidder,bidder,offense,0,0,lead,early,0,false,false,,0,false,true,false,false,-5.737661838531494,10.225855350494385,0.23999999463558197,0.4399999976158142,18,available:derived-from-role-and-bid-using-retained-w42-semantics,P(Q>=threshold_q); threshold_q is role-and-bid-dependent,-18,P(Q<=-18),false,false,0.0950000137090683,7,0,7,3,1,0,ch03_bidder_lead_off_suit|ch03_bidder_lead_plan|phase_early|role_bidder|seat_pos_0|sequence_lead,false,false,true,ch03_bidder_lead_off_suit|ch03_bidder_lead_plan|phase_early|role_bidder|seat_pos_0|sequence_lead,available:phase4-positive-and-negative-detector-sets,false,proxy-only:is-best-threshold-not-actual-gus-output,,unavailable:no-positional-cross-corpus-match,7,-9.62177085876,4.48819351196,14.1099643707,9.65674638748,1,0-0,0.0,true,,unavailable:policy-not-fingerprinted-in-retained-action-tables,,unjoinable:no-shared-champion-action-state-fingerprint,available:exact-action-key,available:exact-action-key,available:exact-action-key,available:exact-action-key,available:exact-action-key,partial:q-outcome-summaries-without-worlds-weights-or-calibration,,unavailable:not-present-in-retained-action-tables,,unavailable:not-retained-with-compatible-action-rows,,unavailable:not-retained-with-compatible-action-rows,,unavailable:not-retained-with-compatible-action-rows,,unavailable:not-retained-with-compatible-action-rows,,unavailable:not-retained-with-compatible-action-rows,,,,unjoinable:gus-corpus-state-namespace,available:public-role-seat-order-and-phase,phase_early|role_bidder|seat_pos_0|sequence_lead,,proxy-only:public-role-and-action-local-labels,,unavailable:not-present-in-retained-action-tables,,unavailable:not-present-in-retained-action-tables,available:actual-action-indicator-without-policy-probability,,unavailable:not-present-in-retained-action-tables,,unavailable:not-present-in-retained-action-tables,bidder_lead_plan|ch03_bidder_lead_plan,,,unavailable:no-cross-decision-plan-state-or-intervention,proxy-only:fixed-threshold-and-tail-rankings-without-transform-consumer-or-context,,fixed-bid30:declaration-and-risk-proxies-only; no auction choices/history,,unavailable:not-present-in-retained-action-tables,,,unavailable:not-present-in-retained-action-tables,dnt_regime_no_trump,,hidden_proxy_early_high_uncertainty,bidder_lead_noncount|bidder_lead_off_suit|bidder_lead_plan|dnt_regime_no_trump|hidden_proxy_early_high_uncertainty|phase_early|role_bidder|seat_pos_0|sequence_lead,bidder_lead_noncount|bidder_lead_off_suit|bidder_lead_plan|phase_early|role_bidder|seat_pos_0|sequence_lead,phase_early_trick_0_1|position_lead|role_bidder|seat_first_lead,,oracle/distribution columns are offline labels; role/order and proxy labels are public/action-local; eval_only_labels are never asserted as runtime features
w42.partnership_failure_atlas.v2,915086b8805b5f5703db75d9,corpus_v2_train_20-29_d0-9.pt:40:5,6-3,corpus_v2_train_20-29_d0-9.pt,24,40,5,blanks,30,3,right_setter,setter,defense,1,1,second,early,0,false,false,offense,0,false,false,false,false,-23.925901412963867,0.671234130859375,0.26499998569488525,0.7250000238418579,-17,available:derived-from-role-and-bid-using-retained-w42-semantics,P(Q>=threshold_q); threshold_q is role-and-bid-dependent,-18,P(Q<=-18),false,false,0.015000015497207642,3,0,3,0,0,0,ch05_noncount_to_bidder_control_alternative|ch05_setter_pressure_regime|phase_early|role_setter|seat_pos_1|sequence_follow,false,false,true,ch05_noncount_to_bidder_control_alternative|ch05_setter_pressure_regime|phase_early|role_setter|seat_pos_1|sequence_follow,available:phase4-positive-and-negative-detector-sets,false,proxy-only:is-best-threshold-not-actual-gus-output,,unavailable:no-positional-cross-corpus-match,3,-23.925901413,-23.2546672821,0.671234130859,0.595815658569,1,6-1,0.0,true,,unavailable:policy-not-fingerprinted-in-retained-action-tables,,unjoinable:no-shared-champion-action-state-fingerprint,available:exact-action-key,available:exact-action-key,available:exact-action-key,available:exact-action-key,available:exact-action-key,partial:q-outcome-summaries-without-worlds-weights-or-calibration,,unavailable:not-present-in-retained-action-tables,,unavailable:not-retained-with-compatible-action-rows,,unavailable:not-retained-with-compatible-action-rows,,unavailable:not-retained-with-compatible-action-rows,,unavailable:not-retained-with-compatible-action-rows,,unavailable:not-retained-with-compatible-action-rows,,,,unjoinable:gus-corpus-state-namespace,available:public-role-seat-order-and-phase,follower_opponent_currently_winning|phase_early|role_setter|seat_pos_1|sequence_follow|setter_pounce_sequence_window,,proxy-only:public-role-and-action-local-labels,,unavailable:not-present-in-retained-action-tables,,unavailable:not-present-in-retained-action-tables,available:actual-action-indicator-without-policy-probability,,unavailable:not-present-in-retained-action-tables,,unavailable:not-present-in-retained-action-tables,,,,unavailable:no-cross-decision-plan-state-or-intervention,proxy-only:fixed-threshold-and-tail-rankings-without-transform-consumer-or-context,,fixed-bid30:declaration-and-risk-proxies-only; no auction choices/history,,unavailable:not-present-in-retained-action-tables,,,unavailable:not-present-in-retained-action-tables,,,hidden_proxy_early_high_uncertainty|hidden_proxy_opponent_controls_trick,follower_opponent_currently_winning|hidden_proxy_early_high_uncertainty|hidden_proxy_opponent_controls_trick|phase_early|role_setter|seat_pos_1|sequence_follow|setter_pounce_sequence_window,follower_opponent_currently_winning|phase_early|role_setter|seat_pos_1|sequence_follow|setter_pounce_sequence_window,defensive_pounce_window|phase_early_trick_0_1|position_follow|role_defender|role_right_setter|role_setter|seat_second_follow,,oracle/distribution columns are offline labels; role/order and proxy labels are public/action-local; eval_only_labels are never asserted as runtime features
w42.partnership_failure_atlas.v2,91f50ecac9d92e3a1f6b3721,corpus_v2_train_10-19_d0-9.pt:38:17,6-5,corpus_v2_train_10-19_d0-9.pt,13,38,17,doubles-suit,30,1,left_setter,setter,defense,4,1,second,middle,0,false,false,offense,0,false,false,false,false,-4.9680023193359375,13.342026710510254,0.6200000047683716,0.36000001430511475,-17,available:derived-from-role-and-bid-using-retained-w42-semantics,P(Q>=threshold_q); threshold_q is role-and-bid-dependent,-18,P(Q<=-18),false,false,0.3149999976158142,3,0,3,0,0,0,ch05_noncount_to_bidder_control_alternative|ch05_setter_pressure_regime|phase_middle|role_setter|seat_pos_1|sequence_follow,false,false,true,ch05_noncount_to_bidder_control_alternative|ch05_setter_pressure_regime|phase_middle|role_setter|seat_pos_1|sequence_follow,available:phase4-positive-and-negative-detector-sets,false,proxy-only:is-best-threshold-not-actual-gus-output,,unavailable:no-positional-cross-corpus-match,3,-4.96800231934,8.37402439117,13.3420267105,0.147156715393,1,5-2,0.0,true,,unavailable:policy-not-fingerprinted-in-retained-action-tables,,unjoinable:no-shared-champion-action-state-fingerprint,available:exact-action-key,available:exact-action-key,available:exact-action-key,available:exact-action-key,available:exact-action-key,partial:q-outcome-summaries-without-worlds-weights-or-calibration,,unavailable:not-present-in-retained-action-tables,,unavailable:not-retained-with-compatible-action-rows,,unavailable:not-retained-with-compatible-action-rows,,unavailable:not-retained-with-compatible-action-rows,,unavailable:not-retained-with-compatible-action-rows,,unavailable:not-retained-with-compatible-action-rows,,,,unjoinable:gus-corpus-state-namespace,available:public-role-seat-order-and-phase,follower_opponent_currently_winning|phase_middle|role_setter|seat_pos_1|sequence_follow|setter_pounce_sequence_window,,proxy-only:public-role-and-action-local-labels,,unavailable:not-present-in-retained-action-tables,,unavailable:not-present-in-retained-action-tables,available:actual-action-indicator-without-policy-probability,,unavailable:not-present-in-retained-action-tables,,unavailable:not-present-in-retained-action-tables,,,,unavailable:no-cross-decision-plan-state-or-intervention,proxy-only:fixed-threshold-and-tail-rankings-without-transform-consumer-or-context,,fixed-bid30:declaration-and-risk-proxies-only; no auction choices/history,,unavailable:not-present-in-retained-action-tables,,,unavailable:not-present-in-retained-action-tables,dnt_dt_dual_suit_65|dnt_regime_doubles-suit,,hidden_proxy_late_information_rich|hidden_proxy_opponent_controls_trick,dnt_dt_dual_suit_65|dnt_regime_doubles-suit|follower_opponent_currently_winning|hidden_proxy_late_information_rich|hidden_proxy_opponent_controls_trick|phase_middle|role_setter|seat_pos_1|sequence_follow|setter_pounce_sequence_window,follower_opponent_currently_winning|phase_middle|role_setter|seat_pos_1|sequence_follow|setter_pounce_sequence_window,defensive_pounce_window|phase_middle_trick_2_4|position_follow|role_defender|role_left_setter|role_setter|seat_second_follow,,oracle/distribution columns are offline labels; role/order and proxy labels are public/action-local; eval_only_labels are never asserted as runtime features
w42.partnership_failure_atlas.v2,93476bd8dbe3774d9d3aa86a,corpus_v2_train_40-49_d0-9.pt:60:0,4-3,corpus_v2_train_40-49_d0-9.pt,46,60,0,blanks,30,0,bidder,bidder,offense,0,0,lead,early,0,false,false,,0,false,true,false,false,-11.4339017868042,14.148752212524414,0.1599999964237213,0.44999998807907104,18,available:derived-from-role-and-bid-using-retained-w42-semantics,P(Q>=threshold_q); threshold_q is role-and-bid-dependent,-18,P(Q<=-18),false,false,0.1850000023841858,7,2,5,1,2,0,ch03_bidder_lead_off_suit|ch03_bidder_lead_plan|phase_early|role_bidder|seat_pos_0|sequence_lead,false,false,true,ch03_bidder_lead_off_suit|ch03_bidder_lead_plan|phase_early|role_bidder|seat_pos_0|sequence_lead,available:phase4-positive-and-negative-detector-sets,false,proxy-only:is-best-threshold-not-actual-gus-output,,unavailable:no-positional-cross-corpus-match,7,-11.4339017868,2.71485042572,14.1487522125,6.59163093567,1,4-4,0.0,true,,unavailable:policy-not-fingerprinted-in-retained-action-tables,,unjoinable:no-shared-champion-action-state-fingerprint,available:exact-action-key,available:exact-action-key,available:exact-action-key,available:exact-action-key,available:exact-action-key,partial:q-outcome-summaries-without-worlds-weights-or-calibration,,unavailable:not-present-in-retained-action-tables,,unavailable:not-retained-with-compatible-action-rows,,unavailable:not-retained-with-compatible-action-rows,,unavailable:not-retained-with-compatible-action-rows,,unavailable:not-retained-with-compatible-action-rows,,unavailable:not-retained-with-compatible-action-rows,,,,unjoinable:gus-corpus-state-namespace,available:public-role-seat-order-and-phase,phase_early|role_bidder|seat_pos_0|sequence_lead,,proxy-only:public-role-and-action-local-labels,,unavailable:not-present-in-retained-action-tables,,unavailable:not-present-in-retained-action-tables,available:actual-action-indicator-without-policy-probability,,unavailable:not-present-in-retained-action-tables,,unavailable:not-present-in-retained-action-tables,bidder_lead_plan|ch03_bidder_lead_plan,,,unavailable:no-cross-decision-plan-state-or-intervention,proxy-only:fixed-threshold-and-tail-rankings-without-transform-consumer-or-context,,fixed-bid30:declaration-and-risk-proxies-only; no auction choices/history,,unavailable:not-present-in-retained-action-tables,,,unavailable:not-present-in-retained-action-tables,,,hidden_proxy_early_high_uncertainty,bidder_lead_noncount|bidder_lead_off_suit|bidder_lead_plan|hidden_proxy_early_high_uncertainty|phase_early|role_bidder|seat_pos_0|sequence_lead,bidder_lead_noncount|bidder_lead_off_suit|bidder_lead_plan|phase_early|role_bidder|seat_pos_0|sequence_lead,phase_early_trick_0_1|position_lead|role_bidder|seat_first_lead,,oracle/distribution columns are offline labels; role/order and proxy labels are public/action-local; eval_only_labels are never asserted as runtime features
w42.partnership_failure_atlas.v2,93e95c85f10507e124bc4915,corpus_v2_train_90-99_d0-9.pt:58:12,3-2,corpus_v2_train_90-99_d0-9.pt,95,58,12,doubles-suit,30,2,bidder_partner,partner,offense,3,0,lead,middle,5,false,false,,0,false,true,false,false,-11.148492813110352,1.607325553894043,0.07999999821186066,0.5149999856948853,18,available:derived-from-role-and-bid-using-retained-w42-semantics,P(Q>=threshold_q); threshold_q is role-and-bid-dependent,-18,P(Q<=-18),false,false,0.07999999821186066,4,0,4,1,0,0,ch04_partner_lead_count_liability|ch04_partner_support_regime|phase_middle|role_partner|seat_pos_0|sequence_lead,false,true,false,ch04_partner_lead_count_liability|ch04_partner_support_regime|phase_middle|role_partner|seat_pos_0|sequence_lead,available:phase4-positive-and-negative-detector-sets,false,proxy-only:is-best-threshold-not-actual-gus-output,,unavailable:no-positional-cross-corpus-match,4,-11.1484928131,-9.54116725922,1.60732555389,0.281594276428,1,6-1,0.0,true,,unavailable:policy-not-fingerprinted-in-retained-action-tables,,unjoinable:no-shared-champion-action-state-fingerprint,available:exact-action-key,available:exact-action-key,available:exact-action-key,available:exact-action-key,available:exact-action-key,partial:q-outcome-summaries-without-worlds-weights-or-calibration,,unavailable:not-present-in-retained-action-tables,,unavailable:not-retained-with-compatible-action-rows,,unavailable:not-retained-with-compatible-action-rows,,unavailable:not-retained-with-compatible-action-rows,,unavailable:not-retained-with-compatible-action-rows,,unavailable:not-retained-with-compatible-action-rows,,,,unjoinable:gus-corpus-state-namespace,available:public-role-seat-order-and-phase,phase_middle|role_partner|seat_pos_0|sequence_lead,ch04_partner_lead_count_liability|ch04_partner_support_regime|partner_support_sequence_context,proxy-only:public-role-and-action-local-labels,,unavailable:not-present-in-retained-action-tables,,unavailable:not-present-in-retained-action-tables,available:actual-action-indicator-without-policy-probability,,unavailable:not-present-in-retained-action-tables,,unavailable:not-present-in-retained-action-tables,,,,unavailable:no-cross-decision-plan-state-or-intervention,proxy-only:fixed-threshold-and-tail-rankings-without-transform-consumer-or-context,,fixed-bid30:declaration-and-risk-proxies-only; no auction choices/history,,unavailable:not-present-in-retained-action-tables,,,unavailable:not-present-in-retained-action-tables,dnt_regime_doubles-suit,,hidden_proxy_count_pressure,dnt_regime_doubles-suit|hidden_proxy_count_pressure|partner_support_sequence_context|phase_middle|role_partner|seat_pos_0|sequence_lead,partner_support_sequence_context|phase_middle|role_partner|seat_pos_0|sequence_lead,partner_count_takes_control|partner_support_context|phase_middle_trick_2_4|position_lead|role_partner|seat_first_lead,,oracle/distribution columns are offline labels; role/order and proxy labels are public/action-local; eval_only_labels are never asserted as runtime features
w42.partnership_failure_atlas.v2,93ea90e60a11f2d7e2aca6eb,corpus_v2_train_50-59_d0-9.pt:28:0,2-0,corpus_v2_train_50-59_d0-9.pt,52,28,0,doubles-suit,30,0,bidder,bidder,offense,0,0,lead,early,0,false,false,,0,false,true,false,false,1.6297706365585327,1.4471029043197632,0.23999999463558197,0.17499999701976776,18,available:derived-from-role-and-bid-using-retained-w42-semantics,P(Q>=threshold_q); threshold_q is role-and-bid-dependent,-18,P(Q<=-18),false,true,0.03000001609325409,7,3,4,1,3,0,ch03_bidder_lead_off_suit|ch03_bidder_lead_plan|phase_early|role_bidder|seat_pos_0|sequence_lead,false,false,true,ch03_bidder_lead_off_suit|ch03_bidder_lead_plan|phase_early|role_bidder|seat_pos_0|sequence_lead,available:phase4-positive-and-negative-detector-sets,false,proxy-only:is-best-threshold-not-actual-gus-output,,unavailable:no-positional-cross-corpus-match,7,-5.41122293472,3.07687354088,8.4880964756,0.165573596954,1,1-1,0.0,true,,unavailable:policy-not-fingerprinted-in-retained-action-tables,,unjoinable:no-shared-champion-action-state-fingerprint,available:exact-action-key,available:exact-action-key,available:exact-action-key,available:exact-action-key,available:exact-action-key,partial:q-outcome-summaries-without-worlds-weights-or-calibration,,unavailable:not-present-in-retained-action-tables,,unavailable:not-retained-with-compatible-action-rows,,unavailable:not-retained-with-compatible-action-rows,,unavailable:not-retained-with-compatible-action-rows,,unavailable:not-retained-with-compatible-action-rows,,unavailable:not-retained-with-compatible-action-rows,,,,unjoinable:gus-corpus-state-namespace,available:public-role-seat-order-and-phase,phase_early|role_bidder|seat_pos_0|sequence_lead,,proxy-only:public-role-and-action-local-labels,,unavailable:not-present-in-retained-action-tables,,unavailable:not-present-in-retained-action-tables,available:actual-action-indicator-without-policy-probability,,unavailable:not-present-in-retained-action-tables,,unavailable:not-present-in-retained-action-tables,bidder_lead_plan|ch03_bidder_lead_plan,,,unavailable:no-cross-decision-plan-state-or-intervention,proxy-only:fixed-threshold-and-tail-rankings-without-transform-consumer-or-context,,fixed-bid30:declaration-and-risk-proxies-only; no auction choices/history,,unavailable:not-present-in-retained-action-tables,,,unavailable:not-present-in-retained-action-tables,dnt_regime_doubles-suit,,hidden_proxy_early_high_uncertainty,bidder_lead_noncount|bidder_lead_off_suit|bidder_lead_plan|dnt_regime_doubles-suit|hidden_proxy_early_high_uncertainty|phase_early|role_bidder|seat_pos_0|sequence_lead,bidder_lead_noncount|bidder_lead_off_suit|bidder_lead_plan|phase_early|role_bidder|seat_pos_0|sequence_lead,phase_early_trick_0_1|position_lead|role_bidder|seat_first_lead,,oracle/distribution columns are offline labels; role/order and proxy labels are public/action-local; eval_only_labels are never asserted as runtime features
w42.partnership_failure_atlas.v2,953d80bde8bdd7efe1045408,corpus_v2_train_80-89_d0-9.pt:3:4,1-0,corpus_v2_train_80-89_d0-9.pt,80,3,4,threes,30,0,bidder,bidder,offense,1,0,lead,early,0,false,false,,0,false,true,false,false,-15.64852523803711,6.744874954223633,0.07500000298023224,0.5699999928474426,18,available:derived-from-role-and-bid-using-retained-w42-semantics,P(Q>=threshold_q); threshold_q is role-and-bid-dependent,-18,P(Q<=-18),false,false,0.07500000298023224,6,1,5,1,1,0,ch03_bidder_lead_off_suit|ch03_bidder_lead_plan|phase_early|role_bidder|seat_pos_0|sequence_lead,false,false,true,ch03_bidder_lead_off_suit|ch03_bidder_lead_plan|phase_early|role_bidder|seat_pos_0|sequence_lead,available:phase4-positive-and-negative-detector-sets,false,proxy-only:is-best-threshold-not-actual-gus-output,,unavailable:no-positional-cross-corpus-match,6,-16.1864776611,-8.90365028381,7.28282737732,3.94434070587,1,5-3,4.3763227462768555,false,,unavailable:policy-not-fingerprinted-in-retained-action-tables,,unjoinable:no-shared-champion-action-state-fingerprint,available:exact-action-key,available:exact-action-key,available:exact-action-key,available:exact-action-key,available:exact-action-key,partial:q-outcome-summaries-without-worlds-weights-or-calibration,,unavailable:not-present-in-retained-action-tables,,unavailable:not-retained-with-compatible-action-rows,,unavailable:not-retained-with-compatible-action-rows,,unavailable:not-retained-with-compatible-action-rows,,unavailable:not-retained-with-compatible-action-rows,,unavailable:not-retained-with-compatible-action-rows,,,,unjoinable:gus-corpus-state-namespace,available:public-role-seat-order-and-phase,phase_early|role_bidder|seat_pos_0|sequence_lead,,proxy-only:public-role-and-action-local-labels,,unavailable:not-present-in-retained-action-tables,,unavailable:not-present-in-retained-action-tables,available:actual-action-indicator-without-policy-probability,,unavailable:not-present-in-retained-action-tables,,unavailable:not-present-in-retained-action-tables,bidder_lead_plan|ch03_bidder_lead_plan,,,unavailable:no-cross-decision-plan-state-or-intervention,proxy-only:fixed-threshold-and-tail-rankings-without-transform-consumer-or-context,,fixed-bid30:declaration-and-risk-proxies-only; no auction choices/history,,unavailable:not-present-in-retained-action-tables,,,unavailable:not-present-in-retained-action-tables,,,hidden_proxy_early_high_uncertainty,bidder_lead_noncount|bidder_lead_off_suit|bidder_lead_plan|hidden_proxy_early_high_uncertainty|phase_early|role_bidder|seat_pos_0|sequence_lead,bidder_lead_noncount|bidder_lead_off_suit|bidder_lead_plan|phase_early|role_bidder|seat_pos_0|sequence_lead,phase_early_trick_0_1|position_lead|role_bidder|seat_first_lead,,oracle/distribution columns are offline labels; role/order and proxy labels are public/action-local; eval_only_labels are never asserted as runtime features
w42.partnership_failure_atlas.v2,95893c5c48daa16462022f7a,corpus_v2_train_90-99_d0-9.pt:27:8,5-4,corpus_v2_train_90-99_d0-9.pt,92,27,8,doubles,30,1,left_setter,setter,defense,2,0,lead,middle,0,false,false,,0,false,true,false,false,-6.305926322937012,1.8408608436584473,0.800000011920929,0.1599999964237213,-17,available:derived-from-role-and-bid-using-retained-w42-semantics,P(Q>=threshold_q); threshold_q is role-and-bid-dependent,-18,P(Q<=-18),false,false,0.09499996900558472,5,1,4,0,1,0,ch05_generic_non_count_calling_lead|ch05_non_count_calling_lead|ch05_setter_pressure_regime|phase_middle|role_setter|seat_pos_0|sequence_lead,false,false,true,ch05_generic_non_count_calling_lead|ch05_non_count_calling_lead|ch05_setter_pressure_regime|phase_middle|role_setter|seat_pos_0|sequence_lead,available:phase4-positive-and-negative-detector-sets,false,proxy-only:is-best-threshold-not-actual-gus-output,,unavailable:no-positional-cross-corpus-match,5,-7.70852613449,-4.46506547928,3.24346065521,1.84086084366,1,6-2,0.0,true,,unavailable:policy-not-fingerprinted-in-retained-action-tables,,unjoinable:no-shared-champion-action-state-fingerprint,available:exact-action-key,available:exact-action-key,available:exact-action-key,available:exact-action-key,available:exact-action-key,partial:q-outcome-summaries-without-worlds-weights-or-calibration,,unavailable:not-present-in-retained-action-tables,,unavailable:not-retained-with-compatible-action-rows,,unavailable:not-retained-with-compatible-action-rows,,unavailable:not-retained-with-compatible-action-rows,,unavailable:not-retained-with-compatible-action-rows,,unavailable:not-retained-with-compatible-action-rows,,,,unjoinable:gus-corpus-state-namespace,available:public-role-seat-order-and-phase,phase_middle|role_setter|seat_pos_0|sequence_lead,,proxy-only:public-role-and-action-local-labels,,unavailable:not-present-in-retained-action-tables,,unavailable:not-present-in-retained-action-tables,available:actual-action-indicator-without-policy-probability,,unavailable:not-present-in-retained-action-tables,,unavailable:not-present-in-retained-action-tables,,,,unavailable:no-cross-decision-plan-state-or-intervention,proxy-only:fixed-threshold-and-tail-rankings-without-transform-consumer-or-context,,fixed-bid30:declaration-and-risk-proxies-only; no auction choices/history,,unavailable:not-present-in-retained-action-tables,,,unavailable:not-present-in-retained-action-tables,dnt_regime_doubles,,,dnt_regime_doubles|phase_middle|role_setter|seat_pos_0|sequence_lead,phase_middle|role_setter|seat_pos_0|sequence_lead,phase_middle_trick_2_4|position_lead|role_defender|role_left_setter|role_setter|seat_first_lead,,oracle/distribution columns are offline labels; role/order and proxy labels are public/action-local; eval_only_labels are never asserted as runtime features
w42.partnership_failure_atlas.v2,96a56ee3ddabc791cd12c9ee,corpus_v2_train_0-9_d0-9.pt:65:12,4-4,corpus_v2_train_0-9_d0-9.pt,6,65,12,fives,30,0,bidder,bidder,offense,3,0,lead,middle,0,false,true,,0,false,true,false,false,9.00305461883545,0.12354660034179688,0.0,0.0,18,available:derived-from-role-and-bid-using-retained-w42-semantics,P(Q>=threshold_q); threshold_q is role-and-bid-dependent,-18,P(Q<=-18),true,true,0.0,4,2,2,0,1,0,ch03_bidder_lead_off_suit|ch03_bidder_lead_plan|phase_middle|role_bidder|seat_pos_0|sequence_lead,false,false,true,ch03_bidder_lead_off_suit|ch03_bidder_lead_plan|phase_middle|role_bidder|seat_pos_0|sequence_lead,available:phase4-positive-and-negative-detector-sets,true,proxy-only:is-best-threshold-not-actual-gus-output,,unavailable:no-positional-cross-corpus-match,4,8.05124855042,9.12660121918,1.07535266876,0.123546600342,1,4-3,0.0,true,,unavailable:policy-not-fingerprinted-in-retained-action-tables,,unjoinable:no-shared-champion-action-state-fingerprint,available:exact-action-key,available:exact-action-key,available:exact-action-key,available:exact-action-key,available:exact-action-key,partial:q-outcome-summaries-without-worlds-weights-or-calibration,,unavailable:not-present-in-retained-action-tables,,unavailable:not-retained-with-compatible-action-rows,,unavailable:not-retained-with-compatible-action-rows,,unavailable:not-retained-with-compatible-action-rows,,unavailable:not-retained-with-compatible-action-rows,,unavailable:not-retained-with-compatible-action-rows,,,,unjoinable:gus-corpus-state-namespace,available:public-role-seat-order-and-phase,phase_middle|role_bidder|seat_pos_0|sequence_lead,,proxy-only:public-role-and-action-local-labels,,unavailable:not-present-in-retained-action-tables,,unavailable:not-present-in-retained-action-tables,available:actual-action-indicator-without-policy-probability,,unavailable:not-present-in-retained-action-tables,,unavailable:not-present-in-retained-action-tables,bidder_lead_plan|ch03_bidder_lead_plan,,,unavailable:no-cross-decision-plan-state-or-intervention,proxy-only:fixed-threshold-and-tail-rankings-without-transform-consumer-or-context,bidrisk_join_available|bidrisk_max_profitable_no_profitable_bid|bidrisk_off_count_1|bidrisk_pmake30_mid|bidrisk_static_risk_13_20|bidrisk_trump_count_3|bidrisk_wilson_safe_no_profitable_bid,fixed-bid30:declaration-and-risk-proxies-only; no auction choices/history,,unavailable:not-present-in-retained-action-tables,,,unavailable:not-present-in-retained-action-tables,,e84_public_candidate|e84_public_double_count_3|e84_public_off_count_1|e84_public_protected_one_off|e84_public_three_trump_three_double_one_off|e84_public_trump_count_3,,bidder_lead_noncount|bidder_lead_off_suit|bidder_lead_plan|bidrisk_join_available|bidrisk_max_profitable_no_profitable_bid|bidrisk_off_count_1|bidrisk_pmake30_mid|bidrisk_static_risk_13_20|bidrisk_trump_count_3|bidrisk_wilson_safe_no_profitable_bid|e84_public_candidate|e84_public_double_count_3|e84_public_off_count_1|e84_public_protected_one_off|e84_public_three_trump_three_double_one_off|e84_public_trump_count_3|phase_middle|role_bidder|seat_pos_0|sequence_lead,bidder_lead_noncount|bidder_lead_off_suit|bidder_lead_plan|phase_middle|role_bidder|seat_pos_0|sequence_lead,phase_middle_trick_2_4|position_lead|role_bidder|seat_first_lead,eval_e84_dead_asset_release_control|eval_e84_defender_live_double_weapon|eval_e84_defender_live_same_suit_pair|eval_e84_pair_protector_pressure,oracle/distribution columns are offline labels; role/order and proxy labels are public/action-local; eval_only_labels are never asserted as runtime features
w42.partnership_failure_atlas.v2,96be50fec95c386748ea76af,corpus_v2_train_10-19_d0-9.pt:85:18,6-1,corpus_v2_train_10-19_d0-9.pt,18,85,18,fives,30,0,bidder,bidder,offense,4,2,third,middle,0,false,false,offense,5,false,false,true,true,-3.431626081466675,0.0,0.3199999928474426,0.41999998688697815,18,available:derived-from-role-and-bid-using-retained-w42-semantics,P(Q>=threshold_q); threshold_q is role-and-bid-dependent,-18,P(Q<=-18),true,true,0.0,3,0,3,0,0,0,phase_middle|role_bidder|seat_pos_2|sequence_follow,true,false,false,phase_middle|role_bidder|seat_pos_2|sequence_follow,available:phase4-positive-and-negative-detector-sets,true,proxy-only:is-best-threshold-not-actual-gus-output,,unavailable:no-positional-cross-corpus-match,3,-4.12099742889,-3.43162608147,0.689371347427,0.674036741257,1,6-1,0.0,true,,unavailable:policy-not-fingerprinted-in-retained-action-tables,,unjoinable:no-shared-champion-action-state-fingerprint,available:exact-action-key,available:exact-action-key,available:exact-action-key,available:exact-action-key,available:exact-action-key,partial:q-outcome-summaries-without-worlds-weights-or-calibration,,unavailable:not-present-in-retained-action-tables,,unavailable:not-retained-with-compatible-action-rows,,unavailable:not-retained-with-compatible-action-rows,,unavailable:not-retained-with-compatible-action-rows,,unavailable:not-retained-with-compatible-action-rows,,unavailable:not-retained-with-compatible-action-rows,,,,unjoinable:gus-corpus-state-namespace,available:public-role-seat-order-and-phase,follower_partner_or_self_currently_winning|phase_middle|role_bidder|seat_pos_2|sequence_follow,follower_partner_or_self_currently_winning,proxy-only:public-role-and-action-local-labels,,unavailable:not-present-in-retained-action-tables,,unavailable:not-present-in-retained-action-tables,available:actual-action-indicator-without-policy-probability,,unavailable:not-present-in-retained-action-tables,,unavailable:not-present-in-retained-action-tables,,,,unavailable:no-cross-decision-plan-state-or-intervention,proxy-only:fixed-threshold-and-tail-rankings-without-transform-consumer-or-context,bidrisk_join_available|bidrisk_max_profitable_no_profitable_bid|bidrisk_off_count_5|bidrisk_pmake30_low|bidrisk_static_risk_le_12|bidrisk_trump_count_1|bidrisk_wilson_safe_no_profitable_bid,fixed-bid30:declaration-and-risk-proxies-only; no auction choices/history,,unavailable:not-present-in-retained-action-tables,,,unavailable:not-present-in-retained-action-tables,,,hidden_proxy_late_information_rich|hidden_proxy_our_side_controls_trick,bidrisk_join_available|bidrisk_max_profitable_no_profitable_bid|bidrisk_off_count_5|bidrisk_pmake30_low|bidrisk_static_risk_le_12|bidrisk_trump_count_1|bidrisk_wilson_safe_no_profitable_bid|follower_partner_or_self_currently_winning|hidden_proxy_late_information_rich|hidden_proxy_our_side_controls_trick|phase_middle|role_bidder|seat_pos_2|sequence_follow,follower_partner_or_self_currently_winning|phase_middle|role_bidder|seat_pos_2|sequence_follow,phase_middle_trick_2_4|position_follow|role_bidder|seat_third_follow,,oracle/distribution columns are offline labels; role/order and proxy labels are public/action-local; eval_only_labels are never asserted as runtime features
w42.partnership_failure_atlas.v2,96d34d1f2cb63d1c3fc2c5aa,corpus_v2_train_40-49_d0-9.pt:15:14,2-1,corpus_v2_train_40-49_d0-9.pt,41,15,14,fives,30,1,left_setter,setter,defense,3,2,third,middle,0,false,false,defense,0,false,false,true,true,-6.330487251281738,0.0,0.5899999737739563,0.36000001430511475,-17,available:derived-from-role-and-bid-using-retained-w42-semantics,P(Q>=threshold_q); threshold_q is role-and-bid-dependent,-18,P(Q<=-18),true,true,0.0,1,0,1,0,0,0,ch05_noncount_before_certainty_alternative|ch05_setter_pressure_regime|phase_middle|role_setter|seat_pos_2|sequence_follow,true,false,true,ch05_noncount_before_certainty_alternative|ch05_setter_pressure_regime|phase_middle|role_setter|seat_pos_2|sequence_follow,available:phase4-positive-and-negative-detector-sets,true,proxy-only:is-best-threshold-not-actual-gus-output,,unavailable:no-positional-cross-corpus-match,1,-6.33048725128,-6.33048725128,0,0,1,2-1,0.0,true,,unavailable:policy-not-fingerprinted-in-retained-action-tables,,unjoinable:no-shared-champion-action-state-fingerprint,available:exact-action-key,available:exact-action-key,available:exact-action-key,available:exact-action-key,available:exact-action-key,partial:q-outcome-summaries-without-worlds-weights-or-calibration,,unavailable:not-present-in-retained-action-tables,,unavailable:not-retained-with-compatible-action-rows,,unavailable:not-retained-with-compatible-action-rows,,unavailable:not-retained-with-compatible-action-rows,,unavailable:not-retained-with-compatible-action-rows,,unavailable:not-retained-with-compatible-action-rows,,,,unjoinable:gus-corpus-state-namespace,available:public-role-seat-order-and-phase,follower_partner_or_self_currently_winning|phase_middle|role_setter|seat_pos_2|sequence_follow,follower_partner_or_self_currently_winning,proxy-only:public-role-and-action-local-labels,,unavailable:not-present-in-retained-action-tables,,unavailable:not-present-in-retained-action-tables,available:actual-action-indicator-without-policy-probability,,unavailable:not-present-in-retained-action-tables,,unavailable:not-present-in-retained-action-tables,,,,unavailable:no-cross-decision-plan-state-or-intervention,proxy-only:fixed-threshold-and-tail-rankings-without-transform-consumer-or-context,,fixed-bid30:declaration-and-risk-proxies-only; no auction choices/history,,unavailable:not-present-in-retained-action-tables,,,unavailable:not-present-in-retained-action-tables,,,hidden_proxy_our_side_controls_trick,follower_partner_or_self_currently_winning|hidden_proxy_our_side_controls_trick|phase_middle|role_setter|seat_pos_2|sequence_follow,follower_partner_or_self_currently_winning|phase_middle|role_setter|seat_pos_2|sequence_follow,phase_middle_trick_2_4|position_follow|role_defender|role_left_setter|role_setter|seat_third_follow,,oracle/distribution columns are offline labels; role/order and proxy labels are public/action-local; eval_only_labels are never asserted as runtime features
w42.partnership_failure_atlas.v2,986c5a6dce9756bc018f3fed,corpus_v2_train_10-19_d0-9.pt:61:24,0-0,corpus_v2_train_10-19_d0-9.pt,16,61,24,ones,30,2,bidder_partner,partner,offense,6,0,lead,late,0,false,true,,0,false,true,true,true,16.24237823486328,0.0,0.0,0.0,18,available:derived-from-role-and-bid-using-retained-w42-semantics,P(Q>=threshold_q); threshold_q is role-and-bid-dependent,-18,P(Q<=-18),true,true,0.0,1,0,1,0,1,0,ch04_partner_double_or_virtual_boss_proxy|ch04_partner_lead_noncount_low_liability|ch04_partner_support_regime|phase_late|role_partner|seat_pos_0|sequence_lead,true,false,true,ch04_partner_double_or_virtual_boss_proxy|ch04_partner_lead_noncount_low_liability|ch04_partner_support_regime|phase_late|role_partner|seat_pos_0|sequence_lead,available:phase4-positive-and-negative-detector-sets,true,proxy-only:is-best-threshold-not-actual-gus-output,,unavailable:no-positional-cross-corpus-match,1,16.2423782349,16.2423782349,0,0,1,0-0,0.0,true,,unavailable:policy-not-fingerprinted-in-retained-action-tables,,unjoinable:no-shared-champion-action-state-fingerprint,available:exact-action-key,available:exact-action-key,available:exact-action-key,available:exact-action-key,available:exact-action-key,partial:q-outcome-summaries-without-worlds-weights-or-calibration,,unavailable:not-present-in-retained-action-tables,,unavailable:not-retained-with-compatible-action-rows,,unavailable:not-retained-with-compatible-action-rows,,unavailable:not-retained-with-compatible-action-rows,,unavailable:not-retained-with-compatible-action-rows,,unavailable:not-retained-with-compatible-action-rows,,,,unjoinable:gus-corpus-state-namespace,available:public-role-seat-order-and-phase,phase_late|role_partner|seat_pos_0|sequence_lead,ch04_partner_double_or_virtual_boss_proxy|ch04_partner_lead_noncount_low_liability|ch04_partner_support_regime|partner_support_sequence_context,proxy-only:public-role-and-action-local-labels,,unavailable:not-present-in-retained-action-tables,,unavailable:not-present-in-retained-action-tables,available:actual-action-indicator-without-policy-probability,,unavailable:not-present-in-retained-action-tables,,unavailable:not-present-in-retained-action-tables,,,,unavailable:no-cross-decision-plan-state-or-intervention,proxy-only:fixed-threshold-and-tail-rankings-without-transform-consumer-or-context,,fixed-bid30:declaration-and-risk-proxies-only; no auction choices/history,,unavailable:not-present-in-retained-action-tables,,,unavailable:not-present-in-retained-action-tables,,,hidden_proxy_late_information_rich,hidden_proxy_late_information_rich|partner_support_sequence_context|phase_late|role_partner|seat_pos_0|sequence_lead,partner_support_sequence_context|phase_late|role_partner|seat_pos_0|sequence_lead,partner_support_context|phase_late_trick_5_6|position_lead|role_partner|seat_first_lead,,oracle/distribution columns are offline labels; role/order and proxy labels are public/action-local; eval_only_labels are never asserted as runtime features
w42.partnership_failure_atlas.v2,994bbf263b84dd04670d5cbc,corpus_v2_train_50-59_d0-9.pt:65:14,5-4,corpus_v2_train_50-59_d0-9.pt,56,65,14,fives,30,1,left_setter,setter,defense,3,2,third,middle,0,true,false,defense,10,false,false,true,true,22.044092178344727,0.0,1.0,0.0,-17,available:derived-from-role-and-bid-using-retained-w42-semantics,P(Q>=threshold_q); threshold_q is role-and-bid-dependent,-18,P(Q<=-18),true,true,0.0,1,1,0,0,0,0,ch05_noncount_before_certainty_alternative|ch05_setter_pressure_regime|phase_middle|role_setter|seat_pos_2|sequence_follow,true,false,true,ch05_noncount_before_certainty_alternative|ch05_setter_pressure_regime|phase_middle|role_setter|seat_pos_2|sequence_follow,available:phase4-positive-and-negative-detector-sets,true,proxy-only:is-best-threshold-not-actual-gus-output,,unavailable:no-positional-cross-corpus-match,1,22.0440921783,22.0440921783,0,0,1,5-4,0.0,true,,unavailable:policy-not-fingerprinted-in-retained-action-tables,,unjoinable:no-shared-champion-action-state-fingerprint,available:exact-action-key,available:exact-action-key,available:exact-action-key,available:exact-action-key,available:exact-action-key,partial:q-outcome-summaries-without-worlds-weights-or-calibration,,unavailable:not-present-in-retained-action-tables,,unavailable:not-retained-with-compatible-action-rows,,unavailable:not-retained-with-compatible-action-rows,,unavailable:not-retained-with-compatible-action-rows,,unavailable:not-retained-with-compatible-action-rows,,unavailable:not-retained-with-compatible-action-rows,,,,unjoinable:gus-corpus-state-namespace,available:public-role-seat-order-and-phase,follower_partner_or_self_currently_winning|phase_middle|role_setter|seat_pos_2|sequence_follow,follower_partner_or_self_currently_winning,proxy-only:public-role-and-action-local-labels,,unavailable:not-present-in-retained-action-tables,,unavailable:not-present-in-retained-action-tables,available:actual-action-indicator-without-policy-probability,,unavailable:not-present-in-retained-action-tables,,unavailable:not-present-in-retained-action-tables,,,,unavailable:no-cross-decision-plan-state-or-intervention,proxy-only:fixed-threshold-and-tail-rankings-without-transform-consumer-or-context,,fixed-bid30:declaration-and-risk-proxies-only; no auction choices/history,,unavailable:not-present-in-retained-action-tables,,,unavailable:not-present-in-retained-action-tables,,,hidden_proxy_our_side_controls_trick,follower_partner_or_self_currently_winning|hidden_proxy_our_side_controls_trick|phase_middle|role_setter|seat_pos_2|sequence_follow,follower_partner_or_self_currently_winning|phase_middle|role_setter|seat_pos_2|sequence_follow,phase_middle_trick_2_4|position_follow|role_defender|role_left_setter|role_setter|seat_third_follow,,oracle/distribution columns are offline labels; role/order and proxy labels are public/action-local; eval_only_labels are never asserted as runtime features
w42.partnership_failure_atlas.v2,9a4324db0aec25d42d32d66d,corpus_v2_train_80-89_d0-9.pt:17:4,6-4,corpus_v2_train_80-89_d0-9.pt,81,17,4,doubles,30,2,bidder_partner,partner,offense,1,0,lead,early,10,false,false,,0,false,true,false,false,-0.5485888719558716,7.020087361335754,0.1599999964237213,0.33000001311302185,18,available:derived-from-role-and-bid-using-retained-w42-semantics,P(Q>=threshold_q); threshold_q is role-and-bid-dependent,-18,P(Q<=-18),false,false,0.1899999976158142,6,2,4,2,2,0,ch04_partner_lead_count_liability|ch04_partner_support_regime|phase_early|role_partner|seat_pos_0|sequence_lead,false,true,false,ch04_partner_lead_count_liability|ch04_partner_support_regime|phase_early|role_partner|seat_pos_0|sequence_lead,available:phase4-positive-and-negative-detector-sets,false,proxy-only:is-best-threshold-not-actual-gus-output,,unavailable:no-positional-cross-corpus-match,6,-0.548588871956,6.47149848938,7.02008736134,2.04314470291,1,5-4,0.0,true,,unavailable:policy-not-fingerprinted-in-retained-action-tables,,unjoinable:no-shared-champion-action-state-fingerprint,available:exact-action-key,available:exact-action-key,available:exact-action-key,available:exact-action-key,available:exact-action-key,partial:q-outcome-summaries-without-worlds-weights-or-calibration,,unavailable:not-present-in-retained-action-tables,,unavailable:not-retained-with-compatible-action-rows,,unavailable:not-retained-with-compatible-action-rows,,unavailable:not-retained-with-compatible-action-rows,,unavailable:not-retained-with-compatible-action-rows,,unavailable:not-retained-with-compatible-action-rows,,,,unjoinable:gus-corpus-state-namespace,available:public-role-seat-order-and-phase,phase_early|role_partner|seat_pos_0|sequence_lead,ch04_partner_lead_count_liability|ch04_partner_support_regime|partner_support_sequence_context,proxy-only:public-role-and-action-local-labels,,unavailable:not-present-in-retained-action-tables,,unavailable:not-present-in-retained-action-tables,available:actual-action-indicator-without-policy-probability,,unavailable:not-present-in-retained-action-tables,,unavailable:not-present-in-retained-action-tables,,,,unavailable:no-cross-decision-plan-state-or-intervention,proxy-only:fixed-threshold-and-tail-rankings-without-transform-consumer-or-context,,fixed-bid30:declaration-and-risk-proxies-only; no auction choices/history,,unavailable:not-present-in-retained-action-tables,,,unavailable:not-present-in-retained-action-tables,dnt_regime_doubles,,hidden_proxy_count_pressure|hidden_proxy_early_high_uncertainty,dnt_regime_doubles|hidden_proxy_count_pressure|hidden_proxy_early_high_uncertainty|partner_support_sequence_context|phase_early|role_partner|seat_pos_0|sequence_lead,partner_support_sequence_context|phase_early|role_partner|seat_pos_0|sequence_lead,partner_count_takes_control|partner_support_context|phase_early_trick_0_1|position_lead|role_partner|seat_first_lead,,oracle/distribution columns are offline labels; role/order and proxy labels are public/action-local; eval_only_labels are never asserted as runtime features
w42.partnership_failure_atlas.v2,9c3bfb32b61e99cfb483d72e,corpus_v2_train_80-89_d0-9.pt:9:11,6-1,corpus_v2_train_80-89_d0-9.pt,80,9,11,no-trump,30,3,right_setter,setter,defense,2,3,last,middle,0,false,false,defense,15,false,false,false,false,27.025318145751953,5.178211212158203,1.0,0.0,-17,available:derived-from-role-and-bid-using-retained-w42-semantics,P(Q>=threshold_q); threshold_q is role-and-bid-dependent,-18,P(Q<=-18),true,true,0.0,5,0,5,2,0,0,ch05_noncount_on_closure_defensive_win|ch05_setter_pressure_regime|phase_middle|role_setter|seat_pos_3|sequence_closure,false,false,false,ch05_noncount_on_closure_defensive_win|ch05_setter_pressure_regime|phase_middle|role_setter|seat_pos_3|sequence_closure,available:phase4-positive-and-negative-detector-sets,true,proxy-only:is-best-threshold-not-actual-gus-output,,unavailable:no-positional-cross-corpus-match,5,26.6603755951,32.2035293579,5.54315376282,0.583768844604,1,3-2,0.5837688446044922,false,,unavailable:policy-not-fingerprinted-in-retained-action-tables,,unjoinable:no-shared-champion-action-state-fingerprint,available:exact-action-key,available:exact-action-key,available:exact-action-key,available:exact-action-key,available:exact-action-key,partial:q-outcome-summaries-without-worlds-weights-or-calibration,,unavailable:not-present-in-retained-action-tables,,unavailable:not-retained-with-compatible-action-rows,,unavailable:not-retained-with-compatible-action-rows,,unavailable:not-retained-with-compatible-action-rows,,unavailable:not-retained-with-compatible-action-rows,,unavailable:not-retained-with-compatible-action-rows,,,,unjoinable:gus-corpus-state-namespace,available:public-role-seat-order-and-phase,closure_decline_trick|closure_sequence_decision|follower_partner_or_self_currently_winning|phase_middle|role_setter|seat_pos_3|sequence_last_to_act,follower_partner_or_self_currently_winning,proxy-only:public-role-and-action-local-labels,,unavailable:not-present-in-retained-action-tables,,unavailable:not-present-in-retained-action-tables,available:actual-action-indicator-without-policy-probability,,unavailable:not-present-in-retained-action-tables,,unavailable:not-present-in-retained-action-tables,,,,unavailable:no-cross-decision-plan-state-or-intervention,proxy-only:fixed-threshold-and-tail-rankings-without-transform-consumer-or-context,,fixed-bid30:declaration-and-risk-proxies-only; no auction choices/history,,unavailable:not-present-in-retained-action-tables,,,unavailable:not-present-in-retained-action-tables,dnt_regime_no_trump,,hidden_proxy_closure_information|hidden_proxy_our_side_controls_trick,closure_decline_trick|closure_sequence_decision|dnt_regime_no_trump|follower_partner_or_self_currently_winning|hidden_proxy_closure_information|hidden_proxy_our_side_controls_trick|phase_middle|role_setter|seat_pos_3|sequence_last_to_act,closure_decline_trick|closure_sequence_decision|follower_partner_or_self_currently_winning|phase_middle|role_setter|seat_pos_3|sequence_last_to_act,closure_decision|closure_decline_or_slough|phase_middle_trick_2_4|position_follow|position_last_to_act|role_defender|role_right_setter|role_setter|seat_fourth_closure,,oracle/distribution columns are offline labels; role/order and proxy labels are public/action-local; eval_only_labels are never asserted as runtime features
w42.partnership_failure_atlas.v2,9d6e73f7b9f1711eb67ce290,corpus_v2_train_90-99_d0-9.pt:39:9,3-3,corpus_v2_train_90-99_d0-9.pt,93,39,9,no-trump,30,2,bidder_partner,partner,offense,2,1,second,middle,0,false,true,defense,0,false,false,false,false,-11.96765422821045,0.8191823959350586,0.03500000014901161,0.42500001192092896,18,available:derived-from-role-and-bid-using-retained-w42-semantics,P(Q>=threshold_q); threshold_q is role-and-bid-dependent,-18,P(Q<=-18),false,false,0.004999998956918716,5,0,5,0,2,0,ch04_partner_support_regime|phase_middle|role_partner|seat_pos_1|sequence_follow,false,false,false,ch04_partner_support_regime|phase_middle|role_partner|seat_pos_1|sequence_follow,available:phase4-positive-and-negative-detector-sets,false,proxy-only:is-best-threshold-not-actual-gus-output,,unavailable:no-positional-cross-corpus-match,5,-12.2326974869,-11.1484718323,1.0842256546,0.176898956299,1,2-1,0.0,true,,unavailable:policy-not-fingerprinted-in-retained-action-tables,,unjoinable:no-shared-champion-action-state-fingerprint,available:exact-action-key,available:exact-action-key,available:exact-action-key,available:exact-action-key,available:exact-action-key,partial:q-outcome-summaries-without-worlds-weights-or-calibration,,unavailable:not-present-in-retained-action-tables,,unavailable:not-retained-with-compatible-action-rows,,unavailable:not-retained-with-compatible-action-rows,,unavailable:not-retained-with-compatible-action-rows,,unavailable:not-retained-with-compatible-action-rows,,unavailable:not-retained-with-compatible-action-rows,,,,unjoinable:gus-corpus-state-namespace,available:public-role-seat-order-and-phase,follower_opponent_currently_winning|phase_middle|role_partner|seat_pos_1|sequence_follow,ch04_partner_support_regime|partner_support_sequence_context,proxy-only:public-role-and-action-local-labels,,unavailable:not-present-in-retained-action-tables,,unavailable:not-present-in-retained-action-tables,available:actual-action-indicator-without-policy-probability,,unavailable:not-present-in-retained-action-tables,,unavailable:not-present-in-retained-action-tables,,,,unavailable:no-cross-decision-plan-state-or-intervention,proxy-only:fixed-threshold-and-tail-rankings-without-transform-consumer-or-context,,fixed-bid30:declaration-and-risk-proxies-only; no auction choices/history,,unavailable:not-present-in-retained-action-tables,,,unavailable:not-present-in-retained-action-tables,dnt_nt_candidate_double|dnt_regime_no_trump,,hidden_proxy_opponent_controls_trick,dnt_nt_candidate_double|dnt_regime_no_trump|follower_opponent_currently_winning|hidden_proxy_opponent_controls_trick|partner_support_sequence_context|phase_middle|role_partner|seat_pos_1|sequence_follow,follower_opponent_currently_winning|partner_support_sequence_context|phase_middle|role_partner|seat_pos_1|sequence_follow,partner_support_context|phase_middle_trick_2_4|position_follow|role_partner|seat_second_follow,,oracle/distribution columns are offline labels; role/order and proxy labels are public/action-local; eval_only_labels are never asserted as runtime features
w42.partnership_failure_atlas.v2,9db8b23dff04a0ce73beede0,corpus_v2_train_0-9_d0-9.pt:94:7,6-1,corpus_v2_train_0-9_d0-9.pt,9,94,7,fours,30,0,bidder,bidder,offense,1,3,last,early,0,false,false,defense,5,false,false,false,false,-22.454866409301758,21.65922349691391,0.03500000014901161,0.7400000095367432,18,available:derived-from-role-and-bid-using-retained-w42-semantics,P(Q>=threshold_q); threshold_q is role-and-bid-dependent,-18,P(Q<=-18),false,false,0.16500000283122063,6,1,5,0,0,1,phase_early|role_bidder|seat_pos_3|sequence_closure,false,false,false,phase_early|role_bidder|seat_pos_3|sequence_closure,available:phase4-positive-and-negative-detector-sets,false,proxy-only:is-best-threshold-not-actual-gus-output,,unavailable:no-positional-cross-corpus-match,6,-23.0837783813,-0.795642912388,22.288135469,20.1886290908,1,4-3,0.0,true,,unavailable:policy-not-fingerprinted-in-retained-action-tables,,unjoinable:no-shared-champion-action-state-fingerprint,available:exact-action-key,available:exact-action-key,available:exact-action-key,available:exact-action-key,available:exact-action-key,partial:q-outcome-summaries-without-worlds-weights-or-calibration,,unavailable:not-present-in-retained-action-tables,,unavailable:not-retained-with-compatible-action-rows,,unavailable:not-retained-with-compatible-action-rows,,unavailable:not-retained-with-compatible-action-rows,,unavailable:not-retained-with-compatible-action-rows,,unavailable:not-retained-with-compatible-action-rows,,,,unjoinable:gus-corpus-state-namespace,available:public-role-seat-order-and-phase,closure_decline_trick|closure_sequence_decision|follower_opponent_currently_winning|phase_early|role_bidder|seat_pos_3|sequence_last_to_act,,proxy-only:public-role-and-action-local-labels,,unavailable:not-present-in-retained-action-tables,,unavailable:not-present-in-retained-action-tables,available:actual-action-indicator-without-policy-probability,,unavailable:not-present-in-retained-action-tables,,unavailable:not-present-in-retained-action-tables,,,,unavailable:no-cross-decision-plan-state-or-intervention,proxy-only:fixed-threshold-and-tail-rankings-without-transform-consumer-or-context,bidrisk_join_available|bidrisk_max_profitable_no_profitable_bid|bidrisk_off_count_5|bidrisk_pmake30_low|bidrisk_static_risk_13_20|bidrisk_trump_count_2|bidrisk_wilson_safe_no_profitable_bid,fixed-bid30:declaration-and-risk-proxies-only; no auction choices/history,,unavailable:not-present-in-retained-action-tables,,,unavailable:not-present-in-retained-action-tables,,,hidden_proxy_closure_information|hidden_proxy_early_high_uncertainty|hidden_proxy_opponent_controls_trick,bidrisk_join_available|bidrisk_max_profitable_no_profitable_bid|bidrisk_off_count_5|bidrisk_pmake30_low|bidrisk_static_risk_13_20|bidrisk_trump_count_2|bidrisk_wilson_safe_no_profitable_bid|closure_decline_trick|closure_sequence_decision|follower_opponent_currently_winning|hidden_proxy_closure_information|hidden_proxy_early_high_uncertainty|hidden_proxy_opponent_controls_trick|phase_early|role_bidder|seat_pos_3|sequence_last_to_act,closure_decline_trick|closure_sequence_decision|follower_opponent_currently_winning|phase_early|role_bidder|seat_pos_3|sequence_last_to_act,closure_decision|closure_decline_or_slough|phase_early_trick_0_1|position_follow|position_last_to_act|role_bidder|seat_fourth_closure,,oracle/distribution columns are offline labels; role/order and proxy labels are public/action-local; eval_only_labels are never asserted as runtime features
w42.partnership_failure_atlas.v2,9e55cf63814a35ca22691cc2,corpus_v2_train_70-79_d0-9.pt:78:25,5-2,corpus_v2_train_70-79_d0-9.pt,77,78,25,doubles-suit,30,2,bidder_partner,partner,offense,6,1,second,late,0,false,false,defense,0,true,true,true,true,4.818073749542236,0.0,0.0,0.0,18,available:derived-from-role-and-bid-using-retained-w42-semantics,P(Q>=threshold_q); threshold_q is role-and-bid-dependent,-18,P(Q<=-18),true,true,0.0,1,0,1,0,0,1,ch04_partner_support_regime|phase_late|role_partner|seat_pos_1|sequence_follow,true,false,false,ch04_partner_support_regime|phase_late|role_partner|seat_pos_1|sequence_follow,available:phase4-positive-and-negative-detector-sets,true,proxy-only:is-best-threshold-not-actual-gus-output,,unavailable:no-positional-cross-corpus-match,1,4.81807374954,4.81807374954,0,0,1,5-2,0.0,true,,unavailable:policy-not-fingerprinted-in-retained-action-tables,,unjoinable:no-shared-champion-action-state-fingerprint,available:exact-action-key,available:exact-action-key,available:exact-action-key,available:exact-action-key,available:exact-action-key,partial:q-outcome-summaries-without-worlds-weights-or-calibration,,unavailable:not-present-in-retained-action-tables,,unavailable:not-retained-with-compatible-action-rows,,unavailable:not-retained-with-compatible-action-rows,,unavailable:not-retained-with-compatible-action-rows,,unavailable:not-retained-with-compatible-action-rows,,unavailable:not-retained-with-compatible-action-rows,,,,unjoinable:gus-corpus-state-namespace,available:public-role-seat-order-and-phase,follower_can_beat_opponent|follower_opponent_currently_winning|follower_take_control_from_opponent|phase_late|role_partner|seat_pos_1|sequence_follow,ch04_partner_support_regime|partner_support_sequence_context,proxy-only:public-role-and-action-local-labels,,unavailable:not-present-in-retained-action-tables,,unavailable:not-present-in-retained-action-tables,available:actual-action-indicator-without-policy-probability,,unavailable:not-present-in-retained-action-tables,,unavailable:not-present-in-retained-action-tables,,,,unavailable:no-cross-decision-plan-state-or-intervention,proxy-only:fixed-threshold-and-tail-rankings-without-transform-consumer-or-context,,fixed-bid30:declaration-and-risk-proxies-only; no auction choices/history,,unavailable:not-present-in-retained-action-tables,,,unavailable:not-present-in-retained-action-tables,dnt_regime_doubles-suit,,hidden_proxy_control_shift_available|hidden_proxy_late_information_rich|hidden_proxy_opponent_controls_trick,dnt_regime_doubles-suit|follower_can_beat_opponent|follower_opponent_currently_winning|follower_take_control_from_opponent|hidden_proxy_control_shift_available|hidden_proxy_late_information_rich|hidden_proxy_opponent_controls_trick|partner_support_sequence_context|phase_late|role_partner|seat_pos_1|sequence_follow,follower_can_beat_opponent|follower_opponent_currently_winning|follower_take_control_from_opponent|partner_support_sequence_context|phase_late|role_partner|seat_pos_1|sequence_follow,partner_support_context|phase_late_trick_5_6|position_follow|role_partner|seat_second_follow,,oracle/distribution columns are offline labels; role/order and proxy labels are public/action-local; eval_only_labels are never asserted as runtime features
w42.partnership_failure_atlas.v2,9ef09c095bf2b5a0fecc7dae,corpus_v2_train_20-29_d0-9.pt:2:21,5-1,corpus_v2_train_20-29_d0-9.pt,20,2,21,twos,30,0,bidder,bidder,offense,5,1,second,late,0,false,false,defense,0,false,false,true,true,4.701624870300293,0.0,0.0,0.0,18,available:derived-from-role-and-bid-using-retained-w42-semantics,P(Q>=threshold_q); threshold_q is role-and-bid-dependent,-18,P(Q<=-18),true,true,0.0,2,1,1,0,0,1,phase_late|role_bidder|seat_pos_1|sequence_follow,true,false,false,phase_late|role_bidder|seat_pos_1|sequence_follow,available:phase4-positive-and-negative-detector-sets,true,proxy-only:is-best-threshold-not-actual-gus-output,,unavailable:no-positional-cross-corpus-match,2,2.97197198868,4.7016248703,1.72965288162,1.72965288162,1,5-1,0.0,true,,unavailable:policy-not-fingerprinted-in-retained-action-tables,,unjoinable:no-shared-champion-action-state-fingerprint,available:exact-action-key,available:exact-action-key,available:exact-action-key,available:exact-action-key,available:exact-action-key,partial:q-outcome-summaries-without-worlds-weights-or-calibration,,unavailable:not-present-in-retained-action-tables,,unavailable:not-retained-with-compatible-action-rows,,unavailable:not-retained-with-compatible-action-rows,,unavailable:not-retained-with-compatible-action-rows,,unavailable:not-retained-with-compatible-action-rows,,unavailable:not-retained-with-compatible-action-rows,,,,unjoinable:gus-corpus-state-namespace,available:public-role-seat-order-and-phase,follower_opponent_currently_winning|phase_late|role_bidder|seat_pos_1|sequence_follow,,proxy-only:public-role-and-action-local-labels,,unavailable:not-present-in-retained-action-tables,,unavailable:not-present-in-retained-action-tables,available:actual-action-indicator-without-policy-probability,,unavailable:not-present-in-retained-action-tables,,unavailable:not-present-in-retained-action-tables,,,,unavailable:no-cross-decision-plan-state-or-intervention,proxy-only:fixed-threshold-and-tail-rankings-without-transform-consumer-or-context,,fixed-bid30:declaration-and-risk-proxies-only; no auction choices/history,,unavailable:not-present-in-retained-action-tables,,,unavailable:not-present-in-retained-action-tables,,,hidden_proxy_late_information_rich|hidden_proxy_opponent_controls_trick,follower_opponent_currently_winning|hidden_proxy_late_information_rich|hidden_proxy_opponent_controls_trick|phase_late|role_bidder|seat_pos_1|sequence_follow,follower_opponent_currently_winning|phase_late|role_bidder|seat_pos_1|sequence_follow,phase_late_trick_5_6|position_follow|role_bidder|seat_second_follow,,oracle/distribution columns are offline labels; role/order and proxy labels are public/action-local; eval_only_labels are never asserted as runtime features
w42.partnership_failure_atlas.v2,a3c9e82618ff63d4636b99c4,corpus_v2_train_60-69_d0-9.pt:92:21,6-6,corpus_v2_train_60-69_d0-9.pt,69,92,21,twos,30,1,left_setter,setter,defense,5,1,second,late,0,false,true,offense,10,true,true,true,true,11.9946870803833,0.0,1.0,0.0,-17,available:derived-from-role-and-bid-using-retained-w42-semantics,P(Q>=threshold_q); threshold_q is role-and-bid-dependent,-18,P(Q<=-18),true,true,0.0,1,0,1,0,1,1,ch05_noncount_to_bidder_control_alternative|ch05_pounce_take_count_now|ch05_setter_pressure_regime|phase_late|role_setter|seat_pos_1|sequence_follow,true,true,true,ch05_noncount_to_bidder_control_alternative|ch05_pounce_take_count_now|ch05_setter_pressure_regime|phase_late|role_setter|seat_pos_1|sequence_follow,available:phase4-positive-and-negative-detector-sets,true,proxy-only:is-best-threshold-not-actual-gus-output,,unavailable:no-positional-cross-corpus-match,1,11.9946870804,11.9946870804,0,0,1,6-6,0.0,true,,unavailable:policy-not-fingerprinted-in-retained-action-tables,,unjoinable:no-shared-champion-action-state-fingerprint,available:exact-action-key,available:exact-action-key,available:exact-action-key,available:exact-action-key,available:exact-action-key,partial:q-outcome-summaries-without-worlds-weights-or-calibration,,unavailable:not-present-in-retained-action-tables,,unavailable:not-retained-with-compatible-action-rows,,unavailable:not-retained-with-compatible-action-rows,,unavailable:not-retained-with-compatible-action-rows,,unavailable:not-retained-with-compatible-action-rows,,unavailable:not-retained-with-compatible-action-rows,,,,unjoinable:gus-corpus-state-namespace,available:public-role-seat-order-and-phase,follower_can_beat_opponent|follower_opponent_currently_winning|follower_take_control_from_opponent|phase_late|role_setter|seat_pos_1|sequence_follow|setter_pounce_sequence_window,,proxy-only:public-role-and-action-local-labels,,unavailable:not-present-in-retained-action-tables,,unavailable:not-present-in-retained-action-tables,available:actual-action-indicator-without-policy-probability,,unavailable:not-present-in-retained-action-tables,,unavailable:not-present-in-retained-action-tables,,,,unavailable:no-cross-decision-plan-state-or-intervention,proxy-only:fixed-threshold-and-tail-rankings-without-transform-consumer-or-context,,fixed-bid30:declaration-and-risk-proxies-only; no auction choices/history,,unavailable:not-present-in-retained-action-tables,,,unavailable:not-present-in-retained-action-tables,,,hidden_proxy_control_shift_available|hidden_proxy_late_information_rich|hidden_proxy_opponent_controls_trick,follower_can_beat_opponent|follower_opponent_currently_winning|follower_take_control_from_opponent|hidden_proxy_control_shift_available|hidden_proxy_late_information_rich|hidden_proxy_opponent_controls_trick|phase_late|role_setter|seat_pos_1|sequence_follow|setter_pounce_sequence_window,follower_can_beat_opponent|follower_opponent_currently_winning|follower_take_control_from_opponent|phase_late|role_setter|seat_pos_1|sequence_follow|setter_pounce_sequence_window,defensive_pounce_window|phase_late_trick_5_6|position_follow|role_defender|role_left_setter|role_setter|seat_second_follow,,oracle/distribution columns are offline labels; role/order and proxy labels are public/action-local; eval_only_labels are never asserted as runtime features
w42.partnership_failure_atlas.v2,a3f6cc486a62c8a8b7a54910,corpus_v2_train_40-49_d0-9.pt:91:12,5-3,corpus_v2_train_40-49_d0-9.pt,49,91,12,ones,30,1,left_setter,setter,defense,3,0,lead,middle,0,false,false,,0,false,true,false,false,-8.49121379852295,5.102865219116211,0.574999988079071,0.42500001192092896,-17,available:derived-from-role-and-bid-using-retained-w42-semantics,P(Q>=threshold_q); threshold_q is role-and-bid-dependent,-18,P(Q<=-18),false,false,0.23500001430511475,4,0,4,1,2,0,ch05_generic_non_count_calling_lead|ch05_non_count_calling_lead|ch05_setter_pressure_regime|phase_middle|role_setter|seat_pos_0|sequence_lead,false,false,true,ch05_generic_non_count_calling_lead|ch05_non_count_calling_lead|ch05_setter_pressure_regime|phase_middle|role_setter|seat_pos_0|sequence_lead,available:phase4-positive-and-negative-detector-sets,false,proxy-only:is-best-threshold-not-actual-gus-output,,unavailable:no-positional-cross-corpus-match,4,-8.49121379852,-3.38834857941,5.10286521912,2.67785644531,1,6-4,0.0,true,,unavailable:policy-not-fingerprinted-in-retained-action-tables,,unjoinable:no-shared-champion-action-state-fingerprint,available:exact-action-key,available:exact-action-key,available:exact-action-key,available:exact-action-key,available:exact-action-key,partial:q-outcome-summaries-without-worlds-weights-or-calibration,,unavailable:not-present-in-retained-action-tables,,unavailable:not-retained-with-compatible-action-rows,,unavailable:not-retained-with-compatible-action-rows,,unavailable:not-retained-with-compatible-action-rows,,unavailable:not-retained-with-compatible-action-rows,,unavailable:not-retained-with-compatible-action-rows,,,,unjoinable:gus-corpus-state-namespace,available:public-role-seat-order-and-phase,phase_middle|role_setter|seat_pos_0|sequence_lead,,proxy-only:public-role-and-action-local-labels,,unavailable:not-present-in-retained-action-tables,,unavailable:not-present-in-retained-action-tables,available:actual-action-indicator-without-policy-probability,,unavailable:not-present-in-retained-action-tables,,unavailable:not-present-in-retained-action-tables,,,,unavailable:no-cross-decision-plan-state-or-intervention,proxy-only:fixed-threshold-and-tail-rankings-without-transform-consumer-or-context,,fixed-bid30:declaration-and-risk-proxies-only; no auction choices/history,,unavailable:not-present-in-retained-action-tables,,,unavailable:not-present-in-retained-action-tables,,,,phase_middle|role_setter|seat_pos_0|sequence_lead,phase_middle|role_setter|seat_pos_0|sequence_lead,phase_middle_trick_2_4|position_lead|role_defender|role_left_setter|role_setter|seat_first_lead,,oracle/distribution columns are offline labels; role/order and proxy labels are public/action-local; eval_only_labels are never asserted as runtime features
w42.partnership_failure_atlas.v2,a4448ceeb11e87446d0f9d91,corpus_v2_train_30-39_d0-9.pt:98:9,6-1,corpus_v2_train_30-39_d0-9.pt,39,98,9,doubles-suit,30,0,bidder,bidder,offense,2,1,second,middle,0,false,false,defense,5,false,false,false,false,1.7656219005584717,2.3187243938446045,0.28999999165534973,0.20499999821186066,18,available:derived-from-role-and-bid-using-retained-w42-semantics,P(Q>=threshold_q); threshold_q is role-and-bid-dependent,-18,P(Q<=-18),false,false,0.07500001788139343,5,3,2,1,3,0,phase_middle|role_bidder|seat_pos_1|sequence_follow,false,false,false,phase_middle|role_bidder|seat_pos_1|sequence_follow,available:phase4-positive-and-negative-detector-sets,false,proxy-only:is-best-threshold-not-actual-gus-output,,unavailable:no-positional-cross-corpus-match,5,-2.84836387634,4.0843462944,6.93271017075,0.784735679626,1,2-0,0.0,true,,unavailable:policy-not-fingerprinted-in-retained-action-tables,,unjoinable:no-shared-champion-action-state-fingerprint,available:exact-action-key,available:exact-action-key,available:exact-action-key,available:exact-action-key,available:exact-action-key,partial:q-outcome-summaries-without-worlds-weights-or-calibration,,unavailable:not-present-in-retained-action-tables,,unavailable:not-retained-with-compatible-action-rows,,unavailable:not-retained-with-compatible-action-rows,,unavailable:not-retained-with-compatible-action-rows,,unavailable:not-retained-with-compatible-action-rows,,unavailable:not-retained-with-compatible-action-rows,,,,unjoinable:gus-corpus-state-namespace,available:public-role-seat-order-and-phase,follower_opponent_currently_winning|phase_middle|role_bidder|seat_pos_1|sequence_follow,,proxy-only:public-role-and-action-local-labels,,unavailable:not-present-in-retained-action-tables,,unavailable:not-present-in-retained-action-tables,available:actual-action-indicator-without-policy-probability,,unavailable:not-present-in-retained-action-tables,,unavailable:not-present-in-retained-action-tables,,,,unavailable:no-cross-decision-plan-state-or-intervention,proxy-only:fixed-threshold-and-tail-rankings-without-transform-consumer-or-context,,fixed-bid30:declaration-and-risk-proxies-only; no auction choices/history,,unavailable:not-present-in-retained-action-tables,,,unavailable:not-present-in-retained-action-tables,dnt_regime_doubles-suit,,hidden_proxy_opponent_controls_trick,dnt_regime_doubles-suit|follower_opponent_currently_winning|hidden_proxy_opponent_controls_trick|phase_middle|role_bidder|seat_pos_1|sequence_follow,follower_opponent_currently_winning|phase_middle|role_bidder|seat_pos_1|sequence_follow,phase_middle_trick_2_4|position_follow|role_bidder|seat_second_follow,,oracle/distribution columns are offline labels; role/order and proxy labels are public/action-local; eval_only_labels are never asserted as runtime features
w42.partnership_failure_atlas.v2,a52e2053a093f9b3aa033c3b,corpus_v2_train_70-79_d0-9.pt:82:14,3-0,corpus_v2_train_70-79_d0-9.pt,78,82,14,twos,30,3,right_setter,setter,defense,3,2,third,middle,0,false,false,offense,0,false,false,false,false,-3.8983047008514404,7.949033975601196,0.7400000095367432,0.23499999940395355,-17,available:derived-from-role-and-bid-using-retained-w42-semantics,P(Q>=threshold_q); threshold_q is role-and-bid-dependent,-18,P(Q<=-18),false,false,0.019999980926513672,4,2,2,1,1,2,ch05_hold_trump_no_count_proxy|ch05_noncount_to_bidder_control_alternative|ch05_setter_pressure_regime|phase_middle|role_setter|seat_pos_2|sequence_follow,false,false,true,ch05_hold_trump_no_count_proxy|ch05_noncount_to_bidder_control_alternative|ch05_setter_pressure_regime|phase_middle|role_setter|seat_pos_2|sequence_follow,available:phase4-positive-and-negative-detector-sets,false,proxy-only:is-best-threshold-not-actual-gus-output,,unavailable:no-positional-cross-corpus-match,4,-4.03744220734,4.05072927475,8.08817148209,1.01054120064,1,2-0,1.0105412006378174,false,,unavailable:policy-not-fingerprinted-in-retained-action-tables,,unjoinable:no-shared-champion-action-state-fingerprint,available:exact-action-key,available:exact-action-key,available:exact-action-key,available:exact-action-key,available:exact-action-key,partial:q-outcome-summaries-without-worlds-weights-or-calibration,,unavailable:not-present-in-retained-action-tables,,unavailable:not-retained-with-compatible-action-rows,,unavailable:not-retained-with-compatible-action-rows,,unavailable:not-retained-with-compatible-action-rows,,unavailable:not-retained-with-compatible-action-rows,,unavailable:not-retained-with-compatible-action-rows,,,,unjoinable:gus-corpus-state-namespace,available:public-role-seat-order-and-phase,follower_opponent_currently_winning|phase_middle|role_setter|seat_pos_2|sequence_follow|setter_pounce_sequence_window,,proxy-only:public-role-and-action-local-labels,,unavailable:not-present-in-retained-action-tables,,unavailable:not-present-in-retained-action-tables,available:actual-action-indicator-without-policy-probability,,unavailable:not-present-in-retained-action-tables,,unavailable:not-present-in-retained-action-tables,,,,unavailable:no-cross-decision-plan-state-or-intervention,proxy-only:fixed-threshold-and-tail-rankings-without-transform-consumer-or-context,,fixed-bid30:declaration-and-risk-proxies-only; no auction choices/history,,unavailable:not-present-in-retained-action-tables,,,unavailable:not-present-in-retained-action-tables,,,hidden_proxy_opponent_controls_trick,follower_opponent_currently_winning|hidden_proxy_opponent_controls_trick|phase_middle|role_setter|seat_pos_2|sequence_follow|setter_pounce_sequence_window,follower_opponent_currently_winning|phase_middle|role_setter|seat_pos_2|sequence_follow|setter_pounce_sequence_window,defensive_pounce_window|phase_middle_trick_2_4|position_follow|role_defender|role_right_setter|role_setter|seat_third_follow,,oracle/distribution columns are offline labels; role/order and proxy labels are public/action-local; eval_only_labels are never asserted as runtime features
w42.partnership_failure_atlas.v2,a5623fff7463ad9335b1496f,corpus_v2_train_10-19_d0-9.pt:29:15,6-3,corpus_v2_train_10-19_d0-9.pt,12,29,15,no-trump,30,1,left_setter,setter,defense,3,3,last,middle,0,false,false,offense,0,false,false,true,true,-8.434329986572266,0.0,0.5350000262260437,0.3400000035762787,-17,available:derived-from-role-and-bid-using-retained-w42-semantics,P(Q>=threshold_q); threshold_q is role-and-bid-dependent,-18,P(Q<=-18),true,true,0.0,4,0,4,0,2,0,ch05_noncount_to_bidder_control_alternative|ch05_setter_pressure_regime|phase_middle|role_setter|seat_pos_3|sequence_closure,true,false,true,ch05_noncount_to_bidder_control_alternative|ch05_setter_pressure_regime|phase_middle|role_setter|seat_pos_3|sequence_closure,available:phase4-positive-and-negative-detector-sets,true,proxy-only:is-best-threshold-not-actual-gus-output,,unavailable:no-positional-cross-corpus-match,4,-11.9767074585,-8.43432998657,3.54237747192,0.0213441848755,1,6-3,0.0,true,,unavailable:policy-not-fingerprinted-in-retained-action-tables,,unjoinable:no-shared-champion-action-state-fingerprint,available:exact-action-key,available:exact-action-key,available:exact-action-key,available:exact-action-key,available:exact-action-key,partial:q-outcome-summaries-without-worlds-weights-or-calibration,,unavailable:not-present-in-retained-action-tables,,unavailable:not-retained-with-compatible-action-rows,,unavailable:not-retained-with-compatible-action-rows,,unavailable:not-retained-with-compatible-action-rows,,unavailable:not-retained-with-compatible-action-rows,,unavailable:not-retained-with-compatible-action-rows,,,,unjoinable:gus-corpus-state-namespace,available:public-role-seat-order-and-phase,closure_decline_trick|closure_sequence_decision|follower_opponent_currently_winning|phase_middle|role_setter|seat_pos_3|sequence_last_to_act|setter_pounce_sequence_window,,proxy-only:public-role-and-action-local-labels,,unavailable:not-present-in-retained-action-tables,,unavailable:not-present-in-retained-action-tables,available:actual-action-indicator-without-policy-probability,,unavailable:not-present-in-retained-action-tables,,unavailable:not-present-in-retained-action-tables,,,,unavailable:no-cross-decision-plan-state-or-intervention,proxy-only:fixed-threshold-and-tail-rankings-without-transform-consumer-or-context,,fixed-bid30:declaration-and-risk-proxies-only; no auction choices/history,,unavailable:not-present-in-retained-action-tables,,,unavailable:not-present-in-retained-action-tables,dnt_regime_no_trump,,hidden_proxy_closure_information|hidden_proxy_opponent_controls_trick,closure_decline_trick|closure_sequence_decision|dnt_regime_no_trump|follower_opponent_currently_winning|hidden_proxy_closure_information|hidden_proxy_opponent_controls_trick|phase_middle|role_setter|seat_pos_3|sequence_last_to_act|setter_pounce_sequence_window,closure_decline_trick|closure_sequence_decision|follower_opponent_currently_winning|phase_middle|role_setter|seat_pos_3|sequence_last_to_act|setter_pounce_sequence_window,closure_decision|closure_decline_or_slough|defensive_pounce_window|phase_middle_trick_2_4|position_follow|position_last_to_act|role_defender|role_left_setter|role_setter|seat_fourth_closure,,oracle/distribution columns are offline labels; role/order and proxy labels are public/action-local; eval_only_labels are never asserted as runtime features
w42.partnership_failure_atlas.v2,a5c780f54a5c2be95774c311,corpus_v2_train_70-79_d0-9.pt:50:20,6-5,corpus_v2_train_70-79_d0-9.pt,75,50,20,blanks,30,0,bidder,bidder,offense,5,0,lead,late,0,false,false,,0,false,true,true,true,-0.2289268523454666,0.0,0.0,0.0,18,available:derived-from-role-and-bid-using-retained-w42-semantics,P(Q>=threshold_q); threshold_q is role-and-bid-dependent,-18,P(Q<=-18),true,true,0.0,2,0,2,0,0,0,ch03_bidder_lead_off_suit|ch03_bidder_lead_plan|phase_late|role_bidder|seat_pos_0|sequence_lead,true,false,true,ch03_bidder_lead_off_suit|ch03_bidder_lead_plan|phase_late|role_bidder|seat_pos_0|sequence_lead,available:phase4-positive-and-negative-detector-sets,true,proxy-only:is-best-threshold-not-actual-gus-output,,unavailable:no-positional-cross-corpus-match,2,-0.266913771629,-0.228926852345,0.0379869192839,0.0379869192839,1,6-5,0.0,true,,unavailable:policy-not-fingerprinted-in-retained-action-tables,,unjoinable:no-shared-champion-action-state-fingerprint,available:exact-action-key,available:exact-action-key,available:exact-action-key,available:exact-action-key,available:exact-action-key,partial:q-outcome-summaries-without-worlds-weights-or-calibration,,unavailable:not-present-in-retained-action-tables,,unavailable:not-retained-with-compatible-action-rows,,unavailable:not-retained-with-compatible-action-rows,,unavailable:not-retained-with-compatible-action-rows,,unavailable:not-retained-with-compatible-action-rows,,unavailable:not-retained-with-compatible-action-rows,,,,unjoinable:gus-corpus-state-namespace,available:public-role-seat-order-and-phase,phase_late|role_bidder|seat_pos_0|sequence_lead,,proxy-only:public-role-and-action-local-labels,,unavailable:not-present-in-retained-action-tables,,unavailable:not-present-in-retained-action-tables,available:actual-action-indicator-without-policy-probability,,unavailable:not-present-in-retained-action-tables,,unavailable:not-present-in-retained-action-tables,bidder_lead_plan|ch03_bidder_lead_plan,,,unavailable:no-cross-decision-plan-state-or-intervention,proxy-only:fixed-threshold-and-tail-rankings-without-transform-consumer-or-context,,fixed-bid30:declaration-and-risk-proxies-only; no auction choices/history,,unavailable:not-present-in-retained-action-tables,,,unavailable:not-present-in-retained-action-tables,,,hidden_proxy_late_information_rich,bidder_lead_noncount|bidder_lead_off_suit|bidder_lead_plan|hidden_proxy_late_information_rich|phase_late|role_bidder|seat_pos_0|sequence_lead,bidder_lead_noncount|bidder_lead_off_suit|bidder_lead_plan|phase_late|role_bidder|seat_pos_0|sequence_lead,phase_late_trick_5_6|position_lead|role_bidder|seat_first_lead,,oracle/distribution columns are offline labels; role/order and proxy labels are public/action-local; eval_only_labels are never asserted as runtime features
w42.partnership_failure_atlas.v2,a5f25b9e1243aee655eab783,corpus_v2_train_0-9_d0-9.pt:54:19,1-0,corpus_v2_train_0-9_d0-9.pt,5,54,19,fours,30,2,bidder_partner,partner,offense,4,3,last,middle,0,false,false,offense,10,false,false,false,false,17.81618881225586,0.027933120727539062,0.6349999904632568,0.0,18,available:derived-from-role-and-bid-using-retained-w42-semantics,P(Q>=threshold_q); threshold_q is role-and-bid-dependent,-18,P(Q<=-18),true,true,0.0,3,0,3,0,1,0,ch04_partner_noncount_closure_alternative|ch04_partner_support_regime|phase_middle|role_partner|seat_pos_3|sequence_closure,false,false,true,ch04_partner_noncount_closure_alternative|ch04_partner_support_regime|phase_middle|role_partner|seat_pos_3|sequence_closure,available:phase4-positive-and-negative-detector-sets,true,proxy-only:is-best-threshold-not-actual-gus-output,,unavailable:no-positional-cross-corpus-match,3,17.8161888123,17.844121933,0.0279331207275,0.00450706481934,1,2-0,0.0,true,,unavailable:policy-not-fingerprinted-in-retained-action-tables,,unjoinable:no-shared-champion-action-state-fingerprint,available:exact-action-key,available:exact-action-key,available:exact-action-key,available:exact-action-key,available:exact-action-key,partial:q-outcome-summaries-without-worlds-weights-or-calibration,,unavailable:not-present-in-retained-action-tables,,unavailable:not-retained-with-compatible-action-rows,,unavailable:not-retained-with-compatible-action-rows,,unavailable:not-retained-with-compatible-action-rows,,unavailable:not-retained-with-compatible-action-rows,,unavailable:not-retained-with-compatible-action-rows,,,,unjoinable:gus-corpus-state-namespace,available:public-role-seat-order-and-phase,closure_decline_trick|closure_sequence_decision|follower_partner_or_self_currently_winning|phase_middle|role_partner|seat_pos_3|sequence_last_to_act,ch04_partner_noncount_closure_alternative|ch04_partner_support_regime|follower_partner_or_self_currently_winning|partner_support_sequence_context,proxy-only:public-role-and-action-local-labels,,unavailable:not-present-in-retained-action-tables,,unavailable:not-present-in-retained-action-tables,available:actual-action-indicator-without-policy-probability,,unavailable:not-present-in-retained-action-tables,,unavailable:not-present-in-retained-action-tables,,,,unavailable:no-cross-decision-plan-state-or-intervention,proxy-only:fixed-threshold-and-tail-rankings-without-transform-consumer-or-context,bidrisk_join_available|bidrisk_max_profitable_no_profitable_bid|bidrisk_off_count_4|bidrisk_pmake30_mid|bidrisk_static_risk_le_12|bidrisk_trump_count_1|bidrisk_wilson_safe_no_profitable_bid,fixed-bid30:declaration-and-risk-proxies-only; no auction choices/history,,unavailable:not-present-in-retained-action-tables,,,unavailable:not-present-in-retained-action-tables,,,hidden_proxy_closure_information|hidden_proxy_late_information_rich|hidden_proxy_our_side_controls_trick,bidrisk_join_available|bidrisk_max_profitable_no_profitable_bid|bidrisk_off_count_4|bidrisk_pmake30_mid|bidrisk_static_risk_le_12|bidrisk_trump_count_1|bidrisk_wilson_safe_no_profitable_bid|closure_decline_trick|closure_sequence_decision|follower_partner_or_self_currently_winning|hidden_proxy_closure_information|hidden_proxy_late_information_rich|hidden_proxy_our_side_controls_trick|partner_support_sequence_context|phase_middle|role_partner|seat_pos_3|sequence_last_to_act,closure_decline_trick|closure_sequence_decision|follower_partner_or_self_currently_winning|partner_support_sequence_context|phase_middle|role_partner|seat_pos_3|sequence_last_to_act,closure_decision|closure_decline_or_slough|partner_support_context|phase_middle_trick_2_4|position_follow|position_last_to_act|role_partner|seat_fourth_closure,,oracle/distribution columns are offline labels; role/order and proxy labels are public/action-local; eval_only_labels are never asserted as runtime features
w42.partnership_failure_atlas.v2,a710bee5a388c6e975786a0a,corpus_v2_train_20-29_d0-9.pt:87:4,3-3,corpus_v2_train_20-29_d0-9.pt,28,87,4,doubles,30,1,left_setter,setter,defense,1,0,lead,early,0,true,true,,0,false,true,true,false,6.657104969024658,0.3854537010192871,0.8650000095367432,0.11999999731779099,-17,available:derived-from-role-and-bid-using-retained-w42-semantics,P(Q>=threshold_q); threshold_q is role-and-bid-dependent,-18,P(Q<=-18),true,false,0.0,6,2,4,1,2,0,ch05_count_calling_or_count_lead|ch05_setter_pressure_regime|phase_early|role_setter|seat_pos_0|sequence_lead,false,true,false,ch05_count_calling_or_count_lead|ch05_setter_pressure_regime|phase_early|role_setter|seat_pos_0|sequence_lead,available:phase4-positive-and-negative-detector-sets,true,proxy-only:is-best-threshold-not-actual-gus-output,,unavailable:no-positional-cross-corpus-match,6,2.84585666656,7.04255867004,4.19670200348,0.385453701019,1,3-3,0.3854537010192871,false,,unavailable:policy-not-fingerprinted-in-retained-action-tables,,unjoinable:no-shared-champion-action-state-fingerprint,available:exact-action-key,available:exact-action-key,available:exact-action-key,available:exact-action-key,available:exact-action-key,partial:q-outcome-summaries-without-worlds-weights-or-calibration,,unavailable:not-present-in-retained-action-tables,,unavailable:not-retained-with-compatible-action-rows,,unavailable:not-retained-with-compatible-action-rows,,unavailable:not-retained-with-compatible-action-rows,,unavailable:not-retained-with-compatible-action-rows,,unavailable:not-retained-with-compatible-action-rows,,,,unjoinable:gus-corpus-state-namespace,available:public-role-seat-order-and-phase,phase_early|role_setter|seat_pos_0|sequence_lead,,proxy-only:public-role-and-action-local-labels,,unavailable:not-present-in-retained-action-tables,,unavailable:not-present-in-retained-action-tables,available:actual-action-indicator-without-policy-probability,,unavailable:not-present-in-retained-action-tables,,unavailable:not-present-in-retained-action-tables,,,,unavailable:no-cross-decision-plan-state-or-intervention,proxy-only:fixed-threshold-and-tail-rankings-without-transform-consumer-or-context,,fixed-bid30:declaration-and-risk-proxies-only; no auction choices/history,,unavailable:not-present-in-retained-action-tables,,,unavailable:not-present-in-retained-action-tables,dnt_dt_candidate_double|dnt_regime_doubles,,hidden_proxy_early_high_uncertainty,dnt_dt_candidate_double|dnt_regime_doubles|hidden_proxy_early_high_uncertainty|phase_early|role_setter|seat_pos_0|sequence_lead,phase_early|role_setter|seat_pos_0|sequence_lead,phase_early_trick_0_1|position_lead|role_defender|role_left_setter|role_setter|seat_first_lead,,oracle/distribution columns are offline labels; role/order and proxy labels are public/action-local; eval_only_labels are never asserted as runtime features
w42.partnership_failure_atlas.v2,a72402ef671242545b3121a0,corpus_v2_train_40-49_d0-9.pt:16:4,4-2,corpus_v2_train_40-49_d0-9.pt,41,16,4,sixes,30,3,right_setter,setter,defense,1,0,lead,early,0,false,false,,0,false,true,false,false,-22.909496307373047,10.18823528289795,0.30000001192092896,0.6800000071525574,-17,available:derived-from-role-and-bid-using-retained-w42-semantics,P(Q>=threshold_q); threshold_q is role-and-bid-dependent,-18,P(Q<=-18),false,false,0.17999997735023499,6,0,6,0,2,0,ch05_generic_non_count_calling_lead|ch05_non_count_calling_lead|ch05_setter_pressure_regime|phase_early|role_setter|seat_pos_0|sequence_lead,false,false,true,ch05_generic_non_count_calling_lead|ch05_non_count_calling_lead|ch05_setter_pressure_regime|phase_early|role_setter|seat_pos_0|sequence_lead,available:phase4-positive-and-negative-detector-sets,false,proxy-only:is-best-threshold-not-actual-gus-output,,unavailable:no-positional-cross-corpus-match,6,-24.7290897369,-12.7212610245,12.0078287125,1.3798494339,1,3-3,0.0,true,,unavailable:policy-not-fingerprinted-in-retained-action-tables,,unjoinable:no-shared-champion-action-state-fingerprint,available:exact-action-key,available:exact-action-key,available:exact-action-key,available:exact-action-key,available:exact-action-key,partial:q-outcome-summaries-without-worlds-weights-or-calibration,,unavailable:not-present-in-retained-action-tables,,unavailable:not-retained-with-compatible-action-rows,,unavailable:not-retained-with-compatible-action-rows,,unavailable:not-retained-with-compatible-action-rows,,unavailable:not-retained-with-compatible-action-rows,,unavailable:not-retained-with-compatible-action-rows,,,,unjoinable:gus-corpus-state-namespace,available:public-role-seat-order-and-phase,phase_early|role_setter|seat_pos_0|sequence_lead,,proxy-only:public-role-and-action-local-labels,,unavailable:not-present-in-retained-action-tables,,unavailable:not-present-in-retained-action-tables,available:actual-action-indicator-without-policy-probability,,unavailable:not-present-in-retained-action-tables,,unavailable:not-present-in-retained-action-tables,,,,unavailable:no-cross-decision-plan-state-or-intervention,proxy-only:fixed-threshold-and-tail-rankings-without-transform-consumer-or-context,,fixed-bid30:declaration-and-risk-proxies-only; no auction choices/history,,unavailable:not-present-in-retained-action-tables,,,unavailable:not-present-in-retained-action-tables,,,hidden_proxy_early_high_uncertainty,hidden_proxy_early_high_uncertainty|phase_early|role_setter|seat_pos_0|sequence_lead,phase_early|role_setter|seat_pos_0|sequence_lead,phase_early_trick_0_1|position_lead|role_defender|role_right_setter|role_setter|seat_first_lead,,oracle/distribution columns are offline labels; role/order and proxy labels are public/action-local; eval_only_labels are never asserted as runtime features
w42.partnership_failure_atlas.v2,a761111139c8638774a6ad44,corpus_v2_train_30-39_d0-9.pt:82:25,3-1,corpus_v2_train_30-39_d0-9.pt,38,82,25,twos,30,1,left_setter,setter,defense,6,1,second,late,0,false,false,offense,0,false,false,true,true,0.1856655329465866,0.0,1.0,0.0,-17,available:derived-from-role-and-bid-using-retained-w42-semantics,P(Q>=threshold_q); threshold_q is role-and-bid-dependent,-18,P(Q<=-18),true,true,0.0,1,0,1,0,0,0,ch05_noncount_to_bidder_control_alternative|ch05_setter_pressure_regime|phase_late|role_setter|seat_pos_1|sequence_follow,true,false,true,ch05_noncount_to_bidder_control_alternative|ch05_setter_pressure_regime|phase_late|role_setter|seat_pos_1|sequence_follow,available:phase4-positive-and-negative-detector-sets,true,proxy-only:is-best-threshold-not-actual-gus-output,,unavailable:no-positional-cross-corpus-match,1,0.185665532947,0.185665532947,0,0,1,3-1,0.0,true,,unavailable:policy-not-fingerprinted-in-retained-action-tables,,unjoinable:no-shared-champion-action-state-fingerprint,available:exact-action-key,available:exact-action-key,available:exact-action-key,available:exact-action-key,available:exact-action-key,partial:q-outcome-summaries-without-worlds-weights-or-calibration,,unavailable:not-present-in-retained-action-tables,,unavailable:not-retained-with-compatible-action-rows,,unavailable:not-retained-with-compatible-action-rows,,unavailable:not-retained-with-compatible-action-rows,,unavailable:not-retained-with-compatible-action-rows,,unavailable:not-retained-with-compatible-action-rows,,,,unjoinable:gus-corpus-state-namespace,available:public-role-seat-order-and-phase,follower_opponent_currently_winning|phase_late|role_setter|seat_pos_1|sequence_follow|setter_pounce_sequence_window,,proxy-only:public-role-and-action-local-labels,,unavailable:not-present-in-retained-action-tables,,unavailable:not-present-in-retained-action-tables,available:actual-action-indicator-without-policy-probability,,unavailable:not-present-in-retained-action-tables,,unavailable:not-present-in-retained-action-tables,,,,unavailable:no-cross-decision-plan-state-or-intervention,proxy-only:fixed-threshold-and-tail-rankings-without-transform-consumer-or-context,,fixed-bid30:declaration-and-risk-proxies-only; no auction choices/history,,unavailable:not-present-in-retained-action-tables,,,unavailable:not-present-in-retained-action-tables,,,hidden_proxy_late_information_rich|hidden_proxy_opponent_controls_trick,follower_opponent_currently_winning|hidden_proxy_late_information_rich|hidden_proxy_opponent_controls_trick|phase_late|role_setter|seat_pos_1|sequence_follow|setter_pounce_sequence_window,follower_opponent_currently_winning|phase_late|role_setter|seat_pos_1|sequence_follow|setter_pounce_sequence_window,defensive_pounce_window|phase_late_trick_5_6|position_follow|role_defender|role_left_setter|role_setter|seat_second_follow,,oracle/distribution columns are offline labels; role/order and proxy labels are public/action-local; eval_only_labels are never asserted as runtime features
w42.partnership_failure_atlas.v2,a8b9ee3735faf70213a274cf,corpus_v2_train_0-9_d0-9.pt:26:14,5-3,corpus_v2_train_0-9_d0-9.pt,2,26,14,sixes,30,1,left_setter,setter,defense,3,2,third,middle,0,false,false,defense,0,false,false,false,true,17.905715942382812,0.0,0.9900000095367432,0.009999999776482582,-17,available:derived-from-role-and-bid-using-retained-w42-semantics,P(Q>=threshold_q); threshold_q is role-and-bid-dependent,-18,P(Q<=-18),true,true,0.0,4,0,4,0,1,0,ch05_noncount_before_certainty_alternative|ch05_setter_pressure_regime|phase_middle|role_setter|seat_pos_2|sequence_follow,true,false,true,ch05_noncount_before_certainty_alternative|ch05_setter_pressure_regime|phase_middle|role_setter|seat_pos_2|sequence_follow,available:phase4-positive-and-negative-detector-sets,true,proxy-only:is-best-threshold-not-actual-gus-output,,unavailable:no-positional-cross-corpus-match,4,6.47630739212,17.9057159424,11.4294085503,0.0875301361084,1,5-1,0.08753013610839844,false,,unavailable:policy-not-fingerprinted-in-retained-action-tables,,unjoinable:no-shared-champion-action-state-fingerprint,available:exact-action-key,available:exact-action-key,available:exact-action-key,available:exact-action-key,available:exact-action-key,partial:q-outcome-summaries-without-worlds-weights-or-calibration,,unavailable:not-present-in-retained-action-tables,,unavailable:not-retained-with-compatible-action-rows,,unavailable:not-retained-with-compatible-action-rows,,unavailable:not-retained-with-compatible-action-rows,,unavailable:not-retained-with-compatible-action-rows,,unavailable:not-retained-with-compatible-action-rows,,,,unjoinable:gus-corpus-state-namespace,available:public-role-seat-order-and-phase,follower_partner_or_self_currently_winning|phase_middle|role_setter|seat_pos_2|sequence_follow,follower_partner_or_self_currently_winning,proxy-only:public-role-and-action-local-labels,,unavailable:not-present-in-retained-action-tables,,unavailable:not-present-in-retained-action-tables,available:actual-action-indicator-without-policy-probability,,unavailable:not-present-in-retained-action-tables,,unavailable:not-present-in-retained-action-tables,,,,unavailable:no-cross-decision-plan-state-or-intervention,proxy-only:fixed-threshold-and-tail-rankings-without-transform-consumer-or-context,bidrisk_four_five_off|bidrisk_join_available|bidrisk_max_profitable_no_profitable_bid|bidrisk_off_count_5|bidrisk_pmake30_low|bidrisk_static_risk_gt_20|bidrisk_trump_count_1|bidrisk_wilson_safe_no_profitable_bid,fixed-bid30:declaration-and-risk-proxies-only; no auction choices/history,,unavailable:not-present-in-retained-action-tables,,,unavailable:not-present-in-retained-action-tables,,,hidden_proxy_our_side_controls_trick,bidrisk_four_five_off|bidrisk_join_available|bidrisk_max_profitable_no_profitable_bid|bidrisk_off_count_5|bidrisk_pmake30_low|bidrisk_static_risk_gt_20|bidrisk_trump_count_1|bidrisk_wilson_safe_no_profitable_bid|follower_partner_or_self_currently_winning|hidden_proxy_our_side_controls_trick|phase_middle|role_setter|seat_pos_2|sequence_follow,follower_partner_or_self_currently_winning|phase_middle|role_setter|seat_pos_2|sequence_follow,phase_middle_trick_2_4|position_follow|role_defender|role_left_setter|role_setter|seat_third_follow,,oracle/distribution columns are offline labels; role/order and proxy labels are public/action-local; eval_only_labels are never asserted as runtime features
w42.partnership_failure_atlas.v2,a8cfa0b84f4de17c298e2df2,corpus_v2_train_40-49_d0-9.pt:42:6,3-1,corpus_v2_train_40-49_d0-9.pt,44,42,6,twos,30,2,bidder_partner,partner,offense,1,2,third,early,0,false,false,offense,0,false,false,false,false,-5.4664306640625,1.2220025062561035,0.22499999403953552,0.39500001072883606,18,available:derived-from-role-and-bid-using-retained-w42-semantics,P(Q>=threshold_q); threshold_q is role-and-bid-dependent,-18,P(Q<=-18),false,false,0.005000010132789612,6,1,5,0,2,1,ch04_partner_noncount_before_closure_alternative|ch04_partner_support_regime|phase_early|role_partner|seat_pos_2|sequence_follow,false,false,true,ch04_partner_noncount_before_closure_alternative|ch04_partner_support_regime|phase_early|role_partner|seat_pos_2|sequence_follow,available:phase4-positive-and-negative-detector-sets,false,proxy-only:is-best-threshold-not-actual-gus-output,,unavailable:no-positional-cross-corpus-match,6,-6.70271015167,-4.24442815781,2.45828199387,1.22200250626,1,5-3,0.0,true,,unavailable:policy-not-fingerprinted-in-retained-action-tables,,unjoinable:no-shared-champion-action-state-fingerprint,available:exact-action-key,available:exact-action-key,available:exact-action-key,available:exact-action-key,available:exact-action-key,partial:q-outcome-summaries-without-worlds-weights-or-calibration,,unavailable:not-present-in-retained-action-tables,,unavailable:not-retained-with-compatible-action-rows,,unavailable:not-retained-with-compatible-action-rows,,unavailable:not-retained-with-compatible-action-rows,,unavailable:not-retained-with-compatible-action-rows,,unavailable:not-retained-with-compatible-action-rows,,,,unjoinable:gus-corpus-state-namespace,available:public-role-seat-order-and-phase,follower_partner_or_self_currently_winning|phase_early|role_partner|seat_pos_2|sequence_follow,ch04_partner_noncount_before_closure_alternative|ch04_partner_support_regime|follower_partner_or_self_currently_winning|partner_support_sequence_context,proxy-only:public-role-and-action-local-labels,,unavailable:not-present-in-retained-action-tables,,unavailable:not-present-in-retained-action-tables,available:actual-action-indicator-without-policy-probability,,unavailable:not-present-in-retained-action-tables,,unavailable:not-present-in-retained-action-tables,,,,unavailable:no-cross-decision-plan-state-or-intervention,proxy-only:fixed-threshold-and-tail-rankings-without-transform-consumer-or-context,,fixed-bid30:declaration-and-risk-proxies-only; no auction choices/history,,unavailable:not-present-in-retained-action-tables,,,unavailable:not-present-in-retained-action-tables,,,hidden_proxy_early_high_uncertainty|hidden_proxy_our_side_controls_trick,follower_partner_or_self_currently_winning|hidden_proxy_early_high_uncertainty|hidden_proxy_our_side_controls_trick|partner_support_sequence_context|phase_early|role_partner|seat_pos_2|sequence_follow,follower_partner_or_self_currently_winning|partner_support_sequence_context|phase_early|role_partner|seat_pos_2|sequence_follow,partner_support_context|phase_early_trick_0_1|position_follow|role_partner|seat_third_follow,,oracle/distribution columns are offline labels; role/order and proxy labels are public/action-local; eval_only_labels are never asserted as runtime features
w42.partnership_failure_atlas.v2,a8fc08518acb88bb794bc2af,corpus_v2_train_20-29_d0-9.pt:71:2,6-0,corpus_v2_train_20-29_d0-9.pt,27,71,2,ones,30,2,bidder_partner,partner,offense,0,2,third,early,0,false,false,offense,0,false,false,true,true,-19.045392990112305,0.0,0.06499999761581421,0.5950000286102295,18,available:derived-from-role-and-bid-using-retained-w42-semantics,P(Q>=threshold_q); threshold_q is role-and-bid-dependent,-18,P(Q<=-18),true,true,0.0,2,0,2,0,0,0,ch04_partner_noncount_before_closure_alternative|ch04_partner_support_regime|phase_early|role_partner|seat_pos_2|sequence_follow,true,false,true,ch04_partner_noncount_before_closure_alternative|ch04_partner_support_regime|phase_early|role_partner|seat_pos_2|sequence_follow,available:phase4-positive-and-negative-detector-sets,true,proxy-only:is-best-threshold-not-actual-gus-output,,unavailable:no-positional-cross-corpus-match,2,-20.7156257629,-19.0453929901,1.67023277283,1.67023277283,1,6-0,0.0,true,,unavailable:policy-not-fingerprinted-in-retained-action-tables,,unjoinable:no-shared-champion-action-state-fingerprint,available:exact-action-key,available:exact-action-key,available:exact-action-key,available:exact-action-key,available:exact-action-key,partial:q-outcome-summaries-without-worlds-weights-or-calibration,,unavailable:not-present-in-retained-action-tables,,unavailable:not-retained-with-compatible-action-rows,,unavailable:not-retained-with-compatible-action-rows,,unavailable:not-retained-with-compatible-action-rows,,unavailable:not-retained-with-compatible-action-rows,,unavailable:not-retained-with-compatible-action-rows,,,,unjoinable:gus-corpus-state-namespace,available:public-role-seat-order-and-phase,follower_partner_or_self_currently_winning|phase_early|role_partner|seat_pos_2|sequence_follow,ch04_partner_noncount_before_closure_alternative|ch04_partner_support_regime|follower_partner_or_self_currently_winning|partner_support_sequence_context,proxy-only:public-role-and-action-local-labels,,unavailable:not-present-in-retained-action-tables,,unavailable:not-present-in-retained-action-tables,available:actual-action-indicator-without-policy-probability,,unavailable:not-present-in-retained-action-tables,,unavailable:not-present-in-retained-action-tables,,,,unavailable:no-cross-decision-plan-state-or-intervention,proxy-only:fixed-threshold-and-tail-rankings-without-transform-consumer-or-context,,fixed-bid30:declaration-and-risk-proxies-only; no auction choices/history,,unavailable:not-present-in-retained-action-tables,,,unavailable:not-present-in-retained-action-tables,,,hidden_proxy_early_high_uncertainty|hidden_proxy_our_side_controls_trick,follower_partner_or_self_currently_winning|hidden_proxy_early_high_uncertainty|hidden_proxy_our_side_controls_trick|partner_support_sequence_context|phase_early|role_partner|seat_pos_2|sequence_follow,follower_partner_or_self_currently_winning|partner_support_sequence_context|phase_early|role_partner|seat_pos_2|sequence_follow,partner_support_context|phase_early_trick_0_1|position_follow|role_partner|seat_third_follow,,oracle/distribution columns are offline labels; role/order and proxy labels are public/action-local; eval_only_labels are never asserted as runtime features
w42.partnership_failure_atlas.v2,a928bdb218992e3076605502,corpus_v2_train_0-9_d0-9.pt:15:0,6-5,corpus_v2_train_0-9_d0-9.pt,1,15,0,fives,30,0,bidder,bidder,offense,0,0,lead,early,0,true,false,,0,false,true,true,false,-10.767102241516113,3.6866259574890137,0.23999999463558197,0.5,18,available:derived-from-role-and-bid-using-retained-w42-semantics,P(Q>=threshold_q); threshold_q is role-and-bid-dependent,-18,P(Q<=-18),true,false,0.0,7,1,6,1,1,0,ch03_bidder_lead_plan|ch03_bidder_lead_trump_or_called|ch03_called_non_double|ch03_last_visible_trump_spent_before_off_proxy|phase_early|role_bidder|seat_pos_0|sequence_lead,false,true,false,ch03_bidder_lead_plan|ch03_bidder_lead_trump_or_called|ch03_called_non_double|ch03_last_visible_trump_spent_before_off_proxy|phase_early|role_bidder|seat_pos_0|sequence_lead,available:phase4-positive-and-negative-detector-sets,true,proxy-only:is-best-threshold-not-actual-gus-output,,unavailable:no-positional-cross-corpus-match,7,-15.7853059769,-7.08047628403,8.70482969284,3.68662595749,1,6-5,3.6866259574890137,false,,unavailable:policy-not-fingerprinted-in-retained-action-tables,,unjoinable:no-shared-champion-action-state-fingerprint,available:exact-action-key,available:exact-action-key,available:exact-action-key,available:exact-action-key,available:exact-action-key,partial:q-outcome-summaries-without-worlds-weights-or-calibration,,unavailable:not-present-in-retained-action-tables,,unavailable:not-retained-with-compatible-action-rows,,unavailable:not-retained-with-compatible-action-rows,,unavailable:not-retained-with-compatible-action-rows,,unavailable:not-retained-with-compatible-action-rows,,unavailable:not-retained-with-compatible-action-rows,,,,unjoinable:gus-corpus-state-namespace,available:public-role-seat-order-and-phase,phase_early|role_bidder|seat_pos_0|sequence_lead,,proxy-only:public-role-and-action-local-labels,,unavailable:not-present-in-retained-action-tables,,unavailable:not-present-in-retained-action-tables,available:actual-action-indicator-without-policy-probability,,unavailable:not-present-in-retained-action-tables,,unavailable:not-present-in-retained-action-tables,bidder_lead_plan|ch03_bidder_lead_plan,,,unavailable:no-cross-decision-plan-state-or-intervention,proxy-only:fixed-threshold-and-tail-rankings-without-transform-consumer-or-context,bidrisk_join_available|bidrisk_max_profitable_no_profitable_bid|bidrisk_off_count_5|bidrisk_pmake30_low|bidrisk_static_risk_13_20|bidrisk_trump_count_1|bidrisk_wilson_safe_no_profitable_bid,fixed-bid30:declaration-and-risk-proxies-only; no auction choices/history,,unavailable:not-present-in-retained-action-tables,,,unavailable:not-present-in-retained-action-tables,,,hidden_proxy_early_high_uncertainty,bidder_lead_called_non_double|bidder_lead_called_suit|bidder_lead_noncount|bidder_lead_plan|bidrisk_join_available|bidrisk_max_profitable_no_profitable_bid|bidrisk_off_count_5|bidrisk_pmake30_low|bidrisk_static_risk_13_20|bidrisk_trump_count_1|bidrisk_wilson_safe_no_profitable_bid|hidden_proxy_early_high_uncertainty|phase_early|role_bidder|seat_pos_0|sequence_lead,bidder_lead_called_non_double|bidder_lead_called_suit|bidder_lead_noncount|bidder_lead_plan|phase_early|role_bidder|seat_pos_0|sequence_lead,phase_early_trick_0_1|position_lead|role_bidder|seat_first_lead,,oracle/distribution columns are offline labels; role/order and proxy labels are public/action-local; eval_only_labels are never asserted as runtime features
w42.partnership_failure_atlas.v2,a9cc3d5eca3f175f98bd9165,corpus_v2_train_30-39_d0-9.pt:72:11,2-2,corpus_v2_train_30-39_d0-9.pt,37,72,11,twos,30,0,bidder,bidder,offense,2,3,last,middle,0,true,true,defense,0,true,true,false,false,17.129732131958008,6.7890472412109375,0.6000000238418579,0.0,18,available:derived-from-role-and-bid-using-retained-w42-semantics,P(Q>=threshold_q); threshold_q is role-and-bid-dependent,-18,P(Q<=-18),false,true,0.14499998092651367,3,3,0,1,1,3,phase_middle|role_bidder|seat_pos_3|sequence_closure,false,false,false,phase_middle|role_bidder|seat_pos_3|sequence_closure,available:phase4-positive-and-negative-detector-sets,false,proxy-only:is-best-threshold-not-actual-gus-output,,unavailable:no-positional-cross-corpus-match,3,17.129732132,23.9187793732,6.78904724121,0.126138687134,1,5-2,0.12613868713378906,false,,unavailable:policy-not-fingerprinted-in-retained-action-tables,,unjoinable:no-shared-champion-action-state-fingerprint,available:exact-action-key,available:exact-action-key,available:exact-action-key,available:exact-action-key,available:exact-action-key,partial:q-outcome-summaries-without-worlds-weights-or-calibration,,unavailable:not-present-in-retained-action-tables,,unavailable:not-retained-with-compatible-action-rows,,unavailable:not-retained-with-compatible-action-rows,,unavailable:not-retained-with-compatible-action-rows,,unavailable:not-retained-with-compatible-action-rows,,unavailable:not-retained-with-compatible-action-rows,,,,unjoinable:gus-corpus-state-namespace,available:public-role-seat-order-and-phase,closure_sequence_decision|closure_take_trick|follower_can_beat_opponent|follower_opponent_currently_winning|follower_take_control_from_opponent|phase_middle|role_bidder|seat_pos_3|sequence_last_to_act,,proxy-only:public-role-and-action-local-labels,,unavailable:not-present-in-retained-action-tables,,unavailable:not-present-in-retained-action-tables,available:actual-action-indicator-without-policy-probability,,unavailable:not-present-in-retained-action-tables,,unavailable:not-present-in-retained-action-tables,,,,unavailable:no-cross-decision-plan-state-or-intervention,proxy-only:fixed-threshold-and-tail-rankings-without-transform-consumer-or-context,,fixed-bid30:declaration-and-risk-proxies-only; no auction choices/history,,unavailable:not-present-in-retained-action-tables,,,unavailable:not-present-in-retained-action-tables,,,hidden_proxy_closure_information|hidden_proxy_control_shift_available|hidden_proxy_opponent_controls_trick,closure_sequence_decision|closure_take_trick|follower_can_beat_opponent|follower_opponent_currently_winning|follower_take_control_from_opponent|hidden_proxy_closure_information|hidden_proxy_control_shift_available|hidden_proxy_opponent_controls_trick|phase_middle|role_bidder|seat_pos_3|sequence_last_to_act,closure_sequence_decision|closure_take_trick|follower_can_beat_opponent|follower_opponent_currently_winning|follower_take_control_from_opponent|phase_middle|role_bidder|seat_pos_3|sequence_last_to_act,closure_decision|closure_take_trick|phase_middle_trick_2_4|position_follow|position_last_to_act|role_bidder|seat_fourth_closure,,oracle/distribution columns are offline labels; role/order and proxy labels are public/action-local; eval_only_labels are never asserted as runtime features
w42.partnership_failure_atlas.v2,aa100b203dcb80a9b9c4c0e4,corpus_v2_train_80-89_d0-9.pt:18:4,4-4,corpus_v2_train_80-89_d0-9.pt,81,18,4,doubles-suit,30,3,right_setter,setter,defense,1,0,lead,early,0,true,true,,0,false,true,false,false,-2.652101516723633,7.265409469604492,0.7149999737739563,0.25999999046325684,-17,available:derived-from-role-and-bid-using-retained-w42-semantics,P(Q>=threshold_q); threshold_q is role-and-bid-dependent,-18,P(Q<=-18),false,false,0.11000001430511475,6,1,5,0,1,0,ch05_count_calling_or_count_lead|ch05_setter_pressure_regime|phase_early|role_setter|seat_pos_0|sequence_lead,false,true,false,ch05_count_calling_or_count_lead|ch05_setter_pressure_regime|phase_early|role_setter|seat_pos_0|sequence_lead,available:phase4-positive-and-negative-detector-sets,false,proxy-only:is-best-threshold-not-actual-gus-output,,unavailable:no-positional-cross-corpus-match,6,-3.22357296944,4.61330795288,7.83688092232,6.99164295197,1,6-2,0.0,true,,unavailable:policy-not-fingerprinted-in-retained-action-tables,,unjoinable:no-shared-champion-action-state-fingerprint,available:exact-action-key,available:exact-action-key,available:exact-action-key,available:exact-action-key,available:exact-action-key,partial:q-outcome-summaries-without-worlds-weights-or-calibration,,unavailable:not-present-in-retained-action-tables,,unavailable:not-retained-with-compatible-action-rows,,unavailable:not-retained-with-compatible-action-rows,,unavailable:not-retained-with-compatible-action-rows,,unavailable:not-retained-with-compatible-action-rows,,unavailable:not-retained-with-compatible-action-rows,,,,unjoinable:gus-corpus-state-namespace,available:public-role-seat-order-and-phase,phase_early|role_setter|seat_pos_0|sequence_lead,,proxy-only:public-role-and-action-local-labels,,unavailable:not-present-in-retained-action-tables,,unavailable:not-present-in-retained-action-tables,available:actual-action-indicator-without-policy-probability,,unavailable:not-present-in-retained-action-tables,,unavailable:not-present-in-retained-action-tables,,,,unavailable:no-cross-decision-plan-state-or-intervention,proxy-only:fixed-threshold-and-tail-rankings-without-transform-consumer-or-context,,fixed-bid30:declaration-and-risk-proxies-only; no auction choices/history,,unavailable:not-present-in-retained-action-tables,,,unavailable:not-present-in-retained-action-tables,dnt_dt_candidate_double|dnt_regime_doubles-suit,,hidden_proxy_early_high_uncertainty,dnt_dt_candidate_double|dnt_regime_doubles-suit|hidden_proxy_early_high_uncertainty|phase_early|role_setter|seat_pos_0|sequence_lead,phase_early|role_setter|seat_pos_0|sequence_lead,phase_early_trick_0_1|position_lead|role_defender|role_right_setter|role_setter|seat_first_lead,,oracle/distribution columns are offline labels; role/order and proxy labels are public/action-local; eval_only_labels are never asserted as runtime features
w42.partnership_failure_atlas.v2,aa4bb6f2f550ef2ab9419657,corpus_v2_train_50-59_d0-9.pt:42:0,5-4,corpus_v2_train_50-59_d0-9.pt,54,42,0,twos,30,0,bidder,bidder,offense,0,0,lead,early,0,false,false,,0,false,true,false,false,-20.39769172668457,11.907637596130371,0.08500000089406967,0.6499999761581421,18,available:derived-from-role-and-bid-using-retained-w42-semantics,P(Q>=threshold_q); threshold_q is role-and-bid-dependent,-18,P(Q<=-18),false,false,0.0650000050663948,7,1,6,1,2,0,ch03_bidder_lead_off_suit|ch03_bidder_lead_plan|phase_early|role_bidder|seat_pos_0|sequence_lead,false,false,true,ch03_bidder_lead_off_suit|ch03_bidder_lead_plan|phase_early|role_bidder|seat_pos_0|sequence_lead,available:phase4-positive-and-negative-detector-sets,false,proxy-only:is-best-threshold-not-actual-gus-output,,unavailable:no-positional-cross-corpus-match,7,-23.0735301971,-8.49005413055,14.5834760666,1.41139030457,1,6-6,0.0,true,,unavailable:policy-not-fingerprinted-in-retained-action-tables,,unjoinable:no-shared-champion-action-state-fingerprint,available:exact-action-key,available:exact-action-key,available:exact-action-key,available:exact-action-key,available:exact-action-key,partial:q-outcome-summaries-without-worlds-weights-or-calibration,,unavailable:not-present-in-retained-action-tables,,unavailable:not-retained-with-compatible-action-rows,,unavailable:not-retained-with-compatible-action-rows,,unavailable:not-retained-with-compatible-action-rows,,unavailable:not-retained-with-compatible-action-rows,,unavailable:not-retained-with-compatible-action-rows,,,,unjoinable:gus-corpus-state-namespace,available:public-role-seat-order-and-phase,phase_early|role_bidder|seat_pos_0|sequence_lead,,proxy-only:public-role-and-action-local-labels,,unavailable:not-present-in-retained-action-tables,,unavailable:not-present-in-retained-action-tables,available:actual-action-indicator-without-policy-probability,,unavailable:not-present-in-retained-action-tables,,unavailable:not-present-in-retained-action-tables,bidder_lead_plan|ch03_bidder_lead_plan,,,unavailable:no-cross-decision-plan-state-or-intervention,proxy-only:fixed-threshold-and-tail-rankings-without-transform-consumer-or-context,,fixed-bid30:declaration-and-risk-proxies-only; no auction choices/history,,unavailable:not-present-in-retained-action-tables,,,unavailable:not-present-in-retained-action-tables,,,hidden_proxy_early_high_uncertainty,bidder_lead_noncount|bidder_lead_off_suit|bidder_lead_plan|hidden_proxy_early_high_uncertainty|phase_early|role_bidder|seat_pos_0|sequence_lead,bidder_lead_noncount|bidder_lead_off_suit|bidder_lead_plan|phase_early|role_bidder|seat_pos_0|sequence_lead,phase_early_trick_0_1|position_lead|role_bidder|seat_first_lead,,oracle/distribution columns are offline labels; role/order and proxy labels are public/action-local; eval_only_labels are never asserted as runtime features
w42.partnership_failure_atlas.v2,aa8ff5317c821d83985b48ad,corpus_v2_train_10-19_d0-9.pt:90:9,6-5,corpus_v2_train_10-19_d0-9.pt,19,90,9,blanks,30,2,bidder_partner,partner,offense,2,1,second,middle,0,false,false,defense,0,true,true,true,true,-7.4221086502075195,0.0,0.1899999976158142,0.3700000047683716,18,available:derived-from-role-and-bid-using-retained-w42-semantics,P(Q>=threshold_q); threshold_q is role-and-bid-dependent,-18,P(Q<=-18),true,true,0.0,1,0,1,0,0,1,ch04_partner_support_regime|phase_middle|role_partner|seat_pos_1|sequence_follow,true,false,false,ch04_partner_support_regime|phase_middle|role_partner|seat_pos_1|sequence_follow,available:phase4-positive-and-negative-detector-sets,true,proxy-only:is-best-threshold-not-actual-gus-output,,unavailable:no-positional-cross-corpus-match,1,-7.42210865021,-7.42210865021,0,0,1,6-5,0.0,true,,unavailable:policy-not-fingerprinted-in-retained-action-tables,,unjoinable:no-shared-champion-action-state-fingerprint,available:exact-action-key,available:exact-action-key,available:exact-action-key,available:exact-action-key,available:exact-action-key,partial:q-outcome-summaries-without-worlds-weights-or-calibration,,unavailable:not-present-in-retained-action-tables,,unavailable:not-retained-with-compatible-action-rows,,unavailable:not-retained-with-compatible-action-rows,,unavailable:not-retained-with-compatible-action-rows,,unavailable:not-retained-with-compatible-action-rows,,unavailable:not-retained-with-compatible-action-rows,,,,unjoinable:gus-corpus-state-namespace,available:public-role-seat-order-and-phase,follower_can_beat_opponent|follower_opponent_currently_winning|follower_take_control_from_opponent|phase_middle|role_partner|seat_pos_1|sequence_follow,ch04_partner_support_regime|partner_support_sequence_context,proxy-only:public-role-and-action-local-labels,,unavailable:not-present-in-retained-action-tables,,unavailable:not-present-in-retained-action-tables,available:actual-action-indicator-without-policy-probability,,unavailable:not-present-in-retained-action-tables,,unavailable:not-present-in-retained-action-tables,,,,unavailable:no-cross-decision-plan-state-or-intervention,proxy-only:fixed-threshold-and-tail-rankings-without-transform-consumer-or-context,,fixed-bid30:declaration-and-risk-proxies-only; no auction choices/history,,unavailable:not-present-in-retained-action-tables,,,unavailable:not-present-in-retained-action-tables,,,hidden_proxy_control_shift_available|hidden_proxy_opponent_controls_trick,follower_can_beat_opponent|follower_opponent_currently_winning|follower_take_control_from_opponent|hidden_proxy_control_shift_available|hidden_proxy_opponent_controls_trick|partner_support_sequence_context|phase_middle|role_partner|seat_pos_1|sequence_follow,follower_can_beat_opponent|follower_opponent_currently_winning|follower_take_control_from_opponent|partner_support_sequence_context|phase_middle|role_partner|seat_pos_1|sequence_follow,partner_support_context|phase_middle_trick_2_4|position_follow|role_partner|seat_second_follow,,oracle/distribution columns are offline labels; role/order and proxy labels are public/action-local; eval_only_labels are never asserted as runtime features
w42.partnership_failure_atlas.v2,ab0d6c4f45a2d5ac1911d8ad,corpus_v2_train_80-89_d0-9.pt:34:1,6-3,corpus_v2_train_80-89_d0-9.pt,83,34,1,fours,30,1,left_setter,setter,defense,0,1,second,early,0,false,false,offense,5,false,false,false,false,-7.463302135467529,0.9201617240905762,0.574999988079071,0.4099999964237213,-17,available:derived-from-role-and-bid-using-retained-w42-semantics,P(Q>=threshold_q); threshold_q is role-and-bid-dependent,-18,P(Q<=-18),true,false,0.0,7,0,7,1,2,0,ch05_noncount_to_bidder_control_alternative|ch05_setter_pressure_regime|phase_early|role_setter|seat_pos_1|sequence_follow,false,false,true,ch05_noncount_to_bidder_control_alternative|ch05_setter_pressure_regime|phase_early|role_setter|seat_pos_1|sequence_follow,available:phase4-positive-and-negative-detector-sets,true,proxy-only:is-best-threshold-not-actual-gus-output,,unavailable:no-positional-cross-corpus-match,7,-10.0225992203,-6.54314041138,3.4794588089,0.570831775665,1,2-0,0.7249455451965332,false,,unavailable:policy-not-fingerprinted-in-retained-action-tables,,unjoinable:no-shared-champion-action-state-fingerprint,available:exact-action-key,available:exact-action-key,available:exact-action-key,available:exact-action-key,available:exact-action-key,partial:q-outcome-summaries-without-worlds-weights-or-calibration,,unavailable:not-present-in-retained-action-tables,,unavailable:not-retained-with-compatible-action-rows,,unavailable:not-retained-with-compatible-action-rows,,unavailable:not-retained-with-compatible-action-rows,,unavailable:not-retained-with-compatible-action-rows,,unavailable:not-retained-with-compatible-action-rows,,,,unjoinable:gus-corpus-state-namespace,available:public-role-seat-order-and-phase,follower_opponent_currently_winning|phase_early|role_setter|seat_pos_1|sequence_follow|setter_pounce_sequence_window,,proxy-only:public-role-and-action-local-labels,,unavailable:not-present-in-retained-action-tables,,unavailable:not-present-in-retained-action-tables,available:actual-action-indicator-without-policy-probability,,unavailable:not-present-in-retained-action-tables,,unavailable:not-present-in-retained-action-tables,,,,unavailable:no-cross-decision-plan-state-or-intervention,proxy-only:fixed-threshold-and-tail-rankings-without-transform-consumer-or-context,,fixed-bid30:declaration-and-risk-proxies-only; no auction choices/history,,unavailable:not-present-in-retained-action-tables,,,unavailable:not-present-in-retained-action-tables,,,hidden_proxy_early_high_uncertainty|hidden_proxy_opponent_controls_trick,follower_opponent_currently_winning|hidden_proxy_early_high_uncertainty|hidden_proxy_opponent_controls_trick|phase_early|role_setter|seat_pos_1|sequence_follow|setter_pounce_sequence_window,follower_opponent_currently_winning|phase_early|role_setter|seat_pos_1|sequence_follow|setter_pounce_sequence_window,defensive_pounce_window|phase_early_trick_0_1|position_follow|role_defender|role_left_setter|role_setter|seat_second_follow,,oracle/distribution columns are offline labels; role/order and proxy labels are public/action-local; eval_only_labels are never asserted as runtime features
w42.partnership_failure_atlas.v2,ab61e20700f798a2e8b9da43,corpus_v2_train_30-39_d0-9.pt:65:13,1-1,corpus_v2_train_30-39_d0-9.pt,36,65,13,fives,30,3,right_setter,setter,defense,3,1,second,middle,0,false,true,offense,0,false,false,false,false,-6.649405479431152,0.1742100715637207,1.0,0.0,-17,available:derived-from-role-and-bid-using-retained-w42-semantics,P(Q>=threshold_q); threshold_q is role-and-bid-dependent,-18,P(Q<=-18),true,true,0.0,4,0,4,0,2,0,ch05_noncount_to_bidder_control_alternative|ch05_setter_pressure_regime|phase_middle|role_setter|seat_pos_1|sequence_follow,false,false,true,ch05_noncount_to_bidder_control_alternative|ch05_setter_pressure_regime|phase_middle|role_setter|seat_pos_1|sequence_follow,available:phase4-positive-and-negative-detector-sets,true,proxy-only:is-best-threshold-not-actual-gus-output,,unavailable:no-positional-cross-corpus-match,4,-9.79592514038,-6.47519540787,3.32072973251,0.00959157943726,1,4-0,0.0,true,,unavailable:policy-not-fingerprinted-in-retained-action-tables,,unjoinable:no-shared-champion-action-state-fingerprint,available:exact-action-key,available:exact-action-key,available:exact-action-key,available:exact-action-key,available:exact-action-key,partial:q-outcome-summaries-without-worlds-weights-or-calibration,,unavailable:not-present-in-retained-action-tables,,unavailable:not-retained-with-compatible-action-rows,,unavailable:not-retained-with-compatible-action-rows,,unavailable:not-retained-with-compatible-action-rows,,unavailable:not-retained-with-compatible-action-rows,,unavailable:not-retained-with-compatible-action-rows,,,,unjoinable:gus-corpus-state-namespace,available:public-role-seat-order-and-phase,follower_opponent_currently_winning|phase_middle|role_setter|seat_pos_1|sequence_follow|setter_pounce_sequence_window,,proxy-only:public-role-and-action-local-labels,,unavailable:not-present-in-retained-action-tables,,unavailable:not-present-in-retained-action-tables,available:actual-action-indicator-without-policy-probability,,unavailable:not-present-in-retained-action-tables,,unavailable:not-present-in-retained-action-tables,,,,unavailable:no-cross-decision-plan-state-or-intervention,proxy-only:fixed-threshold-and-tail-rankings-without-transform-consumer-or-context,,fixed-bid30:declaration-and-risk-proxies-only; no auction choices/history,,unavailable:not-present-in-retained-action-tables,,,unavailable:not-present-in-retained-action-tables,,,hidden_proxy_opponent_controls_trick,follower_opponent_currently_winning|hidden_proxy_opponent_controls_trick|phase_middle|role_setter|seat_pos_1|sequence_follow|setter_pounce_sequence_window,follower_opponent_currently_winning|phase_middle|role_setter|seat_pos_1|sequence_follow|setter_pounce_sequence_window,defensive_pounce_window|phase_middle_trick_2_4|position_follow|role_defender|role_right_setter|role_setter|seat_second_follow,,oracle/distribution columns are offline labels; role/order and proxy labels are public/action-local; eval_only_labels are never asserted as runtime features
w42.partnership_failure_atlas.v2,ac224c5c15376e4e057a5b5f,corpus_v2_train_40-49_d0-9.pt:3:5,4-0,corpus_v2_train_40-49_d0-9.pt,40,3,5,threes,30,0,bidder,bidder,offense,1,1,second,early,0,false,false,defense,0,false,false,true,true,-19.12889862060547,0.0,0.019999999552965164,0.5699999928474426,18,available:derived-from-role-and-bid-using-retained-w42-semantics,P(Q>=threshold_q); threshold_q is role-and-bid-dependent,-18,P(Q<=-18),true,true,0.0,6,0,6,0,1,0,phase_early|role_bidder|seat_pos_1|sequence_follow,true,false,false,phase_early|role_bidder|seat_pos_1|sequence_follow,available:phase4-positive-and-negative-detector-sets,true,proxy-only:is-best-threshold-not-actual-gus-output,,unavailable:no-positional-cross-corpus-match,6,-22.3352584839,-19.1288986206,3.20635986328,0.0271434783936,1,4-0,0.0,true,,unavailable:policy-not-fingerprinted-in-retained-action-tables,,unjoinable:no-shared-champion-action-state-fingerprint,available:exact-action-key,available:exact-action-key,available:exact-action-key,available:exact-action-key,available:exact-action-key,partial:q-outcome-summaries-without-worlds-weights-or-calibration,,unavailable:not-present-in-retained-action-tables,,unavailable:not-retained-with-compatible-action-rows,,unavailable:not-retained-with-compatible-action-rows,,unavailable:not-retained-with-compatible-action-rows,,unavailable:not-retained-with-compatible-action-rows,,unavailable:not-retained-with-compatible-action-rows,,,,unjoinable:gus-corpus-state-namespace,available:public-role-seat-order-and-phase,follower_opponent_currently_winning|phase_early|role_bidder|seat_pos_1|sequence_follow,,proxy-only:public-role-and-action-local-labels,,unavailable:not-present-in-retained-action-tables,,unavailable:not-present-in-retained-action-tables,available:actual-action-indicator-without-policy-probability,,unavailable:not-present-in-retained-action-tables,,unavailable:not-present-in-retained-action-tables,,,,unavailable:no-cross-decision-plan-state-or-intervention,proxy-only:fixed-threshold-and-tail-rankings-without-transform-consumer-or-context,,fixed-bid30:declaration-and-risk-proxies-only; no auction choices/history,,unavailable:not-present-in-retained-action-tables,,,unavailable:not-present-in-retained-action-tables,,,hidden_proxy_early_high_uncertainty|hidden_proxy_opponent_controls_trick,follower_opponent_currently_winning|hidden_proxy_early_high_uncertainty|hidden_proxy_opponent_controls_trick|phase_early|role_bidder|seat_pos_1|sequence_follow,follower_opponent_currently_winning|phase_early|role_bidder|seat_pos_1|sequence_follow,phase_early_trick_0_1|position_follow|role_bidder|seat_second_follow,,oracle/distribution columns are offline labels; role/order and proxy labels are public/action-local; eval_only_labels are never asserted as runtime features
w42.partnership_failure_atlas.v2,ac43b816e6ed7dea618646fc,corpus_v2_train_80-89_d0-9.pt:23:14,6-6,corpus_v2_train_80-89_d0-9.pt,82,23,14,threes,30,1,left_setter,setter,defense,3,2,third,middle,0,false,true,offense,0,false,false,true,false,0.04093190282583237,1.5428870096802711,0.8849999904632568,0.09000000357627869,-17,available:derived-from-role-and-bid-using-retained-w42-semantics,P(Q>=threshold_q); threshold_q is role-and-bid-dependent,-18,P(Q<=-18),true,true,0.0,4,2,2,0,2,2,ch05_hold_trump_no_count_proxy|ch05_noncount_to_bidder_control_alternative|ch05_setter_pressure_regime|phase_middle|role_setter|seat_pos_2|sequence_follow,false,false,true,ch05_hold_trump_no_count_proxy|ch05_noncount_to_bidder_control_alternative|ch05_setter_pressure_regime|phase_middle|role_setter|seat_pos_2|sequence_follow,available:phase4-positive-and-negative-detector-sets,true,proxy-only:is-best-threshold-not-actual-gus-output,,unavailable:no-positional-cross-corpus-match,4,-1.2079834938,1.58381891251,2.79180240631,0.57649075985,1,6-6,1.5428870096802711,false,,unavailable:policy-not-fingerprinted-in-retained-action-tables,,unjoinable:no-shared-champion-action-state-fingerprint,available:exact-action-key,available:exact-action-key,available:exact-action-key,available:exact-action-key,available:exact-action-key,partial:q-outcome-summaries-without-worlds-weights-or-calibration,,unavailable:not-present-in-retained-action-tables,,unavailable:not-retained-with-compatible-action-rows,,unavailable:not-retained-with-compatible-action-rows,,unavailable:not-retained-with-compatible-action-rows,,unavailable:not-retained-with-compatible-action-rows,,unavailable:not-retained-with-compatible-action-rows,,,,unjoinable:gus-corpus-state-namespace,available:public-role-seat-order-and-phase,follower_opponent_currently_winning|phase_middle|role_setter|seat_pos_2|sequence_follow|setter_pounce_sequence_window,,proxy-only:public-role-and-action-local-labels,,unavailable:not-present-in-retained-action-tables,,unavailable:not-present-in-retained-action-tables,available:actual-action-indicator-without-policy-probability,,unavailable:not-present-in-retained-action-tables,,unavailable:not-present-in-retained-action-tables,,,,unavailable:no-cross-decision-plan-state-or-intervention,proxy-only:fixed-threshold-and-tail-rankings-without-transform-consumer-or-context,,fixed-bid30:declaration-and-risk-proxies-only; no auction choices/history,,unavailable:not-present-in-retained-action-tables,,,unavailable:not-present-in-retained-action-tables,,e84_public_candidate|e84_public_double_count_3|e84_public_off_count_2|e84_public_trump_count_2|e84_public_two_off_same_suit,hidden_proxy_opponent_controls_trick,e84_public_candidate|e84_public_double_count_3|e84_public_off_count_2|e84_public_trump_count_2|e84_public_two_off_same_suit|follower_opponent_currently_winning|hidden_proxy_opponent_controls_trick|phase_middle|role_setter|seat_pos_2|sequence_follow|setter_pounce_sequence_window,follower_opponent_currently_winning|phase_middle|role_setter|seat_pos_2|sequence_follow|setter_pounce_sequence_window,defensive_pounce_window|phase_middle_trick_2_4|position_follow|role_defender|role_left_setter|role_setter|seat_third_follow,eval_e84_dead_asset_release_control|eval_e84_defender_live_double_weapon|eval_e84_defender_live_same_suit_pair|eval_e84_pair_protector_pressure,oracle/distribution columns are offline labels; role/order and proxy labels are public/action-local; eval_only_labels are never asserted as runtime features
w42.partnership_failure_atlas.v2,ad16721632fe376ae60b0bd1,corpus_v2_train_0-9_d0-9.pt:17:4,5-2,corpus_v2_train_0-9_d0-9.pt,1,17,4,doubles,30,1,left_setter,setter,defense,1,0,lead,early,0,false,false,,0,false,true,false,false,4.16866397857666,0.6572318077087402,0.7599999904632568,0.23499999940395355,-17,available:derived-from-role-and-bid-using-retained-w42-semantics,P(Q>=threshold_q); threshold_q is role-and-bid-dependent,-18,P(Q<=-18),false,false,0.009999990463256836,6,2,4,0,2,0,ch05_generic_non_count_calling_lead|ch05_non_count_calling_lead|ch05_setter_pressure_regime|phase_early|role_setter|seat_pos_0|sequence_lead,false,false,true,ch05_generic_non_count_calling_lead|ch05_non_count_calling_lead|ch05_setter_pressure_regime|phase_early|role_setter|seat_pos_0|sequence_lead,available:phase4-positive-and-negative-detector-sets,false,proxy-only:is-best-threshold-not-actual-gus-output,,unavailable:no-positional-cross-corpus-match,6,-1.16694378853,4.82589578629,5.99283957481,0.27916765213,1,5-4,0.0,true,,unavailable:policy-not-fingerprinted-in-retained-action-tables,,unjoinable:no-shared-champion-action-state-fingerprint,available:exact-action-key,available:exact-action-key,available:exact-action-key,available:exact-action-key,available:exact-action-key,partial:q-outcome-summaries-without-worlds-weights-or-calibration,,unavailable:not-present-in-retained-action-tables,,unavailable:not-retained-with-compatible-action-rows,,unavailable:not-retained-with-compatible-action-rows,,unavailable:not-retained-with-compatible-action-rows,,unavailable:not-retained-with-compatible-action-rows,,unavailable:not-retained-with-compatible-action-rows,,,,unjoinable:gus-corpus-state-namespace,available:public-role-seat-order-and-phase,phase_early|role_setter|seat_pos_0|sequence_lead,,proxy-only:public-role-and-action-local-labels,,unavailable:not-present-in-retained-action-tables,,unavailable:not-present-in-retained-action-tables,available:actual-action-indicator-without-policy-probability,,unavailable:not-present-in-retained-action-tables,,unavailable:not-present-in-retained-action-tables,,,,unavailable:no-cross-decision-plan-state-or-intervention,proxy-only:fixed-threshold-and-tail-rankings-without-transform-consumer-or-context,,fixed-bid30:declaration-and-risk-proxies-only; no auction choices/history,,unavailable:not-present-in-retained-action-tables,,,unavailable:not-present-in-retained-action-tables,dnt_regime_doubles,,hidden_proxy_early_high_uncertainty,dnt_regime_doubles|hidden_proxy_early_high_uncertainty|phase_early|role_setter|seat_pos_0|sequence_lead,phase_early|role_setter|seat_pos_0|sequence_lead,phase_early_trick_0_1|position_lead|role_defender|role_left_setter|role_setter|seat_first_lead,,oracle/distribution columns are offline labels; role/order and proxy labels are public/action-local; eval_only_labels are never asserted as runtime features
w42.partnership_failure_atlas.v2,ad69e5dc3da045ee66fa0f15,corpus_v2_train_20-29_d0-9.pt:34:17,6-1,corpus_v2_train_20-29_d0-9.pt,23,34,17,fours,30,1,left_setter,setter,defense,4,1,second,middle,0,false,false,offense,0,false,false,false,false,-9.038795471191406,0.011561393737792969,0.5400000214576721,0.38499999046325684,-17,available:derived-from-role-and-bid-using-retained-w42-semantics,P(Q>=threshold_q); threshold_q is role-and-bid-dependent,-18,P(Q<=-18),true,true,0.0,3,0,3,0,0,0,ch05_noncount_to_bidder_control_alternative|ch05_setter_pressure_regime|phase_middle|role_setter|seat_pos_1|sequence_follow,false,false,true,ch05_noncount_to_bidder_control_alternative|ch05_setter_pressure_regime|phase_middle|role_setter|seat_pos_1|sequence_follow,available:phase4-positive-and-negative-detector-sets,true,proxy-only:is-best-threshold-not-actual-gus-output,,unavailable:no-positional-cross-corpus-match,3,-9.03879547119,-9.02723407745,0.0115613937378,0.00456237792969,1,1-0,0.0,true,,unavailable:policy-not-fingerprinted-in-retained-action-tables,,unjoinable:no-shared-champion-action-state-fingerprint,available:exact-action-key,available:exact-action-key,available:exact-action-key,available:exact-action-key,available:exact-action-key,partial:q-outcome-summaries-without-worlds-weights-or-calibration,,unavailable:not-present-in-retained-action-tables,,unavailable:not-retained-with-compatible-action-rows,,unavailable:not-retained-with-compatible-action-rows,,unavailable:not-retained-with-compatible-action-rows,,unavailable:not-retained-with-compatible-action-rows,,unavailable:not-retained-with-compatible-action-rows,,,,unjoinable:gus-corpus-state-namespace,available:public-role-seat-order-and-phase,follower_opponent_currently_winning|phase_middle|role_setter|seat_pos_1|sequence_follow|setter_pounce_sequence_window,,proxy-only:public-role-and-action-local-labels,,unavailable:not-present-in-retained-action-tables,,unavailable:not-present-in-retained-action-tables,available:actual-action-indicator-without-policy-probability,,unavailable:not-present-in-retained-action-tables,,unavailable:not-present-in-retained-action-tables,,,,unavailable:no-cross-decision-plan-state-or-intervention,proxy-only:fixed-threshold-and-tail-rankings-without-transform-consumer-or-context,bidrisk_join_available|bidrisk_max_profitable_no_profitable_bid|bidrisk_off_count_5|bidrisk_pmake30_low|bidrisk_static_risk_13_20|bidrisk_trump_count_1|bidrisk_wilson_safe_no_profitable_bid,fixed-bid30:declaration-and-risk-proxies-only; no auction choices/history,,unavailable:not-present-in-retained-action-tables,,,unavailable:not-present-in-retained-action-tables,,,hidden_proxy_late_information_rich|hidden_proxy_opponent_controls_trick,bidrisk_join_available|bidrisk_max_profitable_no_profitable_bid|bidrisk_off_count_5|bidrisk_pmake30_low|bidrisk_static_risk_13_20|bidrisk_trump_count_1|bidrisk_wilson_safe_no_profitable_bid|follower_opponent_currently_winning|hidden_proxy_late_information_rich|hidden_proxy_opponent_controls_trick|phase_middle|role_setter|seat_pos_1|sequence_follow|setter_pounce_sequence_window,follower_opponent_currently_winning|phase_middle|role_setter|seat_pos_1|sequence_follow|setter_pounce_sequence_window,defensive_pounce_window|phase_middle_trick_2_4|position_follow|role_defender|role_left_setter|role_setter|seat_second_follow,,oracle/distribution columns are offline labels; role/order and proxy labels are public/action-local; eval_only_labels are never asserted as runtime features
w42.partnership_failure_atlas.v2,adc6d40c2dfbd1a99cf5d5ae,corpus_v2_train_90-99_d0-9.pt:69:2,4-3,corpus_v2_train_90-99_d0-9.pt,96,69,2,no-trump,30,2,bidder_partner,partner,offense,0,2,third,early,0,false,false,offense,0,false,false,true,true,7.2449493408203125,0.0,0.41999998688697815,0.16500000655651093,18,available:derived-from-role-and-bid-using-retained-w42-semantics,P(Q>=threshold_q); threshold_q is role-and-bid-dependent,-18,P(Q<=-18),true,true,0.0,1,0,1,0,0,0,ch04_partner_noncount_before_closure_alternative|ch04_partner_support_regime|phase_early|role_partner|seat_pos_2|sequence_follow,true,false,true,ch04_partner_noncount_before_closure_alternative|ch04_partner_support_regime|phase_early|role_partner|seat_pos_2|sequence_follow,available:phase4-positive-and-negative-detector-sets,true,proxy-only:is-best-threshold-not-actual-gus-output,,unavailable:no-positional-cross-corpus-match,1,7.24494934082,7.24494934082,0,0,1,4-3,0.0,true,,unavailable:policy-not-fingerprinted-in-retained-action-tables,,unjoinable:no-shared-champion-action-state-fingerprint,available:exact-action-key,available:exact-action-key,available:exact-action-key,available:exact-action-key,available:exact-action-key,partial:q-outcome-summaries-without-worlds-weights-or-calibration,,unavailable:not-present-in-retained-action-tables,,unavailable:not-retained-with-compatible-action-rows,,unavailable:not-retained-with-compatible-action-rows,,unavailable:not-retained-with-compatible-action-rows,,unavailable:not-retained-with-compatible-action-rows,,unavailable:not-retained-with-compatible-action-rows,,,,unjoinable:gus-corpus-state-namespace,available:public-role-seat-order-and-phase,follower_partner_or_self_currently_winning|phase_early|role_partner|seat_pos_2|sequence_follow,ch04_partner_noncount_before_closure_alternative|ch04_partner_support_regime|follower_partner_or_self_currently_winning|partner_support_sequence_context,proxy-only:public-role-and-action-local-labels,,unavailable:not-present-in-retained-action-tables,,unavailable:not-present-in-retained-action-tables,available:actual-action-indicator-without-policy-probability,,unavailable:not-present-in-retained-action-tables,,unavailable:not-present-in-retained-action-tables,,,,unavailable:no-cross-decision-plan-state-or-intervention,proxy-only:fixed-threshold-and-tail-rankings-without-transform-consumer-or-context,,fixed-bid30:declaration-and-risk-proxies-only; no auction choices/history,,unavailable:not-present-in-retained-action-tables,,,unavailable:not-present-in-retained-action-tables,dnt_regime_no_trump,,hidden_proxy_early_high_uncertainty|hidden_proxy_our_side_controls_trick,dnt_regime_no_trump|follower_partner_or_self_currently_winning|hidden_proxy_early_high_uncertainty|hidden_proxy_our_side_controls_trick|partner_support_sequence_context|phase_early|role_partner|seat_pos_2|sequence_follow,follower_partner_or_self_currently_winning|partner_support_sequence_context|phase_early|role_partner|seat_pos_2|sequence_follow,partner_support_context|phase_early_trick_0_1|position_follow|role_partner|seat_third_follow,,oracle/distribution columns are offline labels; role/order and proxy labels are public/action-local; eval_only_labels are never asserted as runtime features
w42.partnership_failure_atlas.v2,ae16273e64fbc8dc878baa8b,corpus_v2_train_0-9_d0-9.pt:81:20,4-2,corpus_v2_train_0-9_d0-9.pt,8,81,20,ones,30,3,right_setter,setter,defense,5,0,lead,late,0,false,false,,0,false,true,false,false,-2.9762651920318604,1.0174177885055542,1.0,0.0,-17,available:derived-from-role-and-bid-using-retained-w42-semantics,P(Q>=threshold_q); threshold_q is role-and-bid-dependent,-18,P(Q<=-18),true,true,0.0,2,0,2,0,0,0,ch05_generic_non_count_calling_lead|ch05_non_count_calling_lead|ch05_setter_pressure_regime|phase_late|role_setter|seat_pos_0|sequence_lead,false,false,true,ch05_generic_non_count_calling_lead|ch05_non_count_calling_lead|ch05_setter_pressure_regime|phase_late|role_setter|seat_pos_0|sequence_lead,available:phase4-positive-and-negative-detector-sets,true,proxy-only:is-best-threshold-not-actual-gus-output,,unavailable:no-positional-cross-corpus-match,2,-2.97626519203,-1.95884740353,1.01741778851,1.01741778851,1,3-0,0.0,true,,unavailable:policy-not-fingerprinted-in-retained-action-tables,,unjoinable:no-shared-champion-action-state-fingerprint,available:exact-action-key,available:exact-action-key,available:exact-action-key,available:exact-action-key,available:exact-action-key,partial:q-outcome-summaries-without-worlds-weights-or-calibration,,unavailable:not-present-in-retained-action-tables,,unavailable:not-retained-with-compatible-action-rows,,unavailable:not-retained-with-compatible-action-rows,,unavailable:not-retained-with-compatible-action-rows,,unavailable:not-retained-with-compatible-action-rows,,unavailable:not-retained-with-compatible-action-rows,,,,unjoinable:gus-corpus-state-namespace,available:public-role-seat-order-and-phase,phase_late|role_setter|seat_pos_0|sequence_lead,,proxy-only:public-role-and-action-local-labels,,unavailable:not-present-in-retained-action-tables,,unavailable:not-present-in-retained-action-tables,available:actual-action-indicator-without-policy-probability,,unavailable:not-present-in-retained-action-tables,,unavailable:not-present-in-retained-action-tables,,,,unavailable:no-cross-decision-plan-state-or-intervention,proxy-only:fixed-threshold-and-tail-rankings-without-transform-consumer-or-context,,fixed-bid30:declaration-and-risk-proxies-only; no auction choices/history,,unavailable:not-present-in-retained-action-tables,,,unavailable:not-present-in-retained-action-tables,,,hidden_proxy_late_information_rich,hidden_proxy_late_information_rich|phase_late|role_setter|seat_pos_0|sequence_lead,phase_late|role_setter|seat_pos_0|sequence_lead,phase_late_trick_5_6|position_lead|role_defender|role_right_setter|role_setter|seat_first_lead,,oracle/distribution columns are offline labels; role/order and proxy labels are public/action-local; eval_only_labels are never asserted as runtime features
w42.partnership_failure_atlas.v2,ae9b60bc900315ad6cb3c623,corpus_v2_train_90-99_d0-9.pt:18:3,1-1,corpus_v2_train_90-99_d0-9.pt,91,18,3,doubles-suit,30,3,right_setter,setter,defense,0,3,last,early,0,true,true,offense,0,false,false,false,false,2.337221622467041,0.04259347915649414,0.8349999785423279,0.14499999582767487,-17,available:derived-from-role-and-bid-using-retained-w42-semantics,P(Q>=threshold_q); threshold_q is role-and-bid-dependent,-18,P(Q<=-18),false,true,0.010000050067901611,2,2,0,0,2,0,ch05_noncount_to_bidder_control_alternative|ch05_setter_pressure_regime|phase_early|role_setter|seat_pos_3|sequence_closure,false,false,true,ch05_noncount_to_bidder_control_alternative|ch05_setter_pressure_regime|phase_early|role_setter|seat_pos_3|sequence_closure,available:phase4-positive-and-negative-detector-sets,false,proxy-only:is-best-threshold-not-actual-gus-output,,unavailable:no-positional-cross-corpus-match,2,2.33722162247,2.37981510162,0.0425934791565,0.0425934791565,1,2-2,0.0,true,,unavailable:policy-not-fingerprinted-in-retained-action-tables,,unjoinable:no-shared-champion-action-state-fingerprint,available:exact-action-key,available:exact-action-key,available:exact-action-key,available:exact-action-key,available:exact-action-key,partial:q-outcome-summaries-without-worlds-weights-or-calibration,,unavailable:not-present-in-retained-action-tables,,unavailable:not-retained-with-compatible-action-rows,,unavailable:not-retained-with-compatible-action-rows,,unavailable:not-retained-with-compatible-action-rows,,unavailable:not-retained-with-compatible-action-rows,,unavailable:not-retained-with-compatible-action-rows,,,,unjoinable:gus-corpus-state-namespace,available:public-role-seat-order-and-phase,closure_decline_trick|closure_sequence_decision|follower_opponent_currently_winning|phase_early|role_setter|seat_pos_3|sequence_last_to_act|setter_pounce_sequence_window,,proxy-only:public-role-and-action-local-labels,,unavailable:not-present-in-retained-action-tables,,unavailable:not-present-in-retained-action-tables,available:actual-action-indicator-without-policy-probability,,unavailable:not-present-in-retained-action-tables,,unavailable:not-present-in-retained-action-tables,,,,unavailable:no-cross-decision-plan-state-or-intervention,proxy-only:fixed-threshold-and-tail-rankings-without-transform-consumer-or-context,,fixed-bid30:declaration-and-risk-proxies-only; no auction choices/history,,unavailable:not-present-in-retained-action-tables,,,unavailable:not-present-in-retained-action-tables,dnt_dt_candidate_double|dnt_dt_low_double|dnt_regime_doubles-suit,,hidden_proxy_closure_information|hidden_proxy_early_high_uncertainty|hidden_proxy_opponent_controls_trick,closure_decline_trick|closure_sequence_decision|dnt_dt_candidate_double|dnt_dt_low_double|dnt_regime_doubles-suit|follower_opponent_currently_winning|hidden_proxy_closure_information|hidden_proxy_early_high_uncertainty|hidden_proxy_opponent_controls_trick|phase_early|role_setter|seat_pos_3|sequence_last_to_act|setter_pounce_sequence_window,closure_decline_trick|closure_sequence_decision|follower_opponent_currently_winning|phase_early|role_setter|seat_pos_3|sequence_last_to_act|setter_pounce_sequence_window,closure_decision|closure_decline_or_slough|defensive_pounce_window|phase_early_trick_0_1|position_follow|position_last_to_act|role_defender|role_right_setter|role_setter|seat_fourth_closure,,oracle/distribution columns are offline labels; role/order and proxy labels are public/action-local; eval_only_labels are never asserted as runtime features
w42.partnership_failure_atlas.v2,af4d4bee75a3a8798ace9b58,corpus_v2_train_80-89_d0-9.pt:40:0,6-1,corpus_v2_train_80-89_d0-9.pt,84,40,0,blanks,30,0,bidder,bidder,offense,0,0,lead,early,0,false,false,,0,false,true,false,false,-9.240442276000977,11.579638957977295,0.14000000059604645,0.3700000047683716,18,available:derived-from-role-and-bid-using-retained-w42-semantics,P(Q>=threshold_q); threshold_q is role-and-bid-dependent,-18,P(Q<=-18),false,false,0.17499999701976776,7,1,6,2,2,0,ch03_bidder_lead_off_suit|ch03_bidder_lead_plan|phase_early|role_bidder|seat_pos_0|sequence_lead,false,false,true,ch03_bidder_lead_off_suit|ch03_bidder_lead_plan|phase_early|role_bidder|seat_pos_0|sequence_lead,available:phase4-positive-and-negative-detector-sets,false,proxy-only:is-best-threshold-not-actual-gus-output,,unavailable:no-positional-cross-corpus-match,7,-13.7570571899,2.33919668198,16.0962538719,0.956663131714,1,1-1,0.0,true,,unavailable:policy-not-fingerprinted-in-retained-action-tables,,unjoinable:no-shared-champion-action-state-fingerprint,available:exact-action-key,available:exact-action-key,available:exact-action-key,available:exact-action-key,available:exact-action-key,partial:q-outcome-summaries-without-worlds-weights-or-calibration,,unavailable:not-present-in-retained-action-tables,,unavailable:not-retained-with-compatible-action-rows,,unavailable:not-retained-with-compatible-action-rows,,unavailable:not-retained-with-compatible-action-rows,,unavailable:not-retained-with-compatible-action-rows,,unavailable:not-retained-with-compatible-action-rows,,,,unjoinable:gus-corpus-state-namespace,available:public-role-seat-order-and-phase,phase_early|role_bidder|seat_pos_0|sequence_lead,,proxy-only:public-role-and-action-local-labels,,unavailable:not-present-in-retained-action-tables,,unavailable:not-present-in-retained-action-tables,available:actual-action-indicator-without-policy-probability,,unavailable:not-present-in-retained-action-tables,,unavailable:not-present-in-retained-action-tables,bidder_lead_plan|ch03_bidder_lead_plan,,,unavailable:no-cross-decision-plan-state-or-intervention,proxy-only:fixed-threshold-and-tail-rankings-without-transform-consumer-or-context,,fixed-bid30:declaration-and-risk-proxies-only; no auction choices/history,,unavailable:not-present-in-retained-action-tables,,,unavailable:not-present-in-retained-action-tables,,,hidden_proxy_early_high_uncertainty,bidder_lead_noncount|bidder_lead_off_suit|bidder_lead_plan|hidden_proxy_early_high_uncertainty|phase_early|role_bidder|seat_pos_0|sequence_lead,bidder_lead_noncount|bidder_lead_off_suit|bidder_lead_plan|phase_early|role_bidder|seat_pos_0|sequence_lead,phase_early_trick_0_1|position_lead|role_bidder|seat_first_lead,,oracle/distribution columns are offline labels; role/order and proxy labels are public/action-local; eval_only_labels are never asserted as runtime features
w42.partnership_failure_atlas.v2,b0a24eeac7a775b465f64e35,corpus_v2_train_40-49_d0-9.pt:91:22,6-5,corpus_v2_train_40-49_d0-9.pt,49,91,22,ones,30,0,bidder,bidder,offense,5,2,third,late,0,false,false,defense,10,false,false,true,true,-22.963340759277344,0.0,0.0,1.0,18,available:derived-from-role-and-bid-using-retained-w42-semantics,P(Q>=threshold_q); threshold_q is role-and-bid-dependent,-18,P(Q<=-18),true,true,0.0,2,0,2,1,0,0,phase_late|role_bidder|seat_pos_2|sequence_follow,true,false,false,phase_late|role_bidder|seat_pos_2|sequence_follow,available:phase4-positive-and-negative-detector-sets,true,proxy-only:is-best-threshold-not-actual-gus-output,,unavailable:no-positional-cross-corpus-match,2,-22.9755439758,-22.9633407593,0.0122032165527,0.0122032165527,1,6-5,0.0,true,,unavailable:policy-not-fingerprinted-in-retained-action-tables,,unjoinable:no-shared-champion-action-state-fingerprint,available:exact-action-key,available:exact-action-key,available:exact-action-key,available:exact-action-key,available:exact-action-key,partial:q-outcome-summaries-without-worlds-weights-or-calibration,,unavailable:not-present-in-retained-action-tables,,unavailable:not-retained-with-compatible-action-rows,,unavailable:not-retained-with-compatible-action-rows,,unavailable:not-retained-with-compatible-action-rows,,unavailable:not-retained-with-compatible-action-rows,,unavailable:not-retained-with-compatible-action-rows,,,,unjoinable:gus-corpus-state-namespace,available:public-role-seat-order-and-phase,follower_opponent_currently_winning|phase_late|role_bidder|seat_pos_2|sequence_follow,,proxy-only:public-role-and-action-local-labels,,unavailable:not-present-in-retained-action-tables,,unavailable:not-present-in-retained-action-tables,available:actual-action-indicator-without-policy-probability,,unavailable:not-present-in-retained-action-tables,,unavailable:not-present-in-retained-action-tables,,,,unavailable:no-cross-decision-plan-state-or-intervention,proxy-only:fixed-threshold-and-tail-rankings-without-transform-consumer-or-context,,fixed-bid30:declaration-and-risk-proxies-only; no auction choices/history,,unavailable:not-present-in-retained-action-tables,,,unavailable:not-present-in-retained-action-tables,,,hidden_proxy_late_information_rich|hidden_proxy_opponent_controls_trick,follower_opponent_currently_winning|hidden_proxy_late_information_rich|hidden_proxy_opponent_controls_trick|phase_late|role_bidder|seat_pos_2|sequence_follow,follower_opponent_currently_winning|phase_late|role_bidder|seat_pos_2|sequence_follow,phase_late_trick_5_6|position_follow|role_bidder|seat_third_follow,,oracle/distribution columns are offline labels; role/order and proxy labels are public/action-local; eval_only_labels are never asserted as runtime features
w42.partnership_failure_atlas.v2,b0bb988b7fe5acdbdee0b99d,corpus_v2_train_10-19_d0-9.pt:92:13,5-3,corpus_v2_train_10-19_d0-9.pt,19,92,13,twos,30,1,left_setter,setter,defense,3,1,second,middle,0,false,false,offense,10,false,false,false,false,-10.924931526184082,0.1542978286743164,0.4650000035762787,0.5299999713897705,-17,available:derived-from-role-and-bid-using-retained-w42-semantics,P(Q>=threshold_q); threshold_q is role-and-bid-dependent,-18,P(Q<=-18),true,true,0.0,2,0,2,0,0,0,ch05_noncount_to_bidder_control_alternative|ch05_setter_pressure_regime|phase_middle|role_setter|seat_pos_1|sequence_follow,false,false,true,ch05_noncount_to_bidder_control_alternative|ch05_setter_pressure_regime|phase_middle|role_setter|seat_pos_1|sequence_follow,available:phase4-positive-and-negative-detector-sets,true,proxy-only:is-best-threshold-not-actual-gus-output,,unavailable:no-positional-cross-corpus-match,2,-10.9249315262,-10.7706336975,0.154297828674,0.154297828674,1,5-4,0.0,true,,unavailable:policy-not-fingerprinted-in-retained-action-tables,,unjoinable:no-shared-champion-action-state-fingerprint,available:exact-action-key,available:exact-action-key,available:exact-action-key,available:exact-action-key,available:exact-action-key,partial:q-outcome-summaries-without-worlds-weights-or-calibration,,unavailable:not-present-in-retained-action-tables,,unavailable:not-retained-with-compatible-action-rows,,unavailable:not-retained-with-compatible-action-rows,,unavailable:not-retained-with-compatible-action-rows,,unavailable:not-retained-with-compatible-action-rows,,unavailable:not-retained-with-compatible-action-rows,,,,unjoinable:gus-corpus-state-namespace,available:public-role-seat-order-and-phase,follower_opponent_currently_winning|phase_middle|role_setter|seat_pos_1|sequence_follow|setter_pounce_sequence_window,,proxy-only:public-role-and-action-local-labels,,unavailable:not-present-in-retained-action-tables,,unavailable:not-present-in-retained-action-tables,available:actual-action-indicator-without-policy-probability,,unavailable:not-present-in-retained-action-tables,,unavailable:not-present-in-retained-action-tables,,,,unavailable:no-cross-decision-plan-state-or-intervention,proxy-only:fixed-threshold-and-tail-rankings-without-transform-consumer-or-context,,fixed-bid30:declaration-and-risk-proxies-only; no auction choices/history,,unavailable:not-present-in-retained-action-tables,,,unavailable:not-present-in-retained-action-tables,,,hidden_proxy_opponent_controls_trick,follower_opponent_currently_winning|hidden_proxy_opponent_controls_trick|phase_middle|role_setter|seat_pos_1|sequence_follow|setter_pounce_sequence_window,follower_opponent_currently_winning|phase_middle|role_setter|seat_pos_1|sequence_follow|setter_pounce_sequence_window,defensive_pounce_window|phase_middle_trick_2_4|position_follow|role_defender|role_left_setter|role_setter|seat_second_follow,,oracle/distribution columns are offline labels; role/order and proxy labels are public/action-local; eval_only_labels are never asserted as runtime features
w42.partnership_failure_atlas.v2,b2d5101a52658b7d6e31cacf,corpus_v2_train_10-19_d0-9.pt:6:4,4-1,corpus_v2_train_10-19_d0-9.pt,10,6,4,sixes,30,1,left_setter,setter,defense,1,0,lead,early,5,false,false,,0,false,true,false,false,-13.410527229309082,12.73803836107254,0.5450000166893005,0.44999998807907104,-17,available:derived-from-role-and-bid-using-retained-w42-semantics,P(Q>=threshold_q); threshold_q is role-and-bid-dependent,-18,P(Q<=-18),false,false,0.1850000023841858,6,1,5,2,2,0,ch05_count_calling_or_count_lead|ch05_pounce_take_count_now|ch05_setter_pressure_regime|phase_early|role_setter|seat_pos_0|sequence_lead,false,true,false,ch05_count_calling_or_count_lead|ch05_pounce_take_count_now|ch05_setter_pressure_regime|phase_early|role_setter|seat_pos_0|sequence_lead,available:phase4-positive-and-negative-detector-sets,false,proxy-only:is-best-threshold-not-actual-gus-output,,unavailable:no-positional-cross-corpus-match,6,-15.6459989548,-0.672488868237,14.9735100865,4.18294554949,1,5-5,0.0,true,,unavailable:policy-not-fingerprinted-in-retained-action-tables,,unjoinable:no-shared-champion-action-state-fingerprint,available:exact-action-key,available:exact-action-key,available:exact-action-key,available:exact-action-key,available:exact-action-key,partial:q-outcome-summaries-without-worlds-weights-or-calibration,,unavailable:not-present-in-retained-action-tables,,unavailable:not-retained-with-compatible-action-rows,,unavailable:not-retained-with-compatible-action-rows,,unavailable:not-retained-with-compatible-action-rows,,unavailable:not-retained-with-compatible-action-rows,,unavailable:not-retained-with-compatible-action-rows,,,,unjoinable:gus-corpus-state-namespace,available:public-role-seat-order-and-phase,phase_early|role_setter|seat_pos_0|sequence_lead,,proxy-only:public-role-and-action-local-labels,,unavailable:not-present-in-retained-action-tables,,unavailable:not-present-in-retained-action-tables,available:actual-action-indicator-without-policy-probability,,unavailable:not-present-in-retained-action-tables,,unavailable:not-present-in-retained-action-tables,,,,unavailable:no-cross-decision-plan-state-or-intervention,proxy-only:fixed-threshold-and-tail-rankings-without-transform-consumer-or-context,bidrisk_join_available|bidrisk_max_profitable_no_profitable_bid|bidrisk_off_count_3|bidrisk_pmake30_mid|bidrisk_static_risk_le_12|bidrisk_trump_count_2|bidrisk_wilson_safe_no_profitable_bid,fixed-bid30:declaration-and-risk-proxies-only; no auction choices/history,,unavailable:not-present-in-retained-action-tables,,,unavailable:not-present-in-retained-action-tables,,,hidden_proxy_count_pressure|hidden_proxy_early_high_uncertainty,bidrisk_join_available|bidrisk_max_profitable_no_profitable_bid|bidrisk_off_count_3|bidrisk_pmake30_mid|bidrisk_static_risk_le_12|bidrisk_trump_count_2|bidrisk_wilson_safe_no_profitable_bid|hidden_proxy_count_pressure|hidden_proxy_early_high_uncertainty|phase_early|role_setter|seat_pos_0|sequence_lead,phase_early|role_setter|seat_pos_0|sequence_lead,phase_early_trick_0_1|position_lead|role_defender|role_left_setter|role_setter|seat_first_lead,,oracle/distribution columns are offline labels; role/order and proxy labels are public/action-local; eval_only_labels are never asserted as runtime features
w42.partnership_failure_atlas.v2,b3e227b9d9514770af7c76c5,corpus_v2_train_20-29_d0-9.pt:29:15,6-4,corpus_v2_train_20-29_d0-9.pt,22,29,15,no-trump,30,1,left_setter,setter,defense,3,3,last,middle,10,false,false,offense,0,false,false,true,true,-23.979528427124023,0.0,0.25999999046325684,0.7200000286102295,-17,available:derived-from-role-and-bid-using-retained-w42-semantics,P(Q>=threshold_q); threshold_q is role-and-bid-dependent,-18,P(Q<=-18),true,true,0.0,1,0,1,1,0,0,ch05_reckless_count_to_bidder_control|ch05_setter_pressure_regime|phase_middle|role_setter|seat_pos_3|sequence_closure,true,true,false,ch05_reckless_count_to_bidder_control|ch05_setter_pressure_regime|phase_middle|role_setter|seat_pos_3|sequence_closure,available:phase4-positive-and-negative-detector-sets,true,proxy-only:is-best-threshold-not-actual-gus-output,,unavailable:no-positional-cross-corpus-match,1,-23.9795284271,-23.9795284271,0,0,1,6-4,0.0,true,,unavailable:policy-not-fingerprinted-in-retained-action-tables,,unjoinable:no-shared-champion-action-state-fingerprint,available:exact-action-key,available:exact-action-key,available:exact-action-key,available:exact-action-key,available:exact-action-key,partial:q-outcome-summaries-without-worlds-weights-or-calibration,,unavailable:not-present-in-retained-action-tables,,unavailable:not-retained-with-compatible-action-rows,,unavailable:not-retained-with-compatible-action-rows,,unavailable:not-retained-with-compatible-action-rows,,unavailable:not-retained-with-compatible-action-rows,,unavailable:not-retained-with-compatible-action-rows,,,,unjoinable:gus-corpus-state-namespace,available:public-role-seat-order-and-phase,closure_decline_trick|closure_sequence_decision|closure_slough_count|follower_count_into_opponent_control|follower_opponent_currently_winning|phase_middle|role_setter|seat_pos_3|sequence_last_to_act|setter_pounce_sequence_window|setter_reckless_count_to_bidder,,proxy-only:public-role-and-action-local-labels,,unavailable:not-present-in-retained-action-tables,,unavailable:not-present-in-retained-action-tables,available:actual-action-indicator-without-policy-probability,,unavailable:not-present-in-retained-action-tables,,unavailable:not-present-in-retained-action-tables,,,,unavailable:no-cross-decision-plan-state-or-intervention,proxy-only:fixed-threshold-and-tail-rankings-without-transform-consumer-or-context,,fixed-bid30:declaration-and-risk-proxies-only; no auction choices/history,,unavailable:not-present-in-retained-action-tables,,,unavailable:not-present-in-retained-action-tables,dnt_nt_count_candidate|dnt_regime_no_trump,,hidden_proxy_closure_information|hidden_proxy_count_pressure|hidden_proxy_opponent_controls_trick,closure_decline_trick|closure_sequence_decision|closure_slough_count|dnt_nt_count_candidate|dnt_regime_no_trump|follower_count_into_opponent_control|follower_opponent_currently_winning|hidden_proxy_closure_information|hidden_proxy_count_pressure|hidden_proxy_opponent_controls_trick|phase_middle|role_setter|seat_pos_3|sequence_last_to_act|setter_pounce_sequence_window|setter_reckless_count_to_bidder,closure_decline_trick|closure_sequence_decision|closure_slough_count|follower_count_into_opponent_control|follower_opponent_currently_winning|phase_middle|role_setter|seat_pos_3|sequence_last_to_act|setter_pounce_sequence_window|setter_reckless_count_to_bidder,closure_decision|closure_decline_or_slough|closure_slough_count|defensive_pounce_window|defensive_reckless_count_to_bidder|phase_middle_trick_2_4|position_follow|position_last_to_act|role_defender|role_left_setter|role_setter|seat_fourth_closure,,oracle/distribution columns are offline labels; role/order and proxy labels are public/action-local; eval_only_labels are never asserted as runtime features
w42.partnership_failure_atlas.v2,b5e85d20d3bdd8fa5e528d2f,corpus_v2_train_80-89_d0-9.pt:29:16,3-1,corpus_v2_train_80-89_d0-9.pt,82,29,16,no-trump,30,1,left_setter,setter,defense,4,0,lead,middle,0,false,false,,0,false,true,false,false,0.09968120604753494,17.725691489875317,0.6499999761581421,0.3499999940395355,-17,available:derived-from-role-and-bid-using-retained-w42-semantics,P(Q>=threshold_q); threshold_q is role-and-bid-dependent,-18,P(Q<=-18),false,false,0.3500000238418579,3,0,3,1,1,0,ch05_generic_non_count_calling_lead|ch05_non_count_calling_lead|ch05_setter_pressure_regime|phase_middle|role_setter|seat_pos_0|sequence_lead,false,false,true,ch05_generic_non_count_calling_lead|ch05_non_count_calling_lead|ch05_setter_pressure_regime|phase_middle|role_setter|seat_pos_0|sequence_lead,available:phase4-positive-and-negative-detector-sets,false,proxy-only:is-best-threshold-not-actual-gus-output,,unavailable:no-positional-cross-corpus-match,3,0.0996812060475,17.8253726959,17.7256914899,0.515743255615,1,5-3,0.5157432556152344,false,,unavailable:policy-not-fingerprinted-in-retained-action-tables,,unjoinable:no-shared-champion-action-state-fingerprint,available:exact-action-key,available:exact-action-key,available:exact-action-key,available:exact-action-key,available:exact-action-key,partial:q-outcome-summaries-without-worlds-weights-or-calibration,,unavailable:not-present-in-retained-action-tables,,unavailable:not-retained-with-compatible-action-rows,,unavailable:not-retained-with-compatible-action-rows,,unavailable:not-retained-with-compatible-action-rows,,unavailable:not-retained-with-compatible-action-rows,,unavailable:not-retained-with-compatible-action-rows,,,,unjoinable:gus-corpus-state-namespace,available:public-role-seat-order-and-phase,phase_middle|role_setter|seat_pos_0|sequence_lead,,proxy-only:public-role-and-action-local-labels,,unavailable:not-present-in-retained-action-tables,,unavailable:not-present-in-retained-action-tables,available:actual-action-indicator-without-policy-probability,,unavailable:not-present-in-retained-action-tables,,unavailable:not-present-in-retained-action-tables,,,,unavailable:no-cross-decision-plan-state-or-intervention,proxy-only:fixed-threshold-and-tail-rankings-without-transform-consumer-or-context,,fixed-bid30:declaration-and-risk-proxies-only; no auction choices/history,,unavailable:not-present-in-retained-action-tables,,,unavailable:not-present-in-retained-action-tables,dnt_regime_no_trump,,hidden_proxy_late_information_rich,dnt_regime_no_trump|hidden_proxy_late_information_rich|phase_middle|role_setter|seat_pos_0|sequence_lead,phase_middle|role_setter|seat_pos_0|sequence_lead,phase_middle_trick_2_4|position_lead|role_defender|role_left_setter|role_setter|seat_first_lead,,oracle/distribution columns are offline labels; role/order and proxy labels are public/action-local; eval_only_labels are never asserted as runtime features
w42.partnership_failure_atlas.v2,b625f4ba69e5ea747cd182de,corpus_v2_train_30-39_d0-9.pt:1:11,4-3,corpus_v2_train_30-39_d0-9.pt,30,1,11,ones,30,0,bidder,bidder,offense,2,3,last,middle,0,false,false,defense,0,false,false,false,true,-11.221360206604004,0.0,0.11999999731779099,0.4399999976158142,18,available:derived-from-role-and-bid-using-retained-w42-semantics,P(Q>=threshold_q); threshold_q is role-and-bid-dependent,-18,P(Q<=-18),false,true,0.005000002682209015,5,0,5,1,0,0,phase_middle|role_bidder|seat_pos_3|sequence_closure,true,false,false,phase_middle|role_bidder|seat_pos_3|sequence_closure,available:phase4-positive-and-negative-detector-sets,false,proxy-only:is-best-threshold-not-actual-gus-output,,unavailable:no-positional-cross-corpus-match,5,-17.247209549,-11.2213602066,6.02584934235,0.387122154236,1,6-0,0.38712215423583984,false,,unavailable:policy-not-fingerprinted-in-retained-action-tables,,unjoinable:no-shared-champion-action-state-fingerprint,available:exact-action-key,available:exact-action-key,available:exact-action-key,available:exact-action-key,available:exact-action-key,partial:q-outcome-summaries-without-worlds-weights-or-calibration,,unavailable:not-present-in-retained-action-tables,,unavailable:not-retained-with-compatible-action-rows,,unavailable:not-retained-with-compatible-action-rows,,unavailable:not-retained-with-compatible-action-rows,,unavailable:not-retained-with-compatible-action-rows,,unavailable:not-retained-with-compatible-action-rows,,,,unjoinable:gus-corpus-state-namespace,available:public-role-seat-order-and-phase,closure_decline_trick|closure_sequence_decision|follower_opponent_currently_winning|phase_middle|role_bidder|seat_pos_3|sequence_last_to_act,,proxy-only:public-role-and-action-local-labels,,unavailable:not-present-in-retained-action-tables,,unavailable:not-present-in-retained-action-tables,available:actual-action-indicator-without-policy-probability,,unavailable:not-present-in-retained-action-tables,,unavailable:not-present-in-retained-action-tables,,,,unavailable:no-cross-decision-plan-state-or-intervention,proxy-only:fixed-threshold-and-tail-rankings-without-transform-consumer-or-context,,fixed-bid30:declaration-and-risk-proxies-only; no auction choices/history,,unavailable:not-present-in-retained-action-tables,,,unavailable:not-present-in-retained-action-tables,,,hidden_proxy_closure_information|hidden_proxy_opponent_controls_trick,closure_decline_trick|closure_sequence_decision|follower_opponent_currently_winning|hidden_proxy_closure_information|hidden_proxy_opponent_controls_trick|phase_middle|role_bidder|seat_pos_3|sequence_last_to_act,closure_decline_trick|closure_sequence_decision|follower_opponent_currently_winning|phase_middle|role_bidder|seat_pos_3|sequence_last_to_act,closure_decision|closure_decline_or_slough|phase_middle_trick_2_4|position_follow|position_last_to_act|role_bidder|seat_fourth_closure,,oracle/distribution columns are offline labels; role/order and proxy labels are public/action-local; eval_only_labels are never asserted as runtime features
w42.partnership_failure_atlas.v2,b70ae67eaef105abace75d51,corpus_v2_train_40-49_d0-9.pt:58:1,4-1,corpus_v2_train_40-49_d0-9.pt,45,58,1,doubles-suit,30,1,left_setter,setter,defense,0,1,second,early,5,false,false,offense,0,false,false,false,false,7.157573223114014,1.6090493202209473,0.75,0.23499999940395355,-17,available:derived-from-role-and-bid-using-retained-w42-semantics,P(Q>=threshold_q); threshold_q is role-and-bid-dependent,-18,P(Q<=-18),false,false,0.04000002145767212,7,0,7,1,0,0,ch05_reckless_count_to_bidder_control|ch05_setter_pressure_regime|phase_early|role_setter|seat_pos_1|sequence_follow,false,true,false,ch05_reckless_count_to_bidder_control|ch05_setter_pressure_regime|phase_early|role_setter|seat_pos_1|sequence_follow,available:phase4-positive-and-negative-detector-sets,false,proxy-only:is-best-threshold-not-actual-gus-output,,unavailable:no-positional-cross-corpus-match,7,-1.67319178581,8.76662254333,10.4398143291,0.210560798645,1,1-0,0.0,true,,unavailable:policy-not-fingerprinted-in-retained-action-tables,,unjoinable:no-shared-champion-action-state-fingerprint,available:exact-action-key,available:exact-action-key,available:exact-action-key,available:exact-action-key,available:exact-action-key,partial:q-outcome-summaries-without-worlds-weights-or-calibration,,unavailable:not-present-in-retained-action-tables,,unavailable:not-retained-with-compatible-action-rows,,unavailable:not-retained-with-compatible-action-rows,,unavailable:not-retained-with-compatible-action-rows,,unavailable:not-retained-with-compatible-action-rows,,unavailable:not-retained-with-compatible-action-rows,,,,unjoinable:gus-corpus-state-namespace,available:public-role-seat-order-and-phase,follower_count_into_opponent_control|follower_opponent_currently_winning|phase_early|role_setter|seat_pos_1|sequence_follow|setter_pounce_sequence_window|setter_reckless_count_to_bidder,,proxy-only:public-role-and-action-local-labels,,unavailable:not-present-in-retained-action-tables,,unavailable:not-present-in-retained-action-tables,available:actual-action-indicator-without-policy-probability,,unavailable:not-present-in-retained-action-tables,,unavailable:not-present-in-retained-action-tables,,,,unavailable:no-cross-decision-plan-state-or-intervention,proxy-only:fixed-threshold-and-tail-rankings-without-transform-consumer-or-context,,fixed-bid30:declaration-and-risk-proxies-only; no auction choices/history,,unavailable:not-present-in-retained-action-tables,,,unavailable:not-present-in-retained-action-tables,dnt_regime_doubles-suit,,hidden_proxy_count_pressure|hidden_proxy_early_high_uncertainty|hidden_proxy_opponent_controls_trick,dnt_regime_doubles-suit|follower_count_into_opponent_control|follower_opponent_currently_winning|hidden_proxy_count_pressure|hidden_proxy_early_high_uncertainty|hidden_proxy_opponent_controls_trick|phase_early|role_setter|seat_pos_1|sequence_follow|setter_pounce_sequence_window|setter_reckless_count_to_bidder,follower_count_into_opponent_control|follower_opponent_currently_winning|phase_early|role_setter|seat_pos_1|sequence_follow|setter_pounce_sequence_window|setter_reckless_count_to_bidder,defensive_pounce_window|defensive_reckless_count_to_bidder|phase_early_trick_0_1|position_follow|role_defender|role_left_setter|role_setter|seat_second_follow,,oracle/distribution columns are offline labels; role/order and proxy labels are public/action-local; eval_only_labels are never asserted as runtime features
w42.partnership_failure_atlas.v2,b8915b1724a3863c1affe8c9,corpus_v2_train_20-29_d0-9.pt:17:17,1-0,corpus_v2_train_20-29_d0-9.pt,21,17,17,doubles,30,1,left_setter,setter,defense,4,1,second,middle,0,false,false,offense,0,false,false,false,false,-5.3099751472473145,1.6869416236877441,0.5600000023841858,0.42500001192092896,-17,available:derived-from-role-and-bid-using-retained-w42-semantics,P(Q>=threshold_q); threshold_q is role-and-bid-dependent,-18,P(Q<=-18),false,false,0.06000000238418579,3,2,1,0,2,2,ch05_hold_trump_no_count_proxy|ch05_noncount_to_bidder_control_alternative|ch05_setter_pressure_regime|phase_middle|role_setter|seat_pos_1|sequence_follow,false,false,true,ch05_hold_trump_no_count_proxy|ch05_noncount_to_bidder_control_alternative|ch05_setter_pressure_regime|phase_middle|role_setter|seat_pos_1|sequence_follow,available:phase4-positive-and-negative-detector-sets,false,proxy-only:is-best-threshold-not-actual-gus-output,,unavailable:no-positional-cross-corpus-match,3,-5.30997514725,-3.62303352356,1.68694162369,0.021139383316,1,1-1,0.0,true,,unavailable:policy-not-fingerprinted-in-retained-action-tables,,unjoinable:no-shared-champion-action-state-fingerprint,available:exact-action-key,available:exact-action-key,available:exact-action-key,available:exact-action-key,available:exact-action-key,partial:q-outcome-summaries-without-worlds-weights-or-calibration,,unavailable:not-present-in-retained-action-tables,,unavailable:not-retained-with-compatible-action-rows,,unavailable:not-retained-with-compatible-action-rows,,unavailable:not-retained-with-compatible-action-rows,,unavailable:not-retained-with-compatible-action-rows,,unavailable:not-retained-with-compatible-action-rows,,,,unjoinable:gus-corpus-state-namespace,available:public-role-seat-order-and-phase,follower_opponent_currently_winning|phase_middle|role_setter|seat_pos_1|sequence_follow|setter_pounce_sequence_window,,proxy-only:public-role-and-action-local-labels,,unavailable:not-present-in-retained-action-tables,,unavailable:not-present-in-retained-action-tables,available:actual-action-indicator-without-policy-probability,,unavailable:not-present-in-retained-action-tables,,unavailable:not-present-in-retained-action-tables,,,,unavailable:no-cross-decision-plan-state-or-intervention,proxy-only:fixed-threshold-and-tail-rankings-without-transform-consumer-or-context,,fixed-bid30:declaration-and-risk-proxies-only; no auction choices/history,,unavailable:not-present-in-retained-action-tables,,,unavailable:not-present-in-retained-action-tables,dnt_regime_doubles,,hidden_proxy_late_information_rich|hidden_proxy_opponent_controls_trick,dnt_regime_doubles|follower_opponent_currently_winning|hidden_proxy_late_information_rich|hidden_proxy_opponent_controls_trick|phase_middle|role_setter|seat_pos_1|sequence_follow|setter_pounce_sequence_window,follower_opponent_currently_winning|phase_middle|role_setter|seat_pos_1|sequence_follow|setter_pounce_sequence_window,defensive_pounce_window|phase_middle_trick_2_4|position_follow|role_defender|role_left_setter|role_setter|seat_second_follow,,oracle/distribution columns are offline labels; role/order and proxy labels are public/action-local; eval_only_labels are never asserted as runtime features
w42.partnership_failure_atlas.v2,bb315dc23e215f10dfc6e6a1,corpus_v2_train_60-69_d0-9.pt:12:18,6-5,corpus_v2_train_60-69_d0-9.pt,61,12,18,twos,30,1,left_setter,setter,defense,4,2,third,middle,0,false,false,defense,0,false,false,false,false,5.905269622802734,3.145962715148926,0.8700000047683716,0.12999999523162842,-17,available:derived-from-role-and-bid-using-retained-w42-semantics,P(Q>=threshold_q); threshold_q is role-and-bid-dependent,-18,P(Q<=-18),true,true,0.0,3,0,3,0,0,0,ch05_noncount_before_certainty_alternative|ch05_setter_pressure_regime|phase_middle|role_setter|seat_pos_2|sequence_follow,false,false,true,ch05_noncount_before_certainty_alternative|ch05_setter_pressure_regime|phase_middle|role_setter|seat_pos_2|sequence_follow,available:phase4-positive-and-negative-detector-sets,true,proxy-only:is-best-threshold-not-actual-gus-output,,unavailable:no-positional-cross-corpus-match,3,5.79780626297,9.05123233795,3.25342607498,3.14596271515,1,6-0,0.0,true,,unavailable:policy-not-fingerprinted-in-retained-action-tables,,unjoinable:no-shared-champion-action-state-fingerprint,available:exact-action-key,available:exact-action-key,available:exact-action-key,available:exact-action-key,available:exact-action-key,partial:q-outcome-summaries-without-worlds-weights-or-calibration,,unavailable:not-present-in-retained-action-tables,,unavailable:not-retained-with-compatible-action-rows,,unavailable:not-retained-with-compatible-action-rows,,unavailable:not-retained-with-compatible-action-rows,,unavailable:not-retained-with-compatible-action-rows,,unavailable:not-retained-with-compatible-action-rows,,,,unjoinable:gus-corpus-state-namespace,available:public-role-seat-order-and-phase,follower_partner_or_self_currently_winning|phase_middle|role_setter|seat_pos_2|sequence_follow,follower_partner_or_self_currently_winning,proxy-only:public-role-and-action-local-labels,,unavailable:not-present-in-retained-action-tables,,unavailable:not-present-in-retained-action-tables,available:actual-action-indicator-without-policy-probability,,unavailable:not-present-in-retained-action-tables,,unavailable:not-present-in-retained-action-tables,,,,unavailable:no-cross-decision-plan-state-or-intervention,proxy-only:fixed-threshold-and-tail-rankings-without-transform-consumer-or-context,,fixed-bid30:declaration-and-risk-proxies-only; no auction choices/history,,unavailable:not-present-in-retained-action-tables,,,unavailable:not-present-in-retained-action-tables,,,hidden_proxy_late_information_rich|hidden_proxy_our_side_controls_trick,follower_partner_or_self_currently_winning|hidden_proxy_late_information_rich|hidden_proxy_our_side_controls_trick|phase_middle|role_setter|seat_pos_2|sequence_follow,follower_partner_or_self_currently_winning|phase_middle|role_setter|seat_pos_2|sequence_follow,phase_middle_trick_2_4|position_follow|role_defender|role_left_setter|role_setter|seat_third_follow,,oracle/distribution columns are offline labels; role/order and proxy labels are public/action-local; eval_only_labels are never asserted as runtime features
w42.partnership_failure_atlas.v2,bd105166016170661cfcc743,corpus_v2_train_0-9_d0-9.pt:82:5,2-2,corpus_v2_train_0-9_d0-9.pt,8,82,5,twos,30,0,bidder,bidder,offense,1,1,second,early,0,true,true,defense,0,true,true,true,true,9.134102821350098,0.0,0.36500000953674316,0.08500000089406967,18,available:derived-from-role-and-bid-using-retained-w42-semantics,P(Q>=threshold_q); threshold_q is role-and-bid-dependent,-18,P(Q<=-18),true,true,0.0,2,2,0,1,1,2,phase_early|role_bidder|seat_pos_1|sequence_follow,true,false,false,phase_early|role_bidder|seat_pos_1|sequence_follow,available:phase4-positive-and-negative-detector-sets,true,proxy-only:is-best-threshold-not-actual-gus-output,,unavailable:no-positional-cross-corpus-match,2,5.29570960999,9.13410282135,3.83839321136,3.83839321136,1,2-2,0.0,true,,unavailable:policy-not-fingerprinted-in-retained-action-tables,,unjoinable:no-shared-champion-action-state-fingerprint,available:exact-action-key,available:exact-action-key,available:exact-action-key,available:exact-action-key,available:exact-action-key,partial:q-outcome-summaries-without-worlds-weights-or-calibration,,unavailable:not-present-in-retained-action-tables,,unavailable:not-retained-with-compatible-action-rows,,unavailable:not-retained-with-compatible-action-rows,,unavailable:not-retained-with-compatible-action-rows,,unavailable:not-retained-with-compatible-action-rows,,unavailable:not-retained-with-compatible-action-rows,,,,unjoinable:gus-corpus-state-namespace,available:public-role-seat-order-and-phase,follower_can_beat_opponent|follower_opponent_currently_winning|follower_take_control_from_opponent|phase_early|role_bidder|seat_pos_1|sequence_follow,,proxy-only:public-role-and-action-local-labels,,unavailable:not-present-in-retained-action-tables,,unavailable:not-present-in-retained-action-tables,available:actual-action-indicator-without-policy-probability,,unavailable:not-present-in-retained-action-tables,,unavailable:not-present-in-retained-action-tables,,,,unavailable:no-cross-decision-plan-state-or-intervention,proxy-only:fixed-threshold-and-tail-rankings-without-transform-consumer-or-context,,fixed-bid30:declaration-and-risk-proxies-only; no auction choices/history,,unavailable:not-present-in-retained-action-tables,,,unavailable:not-present-in-retained-action-tables,,,hidden_proxy_control_shift_available|hidden_proxy_early_high_uncertainty|hidden_proxy_opponent_controls_trick,follower_can_beat_opponent|follower_opponent_currently_winning|follower_take_control_from_opponent|hidden_proxy_control_shift_available|hidden_proxy_early_high_uncertainty|hidden_proxy_opponent_controls_trick|phase_early|role_bidder|seat_pos_1|sequence_follow,follower_can_beat_opponent|follower_opponent_currently_winning|follower_take_control_from_opponent|phase_early|role_bidder|seat_pos_1|sequence_follow,phase_early_trick_0_1|position_follow|role_bidder|seat_second_follow,,oracle/distribution columns are offline labels; role/order and proxy labels are public/action-local; eval_only_labels are never asserted as runtime features
w42.partnership_failure_atlas.v2,bd41298e72adba5508a280a0,corpus_v2_train_90-99_d0-9.pt:83:8,4-0,corpus_v2_train_90-99_d0-9.pt,98,83,8,threes,30,1,left_setter,setter,defense,2,0,lead,middle,0,false,false,,0,false,true,false,false,3.6837973594665527,1.1187620162963867,0.7549999952316284,0.24500000476837158,-17,available:derived-from-role-and-bid-using-retained-w42-semantics,P(Q>=threshold_q); threshold_q is role-and-bid-dependent,-18,P(Q<=-18),false,false,0.009999990463256836,5,0,5,1,2,0,ch05_generic_non_count_calling_lead|ch05_non_count_calling_lead|ch05_setter_pressure_regime|phase_middle|role_setter|seat_pos_0|sequence_lead,false,false,true,ch05_generic_non_count_calling_lead|ch05_non_count_calling_lead|ch05_setter_pressure_regime|phase_middle|role_setter|seat_pos_0|sequence_lead,available:phase4-positive-and-negative-detector-sets,false,proxy-only:is-best-threshold-not-actual-gus-output,,unavailable:no-positional-cross-corpus-match,5,-6.0927324295,4.80255937576,10.8952918053,1.1187620163,1,4-4,0.0,true,,unavailable:policy-not-fingerprinted-in-retained-action-tables,,unjoinable:no-shared-champion-action-state-fingerprint,available:exact-action-key,available:exact-action-key,available:exact-action-key,available:exact-action-key,available:exact-action-key,partial:q-outcome-summaries-without-worlds-weights-or-calibration,,unavailable:not-present-in-retained-action-tables,,unavailable:not-retained-with-compatible-action-rows,,unavailable:not-retained-with-compatible-action-rows,,unavailable:not-retained-with-compatible-action-rows,,unavailable:not-retained-with-compatible-action-rows,,unavailable:not-retained-with-compatible-action-rows,,,,unjoinable:gus-corpus-state-namespace,available:public-role-seat-order-and-phase,phase_middle|role_setter|seat_pos_0|sequence_lead,,proxy-only:public-role-and-action-local-labels,,unavailable:not-present-in-retained-action-tables,,unavailable:not-present-in-retained-action-tables,available:actual-action-indicator-without-policy-probability,,unavailable:not-present-in-retained-action-tables,,unavailable:not-present-in-retained-action-tables,,,,unavailable:no-cross-decision-plan-state-or-intervention,proxy-only:fixed-threshold-and-tail-rankings-without-transform-consumer-or-context,,fixed-bid30:declaration-and-risk-proxies-only; no auction choices/history,,unavailable:not-present-in-retained-action-tables,,,unavailable:not-present-in-retained-action-tables,,,,phase_middle|role_setter|seat_pos_0|sequence_lead,phase_middle|role_setter|seat_pos_0|sequence_lead,phase_middle_trick_2_4|position_lead|role_defender|role_left_setter|role_setter|seat_first_lead,,oracle/distribution columns are offline labels; role/order and proxy labels are public/action-local; eval_only_labels are never asserted as runtime features
w42.partnership_failure_atlas.v2,be8a779113c6a7d0e1f756f4,corpus_v2_train_20-29_d0-9.pt:46:14,5-2,corpus_v2_train_20-29_d0-9.pt,24,46,14,sixes,30,0,bidder,bidder,offense,3,2,third,middle,0,false,false,offense,0,false,false,true,true,23.119298934936523,0.0,0.8849999904632568,0.0,18,available:derived-from-role-and-bid-using-retained-w42-semantics,P(Q>=threshold_q); threshold_q is role-and-bid-dependent,-18,P(Q<=-18),true,true,0.0,4,2,2,1,0,2,phase_middle|role_bidder|seat_pos_2|sequence_follow,true,false,false,phase_middle|role_bidder|seat_pos_2|sequence_follow,available:phase4-positive-and-negative-detector-sets,true,proxy-only:is-best-threshold-not-actual-gus-output,,unavailable:no-positional-cross-corpus-match,4,15.9812812805,23.1192989349,7.13801765442,0.0124893188477,1,5-2,0.0,true,,unavailable:policy-not-fingerprinted-in-retained-action-tables,,unjoinable:no-shared-champion-action-state-fingerprint,available:exact-action-key,available:exact-action-key,available:exact-action-key,available:exact-action-key,available:exact-action-key,partial:q-outcome-summaries-without-worlds-weights-or-calibration,,unavailable:not-present-in-retained-action-tables,,unavailable:not-retained-with-compatible-action-rows,,unavailable:not-retained-with-compatible-action-rows,,unavailable:not-retained-with-compatible-action-rows,,unavailable:not-retained-with-compatible-action-rows,,unavailable:not-retained-with-compatible-action-rows,,,,unjoinable:gus-corpus-state-namespace,available:public-role-seat-order-and-phase,follower_partner_or_self_currently_winning|phase_middle|role_bidder|seat_pos_2|sequence_follow,follower_partner_or_self_currently_winning,proxy-only:public-role-and-action-local-labels,,unavailable:not-present-in-retained-action-tables,,unavailable:not-present-in-retained-action-tables,available:actual-action-indicator-without-policy-probability,,unavailable:not-present-in-retained-action-tables,,unavailable:not-present-in-retained-action-tables,,,,unavailable:no-cross-decision-plan-state-or-intervention,proxy-only:fixed-threshold-and-tail-rankings-without-transform-consumer-or-context,bidrisk_join_available|bidrisk_max_profitable_high_37_41|bidrisk_minimum_shape_low_risk|bidrisk_off_count_3|bidrisk_pmake30_high|bidrisk_static_risk_le_12|bidrisk_trump_count_3|bidrisk_wilson_safe_natural_35_36,fixed-bid30:declaration-and-risk-proxies-only; no auction choices/history,,unavailable:not-present-in-retained-action-tables,,,unavailable:not-present-in-retained-action-tables,,,hidden_proxy_our_side_controls_trick,bidrisk_join_available|bidrisk_max_profitable_high_37_41|bidrisk_minimum_shape_low_risk|bidrisk_off_count_3|bidrisk_pmake30_high|bidrisk_static_risk_le_12|bidrisk_trump_count_3|bidrisk_wilson_safe_natural_35_36|follower_partner_or_self_currently_winning|hidden_proxy_our_side_controls_trick|phase_middle|role_bidder|seat_pos_2|sequence_follow,follower_partner_or_self_currently_winning|phase_middle|role_bidder|seat_pos_2|sequence_follow,phase_middle_trick_2_4|position_follow|role_bidder|seat_third_follow,,oracle/distribution columns are offline labels; role/order and proxy labels are public/action-local; eval_only_labels are never asserted as runtime features
w42.partnership_failure_atlas.v2,bf8c985389e20f06ffe9f802,corpus_v2_train_60-69_d0-9.pt:97:7,2-2,corpus_v2_train_60-69_d0-9.pt,69,97,7,doubles,30,3,right_setter,setter,defense,1,3,last,early,0,true,true,defense,0,false,false,false,false,8.304145812988281,0.2464580535888672,0.8349999785423279,0.1599999964237213,-17,available:derived-from-role-and-bid-using-retained-w42-semantics,P(Q>=threshold_q); threshold_q is role-and-bid-dependent,-18,P(Q<=-18),true,true,0.0,2,2,0,0,2,0,ch05_noncount_on_closure_defensive_win|ch05_setter_pressure_regime|phase_early|role_setter|seat_pos_3|sequence_closure,false,false,false,ch05_noncount_on_closure_defensive_win|ch05_setter_pressure_regime|phase_early|role_setter|seat_pos_3|sequence_closure,available:phase4-positive-and-negative-detector-sets,true,proxy-only:is-best-threshold-not-actual-gus-output,,unavailable:no-positional-cross-corpus-match,2,8.30414581299,8.55060386658,0.246458053589,0.246458053589,1,1-1,0.0,true,,unavailable:policy-not-fingerprinted-in-retained-action-tables,,unjoinable:no-shared-champion-action-state-fingerprint,available:exact-action-key,available:exact-action-key,available:exact-action-key,available:exact-action-key,available:exact-action-key,partial:q-outcome-summaries-without-worlds-weights-or-calibration,,unavailable:not-present-in-retained-action-tables,,unavailable:not-retained-with-compatible-action-rows,,unavailable:not-retained-with-compatible-action-rows,,unavailable:not-retained-with-compatible-action-rows,,unavailable:not-retained-with-compatible-action-rows,,unavailable:not-retained-with-compatible-action-rows,,,,unjoinable:gus-corpus-state-namespace,available:public-role-seat-order-and-phase,closure_decline_trick|closure_sequence_decision|follower_partner_or_self_currently_winning|phase_early|role_setter|seat_pos_3|sequence_last_to_act,follower_partner_or_self_currently_winning,proxy-only:public-role-and-action-local-labels,,unavailable:not-present-in-retained-action-tables,,unavailable:not-present-in-retained-action-tables,available:actual-action-indicator-without-policy-probability,,unavailable:not-present-in-retained-action-tables,,unavailable:not-present-in-retained-action-tables,,,,unavailable:no-cross-decision-plan-state-or-intervention,proxy-only:fixed-threshold-and-tail-rankings-without-transform-consumer-or-context,,fixed-bid30:declaration-and-risk-proxies-only; no auction choices/history,,unavailable:not-present-in-retained-action-tables,,,unavailable:not-present-in-retained-action-tables,dnt_dt_candidate_double|dnt_dt_low_double|dnt_regime_doubles,,hidden_proxy_closure_information|hidden_proxy_early_high_uncertainty|hidden_proxy_our_side_controls_trick,closure_decline_trick|closure_sequence_decision|dnt_dt_candidate_double|dnt_dt_low_double|dnt_regime_doubles|follower_partner_or_self_currently_winning|hidden_proxy_closure_information|hidden_proxy_early_high_uncertainty|hidden_proxy_our_side_controls_trick|phase_early|role_setter|seat_pos_3|sequence_last_to_act,closure_decline_trick|closure_sequence_decision|follower_partner_or_self_currently_winning|phase_early|role_setter|seat_pos_3|sequence_last_to_act,closure_decision|closure_decline_or_slough|phase_early_trick_0_1|position_follow|position_last_to_act|role_defender|role_right_setter|role_setter|seat_fourth_closure,,oracle/distribution columns are offline labels; role/order and proxy labels are public/action-local; eval_only_labels are never asserted as runtime features
w42.partnership_failure_atlas.v2,bfa746f22d75e222edebb197,corpus_v2_train_40-49_d0-9.pt:64:10,3-1,corpus_v2_train_40-49_d0-9.pt,46,64,10,fours,30,3,right_setter,setter,defense,2,2,third,middle,0,false,false,defense,0,false,false,false,false,14.04536247253418,0.8320255279541016,0.8849999904632568,0.10999999940395355,-17,available:derived-from-role-and-bid-using-retained-w42-semantics,P(Q>=threshold_q); threshold_q is role-and-bid-dependent,-18,P(Q<=-18),false,false,0.10000002384185791,5,0,5,1,2,0,ch05_noncount_before_certainty_alternative|ch05_setter_pressure_regime|phase_middle|role_setter|seat_pos_2|sequence_follow,false,false,true,ch05_noncount_before_certainty_alternative|ch05_setter_pressure_regime|phase_middle|role_setter|seat_pos_2|sequence_follow,available:phase4-positive-and-negative-detector-sets,false,proxy-only:is-best-threshold-not-actual-gus-output,,unavailable:no-positional-cross-corpus-match,5,11.6606588364,14.8773880005,3.21672916412,0.832025527954,1,5-5,3.216729164123535,false,,unavailable:policy-not-fingerprinted-in-retained-action-tables,,unjoinable:no-shared-champion-action-state-fingerprint,available:exact-action-key,available:exact-action-key,available:exact-action-key,available:exact-action-key,available:exact-action-key,partial:q-outcome-summaries-without-worlds-weights-or-calibration,,unavailable:not-present-in-retained-action-tables,,unavailable:not-retained-with-compatible-action-rows,,unavailable:not-retained-with-compatible-action-rows,,unavailable:not-retained-with-compatible-action-rows,,unavailable:not-retained-with-compatible-action-rows,,unavailable:not-retained-with-compatible-action-rows,,,,unjoinable:gus-corpus-state-namespace,available:public-role-seat-order-and-phase,follower_partner_or_self_currently_winning|phase_middle|role_setter|seat_pos_2|sequence_follow,follower_partner_or_self_currently_winning,proxy-only:public-role-and-action-local-labels,,unavailable:not-present-in-retained-action-tables,,unavailable:not-present-in-retained-action-tables,available:actual-action-indicator-without-policy-probability,,unavailable:not-present-in-retained-action-tables,,unavailable:not-present-in-retained-action-tables,,,,unavailable:no-cross-decision-plan-state-or-intervention,proxy-only:fixed-threshold-and-tail-rankings-without-transform-consumer-or-context,,fixed-bid30:declaration-and-risk-proxies-only; no auction choices/history,,unavailable:not-present-in-retained-action-tables,,,unavailable:not-present-in-retained-action-tables,,,hidden_proxy_our_side_controls_trick,follower_partner_or_self_currently_winning|hidden_proxy_our_side_controls_trick|phase_middle|role_setter|seat_pos_2|sequence_follow,follower_partner_or_self_currently_winning|phase_middle|role_setter|seat_pos_2|sequence_follow,phase_middle_trick_2_4|position_follow|role_defender|role_right_setter|role_setter|seat_third_follow,,oracle/distribution columns are offline labels; role/order and proxy labels are public/action-local; eval_only_labels are never asserted as runtime features
w42.partnership_failure_atlas.v2,bfc911dc383ff5e09e506c83,corpus_v2_train_70-79_d0-9.pt:65:5,4-4,corpus_v2_train_70-79_d0-9.pt,76,65,5,fives,30,3,right_setter,setter,defense,1,1,second,early,0,false,true,offense,0,false,false,false,false,-13.54553508758545,2.595029830932617,0.39500001072883606,0.6050000190734863,-17,available:derived-from-role-and-bid-using-retained-w42-semantics,P(Q>=threshold_q); threshold_q is role-and-bid-dependent,-18,P(Q<=-18),false,false,0.014999985694885254,6,0,6,1,2,0,ch05_noncount_to_bidder_control_alternative|ch05_setter_pressure_regime|phase_early|role_setter|seat_pos_1|sequence_follow,false,false,true,ch05_noncount_to_bidder_control_alternative|ch05_setter_pressure_regime|phase_early|role_setter|seat_pos_1|sequence_follow,available:phase4-positive-and-negative-detector-sets,false,proxy-only:is-best-threshold-not-actual-gus-output,,unavailable:no-positional-cross-corpus-match,6,-15.6296701431,-10.9505052567,4.67916488647,0.106581687927,1,3-0,0.0,true,,unavailable:policy-not-fingerprinted-in-retained-action-tables,,unjoinable:no-shared-champion-action-state-fingerprint,available:exact-action-key,available:exact-action-key,available:exact-action-key,available:exact-action-key,available:exact-action-key,partial:q-outcome-summaries-without-worlds-weights-or-calibration,,unavailable:not-present-in-retained-action-tables,,unavailable:not-retained-with-compatible-action-rows,,unavailable:not-retained-with-compatible-action-rows,,unavailable:not-retained-with-compatible-action-rows,,unavailable:not-retained-with-compatible-action-rows,,unavailable:not-retained-with-compatible-action-rows,,,,unjoinable:gus-corpus-state-namespace,available:public-role-seat-order-and-phase,follower_opponent_currently_winning|phase_early|role_setter|seat_pos_1|sequence_follow|setter_pounce_sequence_window,,proxy-only:public-role-and-action-local-labels,,unavailable:not-present-in-retained-action-tables,,unavailable:not-present-in-retained-action-tables,available:actual-action-indicator-without-policy-probability,,unavailable:not-present-in-retained-action-tables,,unavailable:not-present-in-retained-action-tables,,,,unavailable:no-cross-decision-plan-state-or-intervention,proxy-only:fixed-threshold-and-tail-rankings-without-transform-consumer-or-context,,fixed-bid30:declaration-and-risk-proxies-only; no auction choices/history,,unavailable:not-present-in-retained-action-tables,,,unavailable:not-present-in-retained-action-tables,,,hidden_proxy_early_high_uncertainty|hidden_proxy_opponent_controls_trick,follower_opponent_currently_winning|hidden_proxy_early_high_uncertainty|hidden_proxy_opponent_controls_trick|phase_early|role_setter|seat_pos_1|sequence_follow|setter_pounce_sequence_window,follower_opponent_currently_winning|phase_early|role_setter|seat_pos_1|sequence_follow|setter_pounce_sequence_window,defensive_pounce_window|phase_early_trick_0_1|position_follow|role_defender|role_right_setter|role_setter|seat_second_follow,,oracle/distribution columns are offline labels; role/order and proxy labels are public/action-local; eval_only_labels are never asserted as runtime features
w42.partnership_failure_atlas.v2,c252964c40b00c5e0f445e86,corpus_v2_train_90-99_d0-9.pt:55:5,6-2,corpus_v2_train_90-99_d0-9.pt,95,55,5,fives,30,3,right_setter,setter,defense,1,1,second,early,0,false,false,offense,0,false,false,false,false,8.782881736755371,16.889269828796387,1.0,0.0,-17,available:derived-from-role-and-bid-using-retained-w42-semantics,P(Q>=threshold_q); threshold_q is role-and-bid-dependent,-18,P(Q<=-18),true,true,0.0,6,3,3,1,0,3,ch05_hold_trump_no_count_proxy|ch05_noncount_to_bidder_control_alternative|ch05_setter_pressure_regime|phase_early|role_setter|seat_pos_1|sequence_follow,false,false,true,ch05_hold_trump_no_count_proxy|ch05_noncount_to_bidder_control_alternative|ch05_setter_pressure_regime|phase_early|role_setter|seat_pos_1|sequence_follow,available:phase4-positive-and-negative-detector-sets,true,proxy-only:is-best-threshold-not-actual-gus-output,,unavailable:no-positional-cross-corpus-match,6,8.09924507141,25.6721515656,17.5729064941,0.992473602295,1,5-2,0.0,true,,unavailable:policy-not-fingerprinted-in-retained-action-tables,,unjoinable:no-shared-champion-action-state-fingerprint,available:exact-action-key,available:exact-action-key,available:exact-action-key,available:exact-action-key,available:exact-action-key,partial:q-outcome-summaries-without-worlds-weights-or-calibration,,unavailable:not-present-in-retained-action-tables,,unavailable:not-retained-with-compatible-action-rows,,unavailable:not-retained-with-compatible-action-rows,,unavailable:not-retained-with-compatible-action-rows,,unavailable:not-retained-with-compatible-action-rows,,unavailable:not-retained-with-compatible-action-rows,,,,unjoinable:gus-corpus-state-namespace,available:public-role-seat-order-and-phase,follower_opponent_currently_winning|phase_early|role_setter|seat_pos_1|sequence_follow|setter_pounce_sequence_window,,proxy-only:public-role-and-action-local-labels,,unavailable:not-present-in-retained-action-tables,,unavailable:not-present-in-retained-action-tables,available:actual-action-indicator-without-policy-probability,,unavailable:not-present-in-retained-action-tables,,unavailable:not-present-in-retained-action-tables,,,,unavailable:no-cross-decision-plan-state-or-intervention,proxy-only:fixed-threshold-and-tail-rankings-without-transform-consumer-or-context,,fixed-bid30:declaration-and-risk-proxies-only; no auction choices/history,,unavailable:not-present-in-retained-action-tables,,,unavailable:not-present-in-retained-action-tables,,,hidden_proxy_early_high_uncertainty|hidden_proxy_opponent_controls_trick,follower_opponent_currently_winning|hidden_proxy_early_high_uncertainty|hidden_proxy_opponent_controls_trick|phase_early|role_setter|seat_pos_1|sequence_follow|setter_pounce_sequence_window,follower_opponent_currently_winning|phase_early|role_setter|seat_pos_1|sequence_follow|setter_pounce_sequence_window,defensive_pounce_window|phase_early_trick_0_1|position_follow|role_defender|role_right_setter|role_setter|seat_second_follow,,oracle/distribution columns are offline labels; role/order and proxy labels are public/action-local; eval_only_labels are never asserted as runtime features
w42.partnership_failure_atlas.v2,c2707695bff05bfcf3bc59d1,corpus_v2_train_40-49_d0-9.pt:18:24,3-2,corpus_v2_train_40-49_d0-9.pt,41,18,24,doubles-suit,30,2,bidder_partner,partner,offense,6,0,lead,late,5,false,false,,0,false,true,true,true,-0.08612105995416641,0.0,0.0,0.0,18,available:derived-from-role-and-bid-using-retained-w42-semantics,P(Q>=threshold_q); threshold_q is role-and-bid-dependent,-18,P(Q<=-18),true,true,0.0,1,0,1,1,0,0,ch04_partner_lead_count_liability|ch04_partner_support_regime|phase_late|role_partner|seat_pos_0|sequence_lead,true,true,false,ch04_partner_lead_count_liability|ch04_partner_support_regime|phase_late|role_partner|seat_pos_0|sequence_lead,available:phase4-positive-and-negative-detector-sets,true,proxy-only:is-best-threshold-not-actual-gus-output,,unavailable:no-positional-cross-corpus-match,1,-0.0861210599542,-0.0861210599542,0,0,1,3-2,0.0,true,,unavailable:policy-not-fingerprinted-in-retained-action-tables,,unjoinable:no-shared-champion-action-state-fingerprint,available:exact-action-key,available:exact-action-key,available:exact-action-key,available:exact-action-key,available:exact-action-key,partial:q-outcome-summaries-without-worlds-weights-or-calibration,,unavailable:not-present-in-retained-action-tables,,unavailable:not-retained-with-compatible-action-rows,,unavailable:not-retained-with-compatible-action-rows,,unavailable:not-retained-with-compatible-action-rows,,unavailable:not-retained-with-compatible-action-rows,,unavailable:not-retained-with-compatible-action-rows,,,,unjoinable:gus-corpus-state-namespace,available:public-role-seat-order-and-phase,phase_late|role_partner|seat_pos_0|sequence_lead,ch04_partner_lead_count_liability|ch04_partner_support_regime|partner_support_sequence_context,proxy-only:public-role-and-action-local-labels,,unavailable:not-present-in-retained-action-tables,,unavailable:not-present-in-retained-action-tables,available:actual-action-indicator-without-policy-probability,,unavailable:not-present-in-retained-action-tables,,unavailable:not-present-in-retained-action-tables,,,,unavailable:no-cross-decision-plan-state-or-intervention,proxy-only:fixed-threshold-and-tail-rankings-without-transform-consumer-or-context,,fixed-bid30:declaration-and-risk-proxies-only; no auction choices/history,,unavailable:not-present-in-retained-action-tables,,,unavailable:not-present-in-retained-action-tables,dnt_regime_doubles-suit,,hidden_proxy_count_pressure|hidden_proxy_late_information_rich,dnt_regime_doubles-suit|hidden_proxy_count_pressure|hidden_proxy_late_information_rich|partner_support_sequence_context|phase_late|role_partner|seat_pos_0|sequence_lead,partner_support_sequence_context|phase_late|role_partner|seat_pos_0|sequence_lead,partner_count_takes_control|partner_support_context|phase_late_trick_5_6|position_lead|role_partner|seat_first_lead,,oracle/distribution columns are offline labels; role/order and proxy labels are public/action-local; eval_only_labels are never asserted as runtime features
w42.partnership_failure_atlas.v2,c434cbb588ee2c44fee700f9,corpus_v2_train_50-59_d0-9.pt:3:8,0-0,corpus_v2_train_50-59_d0-9.pt,50,3,8,threes,30,0,bidder,bidder,offense,2,0,lead,middle,0,false,true,,0,false,true,true,true,16.170618057250977,0.0,0.5699999928474426,0.18000000715255737,18,available:derived-from-role-and-bid-using-retained-w42-semantics,P(Q>=threshold_q); threshold_q is role-and-bid-dependent,-18,P(Q<=-18),true,true,0.0,5,1,4,1,1,0,ch03_bidder_lead_off_suit|ch03_bidder_lead_plan|phase_middle|role_bidder|seat_pos_0|sequence_lead,true,false,true,ch03_bidder_lead_off_suit|ch03_bidder_lead_plan|phase_middle|role_bidder|seat_pos_0|sequence_lead,available:phase4-positive-and-negative-detector-sets,true,proxy-only:is-best-threshold-not-actual-gus-output,,unavailable:no-positional-cross-corpus-match,5,-5.6335811615,16.1706180573,21.8041992188,1.30527877808,1,0-0,0.0,true,,unavailable:policy-not-fingerprinted-in-retained-action-tables,,unjoinable:no-shared-champion-action-state-fingerprint,available:exact-action-key,available:exact-action-key,available:exact-action-key,available:exact-action-key,available:exact-action-key,partial:q-outcome-summaries-without-worlds-weights-or-calibration,,unavailable:not-present-in-retained-action-tables,,unavailable:not-retained-with-compatible-action-rows,,unavailable:not-retained-with-compatible-action-rows,,unavailable:not-retained-with-compatible-action-rows,,unavailable:not-retained-with-compatible-action-rows,,unavailable:not-retained-with-compatible-action-rows,,,,unjoinable:gus-corpus-state-namespace,available:public-role-seat-order-and-phase,phase_middle|role_bidder|seat_pos_0|sequence_lead,,proxy-only:public-role-and-action-local-labels,,unavailable:not-present-in-retained-action-tables,,unavailable:not-present-in-retained-action-tables,available:actual-action-indicator-without-policy-probability,,unavailable:not-present-in-retained-action-tables,,unavailable:not-present-in-retained-action-tables,bidder_lead_plan|ch03_bidder_lead_plan,,,unavailable:no-cross-decision-plan-state-or-intervention,proxy-only:fixed-threshold-and-tail-rankings-without-transform-consumer-or-context,,fixed-bid30:declaration-and-risk-proxies-only; no auction choices/history,,unavailable:not-present-in-retained-action-tables,,,unavailable:not-present-in-retained-action-tables,,,,bidder_lead_noncount|bidder_lead_off_suit|bidder_lead_plan|phase_middle|role_bidder|seat_pos_0|sequence_lead,bidder_lead_noncount|bidder_lead_off_suit|bidder_lead_plan|phase_middle|role_bidder|seat_pos_0|sequence_lead,phase_middle_trick_2_4|position_lead|role_bidder|seat_first_lead,,oracle/distribution columns are offline labels; role/order and proxy labels are public/action-local; eval_only_labels are never asserted as runtime features
w42.partnership_failure_atlas.v2,c45529d5ba9a80bf8a92c670,corpus_v2_train_40-49_d0-9.pt:29:11,5-5,corpus_v2_train_40-49_d0-9.pt,42,29,11,no-trump,30,3,right_setter,setter,defense,2,3,last,middle,10,false,true,offense,0,true,true,true,true,17.200489044189453,0.0,1.0,0.0,-17,available:derived-from-role-and-bid-using-retained-w42-semantics,P(Q>=threshold_q); threshold_q is role-and-bid-dependent,-18,P(Q<=-18),true,true,0.0,1,0,1,1,1,1,ch05_hold_trump_no_count_proxy|ch05_pounce_take_count_now|ch05_reckless_count_to_bidder_control|ch05_setter_pressure_regime|phase_middle|role_setter|seat_pos_3|sequence_closure,true,true,true,ch05_hold_trump_no_count_proxy|ch05_pounce_take_count_now|ch05_reckless_count_to_bidder_control|ch05_setter_pressure_regime|phase_middle|role_setter|seat_pos_3|sequence_closure,available:phase4-positive-and-negative-detector-sets,true,proxy-only:is-best-threshold-not-actual-gus-output,,unavailable:no-positional-cross-corpus-match,1,17.2004890442,17.2004890442,0,0,1,5-5,0.0,true,,unavailable:policy-not-fingerprinted-in-retained-action-tables,,unjoinable:no-shared-champion-action-state-fingerprint,available:exact-action-key,available:exact-action-key,available:exact-action-key,available:exact-action-key,available:exact-action-key,partial:q-outcome-summaries-without-worlds-weights-or-calibration,,unavailable:not-present-in-retained-action-tables,,unavailable:not-retained-with-compatible-action-rows,,unavailable:not-retained-with-compatible-action-rows,,unavailable:not-retained-with-compatible-action-rows,,unavailable:not-retained-with-compatible-action-rows,,unavailable:not-retained-with-compatible-action-rows,,,,unjoinable:gus-corpus-state-namespace,available:public-role-seat-order-and-phase,closure_sequence_decision|closure_take_count|closure_take_trick|follower_can_beat_opponent|follower_opponent_currently_winning|follower_take_control_from_opponent|phase_middle|role_setter|seat_pos_3|sequence_last_to_act|setter_pounce_count|setter_pounce_last_seat|setter_pounce_sequence_window,,proxy-only:public-role-and-action-local-labels,,unavailable:not-present-in-retained-action-tables,,unavailable:not-present-in-retained-action-tables,available:actual-action-indicator-without-policy-probability,,unavailable:not-present-in-retained-action-tables,,unavailable:not-present-in-retained-action-tables,,,,unavailable:no-cross-decision-plan-state-or-intervention,proxy-only:fixed-threshold-and-tail-rankings-without-transform-consumer-or-context,,fixed-bid30:declaration-and-risk-proxies-only; no auction choices/history,,unavailable:not-present-in-retained-action-tables,,,unavailable:not-present-in-retained-action-tables,dnt_nt_candidate_double|dnt_nt_count_candidate|dnt_nt_count_capture|dnt_regime_no_trump,,hidden_proxy_closure_information|hidden_proxy_control_shift_available|hidden_proxy_count_pressure|hidden_proxy_opponent_controls_trick,closure_sequence_decision|closure_take_count|closure_take_trick|dnt_nt_candidate_double|dnt_nt_count_candidate|dnt_nt_count_capture|dnt_regime_no_trump|follower_can_beat_opponent|follower_opponent_currently_winning|follower_take_control_from_opponent|hidden_proxy_closure_information|hidden_proxy_control_shift_available|hidden_proxy_count_pressure|hidden_proxy_opponent_controls_trick|phase_middle|role_setter|seat_pos_3|sequence_last_to_act|setter_pounce_count|setter_pounce_last_seat|setter_pounce_sequence_window,closure_sequence_decision|closure_take_count|closure_take_trick|follower_can_beat_opponent|follower_opponent_currently_winning|follower_take_control_from_opponent|phase_middle|role_setter|seat_pos_3|sequence_last_to_act|setter_pounce_count|setter_pounce_last_seat|setter_pounce_sequence_window,closure_decision|closure_take_count|closure_take_trick|defensive_pounce_closure|defensive_pounce_count|defensive_pounce_window|phase_middle_trick_2_4|position_follow|position_last_to_act|role_defender|role_right_setter|role_setter|seat_fourth_closure,,oracle/distribution columns are offline labels; role/order and proxy labels are public/action-local; eval_only_labels are never asserted as runtime features
w42.partnership_failure_atlas.v2,c4d6b2e5e5ee4831fe0b3ab7,corpus_v2_train_0-9_d0-9.pt:96:13,4-1,corpus_v2_train_0-9_d0-9.pt,9,96,13,sixes,30,3,right_setter,setter,defense,3,1,second,middle,5,false,false,offense,0,false,false,false,false,-19.397911071777344,1.130615234375,0.36500000953674316,0.6299999952316284,-17,available:derived-from-role-and-bid-using-retained-w42-semantics,P(Q>=threshold_q); threshold_q is role-and-bid-dependent,-18,P(Q<=-18),false,false,0.019999980926513672,4,0,4,1,2,0,ch05_reckless_count_to_bidder_control|ch05_setter_pressure_regime|phase_middle|role_setter|seat_pos_1|sequence_follow,false,true,false,ch05_reckless_count_to_bidder_control|ch05_setter_pressure_regime|phase_middle|role_setter|seat_pos_1|sequence_follow,available:phase4-positive-and-negative-detector-sets,false,proxy-only:is-best-threshold-not-actual-gus-output,,unavailable:no-positional-cross-corpus-match,4,-19.3979110718,-18.2672958374,1.13061523438,0.76997756958,1,5-4,0.0,true,,unavailable:policy-not-fingerprinted-in-retained-action-tables,,unjoinable:no-shared-champion-action-state-fingerprint,available:exact-action-key,available:exact-action-key,available:exact-action-key,available:exact-action-key,available:exact-action-key,partial:q-outcome-summaries-without-worlds-weights-or-calibration,,unavailable:not-present-in-retained-action-tables,,unavailable:not-retained-with-compatible-action-rows,,unavailable:not-retained-with-compatible-action-rows,,unavailable:not-retained-with-compatible-action-rows,,unavailable:not-retained-with-compatible-action-rows,,unavailable:not-retained-with-compatible-action-rows,,,,unjoinable:gus-corpus-state-namespace,available:public-role-seat-order-and-phase,follower_count_into_opponent_control|follower_opponent_currently_winning|phase_middle|role_setter|seat_pos_1|sequence_follow|setter_pounce_sequence_window|setter_reckless_count_to_bidder,,proxy-only:public-role-and-action-local-labels,,unavailable:not-present-in-retained-action-tables,,unavailable:not-present-in-retained-action-tables,available:actual-action-indicator-without-policy-probability,,unavailable:not-present-in-retained-action-tables,,unavailable:not-present-in-retained-action-tables,,,,unavailable:no-cross-decision-plan-state-or-intervention,proxy-only:fixed-threshold-and-tail-rankings-without-transform-consumer-or-context,bidrisk_four_five_off|bidrisk_join_available|bidrisk_max_profitable_no_profitable_bid|bidrisk_off_count_4|bidrisk_pmake30_low|bidrisk_static_risk_13_20|bidrisk_trump_count_1|bidrisk_wilson_safe_no_profitable_bid,fixed-bid30:declaration-and-risk-proxies-only; no auction choices/history,,unavailable:not-present-in-retained-action-tables,,,unavailable:not-present-in-retained-action-tables,,,hidden_proxy_count_pressure|hidden_proxy_opponent_controls_trick,bidrisk_four_five_off|bidrisk_join_available|bidrisk_max_profitable_no_profitable_bid|bidrisk_off_count_4|bidrisk_pmake30_low|bidrisk_static_risk_13_20|bidrisk_trump_count_1|bidrisk_wilson_safe_no_profitable_bid|ch05_reckless_count_to_bidder|follower_count_into_opponent_control|follower_opponent_currently_winning|hidden_proxy_count_pressure|hidden_proxy_opponent_controls_trick|phase_middle|role_setter|seat_pos_1|sequence_follow|setter_pounce_sequence_window|setter_reckless_count_to_bidder,ch05_reckless_count_to_bidder|follower_count_into_opponent_control|follower_opponent_currently_winning|phase_middle|role_setter|seat_pos_1|sequence_follow|setter_pounce_sequence_window|setter_reckless_count_to_bidder,ch05_reckless_count_to_bidder|defensive_pounce_window|defensive_reckless_count_to_bidder|phase_middle_trick_2_4|position_follow|role_defender|role_right_setter|role_setter|seat_second_follow,,oracle/distribution columns are offline labels; role/order and proxy labels are public/action-local; eval_only_labels are never asserted as runtime features
w42.partnership_failure_atlas.v2,c4eaac8486cbb932ed47acf8,corpus_v2_train_90-99_d0-9.pt:39:13,4-2,corpus_v2_train_90-99_d0-9.pt,93,39,13,no-trump,30,2,bidder_partner,partner,offense,3,1,second,middle,0,false,false,defense,0,false,false,true,true,-6.502491474151611,0.0,0.0,0.2150000035762787,18,available:derived-from-role-and-bid-using-retained-w42-semantics,P(Q>=threshold_q); threshold_q is role-and-bid-dependent,-18,P(Q<=-18),true,true,0.0,1,0,1,0,0,0,ch04_partner_support_regime|phase_middle|role_partner|seat_pos_1|sequence_follow,true,false,false,ch04_partner_support_regime|phase_middle|role_partner|seat_pos_1|sequence_follow,available:phase4-positive-and-negative-detector-sets,true,proxy-only:is-best-threshold-not-actual-gus-output,,unavailable:no-positional-cross-corpus-match,1,-6.50249147415,-6.50249147415,0,0,1,4-2,0.0,true,,unavailable:policy-not-fingerprinted-in-retained-action-tables,,unjoinable:no-shared-champion-action-state-fingerprint,available:exact-action-key,available:exact-action-key,available:exact-action-key,available:exact-action-key,available:exact-action-key,partial:q-outcome-summaries-without-worlds-weights-or-calibration,,unavailable:not-present-in-retained-action-tables,,unavailable:not-retained-with-compatible-action-rows,,unavailable:not-retained-with-compatible-action-rows,,unavailable:not-retained-with-compatible-action-rows,,unavailable:not-retained-with-compatible-action-rows,,unavailable:not-retained-with-compatible-action-rows,,,,unjoinable:gus-corpus-state-namespace,available:public-role-seat-order-and-phase,follower_opponent_currently_winning|phase_middle|role_partner|seat_pos_1|sequence_follow,ch04_partner_support_regime|partner_support_sequence_context,proxy-only:public-role-and-action-local-labels,,unavailable:not-present-in-retained-action-tables,,unavailable:not-present-in-retained-action-tables,available:actual-action-indicator-without-policy-probability,,unavailable:not-present-in-retained-action-tables,,unavailable:not-present-in-retained-action-tables,,,,unavailable:no-cross-decision-plan-state-or-intervention,proxy-only:fixed-threshold-and-tail-rankings-without-transform-consumer-or-context,,fixed-bid30:declaration-and-risk-proxies-only; no auction choices/history,,unavailable:not-present-in-retained-action-tables,,,unavailable:not-present-in-retained-action-tables,dnt_regime_no_trump,,hidden_proxy_opponent_controls_trick,dnt_regime_no_trump|follower_opponent_currently_winning|hidden_proxy_opponent_controls_trick|partner_support_sequence_context|phase_middle|role_partner|seat_pos_1|sequence_follow,follower_opponent_currently_winning|partner_support_sequence_context|phase_middle|role_partner|seat_pos_1|sequence_follow,partner_support_context|phase_middle_trick_2_4|position_follow|role_partner|seat_second_follow,,oracle/distribution columns are offline labels; role/order and proxy labels are public/action-local; eval_only_labels are never asserted as runtime features
w42.partnership_failure_atlas.v2,c5682a1ff2dcf4be68e82ed4,corpus_v2_train_80-89_d0-9.pt:57:27,3-2,corpus_v2_train_80-89_d0-9.pt,85,57,27,doubles,30,0,bidder,bidder,offense,6,3,last,late,5,false,false,offense,5,false,false,true,true,17.143125534057617,0.0,0.0,0.0,18,available:derived-from-role-and-bid-using-retained-w42-semantics,P(Q>=threshold_q); threshold_q is role-and-bid-dependent,-18,P(Q<=-18),true,true,0.0,1,0,1,1,0,0,phase_late|role_bidder|seat_pos_3|sequence_closure,true,false,false,phase_late|role_bidder|seat_pos_3|sequence_closure,available:phase4-positive-and-negative-detector-sets,true,proxy-only:is-best-threshold-not-actual-gus-output,,unavailable:no-positional-cross-corpus-match,1,17.1431255341,17.1431255341,0,0,1,3-2,0.0,true,,unavailable:policy-not-fingerprinted-in-retained-action-tables,,unjoinable:no-shared-champion-action-state-fingerprint,available:exact-action-key,available:exact-action-key,available:exact-action-key,available:exact-action-key,available:exact-action-key,partial:q-outcome-summaries-without-worlds-weights-or-calibration,,unavailable:not-present-in-retained-action-tables,,unavailable:not-retained-with-compatible-action-rows,,unavailable:not-retained-with-compatible-action-rows,,unavailable:not-retained-with-compatible-action-rows,,unavailable:not-retained-with-compatible-action-rows,,unavailable:not-retained-with-compatible-action-rows,,,,unjoinable:gus-corpus-state-namespace,available:public-role-seat-order-and-phase,closure_decline_trick|closure_sequence_decision|closure_slough_count|follower_partner_or_self_currently_winning|follower_safe_count_to_current_control|phase_late|role_bidder|seat_pos_3|sequence_last_to_act,follower_partner_or_self_currently_winning,proxy-only:public-role-and-action-local-labels,,unavailable:not-present-in-retained-action-tables,,unavailable:not-present-in-retained-action-tables,available:actual-action-indicator-without-policy-probability,,unavailable:not-present-in-retained-action-tables,,unavailable:not-present-in-retained-action-tables,,,,unavailable:no-cross-decision-plan-state-or-intervention,proxy-only:fixed-threshold-and-tail-rankings-without-transform-consumer-or-context,,fixed-bid30:declaration-and-risk-proxies-only; no auction choices/history,,unavailable:not-present-in-retained-action-tables,,,unavailable:not-present-in-retained-action-tables,dnt_regime_doubles,,hidden_proxy_closure_information|hidden_proxy_count_pressure|hidden_proxy_late_information_rich|hidden_proxy_our_side_controls_trick,closure_decline_trick|closure_sequence_decision|closure_slough_count|dnt_regime_doubles|follower_partner_or_self_currently_winning|follower_safe_count_to_current_control|hidden_proxy_closure_information|hidden_proxy_count_pressure|hidden_proxy_late_information_rich|hidden_proxy_our_side_controls_trick|phase_late|role_bidder|seat_pos_3|sequence_last_to_act,closure_decline_trick|closure_sequence_decision|closure_slough_count|follower_partner_or_self_currently_winning|follower_safe_count_to_current_control|phase_late|role_bidder|seat_pos_3|sequence_last_to_act,closure_decision|closure_decline_or_slough|closure_slough_count|phase_late_trick_5_6|position_follow|position_last_to_act|role_bidder|seat_fourth_closure,,oracle/distribution columns are offline labels; role/order and proxy labels are public/action-local; eval_only_labels are never asserted as runtime features
w42.partnership_failure_atlas.v2,c57c62e9cdcf3c8f8148cb6f,corpus_v2_train_70-79_d0-9.pt:65:4,3-1,corpus_v2_train_70-79_d0-9.pt,76,65,4,fives,30,2,bidder_partner,partner,offense,1,0,lead,early,0,false,false,,0,false,true,false,false,17.45618438720703,6.089141845703125,0.5199999809265137,0.0,18,available:derived-from-role-and-bid-using-retained-w42-semantics,P(Q>=threshold_q); threshold_q is role-and-bid-dependent,-18,P(Q<=-18),false,true,0.14500004053115845,6,3,3,1,0,0,ch04_partner_lead_noncount_low_liability|ch04_partner_support_regime|phase_early|role_partner|seat_pos_0|sequence_lead,false,false,true,ch04_partner_lead_noncount_low_liability|ch04_partner_support_regime|phase_early|role_partner|seat_pos_0|sequence_lead,available:phase4-positive-and-negative-detector-sets,false,proxy-only:is-best-threshold-not-actual-gus-output,,unavailable:no-positional-cross-corpus-match,6,10.6101341248,23.5453262329,12.9351921082,0.0132827758789,1,5-4,0.0,true,,unavailable:policy-not-fingerprinted-in-retained-action-tables,,unjoinable:no-shared-champion-action-state-fingerprint,available:exact-action-key,available:exact-action-key,available:exact-action-key,available:exact-action-key,available:exact-action-key,partial:q-outcome-summaries-without-worlds-weights-or-calibration,,unavailable:not-present-in-retained-action-tables,,unavailable:not-retained-with-compatible-action-rows,,unavailable:not-retained-with-compatible-action-rows,,unavailable:not-retained-with-compatible-action-rows,,unavailable:not-retained-with-compatible-action-rows,,unavailable:not-retained-with-compatible-action-rows,,,,unjoinable:gus-corpus-state-namespace,available:public-role-seat-order-and-phase,phase_early|role_partner|seat_pos_0|sequence_lead,ch04_partner_lead_noncount_low_liability|ch04_partner_support_regime|partner_support_sequence_context,proxy-only:public-role-and-action-local-labels,,unavailable:not-present-in-retained-action-tables,,unavailable:not-present-in-retained-action-tables,available:actual-action-indicator-without-policy-probability,,unavailable:not-present-in-retained-action-tables,,unavailable:not-present-in-retained-action-tables,,,,unavailable:no-cross-decision-plan-state-or-intervention,proxy-only:fixed-threshold-and-tail-rankings-without-transform-consumer-or-context,,fixed-bid30:declaration-and-risk-proxies-only; no auction choices/history,,unavailable:not-present-in-retained-action-tables,,,unavailable:not-present-in-retained-action-tables,,,hidden_proxy_early_high_uncertainty,hidden_proxy_early_high_uncertainty|partner_support_sequence_context|phase_early|role_partner|seat_pos_0|sequence_lead,partner_support_sequence_context|phase_early|role_partner|seat_pos_0|sequence_lead,partner_support_context|phase_early_trick_0_1|position_lead|role_partner|seat_first_lead,,oracle/distribution columns are offline labels; role/order and proxy labels are public/action-local; eval_only_labels are never asserted as runtime features
w42.partnership_failure_atlas.v2,c6ce295fd6dabb570765ebe0,corpus_v2_train_0-9_d0-9.pt:48:13,5-0,corpus_v2_train_0-9_d0-9.pt,4,48,13,doubles-suit,30,3,right_setter,setter,defense,3,1,second,middle,5,false,false,offense,0,false,false,false,false,-16.280941009521484,3.785726547241211,0.375,0.5450000166893005,-17,available:derived-from-role-and-bid-using-retained-w42-semantics,P(Q>=threshold_q); threshold_q is role-and-bid-dependent,-18,P(Q<=-18),false,false,0.06000000238418579,4,0,4,1,0,0,ch05_reckless_count_to_bidder_control|ch05_setter_pressure_regime|phase_middle|role_setter|seat_pos_1|sequence_follow,false,true,false,ch05_reckless_count_to_bidder_control|ch05_setter_pressure_regime|phase_middle|role_setter|seat_pos_1|sequence_follow,available:phase4-positive-and-negative-detector-sets,false,proxy-only:is-best-threshold-not-actual-gus-output,,unavailable:no-positional-cross-corpus-match,4,-16.2809410095,-12.4952144623,3.78572654724,0.503552436829,1,3-1,0.5035524368286133,false,,unavailable:policy-not-fingerprinted-in-retained-action-tables,,unjoinable:no-shared-champion-action-state-fingerprint,available:exact-action-key,available:exact-action-key,available:exact-action-key,available:exact-action-key,available:exact-action-key,partial:q-outcome-summaries-without-worlds-weights-or-calibration,,unavailable:not-present-in-retained-action-tables,,unavailable:not-retained-with-compatible-action-rows,,unavailable:not-retained-with-compatible-action-rows,,unavailable:not-retained-with-compatible-action-rows,,unavailable:not-retained-with-compatible-action-rows,,unavailable:not-retained-with-compatible-action-rows,,,,unjoinable:gus-corpus-state-namespace,available:public-role-seat-order-and-phase,follower_count_into_opponent_control|follower_opponent_currently_winning|phase_middle|role_setter|seat_pos_1|sequence_follow|setter_pounce_sequence_window|setter_reckless_count_to_bidder,,proxy-only:public-role-and-action-local-labels,,unavailable:not-present-in-retained-action-tables,,unavailable:not-present-in-retained-action-tables,available:actual-action-indicator-without-policy-probability,,unavailable:not-present-in-retained-action-tables,,unavailable:not-present-in-retained-action-tables,,,,unavailable:no-cross-decision-plan-state-or-intervention,proxy-only:fixed-threshold-and-tail-rankings-without-transform-consumer-or-context,,fixed-bid30:declaration-and-risk-proxies-only; no auction choices/history,,unavailable:not-present-in-retained-action-tables,,,unavailable:not-present-in-retained-action-tables,dnt_regime_doubles-suit,,hidden_proxy_count_pressure|hidden_proxy_opponent_controls_trick,dnt_regime_doubles-suit|follower_count_into_opponent_control|follower_opponent_currently_winning|hidden_proxy_count_pressure|hidden_proxy_opponent_controls_trick|phase_middle|role_setter|seat_pos_1|sequence_follow|setter_pounce_sequence_window|setter_reckless_count_to_bidder,follower_count_into_opponent_control|follower_opponent_currently_winning|phase_middle|role_setter|seat_pos_1|sequence_follow|setter_pounce_sequence_window|setter_reckless_count_to_bidder,defensive_pounce_window|defensive_reckless_count_to_bidder|phase_middle_trick_2_4|position_follow|role_defender|role_right_setter|role_setter|seat_second_follow,,oracle/distribution columns are offline labels; role/order and proxy labels are public/action-local; eval_only_labels are never asserted as runtime features
w42.partnership_failure_atlas.v2,c77f94c9ae4c4a153198f3e6,corpus_v2_train_50-59_d0-9.pt:94:12,3-1,corpus_v2_train_50-59_d0-9.pt,59,94,12,fours,30,3,right_setter,setter,defense,3,0,lead,middle,0,false,false,,0,false,true,false,false,-12.17215347290039,5.18391752243042,0.41499999165534973,0.5799999833106995,-17,available:derived-from-role-and-bid-using-retained-w42-semantics,P(Q>=threshold_q); threshold_q is role-and-bid-dependent,-18,P(Q<=-18),false,false,0.20500001311302185,4,0,4,0,2,0,ch05_generic_non_count_calling_lead|ch05_non_count_calling_lead|ch05_setter_pressure_regime|phase_middle|role_setter|seat_pos_0|sequence_lead,false,false,true,ch05_generic_non_count_calling_lead|ch05_non_count_calling_lead|ch05_setter_pressure_regime|phase_middle|role_setter|seat_pos_0|sequence_lead,available:phase4-positive-and-negative-detector-sets,false,proxy-only:is-best-threshold-not-actual-gus-output,,unavailable:no-positional-cross-corpus-match,4,-12.1721534729,-6.98823595047,5.18391752243,2.99582242966,1,3-3,0.0,true,,unavailable:policy-not-fingerprinted-in-retained-action-tables,,unjoinable:no-shared-champion-action-state-fingerprint,available:exact-action-key,available:exact-action-key,available:exact-action-key,available:exact-action-key,available:exact-action-key,partial:q-outcome-summaries-without-worlds-weights-or-calibration,,unavailable:not-present-in-retained-action-tables,,unavailable:not-retained-with-compatible-action-rows,,unavailable:not-retained-with-compatible-action-rows,,unavailable:not-retained-with-compatible-action-rows,,unavailable:not-retained-with-compatible-action-rows,,unavailable:not-retained-with-compatible-action-rows,,,,unjoinable:gus-corpus-state-namespace,available:public-role-seat-order-and-phase,phase_middle|role_setter|seat_pos_0|sequence_lead,,proxy-only:public-role-and-action-local-labels,,unavailable:not-present-in-retained-action-tables,,unavailable:not-present-in-retained-action-tables,available:actual-action-indicator-without-policy-probability,,unavailable:not-present-in-retained-action-tables,,unavailable:not-present-in-retained-action-tables,,,,unavailable:no-cross-decision-plan-state-or-intervention,proxy-only:fixed-threshold-and-tail-rankings-without-transform-consumer-or-context,,fixed-bid30:declaration-and-risk-proxies-only; no auction choices/history,,unavailable:not-present-in-retained-action-tables,,,unavailable:not-present-in-retained-action-tables,,e84_public_candidate|e84_public_double_count_5|e84_public_off_count_2|e84_public_trump_count_1|e84_public_two_off_same_suit,,e84_public_candidate|e84_public_double_count_5|e84_public_off_count_2|e84_public_trump_count_1|e84_public_two_off_same_suit|phase_middle|role_setter|seat_pos_0|sequence_lead,phase_middle|role_setter|seat_pos_0|sequence_lead,phase_middle_trick_2_4|position_lead|role_defender|role_right_setter|role_setter|seat_first_lead,eval_e84_dead_asset_release_control|eval_e84_defender_live_same_suit_pair|eval_e84_pair_protector_pressure,oracle/distribution columns are offline labels; role/order and proxy labels are public/action-local; eval_only_labels are never asserted as runtime features
w42.partnership_failure_atlas.v2,c78d1e4b0725bad83fa69723,corpus_v2_train_40-49_d0-9.pt:29:19,2-1,corpus_v2_train_40-49_d0-9.pt,42,29,19,no-trump,30,2,bidder_partner,partner,offense,4,3,last,middle,0,false,false,defense,5,false,false,true,true,-14.871021270751953,0.0,0.0,0.675000011920929,18,available:derived-from-role-and-bid-using-retained-w42-semantics,P(Q>=threshold_q); threshold_q is role-and-bid-dependent,-18,P(Q<=-18),true,true,0.0,3,0,3,0,1,0,ch04_partner_support_regime|phase_middle|role_partner|seat_pos_3|sequence_closure,true,false,false,ch04_partner_support_regime|phase_middle|role_partner|seat_pos_3|sequence_closure,available:phase4-positive-and-negative-detector-sets,true,proxy-only:is-best-threshold-not-actual-gus-output,,unavailable:no-positional-cross-corpus-match,3,-15.2049198151,-14.8710212708,0.333898544312,0.147110939026,1,2-1,0.0,true,,unavailable:policy-not-fingerprinted-in-retained-action-tables,,unjoinable:no-shared-champion-action-state-fingerprint,available:exact-action-key,available:exact-action-key,available:exact-action-key,available:exact-action-key,available:exact-action-key,partial:q-outcome-summaries-without-worlds-weights-or-calibration,,unavailable:not-present-in-retained-action-tables,,unavailable:not-retained-with-compatible-action-rows,,unavailable:not-retained-with-compatible-action-rows,,unavailable:not-retained-with-compatible-action-rows,,unavailable:not-retained-with-compatible-action-rows,,unavailable:not-retained-with-compatible-action-rows,,,,unjoinable:gus-corpus-state-namespace,available:public-role-seat-order-and-phase,closure_decline_trick|closure_sequence_decision|follower_opponent_currently_winning|phase_middle|role_partner|seat_pos_3|sequence_last_to_act,ch04_partner_support_regime|partner_support_sequence_context,proxy-only:public-role-and-action-local-labels,,unavailable:not-present-in-retained-action-tables,,unavailable:not-present-in-retained-action-tables,available:actual-action-indicator-without-policy-probability,,unavailable:not-present-in-retained-action-tables,,unavailable:not-present-in-retained-action-tables,,,,unavailable:no-cross-decision-plan-state-or-intervention,proxy-only:fixed-threshold-and-tail-rankings-without-transform-consumer-or-context,,fixed-bid30:declaration-and-risk-proxies-only; no auction choices/history,,unavailable:not-present-in-retained-action-tables,,,unavailable:not-present-in-retained-action-tables,dnt_regime_no_trump,,hidden_proxy_closure_information|hidden_proxy_late_information_rich|hidden_proxy_opponent_controls_trick,closure_decline_trick|closure_sequence_decision|dnt_regime_no_trump|follower_opponent_currently_winning|hidden_proxy_closure_information|hidden_proxy_late_information_rich|hidden_proxy_opponent_controls_trick|partner_support_sequence_context|phase_middle|role_partner|seat_pos_3|sequence_last_to_act,closure_decline_trick|closure_sequence_decision|follower_opponent_currently_winning|partner_support_sequence_context|phase_middle|role_partner|seat_pos_3|sequence_last_to_act,closure_decision|closure_decline_or_slough|partner_support_context|phase_middle_trick_2_4|position_follow|position_last_to_act|role_partner|seat_fourth_closure,,oracle/distribution columns are offline labels; role/order and proxy labels are public/action-local; eval_only_labels are never asserted as runtime features
w42.partnership_failure_atlas.v2,c7af605777872368e53349f1,corpus_v2_train_70-79_d0-9.pt:87:15,5-5,corpus_v2_train_70-79_d0-9.pt,78,87,15,doubles,30,0,bidder,bidder,offense,3,3,last,middle,10,true,true,defense,5,true,true,true,true,13.889888763427734,0.0,0.28999999165534973,0.0,18,available:derived-from-role-and-bid-using-retained-w42-semantics,P(Q>=threshold_q); threshold_q is role-and-bid-dependent,-18,P(Q<=-18),true,true,0.0,1,1,0,1,1,1,phase_middle|role_bidder|seat_pos_3|sequence_closure,true,false,false,phase_middle|role_bidder|seat_pos_3|sequence_closure,available:phase4-positive-and-negative-detector-sets,true,proxy-only:is-best-threshold-not-actual-gus-output,,unavailable:no-positional-cross-corpus-match,1,13.8898887634,13.8898887634,0,0,1,5-5,0.0,true,,unavailable:policy-not-fingerprinted-in-retained-action-tables,,unjoinable:no-shared-champion-action-state-fingerprint,available:exact-action-key,available:exact-action-key,available:exact-action-key,available:exact-action-key,available:exact-action-key,partial:q-outcome-summaries-without-worlds-weights-or-calibration,,unavailable:not-present-in-retained-action-tables,,unavailable:not-retained-with-compatible-action-rows,,unavailable:not-retained-with-compatible-action-rows,,unavailable:not-retained-with-compatible-action-rows,,unavailable:not-retained-with-compatible-action-rows,,unavailable:not-retained-with-compatible-action-rows,,,,unjoinable:gus-corpus-state-namespace,available:public-role-seat-order-and-phase,closure_sequence_decision|closure_take_count|closure_take_trick|follower_can_beat_opponent|follower_opponent_currently_winning|follower_take_control_from_opponent|phase_middle|role_bidder|seat_pos_3|sequence_last_to_act,,proxy-only:public-role-and-action-local-labels,,unavailable:not-present-in-retained-action-tables,,unavailable:not-present-in-retained-action-tables,available:actual-action-indicator-without-policy-probability,,unavailable:not-present-in-retained-action-tables,,unavailable:not-present-in-retained-action-tables,,,,unavailable:no-cross-decision-plan-state-or-intervention,proxy-only:fixed-threshold-and-tail-rankings-without-transform-consumer-or-context,,fixed-bid30:declaration-and-risk-proxies-only; no auction choices/history,,unavailable:not-present-in-retained-action-tables,,,unavailable:not-present-in-retained-action-tables,dnt_dt_candidate_double|dnt_dt_high_double|dnt_dt_trump_count_candidate|dnt_regime_doubles,,hidden_proxy_closure_information|hidden_proxy_control_shift_available|hidden_proxy_count_pressure|hidden_proxy_opponent_controls_trick,closure_sequence_decision|closure_take_count|closure_take_trick|dnt_dt_candidate_double|dnt_dt_high_double|dnt_dt_trump_count_candidate|dnt_regime_doubles|follower_can_beat_opponent|follower_opponent_currently_winning|follower_take_control_from_opponent|hidden_proxy_closure_information|hidden_proxy_control_shift_available|hidden_proxy_count_pressure|hidden_proxy_opponent_controls_trick|phase_middle|role_bidder|seat_pos_3|sequence_last_to_act,closure_sequence_decision|closure_take_count|closure_take_trick|follower_can_beat_opponent|follower_opponent_currently_winning|follower_take_control_from_opponent|phase_middle|role_bidder|seat_pos_3|sequence_last_to_act,closure_decision|closure_take_count|closure_take_trick|phase_middle_trick_2_4|position_follow|position_last_to_act|role_bidder|seat_fourth_closure,,oracle/distribution columns are offline labels; role/order and proxy labels are public/action-local; eval_only_labels are never asserted as runtime features
w42.partnership_failure_atlas.v2,c828989e7fa2a99739590495,corpus_v2_train_20-29_d0-9.pt:5:19,6-3,corpus_v2_train_20-29_d0-9.pt,20,5,19,fives,30,3,right_setter,setter,defense,4,3,last,middle,0,false,false,offense,0,false,false,true,false,-5.734989643096924,0.11284017562866211,0.5899999737739563,0.4099999964237213,-17,available:derived-from-role-and-bid-using-retained-w42-semantics,P(Q>=threshold_q); threshold_q is role-and-bid-dependent,-18,P(Q<=-18),true,true,0.0,3,0,3,1,0,0,ch05_noncount_to_bidder_control_alternative|ch05_setter_pressure_regime|phase_middle|role_setter|seat_pos_3|sequence_closure,false,false,true,ch05_noncount_to_bidder_control_alternative|ch05_setter_pressure_regime|phase_middle|role_setter|seat_pos_3|sequence_closure,available:phase4-positive-and-negative-detector-sets,true,proxy-only:is-best-threshold-not-actual-gus-output,,unavailable:no-positional-cross-corpus-match,3,-15.3502340317,-5.62214946747,9.72808456421,0.112840175629,1,6-3,0.11284017562866211,false,,unavailable:policy-not-fingerprinted-in-retained-action-tables,,unjoinable:no-shared-champion-action-state-fingerprint,available:exact-action-key,available:exact-action-key,available:exact-action-key,available:exact-action-key,available:exact-action-key,partial:q-outcome-summaries-without-worlds-weights-or-calibration,,unavailable:not-present-in-retained-action-tables,,unavailable:not-retained-with-compatible-action-rows,,unavailable:not-retained-with-compatible-action-rows,,unavailable:not-retained-with-compatible-action-rows,,unavailable:not-retained-with-compatible-action-rows,,unavailable:not-retained-with-compatible-action-rows,,,,unjoinable:gus-corpus-state-namespace,available:public-role-seat-order-and-phase,closure_decline_trick|closure_sequence_decision|follower_opponent_currently_winning|phase_middle|role_setter|seat_pos_3|sequence_last_to_act|setter_pounce_sequence_window,,proxy-only:public-role-and-action-local-labels,,unavailable:not-present-in-retained-action-tables,,unavailable:not-present-in-retained-action-tables,available:actual-action-indicator-without-policy-probability,,unavailable:not-present-in-retained-action-tables,,unavailable:not-present-in-retained-action-tables,,,,unavailable:no-cross-decision-plan-state-or-intervention,proxy-only:fixed-threshold-and-tail-rankings-without-transform-consumer-or-context,bidrisk_join_available|bidrisk_max_profitable_no_profitable_bid|bidrisk_off_count_6|bidrisk_pmake30_low|bidrisk_static_risk_le_12|bidrisk_trump_count_1|bidrisk_wilson_safe_no_profitable_bid,fixed-bid30:declaration-and-risk-proxies-only; no auction choices/history,,unavailable:not-present-in-retained-action-tables,,,unavailable:not-present-in-retained-action-tables,,,hidden_proxy_closure_information|hidden_proxy_late_information_rich|hidden_proxy_opponent_controls_trick,bidrisk_join_available|bidrisk_max_profitable_no_profitable_bid|bidrisk_off_count_6|bidrisk_pmake30_low|bidrisk_static_risk_le_12|bidrisk_trump_count_1|bidrisk_wilson_safe_no_profitable_bid|closure_decline_trick|closure_sequence_decision|follower_opponent_currently_winning|hidden_proxy_closure_information|hidden_proxy_late_information_rich|hidden_proxy_opponent_controls_trick|phase_middle|role_setter|seat_pos_3|sequence_last_to_act|setter_pounce_sequence_window,closure_decline_trick|closure_sequence_decision|follower_opponent_currently_winning|phase_middle|role_setter|seat_pos_3|sequence_last_to_act|setter_pounce_sequence_window,closure_decision|closure_decline_or_slough|defensive_pounce_window|phase_middle_trick_2_4|position_follow|position_last_to_act|role_defender|role_right_setter|role_setter|seat_fourth_closure,,oracle/distribution columns are offline labels; role/order and proxy labels are public/action-local; eval_only_labels are never asserted as runtime features
w42.partnership_failure_atlas.v2,cbb1b9da452ce0b4261ce8a0,corpus_v2_train_70-79_d0-9.pt:16:11,6-6,corpus_v2_train_70-79_d0-9.pt,71,16,11,sixes,30,1,left_setter,setter,defense,2,3,last,middle,0,true,true,offense,15,true,true,true,true,32.926300048828125,0.0,1.0,0.0,-17,available:derived-from-role-and-bid-using-retained-w42-semantics,P(Q>=threshold_q); threshold_q is role-and-bid-dependent,-18,P(Q<=-18),true,true,0.0,5,2,3,2,3,2,ch05_noncount_to_bidder_control_alternative|ch05_pounce_take_count_now|ch05_setter_pressure_regime|ch05_trump_in_on_count_or_bidder_control|phase_middle|role_setter|seat_pos_3|sequence_closure,true,true,true,ch05_noncount_to_bidder_control_alternative|ch05_pounce_take_count_now|ch05_setter_pressure_regime|ch05_trump_in_on_count_or_bidder_control|phase_middle|role_setter|seat_pos_3|sequence_closure,available:phase4-positive-and-negative-detector-sets,true,proxy-only:is-best-threshold-not-actual-gus-output,,unavailable:no-positional-cross-corpus-match,5,-7.04474496841,32.9263000488,39.9710450172,0.191547393799,1,6-6,0.0,true,,unavailable:policy-not-fingerprinted-in-retained-action-tables,,unjoinable:no-shared-champion-action-state-fingerprint,available:exact-action-key,available:exact-action-key,available:exact-action-key,available:exact-action-key,available:exact-action-key,partial:q-outcome-summaries-without-worlds-weights-or-calibration,,unavailable:not-present-in-retained-action-tables,,unavailable:not-retained-with-compatible-action-rows,,unavailable:not-retained-with-compatible-action-rows,,unavailable:not-retained-with-compatible-action-rows,,unavailable:not-retained-with-compatible-action-rows,,unavailable:not-retained-with-compatible-action-rows,,,,unjoinable:gus-corpus-state-namespace,available:public-role-seat-order-and-phase,closure_sequence_decision|closure_take_trick|follower_can_beat_opponent|follower_opponent_currently_winning|follower_take_control_from_opponent|phase_middle|role_setter|seat_pos_3|sequence_last_to_act|setter_pounce_sequence_window,,proxy-only:public-role-and-action-local-labels,,unavailable:not-present-in-retained-action-tables,,unavailable:not-present-in-retained-action-tables,available:actual-action-indicator-without-policy-probability,,unavailable:not-present-in-retained-action-tables,,unavailable:not-present-in-retained-action-tables,,,,unavailable:no-cross-decision-plan-state-or-intervention,proxy-only:fixed-threshold-and-tail-rankings-without-transform-consumer-or-context,,fixed-bid30:declaration-and-risk-proxies-only; no auction choices/history,,unavailable:not-present-in-retained-action-tables,,,unavailable:not-present-in-retained-action-tables,,e84_public_candidate|e84_public_double_count_3|e84_public_off_count_2|e84_public_trump_count_3|e84_public_two_off_same_suit,hidden_proxy_closure_information|hidden_proxy_control_shift_available|hidden_proxy_opponent_controls_trick,closure_sequence_decision|closure_take_trick|e84_public_candidate|e84_public_double_count_3|e84_public_off_count_2|e84_public_trump_count_3|e84_public_two_off_same_suit|follower_can_beat_opponent|follower_opponent_currently_winning|follower_take_control_from_opponent|hidden_proxy_closure_information|hidden_proxy_control_shift_available|hidden_proxy_opponent_controls_trick|phase_middle|role_setter|seat_pos_3|sequence_last_to_act|setter_pounce_sequence_window,closure_sequence_decision|closure_take_trick|follower_can_beat_opponent|follower_opponent_currently_winning|follower_take_control_from_opponent|phase_middle|role_setter|seat_pos_3|sequence_last_to_act|setter_pounce_sequence_window,closure_decision|closure_take_trick|defensive_pounce_window|phase_middle_trick_2_4|position_follow|position_last_to_act|role_defender|role_left_setter|role_setter|seat_fourth_closure,eval_e84_dead_asset_release_control|eval_e84_defender_live_double_weapon|eval_e84_defender_live_same_suit_pair,oracle/distribution columns are offline labels; role/order and proxy labels are public/action-local; eval_only_labels are never asserted as runtime features
w42.partnership_failure_atlas.v2,cc0a31df214464b139c3af8c,corpus_v2_train_10-19_d0-9.pt:5:10,4-2,corpus_v2_train_10-19_d0-9.pt,10,5,10,fives,30,0,bidder,bidder,offense,2,2,third,middle,0,false,false,offense,0,false,false,true,false,-0.9889240860939026,1.2870005667209625,0.33000001311302185,0.33500000834465027,18,available:derived-from-role-and-bid-using-retained-w42-semantics,P(Q>=threshold_q); threshold_q is role-and-bid-dependent,-18,P(Q<=-18),false,false,0.004999995231628418,5,0,5,1,0,0,phase_middle|role_bidder|seat_pos_2|sequence_follow,false,false,false,phase_middle|role_bidder|seat_pos_2|sequence_follow,available:phase4-positive-and-negative-detector-sets,false,proxy-only:is-best-threshold-not-actual-gus-output,,unavailable:no-positional-cross-corpus-match,5,-1.86249768734,0.298076480627,2.16057416797,0.270406803116,1,4-2,1.2870005667209625,false,,unavailable:policy-not-fingerprinted-in-retained-action-tables,,unjoinable:no-shared-champion-action-state-fingerprint,available:exact-action-key,available:exact-action-key,available:exact-action-key,available:exact-action-key,available:exact-action-key,partial:q-outcome-summaries-without-worlds-weights-or-calibration,,unavailable:not-present-in-retained-action-tables,,unavailable:not-retained-with-compatible-action-rows,,unavailable:not-retained-with-compatible-action-rows,,unavailable:not-retained-with-compatible-action-rows,,unavailable:not-retained-with-compatible-action-rows,,unavailable:not-retained-with-compatible-action-rows,,,,unjoinable:gus-corpus-state-namespace,available:public-role-seat-order-and-phase,follower_partner_or_self_currently_winning|phase_middle|role_bidder|seat_pos_2|sequence_follow,follower_partner_or_self_currently_winning,proxy-only:public-role-and-action-local-labels,,unavailable:not-present-in-retained-action-tables,,unavailable:not-present-in-retained-action-tables,available:actual-action-indicator-without-policy-probability,,unavailable:not-present-in-retained-action-tables,,unavailable:not-present-in-retained-action-tables,,,,unavailable:no-cross-decision-plan-state-or-intervention,proxy-only:fixed-threshold-and-tail-rankings-without-transform-consumer-or-context,,fixed-bid30:declaration-and-risk-proxies-only; no auction choices/history,,unavailable:not-present-in-retained-action-tables,,,unavailable:not-present-in-retained-action-tables,,,hidden_proxy_our_side_controls_trick,follower_partner_or_self_currently_winning|hidden_proxy_our_side_controls_trick|phase_middle|role_bidder|seat_pos_2|sequence_follow,follower_partner_or_self_currently_winning|phase_middle|role_bidder|seat_pos_2|sequence_follow,phase_middle_trick_2_4|position_follow|role_bidder|seat_third_follow,,oracle/distribution columns are offline labels; role/order and proxy labels are public/action-local; eval_only_labels are never asserted as runtime features
w42.partnership_failure_atlas.v2,cc0acb915b8474ba3040bd17,corpus_v2_train_60-69_d0-9.pt:76:7,5-2,corpus_v2_train_60-69_d0-9.pt,67,76,7,sixes,30,0,bidder,bidder,offense,1,3,last,early,0,false,false,defense,15,false,false,true,true,-30.39461898803711,0.0,0.0,0.7250000238418579,18,available:derived-from-role-and-bid-using-retained-w42-semantics,P(Q>=threshold_q); threshold_q is role-and-bid-dependent,-18,P(Q<=-18),true,true,0.0,2,0,2,0,0,0,phase_early|role_bidder|seat_pos_3|sequence_closure,true,false,false,phase_early|role_bidder|seat_pos_3|sequence_closure,available:phase4-positive-and-negative-detector-sets,true,proxy-only:is-best-threshold-not-actual-gus-output,,unavailable:no-positional-cross-corpus-match,2,-30.6783542633,-30.394618988,0.283735275269,0.283735275269,1,5-2,0.0,true,,unavailable:policy-not-fingerprinted-in-retained-action-tables,,unjoinable:no-shared-champion-action-state-fingerprint,available:exact-action-key,available:exact-action-key,available:exact-action-key,available:exact-action-key,available:exact-action-key,partial:q-outcome-summaries-without-worlds-weights-or-calibration,,unavailable:not-present-in-retained-action-tables,,unavailable:not-retained-with-compatible-action-rows,,unavailable:not-retained-with-compatible-action-rows,,unavailable:not-retained-with-compatible-action-rows,,unavailable:not-retained-with-compatible-action-rows,,unavailable:not-retained-with-compatible-action-rows,,,,unjoinable:gus-corpus-state-namespace,available:public-role-seat-order-and-phase,closure_decline_trick|closure_sequence_decision|follower_opponent_currently_winning|phase_early|role_bidder|seat_pos_3|sequence_last_to_act,,proxy-only:public-role-and-action-local-labels,,unavailable:not-present-in-retained-action-tables,,unavailable:not-present-in-retained-action-tables,available:actual-action-indicator-without-policy-probability,,unavailable:not-present-in-retained-action-tables,,unavailable:not-present-in-retained-action-tables,,,,unavailable:no-cross-decision-plan-state-or-intervention,proxy-only:fixed-threshold-and-tail-rankings-without-transform-consumer-or-context,,fixed-bid30:declaration-and-risk-proxies-only; no auction choices/history,,unavailable:not-present-in-retained-action-tables,,,unavailable:not-present-in-retained-action-tables,,,hidden_proxy_closure_information|hidden_proxy_early_high_uncertainty|hidden_proxy_opponent_controls_trick,closure_decline_trick|closure_sequence_decision|follower_opponent_currently_winning|hidden_proxy_closure_information|hidden_proxy_early_high_uncertainty|hidden_proxy_opponent_controls_trick|phase_early|role_bidder|seat_pos_3|sequence_last_to_act,closure_decline_trick|closure_sequence_decision|follower_opponent_currently_winning|phase_early|role_bidder|seat_pos_3|sequence_last_to_act,closure_decision|closure_decline_or_slough|phase_early_trick_0_1|position_follow|position_last_to_act|role_bidder|seat_fourth_closure,,oracle/distribution columns are offline labels; role/order and proxy labels are public/action-local; eval_only_labels are never asserted as runtime features
w42.partnership_failure_atlas.v2,ccce067624b3468acfd92f45,corpus_v2_train_50-59_d0-9.pt:62:23,4-0,corpus_v2_train_50-59_d0-9.pt,56,62,23,twos,30,1,left_setter,setter,defense,5,3,last,late,0,false,false,offense,0,false,false,true,true,-17.770944595336914,0.0,0.0,0.0,-17,available:derived-from-role-and-bid-using-retained-w42-semantics,P(Q>=threshold_q); threshold_q is role-and-bid-dependent,-18,P(Q<=-18),true,true,0.0,1,0,1,0,0,0,ch05_noncount_to_bidder_control_alternative|ch05_setter_pressure_regime|phase_late|role_setter|seat_pos_3|sequence_closure,true,false,true,ch05_noncount_to_bidder_control_alternative|ch05_setter_pressure_regime|phase_late|role_setter|seat_pos_3|sequence_closure,available:phase4-positive-and-negative-detector-sets,true,proxy-only:is-best-threshold-not-actual-gus-output,,unavailable:no-positional-cross-corpus-match,1,-17.7709445953,-17.7709445953,0,0,1,4-0,0.0,true,,unavailable:policy-not-fingerprinted-in-retained-action-tables,,unjoinable:no-shared-champion-action-state-fingerprint,available:exact-action-key,available:exact-action-key,available:exact-action-key,available:exact-action-key,available:exact-action-key,partial:q-outcome-summaries-without-worlds-weights-or-calibration,,unavailable:not-present-in-retained-action-tables,,unavailable:not-retained-with-compatible-action-rows,,unavailable:not-retained-with-compatible-action-rows,,unavailable:not-retained-with-compatible-action-rows,,unavailable:not-retained-with-compatible-action-rows,,unavailable:not-retained-with-compatible-action-rows,,,,unjoinable:gus-corpus-state-namespace,available:public-role-seat-order-and-phase,closure_decline_trick|closure_sequence_decision|follower_opponent_currently_winning|phase_late|role_setter|seat_pos_3|sequence_last_to_act|setter_pounce_sequence_window,,proxy-only:public-role-and-action-local-labels,,unavailable:not-present-in-retained-action-tables,,unavailable:not-present-in-retained-action-tables,available:actual-action-indicator-without-policy-probability,,unavailable:not-present-in-retained-action-tables,,unavailable:not-present-in-retained-action-tables,,,,unavailable:no-cross-decision-plan-state-or-intervention,proxy-only:fixed-threshold-and-tail-rankings-without-transform-consumer-or-context,,fixed-bid30:declaration-and-risk-proxies-only; no auction choices/history,,unavailable:not-present-in-retained-action-tables,,,unavailable:not-present-in-retained-action-tables,,,hidden_proxy_closure_information|hidden_proxy_late_information_rich|hidden_proxy_opponent_controls_trick,closure_decline_trick|closure_sequence_decision|follower_opponent_currently_winning|hidden_proxy_closure_information|hidden_proxy_late_information_rich|hidden_proxy_opponent_controls_trick|phase_late|role_setter|seat_pos_3|sequence_last_to_act|setter_pounce_sequence_window,closure_decline_trick|closure_sequence_decision|follower_opponent_currently_winning|phase_late|role_setter|seat_pos_3|sequence_last_to_act|setter_pounce_sequence_window,closure_decision|closure_decline_or_slough|defensive_pounce_window|phase_late_trick_5_6|position_follow|position_last_to_act|role_defender|role_left_setter|role_setter|seat_fourth_closure,,oracle/distribution columns are offline labels; role/order and proxy labels are public/action-local; eval_only_labels are never asserted as runtime features
w42.partnership_failure_atlas.v2,ce58a6f941a99cdf223d9a41,corpus_v2_train_30-39_d0-9.pt:79:5,0-0,corpus_v2_train_30-39_d0-9.pt,37,79,5,no-trump,30,1,left_setter,setter,defense,1,1,second,early,0,false,true,offense,5,false,false,false,false,6.313640117645264,0.8179726600646973,0.7049999833106995,0.28999999165534973,-17,available:derived-from-role-and-bid-using-retained-w42-semantics,P(Q>=threshold_q); threshold_q is role-and-bid-dependent,-18,P(Q<=-18),true,true,0.0,6,0,6,1,1,0,ch05_noncount_to_bidder_control_alternative|ch05_setter_pressure_regime|phase_early|role_setter|seat_pos_1|sequence_follow,false,false,true,ch05_noncount_to_bidder_control_alternative|ch05_setter_pressure_regime|phase_early|role_setter|seat_pos_1|sequence_follow,available:phase4-positive-and-negative-detector-sets,true,proxy-only:is-best-threshold-not-actual-gus-output,,unavailable:no-positional-cross-corpus-match,6,1.51688909531,7.13161277771,5.6147236824,0.291396617889,1,3-1,0.2913966178894043,false,,unavailable:policy-not-fingerprinted-in-retained-action-tables,,unjoinable:no-shared-champion-action-state-fingerprint,available:exact-action-key,available:exact-action-key,available:exact-action-key,available:exact-action-key,available:exact-action-key,partial:q-outcome-summaries-without-worlds-weights-or-calibration,,unavailable:not-present-in-retained-action-tables,,unavailable:not-retained-with-compatible-action-rows,,unavailable:not-retained-with-compatible-action-rows,,unavailable:not-retained-with-compatible-action-rows,,unavailable:not-retained-with-compatible-action-rows,,unavailable:not-retained-with-compatible-action-rows,,,,unjoinable:gus-corpus-state-namespace,available:public-role-seat-order-and-phase,follower_opponent_currently_winning|phase_early|role_setter|seat_pos_1|sequence_follow|setter_pounce_sequence_window,,proxy-only:public-role-and-action-local-labels,,unavailable:not-present-in-retained-action-tables,,unavailable:not-present-in-retained-action-tables,available:actual-action-indicator-without-policy-probability,,unavailable:not-present-in-retained-action-tables,,unavailable:not-present-in-retained-action-tables,,,,unavailable:no-cross-decision-plan-state-or-intervention,proxy-only:fixed-threshold-and-tail-rankings-without-transform-consumer-or-context,,fixed-bid30:declaration-and-risk-proxies-only; no auction choices/history,,unavailable:not-present-in-retained-action-tables,,,unavailable:not-present-in-retained-action-tables,dnt_nt_candidate_double|dnt_nt_early_support_double|dnt_regime_no_trump,,hidden_proxy_early_high_uncertainty|hidden_proxy_opponent_controls_trick,dnt_nt_candidate_double|dnt_nt_early_support_double|dnt_regime_no_trump|follower_opponent_currently_winning|hidden_proxy_early_high_uncertainty|hidden_proxy_opponent_controls_trick|phase_early|role_setter|seat_pos_1|sequence_follow|setter_pounce_sequence_window,follower_opponent_currently_winning|phase_early|role_setter|seat_pos_1|sequence_follow|setter_pounce_sequence_window,defensive_pounce_window|phase_early_trick_0_1|position_follow|role_defender|role_left_setter|role_setter|seat_second_follow,,oracle/distribution columns are offline labels; role/order and proxy labels are public/action-local; eval_only_labels are never asserted as runtime features
w42.partnership_failure_atlas.v2,ceb31078dc55221402e8889c,corpus_v2_train_10-19_d0-9.pt:30:14,1-1,corpus_v2_train_10-19_d0-9.pt,13,30,14,blanks,30,2,bidder_partner,partner,offense,3,2,third,middle,0,false,true,offense,0,false,false,false,false,-15.748808860778809,0.021772384643554688,0.07000000029802322,0.5400000214576721,18,available:derived-from-role-and-bid-using-retained-w42-semantics,P(Q>=threshold_q); threshold_q is role-and-bid-dependent,-18,P(Q<=-18),true,true,0.0,4,0,4,0,1,0,ch04_partner_noncount_before_closure_alternative|ch04_partner_support_regime|phase_middle|role_partner|seat_pos_2|sequence_follow,false,false,true,ch04_partner_noncount_before_closure_alternative|ch04_partner_support_regime|phase_middle|role_partner|seat_pos_2|sequence_follow,available:phase4-positive-and-negative-detector-sets,true,proxy-only:is-best-threshold-not-actual-gus-output,,unavailable:no-positional-cross-corpus-match,4,-15.8207445145,-15.7270364761,0.0937080383301,0.0217723846436,1,6-1,0.0,true,,unavailable:policy-not-fingerprinted-in-retained-action-tables,,unjoinable:no-shared-champion-action-state-fingerprint,available:exact-action-key,available:exact-action-key,available:exact-action-key,available:exact-action-key,available:exact-action-key,partial:q-outcome-summaries-without-worlds-weights-or-calibration,,unavailable:not-present-in-retained-action-tables,,unavailable:not-retained-with-compatible-action-rows,,unavailable:not-retained-with-compatible-action-rows,,unavailable:not-retained-with-compatible-action-rows,,unavailable:not-retained-with-compatible-action-rows,,unavailable:not-retained-with-compatible-action-rows,,,,unjoinable:gus-corpus-state-namespace,available:public-role-seat-order-and-phase,follower_partner_or_self_currently_winning|phase_middle|role_partner|seat_pos_2|sequence_follow,ch04_partner_noncount_before_closure_alternative|ch04_partner_support_regime|follower_partner_or_self_currently_winning|partner_support_sequence_context,proxy-only:public-role-and-action-local-labels,,unavailable:not-present-in-retained-action-tables,,unavailable:not-present-in-retained-action-tables,available:actual-action-indicator-without-policy-probability,,unavailable:not-present-in-retained-action-tables,,unavailable:not-present-in-retained-action-tables,,,,unavailable:no-cross-decision-plan-state-or-intervention,proxy-only:fixed-threshold-and-tail-rankings-without-transform-consumer-or-context,,fixed-bid30:declaration-and-risk-proxies-only; no auction choices/history,,unavailable:not-present-in-retained-action-tables,,,unavailable:not-present-in-retained-action-tables,,,hidden_proxy_our_side_controls_trick,follower_partner_or_self_currently_winning|hidden_proxy_our_side_controls_trick|partner_support_sequence_context|phase_middle|role_partner|seat_pos_2|sequence_follow,follower_partner_or_self_currently_winning|partner_support_sequence_context|phase_middle|role_partner|seat_pos_2|sequence_follow,partner_support_context|phase_middle_trick_2_4|position_follow|role_partner|seat_third_follow,,oracle/distribution columns are offline labels; role/order and proxy labels are public/action-local; eval_only_labels are never asserted as runtime features
w42.partnership_failure_atlas.v2,d008dc6af68638eea7838233,corpus_v2_train_10-19_d0-9.pt:59:19,6-2,corpus_v2_train_10-19_d0-9.pt,15,59,19,no-trump,30,3,right_setter,setter,defense,4,3,last,middle,0,false,false,offense,0,false,false,false,false,-21.012727737426758,2.2596569061279297,0.10499999672174454,0.8949999809265137,-17,available:derived-from-role-and-bid-using-retained-w42-semantics,P(Q>=threshold_q); threshold_q is role-and-bid-dependent,-18,P(Q<=-18),false,false,0.14999999850988388,3,0,3,0,2,0,ch05_noncount_to_bidder_control_alternative|ch05_setter_pressure_regime|phase_middle|role_setter|seat_pos_3|sequence_closure,false,false,true,ch05_noncount_to_bidder_control_alternative|ch05_setter_pressure_regime|phase_middle|role_setter|seat_pos_3|sequence_closure,available:phase4-positive-and-negative-detector-sets,false,proxy-only:is-best-threshold-not-actual-gus-output,,unavailable:no-positional-cross-corpus-match,3,-21.0127277374,-18.7530708313,2.25965690613,0.00697708129883,1,0-0,0.0,true,,unavailable:policy-not-fingerprinted-in-retained-action-tables,,unjoinable:no-shared-champion-action-state-fingerprint,available:exact-action-key,available:exact-action-key,available:exact-action-key,available:exact-action-key,available:exact-action-key,partial:q-outcome-summaries-without-worlds-weights-or-calibration,,unavailable:not-present-in-retained-action-tables,,unavailable:not-retained-with-compatible-action-rows,,unavailable:not-retained-with-compatible-action-rows,,unavailable:not-retained-with-compatible-action-rows,,unavailable:not-retained-with-compatible-action-rows,,unavailable:not-retained-with-compatible-action-rows,,,,unjoinable:gus-corpus-state-namespace,available:public-role-seat-order-and-phase,closure_decline_trick|closure_sequence_decision|follower_opponent_currently_winning|phase_middle|role_setter|seat_pos_3|sequence_last_to_act|setter_pounce_sequence_window,,proxy-only:public-role-and-action-local-labels,,unavailable:not-present-in-retained-action-tables,,unavailable:not-present-in-retained-action-tables,available:actual-action-indicator-without-policy-probability,,unavailable:not-present-in-retained-action-tables,,unavailable:not-present-in-retained-action-tables,,,,unavailable:no-cross-decision-plan-state-or-intervention,proxy-only:fixed-threshold-and-tail-rankings-without-transform-consumer-or-context,,fixed-bid30:declaration-and-risk-proxies-only; no auction choices/history,,unavailable:not-present-in-retained-action-tables,,,unavailable:not-present-in-retained-action-tables,dnt_regime_no_trump,,hidden_proxy_closure_information|hidden_proxy_late_information_rich|hidden_proxy_opponent_controls_trick,closure_decline_trick|closure_sequence_decision|dnt_regime_no_trump|follower_opponent_currently_winning|hidden_proxy_closure_information|hidden_proxy_late_information_rich|hidden_proxy_opponent_controls_trick|phase_middle|role_setter|seat_pos_3|sequence_last_to_act|setter_pounce_sequence_window,closure_decline_trick|closure_sequence_decision|follower_opponent_currently_winning|phase_middle|role_setter|seat_pos_3|sequence_last_to_act|setter_pounce_sequence_window,closure_decision|closure_decline_or_slough|defensive_pounce_window|phase_middle_trick_2_4|position_follow|position_last_to_act|role_defender|role_right_setter|role_setter|seat_fourth_closure,,oracle/distribution columns are offline labels; role/order and proxy labels are public/action-local; eval_only_labels are never asserted as runtime features
w42.partnership_failure_atlas.v2,d2173563e4de01a6a4358660,corpus_v2_train_60-69_d0-9.pt:49:3,6-0,corpus_v2_train_60-69_d0-9.pt,64,49,3,no-trump,30,3,right_setter,setter,defense,0,3,last,early,0,false,false,offense,5,false,false,true,true,-20.86760711669922,0.0,0.4099999964237213,0.5799999833106995,-17,available:derived-from-role-and-bid-using-retained-w42-semantics,P(Q>=threshold_q); threshold_q is role-and-bid-dependent,-18,P(Q<=-18),true,true,0.0,7,0,7,2,1,0,ch05_noncount_to_bidder_control_alternative|ch05_setter_pressure_regime|phase_early|role_setter|seat_pos_3|sequence_closure,true,false,true,ch05_noncount_to_bidder_control_alternative|ch05_setter_pressure_regime|phase_early|role_setter|seat_pos_3|sequence_closure,available:phase4-positive-and-negative-detector-sets,true,proxy-only:is-best-threshold-not-actual-gus-output,,unavailable:no-positional-cross-corpus-match,7,-34.6307296753,-20.8676071167,13.7631225586,1.33151817322,1,6-0,0.0,true,,unavailable:policy-not-fingerprinted-in-retained-action-tables,,unjoinable:no-shared-champion-action-state-fingerprint,available:exact-action-key,available:exact-action-key,available:exact-action-key,available:exact-action-key,available:exact-action-key,partial:q-outcome-summaries-without-worlds-weights-or-calibration,,unavailable:not-present-in-retained-action-tables,,unavailable:not-retained-with-compatible-action-rows,,unavailable:not-retained-with-compatible-action-rows,,unavailable:not-retained-with-compatible-action-rows,,unavailable:not-retained-with-compatible-action-rows,,unavailable:not-retained-with-compatible-action-rows,,,,unjoinable:gus-corpus-state-namespace,available:public-role-seat-order-and-phase,closure_decline_trick|closure_sequence_decision|follower_opponent_currently_winning|phase_early|role_setter|seat_pos_3|sequence_last_to_act|setter_pounce_sequence_window,,proxy-only:public-role-and-action-local-labels,,unavailable:not-present-in-retained-action-tables,,unavailable:not-present-in-retained-action-tables,available:actual-action-indicator-without-policy-probability,,unavailable:not-present-in-retained-action-tables,,unavailable:not-present-in-retained-action-tables,,,,unavailable:no-cross-decision-plan-state-or-intervention,proxy-only:fixed-threshold-and-tail-rankings-without-transform-consumer-or-context,,fixed-bid30:declaration-and-risk-proxies-only; no auction choices/history,,unavailable:not-present-in-retained-action-tables,,,unavailable:not-present-in-retained-action-tables,dnt_regime_no_trump,,hidden_proxy_closure_information|hidden_proxy_early_high_uncertainty|hidden_proxy_opponent_controls_trick,closure_decline_trick|closure_sequence_decision|dnt_regime_no_trump|follower_opponent_currently_winning|hidden_proxy_closure_information|hidden_proxy_early_high_uncertainty|hidden_proxy_opponent_controls_trick|phase_early|role_setter|seat_pos_3|sequence_last_to_act|setter_pounce_sequence_window,closure_decline_trick|closure_sequence_decision|follower_opponent_currently_winning|phase_early|role_setter|seat_pos_3|sequence_last_to_act|setter_pounce_sequence_window,closure_decision|closure_decline_or_slough|defensive_pounce_window|phase_early_trick_0_1|position_follow|position_last_to_act|role_defender|role_right_setter|role_setter|seat_fourth_closure,,oracle/distribution columns are offline labels; role/order and proxy labels are public/action-local; eval_only_labels are never asserted as runtime features
w42.partnership_failure_atlas.v2,d6f8ffde9d5934706d6a8674,corpus_v2_train_0-9_d0-9.pt:55:12,6-3,corpus_v2_train_0-9_d0-9.pt,5,55,12,fives,30,0,bidder,bidder,offense,3,0,lead,middle,0,false,false,,0,false,true,false,false,-11.606728553771973,0.5520200729370117,0.08500000089406967,0.5950000286102295,18,available:derived-from-role-and-bid-using-retained-w42-semantics,P(Q>=threshold_q); threshold_q is role-and-bid-dependent,-18,P(Q<=-18),false,false,0.009999997913837433,4,0,4,0,0,0,ch03_bidder_lead_off_suit|ch03_bidder_lead_plan|phase_middle|role_bidder|seat_pos_0|sequence_lead,false,false,true,ch03_bidder_lead_off_suit|ch03_bidder_lead_plan|phase_middle|role_bidder|seat_pos_0|sequence_lead,available:phase4-positive-and-negative-detector-sets,false,proxy-only:is-best-threshold-not-actual-gus-output,,unavailable:no-positional-cross-corpus-match,4,-11.6067285538,-11.0547084808,0.552020072937,0.374389648438,1,2-1,0.0,true,,unavailable:policy-not-fingerprinted-in-retained-action-tables,,unjoinable:no-shared-champion-action-state-fingerprint,available:exact-action-key,available:exact-action-key,available:exact-action-key,available:exact-action-key,available:exact-action-key,partial:q-outcome-summaries-without-worlds-weights-or-calibration,,unavailable:not-present-in-retained-action-tables,,unavailable:not-retained-with-compatible-action-rows,,unavailable:not-retained-with-compatible-action-rows,,unavailable:not-retained-with-compatible-action-rows,,unavailable:not-retained-with-compatible-action-rows,,unavailable:not-retained-with-compatible-action-rows,,,,unjoinable:gus-corpus-state-namespace,available:public-role-seat-order-and-phase,phase_middle|role_bidder|seat_pos_0|sequence_lead,,proxy-only:public-role-and-action-local-labels,,unavailable:not-present-in-retained-action-tables,,unavailable:not-present-in-retained-action-tables,available:actual-action-indicator-without-policy-probability,,unavailable:not-present-in-retained-action-tables,,unavailable:not-present-in-retained-action-tables,bidder_lead_plan|ch03_bidder_lead_plan,,,unavailable:no-cross-decision-plan-state-or-intervention,proxy-only:fixed-threshold-and-tail-rankings-without-transform-consumer-or-context,,fixed-bid30:declaration-and-risk-proxies-only; no auction choices/history,,unavailable:not-present-in-retained-action-tables,,,unavailable:not-present-in-retained-action-tables,,,,bidder_lead_noncount|bidder_lead_off_suit|bidder_lead_plan|phase_middle|role_bidder|seat_pos_0|sequence_lead,bidder_lead_noncount|bidder_lead_off_suit|bidder_lead_plan|phase_middle|role_bidder|seat_pos_0|sequence_lead,phase_middle_trick_2_4|position_lead|role_bidder|seat_first_lead,,oracle/distribution columns are offline labels; role/order and proxy labels are public/action-local; eval_only_labels are never asserted as runtime features
w42.partnership_failure_atlas.v2,d8db91f011790eba4b10c059,corpus_v2_train_20-29_d0-9.pt:18:25,5-3,corpus_v2_train_20-29_d0-9.pt,21,18,25,doubles-suit,30,2,bidder_partner,partner,offense,6,1,second,late,0,false,false,defense,0,false,false,true,true,-10.966512680053711,0.0,0.0,0.0,18,available:derived-from-role-and-bid-using-retained-w42-semantics,P(Q>=threshold_q); threshold_q is role-and-bid-dependent,-18,P(Q<=-18),true,true,0.0,1,0,1,0,0,0,ch04_partner_support_regime|phase_late|role_partner|seat_pos_1|sequence_follow,true,false,false,ch04_partner_support_regime|phase_late|role_partner|seat_pos_1|sequence_follow,available:phase4-positive-and-negative-detector-sets,true,proxy-only:is-best-threshold-not-actual-gus-output,,unavailable:no-positional-cross-corpus-match,1,-10.9665126801,-10.9665126801,0,0,1,5-3,0.0,true,,unavailable:policy-not-fingerprinted-in-retained-action-tables,,unjoinable:no-shared-champion-action-state-fingerprint,available:exact-action-key,available:exact-action-key,available:exact-action-key,available:exact-action-key,available:exact-action-key,partial:q-outcome-summaries-without-worlds-weights-or-calibration,,unavailable:not-present-in-retained-action-tables,,unavailable:not-retained-with-compatible-action-rows,,unavailable:not-retained-with-compatible-action-rows,,unavailable:not-retained-with-compatible-action-rows,,unavailable:not-retained-with-compatible-action-rows,,unavailable:not-retained-with-compatible-action-rows,,,,unjoinable:gus-corpus-state-namespace,available:public-role-seat-order-and-phase,follower_opponent_currently_winning|phase_late|role_partner|seat_pos_1|sequence_follow,ch04_partner_support_regime|partner_support_sequence_context,proxy-only:public-role-and-action-local-labels,,unavailable:not-present-in-retained-action-tables,,unavailable:not-present-in-retained-action-tables,available:actual-action-indicator-without-policy-probability,,unavailable:not-present-in-retained-action-tables,,unavailable:not-present-in-retained-action-tables,,,,unavailable:no-cross-decision-plan-state-or-intervention,proxy-only:fixed-threshold-and-tail-rankings-without-transform-consumer-or-context,,fixed-bid30:declaration-and-risk-proxies-only; no auction choices/history,,unavailable:not-present-in-retained-action-tables,,,unavailable:not-present-in-retained-action-tables,dnt_regime_doubles-suit,,hidden_proxy_late_information_rich|hidden_proxy_opponent_controls_trick,dnt_regime_doubles-suit|follower_opponent_currently_winning|hidden_proxy_late_information_rich|hidden_proxy_opponent_controls_trick|partner_support_sequence_context|phase_late|role_partner|seat_pos_1|sequence_follow,follower_opponent_currently_winning|partner_support_sequence_context|phase_late|role_partner|seat_pos_1|sequence_follow,partner_support_context|phase_late_trick_5_6|position_follow|role_partner|seat_second_follow,,oracle/distribution columns are offline labels; role/order and proxy labels are public/action-local; eval_only_labels are never asserted as runtime features
w42.partnership_failure_atlas.v2,d8dc4abfe154bab4fcd8923f,corpus_v2_train_20-29_d0-9.pt:14:18,6-3,corpus_v2_train_20-29_d0-9.pt,21,14,18,fours,30,1,left_setter,setter,defense,4,2,third,middle,0,false,false,defense,5,false,false,true,true,-16.507028579711914,0.0,0.3449999988079071,0.6299999952316284,-17,available:derived-from-role-and-bid-using-retained-w42-semantics,P(Q>=threshold_q); threshold_q is role-and-bid-dependent,-18,P(Q<=-18),true,true,0.0,1,0,1,0,0,0,ch05_noncount_before_certainty_alternative|ch05_setter_pressure_regime|phase_middle|role_setter|seat_pos_2|sequence_follow,true,false,true,ch05_noncount_before_certainty_alternative|ch05_setter_pressure_regime|phase_middle|role_setter|seat_pos_2|sequence_follow,available:phase4-positive-and-negative-detector-sets,true,proxy-only:is-best-threshold-not-actual-gus-output,,unavailable:no-positional-cross-corpus-match,1,-16.5070285797,-16.5070285797,0,0,1,6-3,0.0,true,,unavailable:policy-not-fingerprinted-in-retained-action-tables,,unjoinable:no-shared-champion-action-state-fingerprint,available:exact-action-key,available:exact-action-key,available:exact-action-key,available:exact-action-key,available:exact-action-key,partial:q-outcome-summaries-without-worlds-weights-or-calibration,,unavailable:not-present-in-retained-action-tables,,unavailable:not-retained-with-compatible-action-rows,,unavailable:not-retained-with-compatible-action-rows,,unavailable:not-retained-with-compatible-action-rows,,unavailable:not-retained-with-compatible-action-rows,,unavailable:not-retained-with-compatible-action-rows,,,,unjoinable:gus-corpus-state-namespace,available:public-role-seat-order-and-phase,follower_partner_or_self_currently_winning|phase_middle|role_setter|seat_pos_2|sequence_follow,follower_partner_or_self_currently_winning,proxy-only:public-role-and-action-local-labels,,unavailable:not-present-in-retained-action-tables,,unavailable:not-present-in-retained-action-tables,available:actual-action-indicator-without-policy-probability,,unavailable:not-present-in-retained-action-tables,,unavailable:not-present-in-retained-action-tables,,,,unavailable:no-cross-decision-plan-state-or-intervention,proxy-only:fixed-threshold-and-tail-rankings-without-transform-consumer-or-context,,fixed-bid30:declaration-and-risk-proxies-only; no auction choices/history,,unavailable:not-present-in-retained-action-tables,,,unavailable:not-present-in-retained-action-tables,,,hidden_proxy_late_information_rich|hidden_proxy_our_side_controls_trick,follower_partner_or_self_currently_winning|hidden_proxy_late_information_rich|hidden_proxy_our_side_controls_trick|phase_middle|role_setter|seat_pos_2|sequence_follow,follower_partner_or_self_currently_winning|phase_middle|role_setter|seat_pos_2|sequence_follow,phase_middle_trick_2_4|position_follow|role_defender|role_left_setter|role_setter|seat_third_follow,,oracle/distribution columns are offline labels; role/order and proxy labels are public/action-local; eval_only_labels are never asserted as runtime features
w42.partnership_failure_atlas.v2,d8fdbfb68f877f4dab7ab46b,corpus_v2_train_30-39_d0-9.pt:41:4,6-2,corpus_v2_train_30-39_d0-9.pt,34,41,4,ones,30,0,bidder,bidder,offense,1,0,lead,early,0,false,false,,0,false,true,false,false,-12.146035194396973,3.031778335571289,0.07999999821186066,0.42500001192092896,18,available:derived-from-role-and-bid-using-retained-w42-semantics,P(Q>=threshold_q); threshold_q is role-and-bid-dependent,-18,P(Q<=-18),false,false,0.04500000178813934,6,0,6,2,2,0,ch03_bidder_lead_off_suit|ch03_bidder_lead_plan|phase_early|role_bidder|seat_pos_0|sequence_lead,false,false,true,ch03_bidder_lead_off_suit|ch03_bidder_lead_plan|phase_early|role_bidder|seat_pos_0|sequence_lead,available:phase4-positive-and-negative-detector-sets,false,proxy-only:is-best-threshold-not-actual-gus-output,,unavailable:no-positional-cross-corpus-match,6,-14.5929079056,-9.11425685883,5.47865104675,0.149712562561,1,6-4,2.0036487579345703,false,,unavailable:policy-not-fingerprinted-in-retained-action-tables,,unjoinable:no-shared-champion-action-state-fingerprint,available:exact-action-key,available:exact-action-key,available:exact-action-key,available:exact-action-key,available:exact-action-key,partial:q-outcome-summaries-without-worlds-weights-or-calibration,,unavailable:not-present-in-retained-action-tables,,unavailable:not-retained-with-compatible-action-rows,,unavailable:not-retained-with-compatible-action-rows,,unavailable:not-retained-with-compatible-action-rows,,unavailable:not-retained-with-compatible-action-rows,,unavailable:not-retained-with-compatible-action-rows,,,,unjoinable:gus-corpus-state-namespace,available:public-role-seat-order-and-phase,phase_early|role_bidder|seat_pos_0|sequence_lead,,proxy-only:public-role-and-action-local-labels,,unavailable:not-present-in-retained-action-tables,,unavailable:not-present-in-retained-action-tables,available:actual-action-indicator-without-policy-probability,,unavailable:not-present-in-retained-action-tables,,unavailable:not-present-in-retained-action-tables,bidder_lead_plan|ch03_bidder_lead_plan,,,unavailable:no-cross-decision-plan-state-or-intervention,proxy-only:fixed-threshold-and-tail-rankings-without-transform-consumer-or-context,,fixed-bid30:declaration-and-risk-proxies-only; no auction choices/history,,unavailable:not-present-in-retained-action-tables,,,unavailable:not-present-in-retained-action-tables,,,hidden_proxy_early_high_uncertainty,bidder_lead_noncount|bidder_lead_off_suit|bidder_lead_plan|hidden_proxy_early_high_uncertainty|phase_early|role_bidder|seat_pos_0|sequence_lead,bidder_lead_noncount|bidder_lead_off_suit|bidder_lead_plan|phase_early|role_bidder|seat_pos_0|sequence_lead,phase_early_trick_0_1|position_lead|role_bidder|seat_first_lead,,oracle/distribution columns are offline labels; role/order and proxy labels are public/action-local; eval_only_labels are never asserted as runtime features
w42.partnership_failure_atlas.v2,d95cf790c0317c75783156a3,corpus_v2_train_0-9_d0-9.pt:16:22,5-0,corpus_v2_train_0-9_d0-9.pt,1,16,22,sixes,30,2,bidder_partner,partner,offense,5,2,third,late,5,false,false,defense,0,false,false,false,true,-16.395998001098633,0.0,0.0,0.7450000047683716,18,available:derived-from-role-and-bid-using-retained-w42-semantics,P(Q>=threshold_q); threshold_q is role-and-bid-dependent,-18,P(Q<=-18),false,true,0.07999999821186066,2,0,2,1,1,0,ch04_partner_support_regime|phase_late|role_partner|seat_pos_2|sequence_follow,true,false,false,ch04_partner_support_regime|phase_late|role_partner|seat_pos_2|sequence_follow,available:phase4-positive-and-negative-detector-sets,false,proxy-only:is-best-threshold-not-actual-gus-output,,unavailable:no-positional-cross-corpus-match,2,-16.9236011505,-16.3959980011,0.527603149414,0.527603149414,1,4-4,0.5276031494140625,false,,unavailable:policy-not-fingerprinted-in-retained-action-tables,,unjoinable:no-shared-champion-action-state-fingerprint,available:exact-action-key,available:exact-action-key,available:exact-action-key,available:exact-action-key,available:exact-action-key,partial:q-outcome-summaries-without-worlds-weights-or-calibration,,unavailable:not-present-in-retained-action-tables,,unavailable:not-retained-with-compatible-action-rows,,unavailable:not-retained-with-compatible-action-rows,,unavailable:not-retained-with-compatible-action-rows,,unavailable:not-retained-with-compatible-action-rows,,unavailable:not-retained-with-compatible-action-rows,,,,unjoinable:gus-corpus-state-namespace,available:public-role-seat-order-and-phase,follower_count_into_opponent_control|follower_opponent_currently_winning|phase_late|role_partner|seat_pos_2|sequence_follow,ch04_partner_support_regime|ch04_partner_unsafe_count_to_defense|partner_count_into_defense_control|partner_support_sequence_context,proxy-only:public-role-and-action-local-labels,,unavailable:not-present-in-retained-action-tables,,unavailable:not-present-in-retained-action-tables,available:actual-action-indicator-without-policy-probability,,unavailable:not-present-in-retained-action-tables,,unavailable:not-present-in-retained-action-tables,,,,unavailable:no-cross-decision-plan-state-or-intervention,proxy-only:fixed-threshold-and-tail-rankings-without-transform-consumer-or-context,bidrisk_join_available|bidrisk_max_profitable_no_profitable_bid|bidrisk_off_count_4|bidrisk_pmake30_low|bidrisk_static_risk_le_12|bidrisk_trump_count_1|bidrisk_wilson_safe_no_profitable_bid,fixed-bid30:declaration-and-risk-proxies-only; no auction choices/history,,unavailable:not-present-in-retained-action-tables,,,unavailable:not-present-in-retained-action-tables,,,hidden_proxy_count_pressure|hidden_proxy_late_information_rich|hidden_proxy_opponent_controls_trick,bidrisk_join_available|bidrisk_max_profitable_no_profitable_bid|bidrisk_off_count_4|bidrisk_pmake30_low|bidrisk_static_risk_le_12|bidrisk_trump_count_1|bidrisk_wilson_safe_no_profitable_bid|ch04_partner_unsafe_count_to_defense|follower_count_into_opponent_control|follower_opponent_currently_winning|hidden_proxy_count_pressure|hidden_proxy_late_information_rich|hidden_proxy_opponent_controls_trick|partner_count_into_defense_control|partner_support_sequence_context|phase_late|role_partner|seat_pos_2|sequence_follow,ch04_partner_unsafe_count_to_defense|follower_count_into_opponent_control|follower_opponent_currently_winning|partner_count_into_defense_control|partner_support_sequence_context|phase_late|role_partner|seat_pos_2|sequence_follow,ch04_partner_unsafe_count_to_defense|partner_support_context|partner_unsupported_count_into_defense|phase_late_trick_5_6|position_follow|role_partner|seat_third_follow,,oracle/distribution columns are offline labels; role/order and proxy labels are public/action-local; eval_only_labels are never asserted as runtime features
w42.partnership_failure_atlas.v2,d96d4f96601560b9b0e7e0fb,corpus_v2_train_20-29_d0-9.pt:46:5,3-0,corpus_v2_train_20-29_d0-9.pt,24,46,5,sixes,30,3,right_setter,setter,defense,1,1,second,early,0,false,false,offense,0,false,false,true,true,-25.259017944335938,0.0,0.20000000298023224,0.800000011920929,-17,available:derived-from-role-and-bid-using-retained-w42-semantics,P(Q>=threshold_q); threshold_q is role-and-bid-dependent,-18,P(Q<=-18),true,true,0.0,1,0,1,0,0,0,ch05_noncount_to_bidder_control_alternative|ch05_setter_pressure_regime|phase_early|role_setter|seat_pos_1|sequence_follow,true,false,true,ch05_noncount_to_bidder_control_alternative|ch05_setter_pressure_regime|phase_early|role_setter|seat_pos_1|sequence_follow,available:phase4-positive-and-negative-detector-sets,true,proxy-only:is-best-threshold-not-actual-gus-output,,unavailable:no-positional-cross-corpus-match,1,-25.2590179443,-25.2590179443,0,0,1,3-0,0.0,true,,unavailable:policy-not-fingerprinted-in-retained-action-tables,,unjoinable:no-shared-champion-action-state-fingerprint,available:exact-action-key,available:exact-action-key,available:exact-action-key,available:exact-action-key,available:exact-action-key,partial:q-outcome-summaries-without-worlds-weights-or-calibration,,unavailable:not-present-in-retained-action-tables,,unavailable:not-retained-with-compatible-action-rows,,unavailable:not-retained-with-compatible-action-rows,,unavailable:not-retained-with-compatible-action-rows,,unavailable:not-retained-with-compatible-action-rows,,unavailable:not-retained-with-compatible-action-rows,,,,unjoinable:gus-corpus-state-namespace,available:public-role-seat-order-and-phase,follower_opponent_currently_winning|phase_early|role_setter|seat_pos_1|sequence_follow|setter_pounce_sequence_window,,proxy-only:public-role-and-action-local-labels,,unavailable:not-present-in-retained-action-tables,,unavailable:not-present-in-retained-action-tables,available:actual-action-indicator-without-policy-probability,,unavailable:not-present-in-retained-action-tables,,unavailable:not-present-in-retained-action-tables,,,,unavailable:no-cross-decision-plan-state-or-intervention,proxy-only:fixed-threshold-and-tail-rankings-without-transform-consumer-or-context,,fixed-bid30:declaration-and-risk-proxies-only; no auction choices/history,,unavailable:not-present-in-retained-action-tables,,,unavailable:not-present-in-retained-action-tables,,,hidden_proxy_early_high_uncertainty|hidden_proxy_opponent_controls_trick,follower_opponent_currently_winning|hidden_proxy_early_high_uncertainty|hidden_proxy_opponent_controls_trick|phase_early|role_setter|seat_pos_1|sequence_follow|setter_pounce_sequence_window,follower_opponent_currently_winning|phase_early|role_setter|seat_pos_1|sequence_follow|setter_pounce_sequence_window,defensive_pounce_window|phase_early_trick_0_1|position_follow|role_defender|role_right_setter|role_setter|seat_second_follow,,oracle/distribution columns are offline labels; role/order and proxy labels are public/action-local; eval_only_labels are never asserted as runtime features
w42.partnership_failure_atlas.v2,d974d3afe5ab1d63dbb0f1c3,corpus_v2_train_70-79_d0-9.pt:92:7,2-1,corpus_v2_train_70-79_d0-9.pt,79,92,7,twos,30,3,right_setter,setter,defense,1,3,last,early,0,true,false,defense,0,false,false,true,true,23.667259216308594,0.0,0.925000011920929,0.07500000298023224,-17,available:derived-from-role-and-bid-using-retained-w42-semantics,P(Q>=threshold_q); threshold_q is role-and-bid-dependent,-18,P(Q<=-18),true,true,0.0,2,2,0,0,1,1,ch05_noncount_on_closure_defensive_win|ch05_setter_pressure_regime|phase_early|role_setter|seat_pos_3|sequence_closure,true,false,false,ch05_noncount_on_closure_defensive_win|ch05_setter_pressure_regime|phase_early|role_setter|seat_pos_3|sequence_closure,available:phase4-positive-and-negative-detector-sets,true,proxy-only:is-best-threshold-not-actual-gus-output,,unavailable:no-positional-cross-corpus-match,2,14.5838432312,23.6672592163,9.08341598511,9.08341598511,1,2-1,0.0,true,,unavailable:policy-not-fingerprinted-in-retained-action-tables,,unjoinable:no-shared-champion-action-state-fingerprint,available:exact-action-key,available:exact-action-key,available:exact-action-key,available:exact-action-key,available:exact-action-key,partial:q-outcome-summaries-without-worlds-weights-or-calibration,,unavailable:not-present-in-retained-action-tables,,unavailable:not-retained-with-compatible-action-rows,,unavailable:not-retained-with-compatible-action-rows,,unavailable:not-retained-with-compatible-action-rows,,unavailable:not-retained-with-compatible-action-rows,,unavailable:not-retained-with-compatible-action-rows,,,,unjoinable:gus-corpus-state-namespace,available:public-role-seat-order-and-phase,closure_decline_trick|closure_sequence_decision|follower_partner_or_self_currently_winning|phase_early|role_setter|seat_pos_3|sequence_last_to_act,follower_partner_or_self_currently_winning,proxy-only:public-role-and-action-local-labels,,unavailable:not-present-in-retained-action-tables,,unavailable:not-present-in-retained-action-tables,available:actual-action-indicator-without-policy-probability,,unavailable:not-present-in-retained-action-tables,,unavailable:not-present-in-retained-action-tables,,,,unavailable:no-cross-decision-plan-state-or-intervention,proxy-only:fixed-threshold-and-tail-rankings-without-transform-consumer-or-context,,fixed-bid30:declaration-and-risk-proxies-only; no auction choices/history,,unavailable:not-present-in-retained-action-tables,,,unavailable:not-present-in-retained-action-tables,,,hidden_proxy_closure_information|hidden_proxy_early_high_uncertainty|hidden_proxy_our_side_controls_trick,closure_decline_trick|closure_sequence_decision|follower_partner_or_self_currently_winning|hidden_proxy_closure_information|hidden_proxy_early_high_uncertainty|hidden_proxy_our_side_controls_trick|phase_early|role_setter|seat_pos_3|sequence_last_to_act,closure_decline_trick|closure_sequence_decision|follower_partner_or_self_currently_winning|phase_early|role_setter|seat_pos_3|sequence_last_to_act,closure_decision|closure_decline_or_slough|phase_early_trick_0_1|position_follow|position_last_to_act|role_defender|role_right_setter|role_setter|seat_fourth_closure,,oracle/distribution columns are offline labels; role/order and proxy labels are public/action-local; eval_only_labels are never asserted as runtime features
w42.partnership_failure_atlas.v2,dc0236d160891e73a2959e14,corpus_v2_train_70-79_d0-9.pt:24:27,6-1,corpus_v2_train_70-79_d0-9.pt,72,24,27,fours,30,2,bidder_partner,partner,offense,6,3,last,late,0,false,false,offense,0,false,false,true,true,5.9332075119018555,0.0,0.0,0.0,18,available:derived-from-role-and-bid-using-retained-w42-semantics,P(Q>=threshold_q); threshold_q is role-and-bid-dependent,-18,P(Q<=-18),true,true,0.0,1,0,1,0,0,0,ch04_partner_noncount_closure_alternative|ch04_partner_support_regime|phase_late|role_partner|seat_pos_3|sequence_closure,true,false,true,ch04_partner_noncount_closure_alternative|ch04_partner_support_regime|phase_late|role_partner|seat_pos_3|sequence_closure,available:phase4-positive-and-negative-detector-sets,true,proxy-only:is-best-threshold-not-actual-gus-output,,unavailable:no-positional-cross-corpus-match,1,5.9332075119,5.9332075119,0,0,1,6-1,0.0,true,,unavailable:policy-not-fingerprinted-in-retained-action-tables,,unjoinable:no-shared-champion-action-state-fingerprint,available:exact-action-key,available:exact-action-key,available:exact-action-key,available:exact-action-key,available:exact-action-key,partial:q-outcome-summaries-without-worlds-weights-or-calibration,,unavailable:not-present-in-retained-action-tables,,unavailable:not-retained-with-compatible-action-rows,,unavailable:not-retained-with-compatible-action-rows,,unavailable:not-retained-with-compatible-action-rows,,unavailable:not-retained-with-compatible-action-rows,,unavailable:not-retained-with-compatible-action-rows,,,,unjoinable:gus-corpus-state-namespace,available:public-role-seat-order-and-phase,closure_decline_trick|closure_sequence_decision|follower_partner_or_self_currently_winning|phase_late|role_partner|seat_pos_3|sequence_last_to_act,ch04_partner_noncount_closure_alternative|ch04_partner_support_regime|follower_partner_or_self_currently_winning|partner_support_sequence_context,proxy-only:public-role-and-action-local-labels,,unavailable:not-present-in-retained-action-tables,,unavailable:not-present-in-retained-action-tables,available:actual-action-indicator-without-policy-probability,,unavailable:not-present-in-retained-action-tables,,unavailable:not-present-in-retained-action-tables,,,,unavailable:no-cross-decision-plan-state-or-intervention,proxy-only:fixed-threshold-and-tail-rankings-without-transform-consumer-or-context,,fixed-bid30:declaration-and-risk-proxies-only; no auction choices/history,,unavailable:not-present-in-retained-action-tables,,,unavailable:not-present-in-retained-action-tables,,,hidden_proxy_closure_information|hidden_proxy_late_information_rich|hidden_proxy_our_side_controls_trick,closure_decline_trick|closure_sequence_decision|follower_partner_or_self_currently_winning|hidden_proxy_closure_information|hidden_proxy_late_information_rich|hidden_proxy_our_side_controls_trick|partner_support_sequence_context|phase_late|role_partner|seat_pos_3|sequence_last_to_act,closure_decline_trick|closure_sequence_decision|follower_partner_or_self_currently_winning|partner_support_sequence_context|phase_late|role_partner|seat_pos_3|sequence_last_to_act,closure_decision|closure_decline_or_slough|partner_support_context|phase_late_trick_5_6|position_follow|position_last_to_act|role_partner|seat_fourth_closure,,oracle/distribution columns are offline labels; role/order and proxy labels are public/action-local; eval_only_labels are never asserted as runtime features
w42.partnership_failure_atlas.v2,dc7a8f288513020968ef88b3,corpus_v2_train_80-89_d0-9.pt:16:15,6-1,corpus_v2_train_80-89_d0-9.pt,81,16,15,sixes,30,1,left_setter,setter,defense,3,3,last,middle,0,true,false,offense,5,true,true,true,true,0.7796362042427063,0.0,0.675000011920929,0.3050000071525574,-17,available:derived-from-role-and-bid-using-retained-w42-semantics,P(Q>=threshold_q); threshold_q is role-and-bid-dependent,-18,P(Q<=-18),true,true,0.0,4,1,3,1,1,1,ch05_noncount_to_bidder_control_alternative|ch05_pounce_take_count_now|ch05_setter_pressure_regime|ch05_trump_in_on_count_or_bidder_control|phase_middle|role_setter|seat_pos_3|sequence_closure,true,true,true,ch05_noncount_to_bidder_control_alternative|ch05_pounce_take_count_now|ch05_setter_pressure_regime|ch05_trump_in_on_count_or_bidder_control|phase_middle|role_setter|seat_pos_3|sequence_closure,available:phase4-positive-and-negative-detector-sets,true,proxy-only:is-best-threshold-not-actual-gus-output,,unavailable:no-positional-cross-corpus-match,4,-24.0968284607,0.779636204243,24.8764646649,17.6740873456,1,6-1,0.0,true,,unavailable:policy-not-fingerprinted-in-retained-action-tables,,unjoinable:no-shared-champion-action-state-fingerprint,available:exact-action-key,available:exact-action-key,available:exact-action-key,available:exact-action-key,available:exact-action-key,partial:q-outcome-summaries-without-worlds-weights-or-calibration,,unavailable:not-present-in-retained-action-tables,,unavailable:not-retained-with-compatible-action-rows,,unavailable:not-retained-with-compatible-action-rows,,unavailable:not-retained-with-compatible-action-rows,,unavailable:not-retained-with-compatible-action-rows,,unavailable:not-retained-with-compatible-action-rows,,,,unjoinable:gus-corpus-state-namespace,available:public-role-seat-order-and-phase,closure_sequence_decision|closure_take_trick|follower_can_beat_opponent|follower_opponent_currently_winning|follower_take_control_from_opponent|phase_middle|role_setter|seat_pos_3|sequence_last_to_act|setter_pounce_sequence_window,,proxy-only:public-role-and-action-local-labels,,unavailable:not-present-in-retained-action-tables,,unavailable:not-present-in-retained-action-tables,available:actual-action-indicator-without-policy-probability,,unavailable:not-present-in-retained-action-tables,,unavailable:not-present-in-retained-action-tables,,,,unavailable:no-cross-decision-plan-state-or-intervention,proxy-only:fixed-threshold-and-tail-rankings-without-transform-consumer-or-context,,fixed-bid30:declaration-and-risk-proxies-only; no auction choices/history,,unavailable:not-present-in-retained-action-tables,,,unavailable:not-present-in-retained-action-tables,,,hidden_proxy_closure_information|hidden_proxy_control_shift_available|hidden_proxy_opponent_controls_trick,closure_sequence_decision|closure_take_trick|follower_can_beat_opponent|follower_opponent_currently_winning|follower_take_control_from_opponent|hidden_proxy_closure_information|hidden_proxy_control_shift_available|hidden_proxy_opponent_controls_trick|phase_middle|role_setter|seat_pos_3|sequence_last_to_act|setter_pounce_sequence_window,closure_sequence_decision|closure_take_trick|follower_can_beat_opponent|follower_opponent_currently_winning|follower_take_control_from_opponent|phase_middle|role_setter|seat_pos_3|sequence_last_to_act|setter_pounce_sequence_window,closure_decision|closure_take_trick|defensive_pounce_window|phase_middle_trick_2_4|position_follow|position_last_to_act|role_defender|role_left_setter|role_setter|seat_fourth_closure,,oracle/distribution columns are offline labels; role/order and proxy labels are public/action-local; eval_only_labels are never asserted as runtime features
w42.partnership_failure_atlas.v2,dd9cadda47d3e8e58815ff45,corpus_v2_train_40-49_d0-9.pt:60:12,5-1,corpus_v2_train_40-49_d0-9.pt,46,60,12,blanks,30,2,bidder_partner,partner,offense,3,0,lead,middle,0,false,false,,0,false,true,true,true,-11.559925079345703,0.0,0.1599999964237213,0.5799999833106995,18,available:derived-from-role-and-bid-using-retained-w42-semantics,P(Q>=threshold_q); threshold_q is role-and-bid-dependent,-18,P(Q<=-18),true,false,0.0,4,0,4,0,0,0,ch04_partner_lead_noncount_low_liability|ch04_partner_support_regime|phase_middle|role_partner|seat_pos_0|sequence_lead,true,false,true,ch04_partner_lead_noncount_low_liability|ch04_partner_support_regime|phase_middle|role_partner|seat_pos_0|sequence_lead,available:phase4-positive-and-negative-detector-sets,true,proxy-only:is-best-threshold-not-actual-gus-output,,unavailable:no-positional-cross-corpus-match,4,-14.5647983551,-11.5599250793,3.00487327576,0.172317504883,1,5-1,0.0,true,,unavailable:policy-not-fingerprinted-in-retained-action-tables,,unjoinable:no-shared-champion-action-state-fingerprint,available:exact-action-key,available:exact-action-key,available:exact-action-key,available:exact-action-key,available:exact-action-key,partial:q-outcome-summaries-without-worlds-weights-or-calibration,,unavailable:not-present-in-retained-action-tables,,unavailable:not-retained-with-compatible-action-rows,,unavailable:not-retained-with-compatible-action-rows,,unavailable:not-retained-with-compatible-action-rows,,unavailable:not-retained-with-compatible-action-rows,,unavailable:not-retained-with-compatible-action-rows,,,,unjoinable:gus-corpus-state-namespace,available:public-role-seat-order-and-phase,phase_middle|role_partner|seat_pos_0|sequence_lead,ch04_partner_lead_noncount_low_liability|ch04_partner_support_regime|partner_support_sequence_context,proxy-only:public-role-and-action-local-labels,,unavailable:not-present-in-retained-action-tables,,unavailable:not-present-in-retained-action-tables,available:actual-action-indicator-without-policy-probability,,unavailable:not-present-in-retained-action-tables,,unavailable:not-present-in-retained-action-tables,,,,unavailable:no-cross-decision-plan-state-or-intervention,proxy-only:fixed-threshold-and-tail-rankings-without-transform-consumer-or-context,,fixed-bid30:declaration-and-risk-proxies-only; no auction choices/history,,unavailable:not-present-in-retained-action-tables,,,unavailable:not-present-in-retained-action-tables,,,,partner_support_sequence_context|phase_middle|role_partner|seat_pos_0|sequence_lead,partner_support_sequence_context|phase_middle|role_partner|seat_pos_0|sequence_lead,partner_support_context|phase_middle_trick_2_4|position_lead|role_partner|seat_first_lead,,oracle/distribution columns are offline labels; role/order and proxy labels are public/action-local; eval_only_labels are never asserted as runtime features
w42.partnership_failure_atlas.v2,ddaf0acfb860b437943ffc0e,corpus_v2_train_60-69_d0-9.pt:43:0,2-2,corpus_v2_train_60-69_d0-9.pt,64,43,0,threes,30,0,bidder,bidder,offense,0,0,lead,early,0,false,true,,0,false,true,false,false,6.502142429351807,8.365699291229248,0.32499998807907104,0.18000000715255737,18,available:derived-from-role-and-bid-using-retained-w42-semantics,P(Q>=threshold_q); threshold_q is role-and-bid-dependent,-18,P(Q<=-18),false,false,0.15000000596046448,7,2,5,1,3,0,ch03_bidder_lead_off_suit|ch03_bidder_lead_plan|phase_early|role_bidder|seat_pos_0|sequence_lead,false,false,true,ch03_bidder_lead_off_suit|ch03_bidder_lead_plan|phase_early|role_bidder|seat_pos_0|sequence_lead,available:phase4-positive-and-negative-detector-sets,false,proxy-only:is-best-threshold-not-actual-gus-output,,unavailable:no-positional-cross-corpus-match,7,-5.10211610794,14.8678417206,19.9699578285,6.44153213501,1,3-3,0.0,true,,unavailable:policy-not-fingerprinted-in-retained-action-tables,,unjoinable:no-shared-champion-action-state-fingerprint,available:exact-action-key,available:exact-action-key,available:exact-action-key,available:exact-action-key,available:exact-action-key,partial:q-outcome-summaries-without-worlds-weights-or-calibration,,unavailable:not-present-in-retained-action-tables,,unavailable:not-retained-with-compatible-action-rows,,unavailable:not-retained-with-compatible-action-rows,,unavailable:not-retained-with-compatible-action-rows,,unavailable:not-retained-with-compatible-action-rows,,unavailable:not-retained-with-compatible-action-rows,,,,unjoinable:gus-corpus-state-namespace,available:public-role-seat-order-and-phase,phase_early|role_bidder|seat_pos_0|sequence_lead,,proxy-only:public-role-and-action-local-labels,,unavailable:not-present-in-retained-action-tables,,unavailable:not-present-in-retained-action-tables,available:actual-action-indicator-without-policy-probability,,unavailable:not-present-in-retained-action-tables,,unavailable:not-present-in-retained-action-tables,bidder_lead_plan|ch03_bidder_lead_plan,,,unavailable:no-cross-decision-plan-state-or-intervention,proxy-only:fixed-threshold-and-tail-rankings-without-transform-consumer-or-context,,fixed-bid30:declaration-and-risk-proxies-only; no auction choices/history,,unavailable:not-present-in-retained-action-tables,,,unavailable:not-present-in-retained-action-tables,,,hidden_proxy_early_high_uncertainty,bidder_lead_noncount|bidder_lead_off_suit|bidder_lead_plan|hidden_proxy_early_high_uncertainty|phase_early|role_bidder|seat_pos_0|sequence_lead,bidder_lead_noncount|bidder_lead_off_suit|bidder_lead_plan|phase_early|role_bidder|seat_pos_0|sequence_lead,phase_early_trick_0_1|position_lead|role_bidder|seat_first_lead,,oracle/distribution columns are offline labels; role/order and proxy labels are public/action-local; eval_only_labels are never asserted as runtime features
w42.partnership_failure_atlas.v2,e14c66a14a0004a391ce0ac7,corpus_v2_train_0-9_d0-9.pt:9:5,2-1,corpus_v2_train_0-9_d0-9.pt,0,9,5,no-trump,30,1,left_setter,setter,defense,1,1,second,early,0,false,false,offense,0,false,false,true,true,-16.705154418945312,0.0,0.49000000953674316,0.5049999952316284,-17,available:derived-from-role-and-bid-using-retained-w42-semantics,P(Q>=threshold_q); threshold_q is role-and-bid-dependent,-18,P(Q<=-18),true,true,0.0,2,0,2,0,0,0,ch05_noncount_to_bidder_control_alternative|ch05_setter_pressure_regime|phase_early|role_setter|seat_pos_1|sequence_follow,true,false,true,ch05_noncount_to_bidder_control_alternative|ch05_setter_pressure_regime|phase_early|role_setter|seat_pos_1|sequence_follow,available:phase4-positive-and-negative-detector-sets,true,proxy-only:is-best-threshold-not-actual-gus-output,,unavailable:no-positional-cross-corpus-match,2,-21.9914741516,-16.7051544189,5.28631973267,5.28631973267,1,2-1,0.0,true,,unavailable:policy-not-fingerprinted-in-retained-action-tables,,unjoinable:no-shared-champion-action-state-fingerprint,available:exact-action-key,available:exact-action-key,available:exact-action-key,available:exact-action-key,available:exact-action-key,partial:q-outcome-summaries-without-worlds-weights-or-calibration,,unavailable:not-present-in-retained-action-tables,,unavailable:not-retained-with-compatible-action-rows,,unavailable:not-retained-with-compatible-action-rows,,unavailable:not-retained-with-compatible-action-rows,,unavailable:not-retained-with-compatible-action-rows,,unavailable:not-retained-with-compatible-action-rows,,,,unjoinable:gus-corpus-state-namespace,available:public-role-seat-order-and-phase,follower_opponent_currently_winning|phase_early|role_setter|seat_pos_1|sequence_follow|setter_pounce_sequence_window,,proxy-only:public-role-and-action-local-labels,,unavailable:not-present-in-retained-action-tables,,unavailable:not-present-in-retained-action-tables,available:actual-action-indicator-without-policy-probability,,unavailable:not-present-in-retained-action-tables,,unavailable:not-present-in-retained-action-tables,,,,unavailable:no-cross-decision-plan-state-or-intervention,proxy-only:fixed-threshold-and-tail-rankings-without-transform-consumer-or-context,,fixed-bid30:declaration-and-risk-proxies-only; no auction choices/history,,unavailable:not-present-in-retained-action-tables,,,unavailable:not-present-in-retained-action-tables,dnt_regime_no_trump,,hidden_proxy_early_high_uncertainty|hidden_proxy_opponent_controls_trick,dnt_regime_no_trump|follower_opponent_currently_winning|hidden_proxy_early_high_uncertainty|hidden_proxy_opponent_controls_trick|phase_early|role_setter|seat_pos_1|sequence_follow|setter_pounce_sequence_window,follower_opponent_currently_winning|phase_early|role_setter|seat_pos_1|sequence_follow|setter_pounce_sequence_window,defensive_pounce_window|phase_early_trick_0_1|position_follow|role_defender|role_left_setter|role_setter|seat_second_follow,,oracle/distribution columns are offline labels; role/order and proxy labels are public/action-local; eval_only_labels are never asserted as runtime features
w42.partnership_failure_atlas.v2,e295eed8eade6c3a97a86a47,corpus_v2_train_30-39_d0-9.pt:14:8,4-1,corpus_v2_train_30-39_d0-9.pt,31,14,8,fours,30,1,left_setter,setter,defense,2,0,lead,middle,5,true,false,,0,false,true,false,false,-2.4143874645233154,8.352392435073853,0.675000011920929,0.3100000023841858,-17,available:derived-from-role-and-bid-using-retained-w42-semantics,P(Q>=threshold_q); threshold_q is role-and-bid-dependent,-18,P(Q<=-18),false,false,0.26999998092651367,5,2,3,1,1,0,ch05_count_calling_or_count_lead|ch05_pounce_take_count_now|ch05_setter_pressure_regime|phase_middle|role_setter|seat_pos_0|sequence_lead,false,true,false,ch05_count_calling_or_count_lead|ch05_pounce_take_count_now|ch05_setter_pressure_regime|phase_middle|role_setter|seat_pos_0|sequence_lead,available:phase4-positive-and-negative-detector-sets,false,proxy-only:is-best-threshold-not-actual-gus-output,,unavailable:no-positional-cross-corpus-match,5,-2.41438746452,5.93800497055,8.35239243507,1.97447347641,1,6-6,0.0,true,,unavailable:policy-not-fingerprinted-in-retained-action-tables,,unjoinable:no-shared-champion-action-state-fingerprint,available:exact-action-key,available:exact-action-key,available:exact-action-key,available:exact-action-key,available:exact-action-key,partial:q-outcome-summaries-without-worlds-weights-or-calibration,,unavailable:not-present-in-retained-action-tables,,unavailable:not-retained-with-compatible-action-rows,,unavailable:not-retained-with-compatible-action-rows,,unavailable:not-retained-with-compatible-action-rows,,unavailable:not-retained-with-compatible-action-rows,,unavailable:not-retained-with-compatible-action-rows,,,,unjoinable:gus-corpus-state-namespace,available:public-role-seat-order-and-phase,phase_middle|role_setter|seat_pos_0|sequence_lead,,proxy-only:public-role-and-action-local-labels,,unavailable:not-present-in-retained-action-tables,,unavailable:not-present-in-retained-action-tables,available:actual-action-indicator-without-policy-probability,,unavailable:not-present-in-retained-action-tables,,unavailable:not-present-in-retained-action-tables,,,,unavailable:no-cross-decision-plan-state-or-intervention,proxy-only:fixed-threshold-and-tail-rankings-without-transform-consumer-or-context,bidrisk_join_available|bidrisk_max_profitable_no_profitable_bid|bidrisk_off_count_3|bidrisk_pmake30_low|bidrisk_static_risk_13_20|bidrisk_trump_count_3|bidrisk_wilson_safe_no_profitable_bid,fixed-bid30:declaration-and-risk-proxies-only; no auction choices/history,,unavailable:not-present-in-retained-action-tables,,,unavailable:not-present-in-retained-action-tables,,,hidden_proxy_count_pressure,bidrisk_join_available|bidrisk_max_profitable_no_profitable_bid|bidrisk_off_count_3|bidrisk_pmake30_low|bidrisk_static_risk_13_20|bidrisk_trump_count_3|bidrisk_wilson_safe_no_profitable_bid|hidden_proxy_count_pressure|phase_middle|role_setter|seat_pos_0|sequence_lead,phase_middle|role_setter|seat_pos_0|sequence_lead,phase_middle_trick_2_4|position_lead|role_defender|role_left_setter|role_setter|seat_first_lead,,oracle/distribution columns are offline labels; role/order and proxy labels are public/action-local; eval_only_labels are never asserted as runtime features
w42.partnership_failure_atlas.v2,e298f0231d3252f5b242f251,corpus_v2_train_0-9_d0-9.pt:48:12,1-1,corpus_v2_train_0-9_d0-9.pt,4,48,12,doubles-suit,30,2,bidder_partner,partner,offense,3,0,lead,middle,0,true,true,,0,false,true,true,true,14.813633918762207,0.0,0.44999998807907104,0.0,18,available:derived-from-role-and-bid-using-retained-w42-semantics,P(Q>=threshold_q); threshold_q is role-and-bid-dependent,-18,P(Q<=-18),true,true,0.0,4,1,3,0,1,0,ch04_partner_disruptive_trump_lead_proxy|ch04_partner_double_or_virtual_boss_proxy|ch04_partner_lead_noncount_low_liability|ch04_partner_support_regime|phase_middle|role_partner|seat_pos_0|sequence_lead,true,false,true,ch04_partner_disruptive_trump_lead_proxy|ch04_partner_double_or_virtual_boss_proxy|ch04_partner_lead_noncount_low_liability|ch04_partner_support_regime|phase_middle|role_partner|seat_pos_0|sequence_lead,available:phase4-positive-and-negative-detector-sets,true,proxy-only:is-best-threshold-not-actual-gus-output,,unavailable:no-positional-cross-corpus-match,4,13.4612789154,14.8136339188,1.35235500336,0.665241241455,1,1-1,0.0,true,,unavailable:policy-not-fingerprinted-in-retained-action-tables,,unjoinable:no-shared-champion-action-state-fingerprint,available:exact-action-key,available:exact-action-key,available:exact-action-key,available:exact-action-key,available:exact-action-key,partial:q-outcome-summaries-without-worlds-weights-or-calibration,,unavailable:not-present-in-retained-action-tables,,unavailable:not-retained-with-compatible-action-rows,,unavailable:not-retained-with-compatible-action-rows,,unavailable:not-retained-with-compatible-action-rows,,unavailable:not-retained-with-compatible-action-rows,,unavailable:not-retained-with-compatible-action-rows,,,,unjoinable:gus-corpus-state-namespace,available:public-role-seat-order-and-phase,phase_middle|role_partner|seat_pos_0|sequence_lead,ch04_partner_disruptive_trump_lead_proxy|ch04_partner_double_or_virtual_boss_proxy|ch04_partner_lead_noncount_low_liability|ch04_partner_support_regime|partner_support_sequence_context,proxy-only:public-role-and-action-local-labels,,unavailable:not-present-in-retained-action-tables,,unavailable:not-present-in-retained-action-tables,available:actual-action-indicator-without-policy-probability,,unavailable:not-present-in-retained-action-tables,,unavailable:not-present-in-retained-action-tables,,,,unavailable:no-cross-decision-plan-state-or-intervention,proxy-only:fixed-threshold-and-tail-rankings-without-transform-consumer-or-context,,fixed-bid30:declaration-and-risk-proxies-only; no auction choices/history,,unavailable:not-present-in-retained-action-tables,,,unavailable:not-present-in-retained-action-tables,dnt_dt_candidate_double|dnt_dt_low_double|dnt_regime_doubles-suit,,,dnt_dt_candidate_double|dnt_dt_low_double|dnt_regime_doubles-suit|partner_support_sequence_context|phase_middle|role_partner|seat_pos_0|sequence_lead,partner_support_sequence_context|phase_middle|role_partner|seat_pos_0|sequence_lead,partner_support_context|phase_middle_trick_2_4|position_lead|role_partner|seat_first_lead,,oracle/distribution columns are offline labels; role/order and proxy labels are public/action-local; eval_only_labels are never asserted as runtime features
w42.partnership_failure_atlas.v2,e5d567a02477a10952ece431,corpus_v2_train_10-19_d0-9.pt:40:4,5-0,corpus_v2_train_10-19_d0-9.pt,14,40,4,blanks,30,0,bidder,bidder,offense,1,0,lead,early,5,true,false,,0,false,true,true,true,11.469213485717773,0.0,0.47999998927116394,0.20499999821186066,18,available:derived-from-role-and-bid-using-retained-w42-semantics,P(Q>=threshold_q); threshold_q is role-and-bid-dependent,-18,P(Q<=-18),true,true,0.0,6,1,5,3,0,0,ch03_bidder_count_liability_lead|ch03_bidder_lead_plan|ch03_bidder_lead_trump_or_called|ch03_called_non_double|ch03_last_visible_trump_spent_before_off_proxy|phase_early|role_bidder|seat_pos_0|sequence_lead,true,true,false,ch03_bidder_count_liability_lead|ch03_bidder_lead_plan|ch03_bidder_lead_trump_or_called|ch03_called_non_double|ch03_last_visible_trump_spent_before_off_proxy|phase_early|role_bidder|seat_pos_0|sequence_lead,available:phase4-positive-and-negative-detector-sets,true,proxy-only:is-best-threshold-not-actual-gus-output,,unavailable:no-positional-cross-corpus-match,6,-2.04434871674,11.4692134857,13.5135622025,7.88417720795,1,5-0,0.0,true,,unavailable:policy-not-fingerprinted-in-retained-action-tables,,unjoinable:no-shared-champion-action-state-fingerprint,available:exact-action-key,available:exact-action-key,available:exact-action-key,available:exact-action-key,available:exact-action-key,partial:q-outcome-summaries-without-worlds-weights-or-calibration,,unavailable:not-present-in-retained-action-tables,,unavailable:not-retained-with-compatible-action-rows,,unavailable:not-retained-with-compatible-action-rows,,unavailable:not-retained-with-compatible-action-rows,,unavailable:not-retained-with-compatible-action-rows,,unavailable:not-retained-with-compatible-action-rows,,,,unjoinable:gus-corpus-state-namespace,available:public-role-seat-order-and-phase,phase_early|role_bidder|seat_pos_0|sequence_lead,,proxy-only:public-role-and-action-local-labels,,unavailable:not-present-in-retained-action-tables,,unavailable:not-present-in-retained-action-tables,available:actual-action-indicator-without-policy-probability,,unavailable:not-present-in-retained-action-tables,,unavailable:not-present-in-retained-action-tables,bidder_lead_plan|ch03_bidder_lead_plan,,,unavailable:no-cross-decision-plan-state-or-intervention,proxy-only:fixed-threshold-and-tail-rankings-without-transform-consumer-or-context,,fixed-bid30:declaration-and-risk-proxies-only; no auction choices/history,,unavailable:not-present-in-retained-action-tables,,,unavailable:not-present-in-retained-action-tables,,,hidden_proxy_count_pressure|hidden_proxy_early_high_uncertainty,bidder_lead_called_non_double|bidder_lead_called_suit|bidder_lead_count|bidder_lead_plan|hidden_proxy_count_pressure|hidden_proxy_early_high_uncertainty|phase_early|role_bidder|seat_pos_0|sequence_lead,bidder_lead_called_non_double|bidder_lead_called_suit|bidder_lead_count|bidder_lead_plan|phase_early|role_bidder|seat_pos_0|sequence_lead,phase_early_trick_0_1|position_lead|role_bidder|seat_first_lead,,oracle/distribution columns are offline labels; role/order and proxy labels are public/action-local; eval_only_labels are never asserted as runtime features
w42.partnership_failure_atlas.v2,e786c59bebac1dcd8e3e59f7,corpus_v2_train_80-89_d0-9.pt:92:16,6-4,corpus_v2_train_80-89_d0-9.pt,89,92,16,twos,30,0,bidder,bidder,offense,4,0,lead,middle,10,false,false,,0,false,true,false,false,-14.174840927124023,18.098546981811523,0.10499999672174454,0.6650000214576721,18,available:derived-from-role-and-bid-using-retained-w42-semantics,P(Q>=threshold_q); threshold_q is role-and-bid-dependent,-18,P(Q<=-18),false,false,0.08999999612569809,3,0,3,1,1,0,ch03_bidder_count_liability_lead|ch03_bidder_lead_off_count|ch03_bidder_lead_off_suit|ch03_bidder_lead_plan|phase_middle|role_bidder|seat_pos_0|sequence_lead,false,false,true,ch03_bidder_count_liability_lead|ch03_bidder_lead_off_count|ch03_bidder_lead_off_suit|ch03_bidder_lead_plan|phase_middle|role_bidder|seat_pos_0|sequence_lead,available:phase4-positive-and-negative-detector-sets,false,proxy-only:is-best-threshold-not-actual-gus-output,,unavailable:no-positional-cross-corpus-match,3,-14.1748409271,3.92370605469,18.0985469818,0.137602567673,1,5-1,0.0,true,,unavailable:policy-not-fingerprinted-in-retained-action-tables,,unjoinable:no-shared-champion-action-state-fingerprint,available:exact-action-key,available:exact-action-key,available:exact-action-key,available:exact-action-key,available:exact-action-key,partial:q-outcome-summaries-without-worlds-weights-or-calibration,,unavailable:not-present-in-retained-action-tables,,unavailable:not-retained-with-compatible-action-rows,,unavailable:not-retained-with-compatible-action-rows,,unavailable:not-retained-with-compatible-action-rows,,unavailable:not-retained-with-compatible-action-rows,,unavailable:not-retained-with-compatible-action-rows,,,,unjoinable:gus-corpus-state-namespace,available:public-role-seat-order-and-phase,phase_middle|role_bidder|seat_pos_0|sequence_lead,,proxy-only:public-role-and-action-local-labels,,unavailable:not-present-in-retained-action-tables,,unavailable:not-present-in-retained-action-tables,available:actual-action-indicator-without-policy-probability,,unavailable:not-present-in-retained-action-tables,,unavailable:not-present-in-retained-action-tables,bidder_lead_plan|ch03_bidder_lead_plan,,,unavailable:no-cross-decision-plan-state-or-intervention,proxy-only:fixed-threshold-and-tail-rankings-without-transform-consumer-or-context,,fixed-bid30:declaration-and-risk-proxies-only; no auction choices/history,,unavailable:not-present-in-retained-action-tables,,,unavailable:not-present-in-retained-action-tables,,,hidden_proxy_count_pressure|hidden_proxy_late_information_rich,bidder_lead_count|bidder_lead_off_count|bidder_lead_off_suit|bidder_lead_plan|hidden_proxy_count_pressure|hidden_proxy_late_information_rich|phase_middle|role_bidder|seat_pos_0|sequence_lead,bidder_lead_count|bidder_lead_off_count|bidder_lead_off_suit|bidder_lead_plan|phase_middle|role_bidder|seat_pos_0|sequence_lead,phase_middle_trick_2_4|position_lead|role_bidder|seat_first_lead,,oracle/distribution columns are offline labels; role/order and proxy labels are public/action-local; eval_only_labels are never asserted as runtime features
w42.partnership_failure_atlas.v2,e7a1b572d709719c0dd7c460,corpus_v2_train_20-29_d0-9.pt:96:24,1-1,corpus_v2_train_20-29_d0-9.pt,29,96,24,sixes,30,3,right_setter,setter,defense,6,0,lead,late,0,false,true,,0,false,true,true,true,11.182541847229004,0.0,1.0,0.0,-17,available:derived-from-role-and-bid-using-retained-w42-semantics,P(Q>=threshold_q); threshold_q is role-and-bid-dependent,-18,P(Q<=-18),true,true,0.0,1,0,1,0,1,0,ch05_count_calling_or_count_lead|ch05_setter_pressure_regime|phase_late|role_setter|seat_pos_0|sequence_lead,true,true,false,ch05_count_calling_or_count_lead|ch05_setter_pressure_regime|phase_late|role_setter|seat_pos_0|sequence_lead,available:phase4-positive-and-negative-detector-sets,true,proxy-only:is-best-threshold-not-actual-gus-output,,unavailable:no-positional-cross-corpus-match,1,11.1825418472,11.1825418472,0,0,1,1-1,0.0,true,,unavailable:policy-not-fingerprinted-in-retained-action-tables,,unjoinable:no-shared-champion-action-state-fingerprint,available:exact-action-key,available:exact-action-key,available:exact-action-key,available:exact-action-key,available:exact-action-key,partial:q-outcome-summaries-without-worlds-weights-or-calibration,,unavailable:not-present-in-retained-action-tables,,unavailable:not-retained-with-compatible-action-rows,,unavailable:not-retained-with-compatible-action-rows,,unavailable:not-retained-with-compatible-action-rows,,unavailable:not-retained-with-compatible-action-rows,,unavailable:not-retained-with-compatible-action-rows,,,,unjoinable:gus-corpus-state-namespace,available:public-role-seat-order-and-phase,phase_late|role_setter|seat_pos_0|sequence_lead,,proxy-only:public-role-and-action-local-labels,,unavailable:not-present-in-retained-action-tables,,unavailable:not-present-in-retained-action-tables,available:actual-action-indicator-without-policy-probability,,unavailable:not-present-in-retained-action-tables,,unavailable:not-present-in-retained-action-tables,,,,unavailable:no-cross-decision-plan-state-or-intervention,proxy-only:fixed-threshold-and-tail-rankings-without-transform-consumer-or-context,bidrisk_four_five_off|bidrisk_join_available|bidrisk_max_profitable_no_profitable_bid|bidrisk_off_count_3|bidrisk_pmake30_mid|bidrisk_static_risk_13_20|bidrisk_trump_count_2|bidrisk_wilson_safe_no_profitable_bid,fixed-bid30:declaration-and-risk-proxies-only; no auction choices/history,,unavailable:not-present-in-retained-action-tables,,,unavailable:not-present-in-retained-action-tables,,,hidden_proxy_late_information_rich,bidrisk_four_five_off|bidrisk_join_available|bidrisk_max_profitable_no_profitable_bid|bidrisk_off_count_3|bidrisk_pmake30_mid|bidrisk_static_risk_13_20|bidrisk_trump_count_2|bidrisk_wilson_safe_no_profitable_bid|hidden_proxy_late_information_rich|phase_late|role_setter|seat_pos_0|sequence_lead,phase_late|role_setter|seat_pos_0|sequence_lead,phase_late_trick_5_6|position_lead|role_defender|role_right_setter|role_setter|seat_first_lead,,oracle/distribution columns are offline labels; role/order and proxy labels are public/action-local; eval_only_labels are never asserted as runtime features
w42.partnership_failure_atlas.v2,e93cbbcfb8a94ce7e2879e4a,corpus_v2_train_70-79_d0-9.pt:18:11,5-0,corpus_v2_train_70-79_d0-9.pt,71,18,11,doubles-suit,30,0,bidder,bidder,offense,2,3,last,middle,5,false,false,defense,5,false,false,false,false,-21.343399047851562,3.8489818572998047,0.0,0.5799999833106995,18,available:derived-from-role-and-bid-using-retained-w42-semantics,P(Q>=threshold_q); threshold_q is role-and-bid-dependent,-18,P(Q<=-18),false,false,0.029999999329447746,5,0,5,1,0,0,phase_middle|role_bidder|seat_pos_3|sequence_closure,false,false,false,phase_middle|role_bidder|seat_pos_3|sequence_closure,available:phase4-positive-and-negative-detector-sets,false,proxy-only:is-best-threshold-not-actual-gus-output,,unavailable:no-positional-cross-corpus-match,5,-21.5299415588,-17.4944171906,4.03552436829,2.41421508789,1,2-0,0.0,true,,unavailable:policy-not-fingerprinted-in-retained-action-tables,,unjoinable:no-shared-champion-action-state-fingerprint,available:exact-action-key,available:exact-action-key,available:exact-action-key,available:exact-action-key,available:exact-action-key,partial:q-outcome-summaries-without-worlds-weights-or-calibration,,unavailable:not-present-in-retained-action-tables,,unavailable:not-retained-with-compatible-action-rows,,unavailable:not-retained-with-compatible-action-rows,,unavailable:not-retained-with-compatible-action-rows,,unavailable:not-retained-with-compatible-action-rows,,unavailable:not-retained-with-compatible-action-rows,,,,unjoinable:gus-corpus-state-namespace,available:public-role-seat-order-and-phase,closure_decline_trick|closure_sequence_decision|closure_slough_count|follower_count_into_opponent_control|follower_opponent_currently_winning|phase_middle|role_bidder|seat_pos_3|sequence_last_to_act,,proxy-only:public-role-and-action-local-labels,,unavailable:not-present-in-retained-action-tables,,unavailable:not-present-in-retained-action-tables,available:actual-action-indicator-without-policy-probability,,unavailable:not-present-in-retained-action-tables,,unavailable:not-present-in-retained-action-tables,,,,unavailable:no-cross-decision-plan-state-or-intervention,proxy-only:fixed-threshold-and-tail-rankings-without-transform-consumer-or-context,,fixed-bid30:declaration-and-risk-proxies-only; no auction choices/history,,unavailable:not-present-in-retained-action-tables,,,unavailable:not-present-in-retained-action-tables,dnt_regime_doubles-suit,,hidden_proxy_closure_information|hidden_proxy_count_pressure|hidden_proxy_opponent_controls_trick,closure_decline_trick|closure_sequence_decision|closure_slough_count|dnt_regime_doubles-suit|follower_count_into_opponent_control|follower_opponent_currently_winning|hidden_proxy_closure_information|hidden_proxy_count_pressure|hidden_proxy_opponent_controls_trick|phase_middle|role_bidder|seat_pos_3|sequence_last_to_act,closure_decline_trick|closure_sequence_decision|closure_slough_count|follower_count_into_opponent_control|follower_opponent_currently_winning|phase_middle|role_bidder|seat_pos_3|sequence_last_to_act,closure_decision|closure_decline_or_slough|closure_slough_count|phase_middle_trick_2_4|position_follow|position_last_to_act|role_bidder|seat_fourth_closure,,oracle/distribution columns are offline labels; role/order and proxy labels are public/action-local; eval_only_labels are never asserted as runtime features
w42.partnership_failure_atlas.v2,ea075d2bbe388aed4926ed16,corpus_v2_train_60-69_d0-9.pt:82:11,4-2,corpus_v2_train_60-69_d0-9.pt,68,82,11,twos,30,0,bidder,bidder,offense,2,3,last,middle,0,true,false,defense,10,true,true,false,false,14.735828399658203,0.07738971710205078,0.5199999809265137,0.009999999776482582,18,available:derived-from-role-and-bid-using-retained-w42-semantics,P(Q>=threshold_q); threshold_q is role-and-bid-dependent,-18,P(Q<=-18),true,true,0.0,5,2,3,2,1,2,phase_middle|role_bidder|seat_pos_3|sequence_closure,false,false,false,phase_middle|role_bidder|seat_pos_3|sequence_closure,available:phase4-positive-and-negative-detector-sets,true,proxy-only:is-best-threshold-not-actual-gus-output,,unavailable:no-positional-cross-corpus-match,5,-23.1062164307,14.8132181168,37.9194345474,0.0773897171021,1,5-2,0.0,true,,unavailable:policy-not-fingerprinted-in-retained-action-tables,,unjoinable:no-shared-champion-action-state-fingerprint,available:exact-action-key,available:exact-action-key,available:exact-action-key,available:exact-action-key,available:exact-action-key,partial:q-outcome-summaries-without-worlds-weights-or-calibration,,unavailable:not-present-in-retained-action-tables,,unavailable:not-retained-with-compatible-action-rows,,unavailable:not-retained-with-compatible-action-rows,,unavailable:not-retained-with-compatible-action-rows,,unavailable:not-retained-with-compatible-action-rows,,unavailable:not-retained-with-compatible-action-rows,,,,unjoinable:gus-corpus-state-namespace,available:public-role-seat-order-and-phase,closure_sequence_decision|closure_take_trick|follower_can_beat_opponent|follower_opponent_currently_winning|follower_take_control_from_opponent|phase_middle|role_bidder|seat_pos_3|sequence_last_to_act,,proxy-only:public-role-and-action-local-labels,,unavailable:not-present-in-retained-action-tables,,unavailable:not-present-in-retained-action-tables,available:actual-action-indicator-without-policy-probability,,unavailable:not-present-in-retained-action-tables,,unavailable:not-present-in-retained-action-tables,,,,unavailable:no-cross-decision-plan-state-or-intervention,proxy-only:fixed-threshold-and-tail-rankings-without-transform-consumer-or-context,,fixed-bid30:declaration-and-risk-proxies-only; no auction choices/history,,unavailable:not-present-in-retained-action-tables,,,unavailable:not-present-in-retained-action-tables,,,hidden_proxy_closure_information|hidden_proxy_control_shift_available|hidden_proxy_opponent_controls_trick,closure_sequence_decision|closure_take_trick|follower_can_beat_opponent|follower_opponent_currently_winning|follower_take_control_from_opponent|hidden_proxy_closure_information|hidden_proxy_control_shift_available|hidden_proxy_opponent_controls_trick|phase_middle|role_bidder|seat_pos_3|sequence_last_to_act,closure_sequence_decision|closure_take_trick|follower_can_beat_opponent|follower_opponent_currently_winning|follower_take_control_from_opponent|phase_middle|role_bidder|seat_pos_3|sequence_last_to_act,closure_decision|closure_take_trick|phase_middle_trick_2_4|position_follow|position_last_to_act|role_bidder|seat_fourth_closure,,oracle/distribution columns are offline labels; role/order and proxy labels are public/action-local; eval_only_labels are never asserted as runtime features
w42.partnership_failure_atlas.v2,eb5aa8c3fb8ca95512012183,corpus_v2_train_80-89_d0-9.pt:22:5,4-1,corpus_v2_train_80-89_d0-9.pt,82,22,5,twos,30,0,bidder,bidder,offense,1,1,second,early,5,false,false,defense,5,false,false,false,false,18.962472915649414,16.13484764099121,0.5550000071525574,0.08500000089406967,18,available:derived-from-role-and-bid-using-retained-w42-semantics,P(Q>=threshold_q); threshold_q is role-and-bid-dependent,-18,P(Q<=-18),false,false,0.32999998331069946,6,2,4,1,2,2,phase_early|role_bidder|seat_pos_1|sequence_follow,false,false,false,phase_early|role_bidder|seat_pos_1|sequence_follow,available:phase4-positive-and-negative-detector-sets,false,proxy-only:is-best-threshold-not-actual-gus-output,,unavailable:no-positional-cross-corpus-match,6,17.5606098175,35.0973205566,17.5367107391,0.0730972290039,1,4-2,0.07309722900390625,false,,unavailable:policy-not-fingerprinted-in-retained-action-tables,,unjoinable:no-shared-champion-action-state-fingerprint,available:exact-action-key,available:exact-action-key,available:exact-action-key,available:exact-action-key,available:exact-action-key,partial:q-outcome-summaries-without-worlds-weights-or-calibration,,unavailable:not-present-in-retained-action-tables,,unavailable:not-retained-with-compatible-action-rows,,unavailable:not-retained-with-compatible-action-rows,,unavailable:not-retained-with-compatible-action-rows,,unavailable:not-retained-with-compatible-action-rows,,unavailable:not-retained-with-compatible-action-rows,,,,unjoinable:gus-corpus-state-namespace,available:public-role-seat-order-and-phase,follower_count_into_opponent_control|follower_opponent_currently_winning|phase_early|role_bidder|seat_pos_1|sequence_follow,,proxy-only:public-role-and-action-local-labels,,unavailable:not-present-in-retained-action-tables,,unavailable:not-present-in-retained-action-tables,available:actual-action-indicator-without-policy-probability,,unavailable:not-present-in-retained-action-tables,,unavailable:not-present-in-retained-action-tables,,,,unavailable:no-cross-decision-plan-state-or-intervention,proxy-only:fixed-threshold-and-tail-rankings-without-transform-consumer-or-context,,fixed-bid30:declaration-and-risk-proxies-only; no auction choices/history,,unavailable:not-present-in-retained-action-tables,,,unavailable:not-present-in-retained-action-tables,,,hidden_proxy_count_pressure|hidden_proxy_early_high_uncertainty|hidden_proxy_opponent_controls_trick,follower_count_into_opponent_control|follower_opponent_currently_winning|hidden_proxy_count_pressure|hidden_proxy_early_high_uncertainty|hidden_proxy_opponent_controls_trick|phase_early|role_bidder|seat_pos_1|sequence_follow,follower_count_into_opponent_control|follower_opponent_currently_winning|phase_early|role_bidder|seat_pos_1|sequence_follow,phase_early_trick_0_1|position_follow|role_bidder|seat_second_follow,,oracle/distribution columns are offline labels; role/order and proxy labels are public/action-local; eval_only_labels are never asserted as runtime features
w42.partnership_failure_atlas.v2,ed64853da7e771b989d98821,corpus_v2_train_40-49_d0-9.pt:56:8,6-3,corpus_v2_train_40-49_d0-9.pt,45,56,8,sixes,30,0,bidder,bidder,offense,2,0,lead,middle,0,true,false,,0,false,true,false,false,-20.325593948364258,1.8543033599853516,0.14499999582767487,0.6499999761581421,18,available:derived-from-role-and-bid-using-retained-w42-semantics,P(Q>=threshold_q); threshold_q is role-and-bid-dependent,-18,P(Q<=-18),false,false,0.02000001072883606,5,1,4,0,0,0,ch03_bidder_lead_plan|ch03_bidder_lead_trump_or_called|ch03_called_non_double|ch03_last_visible_trump_spent_before_off_proxy|phase_middle|role_bidder|seat_pos_0|sequence_lead,false,true,false,ch03_bidder_lead_plan|ch03_bidder_lead_trump_or_called|ch03_called_non_double|ch03_last_visible_trump_spent_before_off_proxy|phase_middle|role_bidder|seat_pos_0|sequence_lead,available:phase4-positive-and-negative-detector-sets,false,proxy-only:is-best-threshold-not-actual-gus-output,,unavailable:no-positional-cross-corpus-match,5,-22.1723804474,-18.4712905884,3.70108985901,0.0903549194336,1,5-1,0.0,true,,unavailable:policy-not-fingerprinted-in-retained-action-tables,,unjoinable:no-shared-champion-action-state-fingerprint,available:exact-action-key,available:exact-action-key,available:exact-action-key,available:exact-action-key,available:exact-action-key,partial:q-outcome-summaries-without-worlds-weights-or-calibration,,unavailable:not-present-in-retained-action-tables,,unavailable:not-retained-with-compatible-action-rows,,unavailable:not-retained-with-compatible-action-rows,,unavailable:not-retained-with-compatible-action-rows,,unavailable:not-retained-with-compatible-action-rows,,unavailable:not-retained-with-compatible-action-rows,,,,unjoinable:gus-corpus-state-namespace,available:public-role-seat-order-and-phase,phase_middle|role_bidder|seat_pos_0|sequence_lead,,proxy-only:public-role-and-action-local-labels,,unavailable:not-present-in-retained-action-tables,,unavailable:not-present-in-retained-action-tables,available:actual-action-indicator-without-policy-probability,,unavailable:not-present-in-retained-action-tables,,unavailable:not-present-in-retained-action-tables,bidder_lead_plan|ch03_bidder_lead_plan,,,unavailable:no-cross-decision-plan-state-or-intervention,proxy-only:fixed-threshold-and-tail-rankings-without-transform-consumer-or-context,,fixed-bid30:declaration-and-risk-proxies-only; no auction choices/history,,unavailable:not-present-in-retained-action-tables,,,unavailable:not-present-in-retained-action-tables,,,,bidder_lead_called_non_double|bidder_lead_called_suit|bidder_lead_noncount|bidder_lead_plan|phase_middle|role_bidder|seat_pos_0|sequence_lead,bidder_lead_called_non_double|bidder_lead_called_suit|bidder_lead_noncount|bidder_lead_plan|phase_middle|role_bidder|seat_pos_0|sequence_lead,phase_middle_trick_2_4|position_lead|role_bidder|seat_first_lead,,oracle/distribution columns are offline labels; role/order and proxy labels are public/action-local; eval_only_labels are never asserted as runtime features
w42.partnership_failure_atlas.v2,ef4edcb7da8d84755254c425,corpus_v2_train_80-89_d0-9.pt:41:12,2-0,corpus_v2_train_80-89_d0-9.pt,84,41,12,ones,30,0,bidder,bidder,offense,3,0,lead,middle,0,false,false,,0,false,true,false,false,0.513907790184021,1.3906692266464233,0.1899999976158142,0.13500000536441803,18,available:derived-from-role-and-bid-using-retained-w42-semantics,P(Q>=threshold_q); threshold_q is role-and-bid-dependent,-18,P(Q<=-18),true,true,0.0,4,0,4,1,0,0,ch03_bidder_lead_off_suit|ch03_bidder_lead_plan|phase_middle|role_bidder|seat_pos_0|sequence_lead,false,false,true,ch03_bidder_lead_off_suit|ch03_bidder_lead_plan|phase_middle|role_bidder|seat_pos_0|sequence_lead,available:phase4-positive-and-negative-detector-sets,true,proxy-only:is-best-threshold-not-actual-gus-output,,unavailable:no-positional-cross-corpus-match,4,-0.479095757008,1.90457701683,2.38367277384,1.39066922665,1,4-3,0.0,true,,unavailable:policy-not-fingerprinted-in-retained-action-tables,,unjoinable:no-shared-champion-action-state-fingerprint,available:exact-action-key,available:exact-action-key,available:exact-action-key,available:exact-action-key,available:exact-action-key,partial:q-outcome-summaries-without-worlds-weights-or-calibration,,unavailable:not-present-in-retained-action-tables,,unavailable:not-retained-with-compatible-action-rows,,unavailable:not-retained-with-compatible-action-rows,,unavailable:not-retained-with-compatible-action-rows,,unavailable:not-retained-with-compatible-action-rows,,unavailable:not-retained-with-compatible-action-rows,,,,unjoinable:gus-corpus-state-namespace,available:public-role-seat-order-and-phase,phase_middle|role_bidder|seat_pos_0|sequence_lead,,proxy-only:public-role-and-action-local-labels,,unavailable:not-present-in-retained-action-tables,,unavailable:not-present-in-retained-action-tables,available:actual-action-indicator-without-policy-probability,,unavailable:not-present-in-retained-action-tables,,unavailable:not-present-in-retained-action-tables,bidder_lead_plan|ch03_bidder_lead_plan,,,unavailable:no-cross-decision-plan-state-or-intervention,proxy-only:fixed-threshold-and-tail-rankings-without-transform-consumer-or-context,,fixed-bid30:declaration-and-risk-proxies-only; no auction choices/history,,unavailable:not-present-in-retained-action-tables,,,unavailable:not-present-in-retained-action-tables,,,,bidder_lead_noncount|bidder_lead_off_suit|bidder_lead_plan|phase_middle|role_bidder|seat_pos_0|sequence_lead,bidder_lead_noncount|bidder_lead_off_suit|bidder_lead_plan|phase_middle|role_bidder|seat_pos_0|sequence_lead,phase_middle_trick_2_4|position_lead|role_bidder|seat_first_lead,,oracle/distribution columns are offline labels; role/order and proxy labels are public/action-local; eval_only_labels are never asserted as runtime features
w42.partnership_failure_atlas.v2,f0383043ea98ab86014b823c,corpus_v2_train_60-69_d0-9.pt:11:27,3-2,corpus_v2_train_60-69_d0-9.pt,61,11,27,ones,30,1,left_setter,setter,defense,6,3,last,late,5,false,false,offense,0,false,false,true,true,-11.580048561096191,0.0,1.0,0.0,-17,available:derived-from-role-and-bid-using-retained-w42-semantics,P(Q>=threshold_q); threshold_q is role-and-bid-dependent,-18,P(Q<=-18),true,true,0.0,1,0,1,1,0,0,ch05_reckless_count_to_bidder_control|ch05_setter_pressure_regime|phase_late|role_setter|seat_pos_3|sequence_closure,true,true,false,ch05_reckless_count_to_bidder_control|ch05_setter_pressure_regime|phase_late|role_setter|seat_pos_3|sequence_closure,available:phase4-positive-and-negative-detector-sets,true,proxy-only:is-best-threshold-not-actual-gus-output,,unavailable:no-positional-cross-corpus-match,1,-11.5800485611,-11.5800485611,0,0,1,3-2,0.0,true,,unavailable:policy-not-fingerprinted-in-retained-action-tables,,unjoinable:no-shared-champion-action-state-fingerprint,available:exact-action-key,available:exact-action-key,available:exact-action-key,available:exact-action-key,available:exact-action-key,partial:q-outcome-summaries-without-worlds-weights-or-calibration,,unavailable:not-present-in-retained-action-tables,,unavailable:not-retained-with-compatible-action-rows,,unavailable:not-retained-with-compatible-action-rows,,unavailable:not-retained-with-compatible-action-rows,,unavailable:not-retained-with-compatible-action-rows,,unavailable:not-retained-with-compatible-action-rows,,,,unjoinable:gus-corpus-state-namespace,available:public-role-seat-order-and-phase,closure_decline_trick|closure_sequence_decision|closure_slough_count|follower_count_into_opponent_control|follower_opponent_currently_winning|phase_late|role_setter|seat_pos_3|sequence_last_to_act|setter_pounce_sequence_window|setter_reckless_count_to_bidder,,proxy-only:public-role-and-action-local-labels,,unavailable:not-present-in-retained-action-tables,,unavailable:not-present-in-retained-action-tables,available:actual-action-indicator-without-policy-probability,,unavailable:not-present-in-retained-action-tables,,unavailable:not-present-in-retained-action-tables,,,,unavailable:no-cross-decision-plan-state-or-intervention,proxy-only:fixed-threshold-and-tail-rankings-without-transform-consumer-or-context,,fixed-bid30:declaration-and-risk-proxies-only; no auction choices/history,,unavailable:not-present-in-retained-action-tables,,,unavailable:not-present-in-retained-action-tables,,,hidden_proxy_closure_information|hidden_proxy_count_pressure|hidden_proxy_late_information_rich|hidden_proxy_opponent_controls_trick,ch05_reckless_count_to_bidder|closure_decline_trick|closure_sequence_decision|closure_slough_count|follower_count_into_opponent_control|follower_opponent_currently_winning|hidden_proxy_closure_information|hidden_proxy_count_pressure|hidden_proxy_late_information_rich|hidden_proxy_opponent_controls_trick|phase_late|role_setter|seat_pos_3|sequence_last_to_act|setter_pounce_sequence_window|setter_reckless_count_to_bidder,ch05_reckless_count_to_bidder|closure_decline_trick|closure_sequence_decision|closure_slough_count|follower_count_into_opponent_control|follower_opponent_currently_winning|phase_late|role_setter|seat_pos_3|sequence_last_to_act|setter_pounce_sequence_window|setter_reckless_count_to_bidder,ch05_reckless_count_to_bidder|closure_decision|closure_decline_or_slough|closure_slough_count|defensive_pounce_window|defensive_reckless_count_to_bidder|phase_late_trick_5_6|position_follow|position_last_to_act|role_defender|role_left_setter|role_setter|seat_fourth_closure,,oracle/distribution columns are offline labels; role/order and proxy labels are public/action-local; eval_only_labels are never asserted as runtime features
w42.partnership_failure_atlas.v2,f090022444425e3dd4766055,corpus_v2_train_90-99_d0-9.pt:87:21,2-0,corpus_v2_train_90-99_d0-9.pt,98,87,21,doubles,30,0,bidder,bidder,offense,5,1,second,late,0,false,false,defense,5,false,false,false,false,-5.6601152420043945,0.07634210586547852,0.0,0.0,18,available:derived-from-role-and-bid-using-retained-w42-semantics,P(Q>=threshold_q); threshold_q is role-and-bid-dependent,-18,P(Q<=-18),true,true,0.0,2,0,2,0,0,0,phase_late|role_bidder|seat_pos_1|sequence_follow,false,false,false,phase_late|role_bidder|seat_pos_1|sequence_follow,available:phase4-positive-and-negative-detector-sets,true,proxy-only:is-best-threshold-not-actual-gus-output,,unavailable:no-positional-cross-corpus-match,2,-5.660115242,-5.58377313614,0.0763421058655,0.0763421058655,1,3-1,0.0,true,,unavailable:policy-not-fingerprinted-in-retained-action-tables,,unjoinable:no-shared-champion-action-state-fingerprint,available:exact-action-key,available:exact-action-key,available:exact-action-key,available:exact-action-key,available:exact-action-key,partial:q-outcome-summaries-without-worlds-weights-or-calibration,,unavailable:not-present-in-retained-action-tables,,unavailable:not-retained-with-compatible-action-rows,,unavailable:not-retained-with-compatible-action-rows,,unavailable:not-retained-with-compatible-action-rows,,unavailable:not-retained-with-compatible-action-rows,,unavailable:not-retained-with-compatible-action-rows,,,,unjoinable:gus-corpus-state-namespace,available:public-role-seat-order-and-phase,follower_opponent_currently_winning|phase_late|role_bidder|seat_pos_1|sequence_follow,,proxy-only:public-role-and-action-local-labels,,unavailable:not-present-in-retained-action-tables,,unavailable:not-present-in-retained-action-tables,available:actual-action-indicator-without-policy-probability,,unavailable:not-present-in-retained-action-tables,,unavailable:not-present-in-retained-action-tables,,,,unavailable:no-cross-decision-plan-state-or-intervention,proxy-only:fixed-threshold-and-tail-rankings-without-transform-consumer-or-context,,fixed-bid30:declaration-and-risk-proxies-only; no auction choices/history,,unavailable:not-present-in-retained-action-tables,,,unavailable:not-present-in-retained-action-tables,dnt_regime_doubles,,hidden_proxy_late_information_rich|hidden_proxy_opponent_controls_trick,dnt_regime_doubles|follower_opponent_currently_winning|hidden_proxy_late_information_rich|hidden_proxy_opponent_controls_trick|phase_late|role_bidder|seat_pos_1|sequence_follow,follower_opponent_currently_winning|phase_late|role_bidder|seat_pos_1|sequence_follow,phase_late_trick_5_6|position_follow|role_bidder|seat_second_follow,,oracle/distribution columns are offline labels; role/order and proxy labels are public/action-local; eval_only_labels are never asserted as runtime features
w42.partnership_failure_atlas.v2,f0a5ccfe6ea0ba17c4ad538a,corpus_v2_train_60-69_d0-9.pt:44:13,4-0,corpus_v2_train_60-69_d0-9.pt,64,44,13,fours,30,1,left_setter,setter,defense,3,1,second,middle,0,true,false,offense,0,true,true,false,false,22.302919387817383,3.984212875366211,1.0,0.0,-17,available:derived-from-role-and-bid-using-retained-w42-semantics,P(Q>=threshold_q); threshold_q is role-and-bid-dependent,-18,P(Q<=-18),true,true,0.0,4,3,1,1,1,3,ch05_noncount_to_bidder_control_alternative|ch05_setter_pressure_regime|phase_middle|role_setter|seat_pos_1|sequence_follow,false,false,true,ch05_noncount_to_bidder_control_alternative|ch05_setter_pressure_regime|phase_middle|role_setter|seat_pos_1|sequence_follow,available:phase4-positive-and-negative-detector-sets,true,proxy-only:is-best-threshold-not-actual-gus-output,,unavailable:no-positional-cross-corpus-match,4,17.0428752899,26.2871322632,9.24425697327,0.0382461547852,1,4-4,0.0,true,,unavailable:policy-not-fingerprinted-in-retained-action-tables,,unjoinable:no-shared-champion-action-state-fingerprint,available:exact-action-key,available:exact-action-key,available:exact-action-key,available:exact-action-key,available:exact-action-key,partial:q-outcome-summaries-without-worlds-weights-or-calibration,,unavailable:not-present-in-retained-action-tables,,unavailable:not-retained-with-compatible-action-rows,,unavailable:not-retained-with-compatible-action-rows,,unavailable:not-retained-with-compatible-action-rows,,unavailable:not-retained-with-compatible-action-rows,,unavailable:not-retained-with-compatible-action-rows,,,,unjoinable:gus-corpus-state-namespace,available:public-role-seat-order-and-phase,follower_can_beat_opponent|follower_opponent_currently_winning|follower_take_control_from_opponent|phase_middle|role_setter|seat_pos_1|sequence_follow|setter_pounce_sequence_window,,proxy-only:public-role-and-action-local-labels,,unavailable:not-present-in-retained-action-tables,,unavailable:not-present-in-retained-action-tables,available:actual-action-indicator-without-policy-probability,,unavailable:not-present-in-retained-action-tables,,unavailable:not-present-in-retained-action-tables,,,,unavailable:no-cross-decision-plan-state-or-intervention,proxy-only:fixed-threshold-and-tail-rankings-without-transform-consumer-or-context,,fixed-bid30:declaration-and-risk-proxies-only; no auction choices/history,,unavailable:not-present-in-retained-action-tables,,,unavailable:not-present-in-retained-action-tables,,,hidden_proxy_control_shift_available|hidden_proxy_opponent_controls_trick,follower_can_beat_opponent|follower_opponent_currently_winning|follower_take_control_from_opponent|hidden_proxy_control_shift_available|hidden_proxy_opponent_controls_trick|phase_middle|role_setter|seat_pos_1|sequence_follow|setter_pounce_sequence_window,follower_can_beat_opponent|follower_opponent_currently_winning|follower_take_control_from_opponent|phase_middle|role_setter|seat_pos_1|sequence_follow|setter_pounce_sequence_window,defensive_pounce_window|phase_middle_trick_2_4|position_follow|role_defender|role_left_setter|role_setter|seat_second_follow,,oracle/distribution columns are offline labels; role/order and proxy labels are public/action-local; eval_only_labels are never asserted as runtime features
w42.partnership_failure_atlas.v2,f111ab8d20b88ef08cb35793,corpus_v2_train_50-59_d0-9.pt:47:11,6-4,corpus_v2_train_50-59_d0-9.pt,54,47,11,doubles,30,1,left_setter,setter,defense,2,3,last,middle,10,false,false,defense,0,false,false,true,true,33.54581069946289,0.0,1.0,0.0,-17,available:derived-from-role-and-bid-using-retained-w42-semantics,P(Q>=threshold_q); threshold_q is role-and-bid-dependent,-18,P(Q<=-18),true,true,0.0,1,0,1,1,0,0,ch05_count_on_closure_defensive_win|ch05_setter_pressure_regime|phase_middle|role_setter|seat_pos_3|sequence_closure,true,false,false,ch05_count_on_closure_defensive_win|ch05_setter_pressure_regime|phase_middle|role_setter|seat_pos_3|sequence_closure,available:phase4-positive-and-negative-detector-sets,true,proxy-only:is-best-threshold-not-actual-gus-output,,unavailable:no-positional-cross-corpus-match,1,33.5458106995,33.5458106995,0,0,1,6-4,0.0,true,,unavailable:policy-not-fingerprinted-in-retained-action-tables,,unjoinable:no-shared-champion-action-state-fingerprint,available:exact-action-key,available:exact-action-key,available:exact-action-key,available:exact-action-key,available:exact-action-key,partial:q-outcome-summaries-without-worlds-weights-or-calibration,,unavailable:not-present-in-retained-action-tables,,unavailable:not-retained-with-compatible-action-rows,,unavailable:not-retained-with-compatible-action-rows,,unavailable:not-retained-with-compatible-action-rows,,unavailable:not-retained-with-compatible-action-rows,,unavailable:not-retained-with-compatible-action-rows,,,,unjoinable:gus-corpus-state-namespace,available:public-role-seat-order-and-phase,closure_decline_trick|closure_sequence_decision|closure_slough_count|follower_partner_or_self_currently_winning|follower_safe_count_to_current_control|phase_middle|role_setter|seat_pos_3|sequence_last_to_act,follower_partner_or_self_currently_winning,proxy-only:public-role-and-action-local-labels,,unavailable:not-present-in-retained-action-tables,,unavailable:not-present-in-retained-action-tables,available:actual-action-indicator-without-policy-probability,,unavailable:not-present-in-retained-action-tables,,unavailable:not-present-in-retained-action-tables,,,,unavailable:no-cross-decision-plan-state-or-intervention,proxy-only:fixed-threshold-and-tail-rankings-without-transform-consumer-or-context,,fixed-bid30:declaration-and-risk-proxies-only; no auction choices/history,,unavailable:not-present-in-retained-action-tables,,,unavailable:not-present-in-retained-action-tables,dnt_regime_doubles,,hidden_proxy_closure_information|hidden_proxy_count_pressure|hidden_proxy_our_side_controls_trick,closure_decline_trick|closure_sequence_decision|closure_slough_count|dnt_regime_doubles|follower_partner_or_self_currently_winning|follower_safe_count_to_current_control|hidden_proxy_closure_information|hidden_proxy_count_pressure|hidden_proxy_our_side_controls_trick|phase_middle|role_setter|seat_pos_3|sequence_last_to_act,closure_decline_trick|closure_sequence_decision|closure_slough_count|follower_partner_or_self_currently_winning|follower_safe_count_to_current_control|phase_middle|role_setter|seat_pos_3|sequence_last_to_act,closure_decision|closure_decline_or_slough|closure_slough_count|phase_middle_trick_2_4|position_follow|position_last_to_act|role_defender|role_left_setter|role_setter|seat_fourth_closure,,oracle/distribution columns are offline labels; role/order and proxy labels are public/action-local; eval_only_labels are never asserted as runtime features
w42.partnership_failure_atlas.v2,f158734673a043a7f908664b,corpus_v2_train_20-29_d0-9.pt:91:3,6-5,corpus_v2_train_20-29_d0-9.pt,29,91,3,ones,30,3,right_setter,setter,defense,0,3,last,early,0,false,false,offense,15,false,false,false,false,-22.811317443847656,3.989086151123047,0.2800000011920929,0.6899999976158142,-17,available:derived-from-role-and-bid-using-retained-w42-semantics,P(Q>=threshold_q); threshold_q is role-and-bid-dependent,-18,P(Q<=-18),false,false,0.13499999046325684,3,0,3,0,0,0,ch05_noncount_to_bidder_control_alternative|ch05_setter_pressure_regime|phase_early|role_setter|seat_pos_3|sequence_closure,false,false,true,ch05_noncount_to_bidder_control_alternative|ch05_setter_pressure_regime|phase_early|role_setter|seat_pos_3|sequence_closure,available:phase4-positive-and-negative-detector-sets,false,proxy-only:is-best-threshold-not-actual-gus-output,,unavailable:no-positional-cross-corpus-match,3,-22.8113174438,-18.8222312927,3.98908615112,2.44668006897,1,5-4,0.0,true,,unavailable:policy-not-fingerprinted-in-retained-action-tables,,unjoinable:no-shared-champion-action-state-fingerprint,available:exact-action-key,available:exact-action-key,available:exact-action-key,available:exact-action-key,available:exact-action-key,partial:q-outcome-summaries-without-worlds-weights-or-calibration,,unavailable:not-present-in-retained-action-tables,,unavailable:not-retained-with-compatible-action-rows,,unavailable:not-retained-with-compatible-action-rows,,unavailable:not-retained-with-compatible-action-rows,,unavailable:not-retained-with-compatible-action-rows,,unavailable:not-retained-with-compatible-action-rows,,,,unjoinable:gus-corpus-state-namespace,available:public-role-seat-order-and-phase,closure_decline_trick|closure_sequence_decision|follower_opponent_currently_winning|phase_early|role_setter|seat_pos_3|sequence_last_to_act|setter_pounce_sequence_window,,proxy-only:public-role-and-action-local-labels,,unavailable:not-present-in-retained-action-tables,,unavailable:not-present-in-retained-action-tables,available:actual-action-indicator-without-policy-probability,,unavailable:not-present-in-retained-action-tables,,unavailable:not-present-in-retained-action-tables,,,,unavailable:no-cross-decision-plan-state-or-intervention,proxy-only:fixed-threshold-and-tail-rankings-without-transform-consumer-or-context,,fixed-bid30:declaration-and-risk-proxies-only; no auction choices/history,,unavailable:not-present-in-retained-action-tables,,,unavailable:not-present-in-retained-action-tables,,,hidden_proxy_closure_information|hidden_proxy_early_high_uncertainty|hidden_proxy_opponent_controls_trick,closure_decline_trick|closure_sequence_decision|follower_opponent_currently_winning|hidden_proxy_closure_information|hidden_proxy_early_high_uncertainty|hidden_proxy_opponent_controls_trick|phase_early|role_setter|seat_pos_3|sequence_last_to_act|setter_pounce_sequence_window,closure_decline_trick|closure_sequence_decision|follower_opponent_currently_winning|phase_early|role_setter|seat_pos_3|sequence_last_to_act|setter_pounce_sequence_window,closure_decision|closure_decline_or_slough|defensive_pounce_window|phase_early_trick_0_1|position_follow|position_last_to_act|role_defender|role_right_setter|role_setter|seat_fourth_closure,,oracle/distribution columns are offline labels; role/order and proxy labels are public/action-local; eval_only_labels are never asserted as runtime features
w42.partnership_failure_atlas.v2,f67bfee5e8e9a479ed3cdff4,corpus_v2_train_30-39_d0-9.pt:70:20,6-4,corpus_v2_train_30-39_d0-9.pt,37,70,20,blanks,30,1,left_setter,setter,defense,5,0,lead,late,10,false,false,,0,false,true,true,false,-14.996630668640137,7.652891635894775,1.0,0.0,-17,available:derived-from-role-and-bid-using-retained-w42-semantics,P(Q>=threshold_q); threshold_q is role-and-bid-dependent,-18,P(Q<=-18),true,true,0.0,2,1,1,1,0,0,ch05_count_calling_or_count_lead|ch05_pounce_take_count_now|ch05_setter_pressure_regime|phase_late|role_setter|seat_pos_0|sequence_lead,false,true,false,ch05_count_calling_or_count_lead|ch05_pounce_take_count_now|ch05_setter_pressure_regime|phase_late|role_setter|seat_pos_0|sequence_lead,available:phase4-positive-and-negative-detector-sets,true,proxy-only:is-best-threshold-not-actual-gus-output,,unavailable:no-positional-cross-corpus-match,2,-14.9966306686,-7.34373903275,7.65289163589,7.65289163589,1,6-4,7.652891635894775,false,,unavailable:policy-not-fingerprinted-in-retained-action-tables,,unjoinable:no-shared-champion-action-state-fingerprint,available:exact-action-key,available:exact-action-key,available:exact-action-key,available:exact-action-key,available:exact-action-key,partial:q-outcome-summaries-without-worlds-weights-or-calibration,,unavailable:not-present-in-retained-action-tables,,unavailable:not-retained-with-compatible-action-rows,,unavailable:not-retained-with-compatible-action-rows,,unavailable:not-retained-with-compatible-action-rows,,unavailable:not-retained-with-compatible-action-rows,,unavailable:not-retained-with-compatible-action-rows,,,,unjoinable:gus-corpus-state-namespace,available:public-role-seat-order-and-phase,phase_late|role_setter|seat_pos_0|sequence_lead,,proxy-only:public-role-and-action-local-labels,,unavailable:not-present-in-retained-action-tables,,unavailable:not-present-in-retained-action-tables,available:actual-action-indicator-without-policy-probability,,unavailable:not-present-in-retained-action-tables,,unavailable:not-present-in-retained-action-tables,,,,unavailable:no-cross-decision-plan-state-or-intervention,proxy-only:fixed-threshold-and-tail-rankings-without-transform-consumer-or-context,,fixed-bid30:declaration-and-risk-proxies-only; no auction choices/history,,unavailable:not-present-in-retained-action-tables,,,unavailable:not-present-in-retained-action-tables,,,hidden_proxy_count_pressure|hidden_proxy_late_information_rich,hidden_proxy_count_pressure|hidden_proxy_late_information_rich|phase_late|role_setter|seat_pos_0|sequence_lead,phase_late|role_setter|seat_pos_0|sequence_lead,phase_late_trick_5_6|position_lead|role_defender|role_left_setter|role_setter|seat_first_lead,,oracle/distribution columns are offline labels; role/order and proxy labels are public/action-local; eval_only_labels are never asserted as runtime features
w42.partnership_failure_atlas.v2,f67f00901b31382eb453fa8e,corpus_v2_train_30-39_d0-9.pt:9:12,6-3,corpus_v2_train_30-39_d0-9.pt,30,9,12,no-trump,30,3,right_setter,setter,defense,3,0,lead,middle,0,false,false,,0,false,true,false,false,5.423832416534424,4.413479328155518,0.8050000071525574,0.19499999284744263,-17,available:derived-from-role-and-bid-using-retained-w42-semantics,P(Q>=threshold_q); threshold_q is role-and-bid-dependent,-18,P(Q<=-18),false,false,0.07499998807907104,4,0,4,1,1,0,ch05_generic_non_count_calling_lead|ch05_non_count_calling_lead|ch05_setter_pressure_regime|phase_middle|role_setter|seat_pos_0|sequence_lead,false,false,true,ch05_generic_non_count_calling_lead|ch05_non_count_calling_lead|ch05_setter_pressure_regime|phase_middle|role_setter|seat_pos_0|sequence_lead,available:phase4-positive-and-negative-detector-sets,false,proxy-only:is-best-threshold-not-actual-gus-output,,unavailable:no-positional-cross-corpus-match,4,-0.280009180307,9.83731174469,10.117320925,4.41347932816,1,3-3,0.0,true,,unavailable:policy-not-fingerprinted-in-retained-action-tables,,unjoinable:no-shared-champion-action-state-fingerprint,available:exact-action-key,available:exact-action-key,available:exact-action-key,available:exact-action-key,available:exact-action-key,partial:q-outcome-summaries-without-worlds-weights-or-calibration,,unavailable:not-present-in-retained-action-tables,,unavailable:not-retained-with-compatible-action-rows,,unavailable:not-retained-with-compatible-action-rows,,unavailable:not-retained-with-compatible-action-rows,,unavailable:not-retained-with-compatible-action-rows,,unavailable:not-retained-with-compatible-action-rows,,,,unjoinable:gus-corpus-state-namespace,available:public-role-seat-order-and-phase,phase_middle|role_setter|seat_pos_0|sequence_lead,,proxy-only:public-role-and-action-local-labels,,unavailable:not-present-in-retained-action-tables,,unavailable:not-present-in-retained-action-tables,available:actual-action-indicator-without-policy-probability,,unavailable:not-present-in-retained-action-tables,,unavailable:not-present-in-retained-action-tables,,,,unavailable:no-cross-decision-plan-state-or-intervention,proxy-only:fixed-threshold-and-tail-rankings-without-transform-consumer-or-context,,fixed-bid30:declaration-and-risk-proxies-only; no auction choices/history,,unavailable:not-present-in-retained-action-tables,,,unavailable:not-present-in-retained-action-tables,dnt_regime_no_trump,,,dnt_regime_no_trump|phase_middle|role_setter|seat_pos_0|sequence_lead,phase_middle|role_setter|seat_pos_0|sequence_lead,phase_middle_trick_2_4|position_lead|role_defender|role_right_setter|role_setter|seat_first_lead,,oracle/distribution columns are offline labels; role/order and proxy labels are public/action-local; eval_only_labels are never asserted as runtime features
w42.partnership_failure_atlas.v2,f6e8b3c943e68f11698ff396,corpus_v2_train_0-9_d0-9.pt:92:10,6-6,corpus_v2_train_0-9_d0-9.pt,9,92,10,twos,30,2,bidder_partner,partner,offense,2,2,third,middle,0,false,true,offense,10,false,false,false,false,9.902860641479492,0.28434181213378906,0.5099999904632568,0.25999999046325684,18,available:derived-from-role-and-bid-using-retained-w42-semantics,P(Q>=threshold_q); threshold_q is role-and-bid-dependent,-18,P(Q<=-18),false,false,0.009999990463256836,5,0,5,0,3,0,ch04_partner_noncount_before_closure_alternative|ch04_partner_support_regime|phase_middle|role_partner|seat_pos_2|sequence_follow,false,false,true,ch04_partner_noncount_before_closure_alternative|ch04_partner_support_regime|phase_middle|role_partner|seat_pos_2|sequence_follow,available:phase4-positive-and-negative-detector-sets,false,proxy-only:is-best-threshold-not-actual-gus-output,,unavailable:no-positional-cross-corpus-match,5,6.58314752579,10.1872024536,3.60405492783,0.269155502319,1,0-0,0.0,true,,unavailable:policy-not-fingerprinted-in-retained-action-tables,,unjoinable:no-shared-champion-action-state-fingerprint,available:exact-action-key,available:exact-action-key,available:exact-action-key,available:exact-action-key,available:exact-action-key,partial:q-outcome-summaries-without-worlds-weights-or-calibration,,unavailable:not-present-in-retained-action-tables,,unavailable:not-retained-with-compatible-action-rows,,unavailable:not-retained-with-compatible-action-rows,,unavailable:not-retained-with-compatible-action-rows,,unavailable:not-retained-with-compatible-action-rows,,unavailable:not-retained-with-compatible-action-rows,,,,unjoinable:gus-corpus-state-namespace,available:public-role-seat-order-and-phase,follower_partner_or_self_currently_winning|phase_middle|role_partner|seat_pos_2|sequence_follow,ch04_partner_noncount_before_closure_alternative|ch04_partner_support_regime|follower_partner_or_self_currently_winning|partner_support_sequence_context,proxy-only:public-role-and-action-local-labels,,unavailable:not-present-in-retained-action-tables,,unavailable:not-present-in-retained-action-tables,available:actual-action-indicator-without-policy-probability,,unavailable:not-present-in-retained-action-tables,,unavailable:not-present-in-retained-action-tables,,,,unavailable:no-cross-decision-plan-state-or-intervention,proxy-only:fixed-threshold-and-tail-rankings-without-transform-consumer-or-context,,fixed-bid30:declaration-and-risk-proxies-only; no auction choices/history,,unavailable:not-present-in-retained-action-tables,,,unavailable:not-present-in-retained-action-tables,,,hidden_proxy_our_side_controls_trick,follower_partner_or_self_currently_winning|hidden_proxy_our_side_controls_trick|partner_support_sequence_context|phase_middle|role_partner|seat_pos_2|sequence_follow,follower_partner_or_self_currently_winning|partner_support_sequence_context|phase_middle|role_partner|seat_pos_2|sequence_follow,partner_support_context|phase_middle_trick_2_4|position_follow|role_partner|seat_third_follow,,oracle/distribution columns are offline labels; role/order and proxy labels are public/action-local; eval_only_labels are never asserted as runtime features
w42.partnership_failure_atlas.v2,f71f5742b7c6201055f79515,corpus_v2_train_60-69_d0-9.pt:68:8,4-2,corpus_v2_train_60-69_d0-9.pt,66,68,8,doubles-suit,30,1,left_setter,setter,defense,2,0,lead,middle,0,false,false,,0,false,true,false,true,-11.130152702331543,0.0,0.5299999713897705,0.45500001311302185,-17,available:derived-from-role-and-bid-using-retained-w42-semantics,P(Q>=threshold_q); threshold_q is role-and-bid-dependent,-18,P(Q<=-18),false,false,0.025000035762786865,5,0,5,1,0,0,ch05_generic_non_count_calling_lead|ch05_non_count_calling_lead|ch05_setter_pressure_regime|phase_middle|role_setter|seat_pos_0|sequence_lead,true,false,true,ch05_generic_non_count_calling_lead|ch05_non_count_calling_lead|ch05_setter_pressure_regime|phase_middle|role_setter|seat_pos_0|sequence_lead,available:phase4-positive-and-negative-detector-sets,false,proxy-only:is-best-threshold-not-actual-gus-output,,unavailable:no-positional-cross-corpus-match,5,-17.0787239075,-11.1301527023,5.94857120514,0.808615684509,1,1-0,0.8086156845092773,false,,unavailable:policy-not-fingerprinted-in-retained-action-tables,,unjoinable:no-shared-champion-action-state-fingerprint,available:exact-action-key,available:exact-action-key,available:exact-action-key,available:exact-action-key,available:exact-action-key,partial:q-outcome-summaries-without-worlds-weights-or-calibration,,unavailable:not-present-in-retained-action-tables,,unavailable:not-retained-with-compatible-action-rows,,unavailable:not-retained-with-compatible-action-rows,,unavailable:not-retained-with-compatible-action-rows,,unavailable:not-retained-with-compatible-action-rows,,unavailable:not-retained-with-compatible-action-rows,,,,unjoinable:gus-corpus-state-namespace,available:public-role-seat-order-and-phase,phase_middle|role_setter|seat_pos_0|sequence_lead,,proxy-only:public-role-and-action-local-labels,,unavailable:not-present-in-retained-action-tables,,unavailable:not-present-in-retained-action-tables,available:actual-action-indicator-without-policy-probability,,unavailable:not-present-in-retained-action-tables,,unavailable:not-present-in-retained-action-tables,,,,unavailable:no-cross-decision-plan-state-or-intervention,proxy-only:fixed-threshold-and-tail-rankings-without-transform-consumer-or-context,,fixed-bid30:declaration-and-risk-proxies-only; no auction choices/history,,unavailable:not-present-in-retained-action-tables,,,unavailable:not-present-in-retained-action-tables,dnt_regime_doubles-suit,,,dnt_regime_doubles-suit|phase_middle|role_setter|seat_pos_0|sequence_lead,phase_middle|role_setter|seat_pos_0|sequence_lead,phase_middle_trick_2_4|position_lead|role_defender|role_left_setter|role_setter|seat_first_lead,,oracle/distribution columns are offline labels; role/order and proxy labels are public/action-local; eval_only_labels are never asserted as runtime features
w42.partnership_failure_atlas.v2,f7c097bf479329ca65b08e2b,corpus_v2_train_90-99_d0-9.pt:55:12,6-3,corpus_v2_train_90-99_d0-9.pt,95,55,12,fives,30,3,right_setter,setter,defense,3,0,lead,middle,0,false,false,,0,false,true,true,true,12.256844520568848,0.0,1.0,0.0,-17,available:derived-from-role-and-bid-using-retained-w42-semantics,P(Q>=threshold_q); threshold_q is role-and-bid-dependent,-18,P(Q<=-18),true,true,0.0,4,1,3,1,0,0,ch05_generic_non_count_calling_lead|ch05_non_count_calling_lead|ch05_setter_pressure_regime|phase_middle|role_setter|seat_pos_0|sequence_lead,true,false,true,ch05_generic_non_count_calling_lead|ch05_non_count_calling_lead|ch05_setter_pressure_regime|phase_middle|role_setter|seat_pos_0|sequence_lead,available:phase4-positive-and-negative-detector-sets,true,proxy-only:is-best-threshold-not-actual-gus-output,,unavailable:no-positional-cross-corpus-match,4,8.67468547821,12.2568445206,3.58215904236,0.233684539795,1,6-3,0.0,true,,unavailable:policy-not-fingerprinted-in-retained-action-tables,,unjoinable:no-shared-champion-action-state-fingerprint,available:exact-action-key,available:exact-action-key,available:exact-action-key,available:exact-action-key,available:exact-action-key,partial:q-outcome-summaries-without-worlds-weights-or-calibration,,unavailable:not-present-in-retained-action-tables,,unavailable:not-retained-with-compatible-action-rows,,unavailable:not-retained-with-compatible-action-rows,,unavailable:not-retained-with-compatible-action-rows,,unavailable:not-retained-with-compatible-action-rows,,unavailable:not-retained-with-compatible-action-rows,,,,unjoinable:gus-corpus-state-namespace,available:public-role-seat-order-and-phase,phase_middle|role_setter|seat_pos_0|sequence_lead,,proxy-only:public-role-and-action-local-labels,,unavailable:not-present-in-retained-action-tables,,unavailable:not-present-in-retained-action-tables,available:actual-action-indicator-without-policy-probability,,unavailable:not-present-in-retained-action-tables,,unavailable:not-present-in-retained-action-tables,,,,unavailable:no-cross-decision-plan-state-or-intervention,proxy-only:fixed-threshold-and-tail-rankings-without-transform-consumer-or-context,,fixed-bid30:declaration-and-risk-proxies-only; no auction choices/history,,unavailable:not-present-in-retained-action-tables,,,unavailable:not-present-in-retained-action-tables,,,,phase_middle|role_setter|seat_pos_0|sequence_lead,phase_middle|role_setter|seat_pos_0|sequence_lead,phase_middle_trick_2_4|position_lead|role_defender|role_right_setter|role_setter|seat_first_lead,,oracle/distribution columns are offline labels; role/order and proxy labels are public/action-local; eval_only_labels are never asserted as runtime features
w42.partnership_failure_atlas.v2,f845cfc671f1149d9922eebc,corpus_v2_train_10-19_d0-9.pt:12:3,5-3,corpus_v2_train_10-19_d0-9.pt,11,12,3,twos,30,3,right_setter,setter,defense,0,3,last,early,0,false,false,offense,0,false,false,true,true,-14.082942008972168,0.0,0.5099999904632568,0.47999998927116394,-17,available:derived-from-role-and-bid-using-retained-w42-semantics,P(Q>=threshold_q); threshold_q is role-and-bid-dependent,-18,P(Q<=-18),true,true,0.0,2,0,2,0,0,0,ch05_noncount_to_bidder_control_alternative|ch05_setter_pressure_regime|phase_early|role_setter|seat_pos_3|sequence_closure,true,false,true,ch05_noncount_to_bidder_control_alternative|ch05_setter_pressure_regime|phase_early|role_setter|seat_pos_3|sequence_closure,available:phase4-positive-and-negative-detector-sets,true,proxy-only:is-best-threshold-not-actual-gus-output,,unavailable:no-positional-cross-corpus-match,2,-15.8919363022,-14.082942009,1.80899429321,1.80899429321,1,5-3,0.0,true,,unavailable:policy-not-fingerprinted-in-retained-action-tables,,unjoinable:no-shared-champion-action-state-fingerprint,available:exact-action-key,available:exact-action-key,available:exact-action-key,available:exact-action-key,available:exact-action-key,partial:q-outcome-summaries-without-worlds-weights-or-calibration,,unavailable:not-present-in-retained-action-tables,,unavailable:not-retained-with-compatible-action-rows,,unavailable:not-retained-with-compatible-action-rows,,unavailable:not-retained-with-compatible-action-rows,,unavailable:not-retained-with-compatible-action-rows,,unavailable:not-retained-with-compatible-action-rows,,,,unjoinable:gus-corpus-state-namespace,available:public-role-seat-order-and-phase,closure_decline_trick|closure_sequence_decision|follower_opponent_currently_winning|phase_early|role_setter|seat_pos_3|sequence_last_to_act|setter_pounce_sequence_window,,proxy-only:public-role-and-action-local-labels,,unavailable:not-present-in-retained-action-tables,,unavailable:not-present-in-retained-action-tables,available:actual-action-indicator-without-policy-probability,,unavailable:not-present-in-retained-action-tables,,unavailable:not-present-in-retained-action-tables,,,,unavailable:no-cross-decision-plan-state-or-intervention,proxy-only:fixed-threshold-and-tail-rankings-without-transform-consumer-or-context,,fixed-bid30:declaration-and-risk-proxies-only; no auction choices/history,,unavailable:not-present-in-retained-action-tables,,,unavailable:not-present-in-retained-action-tables,,,hidden_proxy_closure_information|hidden_proxy_early_high_uncertainty|hidden_proxy_opponent_controls_trick,closure_decline_trick|closure_sequence_decision|follower_opponent_currently_winning|hidden_proxy_closure_information|hidden_proxy_early_high_uncertainty|hidden_proxy_opponent_controls_trick|phase_early|role_setter|seat_pos_3|sequence_last_to_act|setter_pounce_sequence_window,closure_decline_trick|closure_sequence_decision|follower_opponent_currently_winning|phase_early|role_setter|seat_pos_3|sequence_last_to_act|setter_pounce_sequence_window,closure_decision|closure_decline_or_slough|defensive_pounce_window|phase_early_trick_0_1|position_follow|position_last_to_act|role_defender|role_right_setter|role_setter|seat_fourth_closure,,oracle/distribution columns are offline labels; role/order and proxy labels are public/action-local; eval_only_labels are never asserted as runtime features
w42.partnership_failure_atlas.v2,f8bccfb9881fa22fab3c8361,corpus_v2_train_30-39_d0-9.pt:96:0,1-1,corpus_v2_train_30-39_d0-9.pt,39,96,0,sixes,30,0,bidder,bidder,offense,0,0,lead,early,0,false,true,,0,false,true,true,true,6.605338096618652,0.0,0.3050000071525574,0.1599999964237213,18,available:derived-from-role-and-bid-using-retained-w42-semantics,P(Q>=threshold_q); threshold_q is role-and-bid-dependent,-18,P(Q<=-18),true,true,0.0,7,1,6,1,4,0,ch03_bidder_lead_off_suit|ch03_bidder_lead_plan|phase_early|role_bidder|seat_pos_0|sequence_lead,true,false,true,ch03_bidder_lead_off_suit|ch03_bidder_lead_plan|phase_early|role_bidder|seat_pos_0|sequence_lead,available:phase4-positive-and-negative-detector-sets,true,proxy-only:is-best-threshold-not-actual-gus-output,,unavailable:no-positional-cross-corpus-match,7,-5.85348892212,6.60533809662,12.4588270187,1.33195209503,1,1-1,0.0,true,,unavailable:policy-not-fingerprinted-in-retained-action-tables,,unjoinable:no-shared-champion-action-state-fingerprint,available:exact-action-key,available:exact-action-key,available:exact-action-key,available:exact-action-key,available:exact-action-key,partial:q-outcome-summaries-without-worlds-weights-or-calibration,,unavailable:not-present-in-retained-action-tables,,unavailable:not-retained-with-compatible-action-rows,,unavailable:not-retained-with-compatible-action-rows,,unavailable:not-retained-with-compatible-action-rows,,unavailable:not-retained-with-compatible-action-rows,,unavailable:not-retained-with-compatible-action-rows,,,,unjoinable:gus-corpus-state-namespace,available:public-role-seat-order-and-phase,phase_early|role_bidder|seat_pos_0|sequence_lead,,proxy-only:public-role-and-action-local-labels,,unavailable:not-present-in-retained-action-tables,,unavailable:not-present-in-retained-action-tables,available:actual-action-indicator-without-policy-probability,,unavailable:not-present-in-retained-action-tables,,unavailable:not-present-in-retained-action-tables,bidder_lead_plan|ch03_bidder_lead_plan,,,unavailable:no-cross-decision-plan-state-or-intervention,proxy-only:fixed-threshold-and-tail-rankings-without-transform-consumer-or-context,,fixed-bid30:declaration-and-risk-proxies-only; no auction choices/history,,unavailable:not-present-in-retained-action-tables,,,unavailable:not-present-in-retained-action-tables,,,hidden_proxy_early_high_uncertainty,bidder_lead_noncount|bidder_lead_off_suit|bidder_lead_plan|hidden_proxy_early_high_uncertainty|phase_early|role_bidder|seat_pos_0|sequence_lead,bidder_lead_noncount|bidder_lead_off_suit|bidder_lead_plan|phase_early|role_bidder|seat_pos_0|sequence_lead,phase_early_trick_0_1|position_lead|role_bidder|seat_first_lead,,oracle/distribution columns are offline labels; role/order and proxy labels are public/action-local; eval_only_labels are never asserted as runtime features
w42.partnership_failure_atlas.v2,f8da0a0b8e99e2ee0e08d4e0,corpus_v2_train_50-59_d0-9.pt:35:7,6-0,corpus_v2_train_50-59_d0-9.pt,53,35,7,fives,30,1,left_setter,setter,defense,1,3,last,early,0,false,false,offense,0,false,false,true,true,-17.44972801208496,0.0,0.3499999940395355,0.6449999809265137,-17,available:derived-from-role-and-bid-using-retained-w42-semantics,P(Q>=threshold_q); threshold_q is role-and-bid-dependent,-18,P(Q<=-18),true,true,0.0,2,0,2,0,0,0,ch05_noncount_to_bidder_control_alternative|ch05_setter_pressure_regime|phase_early|role_setter|seat_pos_3|sequence_closure,true,false,true,ch05_noncount_to_bidder_control_alternative|ch05_setter_pressure_regime|phase_early|role_setter|seat_pos_3|sequence_closure,available:phase4-positive-and-negative-detector-sets,true,proxy-only:is-best-threshold-not-actual-gus-output,,unavailable:no-positional-cross-corpus-match,2,-17.7357997894,-17.4497280121,0.286071777344,0.286071777344,1,6-0,0.0,true,,unavailable:policy-not-fingerprinted-in-retained-action-tables,,unjoinable:no-shared-champion-action-state-fingerprint,available:exact-action-key,available:exact-action-key,available:exact-action-key,available:exact-action-key,available:exact-action-key,partial:q-outcome-summaries-without-worlds-weights-or-calibration,,unavailable:not-present-in-retained-action-tables,,unavailable:not-retained-with-compatible-action-rows,,unavailable:not-retained-with-compatible-action-rows,,unavailable:not-retained-with-compatible-action-rows,,unavailable:not-retained-with-compatible-action-rows,,unavailable:not-retained-with-compatible-action-rows,,,,unjoinable:gus-corpus-state-namespace,available:public-role-seat-order-and-phase,closure_decline_trick|closure_sequence_decision|follower_opponent_currently_winning|phase_early|role_setter|seat_pos_3|sequence_last_to_act|setter_pounce_sequence_window,,proxy-only:public-role-and-action-local-labels,,unavailable:not-present-in-retained-action-tables,,unavailable:not-present-in-retained-action-tables,available:actual-action-indicator-without-policy-probability,,unavailable:not-present-in-retained-action-tables,,unavailable:not-present-in-retained-action-tables,,,,unavailable:no-cross-decision-plan-state-or-intervention,proxy-only:fixed-threshold-and-tail-rankings-without-transform-consumer-or-context,,fixed-bid30:declaration-and-risk-proxies-only; no auction choices/history,,unavailable:not-present-in-retained-action-tables,,,unavailable:not-present-in-retained-action-tables,,,hidden_proxy_closure_information|hidden_proxy_early_high_uncertainty|hidden_proxy_opponent_controls_trick,closure_decline_trick|closure_sequence_decision|follower_opponent_currently_winning|hidden_proxy_closure_information|hidden_proxy_early_high_uncertainty|hidden_proxy_opponent_controls_trick|phase_early|role_setter|seat_pos_3|sequence_last_to_act|setter_pounce_sequence_window,closure_decline_trick|closure_sequence_decision|follower_opponent_currently_winning|phase_early|role_setter|seat_pos_3|sequence_last_to_act|setter_pounce_sequence_window,closure_decision|closure_decline_or_slough|defensive_pounce_window|phase_early_trick_0_1|position_follow|position_last_to_act|role_defender|role_left_setter|role_setter|seat_fourth_closure,,oracle/distribution columns are offline labels; role/order and proxy labels are public/action-local; eval_only_labels are never asserted as runtime features
w42.partnership_failure_atlas.v2,f9cb9b27f8bea7ff91ef5c3a,corpus_v2_train_10-19_d0-9.pt:81:16,5-4,corpus_v2_train_10-19_d0-9.pt,18,81,16,ones,30,2,bidder_partner,partner,offense,4,0,lead,middle,0,false,false,,0,false,true,true,true,-11.063677787780762,0.0,0.12999999523162842,0.47999998927116394,18,available:derived-from-role-and-bid-using-retained-w42-semantics,P(Q>=threshold_q); threshold_q is role-and-bid-dependent,-18,P(Q<=-18),true,true,0.0,3,0,3,1,1,0,ch04_partner_lead_noncount_low_liability|ch04_partner_support_regime|phase_middle|role_partner|seat_pos_0|sequence_lead,true,false,true,ch04_partner_lead_noncount_low_liability|ch04_partner_support_regime|phase_middle|role_partner|seat_pos_0|sequence_lead,available:phase4-positive-and-negative-detector-sets,true,proxy-only:is-best-threshold-not-actual-gus-output,,unavailable:no-positional-cross-corpus-match,3,-13.1720542908,-11.0636777878,2.10837650299,0.796620368958,1,5-4,0.0,true,,unavailable:policy-not-fingerprinted-in-retained-action-tables,,unjoinable:no-shared-champion-action-state-fingerprint,available:exact-action-key,available:exact-action-key,available:exact-action-key,available:exact-action-key,available:exact-action-key,partial:q-outcome-summaries-without-worlds-weights-or-calibration,,unavailable:not-present-in-retained-action-tables,,unavailable:not-retained-with-compatible-action-rows,,unavailable:not-retained-with-compatible-action-rows,,unavailable:not-retained-with-compatible-action-rows,,unavailable:not-retained-with-compatible-action-rows,,unavailable:not-retained-with-compatible-action-rows,,,,unjoinable:gus-corpus-state-namespace,available:public-role-seat-order-and-phase,phase_middle|role_partner|seat_pos_0|sequence_lead,ch04_partner_lead_noncount_low_liability|ch04_partner_support_regime|partner_support_sequence_context,proxy-only:public-role-and-action-local-labels,,unavailable:not-present-in-retained-action-tables,,unavailable:not-present-in-retained-action-tables,available:actual-action-indicator-without-policy-probability,,unavailable:not-present-in-retained-action-tables,,unavailable:not-present-in-retained-action-tables,,,,unavailable:no-cross-decision-plan-state-or-intervention,proxy-only:fixed-threshold-and-tail-rankings-without-transform-consumer-or-context,,fixed-bid30:declaration-and-risk-proxies-only; no auction choices/history,,unavailable:not-present-in-retained-action-tables,,,unavailable:not-present-in-retained-action-tables,,,hidden_proxy_late_information_rich,hidden_proxy_late_information_rich|partner_support_sequence_context|phase_middle|role_partner|seat_pos_0|sequence_lead,partner_support_sequence_context|phase_middle|role_partner|seat_pos_0|sequence_lead,partner_support_context|phase_middle_trick_2_4|position_lead|role_partner|seat_first_lead,,oracle/distribution columns are offline labels; role/order and proxy labels are public/action-local; eval_only_labels are never asserted as runtime features
w42.partnership_failure_atlas.v2,fa5de99eaaeee29c2777af87,corpus_v2_train_10-19_d0-9.pt:22:6,0-0,corpus_v2_train_10-19_d0-9.pt,12,22,6,twos,30,2,bidder_partner,partner,offense,1,2,third,early,0,false,true,offense,0,false,false,true,true,30.401134490966797,0.0,0.7950000166893005,0.05000000074505806,18,available:derived-from-role-and-bid-using-retained-w42-semantics,P(Q>=threshold_q); threshold_q is role-and-bid-dependent,-18,P(Q<=-18),true,false,0.0,6,0,6,0,3,0,ch04_partner_noncount_before_closure_alternative|ch04_partner_support_regime|phase_early|role_partner|seat_pos_2|sequence_follow,true,false,true,ch04_partner_noncount_before_closure_alternative|ch04_partner_support_regime|phase_early|role_partner|seat_pos_2|sequence_follow,available:phase4-positive-and-negative-detector-sets,true,proxy-only:is-best-threshold-not-actual-gus-output,,unavailable:no-positional-cross-corpus-match,6,17.6072387695,30.401134491,12.7938957214,0.179294586182,1,0-0,0.0,true,,unavailable:policy-not-fingerprinted-in-retained-action-tables,,unjoinable:no-shared-champion-action-state-fingerprint,available:exact-action-key,available:exact-action-key,available:exact-action-key,available:exact-action-key,available:exact-action-key,partial:q-outcome-summaries-without-worlds-weights-or-calibration,,unavailable:not-present-in-retained-action-tables,,unavailable:not-retained-with-compatible-action-rows,,unavailable:not-retained-with-compatible-action-rows,,unavailable:not-retained-with-compatible-action-rows,,unavailable:not-retained-with-compatible-action-rows,,unavailable:not-retained-with-compatible-action-rows,,,,unjoinable:gus-corpus-state-namespace,available:public-role-seat-order-and-phase,follower_partner_or_self_currently_winning|phase_early|role_partner|seat_pos_2|sequence_follow,ch04_partner_noncount_before_closure_alternative|ch04_partner_support_regime|follower_partner_or_self_currently_winning|partner_support_sequence_context,proxy-only:public-role-and-action-local-labels,,unavailable:not-present-in-retained-action-tables,,unavailable:not-present-in-retained-action-tables,available:actual-action-indicator-without-policy-probability,,unavailable:not-present-in-retained-action-tables,,unavailable:not-present-in-retained-action-tables,,,,unavailable:no-cross-decision-plan-state-or-intervention,proxy-only:fixed-threshold-and-tail-rankings-without-transform-consumer-or-context,,fixed-bid30:declaration-and-risk-proxies-only; no auction choices/history,,unavailable:not-present-in-retained-action-tables,,,unavailable:not-present-in-retained-action-tables,,,hidden_proxy_early_high_uncertainty|hidden_proxy_our_side_controls_trick,follower_partner_or_self_currently_winning|hidden_proxy_early_high_uncertainty|hidden_proxy_our_side_controls_trick|partner_support_sequence_context|phase_early|role_partner|seat_pos_2|sequence_follow,follower_partner_or_self_currently_winning|partner_support_sequence_context|phase_early|role_partner|seat_pos_2|sequence_follow,partner_support_context|phase_early_trick_0_1|position_follow|role_partner|seat_third_follow,,oracle/distribution columns are offline labels; role/order and proxy labels are public/action-local; eval_only_labels are never asserted as runtime features
w42.partnership_failure_atlas.v2,fd9d818d548dc84c2a39760f,corpus_v2_train_50-59_d0-9.pt:65:0,3-0,corpus_v2_train_50-59_d0-9.pt,56,65,0,fives,30,0,bidder,bidder,offense,0,0,lead,early,0,false,false,,0,false,true,false,false,-20.162622451782227,12.148637771606445,0.08500000089406967,0.5950000286102295,18,available:derived-from-role-and-bid-using-retained-w42-semantics,P(Q>=threshold_q); threshold_q is role-and-bid-dependent,-18,P(Q<=-18),false,false,0.10000000149011612,7,1,6,1,1,0,ch03_bidder_lead_off_suit|ch03_bidder_lead_plan|phase_early|role_bidder|seat_pos_0|sequence_lead,false,false,true,ch03_bidder_lead_off_suit|ch03_bidder_lead_plan|phase_early|role_bidder|seat_pos_0|sequence_lead,available:phase4-positive-and-negative-detector-sets,false,proxy-only:is-best-threshold-not-actual-gus-output,,unavailable:no-positional-cross-corpus-match,7,-20.7209415436,-8.01398468018,12.7069568634,8.46060943604,1,4-4,0.0,true,,unavailable:policy-not-fingerprinted-in-retained-action-tables,,unjoinable:no-shared-champion-action-state-fingerprint,available:exact-action-key,available:exact-action-key,available:exact-action-key,available:exact-action-key,available:exact-action-key,partial:q-outcome-summaries-without-worlds-weights-or-calibration,,unavailable:not-present-in-retained-action-tables,,unavailable:not-retained-with-compatible-action-rows,,unavailable:not-retained-with-compatible-action-rows,,unavailable:not-retained-with-compatible-action-rows,,unavailable:not-retained-with-compatible-action-rows,,unavailable:not-retained-with-compatible-action-rows,,,,unjoinable:gus-corpus-state-namespace,available:public-role-seat-order-and-phase,phase_early|role_bidder|seat_pos_0|sequence_lead,,proxy-only:public-role-and-action-local-labels,,unavailable:not-present-in-retained-action-tables,,unavailable:not-present-in-retained-action-tables,available:actual-action-indicator-without-policy-probability,,unavailable:not-present-in-retained-action-tables,,unavailable:not-present-in-retained-action-tables,bidder_lead_plan|ch03_bidder_lead_plan,,,unavailable:no-cross-decision-plan-state-or-intervention,proxy-only:fixed-threshold-and-tail-rankings-without-transform-consumer-or-context,,fixed-bid30:declaration-and-risk-proxies-only; no auction choices/history,,unavailable:not-present-in-retained-action-tables,,,unavailable:not-present-in-retained-action-tables,,,hidden_proxy_early_high_uncertainty,bidder_lead_noncount|bidder_lead_off_suit|bidder_lead_plan|hidden_proxy_early_high_uncertainty|phase_early|role_bidder|seat_pos_0|sequence_lead,bidder_lead_noncount|bidder_lead_off_suit|bidder_lead_plan|phase_early|role_bidder|seat_pos_0|sequence_lead,phase_early_trick_0_1|position_lead|role_bidder|seat_first_lead,,oracle/distribution columns are offline labels; role/order and proxy labels are public/action-local; eval_only_labels are never asserted as runtime features
w42.partnership_failure_atlas.v2,fe8dba8b548e771204ebf665,corpus_v2_train_10-19_d0-9.pt:56:9,4-1,corpus_v2_train_10-19_d0-9.pt,15,56,9,sixes,30,2,bidder_partner,partner,offense,2,1,second,middle,5,false,false,defense,0,false,false,true,true,7.933116436004639,0.0,0.1850000023841858,0.0,18,available:derived-from-role-and-bid-using-retained-w42-semantics,P(Q>=threshold_q); threshold_q is role-and-bid-dependent,-18,P(Q<=-18),true,true,0.0,1,0,1,1,0,0,ch04_partner_support_regime|phase_middle|role_partner|seat_pos_1|sequence_follow,true,false,false,ch04_partner_support_regime|phase_middle|role_partner|seat_pos_1|sequence_follow,available:phase4-positive-and-negative-detector-sets,true,proxy-only:is-best-threshold-not-actual-gus-output,,unavailable:no-positional-cross-corpus-match,1,7.933116436,7.933116436,0,0,1,4-1,0.0,true,,unavailable:policy-not-fingerprinted-in-retained-action-tables,,unjoinable:no-shared-champion-action-state-fingerprint,available:exact-action-key,available:exact-action-key,available:exact-action-key,available:exact-action-key,available:exact-action-key,partial:q-outcome-summaries-without-worlds-weights-or-calibration,,unavailable:not-present-in-retained-action-tables,,unavailable:not-retained-with-compatible-action-rows,,unavailable:not-retained-with-compatible-action-rows,,unavailable:not-retained-with-compatible-action-rows,,unavailable:not-retained-with-compatible-action-rows,,unavailable:not-retained-with-compatible-action-rows,,,,unjoinable:gus-corpus-state-namespace,available:public-role-seat-order-and-phase,follower_count_into_opponent_control|follower_opponent_currently_winning|phase_middle|role_partner|seat_pos_1|sequence_follow,ch04_partner_support_regime|ch04_partner_unsafe_count_to_defense|partner_count_into_defense_control|partner_support_sequence_context,proxy-only:public-role-and-action-local-labels,,unavailable:not-present-in-retained-action-tables,,unavailable:not-present-in-retained-action-tables,available:actual-action-indicator-without-policy-probability,,unavailable:not-present-in-retained-action-tables,,unavailable:not-present-in-retained-action-tables,,,,unavailable:no-cross-decision-plan-state-or-intervention,proxy-only:fixed-threshold-and-tail-rankings-without-transform-consumer-or-context,bidrisk_join_available|bidrisk_max_profitable_natural_30_31|bidrisk_minimum_shape_low_risk|bidrisk_natural_bucket_candidate|bidrisk_off_count_3|bidrisk_pmake30_mid|bidrisk_static_risk_le_12|bidrisk_trump_count_4|bidrisk_wilson_safe_no_profitable_bid,fixed-bid30:declaration-and-risk-proxies-only; no auction choices/history,,unavailable:not-present-in-retained-action-tables,,,unavailable:not-present-in-retained-action-tables,,,hidden_proxy_count_pressure|hidden_proxy_opponent_controls_trick,bidrisk_join_available|bidrisk_max_profitable_natural_30_31|bidrisk_minimum_shape_low_risk|bidrisk_natural_bucket_candidate|bidrisk_off_count_3|bidrisk_pmake30_mid|bidrisk_static_risk_le_12|bidrisk_trump_count_4|bidrisk_wilson_safe_no_profitable_bid|ch04_partner_unsafe_count_to_defense|follower_count_into_opponent_control|follower_opponent_currently_winning|hidden_proxy_count_pressure|hidden_proxy_opponent_controls_trick|partner_count_into_defense_control|partner_support_sequence_context|phase_middle|role_partner|seat_pos_1|sequence_follow,ch04_partner_unsafe_count_to_defense|follower_count_into_opponent_control|follower_opponent_currently_winning|partner_count_into_defense_control|partner_support_sequence_context|phase_middle|role_partner|seat_pos_1|sequence_follow,ch04_partner_unsafe_count_to_defense|partner_support_context|partner_unsupported_count_into_defense|phase_middle_trick_2_4|position_follow|role_partner|seat_second_follow,,oracle/distribution columns are offline labels; role/order and proxy labels are public/action-local; eval_only_labels are never asserted as runtime features
w42.partnership_failure_atlas.v2,feead8499a68247d5fe60ec4,corpus_v2_train_10-19_d0-9.pt:40:0,6-5,corpus_v2_train_10-19_d0-9.pt,14,40,0,blanks,30,0,bidder,bidder,offense,0,0,lead,early,0,false,false,,0,false,true,false,false,-1.0106793642044067,2.704500913619995,0.23000000417232513,0.24500000476837158,18,available:derived-from-role-and-bid-using-retained-w42-semantics,P(Q>=threshold_q); threshold_q is role-and-bid-dependent,-18,P(Q<=-18),false,true,0.04500000178813934,7,2,5,3,1,0,ch03_bidder_lead_off_suit|ch03_bidder_lead_plan|phase_early|role_bidder|seat_pos_0|sequence_lead,false,false,true,ch03_bidder_lead_off_suit|ch03_bidder_lead_plan|phase_early|role_bidder|seat_pos_0|sequence_lead,available:phase4-positive-and-negative-detector-sets,false,proxy-only:is-best-threshold-not-actual-gus-output,,unavailable:no-positional-cross-corpus-match,7,-9.41227436066,1.69382154942,11.1060959101,2.70450091362,1,0-0,0.0,true,,unavailable:policy-not-fingerprinted-in-retained-action-tables,,unjoinable:no-shared-champion-action-state-fingerprint,available:exact-action-key,available:exact-action-key,available:exact-action-key,available:exact-action-key,available:exact-action-key,partial:q-outcome-summaries-without-worlds-weights-or-calibration,,unavailable:not-present-in-retained-action-tables,,unavailable:not-retained-with-compatible-action-rows,,unavailable:not-retained-with-compatible-action-rows,,unavailable:not-retained-with-compatible-action-rows,,unavailable:not-retained-with-compatible-action-rows,,unavailable:not-retained-with-compatible-action-rows,,,,unjoinable:gus-corpus-state-namespace,available:public-role-seat-order-and-phase,phase_early|role_bidder|seat_pos_0|sequence_lead,,proxy-only:public-role-and-action-local-labels,,unavailable:not-present-in-retained-action-tables,,unavailable:not-present-in-retained-action-tables,available:actual-action-indicator-without-policy-probability,,unavailable:not-present-in-retained-action-tables,,unavailable:not-present-in-retained-action-tables,bidder_lead_plan|ch03_bidder_lead_plan,,,unavailable:no-cross-decision-plan-state-or-intervention,proxy-only:fixed-threshold-and-tail-rankings-without-transform-consumer-or-context,,fixed-bid30:declaration-and-risk-proxies-only; no auction choices/history,,unavailable:not-present-in-retained-action-tables,,,unavailable:not-present-in-retained-action-tables,,,hidden_proxy_early_high_uncertainty,bidder_lead_noncount|bidder_lead_off_suit|bidder_lead_plan|hidden_proxy_early_high_uncertainty|phase_early|role_bidder|seat_pos_0|sequence_lead,bidder_lead_noncount|bidder_lead_off_suit|bidder_lead_plan|phase_early|role_bidder|seat_pos_0|sequence_lead,phase_early_trick_0_1|position_lead|role_bidder|seat_first_lead,,oracle/distribution columns are offline labels; role/order and proxy labels are public/action-local; eval_only_labels are never asserted as runtime features
