game_idx,seed,decl_id,decl_name,bid_value,bid_value_source,decision_idx,trick_idx,trick_position,actor,seat_role,team,partner_player,offense_score_before,defense_score_before,played_count_points_before,unplayed_count_points_public_before,current_trick_count_before,led_suit_before,led_suit_name_before,current_winner_before,current_winner_team_before,partner_currently_winning_before,opponent_currently_winning_before,actual_action_slot,actual_action_domino_id,actual_action_domino,candidate_slot,candidate_domino_id,candidate_domino,candidate_count_points,candidate_is_double,candidate_is_called_suit,candidate_can_follow_led,candidate_beats_current,candidate_would_win_trick_now,candidate_trick_rank,actor_hand_remaining_count,actor_hand_remaining_count_points,actor_hand_remaining_called_suit_count,actor_hand_remaining_double_count,legal_action_count,threshold_q,mean,std,threshold_mass,lower_tail_mass_le_neg18,q10,q25,q50,q75,q90,iqr,cvar_low_10,branch_entropy,branch_peak_count,branch_peak_bins,shelf_gap,samples,mean_rank_desc,threshold_rank_desc,lower_tail_rank_asc,mean_gap_to_best,threshold_gap_to_best,lower_tail_gap_to_safest,is_actual_action,is_top_mean_action,is_top_threshold_action,is_safest_lower_tail_action,high_variance_close_mean,scalar_ev_lying_by_omission,distribution_shape_tags,strategy_context_tags,matched_position_detectors,direct_label_readiness,missing_direct_label_fields,hidden_threat_available,hidden_threat_rows,top_hidden_impact_holder,top_hidden_impact_domino,top_hidden_impact_score,top_hidden_downside_holder,top_hidden_downside_domino,top_hidden_downside_score,top_hidden_upside_holder,top_hidden_upside_domino,top_hidden_upside_score
0,840700,6,sixes,84,schema_v2_bid_value,0,0,0,0,bidder,offense,2,0,0,0,35,0,,,,,False,False,0,27,6-6,0,27,6-6,0,True,True,,,True,,7,10,7,1,7,42.0,41.277244567871094,0.03481651097536087,0.0,0.0,41,41,41,41,41,0,41.0,-0.0,1,41,,256,1,1,1,0.0,0.0,0.0,True,True,True,True,False,False,,bidder_opening_lead|called_suit_pressure|first_trick,bidder_first_lead_plan,hidden_threat_offline_label_ready|public_context_ready,bid_margin,True,8,2,4-1,0.0185089111328125,2,4-1,0.0185089111328125,1,3-2,0.016937255859375
0,840700,6,sixes,84,schema_v2_bid_value,0,0,0,0,bidder,offense,2,0,0,0,35,0,,,,,False,False,0,27,6-6,1,26,6-5,0,False,True,,,True,,7,10,7,1,7,42.0,41.269771575927734,0.0360182486474514,0.0,0.0,41,41,41,41,41,0,41.0,-0.0,1,41,,256,3,2,2,0.007472991943359375,0.0,0.0,False,False,False,False,False,False,,bidder_opening_lead|called_suit_pressure|first_trick,bidder_first_lead_plan,hidden_threat_offline_label_ready|public_context_ready,bid_margin,True,8,2,4-1,0.01880645751953125,2,4-1,0.01880645751953125,1,3-2,0.016872406005859375
0,840700,6,sixes,84,schema_v2_bid_value,0,0,0,0,bidder,offense,2,0,0,0,35,0,,,,,False,False,0,27,6-6,2,25,6-4,10,False,True,,,True,,7,10,7,1,7,42.0,41.151893615722656,0.06342799216508865,0.0,0.0,41,41,41,41,41,0,41.0,-0.0,1,41,,256,7,3,3,0.1253509521484375,0.0,0.0,False,False,False,False,True,False,high_variance_close_mean,bidder_opening_lead|called_suit_pressure|first_trick,bidder_first_lead_plan,hidden_threat_offline_label_ready|public_context_ready,bid_margin,True,8,2,3-2,0.042606353759765625,2,3-2,0.042606353759765625,3,5-0,0.027965545654296875
0,840700,6,sixes,84,schema_v2_bid_value,0,0,0,0,bidder,offense,2,0,0,0,35,0,,,,,False,False,0,27,6-6,3,24,6-3,0,False,True,,,True,,7,10,7,1,7,42.0,41.25937271118164,0.03598244488239288,0.0,0.0,41,41,41,41,41,0,41.0,-0.0,1,41,,256,5,4,4,0.017871856689453125,0.0,0.0,False,False,False,False,False,False,,bidder_opening_lead|called_suit_pressure|first_trick,bidder_first_lead_plan,hidden_threat_offline_label_ready|public_context_ready,bid_margin,True,8,2,3-2,0.019313812255859375,2,3-2,0.019313812255859375,1,3-2,0.016208648681640625
0,840700,6,sixes,84,schema_v2_bid_value,0,0,0,0,bidder,offense,2,0,0,0,35,0,,,,,False,False,0,27,6-6,4,23,6-2,0,False,True,,,True,,7,10,7,1,7,42.0,41.265480041503906,0.0365748293697834,0.0,0.0,41,41,41,41,41,0,41.0,-0.0,1,41,,256,4,5,5,0.0117645263671875,0.0,0.0,False,False,False,False,False,False,,bidder_opening_lead|called_suit_pressure|first_trick,bidder_first_lead_plan,hidden_threat_offline_label_ready|public_context_ready,bid_margin,True,8,2,3-2,0.020565032958984375,2,3-2,0.020565032958984375,1,3-2,0.016925811767578125
0,840700,6,sixes,84,schema_v2_bid_value,0,0,0,0,bidder,offense,2,0,0,0,35,0,,,,,False,False,0,27,6-6,5,22,6-1,0,False,True,,,True,,7,10,7,1,7,42.0,41.27153396606445,0.03846478462219238,0.0,0.0,41,41,41,41,41,0,41.0,-0.0,1,41,,256,2,6,6,0.005710601806640625,0.0,0.0,False,False,False,False,True,False,high_variance_close_mean,bidder_opening_lead|called_suit_pressure|first_trick,bidder_first_lead_plan,hidden_threat_offline_label_ready|public_context_ready,bid_margin,True,8,2,3-2,0.0231475830078125,2,3-2,0.0231475830078125,1,3-2,0.018421173095703125
0,840700,6,sixes,84,schema_v2_bid_value,0,0,0,0,bidder,offense,2,0,0,0,35,0,,,,,False,False,0,27,6-6,6,21,6-0,0,False,True,,,True,,7,10,7,1,7,42.0,41.25923538208008,0.040426287800073624,0.0,0.0,41,41,41,41,41,0,41.0,-0.0,1,41,,256,6,7,7,0.018009185791015625,0.0,0.0,False,False,False,False,True,False,high_variance_close_mean,bidder_opening_lead|called_suit_pressure|first_trick,bidder_first_lead_plan,hidden_threat_offline_label_ready|public_context_ready,bid_margin,True,8,2,3-2,0.024219512939453125,2,3-2,0.024219512939453125,1,3-2,0.018627166748046875
0,840700,6,sixes,84,schema_v2_bid_value,1,0,1,1,left_setter,defense,3,0,0,0,35,0,7,called,0,offense,False,True,4,16,5-1,0,20,5-5,10,True,False,False,False,False,0,7,15,0,2,7,-41.0,-32.8349723815918,10.622961044311523,0.671875,0.87109375,-42,-42,-37,-26,-16,16,-42.0,4.306572453238081,5,-42|-39|-36|-33|-24,18,256,7,7,7,8.140392303466797,0.0703125,0.24609375,False,False,False,False,False,False,multi_peak_pdf|large_lower_tail|hidden_threat_large_impact,first_setter_response|first_trick|setter_count_pressure,first_setter_pounce_window|setter_count_before_certainty,hidden_threat_offline_label_ready|needs_real_bid_margin,bid_margin,True,8,3,6-5,10.76129138469696,0,6-5,7.560124725103378,3,6-5,10.169263482093811
0,840700,6,sixes,84,schema_v2_bid_value,1,0,1,1,left_setter,defense,3,0,0,0,35,0,7,called,0,offense,False,True,4,16,5-1,1,19,5-4,0,False,False,False,False,False,0,7,15,0,2,7,-41.0,-25.624460220336914,16.322362899780273,0.734375,0.66015625,-42,-41,-31,-13,0,28,-42.0,4.791619899477861,7,-42|-38|-19|-16|-12|2|3,45,256,4,3,4,0.9298801422119141,0.0078125,0.03515625,False,False,False,False,False,False,multi_peak_pdf|wide_shelf_gap|high_std|large_lower_tail|hidden_threat_large_impact,first_setter_response|first_trick,first_setter_pounce_window,hidden_threat_offline_label_ready|needs_real_bid_margin,bid_margin,True,8,3,6-5,20.436071574687958,0,6-5,13.29778903722763,3,6-5,18.58690318465233
0,840700,6,sixes,84,schema_v2_bid_value,1,0,1,1,left_setter,defense,3,0,0,0,35,0,7,called,0,offense,False,True,4,16,5-1,2,18,5-3,0,False,False,False,False,False,0,7,15,0,2,7,-41.0,-24.825214385986328,16.795427322387695,0.734375,0.62890625,-42,-41,-29,-12,1,29,-42.0,4.858309362831053,5,-42|-38|-19|-12|4,46,256,2,4,2,0.13063430786132812,0.0078125,0.00390625,False,False,False,False,True,False,high_variance_close_mean|multi_peak_pdf|wide_shelf_gap|high_std|large_lower_tail|hidden_threat_large_impact,first_setter_response|first_trick,first_setter_pounce_window,hidden_threat_offline_label_ready|needs_real_bid_margin,bid_margin,True,8,3,6-5,20.860565811395645,0,6-5,13.654444932937622,3,6-5,18.898830249905586
0,840700,6,sixes,84,schema_v2_bid_value,1,0,1,1,left_setter,defense,3,0,0,0,35,0,7,called,0,offense,False,True,4,16,5-1,3,17,5-2,0,False,False,False,False,False,0,7,15,0,2,7,-41.0,-24.847816467285156,16.858924865722656,0.73828125,0.62890625,-42,-41,-29,-11,2,30,-42.0,4.8585887377537595,7,-42|-38|-36|-20|-13|-11|-8,34,256,3,2,3,0.15323638916015625,0.00390625,0.00390625,False,False,False,False,True,False,high_variance_close_mean|multi_peak_pdf|wide_shelf_gap|high_std|large_lower_tail|hidden_threat_large_impact,first_setter_response|first_trick,first_setter_pounce_window,hidden_threat_offline_label_ready|needs_real_bid_margin,bid_margin,True,8,3,6-5,20.974997341632843,0,6-5,14.011993169784546,3,6-5,18.959498316049576
0,840700,6,sixes,84,schema_v2_bid_value,1,0,1,1,left_setter,defense,3,0,0,0,35,0,7,called,0,offense,False,True,4,16,5-1,4,16,5-1,0,False,False,False,False,False,0,7,15,0,2,7,-41.0,-24.694580078125,16.843990325927734,0.7421875,0.625,-42,-41,-29,-11,1,30,-42.0,4.95595388120227,6,-42|-37|-17|-16|-13|-10,32,256,1,1,1,0.0,0.0,0.0,True,True,True,True,True,True,scalar_ev_lying_by_omission|high_variance_close_mean|multi_peak_pdf|wide_shelf_gap|high_std|large_lower_tail|hidden_threat_large_impact,first_setter_response|first_trick,first_setter_pounce_window,hidden_threat_offline_label_ready|needs_real_bid_margin,bid_margin,True,8,3,6-5,20.793998539447784,0,6-5,13.836474657058716,3,6-5,18.798030763864517
0,840700,6,sixes,84,schema_v2_bid_value,1,0,1,1,left_setter,defense,3,0,0,0,35,0,7,called,0,offense,False,True,4,16,5-1,5,15,5-0,5,False,False,False,False,False,0,7,15,0,2,7,-41.0,-27.764183044433594,14.104416847229004,0.72265625,0.73828125,-42,-41,-33,-17,-7,24,-42.0,4.653903383201387,6,-42|-38|-21|-19|-13|-9,33,256,6,5,6,3.0696029663085938,0.01953125,0.11328125,False,False,False,False,False,False,multi_peak_pdf|wide_shelf_gap|large_lower_tail|hidden_threat_large_impact,first_setter_response|first_trick|setter_count_pressure,first_setter_pounce_window|setter_count_before_certainty,hidden_threat_offline_label_ready|needs_real_bid_margin,bid_margin,True,8,3,6-5,17.14886599779129,0,6-5,11.487251043319702,3,6-5,15.876814514398575
0,840700,6,sixes,84,schema_v2_bid_value,1,0,1,1,left_setter,defense,3,0,0,0,35,0,7,called,0,offense,False,True,4,16,5-1,6,14,4-4,0,True,False,False,False,False,0,7,15,0,2,7,-41.0,-26.368738174438477,16.02465057373047,0.7109375,0.69140625,-42,-41,-33,-14,-1,27,-42.0,4.669846795718431,7,-42|-33|-20|-19|-16|-12|2,44,256,5,6,5,1.6741580963134766,0.03125,0.06640625,False,False,False,False,False,False,multi_peak_pdf|wide_shelf_gap|high_std|large_lower_tail|hidden_threat_large_impact,first_setter_response|first_trick,first_setter_pounce_window,hidden_threat_offline_label_ready|needs_real_bid_margin,bid_margin,True,8,3,6-5,20.461159646511078,0,6-5,13.139564394950867,3,6-5,18.724558502435684
0,840700,6,sixes,84,schema_v2_bid_value,2,0,2,2,bidder_partner,offense,0,0,0,0,35,0,7,called,0,offense,True,False,3,10,4-0,0,13,4-3,0,False,False,False,False,False,0,7,10,0,1,7,42.0,6.282472133636475,22.97494888305664,0.0,0.1796875,-26,-14,7,23,40,37,-32.09375,5.853829649589237,8,-29|-14|4|6|8|11|18|41,70,256,4,1,3,3.061889171600342,0.0,0.10546875,False,False,True,False,False,False,multi_peak_pdf|wide_shelf_gap|high_std|hidden_threat_large_impact,first_trick|partner_third_seat_support,partner_third_seat_safe_donation,hidden_threat_offline_label_ready|public_context_ready,bid_margin,True,8,0,5-0,15.281639814376831,0,5-0,15.281639814376831,0,6-5,12.057748023420572
0,840700,6,sixes,84,schema_v2_bid_value,2,0,2,2,bidder_partner,offense,0,0,0,0,35,0,7,called,0,offense,True,False,3,10,4-0,1,12,4-2,0,False,False,False,False,False,0,7,10,0,1,7,42.0,5.922669410705566,23.102750778198242,0.0,0.1875,-26,-14,7,20,40,34,-32.5625,5.892840544273471,7,-29|-15|6|8|16|19|41,70,256,6,2,6,3.42169189453125,0.0,0.11328125,False,False,False,False,False,False,multi_peak_pdf|wide_shelf_gap|high_std|hidden_threat_large_impact,first_trick|partner_third_seat_support,partner_third_seat_safe_donation,hidden_threat_offline_label_ready|public_context_ready,bid_margin,True,8,0,5-0,15.241546392440796,0,5-0,15.241546392440796,0,6-5,12.04492324590683
0,840700,6,sixes,84,schema_v2_bid_value,2,0,2,2,bidder_partner,offense,0,0,0,0,35,0,7,called,0,offense,True,False,3,10,4-0,2,11,4-1,5,False,False,False,False,False,0,7,10,0,1,7,42.0,9.073445320129395,20.67678451538086,0.0,0.08984375,-17,-10,8,24,41,34,-23.0546875,5.656407966148242,12,-18|-17|-15|-12|0|3|4|8|10|16|18|41,59,256,2,3,2,0.2709159851074219,0.0,0.015625,False,False,False,False,False,False,multi_peak_pdf|wide_shelf_gap|high_std|hidden_threat_large_impact,first_trick|partner_count_donation|partner_third_seat_support,partner_forcedness_and_safety|partner_third_seat_safe_donation,hidden_threat_offline_label_ready|needs_belief_model|public_context_ready,bid_margin,True,8,0,5-0,13.665945619344711,0,5-0,13.665945619344711,0,6-5,10.193020820617676
0,840700,6,sixes,84,schema_v2_bid_value,2,0,2,2,bidder_partner,offense,0,0,0,0,35,0,7,called,0,offense,True,False,3,10,4-0,3,10,4-0,0,False,False,False,False,False,0,7,10,0,1,7,42.0,6.540783405303955,22.78125762939453,0.0,0.18359375,-25,-13,7,23,40,36,-31.4453125,5.834460266897169,8,-29|-13|4|8|15|18|19|41,70,256,3,4,5,2.8035778999328613,0.0,0.109375,True,False,False,False,False,False,multi_peak_pdf|wide_shelf_gap|high_std|hidden_threat_large_impact,first_trick|partner_third_seat_support,partner_third_seat_safe_donation,hidden_threat_offline_label_ready|public_context_ready,bid_margin,True,8,0,5-0,15.212816953659058,0,5-0,15.212816953659058,0,6-5,11.92860621586442
0,840700,6,sixes,84,schema_v2_bid_value,2,0,2,2,bidder_partner,offense,0,0,0,0,35,0,7,called,0,offense,True,False,3,10,4-0,4,9,3-3,0,True,False,False,False,False,0,7,10,0,1,7,42.0,4.69523811340332,22.270952224731445,0.0,0.1953125,-26,-14,6,19,38,33,-32.6796875,5.88208998357228,8,-29|-20|7|9|15|17|19|41,70,256,7,5,7,4.649123191833496,0.0,0.12109375,False,False,False,False,False,False,multi_peak_pdf|wide_shelf_gap|high_std|hidden_threat_large_impact,first_trick|partner_third_seat_support,partner_third_seat_safe_donation,hidden_threat_offline_label_ready|public_context_ready,bid_margin,True,8,0,3-1,24.37227237224579,0,3-1,24.37227237224579,0,6-5,11.852390948683023
0,840700,6,sixes,84,schema_v2_bid_value,2,0,2,2,bidder_partner,offense,0,0,0,0,35,0,7,called,0,offense,True,False,3,10,4-0,5,8,3-2,5,False,False,False,False,False,0,7,10,0,1,7,42.0,9.344361305236816,20.417667388916016,0.0,0.07421875,-17,-10,9,24,41,34,-22.8203125,5.609459675042386,11,-18|-16|-15|-12|5|8|9|11|16|18|41,59,256,1,6,1,0.0,0.0,0.0,False,True,False,True,False,True,scalar_ev_lying_by_omission|multi_peak_pdf|wide_shelf_gap|high_std|hidden_threat_large_impact,first_trick|partner_count_donation|partner_third_seat_support,partner_forcedness_and_safety|partner_third_seat_safe_donation,hidden_threat_offline_label_ready|needs_belief_model|public_context_ready,bid_margin,True,8,0,5-0,13.34285318851471,0,5-0,13.34285318851471,0,6-5,10.046107292175293
0,840700,6,sixes,84,schema_v2_bid_value,2,0,2,2,bidder_partner,offense,0,0,0,0,35,0,7,called,0,offense,True,False,3,10,4-0,6,7,3-1,0,False,False,False,False,False,0,7,10,0,1,7,42.0,6.257752895355225,22.80143165588379,0.0,0.1796875,-26,-13,7,23,40,36,-32.171875,5.854130116234327,8,-14|-6|1|8|11|16|18|41,55,256,5,7,4,3.086608409881592,0.0,0.10546875,False,False,False,False,False,False,multi_peak_pdf|wide_shelf_gap|high_std|hidden_threat_large_impact,first_trick|partner_third_seat_support,partner_third_seat_safe_donation,hidden_threat_offline_label_ready|public_context_ready,bid_margin,True,8,0,5-0,15.058407187461853,0,5-0,15.058407187461853,0,6-5,12.038937751203775
0,840700,6,sixes,84,schema_v2_bid_value,3,0,3,3,right_setter,defense,1,0,0,0,35,0,7,called,0,offense,False,True,1,5,2-2,0,6,3-0,0,False,False,False,False,False,0,7,0,0,3,7,-41.0,-41.81041717529297,0.01857372745871544,0.0,1.0,-42,-42,-42,-42,-42,0,-42.0,-0.0,1,-42,,256,7,1,1,0.03704071044921875,0.0,0.0,False,False,True,True,False,False,large_lower_tail,defender_last_to_act_closure|first_trick|last_to_act,last_to_act_closure_policy,hidden_threat_offline_label_ready|public_context_ready,bid_margin,True,8,1,3-2,0.010623931884765625,2,3-2,0.010463714599609375,1,3-2,0.010623931884765625
0,840700,6,sixes,84,schema_v2_bid_value,3,0,3,3,right_setter,defense,1,0,0,0,35,0,7,called,0,offense,False,True,1,5,2-2,1,5,2-2,0,True,False,False,False,False,0,7,0,0,3,7,-41.0,-41.77337646484375,0.0183577798306942,0.0,1.0,-42,-42,-42,-42,-42,0,-42.0,-0.0,1,-42,,256,1,2,2,0.0,0.0,0.0,True,True,False,False,False,True,scalar_ev_lying_by_omission|large_lower_tail,defender_last_to_act_closure|first_trick|last_to_act,last_to_act_closure_policy,hidden_threat_offline_label_ready|public_context_ready,bid_margin,True,8,1,3-2,0.0103607177734375,2,3-2,0.01020050048828125,1,3-2,0.0103607177734375
0,840700,6,sixes,84,schema_v2_bid_value,3,0,3,3,right_setter,defense,1,0,0,0,35,0,7,called,0,offense,False,True,1,5,2-2,2,4,2-1,0,False,False,False,False,False,0,7,0,0,3,7,-41.0,-41.79230880737305,0.018990017473697662,0.0,1.0,-42,-42,-42,-42,-42,0,-42.0,-0.0,1,-42,,256,5,3,3,0.018932342529296875,0.0,0.0,False,False,False,False,True,False,high_variance_close_mean|large_lower_tail,defender_last_to_act_closure|first_trick|last_to_act,last_to_act_closure_policy,hidden_threat_offline_label_ready|public_context_ready,bid_margin,True,8,1,3-2,0.009273529052734375,2,3-2,0.009136199951171875,1,3-2,0.009273529052734375
0,840700,6,sixes,84,schema_v2_bid_value,3,0,3,3,right_setter,defense,1,0,0,0,35,0,7,called,0,offense,False,True,1,5,2-2,3,3,2-0,0,False,False,False,False,False,0,7,0,0,3,7,-41.0,-41.79156494140625,0.019855359569191933,0.0,1.0,-42,-42,-42,-42,-42,0,-42.0,-0.0,1,-42,,256,4,4,4,0.0181884765625,0.0,0.0,False,False,False,False,True,False,high_variance_close_mean|large_lower_tail,defender_last_to_act_closure|first_trick|last_to_act,last_to_act_closure_policy,hidden_threat_offline_label_ready|public_context_ready,bid_margin,True,8,1,3-2,0.009552001953125,2,3-2,0.0093994140625,1,3-2,0.009552001953125
0,840700,6,sixes,84,schema_v2_bid_value,3,0,3,3,right_setter,defense,1,0,0,0,35,0,7,called,0,offense,False,True,1,5,2-2,4,2,1-1,0,True,False,False,False,False,0,7,0,0,3,7,-41.0,-41.78765106201172,0.017527654767036438,0.0,1.0,-42,-42,-42,-42,-42,0,-42.0,-0.0,1,-42,,256,3,5,5,0.01427459716796875,0.0,0.0,False,False,False,False,False,False,large_lower_tail,defender_last_to_act_closure|first_trick|last_to_act,last_to_act_closure_policy,hidden_threat_offline_label_ready|public_context_ready,bid_margin,True,8,1,3-2,0.007953643798828125,2,3-2,0.007831573486328125,1,3-2,0.007953643798828125
0,840700,6,sixes,84,schema_v2_bid_value,3,0,3,3,right_setter,defense,1,0,0,0,35,0,7,called,0,offense,False,True,1,5,2-2,5,1,1-0,0,False,False,False,False,False,0,7,0,0,3,7,-41.0,-41.80097961425781,0.01924797333776951,0.0,1.0,-42,-42,-42,-42,-42,0,-42.0,-0.0,1,-42,,256,6,6,6,0.0276031494140625,0.0,0.0,False,False,False,False,True,False,high_variance_close_mean|large_lower_tail,defender_last_to_act_closure|first_trick|last_to_act,last_to_act_closure_policy,hidden_threat_offline_label_ready|public_context_ready,bid_margin,True,8,1,3-1,0.009613037109375,1,3-1,0.009613037109375,2,3-1,0.00917816162109375
0,840700,6,sixes,84,schema_v2_bid_value,3,0,3,3,right_setter,defense,1,0,0,0,35,0,7,called,0,offense,False,True,1,5,2-2,6,0,0-0,0,True,False,False,False,False,0,7,0,0,3,7,-41.0,-41.78057098388672,0.01751761883497238,0.0,1.0,-42,-42,-42,-42,-42,0,-42.0,-0.0,1,-42,,256,2,7,7,0.00719451904296875,0.0,0.0,False,False,False,False,False,False,large_lower_tail,defender_last_to_act_closure|first_trick|last_to_act,last_to_act_closure_policy,hidden_threat_offline_label_ready|public_context_ready,bid_margin,True,8,1,3-1,0.008045196533203125,1,3-1,0.008045196533203125,2,3-1,0.007678985595703125
0,840700,6,sixes,84,schema_v2_bid_value,4,1,0,0,bidder,offense,2,1,0,0,35,0,,,,,False,False,6,21,6-0,1,26,6-5,0,False,True,,,True,,6,10,6,0,6,42.0,41.528236389160156,0.033625803887844086,0.0,0.0,41,42,42,42,42,0,41.0,0.6878760365869007,1,42,,256,6,1,1,0.020122528076171875,0.0,0.0,False,False,True,True,True,False,high_variance_close_mean,called_suit_pressure,first_trick_public_belief_update,hidden_threat_offline_label_ready|public_context_ready,bid_margin,True,8,2,5-5,0.03890228271484375,3,5-5,0.021728515625,2,5-5,0.03890228271484375
0,840700,6,sixes,84,schema_v2_bid_value,4,1,0,0,bidder,offense,2,1,0,0,35,0,,,,,False,False,6,21,6-0,2,25,6-4,10,False,True,,,True,,6,10,6,0,6,42.0,41.5299072265625,0.03404496982693672,0.0,0.0,41,42,42,42,42,0,41.0,0.6619760641115652,1,42,,256,5,2,2,0.018451690673828125,0.0,0.0,False,False,False,False,True,False,high_variance_close_mean,called_suit_pressure,first_trick_public_belief_update,hidden_threat_offline_label_ready|public_context_ready,bid_margin,True,8,2,5-5,0.04033660888671875,3,5-5,0.022563934326171875,2,5-5,0.04033660888671875
0,840700,6,sixes,84,schema_v2_bid_value,4,1,0,0,bidder,offense,2,1,0,0,35,0,,,,,False,False,6,21,6-0,3,24,6-3,0,False,True,,,True,,6,10,6,0,6,42.0,41.53055191040039,0.03272583708167076,0.0,0.0,41,42,42,42,42,0,41.0,0.5959838258557496,1,42,,256,4,3,3,0.0178070068359375,0.0,0.0,False,False,False,False,True,False,high_variance_close_mean,called_suit_pressure,first_trick_public_belief_update,hidden_threat_offline_label_ready|public_context_ready,bid_margin,True,8,2,5-5,0.037418365478515625,3,5-5,0.02111053466796875,2,5-5,0.037418365478515625
0,840700,6,sixes,84,schema_v2_bid_value,4,1,0,0,bidder,offense,2,1,0,0,35,0,,,,,False,False,6,21,6-0,4,23,6-2,0,False,True,,,True,,6,10,6,0,6,42.0,41.536014556884766,0.03189294412732124,0.0,0.0,41,42,42,42,42,0,41.0,0.4739291234809583,1,42,,256,3,4,4,0.0123443603515625,0.0,0.0,False,False,False,False,False,False,,called_suit_pressure,first_trick_public_belief_update,hidden_threat_offline_label_ready|public_context_ready,bid_margin,True,8,2,5-5,0.036190032958984375,3,5-5,0.020763397216796875,2,5-5,0.036190032958984375
0,840700,6,sixes,84,schema_v2_bid_value,4,1,0,0,bidder,offense,2,1,0,0,35,0,,,,,False,False,6,21,6-0,5,22,6-1,0,False,True,,,True,,6,10,6,0,6,42.0,41.542972564697266,0.03098909743130207,0.0,0.0,42,42,42,42,42,0,41.1796875,0.4092962956205902,1,42,,256,2,5,5,0.0053863525390625,0.0,0.0,False,False,False,False,False,False,,called_suit_pressure,first_trick_public_belief_update,hidden_threat_offline_label_ready|public_context_ready,bid_margin,True,8,2,5-5,0.0350341796875,3,5-5,0.020153045654296875,2,5-5,0.0350341796875
0,840700,6,sixes,84,schema_v2_bid_value,4,1,0,0,bidder,offense,2,1,0,0,35,0,,,,,False,False,6,21,6-0,6,21,6-0,0,False,True,,,True,,6,10,6,0,6,42.0,41.54835891723633,0.030290111899375916,0.0,0.0,42,42,42,42,42,0,41.6484375,0.2196248780687649,1,42,,256,1,6,6,0.0,0.0,0.0,True,True,False,False,False,True,scalar_ev_lying_by_omission,called_suit_pressure,first_trick_public_belief_update,hidden_threat_offline_label_ready|public_context_ready,bid_margin,True,8,2,5-5,0.034214019775390625,3,5-5,0.019886016845703125,2,5-5,0.034214019775390625
0,840700,6,sixes,84,schema_v2_bid_value,5,1,1,1,left_setter,defense,3,1,0,0,35,0,7,called,0,offense,False,True,6,14,4-4,0,20,5-5,10,True,False,False,False,False,0,6,15,0,2,6,-41.0,-41.85284423828125,0.03712528198957443,0.0,1.0,-42,-42,-42,-42,-42,0,-42.0,-0.0,1,-42,,256,6,1,1,0.02031707763671875,0.0,0.0,False,False,True,True,False,False,large_lower_tail,setter_count_pressure,first_trick_public_belief_update|setter_count_before_certainty,hidden_threat_offline_label_ready|needs_real_bid_margin|public_context_ready,bid_margin,True,8,3,3-2,0.009197235107421875,2,3-2,0.008647918701171875,3,3-2,0.009197235107421875
0,840700,6,sixes,84,schema_v2_bid_value,5,1,1,1,left_setter,defense,3,1,0,0,35,0,7,called,0,offense,False,True,6,14,4-4,1,19,5-4,0,False,False,False,False,False,0,6,15,0,2,6,-41.0,-41.842559814453125,0.04106586053967476,0.0,1.0,-42,-42,-42,-42,-42,0,-42.0,-0.0,1,-42,,256,4,2,2,0.01003265380859375,0.0,0.0,False,False,False,False,False,False,large_lower_tail,,first_trick_public_belief_update,hidden_threat_offline_label_ready|public_context_ready,bid_margin,True,8,3,3-2,0.01543426513671875,2,4-1,0.0150146484375,3,3-2,0.01543426513671875
0,840700,6,sixes,84,schema_v2_bid_value,5,1,1,1,left_setter,defense,3,1,0,0,35,0,7,called,0,offense,False,True,6,14,4-4,2,18,5-3,0,False,False,False,False,False,0,6,15,0,2,6,-41.0,-41.83523941040039,0.042357105761766434,0.0,1.0,-42,-42,-42,-42,-42,0,-42.0,-0.0,1,-42,,256,3,3,3,0.002712249755859375,0.0,0.0,False,False,False,False,True,False,high_variance_close_mean|large_lower_tail,,first_trick_public_belief_update,hidden_threat_offline_label_ready|public_context_ready,bid_margin,True,8,3,3-2,0.016414642333984375,2,3-2,0.01541900634765625,3,3-2,0.016414642333984375
0,840700,6,sixes,84,schema_v2_bid_value,5,1,1,1,left_setter,defense,3,1,0,0,35,0,7,called,0,offense,False,True,6,14,4-4,3,17,5-2,0,False,False,False,False,False,0,6,15,0,2,6,-41.0,-41.83354949951172,0.04286517947912216,0.0,1.0,-42,-42,-42,-42,-42,0,-42.0,-0.0,1,-42,,256,2,4,4,0.0010223388671875,0.0,0.0,False,False,False,False,True,False,high_variance_close_mean|large_lower_tail,,first_trick_public_belief_update,hidden_threat_offline_label_ready|public_context_ready,bid_margin,True,8,3,3-2,0.01628875732421875,2,3-2,0.01529693603515625,3,3-2,0.01628875732421875
0,840700,6,sixes,84,schema_v2_bid_value,5,1,1,1,left_setter,defense,3,1,0,0,35,0,7,called,0,offense,False,True,6,14,4-4,5,15,5-0,5,False,False,False,False,False,0,6,15,0,2,6,-41.0,-41.84263229370117,0.04089503735303879,0.0,1.0,-42,-42,-42,-42,-42,0,-42.0,-0.0,1,-42,,256,5,5,5,0.010105133056640625,0.0,0.0,False,False,False,False,False,False,large_lower_tail,setter_count_pressure,first_trick_public_belief_update|setter_count_before_certainty,hidden_threat_offline_label_ready|needs_real_bid_margin|public_context_ready,bid_margin,True,8,3,3-2,0.011234283447265625,2,3-2,0.01055908203125,3,3-2,0.011234283447265625
0,840700,6,sixes,84,schema_v2_bid_value,5,1,1,1,left_setter,defense,3,1,0,0,35,0,7,called,0,offense,False,True,6,14,4-4,6,14,4-4,0,True,False,False,False,False,0,6,15,0,2,6,-41.0,-41.83252716064453,0.04240899533033371,0.0,1.0,-42,-42,-42,-42,-42,0,-42.0,-0.0,1,-42,,256,1,6,6,0.0,0.0,0.0,True,True,False,False,True,True,scalar_ev_lying_by_omission|high_variance_close_mean|large_lower_tail,,first_trick_public_belief_update,hidden_threat_offline_label_ready|public_context_ready,bid_margin,True,8,2,4-1,0.016948699951171875,2,4-1,0.016948699951171875,3,4-1,0.0147247314453125
0,840700,6,sixes,84,schema_v2_bid_value,6,1,2,2,bidder_partner,offense,0,1,0,0,35,0,7,called,0,offense,True,False,5,8,3-2,0,13,4-3,0,False,False,False,False,False,0,6,10,0,1,6,42.0,41.58415985107422,0.005993986967951059,0.0,0.0,42,42,42,42,42,0,42.0,-0.0,1,42,,256,4,1,1,0.0020751953125,0.0,0.0,False,False,True,True,True,False,high_variance_close_mean,,first_trick_public_belief_update,hidden_threat_offline_label_ready|public_context_ready,bid_margin,True,8,1,5-4,0.003139495849609375,1,5-5,0.002170562744140625,1,5-4,0.003139495849609375
0,840700,6,sixes,84,schema_v2_bid_value,6,1,2,2,bidder_partner,offense,0,1,0,0,35,0,7,called,0,offense,True,False,5,8,3-2,1,12,4-2,0,False,False,False,False,False,0,6,10,0,1,6,42.0,41.58026123046875,0.006958181504160166,0.0,0.0,42,42,42,42,42,0,42.0,-0.0,1,42,,256,5,2,2,0.00597381591796875,0.0,0.0,False,False,False,False,True,False,high_variance_close_mean,,first_trick_public_belief_update,hidden_threat_offline_label_ready|public_context_ready,bid_margin,True,8,1,5-4,0.004795074462890625,3,5-4,0.003131866455078125,1,5-4,0.004795074462890625
0,840700,6,sixes,84,schema_v2_bid_value,6,1,2,2,bidder_partner,offense,0,1,0,0,35,0,7,called,0,offense,True,False,5,8,3-2,2,11,4-1,5,False,False,False,False,False,0,6,10,0,1,6,42.0,41.58461380004883,0.00532830785959959,0.0,0.0,42,42,42,42,42,0,42.0,-0.0,1,42,,256,3,3,3,0.001621246337890625,0.0,0.0,False,False,False,False,False,False,,partner_count_donation,first_trick_public_belief_update|partner_forcedness_and_safety,hidden_threat_offline_label_ready|needs_belief_model|public_context_ready,bid_margin,True,8,1,5-4,0.002155303955078125,3,3-0,0.0018310546875,1,5-4,0.002155303955078125
0,840700,6,sixes,84,schema_v2_bid_value,6,1,2,2,bidder_partner,offense,0,1,0,0,35,0,7,called,0,offense,True,False,5,8,3-2,4,9,3-3,0,True,False,False,False,False,0,6,10,0,1,6,42.0,41.57505416870117,0.005796757061034441,0.0,0.0,42,42,42,42,42,0,42.0,-0.0,1,42,,256,6,4,4,0.011180877685546875,0.0,0.0,False,False,False,False,False,False,,,first_trick_public_belief_update,hidden_threat_offline_label_ready|public_context_ready,bid_margin,True,8,3,3-0,0.002925872802734375,3,3-0,0.002925872802734375,1,3-0,0.00266265869140625
0,840700,6,sixes,84,schema_v2_bid_value,6,1,2,2,bidder_partner,offense,0,1,0,0,35,0,7,called,0,offense,True,False,5,8,3-2,5,8,3-2,5,False,False,False,False,False,0,6,10,0,1,6,42.0,41.58623504638672,0.005228984169661999,0.0,0.0,42,42,42,42,42,0,42.0,-0.0,1,42,,256,1,5,5,0.0,0.0,0.0,True,True,False,False,False,True,scalar_ev_lying_by_omission,partner_count_donation,first_trick_public_belief_update|partner_forcedness_and_safety,hidden_threat_offline_label_ready|needs_belief_model|public_context_ready,bid_margin,True,8,1,5-4,0.002185821533203125,3,3-0,0.001617431640625,1,5-4,0.002185821533203125
0,840700,6,sixes,84,schema_v2_bid_value,6,1,2,2,bidder_partner,offense,0,1,0,0,35,0,7,called,0,offense,True,False,5,8,3-2,6,7,3-1,0,False,False,False,False,False,0,6,10,0,1,6,42.0,41.58615493774414,0.006066496949642897,0.0,0.0,42,42,42,42,42,0,42.0,-0.0,1,42,,256,2,6,6,8.0108642578125e-05,0.0,0.0,False,False,False,False,True,False,high_variance_close_mean,,first_trick_public_belief_update,hidden_threat_offline_label_ready|public_context_ready,bid_margin,True,8,3,3-0,0.00274658203125,3,3-0,0.00274658203125,1,3-0,0.002498626708984375
0,840700,6,sixes,84,schema_v2_bid_value,7,1,3,3,right_setter,defense,1,1,0,5,30,5,7,called,0,offense,False,True,0,6,3-0,0,6,3-0,0,False,False,False,False,False,0,6,0,0,2,6,-41.0,-41.67729949951172,0.019773634150624275,0.0,1.0,-42,-42,-42,-42,-42,0,-42.0,-0.0,1,-42,,256,1,1,1,0.0,0.0,0.0,True,True,True,True,True,False,high_variance_close_mean|large_lower_tail,last_to_act,first_trick_public_belief_update|last_to_act_closure_policy,hidden_threat_offline_label_ready|public_context_ready,bid_margin,True,8,2,5-5,0.004886627197265625,1,5-3,0.0044097900390625,2,5-5,0.004886627197265625
0,840700,6,sixes,84,schema_v2_bid_value,7,1,3,3,right_setter,defense,1,1,0,5,30,5,7,called,0,offense,False,True,0,6,3-0,2,4,2-1,0,False,False,False,False,False,0,6,0,0,2,6,-41.0,-41.68055725097656,0.018880680203437805,0.0,1.0,-42,-42,-42,-42,-42,0,-42.0,-0.0,1,-42,,256,2,2,2,0.00325775146484375,0.0,0.0,False,False,False,False,False,False,large_lower_tail,last_to_act,first_trick_public_belief_update|last_to_act_closure_policy,hidden_threat_offline_label_ready|public_context_ready,bid_margin,True,8,2,5-3,0.004535675048828125,1,5-3,0.0044708251953125,2,5-3,0.004535675048828125
0,840700,6,sixes,84,schema_v2_bid_value,7,1,3,3,right_setter,defense,1,1,0,5,30,5,7,called,0,offense,False,True,0,6,3-0,3,3,2-0,0,False,False,False,False,False,0,6,0,0,2,6,-41.0,-41.68077087402344,0.01906243897974491,0.0,1.0,-42,-42,-42,-42,-42,0,-42.0,-0.0,1,-42,,256,3,3,3,0.00347137451171875,0.0,0.0,False,False,False,False,False,False,large_lower_tail,last_to_act,first_trick_public_belief_update|last_to_act_closure_policy,hidden_threat_offline_label_ready|public_context_ready,bid_margin,True,8,2,5-3,0.004550933837890625,1,5-3,0.004482269287109375,2,5-3,0.004550933837890625
0,840700,6,sixes,84,schema_v2_bid_value,7,1,3,3,right_setter,defense,1,1,0,5,30,5,7,called,0,offense,False,True,0,6,3-0,4,2,1-1,0,True,False,False,False,False,0,6,0,0,2,6,-41.0,-41.687965393066406,0.019484689459204674,0.0,1.0,-42,-42,-42,-42,-42,0,-42.0,-0.0,1,-42,,256,5,4,4,0.0106658935546875,0.0,0.0,False,False,False,False,True,False,high_variance_close_mean|large_lower_tail,last_to_act,first_trick_public_belief_update|last_to_act_closure_policy,hidden_threat_offline_label_ready|public_context_ready,bid_margin,True,8,2,5-3,0.005077362060546875,1,5-3,0.00499725341796875,2,5-3,0.005077362060546875
0,840700,6,sixes,84,schema_v2_bid_value,7,1,3,3,right_setter,defense,1,1,0,5,30,5,7,called,0,offense,False,True,0,6,3-0,5,1,1-0,0,False,False,False,False,False,0,6,0,0,2,6,-41.0,-41.681053161621094,0.01936049945652485,0.0,1.0,-42,-42,-42,-42,-42,0,-42.0,-0.0,1,-42,,256,4,5,5,0.003753662109375,0.0,0.0,False,False,False,False,False,False,large_lower_tail,last_to_act,first_trick_public_belief_update|last_to_act_closure_policy,hidden_threat_offline_label_ready|public_context_ready,bid_margin,True,8,2,5-3,0.004955291748046875,1,5-3,0.004878997802734375,2,5-3,0.004955291748046875
0,840700,6,sixes,84,schema_v2_bid_value,7,1,3,3,right_setter,defense,1,1,0,5,30,5,7,called,0,offense,False,True,0,6,3-0,6,0,0-0,0,True,False,False,False,False,0,6,0,0,2,6,-41.0,-41.68904113769531,0.019578905776143074,0.0,1.0,-42,-42,-42,-42,-42,0,-42.0,-0.0,1,-42,,256,6,6,6,0.01174163818359375,0.0,0.0,False,False,False,False,True,False,high_variance_close_mean|large_lower_tail,last_to_act,first_trick_public_belief_update|last_to_act_closure_policy,hidden_threat_offline_label_ready|public_context_ready,bid_margin,True,8,2,5-3,0.004962921142578125,1,5-3,0.0048828125,2,5-3,0.004962921142578125
0,840700,6,sixes,84,schema_v2_bid_value,8,2,0,0,bidder,offense,2,7,0,5,30,0,,,,,False,False,2,25,6-4,1,26,6-5,0,False,True,,,True,,5,10,5,0,5,42.0,40.67102813720703,0.243255615234375,0.0,0.0,40,41,41,41,41,0,40.0,0.7506399446452308,1,41,,256,2,1,1,0.02793121337890625,0.0,0.0,False,False,True,True,False,False,,called_suit_pressure,first_trick_public_belief_update,hidden_threat_offline_label_ready|public_context_ready,bid_margin,True,8,2,5-5,0.22999954223632812,2,5-5,0.22999954223632812,3,5-5,0.12773895263671875
0,840700,6,sixes,84,schema_v2_bid_value,8,2,0,0,bidder,offense,2,7,0,5,30,0,,,,,False,False,2,25,6-4,2,25,6-4,10,False,True,,,True,,5,10,5,0,5,42.0,40.69895935058594,0.24283424019813538,0.0,0.0,40,41,41,41,41,0,40.0,0.7044039743593534,1,41,,256,1,2,2,0.0,0.0,0.0,True,True,False,False,False,True,scalar_ev_lying_by_omission,called_suit_pressure,first_trick_public_belief_update,hidden_threat_offline_label_ready|public_context_ready,bid_margin,True,8,2,5-5,0.23248672485351562,2,5-5,0.23248672485351562,3,5-5,0.1287689208984375
0,840700,6,sixes,84,schema_v2_bid_value,8,2,0,0,bidder,offense,2,7,0,5,30,0,,,,,False,False,2,25,6-4,3,24,6-3,0,False,True,,,True,,5,10,5,0,5,42.0,40.597625732421875,0.26382917165756226,0.0,0.0,40,40,41,41,41,1,40.0,0.8623817843585118,1,41,,256,4,3,3,0.1013336181640625,0.0,0.0,False,False,False,False,True,False,high_variance_close_mean,called_suit_pressure,first_trick_public_belief_update,hidden_threat_offline_label_ready|public_context_ready,bid_margin,True,8,2,5-5,0.24720001220703125,2,5-5,0.24720001220703125,3,5-5,0.13992691040039062
0,840700,6,sixes,84,schema_v2_bid_value,8,2,0,0,bidder,offense,2,7,0,5,30,0,,,,,False,False,2,25,6-4,4,23,6-2,0,False,True,,,True,,5,10,5,0,5,42.0,40.61370086669922,0.2618969976902008,0.0,0.0,40,40,41,41,41,1,40.0,0.8518061887486321,1,41,,256,3,4,4,0.08525848388671875,0.0,0.0,False,False,False,False,False,False,,called_suit_pressure,first_trick_public_belief_update,hidden_threat_offline_label_ready|public_context_ready,bid_margin,True,8,2,5-5,0.24678802490234375,2,5-5,0.24678802490234375,3,5-5,0.13968276977539062
0,840700,6,sixes,84,schema_v2_bid_value,8,2,0,0,bidder,offense,2,7,0,5,30,0,,,,,False,False,2,25,6-4,5,22,6-1,0,False,True,,,True,,5,10,5,0,5,42.0,40.58943557739258,0.27088069915771484,0.0,0.0,40,40,41,41,41,1,40.0,0.8675071344816212,1,41,,256,5,5,5,0.10952377319335938,0.0,0.0,False,False,False,False,True,False,high_variance_close_mean,called_suit_pressure,first_trick_public_belief_update,hidden_threat_offline_label_ready|public_context_ready,bid_margin,True,8,2,5-5,0.2589111328125,2,5-5,0.2589111328125,3,5-5,0.147064208984375
0,840700,6,sixes,84,schema_v2_bid_value,9,2,1,1,left_setter,defense,3,7,0,15,20,10,7,called,0,offense,False,True,2,18,5-3,0,20,5-5,10,True,False,False,False,False,0,5,15,0,1,5,-41.0,-41.62481689453125,0.020626526325941086,0.0,1.0,-42,-42,-42,-42,-42,0,-42.0,-0.0,1,-42,,256,5,1,1,0.036174774169921875,0.0,0.0,False,False,True,True,False,False,large_lower_tail,setter_count_pressure,first_trick_public_belief_update|setter_count_before_certainty,hidden_threat_offline_label_ready|needs_real_bid_margin|public_context_ready,bid_margin,True,8,2,4-1,0.01699066162109375,2,4-1,0.01699066162109375,3,4-1,0.014759063720703125
0,840700,6,sixes,84,schema_v2_bid_value,9,2,1,1,left_setter,defense,3,7,0,15,20,10,7,called,0,offense,False,True,2,18,5-3,1,19,5-4,0,False,False,False,False,False,0,5,15,0,1,5,-41.0,-41.59805679321289,0.02599552646279335,0.0,1.0,-42,-42,-42,-42,-42,0,-42.0,-0.0,1,-42,,256,3,2,2,0.0094146728515625,0.0,0.0,False,False,False,False,True,False,high_variance_close_mean|large_lower_tail,,first_trick_public_belief_update,hidden_threat_offline_label_ready|public_context_ready,bid_margin,True,8,2,4-1,0.02362823486328125,2,4-1,0.02362823486328125,3,4-1,0.0205230712890625
0,840700,6,sixes,84,schema_v2_bid_value,9,2,1,1,left_setter,defense,3,7,0,15,20,10,7,called,0,offense,False,True,2,18,5-3,2,18,5-3,0,False,False,False,False,False,0,5,15,0,1,5,-41.0,-41.58864212036133,0.023916693404316902,0.0,1.0,-42,-42,-42,-42,-42,0,-42.0,-0.0,1,-42,,256,1,3,3,0.0,0.0,0.0,True,True,False,False,True,True,scalar_ev_lying_by_omission|high_variance_close_mean|large_lower_tail,,first_trick_public_belief_update,hidden_threat_offline_label_ready|public_context_ready,bid_margin,True,8,2,4-1,0.02188873291015625,2,4-1,0.02188873291015625,3,4-1,0.019012451171875
0,840700,6,sixes,84,schema_v2_bid_value,9,2,1,1,left_setter,defense,3,7,0,15,20,10,7,called,0,offense,False,True,2,18,5-3,3,17,5-2,0,False,False,False,False,False,0,5,15,0,1,5,-41.0,-41.590911865234375,0.023163724690675735,0.0,1.0,-42,-42,-42,-42,-42,0,-42.0,-0.0,1,-42,,256,2,4,4,0.002269744873046875,0.0,0.0,False,False,False,False,False,False,large_lower_tail,,first_trick_public_belief_update,hidden_threat_offline_label_ready|public_context_ready,bid_margin,True,8,2,4-1,0.02136993408203125,2,4-1,0.02136993408203125,3,4-1,0.018558502197265625
0,840700,6,sixes,84,schema_v2_bid_value,9,2,1,1,left_setter,defense,3,7,0,15,20,10,7,called,0,offense,False,True,2,18,5-3,5,15,5-0,5,False,False,False,False,False,0,5,15,0,1,5,-41.0,-41.60000228881836,0.018470026552677155,0.0,1.0,-42,-42,-42,-42,-42,0,-42.0,-0.0,1,-42,,256,4,5,5,0.01136016845703125,0.0,0.0,False,False,False,False,False,False,large_lower_tail,setter_count_pressure,first_trick_public_belief_update|setter_count_before_certainty,hidden_threat_offline_label_ready|needs_real_bid_margin|public_context_ready,bid_margin,True,8,2,4-1,0.0144500732421875,2,4-1,0.0144500732421875,3,4-1,0.01255035400390625
0,840700,6,sixes,84,schema_v2_bid_value,10,2,2,2,bidder_partner,offense,0,7,0,15,20,10,7,called,0,offense,True,False,2,11,4-1,0,13,4-3,0,False,False,False,False,False,0,5,5,0,1,5,42.0,41.50096893310547,0.012227639555931091,0.0,0.0,41,41,42,42,42,1,41.0,0.9652016987500656,1,42,,256,2,1,1,0.026554107666015625,0.0,0.0,False,False,True,True,False,False,,,first_trick_public_belief_update,hidden_threat_offline_label_ready|public_context_ready,bid_margin,True,8,1,5-4,0.004489898681640625,1,5-4,0.004489898681640625,3,5-4,0.003070831298828125
0,840700,6,sixes,84,schema_v2_bid_value,10,2,2,2,bidder_partner,offense,0,7,0,15,20,10,7,called,0,offense,True,False,2,11,4-1,1,12,4-2,0,False,False,False,False,False,0,5,5,0,1,5,42.0,41.499332427978516,0.011888631619513035,0.0,0.0,41,41,42,42,42,1,41.0,0.9744894033980523,1,42,,256,3,2,2,0.02819061279296875,0.0,0.0,False,False,False,False,False,False,,,first_trick_public_belief_update,hidden_threat_offline_label_ready|public_context_ready,bid_margin,True,8,1,1-1,0.00251007080078125,1,1-1,0.00251007080078125,1,2-1,0.00222015380859375
0,840700,6,sixes,84,schema_v2_bid_value,10,2,2,2,bidder_partner,offense,0,7,0,15,20,10,7,called,0,offense,True,False,2,11,4-1,2,11,4-1,5,False,False,False,False,False,0,5,5,0,1,5,42.0,41.527523040771484,0.009891847148537636,0.0,0.0,42,42,42,42,42,0,41.921875,0.06591441234324169,1,42,,256,1,3,3,0.0,0.0,0.0,True,True,False,False,False,True,scalar_ev_lying_by_omission,partner_count_donation,first_trick_public_belief_update|partner_forcedness_and_safety,hidden_threat_offline_label_ready|needs_belief_model|public_context_ready,bid_margin,True,8,1,5-4,0.003276824951171875,1,5-4,0.003276824951171875,1,5-5,0.002262115478515625
0,840700,6,sixes,84,schema_v2_bid_value,10,2,2,2,bidder_partner,offense,0,7,0,15,20,10,7,called,0,offense,True,False,2,11,4-1,4,9,3-3,0,True,False,False,False,False,0,5,5,0,1,5,42.0,41.485206604003906,0.012746535241603851,0.0,0.0,41,41,41,41,41,0,41.0,0.4615217448770414,1,41,,256,5,4,4,0.042316436767578125,0.0,0.0,False,False,False,False,True,False,high_variance_close_mean,,first_trick_public_belief_update,hidden_threat_offline_label_ready|public_context_ready,bid_margin,True,8,1,5-4,0.00687408447265625,1,5-4,0.00687408447265625,3,5-4,0.00469970703125
0,840700,6,sixes,84,schema_v2_bid_value,10,2,2,2,bidder_partner,offense,0,7,0,15,20,10,7,called,0,offense,True,False,2,11,4-1,6,7,3-1,0,False,False,False,False,False,0,5,5,0,1,5,42.0,41.496826171875,0.012818398885428905,0.0,0.0,41,41,41,42,42,1,41.0,0.9999559719934967,1,41,,256,4,5,5,0.030696868896484375,0.0,0.0,False,False,False,False,True,False,high_variance_close_mean,,first_trick_public_belief_update,hidden_threat_offline_label_ready|public_context_ready,bid_margin,True,8,1,5-4,0.00693511962890625,1,5-4,0.00693511962890625,3,5-4,0.004749298095703125
0,840700,6,sixes,84,schema_v2_bid_value,11,2,3,3,right_setter,defense,1,7,0,20,15,15,7,called,0,offense,False,True,2,4,2-1,2,4,2-1,0,False,False,False,False,False,0,5,0,0,2,5,-41.0,-41.509517669677734,0.028495604172348976,0.0,1.0,-42,-42,-42,-41,-41,1,-42.0,0.967661552439695,1,-42,,256,1,1,1,0.0,0.0,0.0,True,True,True,True,False,False,large_lower_tail,last_to_act,first_trick_public_belief_update|last_to_act_closure_policy,hidden_threat_offline_label_ready|public_context_ready,bid_margin,True,8,2,5-5,0.014102935791015625,2,5-5,0.014102935791015625,1,5-5,0.01263427734375
0,840700,6,sixes,84,schema_v2_bid_value,11,2,3,3,right_setter,defense,1,7,0,20,15,15,7,called,0,offense,False,True,2,4,2-1,3,3,2-0,0,False,False,False,False,False,0,5,0,0,2,5,-41.0,-41.51422119140625,0.028646066784858704,0.0,1.0,-42,-42,-42,-41,-41,1,-42.0,0.9453732087003415,1,-42,,256,3,2,2,0.004703521728515625,0.0,0.0,False,False,False,False,False,False,large_lower_tail,last_to_act,first_trick_public_belief_update|last_to_act_closure_policy,hidden_threat_offline_label_ready|public_context_ready,bid_margin,True,8,2,5-5,0.0142669677734375,2,5-5,0.0142669677734375,1,5-5,0.012790679931640625
0,840700,6,sixes,84,schema_v2_bid_value,11,2,3,3,right_setter,defense,1,7,0,20,15,15,7,called,0,offense,False,True,2,4,2-1,4,2,1-1,0,True,False,False,False,False,0,5,0,0,2,5,-41.0,-41.51708984375,0.02877005562186241,0.0,1.0,-42,-42,-42,-41,-41,1,-42.0,0.9354557645575773,1,-42,,256,4,3,3,0.007572174072265625,0.0,0.0,False,False,False,False,True,False,high_variance_close_mean|large_lower_tail,last_to_act,first_trick_public_belief_update|last_to_act_closure_policy,hidden_threat_offline_label_ready|public_context_ready,bid_margin,True,8,2,5-5,0.015911102294921875,2,5-5,0.015911102294921875,1,5-5,0.014263153076171875
0,840700,6,sixes,84,schema_v2_bid_value,11,2,3,3,right_setter,defense,1,7,0,20,15,15,7,called,0,offense,False,True,2,4,2-1,5,1,1-0,0,False,False,False,False,False,0,5,0,0,2,5,-41.0,-41.513301849365234,0.028856186196208,0.0,1.0,-42,-42,-42,-41,-41,1,-42.0,0.9453732087003415,1,-42,,256,2,4,4,0.0037841796875,0.0,0.0,False,False,False,False,True,False,high_variance_close_mean|large_lower_tail,last_to_act,first_trick_public_belief_update|last_to_act_closure_policy,hidden_threat_offline_label_ready|public_context_ready,bid_margin,True,8,2,5-5,0.015056610107421875,2,5-5,0.015056610107421875,1,5-5,0.013492584228515625
0,840700,6,sixes,84,schema_v2_bid_value,11,2,3,3,right_setter,defense,1,7,0,20,15,15,7,called,0,offense,False,True,2,4,2-1,6,0,0-0,0,True,False,False,False,False,0,5,0,0,2,5,-41.0,-41.52134323120117,0.028527094051241875,0.0,1.0,-42,-42,-42,-41,-41,1,-42.0,0.9129992135852473,1,-42,,256,5,5,5,0.0118255615234375,0.0,0.0,False,False,False,False,False,False,large_lower_tail,last_to_act,first_trick_public_belief_update|last_to_act_closure_policy,hidden_threat_offline_label_ready|public_context_ready,bid_margin,True,8,2,5-5,0.015880584716796875,2,5-5,0.015880584716796875,1,5-5,0.014232635498046875
0,840700,6,sixes,84,schema_v2_bid_value,12,3,0,0,bidder,offense,2,23,0,20,15,0,,,,,False,False,1,26,6-5,1,26,6-5,0,False,True,,,True,,4,0,4,0,4,42.0,24.93072509765625,0.08767852932214737,0.0,0.0,25,25,25,25,25,0,25.0,-0.0,1,25,,256,1,1,1,0.0,0.0,0.0,True,True,True,True,True,False,high_variance_close_mean,called_suit_pressure,first_trick_public_belief_update,hidden_threat_offline_label_ready|public_context_ready,bid_margin,True,8,2,5-0,0.08140182495117188,3,5-0,0.06147003173828125,2,5-0,0.08140182495117188
0,840700,6,sixes,84,schema_v2_bid_value,12,3,0,0,bidder,offense,2,23,0,20,15,0,,,,,False,False,1,26,6-5,3,24,6-3,0,False,True,,,True,,4,0,4,0,4,42.0,24.910490036010742,0.08348453789949417,0.0,0.0,25,25,25,25,25,0,25.0,-0.0,1,25,,256,2,2,2,0.020235061645507812,0.0,0.0,False,False,False,False,True,False,high_variance_close_mean,called_suit_pressure,first_trick_public_belief_update,hidden_threat_offline_label_ready|public_context_ready,bid_margin,True,8,2,5-0,0.08410835266113281,3,5-0,0.06346511840820312,2,5-0,0.08410835266113281
0,840700,6,sixes,84,schema_v2_bid_value,12,3,0,0,bidder,offense,2,23,0,20,15,0,,,,,False,False,1,26,6-5,4,23,6-2,0,False,True,,,True,,4,0,4,0,4,42.0,24.905845642089844,0.08269175887107849,0.0,0.0,25,25,25,25,25,0,25.0,-0.0,1,25,,256,3,3,3,0.02487945556640625,0.0,0.0,False,False,False,False,False,False,,called_suit_pressure,first_trick_public_belief_update,hidden_threat_offline_label_ready|public_context_ready,bid_margin,True,8,2,5-0,0.08409881591796875,3,5-0,0.06362724304199219,2,5-0,0.08409881591796875
0,840700,6,sixes,84,schema_v2_bid_value,12,3,0,0,bidder,offense,2,23,0,20,15,0,,,,,False,False,1,26,6-5,5,22,6-1,0,False,True,,,True,,4,0,4,0,4,42.0,24.896286010742188,0.08143298327922821,0.0,0.0,25,25,25,25,25,0,25.0,-0.0,1,25,,256,4,4,4,0.0344390869140625,0.0,0.0,False,False,False,False,False,False,,called_suit_pressure,first_trick_public_belief_update,hidden_threat_offline_label_ready|public_context_ready,bid_margin,True,8,2,5-0,0.08362579345703125,3,5-0,0.06458854675292969,2,5-0,0.08362579345703125
0,840700,6,sixes,84,schema_v2_bid_value,13,3,1,1,left_setter,defense,3,23,0,20,15,0,7,called,0,offense,False,True,1,19,5-4,0,20,5-5,10,True,False,False,False,False,0,4,15,0,1,4,-41.0,-25.80258560180664,0.27557769417762756,1.0,1.0,-26,-26,-26,-26,-25,0,-26.0,0.6793929348105142,1,-26,,256,3,1,1,0.1257171630859375,0.0,0.0,False,False,True,True,True,False,high_variance_close_mean|large_lower_tail,setter_count_pressure,first_trick_public_belief_update|setter_count_before_certainty,hidden_threat_offline_label_ready|needs_real_bid_margin|public_context_ready,bid_margin,True,8,2,0-0,0.1408214569091797,2,0-0,0.1408214569091797,2,4-2,0.13715362548828125
0,840700,6,sixes,84,schema_v2_bid_value,13,3,1,1,left_setter,defense,3,23,0,20,15,0,7,called,0,offense,False,True,1,19,5-4,1,19,5-4,0,False,False,False,False,False,0,4,15,0,1,4,-41.0,-25.676868438720703,0.23750531673431396,1.0,1.0,-26,-26,-26,-25,-25,1,-26.0,0.8234274317947734,1,-26,,256,1,2,2,0.0,0.0,0.0,True,True,False,False,False,True,scalar_ev_lying_by_omission|large_lower_tail,,first_trick_public_belief_update,hidden_threat_offline_label_ready|public_context_ready,bid_margin,True,8,2,0-0,0.11822700500488281,2,0-0,0.11822700500488281,3,1-1,0.1136322021484375
0,840700,6,sixes,84,schema_v2_bid_value,13,3,1,1,left_setter,defense,3,23,0,20,15,0,7,called,0,offense,False,True,1,19,5-4,3,17,5-2,0,False,False,False,False,False,0,4,15,0,1,4,-41.0,-25.70986557006836,0.2456991821527481,1.0,1.0,-26,-26,-26,-26,-25,0,-26.0,0.7855602922535473,1,-26,,256,2,3,3,0.03299713134765625,0.0,0.0,False,False,False,False,False,False,large_lower_tail,,first_trick_public_belief_update,hidden_threat_offline_label_ready|public_context_ready,bid_margin,True,8,2,0-0,0.12188720703125,2,0-0,0.12188720703125,2,4-2,0.11922073364257812
0,840700,6,sixes,84,schema_v2_bid_value,13,3,1,1,left_setter,defense,3,23,0,20,15,0,7,called,0,offense,False,True,1,19,5-4,5,15,5-0,5,False,False,False,False,False,0,4,15,0,1,4,-41.0,-25.93342399597168,0.260130912065506,1.0,1.0,-26,-26,-26,-26,-26,0,-26.15625,0.38799494939570967,1,-26,,256,4,4,4,0.25655555725097656,0.0,0.0,False,False,False,False,True,False,high_variance_close_mean|large_lower_tail,setter_count_pressure,first_trick_public_belief_update|setter_count_before_certainty,hidden_threat_offline_label_ready|needs_real_bid_margin|public_context_ready,bid_margin,True,8,2,0-0,0.1315441131591797,2,0-0,0.1315441131591797,3,1-1,0.1259918212890625
0,840700,6,sixes,84,schema_v2_bid_value,14,3,2,2,bidder_partner,offense,0,23,0,20,15,0,7,called,0,offense,True,False,6,7,3-1,0,13,4-3,0,False,False,False,False,False,0,4,0,0,1,4,42.0,25.029150009155273,0.03198077902197838,0.0,0.0,25,25,25,25,25,0,25.0,-0.0,1,25,,256,4,1,1,0.012868881225585938,0.0,0.0,False,False,True,True,False,False,,,first_trick_public_belief_update,hidden_threat_offline_label_ready|public_context_ready,bid_margin,True,8,1,5-5,0.03526496887207031,1,5-5,0.03526496887207031,3,5-5,0.022237777709960938
0,840700,6,sixes,84,schema_v2_bid_value,14,3,2,2,bidder_partner,offense,0,23,0,20,15,0,7,called,0,offense,True,False,6,7,3-1,1,12,4-2,0,False,False,False,False,False,0,4,0,0,1,4,42.0,25.035097122192383,0.03289278596639633,0.0,0.0,25,25,25,25,25,0,25.0,-0.0,1,25,,256,2,2,2,0.0069217681884765625,0.0,0.0,False,False,False,False,True,False,high_variance_close_mean,,first_trick_public_belief_update,hidden_threat_offline_label_ready|public_context_ready,bid_margin,True,8,1,5-5,0.03633689880371094,1,5-5,0.03633689880371094,3,5-5,0.02291107177734375
0,840700,6,sixes,84,schema_v2_bid_value,14,3,2,2,bidder_partner,offense,0,23,0,20,15,0,7,called,0,offense,True,False,6,7,3-1,4,9,3-3,0,True,False,False,False,False,0,4,0,0,1,4,42.0,25.03313636779785,0.033081743866205215,0.0,0.0,25,25,25,25,25,0,25.0,-0.0,1,25,,256,3,3,3,0.008882522583007812,0.0,0.0,False,False,False,False,True,False,high_variance_close_mean,,first_trick_public_belief_update,hidden_threat_offline_label_ready|public_context_ready,bid_margin,True,8,1,5-5,0.03674125671386719,1,5-5,0.03674125671386719,3,5-5,0.023168563842773438
0,840700,6,sixes,84,schema_v2_bid_value,14,3,2,2,bidder_partner,offense,0,23,0,20,15,0,7,called,0,offense,True,False,6,7,3-1,6,7,3-1,0,False,False,False,False,False,0,4,0,0,1,4,42.0,25.04201889038086,0.03270886465907097,0.0,0.0,25,25,25,25,25,0,25.0,-0.0,1,25,,256,1,4,4,0.0,0.0,0.0,True,True,False,False,False,True,scalar_ev_lying_by_omission,,first_trick_public_belief_update,hidden_threat_offline_label_ready|public_context_ready,bid_margin,True,8,1,5-5,0.0359344482421875,1,5-5,0.0359344482421875,3,5-5,0.022657394409179688
0,840700,6,sixes,84,schema_v2_bid_value,15,3,3,3,right_setter,defense,1,23,0,20,15,0,7,called,0,offense,False,True,4,2,1-1,3,3,2-0,0,False,False,False,False,False,0,4,0,0,2,4,-41.0,-25.012006759643555,0.042915839701890945,1.0,1.0,-25,-25,-25,-25,-25,0,-25.0,-0.0,1,-25,,256,4,1,1,0.0072765350341796875,0.0,0.0,False,False,True,True,True,False,high_variance_close_mean|large_lower_tail,last_to_act,first_trick_public_belief_update|last_to_act_closure_policy,hidden_threat_offline_label_ready|public_context_ready,bid_margin,True,8,1,5-0,0.03563880920410156,1,5-0,0.03563880920410156,2,5-0,0.03144645690917969
0,840700,6,sixes,84,schema_v2_bid_value,15,3,3,3,right_setter,defense,1,23,0,20,15,0,7,called,0,offense,False,True,4,2,1-1,4,2,1-1,0,True,False,False,False,False,0,4,0,0,2,4,-41.0,-25.004730224609375,0.04206274077296257,1.0,1.0,-25,-25,-25,-25,-25,0,-25.0,-0.0,1,-25,,256,1,2,2,0.0,0.0,0.0,True,True,False,False,True,True,scalar_ev_lying_by_omission|high_variance_close_mean|large_lower_tail,last_to_act,first_trick_public_belief_update|last_to_act_closure_policy,hidden_threat_offline_label_ready|public_context_ready,bid_margin,True,8,1,5-0,0.03563117980957031,1,5-0,0.03563117980957031,2,5-0,0.03143501281738281
0,840700,6,sixes,84,schema_v2_bid_value,15,3,3,3,right_setter,defense,1,23,0,20,15,0,7,called,0,offense,False,True,4,2,1-1,5,1,1-0,0,False,False,False,False,False,0,4,0,0,2,4,-41.0,-25.006067276000977,0.04201023280620575,1.0,1.0,-25,-25,-25,-25,-25,0,-25.0,-0.0,1,-25,,256,2,3,3,0.0013370513916015625,0.0,0.0,False,False,False,False,False,False,large_lower_tail,last_to_act,first_trick_public_belief_update|last_to_act_closure_policy,hidden_threat_offline_label_ready|public_context_ready,bid_margin,True,8,1,5-0,0.035663604736328125,1,5-0,0.035663604736328125,2,5-0,0.031475067138671875
0,840700,6,sixes,84,schema_v2_bid_value,15,3,3,3,right_setter,defense,1,23,0,20,15,0,7,called,0,offense,False,True,4,2,1-1,6,0,0-0,0,True,False,False,False,False,0,4,0,0,2,4,-41.0,-25.01005744934082,0.04105756804347038,1.0,1.0,-25,-25,-25,-25,-25,0,-25.0,-0.0,1,-25,,256,3,4,4,0.0053272247314453125,0.0,0.0,False,False,False,False,False,False,large_lower_tail,last_to_act,first_trick_public_belief_update|last_to_act_closure_policy,hidden_threat_offline_label_ready|public_context_ready,bid_margin,True,8,1,5-0,0.03508949279785156,1,5-0,0.03508949279785156,2,5-0,0.030963897705078125
0,840700,6,sixes,84,schema_v2_bid_value,16,4,0,0,bidder,offense,2,24,0,20,15,0,,,,,False,False,3,24,6-3,3,24,6-3,0,False,True,,,True,,3,0,3,0,3,42.0,23.9569149017334,0.1678902506828308,0.0,0.0,24,24,24,24,24,0,23.609375000000004,0.23797715131903663,1,24,,256,1,1,1,0.0,0.0,0.0,True,True,True,True,True,False,high_variance_close_mean,called_suit_pressure|late_hand,first_trick_public_belief_update|late_trick_threshold_closure,distribution_labels_ready|hidden_threat_offline_label_ready|public_context_ready,bid_margin,True,8,3,5-5,0.1399383544921875,1,5-5,0.13500213623046875,3,5-5,0.1399383544921875
0,840700,6,sixes,84,schema_v2_bid_value,16,4,0,0,bidder,offense,2,24,0,20,15,0,,,,,False,False,3,24,6-3,4,23,6-2,0,False,True,,,True,,3,0,3,0,3,42.0,23.955095291137695,0.1671377569437027,0.0,0.0,24,24,24,24,24,0,23.609375000000004,0.23797715131903663,1,24,,256,2,2,2,0.001819610595703125,0.0,0.0,False,False,False,False,False,False,,called_suit_pressure|late_hand,first_trick_public_belief_update|late_trick_threshold_closure,distribution_labels_ready|hidden_threat_offline_label_ready|public_context_ready,bid_margin,True,8,3,5-5,0.13711166381835938,1,5-5,0.13508987426757812,3,5-5,0.13711166381835938
0,840700,6,sixes,84,schema_v2_bid_value,16,4,0,0,bidder,offense,2,24,0,20,15,0,,,,,False,False,3,24,6-3,5,22,6-1,0,False,True,,,True,,3,0,3,0,3,42.0,23.950305938720703,0.1672365814447403,0.0,0.0,24,24,24,24,24,0,23.609375000000004,0.23797715131903663,1,24,,256,3,3,3,0.0066089630126953125,0.0,0.0,False,False,False,False,True,False,high_variance_close_mean,called_suit_pressure|late_hand,first_trick_public_belief_update|late_trick_threshold_closure,distribution_labels_ready|hidden_threat_offline_label_ready|public_context_ready,bid_margin,True,8,1,5-5,0.13631629943847656,1,5-5,0.13631629943847656,3,5-5,0.1355266571044922
0,840700,6,sixes,84,schema_v2_bid_value,17,4,1,1,left_setter,defense,3,24,0,20,15,0,7,called,0,offense,False,True,0,20,5-5,0,20,5-5,10,True,False,False,False,False,0,3,15,0,1,3,-41.0,-24.269437789916992,0.012487628497183323,1.0,1.0,-24,-24,-24,-24,-24,0,-24.000000000000004,-0.0,1,-24,,256,1,1,1,0.0,0.0,0.0,True,True,True,True,False,False,large_lower_tail,late_hand|setter_count_pressure,first_trick_public_belief_update|late_trick_threshold_closure|setter_count_before_certainty,distribution_labels_ready|hidden_threat_offline_label_ready|needs_real_bid_margin|public_context_ready,bid_margin,True,8,2,1-0,0.0075836181640625,3,1-0,0.0074672698974609375,2,1-0,0.0075836181640625
0,840700,6,sixes,84,schema_v2_bid_value,17,4,1,1,left_setter,defense,3,24,0,20,15,0,7,called,0,offense,False,True,0,20,5-5,3,17,5-2,0,False,False,False,False,False,0,3,15,0,1,3,-41.0,-24.27237319946289,0.012662496417760849,1.0,1.0,-24,-24,-24,-24,-24,0,-24.000000000000004,-0.0,1,-24,,256,2,2,2,0.0029354095458984375,0.0,0.0,False,False,False,False,True,False,high_variance_close_mean|large_lower_tail,late_hand,first_trick_public_belief_update|late_trick_threshold_closure,distribution_labels_ready|hidden_threat_offline_label_ready|public_context_ready,bid_margin,True,8,3,4-3,0.007854461669921875,3,1-0,0.0073070526123046875,3,4-3,0.007854461669921875
0,840700,6,sixes,84,schema_v2_bid_value,17,4,1,1,left_setter,defense,3,24,0,20,15,0,7,called,0,offense,False,True,0,20,5-5,5,15,5-0,5,False,False,False,False,False,0,3,15,0,1,3,-41.0,-24.281940460205078,0.012949926778674126,1.0,1.0,-24,-24,-24,-24,-24,0,-24.000000000000004,-0.0,1,-24,,256,3,3,3,0.012502670288085938,0.0,0.0,False,False,False,False,True,False,high_variance_close_mean|large_lower_tail,late_hand|setter_count_pressure,first_trick_public_belief_update|late_trick_threshold_closure|setter_count_before_certainty,distribution_labels_ready|hidden_threat_offline_label_ready|needs_real_bid_margin|public_context_ready,bid_margin,True,8,3,4-3,0.007978439331054688,3,1-0,0.0076999664306640625,3,4-3,0.007978439331054688
0,840700,6,sixes,84,schema_v2_bid_value,18,4,2,2,bidder_partner,offense,0,24,0,30,5,10,7,called,0,offense,True,False,0,13,4-3,0,13,4-3,0,False,False,False,False,False,0,3,0,0,1,3,42.0,24.333511352539062,0.2336970418691635,0.0,0.0,24,24,24,25,25,1,24.000000000000004,0.8234274317947734,1,24,,256,1,1,1,0.0,0.0,0.0,True,True,True,True,True,False,high_variance_close_mean,late_hand,first_trick_public_belief_update|late_trick_threshold_closure,distribution_labels_ready|hidden_threat_offline_label_ready|public_context_ready,bid_margin,True,8,1,5-0,0.18802833557128906,1,5-0,0.18802833557128906,3,5-0,0.1462421417236328
0,840700,6,sixes,84,schema_v2_bid_value,18,4,2,2,bidder_partner,offense,0,24,0,30,5,10,7,called,0,offense,True,False,0,13,4-3,1,12,4-2,0,False,False,False,False,False,0,3,0,0,1,3,42.0,24.32969093322754,0.2313949018716812,0.0,0.0,24,24,24,25,25,1,24.000000000000004,0.8234274317947734,1,24,,256,3,2,2,0.0038204193115234375,0.0,0.0,False,False,False,False,True,False,high_variance_close_mean,late_hand,first_trick_public_belief_update|late_trick_threshold_closure,distribution_labels_ready|hidden_threat_offline_label_ready|public_context_ready,bid_margin,True,8,1,5-0,0.18509292602539062,1,5-0,0.18509292602539062,3,5-0,0.14396286010742188
0,840700,6,sixes,84,schema_v2_bid_value,18,4,2,2,bidder_partner,offense,0,24,0,30,5,10,7,called,0,offense,True,False,0,13,4-3,4,9,3-3,0,True,False,False,False,False,0,3,0,0,1,3,42.0,24.331138610839844,0.2278701663017273,0.0,0.0,24,24,24,25,25,1,24.000000000000004,0.8234274317947734,1,24,,256,2,3,3,0.00237274169921875,0.0,0.0,False,False,False,False,False,False,,late_hand,first_trick_public_belief_update|late_trick_threshold_closure,distribution_labels_ready|hidden_threat_offline_label_ready|public_context_ready,bid_margin,True,8,1,5-0,0.18437576293945312,1,5-0,0.18437576293945312,3,5-0,0.143402099609375
0,840700,6,sixes,84,schema_v2_bid_value,19,4,3,3,right_setter,defense,1,24,0,30,5,10,7,called,0,offense,False,True,6,0,0-0,3,3,2-0,0,False,False,False,False,False,0,3,0,0,1,3,-41.0,-24.925487518310547,1.0079355239868164,1.0,1.0,-27,-25,-24,-24,-24,1,-27.0,1.400500992932252,2,-27|-24,3,256,3,1,1,0.03781890869140625,0.0,0.0,False,False,True,True,True,False,high_variance_close_mean|multi_peak_pdf|large_lower_tail,last_to_act|late_hand,first_trick_public_belief_update|last_to_act_closure_policy|late_trick_threshold_closure,distribution_labels_ready|hidden_threat_offline_label_ready|public_context_ready,bid_margin,True,8,1,5-0,0.8586978912353516,1,5-0,0.8586978912353516,2,5-0,0.6469631195068359
0,840700,6,sixes,84,schema_v2_bid_value,19,4,3,3,right_setter,defense,1,24,0,30,5,10,7,called,0,offense,False,True,6,0,0-0,5,1,1-0,0,False,False,False,False,False,0,3,0,0,1,3,-41.0,-24.90349769592285,1.007366418838501,1.0,1.0,-27,-25,-24,-24,-24,1,-27.0,1.400500992932252,2,-27|-24,3,256,2,2,2,0.015829086303710938,0.0,0.0,False,False,False,False,True,False,high_variance_close_mean|multi_peak_pdf|large_lower_tail,last_to_act|late_hand,first_trick_public_belief_update|last_to_act_closure_policy|late_trick_threshold_closure,distribution_labels_ready|hidden_threat_offline_label_ready|public_context_ready,bid_margin,True,8,1,5-0,0.8416175842285156,1,5-0,0.8416175842285156,2,5-0,0.6340923309326172
0,840700,6,sixes,84,schema_v2_bid_value,19,4,3,3,right_setter,defense,1,24,0,30,5,10,7,called,0,offense,False,True,6,0,0-0,6,0,0-0,0,True,False,False,False,False,0,3,0,0,1,3,-41.0,-24.88766860961914,0.9895644187927246,1.0,1.0,-27,-25,-24,-24,-24,1,-27.0,1.400500992932252,2,-27|-24,3,256,1,3,3,0.0,0.0,0.0,True,True,False,False,False,True,scalar_ev_lying_by_omission|multi_peak_pdf|large_lower_tail,last_to_act|late_hand,first_trick_public_belief_update|last_to_act_closure_policy|late_trick_threshold_closure,distribution_labels_ready|hidden_threat_offline_label_ready|public_context_ready,bid_margin,True,8,1,5-0,0.8134613037109375,1,5-0,0.8134613037109375,2,5-0,0.612884521484375
0,840700,6,sixes,84,schema_v2_bid_value,20,5,0,0,bidder,offense,2,35,0,30,5,0,,,,,False,False,5,22,6-1,4,23,6-2,0,False,True,,,True,,2,0,2,0,2,42.0,12.261860847473145,0.45420387387275696,0.0,0.0,12,12,13,13,13,1,11.218750000000002,1.3066379682840743,1,13,,256,2,1,1,0.005391120910644531,0.0,0.0,False,False,True,True,True,False,high_variance_close_mean,called_suit_pressure|late_hand,first_trick_public_belief_update|late_trick_threshold_closure,distribution_labels_ready|hidden_threat_offline_label_ready|public_context_ready,bid_margin,True,8,3,5-0,0.5900230407714844,3,5-0,0.5900230407714844,2,5-0,0.2943401336669922
0,840700,6,sixes,84,schema_v2_bid_value,20,5,0,0,bidder,offense,2,35,0,30,5,0,,,,,False,False,5,22,6-1,5,22,6-1,0,False,True,,,True,,2,0,2,0,2,42.0,12.267251968383789,0.45156562328338623,0.0,0.0,12,12,13,13,13,1,11.296875000000002,1.2874726824118645,1,13,,256,1,2,2,0.0,0.0,0.0,True,True,False,False,True,True,scalar_ev_lying_by_omission|high_variance_close_mean,called_suit_pressure|late_hand,first_trick_public_belief_update|late_trick_threshold_closure,distribution_labels_ready|hidden_threat_offline_label_ready|public_context_ready,bid_margin,True,8,3,5-0,0.5860500335693359,3,5-0,0.5860500335693359,2,5-0,0.2921562194824219
0,840700,6,sixes,84,schema_v2_bid_value,21,5,1,1,left_setter,defense,3,35,0,30,5,0,7,called,0,offense,False,True,3,17,5-2,3,17,5-2,0,False,False,False,False,False,0,2,5,0,0,2,-41.0,-12.589974403381348,0.013900709338486195,1.0,0.0,-13,-13,-13,-13,-13,0,-13.0,-0.0,1,-13,,256,1,1,1,0.0,0.0,0.0,True,True,True,True,True,False,high_variance_close_mean,late_hand,first_trick_public_belief_update|late_trick_threshold_closure,distribution_labels_ready|hidden_threat_offline_label_ready|public_context_ready,bid_margin,True,8,3,4-2,0.008929252624511719,2,4-2,0.008787155151367188,3,4-2,0.008929252624511719
0,840700,6,sixes,84,schema_v2_bid_value,21,5,1,1,left_setter,defense,3,35,0,30,5,0,7,called,0,offense,False,True,3,17,5-2,5,15,5-0,5,False,False,False,False,False,0,2,5,0,0,2,-41.0,-12.610400199890137,0.014332824386656284,1.0,0.0,-13,-13,-13,-13,-13,0,-13.0,-0.0,1,-13,,256,2,2,2,0.020425796508789062,0.0,0.0,False,False,False,False,True,False,high_variance_close_mean,late_hand|setter_count_pressure,first_trick_public_belief_update|late_trick_threshold_closure|setter_count_before_certainty,distribution_labels_ready|hidden_threat_offline_label_ready|needs_real_bid_margin|public_context_ready,bid_margin,True,8,3,4-2,0.009288787841796875,2,4-2,0.009146690368652344,3,4-2,0.009288787841796875
0,840700,6,sixes,84,schema_v2_bid_value,22,5,2,2,bidder_partner,offense,0,35,0,30,5,0,7,called,0,offense,True,False,1,12,4-2,1,12,4-2,0,False,False,False,False,False,0,2,0,0,1,2,42.0,12.621755599975586,0.020953591912984848,0.0,0.0,13,13,13,13,13,0,13.0,-0.0,1,13,,256,1,1,1,0.0,0.0,0.0,True,True,True,True,True,False,high_variance_close_mean,late_hand,first_trick_public_belief_update|late_trick_threshold_closure,distribution_labels_ready|hidden_threat_offline_label_ready|public_context_ready,bid_margin,True,7,1,2-0,0.02642822265625,1,2-0,0.02642822265625,1,5-0,0.024292945861816406
0,840700,6,sixes,84,schema_v2_bid_value,22,5,2,2,bidder_partner,offense,0,35,0,30,5,0,7,called,0,offense,True,False,1,12,4-2,4,9,3-3,0,True,False,False,False,False,0,2,0,0,1,2,42.0,12.620184898376465,0.02143283747136593,0.0,0.0,13,13,13,13,13,0,13.0,-0.0,1,13,,256,2,2,2,0.0015707015991210938,0.0,0.0,False,False,False,False,True,False,high_variance_close_mean,late_hand,first_trick_public_belief_update|late_trick_threshold_closure,distribution_labels_ready|hidden_threat_offline_label_ready|public_context_ready,bid_margin,True,7,1,2-0,0.027088165283203125,1,2-0,0.027088165283203125,1,5-0,0.024805068969726562
0,840700,6,sixes,84,schema_v2_bid_value,23,5,3,3,right_setter,defense,1,35,0,30,5,0,7,called,0,offense,False,True,5,1,1-0,3,3,2-0,0,False,False,False,False,False,0,2,0,0,0,2,-41.0,-12.561690330505371,0.02323061227798462,1.0,0.0,-13,-13,-13,-13,-13,0,-13.0,-0.0,1,-13,,256,2,1,1,0.004485130310058594,0.0,0.0,False,False,True,True,True,False,high_variance_close_mean,last_to_act|late_hand,first_trick_public_belief_update|last_to_act_closure_policy|late_trick_threshold_closure,distribution_labels_ready|hidden_threat_offline_label_ready|public_context_ready,bid_margin,True,5,2,3-3,0.02492809295654297,2,3-3,0.02492809295654297,1,3-3,0.021650314331054688
0,840700,6,sixes,84,schema_v2_bid_value,23,5,3,3,right_setter,defense,1,35,0,30,5,0,7,called,0,offense,False,True,5,1,1-0,5,1,1-0,0,False,False,False,False,False,0,2,0,0,0,2,-41.0,-12.557205200195312,0.023147372528910637,1.0,0.0,-13,-13,-13,-13,-13,0,-13.0,-0.0,1,-13,,256,1,2,2,0.0,0.0,0.0,True,True,False,False,True,True,scalar_ev_lying_by_omission|high_variance_close_mean,last_to_act|late_hand,first_trick_public_belief_update|last_to_act_closure_policy|late_trick_threshold_closure,distribution_labels_ready|hidden_threat_offline_label_ready|public_context_ready,bid_margin,True,5,2,3-3,0.024834632873535156,2,3-3,0.024834632873535156,1,3-3,0.021574974060058594
0,840700,6,sixes,84,schema_v2_bid_value,24,6,0,0,bidder,offense,2,36,0,30,5,0,,,,,False,False,4,23,6-2,4,23,6-2,0,False,True,,,True,,1,0,1,0,1,42.0,11.226850509643555,0.04724535718560219,0.0,0.0,11,11,11,11,11,0,11.0,-0.0,1,11,,256,1,1,1,0.0,0.0,0.0,True,True,True,True,False,False,,called_suit_pressure|late_hand,first_trick_public_belief_update|late_trick_threshold_closure,distribution_labels_ready|hidden_threat_offline_label_ready|public_context_ready,bid_margin,True,8,3,5-0,0.06151294708251953,3,5-0,0.06151294708251953,1,5-0,0.03754615783691406
0,840700,6,sixes,84,schema_v2_bid_value,25,6,1,1,left_setter,defense,3,36,0,30,5,0,7,called,0,offense,False,True,5,15,5-0,5,15,5-0,5,False,False,False,False,False,0,1,5,0,0,1,-41.0,-11.475300788879395,0.021619971841573715,1.0,0.0,-11,-11,-11,-11,-11,0,-11.0,-0.0,1,-11,,256,1,1,1,0.0,0.0,0.0,True,True,True,True,False,False,,late_hand|setter_count_pressure,first_trick_public_belief_update|late_trick_threshold_closure|setter_count_before_certainty,distribution_labels_ready|hidden_threat_offline_label_ready|needs_real_bid_margin|public_context_ready,bid_margin,True,4,2,2-0,0.02248096466064453,2,2-0,0.02248096466064453,3,2-0,0.020793914794921875
0,840700,6,sixes,84,schema_v2_bid_value,26,6,2,2,bidder_partner,offense,0,36,0,35,0,5,7,called,0,offense,True,False,4,9,3-3,4,9,3-3,0,True,False,False,False,False,0,1,0,0,1,1,42.0,10.9033203125,0.0,0.0,0.0,11,11,11,11,11,0,11.0,-0.0,1,11,,256,1,1,1,0.0,0.0,0.0,True,True,True,True,False,False,,late_hand,first_trick_public_belief_update|late_trick_threshold_closure,distribution_labels_ready|hidden_threat_offline_label_ready|public_context_ready,bid_margin,True,1,3,2-0,0.0,3,2-0,0.0,3,2-0,0.0
0,840700,6,sixes,84,schema_v2_bid_value,27,6,3,3,right_setter,defense,1,36,0,35,0,5,7,called,0,offense,False,True,3,3,2-0,3,3,2-0,0,False,False,False,False,False,0,1,0,0,0,1,-41.0,-11.581039428710938,0.0,1.0,0.0,-12,-12,-12,-12,-12,0,-12.000000000000002,-0.0,1,-12,,256,1,1,1,0.0,0.0,0.0,True,True,True,True,False,False,,last_to_act|late_hand,first_trick_public_belief_update|last_to_act_closure_policy|late_trick_threshold_closure,distribution_labels_ready|public_context_ready,bid_margin,False,0,,,,,,,,,
1,840701,6,sixes,84,schema_v2_bid_value,0,0,0,0,bidder,offense,2,0,0,0,35,0,,,,,False,False,1,26,6-5,0,27,6-6,0,True,True,,,True,,7,20,4,3,7,42.0,40.186275482177734,2.05294132232666,0.0,0.0,37,40,41,41,41,1,35.203125,1.931270484487684,2,39|41,2,256,4,1,1,0.16855239868164062,0.0,0.0,False,False,True,True,False,False,multi_peak_pdf,bidder_opening_lead|called_suit_pressure|first_trick,bidder_first_lead_plan,hidden_threat_offline_label_ready|public_context_ready,bid_margin,True,8,2,5-4,1.1854629516601562,3,5-4,0.7774505615234375,2,5-4,1.1854629516601562
1,840701,6,sixes,84,schema_v2_bid_value,0,0,0,0,bidder,offense,2,0,0,0,35,0,,,,,False,False,1,26,6-5,1,26,6-5,0,False,True,,,True,,7,20,4,3,7,42.0,40.237083435058594,2.010221481323242,0.0,0.0,38,40,41,41,41,1,35.265625,1.9053544644781186,1,41,,256,2,2,2,0.11774444580078125,0.0,0.0,True,False,False,False,False,False,,bidder_opening_lead|called_suit_pressure|first_trick,bidder_first_lead_plan,hidden_threat_offline_label_ready|public_context_ready,bid_margin,True,8,2,5-4,1.1380386352539062,3,5-4,0.7419357299804688,2,5-4,1.1380386352539062
1,840701,6,sixes,84,schema_v2_bid_value,0,0,0,0,bidder,offense,2,0,0,0,35,0,,,,,False,False,1,26,6-5,2,25,6-4,10,False,True,,,True,,7,20,4,3,7,42.0,40.354827880859375,1.7306163311004639,0.0,0.0,38,40,41,41,41,1,36.046875,1.6737995377481338,1,41,,256,1,3,3,0.0,0.0,0.0,False,True,False,False,False,True,scalar_ev_lying_by_omission,bidder_opening_lead|called_suit_pressure|first_trick,bidder_first_lead_plan,hidden_threat_offline_label_ready|public_context_ready,bid_margin,True,8,2,5-4,0.9477767944335938,3,5-4,0.5861625671386719,2,5-4,0.9477767944335938
1,840701,6,sixes,84,schema_v2_bid_value,0,0,0,0,bidder,offense,2,0,0,0,35,0,,,,,False,False,1,26,6-5,3,24,6-3,0,False,True,,,True,,7,20,4,3,7,42.0,40.195613861083984,2.0244381427764893,0.0,0.0,37,40,41,41,41,1,35.1640625,1.8911579957650448,1,41,,256,3,4,4,0.15921401977539062,0.0,0.0,False,False,False,False,False,False,,bidder_opening_lead|called_suit_pressure|first_trick,bidder_first_lead_plan,hidden_threat_offline_label_ready|public_context_ready,bid_margin,True,8,2,5-4,1.1581077575683594,3,5-4,0.7498359680175781,2,5-4,1.1581077575683594
1,840701,6,sixes,84,schema_v2_bid_value,0,0,0,0,bidder,offense,2,0,0,0,35,0,,,,,False,False,1,26,6-5,4,20,5-5,10,True,False,,,True,,7,20,4,3,7,42.0,34.49740982055664,9.170903205871582,0.0,0.0,21,34,38,40,41,6,10.3359375,3.954924700422177,4,32|35|38|41,9,256,7,5,5,5.857418060302734,0.0,0.0,False,False,False,False,False,False,multi_peak_pdf,bidder_opening_lead|first_trick,bidder_first_lead_plan,hidden_threat_offline_label_ready|public_context_ready,bid_margin,True,8,2,5-3,2.5860443115234375,2,5-3,2.5860443115234375,2,6-0,2.1191749572753906
1,840701,6,sixes,84,schema_v2_bid_value,0,0,0,0,bidder,offense,2,0,0,0,35,0,,,,,False,False,1,26,6-5,5,14,4-4,0,True,False,,,True,,7,20,4,3,7,42.0,38.91505432128906,4.40859842300415,0.0,0.0,36,38,40,41,41,3,29.1640625,2.6018403475995164,2,36|41,5,256,5,6,6,1.4397735595703125,0.0,0.0,False,False,False,False,False,False,multi_peak_pdf,bidder_opening_lead|first_trick,bidder_first_lead_plan,hidden_threat_offline_label_ready|public_context_ready,bid_margin,True,8,2,4-0,1.27880859375,2,4-0,1.27880859375,1,4-0,0.7325592041015625
1,840701,6,sixes,84,schema_v2_bid_value,0,0,0,0,bidder,offense,2,0,0,0,35,0,,,,,False,False,1,26,6-5,6,13,4-3,0,False,False,,,True,,7,20,4,3,7,42.0,38.07292938232422,5.021486759185791,0.0,0.0,33,37,40,41,41,4,26.28125,2.8914478730260917,3,33|38|41,8,256,6,7,7,2.2818984985351562,0.0,0.0,False,False,False,False,False,False,multi_peak_pdf,bidder_opening_lead|first_trick,bidder_first_lead_plan,hidden_threat_offline_label_ready|public_context_ready,bid_margin,True,8,2,5-4,2.0874404907226562,3,5-4,1.2373504638671875,2,5-4,2.0874404907226562
1,840701,6,sixes,84,schema_v2_bid_value,1,0,1,1,left_setter,defense,3,0,0,0,35,0,7,called,0,offense,False,True,2,21,6-0,0,23,6-2,0,False,True,True,False,False,40,7,0,3,0,3,-41.0,-9.070169448852539,27.046363830566406,0.90234375,0.4453125,-41,-35,-12,10,36,45,-41.50781249999999,5.88640698295443,7,-41|-37|-34|-9|10|36|40,81,256,3,3,3,0.21931076049804688,0.01171875,0.00390625,False,False,False,False,True,False,high_variance_close_mean|multi_peak_pdf|wide_shelf_gap|high_std|large_lower_tail|hidden_threat_large_impact,called_suit_pressure|first_setter_response|first_trick,first_setter_pounce_window,hidden_threat_offline_label_ready|needs_real_bid_margin,bid_margin,True,8,0,6-6,27.750882863998413,0,6-6,27.44098699092865,3,6-6,24.57084421440959
1,840701,6,sixes,84,schema_v2_bid_value,1,0,1,1,left_setter,defense,3,0,0,0,35,0,7,called,0,offense,False,True,2,21,6-0,1,22,6-1,0,False,True,True,False,False,39,7,0,3,0,3,-41.0,-8.96052360534668,27.021501541137695,0.91015625,0.44140625,-41,-35,-12,10,36,45,-41.46874999999999,5.904834670615255,7,-41|-37|-34|-9|-1|36|40,81,256,2,2,1,0.1096649169921875,0.00390625,0.0,False,False,False,True,True,False,high_variance_close_mean|multi_peak_pdf|wide_shelf_gap|high_std|large_lower_tail|hidden_threat_large_impact,called_suit_pressure|first_setter_response|first_trick,first_setter_pounce_window,hidden_threat_offline_label_ready|needs_real_bid_margin,bid_margin,True,8,0,6-6,27.94240641593933,0,6-6,27.377302527427673,3,6-6,24.443635504692793
1,840701,6,sixes,84,schema_v2_bid_value,1,0,1,1,left_setter,defense,3,0,0,0,35,0,7,called,0,offense,False,True,2,21,6-0,2,21,6-0,0,False,True,True,False,False,38,7,0,3,0,3,-41.0,-8.850858688354492,26.989276885986328,0.9140625,0.44140625,-41,-35,-12,10,36,45,-41.46874999999999,5.882674349059657,9,-41|-39|-37|-34|-28|-9|-1|36|40,81,256,1,1,2,0.0,0.0,0.0,True,True,True,False,False,True,scalar_ev_lying_by_omission|multi_peak_pdf|wide_shelf_gap|high_std|large_lower_tail|hidden_threat_large_impact,called_suit_pressure|first_setter_response|first_trick,first_setter_pounce_window,hidden_threat_offline_label_ready|needs_real_bid_margin,bid_margin,True,8,0,6-6,27.87701678276062,0,6-6,27.350975394248962,3,6-6,24.38698248192668
1,840701,6,sixes,84,schema_v2_bid_value,2,0,2,2,bidder_partner,offense,0,0,0,0,35,0,7,called,0,offense,True,False,2,11,4-1,0,15,5-0,5,False,False,False,False,False,0,7,15,0,1,7,42.0,-2.7120473384857178,28.434585571289062,0.0,0.328125,-42,-31,-4,18,41,49,-42.0,5.559956172763249,4,-42|-6|18|41,83,256,1,1,1,0.0,0.0,0.0,False,True,True,True,False,True,scalar_ev_lying_by_omission|multi_peak_pdf|wide_shelf_gap|high_std|large_lower_tail|hidden_threat_large_impact,first_trick|partner_count_donation|partner_third_seat_support,partner_forcedness_and_safety|partner_third_seat_safe_donation,hidden_threat_offline_label_ready|needs_belief_model|public_context_ready,bid_margin,True,8,0,6-6,31.77025008201599,3,6-6,26.171926975250244,0,6-6,30.12962508201599
1,840701,6,sixes,84,schema_v2_bid_value,2,0,2,2,bidder_partner,offense,0,0,0,0,35,0,7,called,0,offense,True,False,2,11,4-1,1,12,4-2,0,False,False,False,False,False,0,7,15,0,1,7,42.0,-6.495453834533691,28.7805233001709,0.0,0.3984375,-42,-37,-9,18,40,55,-42.0,5.469463258618133,7,-42|-39|-28|-10|-5|18|41,83,256,6,2,6,3.7834064960479736,0.0,0.0703125,False,False,False,False,False,False,multi_peak_pdf|wide_shelf_gap|high_std|large_lower_tail|hidden_threat_large_impact,first_trick|partner_third_seat_support,partner_third_seat_safe_donation,hidden_threat_offline_label_ready|public_context_ready,bid_margin,True,8,0,6-6,32.52594469487667,3,6-6,22.318772196769714,0,6-6,30.72125720232725
1,840701,6,sixes,84,schema_v2_bid_value,2,0,2,2,bidder_partner,offense,0,0,0,0,35,0,7,called,0,offense,True,False,2,11,4-1,2,11,4-1,5,False,False,False,False,False,0,7,15,0,1,7,42.0,-4.070348739624023,29.01720428466797,0.0,0.3671875,-42,-33,-5,18,41,51,-42.0,5.443471216346061,7,-42|-31|-12|4|14|18|41,83,256,2,3,3,1.3583014011383057,0.0,0.0390625,True,False,False,False,False,False,multi_peak_pdf|wide_shelf_gap|high_std|large_lower_tail|hidden_threat_large_impact,first_trick|partner_count_donation|partner_third_seat_support,partner_forcedness_and_safety|partner_third_seat_safe_donation,hidden_threat_offline_label_ready|needs_belief_model|public_context_ready,bid_margin,True,8,0,6-6,33.275760650634766,3,6-6,27.318522930145264,0,6-6,31.439823150634766
1,840701,6,sixes,84,schema_v2_bid_value,2,0,2,2,bidder_partner,offense,0,0,0,0,35,0,7,called,0,offense,True,False,2,11,4-1,3,10,4-0,0,False,False,False,False,False,0,7,15,0,1,7,42.0,-6.192452907562256,28.767414093017578,0.0,0.39453125,-42,-36,-8,18,40,54,-42.0,5.48598580662016,5,-42|-7|-5|18|41,83,256,5,4,4,3.480405569076538,0.0,0.06640625,False,False,False,False,False,False,multi_peak_pdf|wide_shelf_gap|high_std|large_lower_tail|hidden_threat_large_impact,first_trick|partner_third_seat_support,partner_third_seat_safe_donation,hidden_threat_offline_label_ready|public_context_ready,bid_margin,True,8,0,6-6,32.3618884049356,3,6-6,22.20640218257904,0,6-6,30.514232156798244
1,840701,6,sixes,84,schema_v2_bid_value,2,0,2,2,bidder_partner,offense,0,0,0,0,35,0,7,called,0,offense,True,False,2,11,4-1,4,9,3-3,0,True,False,False,False,False,0,7,15,0,1,7,42.0,-9.302874565124512,27.10222053527832,0.0,0.4453125,-42,-38,-10,15,33,53,-42.0,5.603058475492107,4,-42|-6|18|41,83,256,7,5,7,6.590827226638794,0.0,0.1171875,False,False,False,False,False,False,multi_peak_pdf|wide_shelf_gap|high_std|large_lower_tail|hidden_threat_large_impact,first_trick|partner_third_seat_support,partner_third_seat_safe_donation,hidden_threat_offline_label_ready|public_context_ready,bid_margin,True,8,0,6-6,30.529566757380962,3,6-6,20.741199016571045,0,6-6,28.553004261106253
1,840701,6,sixes,84,schema_v2_bid_value,2,0,2,2,bidder_partner,offense,0,0,0,0,35,0,7,called,0,offense,True,False,2,11,4-1,5,8,3-2,5,False,False,False,False,False,0,7,15,0,1,7,42.0,-4.474731922149658,28.756101608276367,0.0,0.35546875,-42,-32,-7,18,41,50,-42.0,5.4678484014853215,5,-42|-31|-11|18|41,83,256,3,6,2,1.7626845836639404,0.0,0.02734375,False,False,False,False,False,False,multi_peak_pdf|wide_shelf_gap|high_std|large_lower_tail|hidden_threat_large_impact,first_trick|partner_count_donation|partner_third_seat_support,partner_forcedness_and_safety|partner_third_seat_safe_donation,hidden_threat_offline_label_ready|needs_belief_model|public_context_ready,bid_margin,True,8,0,6-6,32.686100482940674,3,6-6,26.664201140403748,0,6-6,30.908756732940674
1,840701,6,sixes,84,schema_v2_bid_value,2,0,2,2,bidder_partner,offense,0,0,0,0,35,0,7,called,0,offense,True,False,2,11,4-1,6,7,3-1,0,False,False,False,False,False,0,7,15,0,1,7,42.0,-6.066557884216309,28.497833251953125,0.0,0.39453125,-42,-36,-7,18,40,54,-42.0,5.510835818849491,5,-42|-7|-5|18|41,83,256,4,7,5,3.354510545730591,0.0,0.06640625,False,False,False,False,False,False,multi_peak_pdf|wide_shelf_gap|high_std|large_lower_tail|hidden_threat_large_impact,first_trick|partner_third_seat_support,partner_third_seat_safe_donation,hidden_threat_offline_label_ready|public_context_ready,bid_margin,True,8,0,6-6,31.731562599539757,3,6-6,22.046421885490417,0,6-6,29.946406356990337
1,840701,6,sixes,84,schema_v2_bid_value,3,0,3,3,right_setter,defense,1,0,0,5,30,5,7,called,0,offense,False,True,0,6,3-0,0,6,3-0,0,False,False,False,False,False,0,7,0,0,3,7,-41.0,-19.385366439819336,17.473068237304688,0.8046875,0.609375,-42,-39,-19,-10,3,29,-42.0,4.889217514735628,6,-42|-23|-19|-14|-9|-6,36,256,1,1,1,0.0,0.0,0.0,True,True,True,True,True,True,scalar_ev_lying_by_omission|high_variance_close_mean|multi_peak_pdf|wide_shelf_gap|high_std|large_lower_tail|hidden_threat_large_impact,defender_last_to_act_closure|first_trick|last_to_act,last_to_act_closure_policy,hidden_threat_offline_label_ready|public_context_ready,bid_margin,True,8,0,6-4,13.754786729812622,0,6-4,12.76553738117218,1,6-4,10.797078967094421
1,840701,6,sixes,84,schema_v2_bid_value,3,0,3,3,right_setter,defense,1,0,0,5,30,5,7,called,0,offense,False,True,0,6,3-0,1,5,2-2,0,True,False,False,False,False,0,7,0,0,3,7,-41.0,-19.95224952697754,17.269763946533203,0.796875,0.62109375,-42,-40,-19,-12,2,28,-42.0,4.828195964227791,6,-42|-19|-17|-16|-14|-4,38,256,7,2,3,0.5668830871582031,0.0078125,0.01171875,False,False,False,False,False,False,multi_peak_pdf|wide_shelf_gap|high_std|large_lower_tail|hidden_threat_large_impact,defender_last_to_act_closure|first_trick|last_to_act,last_to_act_closure_policy,hidden_threat_offline_label_ready|public_context_ready,bid_margin,True,8,0,6-4,13.800889015197754,0,6-4,12.76523208618164,1,6-4,10.885206460952759
1,840701,6,sixes,84,schema_v2_bid_value,3,0,3,3,right_setter,defense,1,0,0,5,30,5,7,called,0,offense,False,True,0,6,3-0,2,4,2-1,0,False,False,False,False,False,0,7,0,0,3,7,-41.0,-19.862363815307617,17.39380645751953,0.796875,0.62109375,-42,-40,-19,-11,2,29,-42.0,4.841591097833035,7,-42|-22|-19|-17|-15|-6|-4,38,256,6,3,4,0.47699737548828125,0.0078125,0.01171875,False,False,False,False,True,False,high_variance_close_mean|multi_peak_pdf|wide_shelf_gap|high_std|large_lower_tail|hidden_threat_large_impact,defender_last_to_act_closure|first_trick|last_to_act,last_to_act_closure_policy,hidden_threat_offline_label_ready|public_context_ready,bid_margin,True,8,0,6-4,13.783465385437012,0,6-4,12.747808456420898,1,6-4,10.870542764663696
1,840701,6,sixes,84,schema_v2_bid_value,3,0,3,3,right_setter,defense,1,0,0,5,30,5,7,called,0,offense,False,True,0,6,3-0,3,3,2-0,0,False,False,False,False,False,0,7,0,0,3,7,-41.0,-19.819028854370117,17.37554168701172,0.796875,0.62109375,-42,-40,-19,-12,2,28,-42.0,4.844208500654266,6,-42|-40|-22|-19|-15|-6,36,256,5,4,5,0.43366241455078125,0.0078125,0.01171875,False,False,False,False,False,False,multi_peak_pdf|wide_shelf_gap|high_std|large_lower_tail|hidden_threat_large_impact,defender_last_to_act_closure|first_trick|last_to_act,last_to_act_closure_policy,hidden_threat_offline_label_ready|public_context_ready,bid_margin,True,8,0,6-4,13.784985542297363,0,6-4,12.74932861328125,1,6-4,10.871821641921997
1,840701,6,sixes,84,schema_v2_bid_value,3,0,3,3,right_setter,defense,1,0,0,5,30,5,7,called,0,offense,False,True,0,6,3-0,4,2,1-1,0,True,False,False,False,False,0,7,0,0,3,7,-41.0,-19.764257431030273,17.389476776123047,0.796875,0.62109375,-42,-39,-19,-11,2,28,-42.0,4.825421356573345,5,-42|-26|-24|-19|-15,27,256,3,5,6,0.3788909912109375,0.0078125,0.01171875,False,False,False,False,False,False,multi_peak_pdf|wide_shelf_gap|high_std|large_lower_tail|hidden_threat_large_impact,defender_last_to_act_closure|first_trick|last_to_act,last_to_act_closure_policy,hidden_threat_offline_label_ready|public_context_ready,bid_margin,True,8,0,6-4,13.75866985321045,0,6-4,12.723012924194336,1,6-4,10.849673509597778
1,840701,6,sixes,84,schema_v2_bid_value,3,0,3,3,right_setter,defense,1,0,0,5,30,5,7,called,0,offense,False,True,0,6,3-0,5,1,1-0,0,False,False,False,False,False,0,7,0,0,3,7,-41.0,-19.818439483642578,17.410051345825195,0.796875,0.62109375,-42,-40,-19,-11,2,29,-42.0,4.8258997237243415,8,-42|-25|-19|-17|-15|-14|-11|-6,36,256,4,6,7,0.4330730438232422,0.0078125,0.01171875,False,False,False,False,True,False,high_variance_close_mean|multi_peak_pdf|wide_shelf_gap|high_std|large_lower_tail|hidden_threat_large_impact,defender_last_to_act_closure|first_trick|last_to_act,last_to_act_closure_policy,hidden_threat_offline_label_ready|public_context_ready,bid_margin,True,8,0,6-4,13.76467227935791,0,6-4,12.729015350341797,1,6-4,10.854726076126099
1,840701,6,sixes,84,schema_v2_bid_value,3,0,3,3,right_setter,defense,1,0,0,5,30,5,7,called,0,offense,False,True,0,6,3-0,6,0,0-0,0,True,False,False,False,False,0,7,0,0,3,7,-41.0,-19.70049285888672,17.37141227722168,0.796875,0.6171875,-42,-40,-19,-12,2,28,-42.0,4.861916543096236,6,-42|-40|-24|-19|-14|-4,38,256,2,7,2,0.3151264190673828,0.0078125,0.0078125,False,False,False,False,False,False,multi_peak_pdf|wide_shelf_gap|high_std|large_lower_tail|hidden_threat_large_impact,defender_last_to_act_closure|first_trick|last_to_act,last_to_act_closure_policy,hidden_threat_offline_label_ready|public_context_ready,bid_margin,True,8,0,6-4,13.860283851623535,0,6-4,12.824626922607422,1,6-4,10.918759196996689
1,840701,6,sixes,84,schema_v2_bid_value,4,1,0,0,bidder,offense,2,6,0,5,30,0,,,,,False,False,6,13,4-3,0,27,6-6,0,True,True,,,True,,6,20,3,3,6,42.0,39.90924835205078,2.8528268337249756,0.0,0.0,38,40,41,41,41,1,32.296875,1.711863394249255,1,41,,256,2,1,1,0.02567291259765625,0.0,0.0,False,False,True,True,False,False,,called_suit_pressure,first_trick_public_belief_update,hidden_threat_offline_label_ready|public_context_ready,bid_margin,True,8,2,5-4,1.2299537658691406,1,3-2,1.0983085632324219,2,5-4,1.2299537658691406
1,840701,6,sixes,84,schema_v2_bid_value,4,1,0,0,bidder,offense,2,6,0,5,30,0,,,,,False,False,6,13,4-3,2,25,6-4,10,False,True,,,True,,6,20,3,3,6,42.0,39.93492126464844,2.8331260681152344,0.0,0.0,38,40,41,41,41,1,32.3359375,1.6553935622645248,1,41,,256,1,2,2,0.0,0.0,0.0,False,True,False,False,False,True,scalar_ev_lying_by_omission,called_suit_pressure,first_trick_public_belief_update,hidden_threat_offline_label_ready|public_context_ready,bid_margin,True,8,2,5-4,1.2004585266113281,1,3-2,1.0895118713378906,2,5-4,1.2004585266113281
1,840701,6,sixes,84,schema_v2_bid_value,4,1,0,0,bidder,offense,2,6,0,5,30,0,,,,,False,False,6,13,4-3,3,24,6-3,0,False,True,,,True,,6,20,3,3,6,42.0,39.886207580566406,2.8528051376342773,0.0,0.0,38,40,41,41,41,1,32.2578125,1.7355245742227574,1,41,,256,3,3,3,0.04871368408203125,0.0,0.0,False,False,False,False,False,False,,called_suit_pressure,first_trick_public_belief_update,hidden_threat_offline_label_ready|public_context_ready,bid_margin,True,8,2,5-4,1.2367401123046875,1,3-2,1.1098136901855469,2,5-4,1.2367401123046875
1,840701,6,sixes,84,schema_v2_bid_value,4,1,0,0,bidder,offense,2,6,0,5,30,0,,,,,False,False,6,13,4-3,4,20,5-5,10,True,False,,,True,,6,20,3,3,6,42.0,33.53424072265625,13.462063789367676,0.0,0.0,8,35,40,41,41,6,1.1640625000000004,3.2206721908997906,1,41,,256,5,4,4,6.4006805419921875,0.0,0.0,False,False,False,False,False,False,hidden_threat_large_impact,,first_trick_public_belief_update,hidden_threat_offline_label_ready|public_context_ready,bid_margin,True,8,1,5-3,5.987895965576172,1,2-2,5.4588470458984375,1,5-3,5.987895965576172
1,840701,6,sixes,84,schema_v2_bid_value,4,1,0,0,bidder,offense,2,6,0,5,30,0,,,,,False,False,6,13,4-3,5,14,4-4,0,True,False,,,True,,6,20,3,3,6,42.0,38.96184158325195,4.0866594314575195,0.0,0.0,34,39,41,41,41,2,28.218750000000004,2.3831276573107907,2,34|41,7,256,4,5,5,0.9730796813964844,0.0,0.0,False,False,False,False,True,False,high_variance_close_mean|multi_peak_pdf,,first_trick_public_belief_update,hidden_threat_offline_label_ready|public_context_ready,bid_margin,True,8,1,3-2,2.3453216552734375,1,3-2,2.3453216552734375,1,2-0,1.012237548828125
1,840701,6,sixes,84,schema_v2_bid_value,4,1,0,0,bidder,offense,2,6,0,5,30,0,,,,,False,False,6,13,4-3,6,13,4-3,0,False,False,,,True,,6,20,3,3,6,42.0,32.586395263671875,11.505328178405762,0.0,0.0,14,26,39,41,41,15,6.890625000000001,3.898710315644791,4,15|30|36|41,26,256,6,6,6,7.3485260009765625,0.0,0.0,True,False,False,False,False,False,multi_peak_pdf|wide_shelf_gap|hidden_threat_large_impact,,first_trick_public_belief_update,hidden_threat_offline_label_ready|public_context_ready,bid_margin,True,8,3,5-4,9.639392852783203,3,5-4,9.639392852783203,2,5-4,8.596832275390625
1,840701,6,sixes,84,schema_v2_bid_value,5,1,1,1,left_setter,defense,3,6,0,5,30,0,4,4,0,offense,False,True,3,19,5-4,3,19,5-4,0,False,False,True,True,True,25,6,0,2,0,1,-41.0,-33.54648971557617,11.432403564453125,0.65625,0.89453125,-42,-41,-39,-30,-17,11,-42.0,4.155629218201561,4,-41|-37|-33|-30,11,256,1,1,1,0.0,0.0,0.0,True,True,True,True,False,False,multi_peak_pdf|large_lower_tail|hidden_threat_large_impact,,first_trick_public_belief_update,hidden_threat_offline_label_ready|public_context_ready,bid_margin,True,8,0,5-0,16.09541416168213,2,4-4,10.435078874230385,0,5-0,14.443270862102509
1,840701,6,sixes,84,schema_v2_bid_value,6,1,2,2,bidder_partner,offense,0,6,0,5,30,0,4,4,1,defense,False,True,3,10,4-0,1,12,4-2,0,False,False,True,False,False,22,6,10,0,1,2,42.0,-11.134716987609863,22.533864974975586,0.0,0.4296875,-41,-29,-12,4,23,33,-41.546875,5.755233176013589,8,-41|-29|-13|-11|-4|-3|0|5,46,256,2,1,2,0.8361787796020508,0.0,0.02734375,False,False,True,False,True,False,high_variance_close_mean|multi_peak_pdf|wide_shelf_gap|high_std|large_lower_tail|hidden_threat_large_impact,,first_trick_public_belief_update,hidden_threat_offline_label_ready|public_context_ready,bid_margin,True,8,1,6-4,16.326332330703735,1,6-4,16.326332330703735,0,6-4,12.223880290985107
1,840701,6,sixes,84,schema_v2_bid_value,6,1,2,2,bidder_partner,offense,0,6,0,5,30,0,4,4,1,defense,False,True,3,10,4-0,3,10,4-0,0,False,False,True,False,False,20,6,10,0,1,2,42.0,-10.298538208007812,22.74163055419922,0.0,0.40234375,-41,-29,-12,4,24,33,-41.50781249999999,5.810772304223785,9,-41|-29|-27|-16|-12|-11|-3|5|38,79,256,1,2,1,0.0,0.0,0.0,True,True,False,True,True,True,scalar_ev_lying_by_omission|high_variance_close_mean|multi_peak_pdf|wide_shelf_gap|high_std|large_lower_tail|hidden_threat_large_impact,,first_trick_public_belief_update,hidden_threat_offline_label_ready|public_context_ready,bid_margin,True,8,1,6-4,16.595369458198547,1,6-4,16.595369458198547,0,6-4,12.4061948210001
1,840701,6,sixes,84,schema_v2_bid_value,7,1,3,3,right_setter,defense,1,6,0,5,30,0,4,4,1,defense,True,False,3,3,2-0,1,5,2-2,0,True,False,False,False,False,0,6,0,0,3,6,-41.0,-7.835742950439453,22.374229431152344,0.98828125,0.29296875,-40,-25,-11,6,24,31,-40.4296875,5.693499002936488,7,-40|-15|-13|-11|-8|2|3,43,256,6,2,3,0.15846729278564453,0.00390625,0.00390625,False,False,False,False,False,False,multi_peak_pdf|wide_shelf_gap|high_std|large_lower_tail|hidden_threat_large_impact,last_to_act,first_trick_public_belief_update|last_to_act_closure_policy,hidden_threat_offline_label_ready|public_context_ready,bid_margin,True,8,1,6-4,15.552058711647987,1,5-0,14.842767477035522,1,6-4,14.32721496373415
1,840701,6,sixes,84,schema_v2_bid_value,7,1,3,3,right_setter,defense,1,6,0,5,30,0,4,4,1,defense,True,False,3,3,2-0,2,4,2-1,0,False,False,False,False,False,0,6,0,0,3,6,-41.0,-7.72309684753418,22.459463119506836,0.98828125,0.29296875,-40,-24,-10,6,24,30,-40.5859375,5.661859473083494,7,-41|-40|-13|-6|2|17|40,81,256,4,3,4,0.045821189880371094,0.00390625,0.00390625,False,False,False,False,True,False,high_variance_close_mean|multi_peak_pdf|wide_shelf_gap|high_std|large_lower_tail|hidden_threat_large_impact,last_to_act,first_trick_public_belief_update|last_to_act_closure_policy,hidden_threat_offline_label_ready|public_context_ready,bid_margin,True,8,1,6-4,15.568889632821083,0,6-4,14.799899756908417,1,6-4,14.344045884907246
1,840701,6,sixes,84,schema_v2_bid_value,7,1,3,3,right_setter,defense,1,6,0,5,30,0,4,4,1,defense,True,False,3,3,2-0,3,3,2-0,0,False,False,False,False,False,0,6,0,0,3,6,-41.0,-7.687981605529785,22.451772689819336,0.98828125,0.29296875,-40,-24,-10,6,24,30,-40.546875,5.651024926615426,6,-40|-13|-6|2|17|40,80,256,3,4,5,0.010705947875976562,0.00390625,0.00390625,True,False,False,False,True,False,high_variance_close_mean|multi_peak_pdf|wide_shelf_gap|high_std|large_lower_tail|hidden_threat_large_impact,last_to_act,first_trick_public_belief_update|last_to_act_closure_policy,hidden_threat_offline_label_ready|public_context_ready,bid_margin,True,8,1,6-4,15.570301070809364,0,6-4,14.801245391368866,1,6-4,14.345457322895527
1,840701,6,sixes,84,schema_v2_bid_value,7,1,3,3,right_setter,defense,1,6,0,5,30,0,4,4,1,defense,True,False,3,3,2-0,4,2,1-1,0,True,False,False,False,False,0,6,0,0,3,6,-41.0,-7.755196571350098,22.451026916503906,0.98828125,0.2890625,-40,-24,-10,6,24,30,-40.6640625,5.718135864127775,7,-41|-13|-11|-3|2|10|40,81,256,5,5,1,0.07792091369628906,0.00390625,0.0,False,False,False,True,False,False,multi_peak_pdf|wide_shelf_gap|high_std|large_lower_tail|hidden_threat_large_impact,last_to_act,first_trick_public_belief_update|last_to_act_closure_policy,hidden_threat_offline_label_ready|public_context_ready,bid_margin,True,8,1,6-4,15.491016879677773,1,5-0,14.736778199672699,1,6-4,14.285704381763935
1,840701,6,sixes,84,schema_v2_bid_value,7,1,3,3,right_setter,defense,1,6,0,5,30,0,4,4,1,defense,True,False,3,3,2-0,5,1,1-0,0,False,False,False,False,False,0,6,0,0,3,6,-41.0,-7.677275657653809,22.50478744506836,0.9921875,0.29296875,-40,-24,-10,6,24,30,-40.703125,5.64703831644107,8,-41|-15|-13|-11|-5|-3|2|40,81,256,1,1,6,0.0,0.0,0.00390625,False,True,True,False,True,True,scalar_ev_lying_by_omission|high_variance_close_mean|multi_peak_pdf|wide_shelf_gap|high_std|large_lower_tail|hidden_threat_large_impact,last_to_act,first_trick_public_belief_update|last_to_act_closure_policy,hidden_threat_offline_label_ready|public_context_ready,bid_margin,True,8,1,6-4,15.521608844399452,0,6-4,14.77342301607132,1,6-4,14.296765096485615
1,840701,6,sixes,84,schema_v2_bid_value,7,1,3,3,right_setter,defense,1,6,0,5,30,0,4,4,1,defense,True,False,3,3,2-0,6,0,0-0,0,True,False,False,False,False,0,6,0,0,3,6,-41.0,-7.686331748962402,22.426645278930664,0.98828125,0.2890625,-40,-24,-10,6,24,30,-40.546875,5.725718931556917,10,-41|-40|-13|-10|-6|2|3|10|17|40,81,256,2,6,2,0.00905609130859375,0.00390625,0.0,False,False,False,False,False,False,multi_peak_pdf|wide_shelf_gap|high_std|large_lower_tail|hidden_threat_large_impact,last_to_act,first_trick_public_belief_update|last_to_act_closure_policy,hidden_threat_offline_label_ready|public_context_ready,bid_margin,True,8,1,6-4,15.509459510445595,0,6-4,14.743193566799164,1,6-4,14.304147012531757
1,840701,6,sixes,84,schema_v2_bid_value,8,2,0,1,left_setter,defense,3,6,1,5,30,0,,,,,False,False,4,18,5-3,0,23,6-2,0,False,True,,,True,,5,0,2,0,5,-41.0,-34.555267333984375,10.674304008483887,0.984375,0.9140625,-41,-40,-40,-37,-21,3,-41.0,3.183837745543419,4,-40|-29|-28|-24,16,256,4,4,4,0.2671852111816406,0.015625,0.015625,False,False,False,False,False,False,multi_peak_pdf|large_lower_tail|hidden_threat_large_impact,called_suit_pressure|setter_lead_pressure,defender_damage_lead_class|first_trick_public_belief_update,hidden_threat_offline_label_ready|needs_real_bid_margin|public_context_ready,bid_margin,True,8,0,5-0,15.635587573051453,0,4-2,5.913089752197266,0,5-0,13.76797765493393
1,840701,6,sixes,84,schema_v2_bid_value,8,2,0,1,left_setter,defense,3,6,1,5,30,0,,,,,False,False,4,18,5-3,1,22,6-1,0,False,True,,,True,,5,0,2,0,5,-41.0,-34.59308624267578,10.659358024597168,0.984375,0.9140625,-41,-40,-40,-37,-21,3,-41.0,3.1834476460508023,3,-40|-28|-24,16,256,5,5,5,0.3050041198730469,0.015625,0.015625,False,False,False,False,False,False,multi_peak_pdf|large_lower_tail|hidden_threat_large_impact,called_suit_pressure|setter_lead_pressure,defender_damage_lead_class|first_trick_public_belief_update,hidden_threat_offline_label_ready|needs_real_bid_margin|public_context_ready,bid_margin,True,8,0,5-0,15.67202365398407,0,4-2,5.890655517578125,0,5-0,13.804413735866547
1,840701,6,sixes,84,schema_v2_bid_value,8,2,0,1,left_setter,defense,3,6,1,5,30,0,,,,,False,False,4,18,5-3,4,18,5-3,0,False,False,,,True,,5,0,2,0,5,-41.0,-34.288082122802734,11.338384628295898,1.0,0.90625,-40,-39,-39,-37,-19,2,-40.1953125,3.234952105928379,2,-39|0,39,256,1,1,3,0.0,0.0,0.0078125,True,True,True,False,False,True,scalar_ev_lying_by_omission|multi_peak_pdf|wide_shelf_gap|large_lower_tail|hidden_threat_large_impact,setter_lead_pressure,defender_damage_lead_class|first_trick_public_belief_update,hidden_threat_offline_label_ready|needs_real_bid_margin|public_context_ready,bid_margin,True,8,0,5-0,27.12593847513199,2,5-5,5.71624755859375,0,5-0,24.351445227861404
1,840701,6,sixes,84,schema_v2_bid_value,8,2,0,1,left_setter,defense,3,6,1,5,30,0,,,,,False,False,4,18,5-3,5,17,5-2,0,False,False,,,True,,5,0,2,0,5,-41.0,-34.50334548950195,11.481304168701172,1.0,0.8984375,-40,-40,-39,-37,-18,3,-40.5078125,3.205776279939233,3,-39|-34|0,39,256,2,2,1,0.21526336669921875,0.0,0.0,False,False,False,True,True,False,high_variance_close_mean|multi_peak_pdf|wide_shelf_gap|large_lower_tail|hidden_threat_large_impact,setter_lead_pressure,defender_damage_lead_class|first_trick_public_belief_update,hidden_threat_offline_label_ready|needs_real_bid_margin|public_context_ready,bid_margin,True,8,0,5-0,28.055179476737976,0,3-3,5.775318145751953,0,5-0,25.049478471279144
1,840701,6,sixes,84,schema_v2_bid_value,8,2,0,1,left_setter,defense,3,6,1,5,30,0,,,,,False,False,4,18,5-3,6,16,5-1,0,False,False,,,True,,5,0,2,0,5,-41.0,-34.53349304199219,11.356959342956543,0.99609375,0.90234375,-40,-39,-39,-37,-18,2,-40.3515625,3.1593564972999824,1,-39,,256,3,3,2,0.24541091918945312,0.00390625,0.00390625,False,False,False,False,True,False,high_variance_close_mean|large_lower_tail|hidden_threat_large_impact,setter_lead_pressure,defender_damage_lead_class|first_trick_public_belief_update,hidden_threat_offline_label_ready|needs_real_bid_margin|public_context_ready,bid_margin,True,8,0,5-0,27.62918770313263,0,3-3,5.618385314941406,0,5-0,24.739090502262115
1,840701,6,sixes,84,schema_v2_bid_value,9,2,1,2,bidder_partner,offense,0,6,1,5,30,0,5,5,1,defense,False,True,0,15,5-0,0,15,5-0,5,False,False,True,False,False,21,5,10,0,1,1,42.0,5.935482501983643,26.3134765625,0.0,0.22265625,-31,-14,5,35,40,49,-40.1015625,5.409721728763517,11,-42|-27|-25|-4|1|3|5|15|17|38|40,82,256,1,1,1,0.0,0.0,0.0,True,True,True,True,False,False,multi_peak_pdf|wide_shelf_gap|high_std|hidden_threat_large_impact,partner_count_donation,first_trick_public_belief_update|partner_forcedness_and_safety,hidden_threat_offline_label_ready|needs_belief_model|public_context_ready,bid_margin,True,8,0,5-1,27.87484645843506,0,5-1,27.87484645843506,0,5-5,21.456788539886475
1,840701,6,sixes,84,schema_v2_bid_value,10,2,2,3,right_setter,defense,1,6,1,10,25,5,5,5,1,defense,True,False,6,0,0-0,1,5,2-2,0,True,False,False,False,False,0,5,0,0,3,5,-41.0,-14.306998252868652,22.14964485168457,0.8515625,0.4609375,-42,-34,-17,0,13,34,-42.0,5.363729376687885,13,-42|-40|-39|-28|-19|-17|-15|-8|-5|-3|1|8|42,84,256,5,1,5,0.1163034439086914,0.0,0.00390625,False,False,True,False,False,False,multi_peak_pdf|wide_shelf_gap|high_std|large_lower_tail|hidden_threat_large_impact,,first_trick_public_belief_update,hidden_threat_offline_label_ready|public_context_ready,bid_margin,True,8,0,5-1,19.03089079260826,0,6-4,14.462724149227142,0,5-1,17.59921918809414
1,840701,6,sixes,84,schema_v2_bid_value,10,2,2,3,right_setter,defense,1,6,1,10,25,5,5,5,1,defense,True,False,6,0,0-0,2,4,2-1,0,False,False,False,False,False,0,5,0,0,3,5,-41.0,-14.208185195922852,22.25629234313965,0.8515625,0.45703125,-42,-33,-17,1,14,34,-42.0,5.4362439035871875,10,-42|-39|-28|-19|-17|-15|-3|1|8|42,84,256,3,2,1,0.017490386962890625,0.0,0.0,False,False,False,True,True,False,high_variance_close_mean|multi_peak_pdf|wide_shelf_gap|high_std|large_lower_tail|hidden_threat_large_impact,,first_trick_public_belief_update,hidden_threat_offline_label_ready|public_context_ready,bid_margin,True,8,0,5-1,19.02944329380989,0,6-4,14.539383351802826,0,5-1,17.61730293929577
1,840701,6,sixes,84,schema_v2_bid_value,10,2,2,3,right_setter,defense,1,6,1,10,25,5,5,5,1,defense,True,False,6,0,0-0,4,2,1-1,0,True,False,False,False,False,0,5,0,0,3,5,-41.0,-14.222118377685547,22.1951847076416,0.8515625,0.45703125,-42,-33,-16,0,13,33,-42.0,5.424938455144846,10,-42|-39|-29|-18|-16|-14|-4|5|8|42,84,256,4,3,2,0.03142356872558594,0.0,0.0,False,False,False,False,False,False,multi_peak_pdf|wide_shelf_gap|high_std|large_lower_tail|hidden_threat_large_impact,,first_trick_public_belief_update,hidden_threat_offline_label_ready|public_context_ready,bid_margin,True,8,0,5-1,19.02803248167038,0,6-4,14.486296117305756,0,5-1,17.615892127156258
1,840701,6,sixes,84,schema_v2_bid_value,10,2,2,3,right_setter,defense,1,6,1,10,25,5,5,5,1,defense,True,False,6,0,0-0,5,1,1-0,0,False,False,False,False,False,0,5,0,0,3,5,-41.0,-14.196496963500977,22.236469268798828,0.8515625,0.45703125,-42,-33,-17,0,15,33,-42.0,5.424022440438263,10,-42|-39|-29|-28|-17|-15|-4|5|8|42,84,256,2,4,3,0.005802154541015625,0.0,0.0,False,False,False,False,True,False,high_variance_close_mean|multi_peak_pdf|wide_shelf_gap|high_std|large_lower_tail|hidden_threat_large_impact,,first_trick_public_belief_update,hidden_threat_offline_label_ready|public_context_ready,bid_margin,True,8,0,5-1,19.066049426794052,0,6-4,14.50788539648056,0,5-1,17.65390907227993
1,840701,6,sixes,84,schema_v2_bid_value,10,2,2,3,right_setter,defense,1,6,1,10,25,5,5,5,1,defense,True,False,6,0,0-0,6,0,0-0,0,True,False,False,False,False,0,5,0,0,3,5,-41.0,-14.190694808959961,22.182064056396484,0.8515625,0.45703125,-42,-33,-16,0,13,33,-42.0,5.473511394901759,10,-42|-39|-28|-18|-15|-4|-3|1|8|42,84,256,1,5,4,0.0,0.0,0.0,True,True,False,False,False,True,scalar_ev_lying_by_omission|multi_peak_pdf|wide_shelf_gap|high_std|large_lower_tail|hidden_threat_large_impact,,first_trick_public_belief_update,hidden_threat_offline_label_ready|public_context_ready,bid_margin,True,8,0,5-1,18.95082524418831,0,6-4,14.51055759191513,0,5-1,17.538684889674187
1,840701,6,sixes,84,schema_v2_bid_value,11,2,3,0,bidder,offense,2,6,1,10,25,5,5,5,1,defense,False,True,4,20,5-5,4,20,5-5,10,True,False,True,True,True,30,5,20,3,3,1,42.0,41.4837760925293,0.027058564126491547,0.0,0.0,41,41,41,42,42,1,41.0,0.8869456102215852,1,41,,256,1,1,1,0.0,0.0,0.0,True,True,True,True,False,False,,last_to_act,first_trick_public_belief_update|last_to_act_closure_policy,hidden_threat_offline_label_ready|public_context_ready,bid_margin,True,8,1,3-2,0.036182403564453125,1,3-2,0.036182403564453125,3,3-2,0.017574310302734375
1,840701,6,sixes,84,schema_v2_bid_value,12,3,0,0,bidder,offense,2,22,1,20,15,0,,,,,False,False,2,25,6-4,0,27,6-6,0,True,True,,,True,,4,10,3,2,4,42.0,24.854598999023438,0.07514026761054993,0.0,0.0,25,25,25,25,25,0,25.0,-0.0,1,25,,256,2,1,1,0.00647735595703125,0.0,0.0,False,False,True,True,False,False,,called_suit_pressure,first_trick_public_belief_update,hidden_threat_offline_label_ready|public_context_ready,bid_margin,True,8,1,3-2,0.09546279907226562,1,4-2,0.05622673034667969,1,3-2,0.09546279907226562
1,840701,6,sixes,84,schema_v2_bid_value,12,3,0,0,bidder,offense,2,22,1,20,15,0,,,,,False,False,2,25,6-4,2,25,6-4,10,False,True,,,True,,4,10,3,2,4,42.0,24.86107635498047,0.07705611735582352,0.0,0.0,25,25,25,25,25,0,25.0,-0.0,1,25,,256,1,2,2,0.0,0.0,0.0,True,True,False,False,True,True,scalar_ev_lying_by_omission|high_variance_close_mean,called_suit_pressure,first_trick_public_belief_update,hidden_threat_offline_label_ready|public_context_ready,bid_margin,True,8,1,3-2,0.09941864013671875,1,4-2,0.0577392578125,1,3-2,0.09941864013671875
1,840701,6,sixes,84,schema_v2_bid_value,12,3,0,0,bidder,offense,2,22,1,20,15,0,,,,,False,False,2,25,6-4,3,24,6-3,0,False,True,,,True,,4,10,3,2,4,42.0,24.850866317749023,0.07596362382173538,0.0,0.0,25,25,25,25,25,0,25.0,-0.0,1,25,,256,3,3,3,0.010210037231445312,0.0,0.0,False,False,False,False,False,False,,called_suit_pressure,first_trick_public_belief_update,hidden_threat_offline_label_ready|public_context_ready,bid_margin,True,8,1,3-2,0.09453201293945312,1,4-2,0.0568695068359375,1,3-2,0.09453201293945312
1,840701,6,sixes,84,schema_v2_bid_value,12,3,0,0,bidder,offense,2,22,1,20,15,0,,,,,False,False,2,25,6-4,5,14,4-4,0,True,False,,,True,,4,10,3,2,4,42.0,19.765758514404297,5.36798620223999,0.0,0.0,13,13,23,25,25,12,13.0,1.718987906905948,3,13|23|25,12,256,4,4,4,5.095317840576172,0.0,0.0,False,False,False,False,False,False,multi_peak_pdf|hidden_threat_large_impact,,first_trick_public_belief_update,hidden_threat_offline_label_ready|public_context_ready,bid_margin,True,8,1,4-2,5.041435241699219,1,3-3,3.198272705078125,1,4-2,5.041435241699219
1,840701,6,sixes,84,schema_v2_bid_value,13,3,1,1,left_setter,defense,3,22,1,30,5,10,7,called,0,offense,False,True,1,22,6-1,0,23,6-2,0,False,True,True,False,False,40,4,0,2,0,2,-41.0,-27.84543228149414,5.02960205078125,1.0,0.890625,-30,-30,-30,-30,-17,0,-30.0,1.3737402362333868,3,-30|-27|-13,17,256,2,1,1,0.003139495849609375,0.0,0.0,False,False,True,True,True,False,high_variance_close_mean|multi_peak_pdf|large_lower_tail|hidden_threat_large_impact,called_suit_pressure,first_trick_public_belief_update,hidden_threat_offline_label_ready|public_context_ready,bid_margin,True,8,0,3-2,12.743655323982239,0,4-2,3.1754989624023438,0,3-2,10.395793497562408
1,840701,6,sixes,84,schema_v2_bid_value,13,3,1,1,left_setter,defense,3,22,1,30,5,10,7,called,0,offense,False,True,1,22,6-1,1,22,6-1,0,False,True,True,False,False,39,4,0,2,0,2,-41.0,-27.84229278564453,5.027184009552002,1.0,0.890625,-30,-30,-30,-30,-17,0,-30.0,1.3737402362333868,3,-30|-27|-13,17,256,1,2,2,0.0,0.0,0.0,True,True,False,False,True,True,scalar_ev_lying_by_omission|high_variance_close_mean|multi_peak_pdf|large_lower_tail|hidden_threat_large_impact,called_suit_pressure,first_trick_public_belief_update,hidden_threat_offline_label_ready|public_context_ready,bid_margin,True,8,0,3-2,12.746943593025208,0,4-2,3.173126220703125,0,3-2,10.399081766605377
1,840701,6,sixes,84,schema_v2_bid_value,14,3,2,2,bidder_partner,offense,0,22,1,30,5,10,7,called,0,offense,True,False,5,8,3-2,1,12,4-2,0,False,False,False,False,False,0,4,5,0,1,4,42.0,18.66946029663086,12.718886375427246,0.0,0.0,-4,18,22,30,30,12,-4.0,2.703231850282339,5,-4|19|22|27|30,34,256,2,1,1,3.415212631225586,0.0,0.0,False,False,True,True,False,False,multi_peak_pdf|wide_shelf_gap|hidden_threat_large_impact,,first_trick_public_belief_update,hidden_threat_offline_label_ready|public_context_ready,bid_margin,True,8,1,6-6,9.48043155670166,1,6-6,9.48043155670166,1,5-1,8.009634017944336
1,840701,6,sixes,84,schema_v2_bid_value,14,3,2,2,bidder_partner,offense,0,22,1,30,5,10,7,called,0,offense,True,False,5,8,3-2,4,9,3-3,0,True,False,False,False,False,0,4,5,0,1,4,42.0,18.600542068481445,12.73619556427002,0.0,0.0,-4,17,22,30,30,13,-4.0,2.916899886805331,6,-4|17|20|22|27|30,34,256,4,2,2,3.484130859375,0.0,0.0,False,False,False,False,False,False,multi_peak_pdf|wide_shelf_gap|hidden_threat_large_impact,,first_trick_public_belief_update,hidden_threat_offline_label_ready|public_context_ready,bid_margin,True,8,1,6-6,9.52880573272705,1,6-6,9.52880573272705,0,6-6,7.895298004150391
1,840701,6,sixes,84,schema_v2_bid_value,14,3,2,2,bidder_partner,offense,0,22,1,30,5,10,7,called,0,offense,True,False,5,8,3-2,5,8,3-2,5,False,False,False,False,False,0,4,5,0,1,4,42.0,22.084672927856445,7.927961349487305,0.0,0.0,9,21,24,30,30,9,8.1796875,2.8246596513739504,5,9|22|24|27|30,21,256,1,3,3,0.0,0.0,0.0,True,True,False,False,False,True,scalar_ev_lying_by_omission|multi_peak_pdf|wide_shelf_gap|hidden_threat_large_impact,partner_count_donation,first_trick_public_belief_update|partner_forcedness_and_safety,hidden_threat_offline_label_ready|needs_belief_model|public_context_ready,bid_margin,True,8,1,6-6,6.097620964050293,1,6-6,6.097620964050293,0,6-6,5.052312850952148
1,840701,6,sixes,84,schema_v2_bid_value,14,3,2,2,bidder_partner,offense,0,22,1,30,5,10,7,called,0,offense,True,False,5,8,3-2,6,7,3-1,0,False,False,False,False,False,0,4,5,0,1,4,42.0,18.609254837036133,12.741443634033203,0.0,0.0,-4,17,22,30,30,13,-4.0,2.916899886805331,6,-4|17|20|22|27|30,34,256,3,4,4,3.4754180908203125,0.0,0.0,False,False,False,False,False,False,multi_peak_pdf|wide_shelf_gap|hidden_threat_large_impact,,first_trick_public_belief_update,hidden_threat_offline_label_ready|public_context_ready,bid_margin,True,8,1,6-6,9.535002708435059,1,6-6,9.535002708435059,1,5-1,7.905178070068359
1,840701,6,sixes,84,schema_v2_bid_value,15,3,3,3,right_setter,defense,1,22,1,35,0,15,7,called,0,offense,False,True,4,2,1-1,1,5,2-2,0,True,False,False,False,False,0,4,0,0,2,4,-41.0,-21.456798553466797,8.619144439697266,1.0,0.609375,-30,-30,-27,-13,-9,17,-30.0,2.9666930519535,5,-30|-27|-21|-14|-9,21,256,2,1,1,0.08369064331054688,0.0,0.0,False,False,True,True,True,False,high_variance_close_mean|multi_peak_pdf|wide_shelf_gap|large_lower_tail|hidden_threat_large_impact,last_to_act,first_trick_public_belief_update|last_to_act_closure_policy,hidden_threat_offline_label_ready|public_context_ready,bid_margin,True,8,0,6-6,10.249092102050781,0,6-6,10.249092102050781,1,6-6,8.452215194702148
1,840701,6,sixes,84,schema_v2_bid_value,15,3,3,3,right_setter,defense,1,22,1,35,0,15,7,called,0,offense,False,True,4,2,1-1,2,4,2-1,0,False,False,False,False,False,0,4,0,0,2,4,-41.0,-21.64374542236328,8.503087043762207,1.0,0.609375,-30,-30,-27,-14,-9,16,-30.0,3.1186949054134945,5,-30|-27|-21|-14|-9,21,256,4,2,2,0.27063751220703125,0.0,0.0,False,False,False,False,False,False,multi_peak_pdf|wide_shelf_gap|large_lower_tail|hidden_threat_large_impact,last_to_act,first_trick_public_belief_update|last_to_act_closure_policy,hidden_threat_offline_label_ready|public_context_ready,bid_margin,True,8,1,6-6,10.147221565246582,0,6-6,10.147218704223633,1,6-6,8.350346565246582
1,840701,6,sixes,84,schema_v2_bid_value,15,3,3,3,right_setter,defense,1,22,1,35,0,15,7,called,0,offense,False,True,4,2,1-1,4,2,1-1,0,True,False,False,False,False,0,4,0,0,2,4,-41.0,-21.37310791015625,8.670088768005371,1.0,0.609375,-30,-30,-27,-13,-9,17,-30.0,2.9575276693640298,5,-30|-27|-21|-14|-9,21,256,1,3,3,0.0,0.0,0.0,True,True,False,False,True,True,scalar_ev_lying_by_omission|high_variance_close_mean|multi_peak_pdf|wide_shelf_gap|large_lower_tail|hidden_threat_large_impact,last_to_act,first_trick_public_belief_update|last_to_act_closure_policy,hidden_threat_offline_label_ready|public_context_ready,bid_margin,True,8,1,6-6,10.305447578430176,0,6-6,10.30544662475586,1,6-6,8.508572578430176
1,840701,6,sixes,84,schema_v2_bid_value,15,3,3,3,right_setter,defense,1,22,1,35,0,15,7,called,0,offense,False,True,4,2,1-1,5,1,1-0,0,False,False,False,False,False,0,4,0,0,2,4,-41.0,-21.54244041442871,8.577642440795898,1.0,0.609375,-30,-30,-27,-13,-9,17,-30.0,3.0632268372019698,5,-30|-27|-21|-14|-9,21,256,3,4,4,0.16933250427246094,0.0,0.0,False,False,False,False,False,False,multi_peak_pdf|wide_shelf_gap|large_lower_tail|hidden_threat_large_impact,last_to_act,first_trick_public_belief_update|last_to_act_closure_policy,hidden_threat_offline_label_ready|public_context_ready,bid_margin,True,8,0,6-6,10.215824127197266,0,6-6,10.215824127197266,1,6-6,8.418949127197266
1,840701,6,sixes,84,schema_v2_bid_value,16,4,0,0,bidder,offense,2,38,1,35,0,0,,,,,False,False,3,24,6-3,0,27,6-6,0,True,True,,,True,,3,0,2,2,3,42.0,8.647465705871582,0.05364198610186577,0.0,0.0,9,9,9,9,9,0,8.8828125,0.09198335195381277,1,9,,256,2,1,1,0.000152587890625,0.0,0.0,False,False,True,True,False,False,,called_suit_pressure|late_hand,first_trick_public_belief_update|late_trick_threshold_closure,distribution_labels_ready|hidden_threat_offline_label_ready|public_context_ready,bid_margin,True,8,2,2-1,0.04237174987792969,2,2-1,0.04237174987792969,2,2-2,0.03460407257080078
1,840701,6,sixes,84,schema_v2_bid_value,16,4,0,0,bidder,offense,2,38,1,35,0,0,,,,,False,False,3,24,6-3,3,24,6-3,0,False,True,,,True,,3,0,2,2,3,42.0,8.647618293762207,0.05393213406205177,0.0,0.0,9,9,9,9,9,0,8.8828125,0.09198335195381277,1,9,,256,1,2,2,0.0,0.0,0.0,True,True,False,False,True,True,scalar_ev_lying_by_omission|high_variance_close_mean,called_suit_pressure|late_hand,first_trick_public_belief_update|late_trick_threshold_closure,distribution_labels_ready|hidden_threat_offline_label_ready|public_context_ready,bid_margin,True,8,2,2-1,0.04265117645263672,2,2-1,0.04265117645263672,2,2-2,0.03413867950439453
1,840701,6,sixes,84,schema_v2_bid_value,16,4,0,0,bidder,offense,2,38,1,35,0,0,,,,,False,False,3,24,6-3,5,14,4-4,0,True,False,,,True,,3,0,2,2,3,42.0,7.000128269195557,1.4694294929504395,0.0,0.0,5,6,6,9,9,3,5.0,1.534681715407519,2,6|9,3,256,3,3,3,1.6474900245666504,0.0,0.0,False,False,False,False,False,False,multi_peak_pdf,late_hand,first_trick_public_belief_update|late_trick_threshold_closure,distribution_labels_ready|hidden_threat_offline_label_ready|public_context_ready,bid_margin,True,8,1,4-2,1.625678539276123,2,4-2,1.2846274375915527,1,4-2,1.625678539276123
1,840701,6,sixes,84,schema_v2_bid_value,17,4,1,1,left_setter,defense,3,38,1,35,0,0,7,called,0,offense,False,True,0,23,6-2,0,23,6-2,0,False,True,True,False,False,40,3,0,1,0,1,-41.0,-7.545435905456543,1.5263164043426514,1.0,0.0,-8,-8,-8,-6,-5,2,-8.3515625,1.478258431034075,3,-8|-5|-3,5,256,1,1,1,0.0,0.0,0.0,True,True,True,True,False,False,multi_peak_pdf,called_suit_pressure|late_hand,first_trick_public_belief_update|late_trick_threshold_closure,distribution_labels_ready|hidden_threat_offline_label_ready|public_context_ready,bid_margin,True,8,0,1-0,3.369809627532959,0,3-3,0.9505090713500977,0,1-0,3.369809627532959
1,840701,6,sixes,84,schema_v2_bid_value,18,4,2,2,bidder_partner,offense,0,38,1,35,0,0,7,called,0,offense,True,False,4,9,3-3,1,12,4-2,0,False,False,False,False,False,0,3,0,0,1,3,42.0,3.086071252822876,5.304021835327148,0.0,0.0,-4,-3,6,9,9,12,-4.0,2.2217822739275714,4,-3|2|6|9,12,256,3,1,1,0.08339715003967285,0.0,0.0,False,False,True,True,True,False,high_variance_close_mean|multi_peak_pdf|hidden_threat_large_impact,late_hand,first_trick_public_belief_update|late_trick_threshold_closure,distribution_labels_ready|hidden_threat_offline_label_ready|public_context_ready,bid_margin,True,8,1,6-6,5.074578762054443,1,6-6,5.074578762054443,0,6-6,4.842156171798706
1,840701,6,sixes,84,schema_v2_bid_value,18,4,2,2,bidder_partner,offense,0,38,1,35,0,0,7,called,0,offense,True,False,4,9,3-3,4,9,3-3,0,True,False,False,False,False,0,3,0,0,1,3,42.0,3.169468402862549,5.199220180511475,0.0,0.0,-4,-3,6,9,9,12,-4.0,2.2217822739275714,4,-3|2|6|9,12,256,1,2,2,0.0,0.0,0.0,True,True,False,False,False,True,scalar_ev_lying_by_omission|multi_peak_pdf,late_hand,first_trick_public_belief_update|late_trick_threshold_closure,distribution_labels_ready|hidden_threat_offline_label_ready|public_context_ready,bid_margin,True,8,1,6-6,4.963018298149109,1,6-6,4.963018298149109,0,6-6,4.73570442199707
1,840701,6,sixes,84,schema_v2_bid_value,18,4,2,2,bidder_partner,offense,0,38,1,35,0,0,7,called,0,offense,True,False,4,9,3-3,6,7,3-1,0,False,False,False,False,False,0,3,0,0,1,3,42.0,3.1367838382720947,5.25536584854126,0.0,0.0,-4,-3,6,9,9,12,-4.0,2.2217822739275714,4,-3|2|6|9,12,256,2,3,3,0.0326845645904541,0.0,0.0,False,False,False,False,True,False,high_variance_close_mean|multi_peak_pdf|hidden_threat_large_impact,late_hand,first_trick_public_belief_update|late_trick_threshold_closure,distribution_labels_ready|hidden_threat_offline_label_ready|public_context_ready,bid_margin,True,8,1,6-6,5.009384632110596,1,6-6,5.009384632110596,0,6-6,4.779947519302368
1,840701,6,sixes,84,schema_v2_bid_value,19,4,3,3,right_setter,defense,1,38,1,35,0,0,7,called,0,offense,False,True,1,5,2-2,1,5,2-2,0,True,False,False,False,False,0,3,0,0,1,3,-41.0,-2.4883837699890137,4.58165979385376,1.0,0.0,-8,-7,-3,3,4,10,-8.0,3.221419803275292,4,-7|-3|-1|4,11,256,2,1,1,0.006698131561279297,0.0,0.0,True,False,True,True,False,False,multi_peak_pdf,last_to_act|late_hand,first_trick_public_belief_update|last_to_act_closure_policy|late_trick_threshold_closure,distribution_labels_ready|hidden_threat_offline_label_ready|public_context_ready,bid_margin,True,8,0,6-6,4.23394775390625,0,6-6,4.23394775390625,1,6-6,3.620331883430481
1,840701,6,sixes,84,schema_v2_bid_value,19,4,3,3,right_setter,defense,1,38,1,35,0,0,7,called,0,offense,False,True,1,5,2-2,2,4,2-1,0,False,False,False,False,False,0,3,0,0,1,3,-41.0,-2.5502543449401855,4.601558685302734,1.0,0.0,-8,-7,-3,3,4,10,-8.0,3.2625640740296,4,-7|-4|-2|4,11,256,3,2,2,0.06856870651245117,0.0,0.0,False,False,False,False,True,False,high_variance_close_mean|multi_peak_pdf,last_to_act|late_hand,first_trick_public_belief_update|last_to_act_closure_policy|late_trick_threshold_closure,distribution_labels_ready|hidden_threat_offline_label_ready|public_context_ready,bid_margin,True,8,0,6-6,4.186477184295654,0,6-6,4.186477184295654,1,6-6,3.5797412395477295
1,840701,6,sixes,84,schema_v2_bid_value,19,4,3,3,right_setter,defense,1,38,1,35,0,0,7,called,0,offense,False,True,1,5,2-2,5,1,1-0,0,False,False,False,False,False,0,3,0,0,1,3,-41.0,-2.4816856384277344,4.652224063873291,1.0,0.0,-8,-7,-3,3,4,10,-8.0,3.2223131247386116,4,-7|-3|-1|4,11,256,1,3,3,0.0,0.0,0.0,False,True,False,False,True,True,scalar_ev_lying_by_omission|high_variance_close_mean|multi_peak_pdf,last_to_act|late_hand,first_trick_public_belief_update|last_to_act_closure_policy|late_trick_threshold_closure,distribution_labels_ready|hidden_threat_offline_label_ready|public_context_ready,bid_margin,True,8,0,6-6,4.2677812576293945,0,6-6,4.2677812576293945,1,6-6,3.6492621898651123
1,840701,6,sixes,84,schema_v2_bid_value,20,5,0,0,bidder,offense,2,39,1,35,0,0,,,,,False,False,0,27,6-6,0,27,6-6,0,True,True,,,True,,2,0,1,2,2,42.0,3.3990237712860107,0.4803141951560974,0.0,0.0,3,3,3,4,4,1,2.375,1.2229827184733786,1,3,,256,1,1,1,0.0,0.0,0.0,True,True,True,True,True,False,high_variance_close_mean,called_suit_pressure|late_hand,first_trick_public_belief_update|late_trick_threshold_closure,distribution_labels_ready|hidden_threat_offline_label_ready|public_context_ready,bid_margin,True,8,1,3-1,0.5470471382141113,2,2-1,0.4587690830230713,1,3-1,0.5470471382141113
1,840701,6,sixes,84,schema_v2_bid_value,20,5,0,0,bidder,offense,2,39,1,35,0,0,,,,,False,False,0,27,6-6,5,14,4-4,0,True,False,,,True,,2,0,1,2,2,42.0,3.3588080406188965,0.49449458718299866,0.0,0.0,3,3,3,4,4,1,2.375,1.2229827184733786,1,3,,256,2,2,2,0.04021573066711426,0.0,0.0,False,False,False,False,True,False,high_variance_close_mean,late_hand,first_trick_public_belief_update|late_trick_threshold_closure,distribution_labels_ready|hidden_threat_offline_label_ready|public_context_ready,bid_margin,True,8,1,3-1,0.5697023868560791,2,2-1,0.48441028594970703,1,3-1,0.5697023868560791
1,840701,6,sixes,84,schema_v2_bid_value,21,5,1,1,left_setter,defense,3,39,1,35,0,0,7,called,0,offense,False,True,6,16,5-1,5,17,5-2,0,False,False,False,False,False,0,2,0,0,0,2,-41.0,-5.6273908615112305,2.4033501148223877,1.0,0.0,-7,-7,-7,-6,-4,1,-7.0,1.6563414162323022,3,-7|-4|1,8,256,2,1,1,0.5248336791992188,0.0,0.0,False,False,True,True,True,False,high_variance_close_mean|multi_peak_pdf|hidden_threat_large_impact,late_hand,first_trick_public_belief_update|late_trick_threshold_closure,distribution_labels_ready|hidden_threat_offline_label_ready|public_context_ready,bid_margin,True,8,0,1-0,6.759851455688477,0,4-2,1.374157428741455,0,1-0,6.759851455688477
1,840701,6,sixes,84,schema_v2_bid_value,21,5,1,1,left_setter,defense,3,39,1,35,0,0,7,called,0,offense,False,True,6,16,5-1,6,16,5-1,0,False,False,False,False,False,0,2,0,0,0,2,-41.0,-5.102557182312012,2.9195868968963623,1.0,0.0,-7,-7,-7,-6,0,1,-7.0,1.423680194376659,2,-7|0,7,256,1,2,2,0.0,0.0,0.0,True,True,False,False,True,True,scalar_ev_lying_by_omission|high_variance_close_mean|multi_peak_pdf|hidden_threat_large_impact,late_hand,first_trick_public_belief_update|late_trick_threshold_closure,distribution_labels_ready|hidden_threat_offline_label_ready|public_context_ready,bid_margin,True,8,0,1-0,5.251244947314262,2,3-1,1.8601446151733398,0,1-0,5.251244947314262
1,840701,6,sixes,84,schema_v2_bid_value,22,5,2,2,bidder_partner,offense,0,39,1,35,0,0,7,called,0,offense,True,False,1,12,4-2,1,12,4-2,0,False,False,False,False,False,0,2,0,0,0,2,42.0,2.3484387397766113,0.33177104592323303,0.0,0.0,2,2,2,3,3,1,2.0,0.9996037156868482,1,2,,256,1,1,1,0.0,0.0,0.0,True,True,True,True,True,False,high_variance_close_mean,late_hand,first_trick_public_belief_update|late_trick_threshold_closure,distribution_labels_ready|hidden_threat_offline_label_ready|public_context_ready,bid_margin,True,6,0,4-4,0.33964014053344727,1,4-4,0.3240838050842285,0,4-4,0.33964014053344727
1,840701,6,sixes,84,schema_v2_bid_value,22,5,2,2,bidder_partner,offense,0,39,1,35,0,0,7,called,0,offense,True,False,1,12,4-2,6,7,3-1,0,False,False,False,False,False,0,2,0,0,0,2,42.0,2.3342864513397217,0.31386715173721313,0.0,0.0,2,2,2,3,3,1,2.0,0.9996037156868482,1,2,,256,2,2,2,0.014152288436889648,0.0,0.0,False,False,False,False,True,False,high_variance_close_mean,late_hand,first_trick_public_belief_update|late_trick_threshold_closure,distribution_labels_ready|hidden_threat_offline_label_ready|public_context_ready,bid_margin,True,6,0,4-4,0.32131195068359375,1,4-4,0.3065946102142334,0,4-4,0.32131195068359375
1,840701,6,sixes,84,schema_v2_bid_value,23,5,3,3,right_setter,defense,1,39,1,35,0,0,7,called,0,offense,False,True,2,4,2-1,2,4,2-1,0,False,False,False,False,False,0,2,0,0,0,2,-41.0,-3.731996536254883,0.20280338823795319,1.0,0.0,-4,-4,-4,-4,-4,0,-4.0,-0.0,1,-4,,256,1,1,1,0.0,0.0,0.0,True,True,True,True,True,False,high_variance_close_mean,last_to_act|late_hand,first_trick_public_belief_update|last_to_act_closure_policy|late_trick_threshold_closure,distribution_labels_ready|hidden_threat_offline_label_ready|public_context_ready,bid_margin,True,8,2,4-4,0.24996638298034668,2,4-4,0.24996638298034668,2,3-1,0.15701007843017578
1,840701,6,sixes,84,schema_v2_bid_value,23,5,3,3,right_setter,defense,1,39,1,35,0,0,7,called,0,offense,False,True,2,4,2-1,5,1,1-0,0,False,False,False,False,False,0,2,0,0,0,2,-41.0,-3.7476868629455566,0.1931772083044052,1.0,0.0,-4,-4,-4,-4,-4,0,-4.0,-0.0,1,-4,,256,2,2,2,0.015690326690673828,0.0,0.0,False,False,False,False,True,False,high_variance_close_mean,last_to_act|late_hand,first_trick_public_belief_update|last_to_act_closure_policy|late_trick_threshold_closure,distribution_labels_ready|hidden_threat_offline_label_ready|public_context_ready,bid_margin,True,8,2,4-4,0.24381494522094727,2,4-4,0.24381494522094727,2,3-1,0.14260196685791016
1,840701,6,sixes,84,schema_v2_bid_value,24,6,0,0,bidder,offense,2,40,1,35,0,0,,,,,False,False,5,14,4-4,5,14,4-4,0,True,False,,,True,,1,0,0,1,1,42.0,3.278038263320923,0.398196280002594,0.0,0.0,3,3,3,4,4,1,3.0000000000000004,0.8174108828059472,1,3,,256,1,1,1,0.0,0.0,0.0,True,True,True,True,False,False,,late_hand,first_trick_public_belief_update|late_trick_threshold_closure,distribution_labels_ready|hidden_threat_offline_label_ready|public_context_ready,bid_margin,True,8,1,3-1,0.6191897392272949,2,3-1,0.3946084976196289,1,3-1,0.6191897392272949
1,840701,6,sixes,84,schema_v2_bid_value,25,6,1,1,left_setter,defense,3,40,1,35,0,0,4,4,0,offense,False,True,5,17,5-2,5,17,5-2,0,False,False,False,False,False,0,1,0,0,0,1,-41.0,-6.3034186363220215,0.06742865592241287,1.0,0.0,-6,-6,-6,-6,-6,0,-6.000000000000001,-0.0,1,-6,,256,1,1,1,0.0,0.0,0.0,True,True,True,True,False,False,,late_hand,first_trick_public_belief_update|late_trick_threshold_closure,distribution_labels_ready|hidden_threat_offline_label_ready|public_context_ready,bid_margin,True,4,2,1-0,0.06902885437011719,3,1-0,0.06586647033691406,2,1-0,0.06902885437011719
1,840701,6,sixes,84,schema_v2_bid_value,26,6,2,2,bidder_partner,offense,0,40,1,35,0,0,4,4,0,offense,True,False,6,7,3-1,6,7,3-1,0,False,False,False,False,False,0,1,0,0,0,1,42.0,4.9527506828308105,0.0,0.0,0.0,5,5,5,5,5,0,5.0,-0.0,1,5,,256,1,1,1,0.0,0.0,0.0,True,True,True,True,False,False,,late_hand,first_trick_public_belief_update|late_trick_threshold_closure,distribution_labels_ready|hidden_threat_offline_label_ready|public_context_ready,bid_margin,True,1,3,1-0,0.0,3,1-0,0.0,3,1-0,0.0
1,840701,6,sixes,84,schema_v2_bid_value,27,6,3,3,right_setter,defense,1,40,1,35,0,0,4,4,0,offense,False,True,5,1,1-0,5,1,1-0,0,False,False,False,False,False,0,1,0,0,0,1,-41.0,-6.169463634490967,0.0,1.0,0.0,-6,-6,-6,-6,-6,0,-6.000000000000001,-0.0,1,-6,,256,1,1,1,0.0,0.0,0.0,True,True,True,True,False,False,,last_to_act|late_hand,first_trick_public_belief_update|last_to_act_closure_policy|late_trick_threshold_closure,distribution_labels_ready|public_context_ready,bid_margin,False,0,,,,,,,,,
2,840702,6,sixes,84,schema_v2_bid_value,0,0,0,0,bidder,offense,2,0,0,0,35,0,,,,,False,False,2,25,6-4,0,27,6-6,0,True,True,,,True,,7,20,4,3,7,42.0,38.343666076660156,3.9832358360290527,0.0,0.0,31,36,41,41,41,5,29.671875,2.6725862394483135,7,30|31|32|34|36|39|41,11,256,3,1,1,0.3675537109375,0.0,0.0,False,False,True,True,False,False,multi_peak_pdf,bidder_opening_lead|called_suit_pressure|first_trick,bidder_first_lead_plan,hidden_threat_offline_label_ready|public_context_ready,bid_margin,True,8,2,4-4,2.9750099182128906,3,4-4,1.5529632568359375,2,4-4,2.9750099182128906
2,840702,6,sixes,84,schema_v2_bid_value,0,0,0,0,bidder,offense,2,0,0,0,35,0,,,,,False,False,2,25,6-4,1,26,6-5,0,False,True,,,True,,7,20,4,3,7,42.0,38.396934509277344,3.946896553039551,0.0,0.0,32,36,41,41,41,5,29.7734375,2.6295062109937954,5,29|32|34|38|41,12,256,2,2,2,0.3142852783203125,0.0,0.0,False,False,False,False,False,False,multi_peak_pdf,bidder_opening_lead|called_suit_pressure|first_trick,bidder_first_lead_plan,hidden_threat_offline_label_ready|public_context_ready,bid_margin,True,8,2,4-4,2.922954559326172,3,4-4,1.5357322692871094,2,4-4,2.922954559326172
2,840702,6,sixes,84,schema_v2_bid_value,0,0,0,0,bidder,offense,2,0,0,0,35,0,,,,,False,False,2,25,6-4,2,25,6-4,10,False,True,,,True,,7,20,4,3,7,42.0,38.711219787597656,3.617145538330078,0.0,0.0,33,37,41,41,41,4,30.34375,2.57866984517118,4,29|32|36|41,12,256,1,3,3,0.0,0.0,0.0,True,True,False,False,False,True,scalar_ev_lying_by_omission|multi_peak_pdf,bidder_opening_lead|called_suit_pressure|first_trick,bidder_first_lead_plan,hidden_threat_offline_label_ready|public_context_ready,bid_margin,True,8,2,4-4,2.511199951171875,3,4-4,1.3999862670898438,2,4-4,2.511199951171875
2,840702,6,sixes,84,schema_v2_bid_value,0,0,0,0,bidder,offense,2,0,0,0,35,0,,,,,False,False,2,25,6-4,3,24,6-3,0,False,True,,,True,,7,20,4,3,7,42.0,38.33887481689453,3.9665465354919434,0.0,0.0,31,36,41,41,41,5,29.671875,2.665885422250073,5,29|31|34|37|41,12,256,4,4,4,0.372344970703125,0.0,0.0,False,False,False,False,False,False,multi_peak_pdf,bidder_opening_lead|called_suit_pressure|first_trick,bidder_first_lead_plan,hidden_threat_offline_label_ready|public_context_ready,bid_margin,True,8,2,4-4,2.954051971435547,3,4-4,1.5375099182128906,2,4-4,2.954051971435547
2,840702,6,sixes,84,schema_v2_bid_value,0,0,0,0,bidder,offense,2,0,0,0,35,0,,,,,False,False,2,25,6-4,4,20,5-5,10,True,False,,,True,,7,20,4,3,7,42.0,33.21300506591797,10.724297523498535,0.0,0.0,18,33,37,40,41,7,5.4609375,4.182328287863017,4,31|35|37|41,10,256,7,5,5,5.4982147216796875,0.0,0.0,False,False,False,False,False,False,multi_peak_pdf,bidder_opening_lead|first_trick,bidder_first_lead_plan,hidden_threat_offline_label_ready|public_context_ready,bid_margin,True,8,1,6-0,3.373319625854492,1,6-0,3.373319625854492,2,6-2,2.9583168029785156
2,840702,6,sixes,84,schema_v2_bid_value,0,0,0,0,bidder,offense,2,0,0,0,35,0,,,,,False,False,2,25,6-4,5,9,3-3,0,True,False,,,True,,7,20,4,3,7,42.0,37.132266998291016,6.230541706085205,0.0,0.0,29,35,40,41,41,6,21.773437500000004,3.1668077989660444,3,32|36|41,9,256,5,6,6,1.5789527893066406,0.0,0.0,False,False,False,False,False,False,multi_peak_pdf,bidder_opening_lead|first_trick,bidder_first_lead_plan,hidden_threat_offline_label_ready|public_context_ready,bid_margin,True,8,2,4-4,2.932464599609375,3,4-4,2.3654632568359375,2,4-4,2.932464599609375
2,840702,6,sixes,84,schema_v2_bid_value,0,0,0,0,bidder,offense,2,0,0,0,35,0,,,,,False,False,2,25,6-4,6,13,4-3,0,False,False,,,True,,7,20,4,3,7,42.0,35.909061431884766,8.982828140258789,0.0,0.0,28,35,39,41,41,6,12.765625000000002,3.4066937451899837,4,33|36|39|41,8,256,6,7,7,2.8021583557128906,0.0,0.0,False,False,False,False,False,False,multi_peak_pdf,bidder_opening_lead|first_trick,bidder_first_lead_plan,hidden_threat_offline_label_ready|public_context_ready,bid_margin,True,8,2,4-4,4.890052795410156,3,4-4,3.3325042724609375,2,4-4,4.890052795410156
2,840702,6,sixes,84,schema_v2_bid_value,1,0,1,1,left_setter,defense,3,0,0,10,25,10,7,called,0,offense,False,True,3,21,6-0,1,23,6-2,0,False,True,True,False,False,40,7,0,3,1,3,-41.0,-1.3831830024719238,29.134538650512695,0.9296875,0.37890625,-39,-31,-4,27,41,58,-41.265625,5.888327794246441,7,-42|-37|-34|-33|18|37|41,83,256,3,1,1,0.29278504848480225,0.0,0.0,False,False,True,True,True,False,high_variance_close_mean|multi_peak_pdf|wide_shelf_gap|high_std|large_lower_tail|hidden_threat_large_impact,called_suit_pressure|first_setter_response|first_trick,first_setter_pounce_window,hidden_threat_offline_label_ready|needs_real_bid_margin,bid_margin,True,8,3,6-6,33.8531231880188,2,6-6,25.61815494298935,3,6-6,31.9585919380188
2,840702,6,sixes,84,schema_v2_bid_value,1,0,1,1,left_setter,defense,3,0,0,10,25,10,7,called,0,offense,False,True,3,21,6-0,2,22,6-1,0,False,True,True,False,False,39,7,0,3,1,3,-41.0,-1.1711349487304688,29.136268615722656,0.9296875,0.37890625,-39,-30,-4,27,41,57,-41.1484375,5.857314514455928,7,-42|-40|-37|-34|17|37|41,83,256,2,2,2,0.08073699474334717,0.0,0.0,False,False,False,False,True,False,high_variance_close_mean|multi_peak_pdf|wide_shelf_gap|high_std|large_lower_tail|hidden_threat_large_impact,called_suit_pressure|first_setter_response|first_trick,first_setter_pounce_window,hidden_threat_offline_label_ready|needs_real_bid_margin,bid_margin,True,8,3,6-6,33.85835838317871,2,6-6,25.590884149074554,3,6-6,31.96382713317871
2,840702,6,sixes,84,schema_v2_bid_value,1,0,1,1,left_setter,defense,3,0,0,10,25,10,7,called,0,offense,False,True,3,21,6-0,3,21,6-0,0,False,True,True,False,False,38,7,0,3,1,3,-41.0,-1.0903979539871216,29.104764938354492,0.9296875,0.37890625,-39,-30,-3,27,41,57,-41.109375,5.83467413216242,6,-42|-37|-33|12|38|41,83,256,1,3,3,0.0,0.0,0.0,True,True,False,False,False,True,scalar_ev_lying_by_omission|multi_peak_pdf|wide_shelf_gap|high_std|large_lower_tail|hidden_threat_large_impact,called_suit_pressure|first_setter_response|first_trick,first_setter_pounce_window,hidden_threat_offline_label_ready|needs_real_bid_margin,bid_margin,True,8,3,6-6,33.831557393074036,2,6-6,25.562864124774933,3,6-6,31.937026143074036
2,840702,6,sixes,84,schema_v2_bid_value,2,0,2,2,bidder_partner,offense,0,0,0,10,25,10,7,called,0,offense,True,False,1,15,5-0,0,16,5-1,0,False,False,False,False,False,0,7,15,0,0,7,42.0,-16.39138412475586,26.40520477294922,0.0,0.578125,-42,-42,-24,5,20,47,-42.0,5.084942636409349,5,-42|-29|16|18|41,83,256,6,1,2,0.3243064880371094,0.0,0.0078125,False,False,True,False,False,False,multi_peak_pdf|wide_shelf_gap|high_std|large_lower_tail|hidden_threat_large_impact,first_trick|partner_third_seat_support,partner_third_seat_safe_donation,hidden_threat_offline_label_ready|public_context_ready,bid_margin,True,8,0,6-6,25.07447162270546,3,6-5,18.70942997932434,0,6-6,23.41672332584858
2,840702,6,sixes,84,schema_v2_bid_value,2,0,2,2,bidder_partner,offense,0,0,0,10,25,10,7,called,0,offense,True,False,1,15,5-0,1,15,5-0,5,False,False,False,False,False,0,7,15,0,0,7,42.0,-16.06707763671875,27.294340133666992,0.0,0.6015625,-42,-42,-28,6,26,48,-42.0,5.01736325506528,6,-42|-37|-29|-23|18|41,83,256,1,2,5,0.0,0.0,0.03125,True,True,False,False,True,True,scalar_ev_lying_by_omission|high_variance_close_mean|multi_peak_pdf|wide_shelf_gap|high_std|large_lower_tail|hidden_threat_large_impact,first_trick|partner_count_donation|partner_third_seat_support,partner_forcedness_and_safety|partner_third_seat_safe_donation,hidden_threat_offline_label_ready|needs_belief_model|public_context_ready,bid_margin,True,8,0,6-6,24.977045953273773,3,6-5,20.93833613395691,0,6-6,23.40758964419365
2,840702,6,sixes,84,schema_v2_bid_value,2,0,2,2,bidder_partner,offense,0,0,0,10,25,10,7,called,0,offense,True,False,1,15,5-0,2,12,4-2,0,False,False,False,False,False,0,7,15,0,0,7,42.0,-16.307147979736328,26.161020278930664,0.0,0.58984375,-42,-42,-23,5,21,47,-42.0,5.090143574499951,6,-42|-29|-21|-19|17|18,60,256,5,3,4,0.24007034301757812,0.0,0.01953125,False,False,False,False,False,False,multi_peak_pdf|wide_shelf_gap|high_std|large_lower_tail|hidden_threat_large_impact,first_trick|partner_third_seat_support,partner_third_seat_safe_donation,hidden_threat_offline_label_ready|public_context_ready,bid_margin,True,8,0,6-6,25.229120403528214,3,6-5,18.760462164878845,0,6-6,23.512778356671333
2,840702,6,sixes,84,schema_v2_bid_value,2,0,2,2,bidder_partner,offense,0,0,0,10,25,10,7,called,0,offense,True,False,1,15,5-0,3,11,4-1,5,False,False,False,False,False,0,7,15,0,0,7,42.0,-16.654010772705078,27.422094345092773,0.0,0.60546875,-42,-42,-29,5,26,47,-42.0,4.937603690799326,7,-42|-30|-28|-24|18|39|41,83,256,7,4,7,0.5869331359863281,0.0,0.03515625,False,False,False,False,True,False,high_variance_close_mean|multi_peak_pdf|wide_shelf_gap|high_std|large_lower_tail|hidden_threat_large_impact,first_trick|partner_count_donation|partner_third_seat_support,partner_forcedness_and_safety|partner_third_seat_safe_donation,hidden_threat_offline_label_ready|needs_belief_model|public_context_ready,bid_margin,True,8,0,6-6,24.921444833278656,3,6-5,20.89996027946472,0,6-6,23.332457274198532
2,840702,6,sixes,84,schema_v2_bid_value,2,0,2,2,bidder_partner,offense,0,0,0,10,25,10,7,called,0,offense,True,False,1,15,5-0,4,10,4-0,0,False,False,False,False,False,0,7,15,0,0,7,42.0,-16.197053909301758,26.161073684692383,0.0,0.58203125,-42,-42,-22,5,20,47,-42.0,5.068238884376252,5,-42|-34|-20|18|41,83,256,4,5,3,0.1299762725830078,0.0,0.01171875,False,False,False,False,False,False,multi_peak_pdf|wide_shelf_gap|high_std|large_lower_tail|hidden_threat_large_impact,first_trick|partner_third_seat_support,partner_third_seat_safe_donation,hidden_threat_offline_label_ready|public_context_ready,bid_margin,True,8,0,6-6,25.20095744729042,3,6-5,18.795765280723572,0,6-6,23.52367790043354
2,840702,6,sixes,84,schema_v2_bid_value,2,0,2,2,bidder_partner,offense,0,0,0,10,25,10,7,called,0,offense,True,False,1,15,5-0,5,8,3-2,5,False,False,False,False,False,0,7,15,0,0,7,42.0,-16.151182174682617,27.618356704711914,0.0,0.6015625,-42,-42,-28,5,28,47,-42.0,4.949115630291918,8,-42|-34|-29|-28|3|18|40|41,83,256,3,6,6,0.08410453796386719,0.0,0.03125,False,False,False,False,True,False,high_variance_close_mean|multi_peak_pdf|wide_shelf_gap|high_std|large_lower_tail|hidden_threat_large_impact,first_trick|partner_count_donation|partner_third_seat_support,partner_forcedness_and_safety|partner_third_seat_safe_donation,hidden_threat_offline_label_ready|needs_belief_model|public_context_ready,bid_margin,True,8,0,6-6,25.157844603061676,3,6-5,20.969211220741272,0,6-6,23.51989510655403
2,840702,6,sixes,84,schema_v2_bid_value,2,0,2,2,bidder_partner,offense,0,0,0,10,25,10,7,called,0,offense,True,False,1,15,5-0,6,7,3-1,0,False,False,False,False,False,0,7,15,0,0,7,42.0,-16.07535743713379,26.238964080810547,0.0,0.5703125,-42,-42,-22,5,20,47,-42.0,5.121083994429417,4,-42|-22|18|41,83,256,2,7,1,0.008279800415039062,0.0,0.0,False,False,False,True,False,False,multi_peak_pdf|wide_shelf_gap|high_std|large_lower_tail|hidden_threat_large_impact,first_trick|partner_third_seat_support,partner_third_seat_safe_donation,hidden_threat_offline_label_ready|public_context_ready,bid_margin,True,8,0,6-6,25.243016004562378,3,6-5,18.708137154579163,0,6-6,23.487343907356262
2,840702,6,sixes,84,schema_v2_bid_value,3,0,3,3,right_setter,defense,1,0,0,15,20,15,7,called,0,offense,False,True,6,0,0-0,0,6,3-0,0,False,False,False,False,False,0,7,0,0,3,7,-41.0,-31.86542510986328,12.088796615600586,0.71484375,0.8359375,-42,-41,-38,-26,-14,15,-42.0,4.470907730092222,7,-42|-37|-35|-32|-29|-19|-17,25,256,1,2,1,0.0,0.01171875,0.0,False,True,False,True,True,True,scalar_ev_lying_by_omission|high_variance_close_mean|multi_peak_pdf|wide_shelf_gap|large_lower_tail|hidden_threat_large_impact,defender_last_to_act_closure|first_trick|last_to_act,last_to_act_closure_policy,hidden_threat_offline_label_ready|public_context_ready,bid_margin,True,8,1,5-5,10.228217840194702,1,5-2,7.194587230682373,1,5-5,9.213087260723114
2,840702,6,sixes,84,schema_v2_bid_value,3,0,3,3,right_setter,defense,1,0,0,15,20,15,7,called,0,offense,False,True,6,0,0-0,1,5,2-2,0,True,False,False,False,False,0,7,0,0,3,7,-41.0,-32.380428314208984,11.801679611206055,0.70703125,0.83984375,-42,-41,-38,-27,-15,14,-42.0,4.4036091691187025,2,-42|-18,24,256,6,3,4,0.5150032043457031,0.01953125,0.00390625,False,False,False,False,False,False,multi_peak_pdf|wide_shelf_gap|large_lower_tail|hidden_threat_large_impact,defender_last_to_act_closure|first_trick|last_to_act,last_to_act_closure_policy,hidden_threat_offline_label_ready|public_context_ready,bid_margin,True,8,1,5-5,9.940189838409424,1,5-4,7.029183983802795,1,5-5,8.905528008937836
2,840702,6,sixes,84,schema_v2_bid_value,3,0,3,3,right_setter,defense,1,0,0,15,20,15,7,called,0,offense,False,True,6,0,0-0,2,4,2-1,0,False,False,False,False,False,0,7,0,0,3,7,-41.0,-32.370140075683594,11.8017578125,0.69921875,0.83984375,-42,-41,-38,-26,-15,15,-42.0,4.3768053647407115,6,-42|-39|-37|-35|-30|-18,24,256,5,7,5,0.5047149658203125,0.02734375,0.00390625,False,False,False,False,False,False,multi_peak_pdf|wide_shelf_gap|large_lower_tail|hidden_threat_large_impact,defender_last_to_act_closure|first_trick|last_to_act,last_to_act_closure_policy,hidden_threat_offline_label_ready|public_context_ready,bid_margin,True,8,1,5-5,10.198985815048218,1,5-2,6.9753078520298,1,5-5,9.16432398557663
2,840702,6,sixes,84,schema_v2_bid_value,3,0,3,3,right_setter,defense,1,0,0,15,20,15,7,called,0,offense,False,True,6,0,0-0,3,3,2-0,0,False,False,False,False,False,0,7,0,0,3,7,-41.0,-32.32692337036133,11.804072380065918,0.70703125,0.83984375,-42,-41,-38,-26,-15,15,-42.0,4.367621958035926,6,-42|-39|-37|-35|-30|-18,24,256,3,4,6,0.4614982604980469,0.01953125,0.00390625,False,False,False,False,False,False,multi_peak_pdf|wide_shelf_gap|large_lower_tail|hidden_threat_large_impact,defender_last_to_act_closure|first_trick|last_to_act,last_to_act_closure_policy,hidden_threat_offline_label_ready|public_context_ready,bid_margin,True,8,1,5-5,10.131030797958374,1,5-4,6.957643389701843,1,5-5,9.096368968486786
2,840702,6,sixes,84,schema_v2_bid_value,3,0,3,3,right_setter,defense,1,0,0,15,20,15,7,called,0,offense,False,True,6,0,0-0,4,2,1-1,0,True,False,False,False,False,0,7,0,0,3,7,-41.0,-32.39021682739258,11.771987915039062,0.703125,0.84765625,-42,-41,-38,-28,-15,13,-42.0,4.380771380582958,5,-42|-35|-32|-30|-18,24,256,7,5,7,0.5247917175292969,0.0234375,0.01171875,False,False,False,False,False,False,multi_peak_pdf|wide_shelf_gap|large_lower_tail|hidden_threat_large_impact,defender_last_to_act_closure|first_trick|last_to_act,last_to_act_closure_policy,hidden_threat_offline_label_ready|public_context_ready,bid_margin,True,8,1,5-5,9.819703340530396,1,5-4,6.927560448646545,1,5-5,8.809270203113556
2,840702,6,sixes,84,schema_v2_bid_value,3,0,3,3,right_setter,defense,1,0,0,15,20,15,7,called,0,offense,False,True,6,0,0-0,5,1,1-0,0,False,False,False,False,False,0,7,0,0,3,7,-41.0,-32.34817886352539,11.824566841125488,0.703125,0.8359375,-42,-41,-38,-27,-15,14,-42.0,4.406791338002478,4,-42|-34|-30|-18,24,256,4,6,2,0.4827537536621094,0.0234375,0.0,False,False,False,False,True,False,high_variance_close_mean|multi_peak_pdf|wide_shelf_gap|large_lower_tail|hidden_threat_large_impact,defender_last_to_act_closure|first_trick|last_to_act,last_to_act_closure_policy,hidden_threat_offline_label_ready|public_context_ready,bid_margin,True,8,1,5-5,10.066230535507202,1,5-2,6.997444540262222,1,5-5,9.051099956035614
2,840702,6,sixes,84,schema_v2_bid_value,3,0,3,3,right_setter,defense,1,0,0,15,20,15,7,called,0,offense,False,True,6,0,0-0,6,0,0-0,0,True,False,False,False,False,0,7,0,0,3,7,-41.0,-32.11186218261719,11.893280029296875,0.7265625,0.8359375,-42,-41,-38,-26,-14,15,-42.0,4.458148394136355,6,-42|-36|-33|-29|-28|-18,24,256,2,1,3,0.24643707275390625,0.0,0.0,True,False,True,False,True,False,high_variance_close_mean|multi_peak_pdf|wide_shelf_gap|large_lower_tail|hidden_threat_large_impact,defender_last_to_act_closure|first_trick|last_to_act,last_to_act_closure_policy,hidden_threat_offline_label_ready|public_context_ready,bid_margin,True,8,1,5-5,9.949935674667358,1,5-4,7.187742114067078,1,5-5,8.93480509519577
2,840702,6,sixes,84,schema_v2_bid_value,4,1,0,0,bidder,offense,2,16,0,15,20,0,,,,,False,False,1,26,6-5,0,27,6-6,0,True,True,,,True,,6,10,3,3,6,42.0,29.010379791259766,5.305307865142822,0.0,0.0,20,27,31,33,33,6,18.5546875,3.025374499379039,4,20|27|30|33,13,256,3,1,1,0.028942108154296875,0.0,0.0,False,False,True,True,False,False,multi_peak_pdf,called_suit_pressure,first_trick_public_belief_update,hidden_threat_offline_label_ready|public_context_ready,bid_margin,True,8,1,4-4,4.380413055419922,1,4-4,4.380413055419922,2,4-4,4.184913635253906
2,840702,6,sixes,84,schema_v2_bid_value,4,1,0,0,bidder,offense,2,16,0,15,20,0,,,,,False,False,1,26,6-5,1,26,6-5,0,False,True,,,True,,6,10,3,3,6,42.0,29.039321899414062,5.271866798400879,0.0,0.0,20,27,31,33,33,6,18.7109375,3.033298938914064,3,20|30|33,13,256,1,2,2,0.0,0.0,0.0,True,True,False,False,False,True,scalar_ev_lying_by_omission|multi_peak_pdf,called_suit_pressure,first_trick_public_belief_update,hidden_threat_offline_label_ready|public_context_ready,bid_margin,True,8,1,4-4,4.375860214233398,1,4-4,4.375860214233398,2,4-4,4.156528472900391
2,840702,6,sixes,84,schema_v2_bid_value,4,1,0,0,bidder,offense,2,16,0,15,20,0,,,,,False,False,1,26,6-5,3,24,6-3,0,False,True,,,True,,6,10,3,3,6,42.0,29.01074981689453,5.326390266418457,0.0,0.0,20,26,31,33,33,7,18.515625,3.0855860894499774,3,20|30|33,13,256,2,3,3,0.02857208251953125,0.0,0.0,False,False,False,False,False,False,multi_peak_pdf,called_suit_pressure,first_trick_public_belief_update,hidden_threat_offline_label_ready|public_context_ready,bid_margin,True,8,1,4-4,4.405551910400391,1,4-4,4.405551910400391,2,4-4,4.202312469482422
2,840702,6,sixes,84,schema_v2_bid_value,4,1,0,0,bidder,offense,2,16,0,15,20,0,,,,,False,False,1,26,6-5,4,20,5-5,10,True,False,,,True,,6,10,3,3,6,42.0,23.46417236328125,11.94674301147461,0.0,0.0,8,18,29,33,33,15,-1.9999999999999996,3.7994324873905723,4,9|20|30|33,24,256,5,4,4,5.5751495361328125,0.0,0.0,False,False,False,False,False,False,multi_peak_pdf|wide_shelf_gap|hidden_threat_large_impact,,first_trick_public_belief_update,hidden_threat_offline_label_ready|public_context_ready,bid_margin,True,8,1,4-4,7.969600677490234,1,4-4,7.969600677490234,1,5-1,6.483638763427734
2,840702,6,sixes,84,schema_v2_bid_value,4,1,0,0,bidder,offense,2,16,0,15,20,0,,,,,False,False,1,26,6-5,5,9,3-3,0,True,False,,,True,,6,10,3,3,6,42.0,27.540103912353516,7.016946792602539,0.0,0.0,18,22,30,33,33,11,12.1796875,3.756556080552609,5,20|23|26|30|33,13,256,4,5,5,1.4992179870605469,0.0,0.0,False,False,False,False,False,False,multi_peak_pdf,,first_trick_public_belief_update,hidden_threat_offline_label_ready|public_context_ready,bid_margin,True,8,1,4-4,4.555015563964844,1,4-4,4.555015563964844,2,4-4,4.51568603515625
2,840702,6,sixes,84,schema_v2_bid_value,4,1,0,0,bidder,offense,2,16,0,15,20,0,,,,,False,False,1,26,6-5,6,13,4-3,0,False,False,,,True,,6,10,3,3,6,42.0,22.79641342163086,12.829814910888672,0.0,0.0,2,14,29,33,34,19,-4.328125,4.412647322895281,5,5|11|18|20|33,28,256,6,6,6,6.242908477783203,0.0,0.0,False,False,False,False,False,False,multi_peak_pdf|wide_shelf_gap|hidden_threat_large_impact,,first_trick_public_belief_update,hidden_threat_offline_label_ready|public_context_ready,bid_margin,True,8,3,4-4,14.51689338684082,3,4-4,14.51689338684082,2,4-4,9.847816467285156
2,840702,6,sixes,84,schema_v2_bid_value,5,1,1,1,left_setter,defense,3,16,0,15,20,0,7,called,0,offense,False,True,1,23,6-2,1,23,6-2,0,False,True,True,False,False,40,6,0,2,1,2,-41.0,-22.710689544677734,12.52219009399414,1.0,0.71484375,-33,-33,-30,-16,-4,17,-33.0,4.1324920877647635,8,-33|-30|-28|-20|-19|-16|-9|-4,29,256,1,1,1,0.0,0.0,0.0,True,True,True,True,True,False,high_variance_close_mean|multi_peak_pdf|wide_shelf_gap|large_lower_tail|hidden_threat_large_impact,called_suit_pressure,first_trick_public_belief_update,hidden_threat_offline_label_ready|public_context_ready,bid_margin,True,8,2,5-5,7.002152800559998,2,5-5,7.002152800559998,3,5-5,5.642425775527954
2,840702,6,sixes,84,schema_v2_bid_value,5,1,1,1,left_setter,defense,3,16,0,15,20,0,7,called,0,offense,False,True,1,23,6-2,2,22,6-1,0,False,True,True,False,False,39,6,0,2,1,2,-41.0,-22.72464370727539,12.508970260620117,1.0,0.71484375,-33,-33,-30,-16,-4,17,-33.0,4.083639597816808,7,-33|-30|-27|-20|-19|-16|-4,29,256,2,2,2,0.01395416259765625,0.0,0.0,False,False,False,False,True,False,high_variance_close_mean|multi_peak_pdf|wide_shelf_gap|large_lower_tail|hidden_threat_large_impact,called_suit_pressure,first_trick_public_belief_update,hidden_threat_offline_label_ready|public_context_ready,bid_margin,True,8,2,5-5,7.009530425071716,2,5-5,7.009530425071716,3,5-5,5.634714365005493
2,840702,6,sixes,84,schema_v2_bid_value,6,1,2,2,bidder_partner,offense,0,16,0,15,20,0,7,called,0,offense,True,False,5,8,3-2,0,16,5-1,0,False,False,False,False,False,0,6,10,0,0,6,42.0,4.544924259185791,19.4221248626709,0.0,0.125,-24,-10,7,22,31,32,-29.429687500000004,5.274441935584146,9,-30|-18|-15|-6|-4|-1|9|29|33,63,256,3,1,3,3.475389003753662,0.0,0.02734375,False,False,True,False,False,False,multi_peak_pdf|wide_shelf_gap|high_std|hidden_threat_large_impact,,first_trick_public_belief_update,hidden_threat_offline_label_ready|public_context_ready,bid_margin,True,8,0,3-1,13.050979524850845,0,3-1,13.050979524850845,0,5-5,10.761466942727566
2,840702,6,sixes,84,schema_v2_bid_value,6,1,2,2,bidder_partner,offense,0,16,0,15,20,0,7,called,0,offense,True,False,5,8,3-2,2,12,4-2,0,False,False,False,False,False,0,6,10,0,0,6,42.0,2.8759472370147705,18.931156158447266,0.0,0.1328125,-26,-11,3,15,30,26,-29.5546875,5.202974898675755,9,-30|-18|-16|-6|-2|9|28|30|33,63,256,6,2,4,5.144366025924683,0.0,0.03515625,False,False,False,False,False,False,multi_peak_pdf|wide_shelf_gap|high_std|hidden_threat_large_impact,,first_trick_public_belief_update,hidden_threat_offline_label_ready|public_context_ready,bid_margin,True,8,0,3-1,13.759231716394424,0,3-1,13.759231716394424,0,6-6,11.433438062667847
2,840702,6,sixes,84,schema_v2_bid_value,6,1,2,2,bidder_partner,offense,0,16,0,15,20,0,7,called,0,offense,True,False,5,8,3-2,3,11,4-1,5,False,False,False,False,False,0,6,10,0,0,6,42.0,7.9900078773498535,15.961779594421387,0.0,0.09765625,-15,-4,7,24,30,28,-19.84375,4.978449601381064,8,-20|-7|-5|-3|4|9|29|33,53,256,2,3,1,0.03030538558959961,0.0,0.0,False,False,False,True,False,False,multi_peak_pdf|wide_shelf_gap|high_std|hidden_threat_large_impact,partner_count_donation,first_trick_public_belief_update|partner_forcedness_and_safety,hidden_threat_offline_label_ready|needs_belief_model|public_context_ready,bid_margin,True,8,0,3-1,9.872895792126656,0,3-1,9.872895792126656,0,5-5,9.016015969216824
2,840702,6,sixes,84,schema_v2_bid_value,6,1,2,2,bidder_partner,offense,0,16,0,15,20,0,7,called,0,offense,True,False,5,8,3-2,4,10,4-0,0,False,False,False,False,False,0,6,10,0,0,6,42.0,3.1783671379089355,18.977048873901367,0.0,0.1328125,-24,-10,4,16,30,26,-29.507812500000004,5.204750986382962,8,-30|-18|-6|-3|-1|8|30|33,63,256,5,4,5,4.841946125030518,0.0,0.03515625,False,False,False,False,False,False,multi_peak_pdf|wide_shelf_gap|high_std|hidden_threat_large_impact,,first_trick_public_belief_update,hidden_threat_offline_label_ready|public_context_ready,bid_margin,True,8,0,3-1,13.863569647073746,0,3-1,13.863569647073746,0,6-6,11.475910663604736
2,840702,6,sixes,84,schema_v2_bid_value,6,1,2,2,bidder_partner,offense,0,16,0,15,20,0,7,called,0,offense,True,False,5,8,3-2,5,8,3-2,5,False,False,False,False,False,0,6,10,0,0,6,42.0,8.020313262939453,16.03155517578125,0.0,0.09765625,-14,-4,7,25,30,29,-19.78125,5.061806786980285,8,-20|-6|-3|0|3|9|30|33,53,256,1,5,2,0.0,0.0,0.0,True,True,False,False,False,True,scalar_ev_lying_by_omission|multi_peak_pdf|wide_shelf_gap|high_std|hidden_threat_large_impact,partner_count_donation,first_trick_public_belief_update|partner_forcedness_and_safety,hidden_threat_offline_label_ready|needs_belief_model|public_context_ready,bid_margin,True,8,1,6-6,9.472861021757126,1,6-6,9.472861021757126,0,5-5,8.94500394910574
2,840702,6,sixes,84,schema_v2_bid_value,6,1,2,2,bidder_partner,offense,0,16,0,15,20,0,7,called,0,offense,True,False,5,8,3-2,6,7,3-1,0,False,False,False,False,False,0,6,10,0,0,6,42.0,3.2570912837982178,18.97161293029785,0.0,0.1328125,-24,-10,4,17,31,27,-29.429687500000004,5.174788401495078,9,-30|-18|-6|-4|1|9|28|30|33,63,256,4,6,6,4.763221979141235,0.0,0.03515625,False,False,False,False,False,False,multi_peak_pdf|wide_shelf_gap|high_std|hidden_threat_large_impact,,first_trick_public_belief_update,hidden_threat_offline_label_ready|public_context_ready,bid_margin,True,8,0,3-1,14.804162204265594,0,3-1,14.804162204265594,0,6-6,11.4603750705719
2,840702,6,sixes,84,schema_v2_bid_value,7,1,3,3,right_setter,defense,1,16,0,20,15,5,7,called,0,offense,False,True,0,6,3-0,0,6,3-0,0,False,False,False,False,False,0,6,0,0,2,6,-41.0,-21.925718307495117,14.340607643127441,1.0,0.7109375,-34,-33,-29,-14,4,19,-34.2734375,4.782574608120342,7,-34|-31|-29|-26|-20|-13|4,38,256,1,1,1,0.0,0.0,0.0,True,True,True,True,True,False,high_variance_close_mean|multi_peak_pdf|wide_shelf_gap|large_lower_tail|hidden_threat_large_impact,last_to_act,first_trick_public_belief_update|last_to_act_closure_policy,hidden_threat_offline_label_ready|public_context_ready,bid_margin,True,8,1,5-5,14.739157915115356,1,5-1,7.789336800575256,1,5-5,12.920581459999084
2,840702,6,sixes,84,schema_v2_bid_value,7,1,3,3,right_setter,defense,1,16,0,20,15,5,7,called,0,offense,False,True,0,6,3-0,1,5,2-2,0,True,False,False,False,False,0,6,0,0,2,6,-41.0,-22.192188262939453,14.240986824035645,1.0,0.71484375,-34,-33,-29,-15,3,18,-34.2734375,4.785445020386093,5,-34|-31|-28|-26|-20,14,256,6,2,4,0.26646995544433594,0.0,0.00390625,False,False,False,False,False,False,multi_peak_pdf|large_lower_tail|hidden_threat_large_impact,last_to_act,first_trick_public_belief_update|last_to_act_closure_policy,hidden_threat_offline_label_ready|public_context_ready,bid_margin,True,8,1,5-5,14.734618425369263,1,5-1,7.594323754310608,1,5-5,12.89651072025299
2,840702,6,sixes,84,schema_v2_bid_value,7,1,3,3,right_setter,defense,1,16,0,20,15,5,7,called,0,offense,False,True,0,6,3-0,2,4,2-1,0,False,False,False,False,False,0,6,0,0,2,6,-41.0,-22.15062141418457,14.186933517456055,1.0,0.71484375,-34,-33,-29,-15,2,18,-34.234375,4.703607009749792,5,-33|-31|-28|-15|-8,25,256,5,3,5,0.22490310668945312,0.0,0.00390625,False,False,False,False,False,False,multi_peak_pdf|wide_shelf_gap|large_lower_tail|hidden_threat_large_impact,last_to_act,first_trick_public_belief_update|last_to_act_closure_policy,hidden_threat_offline_label_ready|public_context_ready,bid_margin,True,8,1,5-5,14.72524380683899,1,5-1,7.573730111122131,1,5-5,12.887136101722717
2,840702,6,sixes,84,schema_v2_bid_value,7,1,3,3,right_setter,defense,1,16,0,20,15,5,7,called,0,offense,False,True,0,6,3-0,3,3,2-0,0,False,False,False,False,False,0,6,0,0,2,6,-41.0,-22.134187698364258,14.19232177734375,1.0,0.71484375,-34,-33,-29,-15,2,18,-34.234375,4.696802743379457,4,-33|-31|-27|-15,18,256,4,4,6,0.20846939086914062,0.0,0.00390625,False,False,False,False,False,False,multi_peak_pdf|large_lower_tail|hidden_threat_large_impact,last_to_act,first_trick_public_belief_update|last_to_act_closure_policy,hidden_threat_offline_label_ready|public_context_ready,bid_margin,True,8,1,5-5,14.729424715042114,1,5-1,7.578799843788147,1,5-5,12.891317009925842
2,840702,6,sixes,84,schema_v2_bid_value,7,1,3,3,right_setter,defense,1,16,0,20,15,5,7,called,0,offense,False,True,0,6,3-0,4,2,1-1,0,True,False,False,False,False,0,6,0,0,2,6,-41.0,-22.08598518371582,14.356927871704102,1.0,0.7109375,-34,-33,-29,-15,2,18,-34.3125,4.836177299318813,4,-34|-30|-28|-15,19,256,3,5,2,0.16026687622070312,0.0,0.0,False,False,False,False,True,False,high_variance_close_mean|multi_peak_pdf|large_lower_tail|hidden_threat_large_impact,last_to_act,first_trick_public_belief_update|last_to_act_closure_policy,hidden_threat_offline_label_ready|public_context_ready,bid_margin,True,8,1,5-5,14.735320329666138,1,5-1,7.640267968177795,1,5-5,12.916743874549866
2,840702,6,sixes,84,schema_v2_bid_value,7,1,3,3,right_setter,defense,1,16,0,20,15,5,7,called,0,offense,False,True,0,6,3-0,5,1,1-0,0,False,False,False,False,False,0,6,0,0,2,6,-41.0,-22.04139518737793,14.286898612976074,1.0,0.7109375,-34,-33,-29,-14,2,19,-34.2734375,4.796304990628612,5,-34|-31|-29|-27|-8,26,256,2,6,3,0.1156768798828125,0.0,0.0,False,False,False,False,True,False,high_variance_close_mean|multi_peak_pdf|wide_shelf_gap|large_lower_tail|hidden_threat_large_impact,last_to_act,first_trick_public_belief_update|last_to_act_closure_policy,hidden_threat_offline_label_ready|public_context_ready,bid_margin,True,8,1,5-5,14.697755098342896,1,5-1,7.639123558998108,1,5-5,12.879178643226624
2,840702,6,sixes,84,schema_v2_bid_value,8,2,0,0,bidder,offense,2,22,0,20,15,0,,,,,False,False,0,27,6-6,0,27,6-6,0,True,True,,,True,,5,10,2,3,5,42.0,21.700767517089844,5.668368339538574,0.0,0.0,13,14,24,27,27,13,12.609375,3.077171047545875,3,13|24|27,14,256,1,1,1,0.0,0.0,0.0,True,True,True,True,False,False,multi_peak_pdf|hidden_threat_large_impact,called_suit_pressure,first_trick_public_belief_update,hidden_threat_offline_label_ready|public_context_ready,bid_margin,True,8,2,4-4,5.284856796264648,1,4-4,3.158357620239258,2,4-4,5.284856796264648
2,840702,6,sixes,84,schema_v2_bid_value,8,2,0,0,bidder,offense,2,22,0,20,15,0,,,,,False,False,0,27,6-6,3,24,6-3,0,False,True,,,True,,5,10,2,3,5,42.0,21.69162368774414,5.657157897949219,0.0,0.0,13,14,24,27,27,13,12.5703125,3.0885871115225423,3,13|24|27,14,256,2,2,2,0.009143829345703125,0.0,0.0,False,False,False,False,False,False,multi_peak_pdf|hidden_threat_large_impact,called_suit_pressure,first_trick_public_belief_update,hidden_threat_offline_label_ready|public_context_ready,bid_margin,True,8,2,4-4,5.278575897216797,1,4-4,3.154033660888672,2,4-4,5.278575897216797
2,840702,6,sixes,84,schema_v2_bid_value,8,2,0,0,bidder,offense,2,22,0,20,15,0,,,,,False,False,0,27,6-6,4,20,5-5,10,True,False,,,True,,5,10,2,3,5,42.0,16.882774353027344,11.78815746307373,0.0,0.00390625,-2,13,23,26,27,13,-10.242187499999998,3.909996853275521,5,2|4|14|23|27,25,256,5,3,4,4.8179931640625,0.0,0.00390625,False,False,False,False,False,False,multi_peak_pdf|wide_shelf_gap|hidden_threat_large_impact,,first_trick_public_belief_update,hidden_threat_offline_label_ready|public_context_ready,bid_margin,True,8,2,4-4,5.876617431640625,1,4-4,4.956942135468125,2,4-4,5.857086181640625
2,840702,6,sixes,84,schema_v2_bid_value,8,2,0,0,bidder,offense,2,22,0,20,15,0,,,,,False,False,0,27,6-6,5,9,3-3,0,True,False,,,True,,5,10,2,3,5,42.0,20.42023468017578,6.2419352531433105,0.0,0.0,12,14,23,26,27,12,9.0703125,3.914026438591948,4,11|13|23|26,15,256,3,4,3,1.2805328369140625,0.0,0.0,False,False,False,False,False,False,multi_peak_pdf|hidden_threat_large_impact,,first_trick_public_belief_update,hidden_threat_offline_label_ready|public_context_ready,bid_margin,True,8,2,4-4,5.623897552490234,1,4-4,3.268674850463867,2,4-4,5.623897552490234
2,840702,6,sixes,84,schema_v2_bid_value,8,2,0,0,bidder,offense,2,22,0,20,15,0,,,,,False,False,0,27,6-6,6,13,4-3,0,False,False,,,True,,5,10,2,3,5,42.0,18.039045333862305,10.12356185913086,0.0,0.00390625,5,13,22,27,28,14,-4.6484375,4.151860008668312,4,13|22|24|27,14,256,4,5,5,3.661722183227539,0.0,0.00390625,False,False,False,False,False,False,multi_peak_pdf|hidden_threat_large_impact,,first_trick_public_belief_update,hidden_threat_offline_label_ready|public_context_ready,bid_margin,True,8,2,4-4,8.056465148925781,3,4-4,6.728274447843432,2,4-4,8.036933898925781
2,840702,6,sixes,84,schema_v2_bid_value,9,2,1,1,left_setter,defense,3,22,0,20,15,0,7,called,0,offense,False,True,2,22,6-1,2,22,6-1,0,False,True,True,False,False,39,5,0,1,1,1,-41.0,-16.972190856933594,12.24302864074707,1.0,0.57421875,-27,-26,-23,-12,-1,14,-27.1953125,4.199509887441873,7,-26|-23|-14|-12|-10|-3|-1,25,256,1,1,1,0.0,0.0,0.0,True,True,True,True,False,False,multi_peak_pdf|wide_shelf_gap|large_lower_tail|hidden_threat_large_impact,called_suit_pressure,first_trick_public_belief_update,hidden_threat_offline_label_ready|public_context_ready,bid_margin,True,8,0,4-1,10.158001124858856,0,1-0,8.638720273971558,0,4-1,8.741452783346176
2,840702,6,sixes,84,schema_v2_bid_value,10,2,2,2,bidder_partner,offense,0,22,0,20,15,0,7,called,0,offense,True,False,3,11,4-1,0,16,5-1,0,False,False,False,False,False,0,5,5,0,0,5,42.0,0.355105996131897,17.27678680419922,0.0,0.22265625,-24,-12,1,18,25,30,-24.000000000000004,4.7663927293421855,9,-24|-22|-11|-9|1|3|18|23|26,50,256,2,1,4,3.13253390789032,0.0,0.22265625,False,False,True,False,False,False,multi_peak_pdf|wide_shelf_gap|high_std|hidden_threat_large_impact,,first_trick_public_belief_update,hidden_threat_offline_label_ready|public_context_ready,bid_margin,True,8,0,5-5,16.77405419945717,1,6-3,12.127484142780304,0,5-5,16.06617833673954
2,840702,6,sixes,84,schema_v2_bid_value,10,2,2,2,bidder_partner,offense,0,22,0,20,15,0,7,called,0,offense,True,False,3,11,4-1,2,12,4-2,0,False,False,False,False,False,0,5,5,0,0,5,42.0,-0.19306808710098267,16.114906311035156,0.0,0.1796875,-24,-11,0,8,25,19,-24.039062500000004,4.622455179814805,9,-24|-22|-11|-8|-3|0|3|23|26,50,256,3,2,2,3.6807079911231995,0.0,0.1796875,False,False,False,False,False,False,multi_peak_pdf|wide_shelf_gap|high_std|hidden_threat_large_impact,,first_trick_public_belief_update,hidden_threat_offline_label_ready|public_context_ready,bid_margin,True,8,0,5-5,12.86369501054287,1,6-3,12.072218120098114,0,5-5,12.505798064172268
2,840702,6,sixes,84,schema_v2_bid_value,10,2,2,2,bidder_partner,offense,0,22,0,20,15,0,7,called,0,offense,True,False,3,11,4-1,3,11,4-1,5,False,False,False,False,False,0,5,5,0,0,5,42.0,3.487639904022217,14.02087116241455,0.0,0.0,-13,-11,1,19,25,30,-13.703125,4.6818887142355905,9,-14|-13|-11|-4|-2|0|2|24|26,40,256,1,3,1,0.0,0.0,0.0,True,True,False,True,False,True,scalar_ev_lying_by_omission|multi_peak_pdf|wide_shelf_gap|hidden_threat_large_impact,partner_count_donation,first_trick_public_belief_update|partner_forcedness_and_safety,hidden_threat_offline_label_ready|needs_belief_model|public_context_ready,bid_margin,True,8,0,5-5,13.404314517974854,1,6-3,7.161198854446411,0,5-5,13.404314517974854
2,840702,6,sixes,84,schema_v2_bid_value,10,2,2,2,bidder_partner,offense,0,22,0,20,15,0,7,called,0,offense,True,False,3,11,4-1,4,10,4-0,0,False,False,False,False,False,0,5,5,0,0,5,42.0,-0.872394323348999,16.633066177368164,0.0,0.2265625,-24,-12,0,7,25,19,-24.000000000000004,4.737299914113025,8,-24|-22|-11|-9|-2|0|3|26,50,256,5,4,5,4.360034227371216,0.0,0.2265625,False,False,False,False,False,False,multi_peak_pdf|wide_shelf_gap|high_std|hidden_threat_large_impact,,first_trick_public_belief_update,hidden_threat_offline_label_ready|public_context_ready,bid_margin,True,8,0,5-5,13.817454814910889,1,6-3,13.42492288351059,0,5-5,13.157615303993225
2,840702,6,sixes,84,schema_v2_bid_value,10,2,2,2,bidder_partner,offense,0,22,0,20,15,0,7,called,0,offense,True,False,3,11,4-1,6,7,3-1,0,False,False,False,False,False,0,5,5,0,0,5,42.0,-0.34435707330703735,16.289751052856445,0.0,0.1953125,-24,-11,0,8,25,19,-24.000000000000004,4.656182291987837,8,-24|-22|-11|-2|1|3|24|26,50,256,4,5,3,3.831996977329254,0.0,0.1953125,False,False,False,False,False,False,multi_peak_pdf|wide_shelf_gap|high_std|hidden_threat_large_impact,,first_trick_public_belief_update,hidden_threat_offline_label_ready|public_context_ready,bid_margin,True,8,0,5-5,13.71078571677208,1,6-3,12.475975513458252,0,5-5,13.139628604054451
2,840702,6,sixes,84,schema_v2_bid_value,11,2,3,3,right_setter,defense,1,22,0,25,10,5,7,called,0,offense,False,True,4,2,1-1,1,5,2-2,0,True,False,False,False,False,0,5,0,0,2,5,-41.0,-16.904516220092773,15.789859771728516,1.0,0.65234375,-31,-30,-25,-4,10,26,-31.0,4.609977271896343,6,-30|-27|-25|-19|9|13,43,256,2,1,2,0.159637451171875,0.0,0.0078125,False,False,True,False,False,False,multi_peak_pdf|wide_shelf_gap|high_std|large_lower_tail|hidden_threat_large_impact,last_to_act,first_trick_public_belief_update|last_to_act_closure_policy,hidden_threat_offline_label_ready|public_context_ready,bid_margin,True,8,1,5-5,19.581272333860397,2,5-5,10.369215607643127,1,5-5,17.468978866934776
2,840702,6,sixes,84,schema_v2_bid_value,11,2,3,3,right_setter,defense,1,22,0,25,10,5,7,called,0,offense,False,True,4,2,1-1,2,4,2-1,0,False,False,False,False,False,0,5,0,0,2,5,-41.0,-17.005817413330078,15.72876262664795,1.0,0.65625,-31,-30,-25,-4,10,26,-31.0,4.574003088990293,9,-30|-28|-26|-25|-22|-19|7|9|11,41,256,5,2,3,0.2609386444091797,0.0,0.01171875,False,False,False,False,False,False,multi_peak_pdf|wide_shelf_gap|high_std|large_lower_tail|hidden_threat_large_impact,last_to_act,first_trick_public_belief_update|last_to_act_closure_policy,hidden_threat_offline_label_ready|public_context_ready,bid_margin,True,8,1,5-5,19.55489656329155,2,5-5,10.26357901096344,1,5-5,17.42307184636593
2,840702,6,sixes,84,schema_v2_bid_value,11,2,3,3,right_setter,defense,1,22,0,25,10,5,7,called,0,offense,False,True,4,2,1-1,3,3,2-0,0,False,False,False,False,False,0,5,0,0,2,5,-41.0,-16.978919982910156,15.729718208312988,1.0,0.65625,-31,-30,-25,-4,10,26,-31.0,4.560224335694697,8,-30|-28|-26|-22|-19|7|9|11,41,256,4,3,4,0.2340412139892578,0.0,0.01171875,False,False,False,False,False,False,multi_peak_pdf|wide_shelf_gap|high_std|large_lower_tail|hidden_threat_large_impact,last_to_act,first_trick_public_belief_update|last_to_act_closure_policy,hidden_threat_offline_label_ready|public_context_ready,bid_margin,True,8,1,5-5,19.54746839404106,2,5-5,10.267233490943909,1,5-5,17.41564367711544
2,840702,6,sixes,84,schema_v2_bid_value,11,2,3,3,right_setter,defense,1,22,0,25,10,5,7,called,0,offense,False,True,4,2,1-1,4,2,1-1,0,True,False,False,False,False,0,5,0,0,2,5,-41.0,-16.7448787689209,15.907607078552246,1.0,0.64453125,-31,-30,-25,-4,11,26,-31.0,4.6024444142478504,7,-30|-27|-25|-22|-18|10|12,42,256,1,4,1,0.0,0.0,0.0,True,True,False,True,True,True,scalar_ev_lying_by_omission|high_variance_close_mean|multi_peak_pdf|wide_shelf_gap|high_std|large_lower_tail|hidden_threat_large_impact,last_to_act,first_trick_public_belief_update|last_to_act_closure_policy,hidden_threat_offline_label_ready|public_context_ready,bid_margin,True,8,1,5-5,19.58655473589897,2,5-5,10.407078266143799,1,5-5,17.51332376897335
2,840702,6,sixes,84,schema_v2_bid_value,11,2,3,3,right_setter,defense,1,22,0,25,10,5,7,called,0,offense,False,True,4,2,1-1,5,1,1-0,0,False,False,False,False,False,0,5,0,0,2,5,-41.0,-16.917068481445312,15.808893203735352,1.0,0.65625,-31,-30,-25,-4,10,26,-31.0,4.577425203382446,7,-30|-27|-25|-22|-19|9|11,41,256,3,5,5,0.17218971252441406,0.0,0.01171875,False,False,False,False,True,False,high_variance_close_mean|multi_peak_pdf|wide_shelf_gap|high_std|large_lower_tail|hidden_threat_large_impact,last_to_act,first_trick_public_belief_update|last_to_act_closure_policy,hidden_threat_offline_label_ready|public_context_ready,bid_margin,True,8,1,5-5,19.624355047941208,2,5-5,10.328787446022034,1,5-5,17.492530331015587
2,840702,6,sixes,84,schema_v2_bid_value,12,3,0,0,bidder,offense,2,28,0,25,10,0,,,,,False,False,6,13,4-3,3,24,6-3,0,False,True,,,True,,4,10,1,2,4,42.0,18.20221519470215,1.0603382587432861,0.0,0.0,17,17,18,20,20,3,17.0,1.4964773858426947,2,17|20,3,256,3,1,1,0.11979103088378906,0.0,0.0,False,False,True,True,True,False,high_variance_close_mean|multi_peak_pdf,called_suit_pressure,first_trick_public_belief_update,hidden_threat_offline_label_ready|public_context_ready,bid_margin,True,8,2,4-4,1.4452476501464844,3,4-4,0.7991123199462891,2,4-4,1.4452476501464844
2,840702,6,sixes,84,schema_v2_bid_value,12,3,0,0,bidder,offense,2,28,0,25,10,0,,,,,False,False,6,13,4-3,4,20,5-5,10,True,False,,,True,,4,10,1,2,4,42.0,18.182859420776367,1.0878407955169678,0.0,0.0,17,17,18,20,20,3,17.0,1.4500767407360589,2,17|20,3,256,4,2,2,0.1391468048095703,0.0,0.0,False,False,False,False,True,False,high_variance_close_mean|multi_peak_pdf,,first_trick_public_belief_update,hidden_threat_offline_label_ready|public_context_ready,bid_margin,True,8,2,4-4,1.4815921783447266,3,4-4,0.8167076110839844,2,4-4,1.4815921783447266
2,840702,6,sixes,84,schema_v2_bid_value,12,3,0,0,bidder,offense,2,28,0,25,10,0,,,,,False,False,6,13,4-3,5,9,3-3,0,True,False,,,True,,4,10,1,2,4,42.0,18.27166748046875,1.0265631675720215,0.0,0.0,17,17,18,20,20,3,17.0,1.5583991029067152,2,18|20,2,256,2,3,3,0.0503387451171875,0.0,0.0,False,False,False,False,False,False,multi_peak_pdf,,first_trick_public_belief_update,hidden_threat_offline_label_ready|public_context_ready,bid_margin,True,8,2,4-4,1.4001083374023438,3,4-4,0.7765769958496094,2,4-4,1.4001083374023438
2,840702,6,sixes,84,schema_v2_bid_value,12,3,0,0,bidder,offense,2,28,0,25,10,0,,,,,False,False,6,13,4-3,6,13,4-3,0,False,False,,,True,,4,10,1,2,4,42.0,18.322006225585938,0.9979230761528015,0.0,0.0,17,18,18,20,20,2,17.0,1.3997608093117975,2,18|20,2,256,1,4,4,0.0,0.0,0.0,True,True,False,False,False,True,scalar_ev_lying_by_omission|multi_peak_pdf,,first_trick_public_belief_update,hidden_threat_offline_label_ready|public_context_ready,bid_margin,True,8,2,4-4,1.3601207733154297,1,4-4,0.7306900024414062,2,4-4,1.3601207733154297
2,840702,6,sixes,84,schema_v2_bid_value,13,3,1,1,left_setter,defense,3,28,0,25,10,0,4,4,0,offense,False,True,4,19,5-4,0,14,4-4,0,True,False,True,True,True,30,4,0,0,1,2,-41.0,-9.350447654724121,11.845100402832031,1.0,0.00390625,-18,-18,-17,3,11,21,-18.0,3.4550197411371126,6,-18|3|5|7|11|17,35,256,2,1,2,1.6453933715820312,0.0,0.00390625,False,False,True,False,False,False,multi_peak_pdf|wide_shelf_gap|hidden_threat_large_impact,,first_trick_public_belief_update,hidden_threat_offline_label_ready|public_context_ready,bid_margin,True,8,3,5-5,9.595533013343811,2,5-5,7.889988899230957,3,5-5,9.576001763343811
2,840702,6,sixes,84,schema_v2_bid_value,13,3,1,1,left_setter,defense,3,28,0,25,10,0,4,4,0,offense,False,True,4,19,5-4,4,19,5-4,0,False,False,True,True,True,25,4,0,0,1,2,-41.0,-7.70505428314209,12.753443717956543,1.0,0.0,-18,-17,-16,5,16,22,-18.0,3.6964450074082094,5,-18|3|5|9|16,34,256,1,2,1,0.0,0.0,0.0,True,True,False,True,True,True,scalar_ev_lying_by_omission|high_variance_close_mean|multi_peak_pdf|wide_shelf_gap|hidden_threat_large_impact,,first_trick_public_belief_update,hidden_threat_offline_label_ready|public_context_ready,bid_margin,True,8,3,5-5,10.877776861190796,2,5-5,8.770293235778809,3,5-5,10.877776861190796
2,840702,6,sixes,84,schema_v2_bid_value,14,3,2,2,bidder_partner,offense,0,28,0,25,10,0,4,4,1,defense,False,True,4,10,4-0,2,12,4-2,0,False,False,True,False,False,22,4,0,0,0,2,42.0,-8.213308334350586,14.084100723266602,0.0,0.38671875,-20,-20,-17,-3,18,17,-20.0390625,3.488383979787211,6,-20|-18|-5|-3|16|18,38,256,2,1,1,0.07074356079101562,0.0,0.0,False,False,True,True,True,False,high_variance_close_mean|multi_peak_pdf|wide_shelf_gap|large_lower_tail|hidden_threat_large_impact,,first_trick_public_belief_update,hidden_threat_offline_label_ready|public_context_ready,bid_margin,True,8,1,6-3,14.129308581352234,1,6-3,14.129308581352234,0,6-3,11.548573017120361
2,840702,6,sixes,84,schema_v2_bid_value,14,3,2,2,bidder_partner,offense,0,28,0,25,10,0,4,4,1,defense,False,True,4,10,4-0,4,10,4-0,0,False,False,True,False,False,20,4,0,0,0,2,42.0,-8.14256477355957,14.078935623168945,0.0,0.39453125,-20,-20,-16,-3,18,17,-20.0,3.468883459570555,6,-20|-18|-5|-3|16|18,38,256,1,2,2,0.0,0.0,0.0078125,True,True,False,False,True,True,scalar_ev_lying_by_omission|high_variance_close_mean|multi_peak_pdf|wide_shelf_gap|large_lower_tail|hidden_threat_large_impact,,first_trick_public_belief_update,hidden_threat_offline_label_ready|public_context_ready,bid_margin,True,8,1,6-3,14.270822882652283,1,6-3,14.270822882652283,0,6-3,11.644543051719666
2,840702,6,sixes,84,schema_v2_bid_value,15,3,3,3,right_setter,defense,1,28,0,25,10,0,4,4,1,defense,True,False,2,4,2-1,1,5,2-2,0,True,False,False,False,False,0,4,0,0,1,4,-41.0,-2.5250391960144043,15.079622268676758,1.0,0.0,-18,-16,-7,16,20,32,-18.0,3.8837237861475034,8,-18|-16|-7|-3|11|15|18|20,38,256,4,1,1,0.06269359588623047,0.0,0.0,False,False,True,True,False,False,multi_peak_pdf|wide_shelf_gap|high_std|hidden_threat_large_impact,last_to_act,first_trick_public_belief_update|last_to_act_closure_policy,hidden_threat_offline_label_ready|public_context_ready,bid_margin,True,8,1,5-5,14.897480487823486,1,5-2,7.9815545082092285,1,5-5,14.897480487823486
2,840702,6,sixes,84,schema_v2_bid_value,15,3,3,3,right_setter,defense,1,28,0,25,10,0,4,4,1,defense,True,False,2,4,2-1,2,4,2-1,0,False,False,False,False,False,0,4,0,0,1,4,-41.0,-2.467919111251831,15.086688041687012,1.0,0.0,-18,-16,-7,16,20,32,-18.0,3.927660529949892,6,-18|-16|-6|-3|18|20,38,256,2,2,2,0.0055735111236572266,0.0,0.0,True,False,False,False,True,False,high_variance_close_mean|multi_peak_pdf|wide_shelf_gap|high_std|hidden_threat_large_impact,last_to_act,first_trick_public_belief_update|last_to_act_closure_policy,hidden_threat_offline_label_ready|public_context_ready,bid_margin,True,8,1,5-5,14.91460108757019,1,5-2,8.009137392044067,1,5-5,14.91460108757019
2,840702,6,sixes,84,schema_v2_bid_value,15,3,3,3,right_setter,defense,1,28,0,25,10,0,4,4,1,defense,True,False,2,4,2-1,3,3,2-0,0,False,False,False,False,False,0,4,0,0,1,4,-41.0,-2.462345600128174,15.081587791442871,1.0,0.0,-18,-16,-7,16,20,32,-18.0,3.951516400255308,6,-18|-16|-6|-3|18|20,38,256,1,3,3,0.0,0.0,0.0,False,True,False,False,False,True,scalar_ev_lying_by_omission|multi_peak_pdf|wide_shelf_gap|high_std|hidden_threat_large_impact,last_to_act,first_trick_public_belief_update|last_to_act_closure_policy,hidden_threat_offline_label_ready|public_context_ready,bid_margin,True,8,1,5-5,14.903111934661865,1,5-2,8.001865863800049,1,5-5,14.903111934661865
2,840702,6,sixes,84,schema_v2_bid_value,15,3,3,3,right_setter,defense,1,28,0,25,10,0,4,4,1,defense,True,False,2,4,2-1,5,1,1-0,0,False,False,False,False,False,0,4,0,0,1,4,-41.0,-2.515944719314575,15.090544700622559,1.0,0.0,-18,-16,-7,16,20,32,-18.0,3.959324427320665,6,-18|-16|-6|-3|18|20,38,256,3,4,4,0.05359911918640137,0.0,0.0,False,False,False,False,True,False,high_variance_close_mean|multi_peak_pdf|wide_shelf_gap|high_std|hidden_threat_large_impact,last_to_act,first_trick_public_belief_update|last_to_act_closure_policy,hidden_threat_offline_label_ready|public_context_ready,bid_margin,True,8,1,5-5,14.90467095375061,1,5-2,8.077648878097534,1,5-5,14.90467095375061
2,840702,6,sixes,84,schema_v2_bid_value,16,4,0,1,left_setter,defense,3,28,1,25,10,0,,,,,False,False,0,14,4-4,0,14,4-4,0,True,False,,,True,,3,0,0,1,3,-41.0,-12.070914268493652,9.431231498718262,1.0,0.21484375,-18,-18,-17,-13,4,5,-18.4296875,3.07878887004093,3,-18|-10|3,21,256,1,1,1,0.0,0.0,0.0,True,True,True,True,True,False,high_variance_close_mean|multi_peak_pdf|wide_shelf_gap|hidden_threat_large_impact,late_hand|setter_lead_pressure,defender_damage_lead_class|first_trick_public_belief_update|late_trick_threshold_closure,distribution_labels_ready|hidden_threat_offline_label_ready|needs_real_bid_margin|public_context_ready,bid_margin,True,8,0,4-2,8.21695613861084,2,4-2,6.09284633398056,0,4-2,7.14273738861084
2,840702,6,sixes,84,schema_v2_bid_value,16,4,0,1,left_setter,defense,3,28,1,25,10,0,,,,,False,False,0,14,4-4,5,18,5-3,0,False,False,,,True,,3,0,0,1,3,-41.0,-13.97907543182373,8.073280334472656,1.0,0.44921875,-19,-18,-18,-15,-1,3,-19.0,3.140920569845514,5,-18|-16|-9|-6|5,23,256,2,2,2,1.9081611633300781,0.0,0.234375,False,False,False,False,False,False,multi_peak_pdf|wide_shelf_gap|large_lower_tail|hidden_threat_large_impact,late_hand|setter_lead_pressure,defender_damage_lead_class|first_trick_public_belief_update|late_trick_threshold_closure,distribution_labels_ready|hidden_threat_offline_label_ready|needs_real_bid_margin|public_context_ready,bid_margin,True,8,2,5-5,8.069000720977783,2,5-5,8.069000720977783,0,5-1,7.295588463544846
2,840702,6,sixes,84,schema_v2_bid_value,16,4,0,1,left_setter,defense,3,28,1,25,10,0,,,,,False,False,0,14,4-4,6,17,5-2,0,False,False,,,True,,3,0,0,1,3,-41.0,-14.175893783569336,7.985158920288086,1.0,0.46484375,-19,-18,-18,-15,-3,3,-19.0,3.1371019817948316,3,-18|-16|5,23,256,3,3,3,2.1049795150756836,0.0,0.25,False,False,False,False,False,False,multi_peak_pdf|wide_shelf_gap|large_lower_tail|hidden_threat_large_impact,late_hand|setter_lead_pressure,defender_damage_lead_class|first_trick_public_belief_update|late_trick_threshold_closure,distribution_labels_ready|hidden_threat_offline_label_ready|needs_real_bid_margin|public_context_ready,bid_margin,True,8,2,5-5,8.163333058357239,2,5-5,8.163333058357239,0,5-1,7.501036614179611
2,840702,6,sixes,84,schema_v2_bid_value,17,4,1,2,bidder_partner,offense,0,28,1,25,10,0,4,4,1,defense,False,True,2,12,4-2,2,12,4-2,0,False,False,True,False,False,22,3,0,0,0,1,42.0,2.6190872192382812,16.546934127807617,0.0,0.2890625,-19,-18,11,19,19,37,-19.0,3.455000112783776,4,-19|-17|16|19,38,256,1,1,1,0.0,0.0,0.0,True,True,True,True,False,False,multi_peak_pdf|wide_shelf_gap|high_std|large_lower_tail|hidden_threat_large_impact,late_hand,first_trick_public_belief_update|late_trick_threshold_closure,distribution_labels_ready|hidden_threat_offline_label_ready|public_context_ready,bid_margin,True,8,1,6-3,22.84616994857788,1,6-3,22.84616994857788,0,6-3,13.199667930603027
2,840702,6,sixes,84,schema_v2_bid_value,18,4,2,3,right_setter,defense,1,28,1,25,10,0,4,4,1,defense,True,False,1,5,2-2,1,5,2-2,0,True,False,False,False,False,0,3,0,0,1,3,-41.0,-7.244555950164795,13.761772155761719,1.0,0.296875,-18,-18,-13,-5,19,13,-18.1171875,3.2302684411172597,6,-18|-12|-7|-5|16|19,37,256,1,1,3,0.0,0.0,0.01953125,True,True,True,False,True,True,scalar_ev_lying_by_omission|high_variance_close_mean|multi_peak_pdf|wide_shelf_gap|large_lower_tail|hidden_threat_large_impact,late_hand,first_trick_public_belief_update|late_trick_threshold_closure,distribution_labels_ready|hidden_threat_offline_label_ready|public_context_ready,bid_margin,True,8,1,6-3,12.693132638931274,0,6-3,10.03023886680603,1,6-3,11.208757638931274
2,840702,6,sixes,84,schema_v2_bid_value,18,4,2,3,right_setter,defense,1,28,1,25,10,0,4,4,1,defense,True,False,1,5,2-2,3,3,2-0,0,False,False,False,False,False,0,3,0,0,1,3,-41.0,-7.3038225173950195,13.758049011230469,1.0,0.27734375,-18,-18,-14,-5,19,13,-18.1171875,3.2839959578761997,5,-18|-12|-7|16|19,37,256,2,2,1,0.05926656723022461,0.0,0.0,False,False,False,True,False,False,multi_peak_pdf|wide_shelf_gap|large_lower_tail|hidden_threat_large_impact,late_hand,first_trick_public_belief_update|late_trick_threshold_closure,distribution_labels_ready|hidden_threat_offline_label_ready|public_context_ready,bid_margin,True,8,1,6-3,12.391187906265259,0,6-3,9.7916379570961,1,6-3,11.004469156265259
2,840702,6,sixes,84,schema_v2_bid_value,18,4,2,3,right_setter,defense,1,28,1,25,10,0,4,4,1,defense,True,False,1,5,2-2,5,1,1-0,0,False,False,False,False,False,0,3,0,0,1,3,-41.0,-7.318902492523193,13.772170066833496,1.0,0.27734375,-18,-18,-14,-5,19,13,-18.0,3.1977902121938353,5,-18|-8|-4|16|19,37,256,3,3,2,0.07434654235839844,0.0,0.0,False,False,False,False,True,False,high_variance_close_mean|multi_peak_pdf|wide_shelf_gap|large_lower_tail|hidden_threat_large_impact,late_hand,first_trick_public_belief_update|late_trick_threshold_closure,distribution_labels_ready|hidden_threat_offline_label_ready|public_context_ready,bid_margin,True,8,1,6-3,12.336263656616211,0,6-3,9.748237669467926,1,6-3,10.949544906616211
2,840702,6,sixes,84,schema_v2_bid_value,19,4,3,0,bidder,offense,2,28,1,25,10,0,4,4,1,defense,False,True,3,24,6-3,3,24,6-3,0,False,True,False,True,True,41,3,10,1,2,3,42.0,18.666109085083008,0.04131796583533287,0.0,0.0,19,19,19,19,19,0,19.0,-0.0,1,19,,256,1,1,1,0.0,0.0,0.0,True,True,True,True,False,False,,called_suit_pressure|last_to_act|late_hand,first_trick_public_belief_update|last_to_act_closure_policy|late_trick_threshold_closure,distribution_labels_ready|hidden_threat_offline_label_ready|public_context_ready,bid_margin,True,8,3,3-1,0.021863937377929688,3,3-1,0.021863937377929688,2,2-0,0.019418716430664062
2,840702,6,sixes,84,schema_v2_bid_value,19,4,3,0,bidder,offense,2,28,1,25,10,0,4,4,1,defense,False,True,3,24,6-3,4,20,5-5,10,True,False,False,False,False,0,3,10,1,2,3,42.0,-4.3615546226501465,0.13780005276203156,0.0,0.0,-5,-4,-4,-4,-4,0,-5.0,0.7788275455263486,1,-4,,256,3,2,2,23.027663707733154,0.0,0.0,False,False,False,False,False,False,,last_to_act|late_hand,first_trick_public_belief_update|last_to_act_closure_policy|late_trick_threshold_closure,distribution_labels_ready|hidden_threat_offline_label_ready|public_context_ready,bid_margin,True,8,2,5-3,0.13982915878295898,1,5-3,0.10692882537841797,2,5-3,0.13982915878295898
2,840702,6,sixes,84,schema_v2_bid_value,19,4,3,0,bidder,offense,2,28,1,25,10,0,4,4,1,defense,False,True,3,24,6-3,5,9,3-3,0,True,False,False,False,False,0,3,10,1,2,3,42.0,16.95583724975586,0.06302499026060104,0.0,0.0,17,17,17,17,17,0,17.0,-0.0,1,17,,256,2,3,3,1.7102718353271484,0.0,0.0,False,False,False,False,False,False,,last_to_act|late_hand,first_trick_public_belief_update|last_to_act_closure_policy|late_trick_threshold_closure,distribution_labels_ready|hidden_threat_offline_label_ready|public_context_ready,bid_margin,True,8,1,1-0,0.05263519287109375,1,1-0,0.05263519287109375,2,1-0,0.04781150817871094
2,840702,6,sixes,84,schema_v2_bid_value,20,5,0,0,bidder,offense,2,29,1,25,10,0,,,,,False,False,4,20,5-5,4,20,5-5,10,True,False,,,True,,2,10,0,2,2,42.0,17.059391021728516,0.21774733066558838,0.0,0.0,17,17,17,17,17,0,17.0,0.11611507530476972,1,17,,256,1,1,1,0.0,0.0,0.0,True,True,True,True,True,False,high_variance_close_mean,late_hand,first_trick_public_belief_update|late_trick_threshold_closure,distribution_labels_ready|hidden_threat_offline_label_ready|public_context_ready,bid_margin,True,8,1,1-0,0.131500244140625,2,1-0,0.1193084716796875,1,1-0,0.131500244140625
2,840702,6,sixes,84,schema_v2_bid_value,20,5,0,0,bidder,offense,2,29,1,25,10,0,,,,,False,False,4,20,5-5,5,9,3-3,0,True,False,,,True,,2,10,0,2,2,42.0,17.057689666748047,0.22165395319461823,0.0,0.0,17,17,17,17,17,0,17.0,0.11611507530476972,1,17,,256,2,2,2,0.00170135498046875,0.0,0.0,False,False,False,False,True,False,high_variance_close_mean,late_hand,first_trick_public_belief_update|late_trick_threshold_closure,distribution_labels_ready|hidden_threat_offline_label_ready|public_context_ready,bid_margin,True,8,1,1-0,0.1313800811767578,2,1-0,0.11740303039550781,1,1-0,0.1313800811767578
2,840702,6,sixes,84,schema_v2_bid_value,21,5,1,1,left_setter,defense,3,29,1,35,0,10,5,5,0,offense,False,True,5,18,5-3,5,18,5-3,0,False,False,True,False,False,24,2,0,0,0,2,-41.0,-11.632036209106445,5.028412342071533,1.0,0.0,-18,-18,-8,-7,-7,11,-18.0,1.9500469089697592,2,-18|-7,11,256,1,1,1,0.0,0.0,0.0,True,True,True,True,True,False,high_variance_close_mean|multi_peak_pdf|hidden_threat_large_impact,late_hand,first_trick_public_belief_update|late_trick_threshold_closure,distribution_labels_ready|hidden_threat_offline_label_ready|public_context_ready,bid_margin,True,8,0,3-3,6.010869979858398,0,3-3,6.010869979858398,0,5-1,4.103743076324463
2,840702,6,sixes,84,schema_v2_bid_value,21,5,1,1,left_setter,defense,3,29,1,35,0,10,5,5,0,offense,False,True,5,18,5-3,6,17,5-2,0,False,False,True,False,False,23,2,0,0,0,2,-41.0,-13.468487739562988,5.107991695404053,1.0,0.0,-18,-18,-17,-8,-6,10,-18.0,2.2178596477224755,3,-18|-8|-6,12,256,2,2,2,1.836451530456543,0.0,0.0,False,False,False,False,False,False,multi_peak_pdf|hidden_threat_large_impact,late_hand,first_trick_public_belief_update|late_trick_threshold_closure,distribution_labels_ready|hidden_threat_offline_label_ready|public_context_ready,bid_margin,True,8,0,5-1,5.8308491706848145,0,3-3,4.136168479919434,0,5-1,5.8308491706848145
2,840702,6,sixes,84,schema_v2_bid_value,22,5,2,2,bidder_partner,offense,0,29,1,35,0,10,5,5,0,offense,True,False,0,16,5-1,0,16,5-1,0,False,False,True,False,False,22,2,0,0,0,1,42.0,16.87546157836914,2.549267530441284,0.0,0.0,18,18,18,18,18,0,9.796875,0.4092962956205902,2,8|18,10,256,1,1,1,0.0,0.0,0.0,True,True,True,True,False,False,multi_peak_pdf,late_hand,first_trick_public_belief_update|late_trick_threshold_closure,distribution_labels_ready|hidden_threat_offline_label_ready|public_context_ready,bid_margin,True,8,0,2-0,2.517606735229492,0,2-0,2.517606735229492,0,1-0,0.8510208129882812
2,840702,6,sixes,84,schema_v2_bid_value,23,5,3,3,right_setter,defense,1,29,1,35,0,10,5,5,0,offense,False,True,5,1,1-0,3,3,2-0,0,False,False,False,False,False,0,2,0,0,0,2,-41.0,-15.822689056396484,3.75494647026062,1.0,0.0,-18,-18,-18,-18,-8,0,-18.0,0.6962122601251458,2,-18|-8,10,256,2,1,1,0.10040092468261719,0.0,0.0,False,False,True,True,True,False,high_variance_close_mean|multi_peak_pdf,last_to_act|late_hand,first_trick_public_belief_update|last_to_act_closure_policy|late_trick_threshold_closure,distribution_labels_ready|hidden_threat_offline_label_ready|public_context_ready,bid_margin,True,8,1,3-3,3.7376880645751953,0,5-2,1.845458984375,1,3-3,3.7376880645751953
2,840702,6,sixes,84,schema_v2_bid_value,23,5,3,3,right_setter,defense,1,29,1,35,0,10,5,5,0,offense,False,True,5,1,1-0,5,1,1-0,0,False,False,False,False,False,0,2,0,0,0,2,-41.0,-15.722288131713867,3.9604389667510986,1.0,0.0,-18,-18,-18,-18,-7,0,-18.0,0.6962122601251458,2,-18|-7,11,256,1,2,2,0.0,0.0,0.0,True,True,False,False,True,True,scalar_ev_lying_by_omission|high_variance_close_mean|multi_peak_pdf,last_to_act|late_hand,first_trick_public_belief_update|last_to_act_closure_policy|late_trick_threshold_closure,distribution_labels_ready|hidden_threat_offline_label_ready|public_context_ready,bid_margin,True,8,1,3-3,3.9481945037841797,0,5-2,1.9369583129882812,1,3-3,3.9481945037841797
2,840702,6,sixes,84,schema_v2_bid_value,24,6,0,0,bidder,offense,2,40,1,35,0,0,,,,,False,False,5,9,3-3,5,9,3-3,0,True,False,,,True,,1,0,0,1,1,42.0,2.423698663711548,0.8002585768699646,0.0,0.0,1,1,2,2,4,1,1.0,1.481395584674309,2,2|4,2,256,1,1,1,0.0,0.0,0.0,True,True,True,True,False,False,multi_peak_pdf,late_hand,first_trick_public_belief_update|late_trick_threshold_closure,distribution_labels_ready|hidden_threat_offline_label_ready|public_context_ready,bid_margin,True,8,2,3-1,1.2651629447937012,1,2-0,1.0405904054641724,2,3-1,1.2651629447937012
2,840702,6,sixes,84,schema_v2_bid_value,25,6,1,1,left_setter,defense,3,40,1,35,0,0,3,3,0,offense,False,True,6,17,5-2,6,17,5-2,0,False,False,False,False,False,0,1,0,0,0,1,-41.0,-6.057275295257568,0.33672934770584106,1.0,0.0,-6,-6,-6,-6,-6,0,-6.000000000000001,-0.0,1,-6,,256,1,1,1,0.0,0.0,0.0,True,True,True,True,False,False,,late_hand,first_trick_public_belief_update|late_trick_threshold_closure,distribution_labels_ready|hidden_threat_offline_label_ready|public_context_ready,bid_margin,True,4,2,2-0,0.35014963150024414,3,2-0,0.3238239288330078,2,2-0,0.35014963150024414
2,840702,6,sixes,84,schema_v2_bid_value,26,6,2,2,bidder_partner,offense,0,40,1,35,0,0,3,3,0,offense,True,False,6,7,3-1,6,7,3-1,0,False,False,True,False,False,20,1,0,0,0,1,42.0,5.700163841247559,9.5367431640625e-07,0.0,0.0,6,6,6,6,6,0,6.000000000000001,-0.0,1,6,,256,1,1,1,0.0,0.0,0.0,True,True,True,True,False,False,,late_hand,first_trick_public_belief_update|late_trick_threshold_closure,distribution_labels_ready|hidden_threat_offline_label_ready|public_context_ready,bid_margin,True,1,3,2-0,0.0,3,2-0,0.0,3,2-0,0.0
2,840702,6,sixes,84,schema_v2_bid_value,27,6,3,3,right_setter,defense,1,40,1,35,0,0,3,3,0,offense,False,True,3,3,2-0,3,3,2-0,0,False,False,False,False,False,0,1,0,0,0,1,-41.0,-6.427841663360596,9.5367431640625e-07,1.0,0.0,-6,-6,-6,-6,-6,0,-6.000000000000001,-0.0,1,-6,,256,1,1,1,0.0,0.0,0.0,True,True,True,True,False,False,,last_to_act|late_hand,first_trick_public_belief_update|last_to_act_closure_policy|late_trick_threshold_closure,distribution_labels_ready|public_context_ready,bid_margin,False,0,,,,,,,,,
3,840703,6,sixes,84,schema_v2_bid_value,0,0,0,0,bidder,offense,2,0,0,0,35,0,,,,,False,False,1,26,6-5,0,27,6-6,0,True,True,,,True,,7,20,3,3,7,42.0,39.324378967285156,3.514373302459717,0.0,0.0,35,39,41,41,41,2,30.3515625,2.414663660198608,2,37|41,4,256,3,1,1,0.023681640625,0.0,0.0,False,False,True,True,False,False,multi_peak_pdf,bidder_opening_lead|called_suit_pressure|first_trick,bidder_first_lead_plan,hidden_threat_offline_label_ready|public_context_ready,bid_margin,True,8,2,4-2,1.5483207702636719,2,4-2,1.5483207702636719,2,5-4,1.5064888000488281
3,840703,6,sixes,84,schema_v2_bid_value,0,0,0,0,bidder,offense,2,0,0,0,35,0,,,,,False,False,1,26,6-5,1,26,6-5,0,False,True,,,True,,7,20,3,3,7,42.0,39.348060607910156,3.4991180896759033,0.0,0.0,35,39,41,41,41,2,30.5078125,2.389304502653316,2,38|41,3,256,1,2,2,0.0,0.0,0.0,True,True,False,False,False,True,scalar_ev_lying_by_omission|multi_peak_pdf,bidder_opening_lead|called_suit_pressure|first_trick,bidder_first_lead_plan,hidden_threat_offline_label_ready|public_context_ready,bid_margin,True,8,2,4-2,1.5595855712890625,2,4-2,1.5595855712890625,2,5-4,1.449462890625
3,840703,6,sixes,84,schema_v2_bid_value,0,0,0,0,bidder,offense,2,0,0,0,35,0,,,,,False,False,1,26,6-5,2,25,6-4,10,False,True,,,True,,7,20,3,3,7,42.0,39.33037567138672,3.5392167568206787,0.0,0.0,35,39,41,41,41,2,30.3125,2.333113333411688,2,33|41,8,256,2,3,3,0.0176849365234375,0.0,0.0,False,False,False,False,False,False,multi_peak_pdf,bidder_opening_lead|called_suit_pressure|first_trick,bidder_first_lead_plan,hidden_threat_offline_label_ready|public_context_ready,bid_margin,True,8,2,4-2,1.5489578247070312,2,4-2,1.5489578247070312,2,5-4,1.3511085510253906
3,840703,6,sixes,84,schema_v2_bid_value,0,0,0,0,bidder,offense,2,0,0,0,35,0,,,,,False,False,1,26,6-5,3,20,5-5,10,True,False,,,True,,7,20,3,3,7,42.0,31.69167137145996,13.255792617797852,0.0,0.0,9,29,39,40,41,11,0.5625000000000004,4.149937151733503,3,33|36|41,8,256,5,4,4,7.656389236450195,0.0,0.0,False,False,False,False,False,False,multi_peak_pdf,bidder_opening_lead|first_trick,bidder_first_lead_plan,hidden_threat_offline_label_ready|public_context_ready,bid_margin,True,8,2,5-3,4.476116180419922,2,5-3,4.476116180419922,3,5-0,4.112443923950195
3,840703,6,sixes,84,schema_v2_bid_value,0,0,0,0,bidder,offense,2,0,0,0,35,0,,,,,False,False,1,26,6-5,4,14,4-4,0,True,False,,,True,,7,20,3,3,7,42.0,33.46027374267578,11.004412651062012,0.0,0.0,16,31,39,40,41,9,6.234375000000001,4.041622732543946,1,41,,256,4,5,5,5.887786865234375,0.0,0.0,False,False,False,False,False,False,,bidder_opening_lead|first_trick,bidder_first_lead_plan,hidden_threat_offline_label_ready|public_context_ready,bid_margin,True,8,2,6-1,3.411041259765625,2,0-0,2.814727783203125,2,6-1,3.411041259765625
3,840703,6,sixes,84,schema_v2_bid_value,0,0,0,0,bidder,offense,2,0,0,0,35,0,,,,,False,False,1,26,6-5,5,13,4-3,0,False,False,,,True,,7,20,3,3,7,42.0,28.8644962310791,15.159518241882324,0.0,0.0,2,19,37,41,41,22,-3.8203124999999996,4.5180267505716065,4,24|33|37|41,17,256,6,6,6,10.483564376831055,0.0,0.0,False,False,False,False,False,False,multi_peak_pdf|high_std|hidden_threat_large_impact,bidder_opening_lead|first_trick,bidder_first_lead_plan,hidden_threat_offline_label_ready|public_context_ready,bid_margin,True,8,2,4-2,8.421789169311523,2,4-2,8.421789169311523,2,5-4,7.368070602416992
3,840703,6,sixes,84,schema_v2_bid_value,0,0,0,0,bidder,offense,2,0,0,0,35,0,,,,,False,False,1,26,6-5,6,12,4-2,0,False,False,,,True,,7,20,3,3,7,42.0,27.139041900634766,16.44600486755371,0.0,0.00390625,-1,16,36,40,41,24,-6.351562499999999,4.641138862564291,4,-1|19|37|41,42,256,7,7,7,12.20901870727539,0.0,0.00390625,False,False,False,False,False,False,multi_peak_pdf|wide_shelf_gap|high_std|hidden_threat_large_impact,bidder_opening_lead|first_trick,bidder_first_lead_plan,hidden_threat_offline_label_ready|public_context_ready,bid_margin,True,8,2,4-2,8.938251495361328,2,4-2,8.899188995361328,2,5-4,7.896808624267578
3,840703,6,sixes,84,schema_v2_bid_value,1,0,1,1,left_setter,defense,3,0,0,0,35,0,7,called,0,offense,False,True,1,23,6-2,0,24,6-3,0,False,True,True,False,False,41,7,0,4,0,4,-41.0,1.588996410369873,26.47397804260254,1.0,0.3359375,-30,-24,-3,27,40,51,-33.671875,5.7702710106704185,7,-29|-25|-12|-9|10|38|41,70,256,4,1,3,0.14188611507415771,0.0,0.00390625,False,False,True,False,False,False,multi_peak_pdf|wide_shelf_gap|high_std|large_lower_tail|hidden_threat_large_impact,called_suit_pressure|first_setter_response|first_trick,first_setter_pounce_window,hidden_threat_offline_label_ready|needs_real_bid_margin,bid_margin,True,8,3,6-6,30.453304767608643,0,6-6,24.067423939704895,3,6-6,28.773617267608643
3,840703,6,sixes,84,schema_v2_bid_value,1,0,1,1,left_setter,defense,3,0,0,0,35,0,7,called,0,offense,False,True,1,23,6-2,1,23,6-2,0,False,True,True,False,False,40,7,0,4,0,4,-41.0,1.7197718620300293,26.487329483032227,1.0,0.3359375,-30,-24,-2,28,40,52,-33.59375,5.788076963722243,6,-29|-25|-9|16|38|41,70,256,2,2,4,0.011110663414001465,0.0,0.00390625,True,False,False,False,True,False,high_variance_close_mean|multi_peak_pdf|wide_shelf_gap|high_std|large_lower_tail|hidden_threat_large_impact,called_suit_pressure|first_setter_response|first_trick,first_setter_pounce_window,hidden_threat_offline_label_ready|needs_real_bid_margin,bid_margin,True,8,3,6-6,30.472168445587158,0,6-6,24.076626896858215,3,6-6,28.792480945587158
3,840703,6,sixes,84,schema_v2_bid_value,1,0,1,1,left_setter,defense,3,0,0,0,35,0,7,called,0,offense,False,True,1,23,6-2,2,22,6-1,0,False,True,True,False,False,39,7,0,4,0,4,-41.0,1.6934128999710083,26.482614517211914,1.0,0.33203125,-30,-24,-2,28,40,52,-33.6328125,5.761034889704577,7,-29|-26|-24|-9|16|38|41,70,256,3,3,1,0.03746962547302246,0.0,0.0,False,False,False,True,True,False,high_variance_close_mean|multi_peak_pdf|wide_shelf_gap|high_std|large_lower_tail|hidden_threat_large_impact,called_suit_pressure|first_setter_response|first_trick,first_setter_pounce_window,hidden_threat_offline_label_ready|needs_real_bid_margin,bid_margin,True,8,3,6-6,30.430822253227234,0,6-6,24.150453329086304,3,6-6,28.770666003227234
3,840703,6,sixes,84,schema_v2_bid_value,1,0,1,1,left_setter,defense,3,0,0,0,35,0,7,called,0,offense,False,True,1,23,6-2,3,21,6-0,0,False,True,True,False,False,38,7,0,4,0,4,-41.0,1.7308825254440308,26.48179054260254,1.0,0.33203125,-30,-24,-2,28,40,52,-33.59375,5.777218772881833,5,-29|-24|-9|38|41,70,256,1,4,2,0.0,0.0,0.0,False,True,False,False,False,True,scalar_ev_lying_by_omission|multi_peak_pdf|wide_shelf_gap|high_std|large_lower_tail|hidden_threat_large_impact,called_suit_pressure|first_setter_response|first_trick,first_setter_pounce_window,hidden_threat_offline_label_ready|needs_real_bid_margin,bid_margin,True,8,3,6-6,30.439863324165344,0,6-6,24.15004873275757,3,6-6,28.779707074165344
3,840703,6,sixes,84,schema_v2_bid_value,2,0,2,2,bidder_partner,offense,0,0,0,0,35,0,7,called,0,offense,True,False,1,15,5-0,0,16,5-1,0,False,False,False,False,False,0,7,15,0,1,7,42.0,-6.161006927490234,30.63671112060547,0.0,0.4296875,-42,-38,-11,19,41,57,-42.0,5.296892860888221,4,-42|-30|-20|41,83,256,6,1,5,3.2932355403900146,0.0,0.07421875,False,False,True,False,False,False,multi_peak_pdf|wide_shelf_gap|high_std|large_lower_tail|hidden_threat_large_impact,first_trick|partner_third_seat_support,partner_third_seat_safe_donation,hidden_threat_offline_label_ready|public_context_ready,bid_margin,True,8,0,6-6,36.13871955871582,3,6-6,21.46823489665985,0,6-6,33.99028205871582
3,840703,6,sixes,84,schema_v2_bid_value,2,0,2,2,bidder_partner,offense,0,0,0,0,35,0,7,called,0,offense,True,False,1,15,5-0,1,15,5-0,5,False,False,False,False,False,0,7,15,0,1,7,42.0,-3.484299898147583,29.437759399414062,0.0,0.37109375,-42,-30,-7,19,41,49,-42.0,5.397466583475383,5,-42|-30|-9|19|41,83,256,2,2,2,0.6165285110473633,0.0,0.015625,True,False,False,False,False,False,multi_peak_pdf|wide_shelf_gap|high_std|large_lower_tail|hidden_threat_large_impact,first_trick|partner_count_donation|partner_third_seat_support,partner_forcedness_and_safety|partner_third_seat_safe_donation,hidden_threat_offline_label_ready|needs_belief_model|public_context_ready,bid_margin,True,8,0,6-6,35.468018770217896,3,6-6,24.624460697174072,0,6-6,33.612550020217896
3,840703,6,sixes,84,schema_v2_bid_value,2,0,2,2,bidder_partner,offense,0,0,0,0,35,0,7,called,0,offense,True,False,1,15,5-0,2,11,4-1,5,False,False,False,False,False,0,7,15,0,1,7,42.0,-3.9025402069091797,29.747142791748047,0.0,0.38671875,-42,-31,-8,19,41,50,-42.0,5.360284350023149,6,-42|-30|-9|3|19|41,83,256,3,3,3,1.03476881980896,0.0,0.03125,False,False,False,False,False,False,multi_peak_pdf|wide_shelf_gap|high_std|large_lower_tail|hidden_threat_large_impact,first_trick|partner_count_donation|partner_third_seat_support,partner_forcedness_and_safety|partner_third_seat_safe_donation,hidden_threat_offline_label_ready|needs_belief_model|public_context_ready,bid_margin,True,8,0,6-6,35.623525619506836,3,6-6,25.266401171684265,0,6-6,33.689931869506836
3,840703,6,sixes,84,schema_v2_bid_value,2,0,2,2,bidder_partner,offense,0,0,0,0,35,0,7,called,0,offense,True,False,1,15,5-0,3,10,4-0,0,False,False,False,False,False,0,7,15,0,1,7,42.0,-6.06701135635376,30.419519424438477,0.0,0.4296875,-42,-38,-11,19,41,57,-42.0,5.365824974133052,2,-42|41,83,256,4,4,6,3.19923996925354,0.0,0.07421875,False,False,False,False,False,False,multi_peak_pdf|wide_shelf_gap|high_std|large_lower_tail|hidden_threat_large_impact,first_trick|partner_third_seat_support,partner_third_seat_safe_donation,hidden_threat_offline_label_ready|public_context_ready,bid_margin,True,8,0,6-6,35.971630573272705,3,6-6,21.391650557518005,0,6-6,33.823193073272705
3,840703,6,sixes,84,schema_v2_bid_value,2,0,2,2,bidder_partner,offense,0,0,0,0,35,0,7,called,0,offense,True,False,1,15,5-0,4,9,3-3,0,True,False,False,False,False,0,7,15,0,1,7,42.0,-9.206737518310547,27.95099639892578,0.0,0.45703125,-42,-38,-13,16,36,54,-42.0,5.604871578668691,7,-42|-40|-28|8|18|39|41,83,256,7,5,7,6.338966131210327,0.0,0.1015625,False,False,False,False,False,False,multi_peak_pdf|wide_shelf_gap|high_std|large_lower_tail|hidden_threat_large_impact,first_trick|partner_third_seat_support,partner_third_seat_safe_donation,hidden_threat_offline_label_ready|public_context_ready,bid_margin,True,8,0,6-6,32.91759490966797,3,6-6,19.721234560012817,0,6-6,30.63243865966797
3,840703,6,sixes,84,schema_v2_bid_value,2,0,2,2,bidder_partner,offense,0,0,0,0,35,0,7,called,0,offense,True,False,1,15,5-0,5,8,3-2,5,False,False,False,False,False,0,7,15,0,1,7,42.0,-2.8677713871002197,29.369300842285156,0.0,0.35546875,-42,-30,-7,19,41,49,-42.0,5.424250602873098,4,-42|-30|18|41,83,256,1,6,1,0.0,0.0,0.0,False,True,False,True,False,True,scalar_ev_lying_by_omission|multi_peak_pdf|wide_shelf_gap|high_std|large_lower_tail|hidden_threat_large_impact,first_trick|partner_count_donation|partner_third_seat_support,partner_forcedness_and_safety|partner_third_seat_safe_donation,hidden_threat_offline_label_ready|needs_belief_model|public_context_ready,bid_margin,True,8,0,6-6,34.41647744178772,3,6-6,24.692908763885498,0,6-6,32.63913369178772
3,840703,6,sixes,84,schema_v2_bid_value,2,0,2,2,bidder_partner,offense,0,0,0,0,35,0,7,called,0,offense,True,False,1,15,5-0,6,7,3-1,0,False,False,False,False,False,0,7,15,0,1,7,42.0,-6.121469974517822,30.029882431030273,0.0,0.42578125,-42,-37,-10,19,41,56,-42.0,5.350104308478763,4,-42|-20|18|41,83,256,5,7,4,3.2536985874176025,0.0,0.0703125,False,False,False,False,False,False,multi_peak_pdf|wide_shelf_gap|high_std|large_lower_tail|hidden_threat_large_impact,first_trick|partner_third_seat_support,partner_third_seat_safe_donation,hidden_threat_offline_label_ready|public_context_ready,bid_margin,True,8,0,6-6,35.21152925491333,3,6-6,20.92034339904785,0,6-6,33.08262300491333
3,840703,6,sixes,84,schema_v2_bid_value,3,0,3,3,right_setter,defense,1,0,0,5,30,5,7,called,0,offense,False,True,0,6,3-0,0,6,3-0,0,False,False,False,False,False,0,7,0,0,3,7,-41.0,-22.60997772216797,16.66972541809082,0.78125,0.65625,-42,-41,-21,-16,0,25,-42.0,4.92575412138323,5,-42|-23|-19|-16|-3,39,256,1,1,1,0.0,0.0,0.0,True,True,True,True,True,True,scalar_ev_lying_by_omission|high_variance_close_mean|multi_peak_pdf|wide_shelf_gap|high_std|large_lower_tail|hidden_threat_large_impact,defender_last_to_act_closure|first_trick|last_to_act,last_to_act_closure_policy,hidden_threat_offline_label_ready|public_context_ready,bid_margin,True,8,1,6-4,14.381487607955933,0,6-4,11.081269145011902,1,6-4,13.38472032546997
3,840703,6,sixes,84,schema_v2_bid_value,3,0,3,3,right_setter,defense,1,0,0,5,30,5,7,called,0,offense,False,True,0,6,3-0,1,5,2-2,0,True,False,False,False,False,0,7,0,0,3,7,-41.0,-23.03481674194336,16.483381271362305,0.76953125,0.67578125,-42,-41,-21,-16,-1,25,-42.0,4.830157435136659,4,-42|-24|-22|-19,23,256,5,4,6,0.4248390197753906,0.01171875,0.01953125,False,False,False,False,False,False,multi_peak_pdf|wide_shelf_gap|high_std|large_lower_tail|hidden_threat_large_impact,defender_last_to_act_closure|first_trick|last_to_act,last_to_act_closure_policy,hidden_threat_offline_label_ready|public_context_ready,bid_margin,True,8,1,6-4,14.499836266040802,0,6-4,11.130783677101135,1,6-4,13.534723073244095
3,840703,6,sixes,84,schema_v2_bid_value,3,0,3,3,right_setter,defense,1,0,0,5,30,5,7,called,0,offense,False,True,0,6,3-0,2,4,2-1,0,False,False,False,False,False,0,7,0,0,3,7,-41.0,-23.05030059814453,16.529996871948242,0.765625,0.67578125,-42,-41,-21,-16,-1,25,-42.0,4.893341741653722,6,-42|-25|-22|-19|-16|-7,35,256,7,5,7,0.4403228759765625,0.015625,0.01953125,False,False,False,False,False,False,multi_peak_pdf|wide_shelf_gap|high_std|large_lower_tail|hidden_threat_large_impact,defender_last_to_act_closure|first_trick|last_to_act,last_to_act_closure_policy,hidden_threat_offline_label_ready|public_context_ready,bid_margin,True,8,1,6-4,14.49870902299881,0,6-4,11.113668143749237,1,6-4,13.533595830202103
3,840703,6,sixes,84,schema_v2_bid_value,3,0,3,3,right_setter,defense,1,0,0,5,30,5,7,called,0,offense,False,True,0,6,3-0,3,3,2-0,0,False,False,False,False,False,0,7,0,0,3,7,-41.0,-22.997007369995117,16.51567268371582,0.7734375,0.671875,-42,-41,-21,-16,-1,25,-42.0,4.867823333079575,5,-42|-24|-22|-19|-16,26,256,4,3,2,0.38702964782714844,0.0078125,0.015625,False,False,False,False,False,False,multi_peak_pdf|wide_shelf_gap|high_std|large_lower_tail|hidden_threat_large_impact,defender_last_to_act_closure|first_trick|last_to_act,last_to_act_closure_policy,hidden_threat_offline_label_ready|public_context_ready,bid_margin,True,8,1,6-4,14.487406432628632,0,6-4,11.136662721633911,1,6-4,13.498721092939377
3,840703,6,sixes,84,schema_v2_bid_value,3,0,3,3,right_setter,defense,1,0,0,5,30,5,7,called,0,offense,False,True,0,6,3-0,4,2,1-1,0,True,False,False,False,False,0,7,0,0,3,7,-41.0,-22.987041473388672,16.601491928100586,0.7578125,0.671875,-42,-41,-21,-16,0,25,-42.0,4.82471406194908,3,-42|-19|-16,26,256,3,7,3,0.3770637512207031,0.0234375,0.015625,False,False,False,False,True,False,high_variance_close_mean|multi_peak_pdf|wide_shelf_gap|high_std|large_lower_tail|hidden_threat_large_impact,defender_last_to_act_closure|first_trick|last_to_act,last_to_act_closure_policy,hidden_threat_offline_label_ready|public_context_ready,bid_margin,True,8,1,6-4,14.555889427661896,0,6-4,11.128673255443573,1,6-4,13.610307484865189
3,840703,6,sixes,84,schema_v2_bid_value,3,0,3,3,right_setter,defense,1,0,0,5,30,5,7,called,0,offense,False,True,0,6,3-0,5,1,1-0,0,False,False,False,False,False,0,7,0,0,3,7,-41.0,-23.039844512939453,16.57239532470703,0.765625,0.671875,-42,-41,-21,-16,0,25,-42.0,4.87836431736372,6,-42|-24|-20|-19|-16|-7,35,256,6,6,4,0.4298667907714844,0.015625,0.015625,False,False,False,False,True,False,high_variance_close_mean|multi_peak_pdf|wide_shelf_gap|high_std|large_lower_tail|hidden_threat_large_impact,defender_last_to_act_closure|first_trick|last_to_act,last_to_act_closure_policy,hidden_threat_offline_label_ready|public_context_ready,bid_margin,True,8,1,6-4,14.510287940502167,0,6-4,11.123254477977753,1,6-4,13.521602600812912
3,840703,6,sixes,84,schema_v2_bid_value,3,0,3,3,right_setter,defense,1,0,0,5,30,5,7,called,0,offense,False,True,0,6,3-0,6,0,0-0,0,True,False,False,False,False,0,7,0,0,3,7,-41.0,-22.80271339416504,16.56305694580078,0.77734375,0.671875,-42,-41,-21,-16,0,25,-42.0,4.79440557192338,6,-42|-24|-22|-19|-16|-7,35,256,2,2,5,0.1927356719970703,0.00390625,0.015625,False,False,False,False,False,False,multi_peak_pdf|wide_shelf_gap|high_std|large_lower_tail|hidden_threat_large_impact,defender_last_to_act_closure|first_trick|last_to_act,last_to_act_closure_policy,hidden_threat_offline_label_ready|public_context_ready,bid_margin,True,8,1,6-4,14.464600265026093,0,6-4,11.133953273296356,1,6-4,13.475914925336838
3,840703,6,sixes,84,schema_v2_bid_value,4,1,0,0,bidder,offense,2,6,0,5,30,0,,,,,False,False,0,27,6-6,0,27,6-6,0,True,True,,,True,,6,20,2,3,6,42.0,23.121408462524414,10.761876106262207,0.0,0.0,8,16,24,30,38,14,2.8828125000000004,5.205375245171717,14,4|14|16|17|19|21|23|25|27|30|35|36|38|41,37,256,1,1,1,0.0,0.0,0.0,True,True,True,True,False,False,multi_peak_pdf|wide_shelf_gap|hidden_threat_large_impact,called_suit_pressure,first_trick_public_belief_update,hidden_threat_offline_label_ready|public_context_ready,bid_margin,True,8,1,3-0,8.702445983886719,1,3-3,5.446495056152344,1,3-0,8.702445983886719
3,840703,6,sixes,84,schema_v2_bid_value,4,1,0,0,bidder,offense,2,6,0,5,30,0,,,,,False,False,0,27,6-6,2,25,6-4,10,False,True,,,True,,6,20,2,3,6,42.0,22.374841690063477,11.061294555664062,0.0,0.0,7,14,24,30,37,16,1.6484375000000002,5.245707298055723,10,3|13|18|21|24|27|30|37|39|41,38,256,3,2,2,0.7465667724609375,0.0,0.0,False,False,False,False,False,False,multi_peak_pdf|wide_shelf_gap|hidden_threat_large_impact,called_suit_pressure,first_trick_public_belief_update,hidden_threat_offline_label_ready|public_context_ready,bid_margin,True,8,1,5-4,6.607154846191406,1,3-3,5.701257705688477,1,5-4,6.607154846191406
3,840703,6,sixes,84,schema_v2_bid_value,4,1,0,0,bidder,offense,2,6,0,5,30,0,,,,,False,False,0,27,6-6,3,20,5-5,10,True,False,,,True,,6,20,2,3,6,42.0,22.39197540283203,13.283184051513672,0.0,0.0,2,11,26,33,37,22,-3.0781249999999996,5.29755200371309,13,3|6|7|11|12|22|24|29|31|34|36|38|39,36,256,2,3,3,0.7294330596923828,0.0,0.0,False,False,False,False,True,False,high_variance_close_mean|multi_peak_pdf|wide_shelf_gap|hidden_threat_large_impact,,first_trick_public_belief_update,hidden_threat_offline_label_ready|public_context_ready,bid_margin,True,8,1,3-0,17.708603382110596,1,3-0,17.708603382110596,1,5-4,9.340106964111328
3,840703,6,sixes,84,schema_v2_bid_value,4,1,0,0,bidder,offense,2,6,0,5,30,0,,,,,False,False,0,27,6-6,4,14,4-4,0,True,False,,,True,,6,20,2,3,6,42.0,21.411344528198242,11.717914581298828,0.0,0.0,7,12,22,31,37,19,0.4765625000000004,5.332208108118652,12,8|11|13|15|17|22|24|25|28|30|36|38,30,256,4,4,4,1.7100639343261719,0.0,0.0,False,False,False,False,False,False,multi_peak_pdf|wide_shelf_gap|hidden_threat_large_impact,,first_trick_public_belief_update,hidden_threat_offline_label_ready|public_context_ready,bid_margin,True,8,1,3-0,11.291594505310059,1,3-0,11.291594505310059,1,5-4,7.760835647583008
3,840703,6,sixes,84,schema_v2_bid_value,4,1,0,0,bidder,offense,2,6,0,5,30,0,,,,,False,False,0,27,6-6,5,13,4-3,0,False,False,,,True,,6,20,2,3,6,42.0,8.93305492401123,16.961790084838867,0.0,0.0,-12,-6,5,25,32,31,-14.109375000000002,5.660517591065212,12,-15|-13|-9|-6|-5|-2|0|3|24|27|28|32,47,256,5,5,5,14.188353538513184,0.0,0.0,False,False,False,False,False,False,multi_peak_pdf|wide_shelf_gap|high_std|hidden_threat_large_impact,,first_trick_public_belief_update,hidden_threat_offline_label_ready|public_context_ready,bid_margin,True,8,3,5-4,15.698495388031006,3,5-4,15.698495388031006,2,5-4,14.775118827819824
3,840703,6,sixes,84,schema_v2_bid_value,4,1,0,0,bidder,offense,2,6,0,5,30,0,,,,,False,False,0,27,6-6,6,12,4-2,0,False,False,,,True,,6,20,2,3,6,42.0,8.081436157226562,17.284332275390625,0.0,0.0078125,-13,-7,4,25,32,32,-15.6171875,5.704601876840389,12,-16|-14|-12|-10|-6|-4|-1|22|24|27|30|33,49,256,6,6,6,15.039972305297852,0.0,0.0078125,False,False,False,False,False,False,multi_peak_pdf|wide_shelf_gap|high_std|hidden_threat_large_impact,,first_trick_public_belief_update,hidden_threat_offline_label_ready|public_context_ready,bid_margin,True,8,3,5-4,15.743936356157064,3,5-4,15.743936356157064,2,5-4,14.932653427124023
3,840703,6,sixes,84,schema_v2_bid_value,5,1,1,1,left_setter,defense,3,6,0,5,30,0,7,called,0,offense,False,True,3,21,6-0,0,24,6-3,0,False,True,True,False,False,41,6,0,3,0,3,-41.0,-27.05264663696289,9.99930477142334,1.0,0.84765625,-38,-34,-30,-23,-13,11,-38.703125,4.932512291665433,9,-39|-37|-33|-31|-27|-25|-23|-21|-18,21,256,3,1,3,0.24150657653808594,0.0,0.01171875,False,False,True,False,False,False,multi_peak_pdf|wide_shelf_gap|large_lower_tail|hidden_threat_large_impact,called_suit_pressure,first_trick_public_belief_update,hidden_threat_offline_label_ready|public_context_ready,bid_margin,True,8,0,3-0,10.410882949829102,2,5-5,6.209546208381653,0,3-0,8.672601699829102
3,840703,6,sixes,84,schema_v2_bid_value,5,1,1,1,left_setter,defense,3,6,0,5,30,0,7,called,0,offense,False,True,3,21,6-0,2,22,6-1,0,False,True,True,False,False,39,6,0,3,0,3,-41.0,-26.89136505126953,10.068977355957031,1.0,0.83984375,-38,-34,-29,-23,-13,11,-38.625,4.899243229369643,7,-39|-37|-35|-31|-28|-25|-22,17,256,2,2,2,0.08022499084472656,0.0,0.00390625,False,False,False,False,True,False,high_variance_close_mean|multi_peak_pdf|large_lower_tail|hidden_threat_large_impact,called_suit_pressure,first_trick_public_belief_update,hidden_threat_offline_label_ready|public_context_ready,bid_margin,True,8,0,3-0,10.149385452270508,2,5-5,6.216359496116638,3,5-5,8.510355770587921
3,840703,6,sixes,84,schema_v2_bid_value,5,1,1,1,left_setter,defense,3,6,0,5,30,0,7,called,0,offense,False,True,3,21,6-0,3,21,6-0,0,False,True,True,False,False,38,6,0,3,0,3,-41.0,-26.811140060424805,10.108327865600586,1.0,0.8359375,-38,-34,-29,-23,-13,11,-38.5859375,4.934483765339289,8,-38|-37|-35|-33|-31|-28|-25|-22,16,256,1,3,1,0.0,0.0,0.0,True,True,False,True,True,True,scalar_ev_lying_by_omission|high_variance_close_mean|multi_peak_pdf|large_lower_tail|hidden_threat_large_impact,called_suit_pressure,first_trick_public_belief_update,hidden_threat_offline_label_ready|public_context_ready,bid_margin,True,8,0,3-0,10.087209701538086,2,5-5,6.19692063331604,3,5-5,8.557930767536163
3,840703,6,sixes,84,schema_v2_bid_value,6,1,2,2,bidder_partner,offense,0,6,0,5,30,0,7,called,0,offense,True,False,5,8,3-2,0,16,5-1,0,False,False,False,False,False,0,6,10,0,1,6,42.0,-2.253800630569458,25.016300201416016,0.0,0.3515625,-39,-24,0,15,37,39,-39.9765625,5.702251038810715,13,-40|-26|-22|-21|-3|-2|0|1|11|13|17|38|41,81,256,3,1,6,5.553422927856445,0.0,0.1796875,False,False,True,False,False,False,multi_peak_pdf|wide_shelf_gap|high_std|large_lower_tail|hidden_threat_large_impact,,first_trick_public_belief_update,hidden_threat_offline_label_ready|public_context_ready,bid_margin,True,8,0,6-4,25.030471086502075,1,6-4,21.399933338165283,0,6-4,23.272658586502075
3,840703,6,sixes,84,schema_v2_bid_value,6,1,2,2,bidder_partner,offense,0,6,0,5,30,0,7,called,0,offense,True,False,5,8,3-2,2,11,4-1,5,False,False,False,False,False,0,6,10,0,1,6,42.0,2.1634743213653564,21.782852172851562,0.0,0.23046875,-28,-17,8,15,38,32,-29.1328125,5.403452309193797,10,-29|-19|-17|-11|9|12|14|17|39|40,69,256,2,2,2,1.1361479759216309,0.0,0.05859375,False,False,False,False,False,False,multi_peak_pdf|wide_shelf_gap|high_std|hidden_threat_large_impact,partner_count_donation,first_trick_public_belief_update|partner_forcedness_and_safety,hidden_threat_offline_label_ready|needs_belief_model|public_context_ready,bid_margin,True,8,0,3-0,22.6217143535614,1,6-4,18.81493628025055,0,3-0,21.4693706035614
3,840703,6,sixes,84,schema_v2_bid_value,6,1,2,2,bidder_partner,offense,0,6,0,5,30,0,7,called,0,offense,True,False,5,8,3-2,3,10,4-0,0,False,False,False,False,False,0,6,10,0,1,6,42.0,-2.7454209327697754,24.817331314086914,0.0,0.34375,-39,-23,-3,15,37,38,-39.9375,5.715045775559105,10,-40|-24|-22|-17|-12|-3|11|13|17|40,80,256,4,3,3,6.045043230056763,0.0,0.171875,False,False,False,False,False,False,multi_peak_pdf|wide_shelf_gap|high_std|large_lower_tail|hidden_threat_large_impact,,first_trick_public_belief_update,hidden_threat_offline_label_ready|public_context_ready,bid_margin,True,8,0,6-4,25.372429370880127,1,3-0,22.372479915618896,0,6-4,23.653679370880127
3,840703,6,sixes,84,schema_v2_bid_value,6,1,2,2,bidder_partner,offense,0,6,0,5,30,0,7,called,0,offense,True,False,5,8,3-2,4,9,3-3,0,True,False,False,False,False,0,6,10,0,1,6,42.0,-2.9098336696624756,24.851062774658203,0.0,0.34375,-39,-24,-2,15,36,39,-39.8984375,5.792800978845737,9,-40|-22|-12|-2|11|13|17|38|40,80,256,6,4,4,6.209455966949463,0.0,0.171875,False,False,False,False,False,False,multi_peak_pdf|wide_shelf_gap|high_std|large_lower_tail|hidden_threat_large_impact,,first_trick_public_belief_update,hidden_threat_offline_label_ready|public_context_ready,bid_margin,True,8,0,6-4,25.386014699935913,1,3-0,22.143465280532837,0,6-4,23.667264699935913
3,840703,6,sixes,84,schema_v2_bid_value,6,1,2,2,bidder_partner,offense,0,6,0,5,30,0,7,called,0,offense,True,False,5,8,3-2,5,8,3-2,5,False,False,False,False,False,0,6,10,0,1,6,42.0,3.2996222972869873,21.34872817993164,0.0,0.171875,-28,-13,9,16,38,29,-29.015625,5.227528962611716,8,-29|-27|-12|-11|9|13|17|40,69,256,1,5,1,0.0,0.0,0.0,True,True,False,True,False,True,scalar_ev_lying_by_omission|multi_peak_pdf|wide_shelf_gap|high_std|hidden_threat_large_impact,partner_count_donation,first_trick_public_belief_update|partner_forcedness_and_safety,hidden_threat_offline_label_ready|needs_belief_model|public_context_ready,bid_margin,True,8,0,3-0,21.357321977615356,1,6-4,17.767585158348083,0,3-0,20.497946977615356
3,840703,6,sixes,84,schema_v2_bid_value,6,1,2,2,bidder_partner,offense,0,6,0,5,30,0,7,called,0,offense,True,False,5,8,3-2,6,7,3-1,0,False,False,False,False,False,0,6,10,0,1,6,42.0,-2.880124092102051,25.03081703186035,0.0,0.34765625,-39,-23,-3,15,37,38,-39.9375,5.734850419375524,12,-40|-26|-23|-21|-15|-12|-3|11|13|17|39|41,81,256,5,6,5,6.179746389389038,0.0,0.17578125,False,False,False,False,False,False,multi_peak_pdf|wide_shelf_gap|high_std|large_lower_tail|hidden_threat_large_impact,,first_trick_public_belief_update,hidden_threat_offline_label_ready|public_context_ready,bid_margin,True,8,0,3-0,26.40901279449463,1,3-0,22.694411277770996,0,3-0,24.67073154449463
3,840703,6,sixes,84,schema_v2_bid_value,7,1,3,3,right_setter,defense,1,6,0,10,25,5,7,called,0,offense,False,True,6,0,0-0,1,5,2-2,0,True,False,False,False,False,0,6,0,0,3,6,-41.0,-21.586050033569336,20.47572135925293,0.66796875,0.53125,-42,-42,-19,-9,11,33,-42.0,4.442585617732493,5,-42|-38|-18|-15|-14,28,256,4,1,3,0.09959220886230469,0.0,0.00390625,False,False,True,False,True,False,high_variance_close_mean|multi_peak_pdf|wide_shelf_gap|high_std|large_lower_tail|hidden_threat_large_impact,last_to_act,first_trick_public_belief_update|last_to_act_closure_policy,hidden_threat_offline_label_ready|public_context_ready,bid_margin,True,8,1,6-4,25.952998593449593,0,6-4,18.59658631682396,1,6-4,23.747199036180973
3,840703,6,sixes,84,schema_v2_bid_value,7,1,3,3,right_setter,defense,1,6,0,10,25,5,7,called,0,offense,False,True,6,0,0-0,2,4,2-1,0,False,False,False,False,False,0,6,0,0,3,6,-41.0,-21.597631454467773,20.420076370239258,0.66796875,0.53515625,-42,-42,-18,-9,11,33,-42.0,4.381937365722712,5,-42|-18|-15|-14|-13,29,256,6,2,4,0.11117362976074219,0.0,0.0078125,False,False,False,False,False,False,multi_peak_pdf|wide_shelf_gap|high_std|large_lower_tail|hidden_threat_large_impact,last_to_act,first_trick_public_belief_update|last_to_act_closure_policy,hidden_threat_offline_label_ready|public_context_ready,bid_margin,True,8,1,6-4,25.871148467063904,0,6-4,18.53392991423607,1,6-4,23.690862715244293
3,840703,6,sixes,84,schema_v2_bid_value,7,1,3,3,right_setter,defense,1,6,0,10,25,5,7,called,0,offense,False,True,6,0,0-0,3,3,2-0,0,False,False,False,False,False,0,6,0,0,3,6,-41.0,-21.571136474609375,20.43088722229004,0.66796875,0.53515625,-42,-42,-18,-9,11,33,-42.0,4.410875519138542,6,-42|-38|-18|-14|-12|-9,33,256,3,3,5,0.08467864990234375,0.0,0.0078125,False,False,False,False,False,False,multi_peak_pdf|wide_shelf_gap|high_std|large_lower_tail|hidden_threat_large_impact,last_to_act,first_trick_public_belief_update|last_to_act_closure_policy,hidden_threat_offline_label_ready|public_context_ready,bid_margin,True,8,1,6-4,25.888599753379822,0,6-4,18.547287076711655,1,6-4,23.70831400156021
3,840703,6,sixes,84,schema_v2_bid_value,7,1,3,3,right_setter,defense,1,6,0,10,25,5,7,called,0,offense,False,True,6,0,0-0,4,2,1-1,0,True,False,False,False,False,0,6,0,0,3,6,-41.0,-21.594255447387695,20.46955680847168,0.66796875,0.5390625,-42,-42,-18,-9,12,33,-42.0,4.413317890061607,5,-42|-18|-15|-13|12,54,256,5,4,6,0.10779762268066406,0.0,0.01171875,False,False,False,False,True,False,high_variance_close_mean|multi_peak_pdf|wide_shelf_gap|high_std|large_lower_tail|hidden_threat_large_impact,last_to_act,first_trick_public_belief_update|last_to_act_closure_policy,hidden_threat_offline_label_ready|public_context_ready,bid_margin,True,8,1,6-4,25.818177744746208,0,6-4,18.493387311697006,1,6-4,23.663405798375607
3,840703,6,sixes,84,schema_v2_bid_value,7,1,3,3,right_setter,defense,1,6,0,10,25,5,7,called,0,offense,False,True,6,0,0-0,5,1,1-0,0,False,False,False,False,False,0,6,0,0,3,6,-41.0,-21.549421310424805,20.456817626953125,0.66796875,0.52734375,-42,-42,-18,-9,11,33,-42.0,4.417761966613805,4,-42|-18|-14|-9,33,256,2,5,1,0.06296348571777344,0.0,0.0,False,False,False,True,False,False,multi_peak_pdf|wide_shelf_gap|high_std|large_lower_tail|hidden_threat_large_impact,last_to_act,first_trick_public_belief_update|last_to_act_closure_policy,hidden_threat_offline_label_ready|public_context_ready,bid_margin,True,8,1,6-4,25.91386027634144,0,6-4,18.56662604212761,1,6-4,23.72759196907282
3,840703,6,sixes,84,schema_v2_bid_value,7,1,3,3,right_setter,defense,1,6,0,10,25,5,7,called,0,offense,False,True,6,0,0-0,6,0,0-0,0,True,False,False,False,False,0,6,0,0,3,6,-41.0,-21.48645782470703,20.503032684326172,0.66796875,0.52734375,-42,-42,-18,-9,11,33,-42.0,4.441681659314888,6,-42|-18|-14|-13|-8|12,54,256,1,6,2,0.0,0.0,0.0,True,True,False,False,True,True,scalar_ev_lying_by_omission|high_variance_close_mean|multi_peak_pdf|wide_shelf_gap|high_std|large_lower_tail|hidden_threat_large_impact,last_to_act,first_trick_public_belief_update|last_to_act_closure_policy,hidden_threat_offline_label_ready|public_context_ready,bid_margin,True,8,1,6-4,25.929296925663948,0,6-4,18.57844588160515,1,6-4,23.74302861839533
3,840703,6,sixes,84,schema_v2_bid_value,8,2,0,0,bidder,offense,2,12,0,10,25,0,,,,,False,False,3,20,5-5,2,25,6-4,10,False,True,,,True,,5,20,1,2,5,42.0,19.21108627319336,12.774775505065918,0.0,0.0,-2,11,22,31,33,20,-7.390624999999999,4.9601462606232705,9,11|14|16|21|23|27|31|32|33,22,256,2,1,1,1.637481689453125,0.0,0.0,False,False,True,True,False,False,multi_peak_pdf|wide_shelf_gap|hidden_threat_large_impact,called_suit_pressure,first_trick_public_belief_update,hidden_threat_offline_label_ready|public_context_ready,bid_margin,True,8,1,5-4,7.974628448486328,1,3-3,6.5447587966918945,1,5-4,7.974628448486328
3,840703,6,sixes,84,schema_v2_bid_value,8,2,0,0,bidder,offense,2,12,0,10,25,0,,,,,False,False,3,20,5-5,3,20,5-5,10,True,False,,,True,,5,20,1,2,5,42.0,20.848567962646484,12.854135513305664,0.0,0.0,-1,10,24,32,33,22,-4.515624999999999,4.764401193144222,10,-1|6|10|18|19|21|24|27|30|33,34,256,1,2,2,0.0,0.0,0.0,True,True,False,False,False,True,scalar_ev_lying_by_omission|multi_peak_pdf|wide_shelf_gap|hidden_threat_large_impact,,first_trick_public_belief_update,hidden_threat_offline_label_ready|public_context_ready,bid_margin,True,8,1,5-4,8.221614837646484,1,2-1,6.480499267578125,1,5-4,8.221614837646484
3,840703,6,sixes,84,schema_v2_bid_value,8,2,0,0,bidder,offense,2,12,0,10,25,0,,,,,False,False,3,20,5-5,4,14,4-4,0,True,False,,,True,,5,20,1,2,5,42.0,16.550701141357422,12.766412734985352,0.0,0.0,-1,8,16,29,33,21,-6.390624999999999,5.10991062817033,7,-1|10|15|21|29|31|33,34,256,3,3,3,4.2978668212890625,0.0,0.0,False,False,False,False,False,False,multi_peak_pdf|wide_shelf_gap|hidden_threat_large_impact,,first_trick_public_belief_update,hidden_threat_offline_label_ready|public_context_ready,bid_margin,True,8,1,5-4,7.968162536621094,1,3-3,7.504986763000488,1,5-4,7.968162536621094
3,840703,6,sixes,84,schema_v2_bid_value,8,2,0,0,bidder,offense,2,12,0,10,25,0,,,,,False,False,3,20,5-5,5,13,4-3,0,False,False,,,True,,5,20,1,2,5,42.0,4.446827411651611,14.621367454528809,0.0,0.0,-12,-9,1,17,27,26,-12.429687500000002,5.250061772094351,11,-12|-7|-4|0|4|6|8|12|18|21|32,44,256,4,4,4,16.401740550994873,0.0,0.0,False,False,False,False,False,False,multi_peak_pdf|wide_shelf_gap|hidden_threat_large_impact,,first_trick_public_belief_update,hidden_threat_offline_label_ready|public_context_ready,bid_margin,True,8,3,5-4,13.867208003997803,3,5-4,13.867208003997803,2,5-4,9.082520008087158
3,840703,6,sixes,84,schema_v2_bid_value,8,2,0,0,bidder,offense,2,12,0,10,25,0,,,,,False,False,3,20,5-5,6,12,4-2,0,False,False,,,True,,5,20,1,2,5,42.0,4.434962272644043,14.546791076660156,0.0,0.0,-11,-9,1,17,27,26,-12.5625,5.283438671424483,12,-11|-7|-5|-3|0|7|9|10|12|19|21|32,43,256,5,5,5,16.41360569000244,0.0,0.0,False,False,False,False,False,False,multi_peak_pdf|wide_shelf_gap|hidden_threat_large_impact,,first_trick_public_belief_update,hidden_threat_offline_label_ready|public_context_ready,bid_margin,True,8,3,5-4,13.914071083068848,3,5-4,13.914071083068848,2,5-4,9.270392417907715
3,840703,6,sixes,84,schema_v2_bid_value,9,2,1,1,left_setter,defense,3,12,0,20,15,10,5,5,0,offense,False,True,4,19,5-4,4,19,5-4,0,False,False,True,False,False,25,5,0,2,0,3,-41.0,-24.55192756652832,7.625533103942871,1.0,0.84375,-33,-33,-23,-20,-15,13,-34.015625,4.243625345877356,4,-33|-22|-16|-14,19,256,1,1,2,0.0,0.0,0.0078125,True,True,True,False,False,True,scalar_ev_lying_by_omission|multi_peak_pdf|large_lower_tail|hidden_threat_large_impact,,first_trick_public_belief_update,hidden_threat_offline_label_ready|public_context_ready,bid_margin,True,8,0,3-0,25.538439750671387,2,4-1,8.777226448059082,0,3-0,21.319689750671387
3,840703,6,sixes,84,schema_v2_bid_value,9,2,1,1,left_setter,defense,3,12,0,20,15,10,5,5,0,offense,False,True,4,19,5-4,5,18,5-3,0,False,False,True,False,False,24,5,0,2,0,3,-41.0,-26.277069091796875,7.908502101898193,1.0,0.8515625,-34,-33,-29,-21,-15,12,-34.078125,4.088616653905699,6,-33|-30|-28|-25|-22|-16,17,256,2,2,3,1.7251415252685547,0.0,0.015625,False,False,False,False,False,False,multi_peak_pdf|large_lower_tail|hidden_threat_large_impact,,first_trick_public_belief_update,hidden_threat_offline_label_ready|public_context_ready,bid_margin,True,8,0,3-0,19.958736419677734,2,4-1,6.903595924377441,0,3-0,18.200923919677734
3,840703,6,sixes,84,schema_v2_bid_value,9,2,1,1,left_setter,defense,3,12,0,20,15,10,5,5,0,offense,False,True,4,19,5-4,6,17,5-2,0,False,False,True,False,False,23,5,0,2,0,3,-41.0,-26.345792770385742,7.933742046356201,1.0,0.8359375,-34,-33,-29,-21,-14,12,-34.1171875,4.101749709100168,8,-33|-29|-24|-22|-18|-16|-14|-13,20,256,3,3,1,1.7938652038574219,0.0,0.0,False,False,False,True,False,False,multi_peak_pdf|wide_shelf_gap|large_lower_tail|hidden_threat_large_impact,,first_trick_public_belief_update,hidden_threat_offline_label_ready|public_context_ready,bid_margin,True,8,0,3-0,21.109882354736328,2,4-1,7.191550254821777,0,3-0,19.430194854736328
3,840703,6,sixes,84,schema_v2_bid_value,10,2,2,2,bidder_partner,offense,0,12,0,20,15,10,5,5,0,offense,True,False,0,16,5-1,0,16,5-1,0,False,False,True,False,False,22,5,5,0,1,1,42.0,15.205113410949707,18.676294326782227,0.0,0.0,-13,2,12,34,37,32,-13.1953125,4.369688664627113,8,-13|2|4|8|12|33|35|37,50,256,1,1,1,0.0,0.0,0.0,True,True,True,True,False,False,multi_peak_pdf|wide_shelf_gap|high_std|hidden_threat_large_impact,,first_trick_public_belief_update,hidden_threat_offline_label_ready|public_context_ready,bid_margin,True,8,0,6-4,18.93820095062256,1,6-4,15.594755500555038,0,6-4,18.93820095062256
3,840703,6,sixes,84,schema_v2_bid_value,11,2,3,3,right_setter,defense,1,12,0,20,15,10,5,5,0,offense,False,True,1,5,2-2,1,5,2-2,0,True,False,False,False,False,0,5,0,0,2,5,-41.0,-18.385709762573242,17.26323127746582,1.0,0.5,-37,-36,-19,-2,6,34,-37.0,4.443501243867359,6,-37|-35|-13|-8|1|14,51,256,1,1,1,0.0,0.0,0.0,True,True,True,True,True,True,scalar_ev_lying_by_omission|high_variance_close_mean|multi_peak_pdf|wide_shelf_gap|high_std|large_lower_tail|hidden_threat_large_impact,last_to_act,first_trick_public_belief_update|last_to_act_closure_policy,hidden_threat_offline_label_ready|public_context_ready,bid_margin,True,8,1,6-4,20.949381113052368,0,6-4,20.30478537082672,1,6-4,18.449381113052368
3,840703,6,sixes,84,schema_v2_bid_value,11,2,3,3,right_setter,defense,1,12,0,20,15,10,5,5,0,offense,False,True,1,5,2-2,2,4,2-1,0,False,False,False,False,False,0,5,0,0,2,5,-41.0,-18.489990234375,17.190303802490234,1.0,0.5,-37,-35,-19,-3,5,32,-37.0,4.384333642007547,7,-37|-35|-13|-11|-9|1|14,51,256,5,2,2,0.10428047180175781,0.0,0.0,False,False,False,False,False,False,multi_peak_pdf|wide_shelf_gap|high_std|large_lower_tail|hidden_threat_large_impact,last_to_act,first_trick_public_belief_update|last_to_act_closure_policy,hidden_threat_offline_label_ready|public_context_ready,bid_margin,True,8,1,6-4,20.840712785720825,0,6-4,20.199455857276917,1,6-4,18.340712785720825
3,840703,6,sixes,84,schema_v2_bid_value,11,2,3,3,right_setter,defense,1,12,0,20,15,10,5,5,0,offense,False,True,1,5,2-2,3,3,2-0,0,False,False,False,False,False,0,5,0,0,2,5,-41.0,-18.470352172851562,17.205076217651367,1.0,0.5,-37,-35,-19,-2,5,33,-37.0,4.377213353965196,7,-37|-35|-13|-11|-9|1|14,51,256,4,3,3,0.08464241027832031,0.0,0.0,False,False,False,False,False,False,multi_peak_pdf|wide_shelf_gap|high_std|large_lower_tail|hidden_threat_large_impact,last_to_act,first_trick_public_belief_update|last_to_act_closure_policy,hidden_threat_offline_label_ready|public_context_ready,bid_margin,True,8,1,6-4,20.857611417770386,0,6-4,20.215839982032776,1,6-4,18.357611417770386
3,840703,6,sixes,84,schema_v2_bid_value,11,2,3,3,right_setter,defense,1,12,0,20,15,10,5,5,0,offense,False,True,1,5,2-2,4,2,1-1,0,True,False,False,False,False,0,5,0,0,2,5,-41.0,-18.394393920898438,17.253385543823242,1.0,0.5,-37,-35,-19,-3,6,32,-37.0,4.413764259593527,8,-37|-35|-13|-11|-9|-8|1|14,51,256,2,4,4,0.008684158325195312,0.0,0.0,False,False,False,False,True,False,high_variance_close_mean|multi_peak_pdf|wide_shelf_gap|high_std|large_lower_tail|hidden_threat_large_impact,last_to_act,first_trick_public_belief_update|last_to_act_closure_policy,hidden_threat_offline_label_ready|public_context_ready,bid_margin,True,8,1,6-4,20.934977769851685,0,6-4,20.2908216714859,1,6-4,18.434977769851685
3,840703,6,sixes,84,schema_v2_bid_value,11,2,3,3,right_setter,defense,1,12,0,20,15,10,5,5,0,offense,False,True,1,5,2-2,5,1,1-0,0,False,False,False,False,False,0,5,0,0,2,5,-41.0,-18.458297729492188,17.19786262512207,1.0,0.5,-37,-35,-19,-3,6,32,-37.0,4.359450376748938,8,-37|-35|-13|-11|-9|1|12|14,51,256,3,5,5,0.07258796691894531,0.0,0.0,False,False,False,False,False,False,multi_peak_pdf|wide_shelf_gap|high_std|large_lower_tail|hidden_threat_large_impact,last_to_act,first_trick_public_belief_update|last_to_act_closure_policy,hidden_threat_offline_label_ready|public_context_ready,bid_margin,True,8,1,6-4,20.849934816360474,0,6-4,20.208401322364807,1,6-4,18.349934816360474
3,840703,6,sixes,84,schema_v2_bid_value,12,3,0,0,bidder,offense,2,23,0,20,15,0,,,,,False,False,5,13,4-3,2,25,6-4,10,False,True,,,True,,4,10,1,1,4,42.0,13.133401870727539,7.734889507293701,0.0,0.0,0,8,11,22,22,14,-0.2734375,3.767723932104375,6,0|5|9|12|18|22,22,256,4,1,1,0.7439079284667969,0.0,0.0,False,False,True,True,True,False,high_variance_close_mean|multi_peak_pdf|wide_shelf_gap|hidden_threat_large_impact,called_suit_pressure,first_trick_public_belief_update,hidden_threat_offline_label_ready|public_context_ready,bid_margin,True,8,1,4-0,9.184284210205078,3,4-1,5.26624059677124,1,4-0,9.184284210205078
3,840703,6,sixes,84,schema_v2_bid_value,12,3,0,0,bidder,offense,2,23,0,20,15,0,,,,,False,False,5,13,4-3,4,14,4-4,0,True,False,,,True,,4,10,1,1,4,42.0,13.6844482421875,6.199232578277588,0.0,0.0,8,9,11,22,23,13,5.7734375,3.5205957388917035,3,9|19|22,13,256,2,2,2,0.19286155700683594,0.0,0.0,False,False,False,False,True,False,high_variance_close_mean|multi_peak_pdf|hidden_threat_large_impact,,first_trick_public_belief_update,hidden_threat_offline_label_ready|public_context_ready,bid_margin,True,8,1,4-0,8.559959411621094,3,4-1,3.5573997497558594,1,4-0,8.559959411621094
3,840703,6,sixes,84,schema_v2_bid_value,12,3,0,0,bidder,offense,2,23,0,20,15,0,,,,,False,False,5,13,4-3,5,13,4-3,0,False,False,,,True,,4,10,1,1,4,42.0,13.877309799194336,5.799968719482422,0.0,0.0,8,9,11,21,22,12,7.375,3.2966386806351053,4,9|12|19|22,13,256,1,3,3,0.0,0.0,0.0,True,True,False,False,False,True,scalar_ev_lying_by_omission|multi_peak_pdf|hidden_threat_large_impact,,first_trick_public_belief_update,hidden_threat_offline_label_ready|public_context_ready,bid_margin,True,8,1,4-1,8.058746337890625,3,4-1,3.2654905319213867,1,4-1,8.058746337890625
3,840703,6,sixes,84,schema_v2_bid_value,12,3,0,0,bidder,offense,2,23,0,20,15,0,,,,,False,False,5,13,4-3,6,12,4-2,0,False,False,,,True,,4,10,1,1,4,42.0,13.383127212524414,5.950736045837402,0.0,0.0,8,9,10,21,22,12,6.3203125,3.30556466732085,4,5|9|19|22,17,256,3,4,4,0.4941825866699219,0.0,0.0,False,False,False,False,False,False,multi_peak_pdf|hidden_threat_large_impact,,first_trick_public_belief_update,hidden_threat_offline_label_ready|public_context_ready,bid_margin,True,8,1,4-1,8.40334701538086,3,4-1,3.38034725189209,1,4-1,8.40334701538086
3,840703,6,sixes,84,schema_v2_bid_value,13,3,1,1,left_setter,defense,3,23,0,20,15,0,4,4,0,offense,False,True,0,24,6-3,0,24,6-3,0,False,True,False,True,True,41,4,0,2,0,4,-41.0,-8.584070205688477,6.156055927276611,1.0,0.0703125,-18,-15,-8,-5,-1,10,-18.3515625,3.9960427414506055,7,-18|-17|-13|-7|-4|-2|1,19,256,1,1,2,0.0,0.0,0.00390625,True,True,True,False,False,True,scalar_ev_lying_by_omission|multi_peak_pdf|hidden_threat_large_impact,called_suit_pressure,first_trick_public_belief_update,hidden_threat_offline_label_ready|public_context_ready,bid_margin,True,8,0,2-2,6.715773582458496,2,4-1,6.5617111921310425,0,4-1,5.051815986633301
3,840703,6,sixes,84,schema_v2_bid_value,13,3,1,1,left_setter,defense,3,23,0,20,15,0,4,4,0,offense,False,True,0,24,6-3,2,22,6-1,0,False,True,False,True,True,39,4,0,2,0,4,-41.0,-8.658665657043457,6.111006736755371,1.0,0.06640625,-18,-15,-8,-5,-1,10,-18.3125,3.993372223288249,6,-18|-13|-7|-4|-2|1,19,256,2,2,1,0.07459545135498047,0.0,0.0,False,False,False,True,False,False,multi_peak_pdf|hidden_threat_large_impact,called_suit_pressure,first_trick_public_belief_update,hidden_threat_offline_label_ready|public_context_ready,bid_margin,True,8,2,4-1,6.436506479978561,2,4-1,6.436506479978561,0,4-1,4.987151622772217
3,840703,6,sixes,84,schema_v2_bid_value,13,3,1,1,left_setter,defense,3,23,0,20,15,0,4,4,0,offense,False,True,0,24,6-3,5,18,5-3,0,False,False,False,False,False,0,4,0,2,0,4,-41.0,-11.28096866607666,8.170258522033691,1.0,0.3046875,-22,-21,-11,-4,0,17,-22.0,4.179942679659635,8,-21|-13|-11|-6|-4|-2|0|2,23,256,3,3,3,2.6968984603881836,0.0,0.23828125,False,False,False,False,False,False,multi_peak_pdf|wide_shelf_gap|large_lower_tail|hidden_threat_large_impact,,first_trick_public_belief_update,hidden_threat_offline_label_ready|public_context_ready,bid_margin,True,8,0,4-1,11.251964569091797,0,4-4,7.414009690284729,0,4-1,9.728527069091797
3,840703,6,sixes,84,schema_v2_bid_value,13,3,1,1,left_setter,defense,3,23,0,20,15,0,4,4,0,offense,False,True,0,24,6-3,6,17,5-2,0,False,False,False,False,False,0,4,0,2,0,4,-41.0,-11.937311172485352,8.438307762145996,1.0,0.3515625,-22,-21,-12,-5,0,16,-22.3125,4.361812191924488,8,-22|-17|-12|-10|-6|-2|0|2,24,256,4,4,4,3.353240966796875,0.0,0.28515625,False,False,False,False,False,False,multi_peak_pdf|wide_shelf_gap|large_lower_tail|hidden_threat_large_impact,,first_trick_public_belief_update,hidden_threat_offline_label_ready|public_context_ready,bid_margin,True,8,0,2-2,10.988825798034668,2,4-4,8.16649615764618,0,4-1,9.400036036968231
3,840703,6,sixes,84,schema_v2_bid_value,14,3,2,2,bidder_partner,offense,0,23,0,20,15,0,4,4,1,defense,False,True,3,10,4-0,2,11,4-1,5,False,False,True,False,False,21,4,5,0,1,2,42.0,-7.167089939117432,16.800268173217773,0.0,0.44921875,-25,-25,-17,11,13,36,-25.1953125,3.4712385728284185,6,-25|-21|-18|9|11|13,38,256,2,1,2,6.305655837059021,0.0,0.12109375,False,False,True,False,False,False,multi_peak_pdf|wide_shelf_gap|high_std|large_lower_tail|hidden_threat_large_impact,partner_count_donation,first_trick_public_belief_update|partner_forcedness_and_safety,hidden_threat_offline_label_ready|needs_belief_model|public_context_ready,bid_margin,True,8,0,6-4,21.806914806365967,1,6-4,20.06633174419403,0,6-4,19.560821056365967
3,840703,6,sixes,84,schema_v2_bid_value,14,3,2,2,bidder_partner,offense,0,23,0,20,15,0,4,4,1,defense,False,True,3,10,4-0,3,10,4-0,0,False,False,True,False,False,20,4,5,0,1,2,42.0,-0.8614341020584106,21.02643394470215,0.0,0.328125,-25,-25,-12,21,23,46,-25.0,3.061311160250544,5,-25|-13|19|21|23,48,256,1,2,1,0.0,0.0,0.0,True,True,False,True,True,True,scalar_ev_lying_by_omission|high_variance_close_mean|multi_peak_pdf|wide_shelf_gap|high_std|large_lower_tail|hidden_threat_large_impact,,first_trick_public_belief_update,hidden_threat_offline_label_ready|public_context_ready,bid_margin,True,8,0,6-4,24.686366200447083,1,6-4,22.66334331035614,0,6-4,23.045741200447083
3,840703,6,sixes,84,schema_v2_bid_value,15,3,3,3,right_setter,defense,1,23,0,20,15,0,4,4,1,defense,True,False,5,1,1-0,2,4,2-1,0,False,False,False,False,False,0,4,0,0,1,4,-41.0,1.4509546756744385,19.749862670898438,1.0,0.27734375,-23,-19,-3,23,25,42,-23.0,3.911287541303556,9,-23|-21|-17|-16|-11|11|13|23|25,48,256,2,1,3,0.05279374122619629,0.0,0.0078125,False,False,True,False,False,False,multi_peak_pdf|wide_shelf_gap|high_std|large_lower_tail|hidden_threat_large_impact,last_to_act,first_trick_public_belief_update|last_to_act_closure_policy,hidden_threat_offline_label_ready|public_context_ready,bid_margin,True,8,1,6-4,21.915754079818726,0,6-4,21.241421103477478,1,6-4,20.529035329818726
3,840703,6,sixes,84,schema_v2_bid_value,15,3,3,3,right_setter,defense,1,23,0,20,15,0,4,4,1,defense,True,False,5,1,1-0,3,3,2-0,0,False,False,False,False,False,0,4,0,0,1,4,-41.0,1.444114089012146,19.764305114746094,1.0,0.27734375,-23,-19,-3,23,25,42,-23.0,3.873755213838182,9,-23|-21|-18|-16|-11|11|13|23|25,48,256,3,2,4,0.05963432788848877,0.0,0.0078125,False,False,False,False,True,False,high_variance_close_mean|multi_peak_pdf|wide_shelf_gap|high_std|large_lower_tail|hidden_threat_large_impact,last_to_act,first_trick_public_belief_update|last_to_act_closure_policy,hidden_threat_offline_label_ready|public_context_ready,bid_margin,True,8,1,6-4,21.93173086643219,0,6-4,21.25690793991089,1,6-4,20.54501211643219
3,840703,6,sixes,84,schema_v2_bid_value,15,3,3,3,right_setter,defense,1,23,0,20,15,0,4,4,1,defense,True,False,5,1,1-0,4,2,1-1,0,True,False,False,False,False,0,4,0,0,1,4,-41.0,1.4275474548339844,19.74995994567871,1.0,0.26953125,-23,-19,-4,23,25,42,-23.0,3.9359770214006193,10,-23|-21|-18|-16|-15|-11|11|13|23|25,48,256,4,3,1,0.07620096206665039,0.0,0.0,False,False,False,True,True,False,high_variance_close_mean|multi_peak_pdf|wide_shelf_gap|high_std|large_lower_tail|hidden_threat_large_impact,last_to_act,first_trick_public_belief_update|last_to_act_closure_policy,hidden_threat_offline_label_ready|public_context_ready,bid_margin,True,8,1,6-4,21.864492416381836,0,6-4,21.191738843917847,1,6-4,20.516836166381836
3,840703,6,sixes,84,schema_v2_bid_value,15,3,3,3,right_setter,defense,1,23,0,20,15,0,4,4,1,defense,True,False,5,1,1-0,5,1,1-0,0,False,False,False,False,False,0,4,0,0,1,4,-41.0,1.5037484169006348,19.719371795654297,1.0,0.26953125,-23,-19,-3,23,25,42,-23.0,3.88683121478437,10,-23|-21|-18|-16|-11|-7|11|13|23|25,48,256,1,4,2,0.0,0.0,0.0,True,True,False,False,False,True,scalar_ev_lying_by_omission|multi_peak_pdf|wide_shelf_gap|high_std|large_lower_tail|hidden_threat_large_impact,last_to_act,first_trick_public_belief_update|last_to_act_closure_policy,hidden_threat_offline_label_ready|public_context_ready,bid_margin,True,8,1,6-4,21.80560064315796,0,6-4,21.134658098220825,1,6-4,20.45794439315796
3,840703,6,sixes,84,schema_v2_bid_value,16,4,0,1,left_setter,defense,3,23,1,20,15,0,,,,,False,False,5,18,5-3,2,22,6-1,0,False,True,,,True,,3,0,1,0,3,-41.0,-23.094009399414062,2.1520872116088867,1.0,0.953125,-24,-24,-24,-24,-21,0,-24.000000000000004,1.2538139927967475,2,-24|-21,3,256,3,1,3,9.390701293945312,0.0,0.37109375,False,False,True,False,False,False,multi_peak_pdf|large_lower_tail,called_suit_pressure|late_hand|setter_lead_pressure,defender_damage_lead_class|first_trick_public_belief_update|late_trick_threshold_closure,distribution_labels_ready|hidden_threat_offline_label_ready|needs_real_bid_margin|public_context_ready,bid_margin,True,8,0,2-1,3.1074838638305664,0,3-3,1.396505355834961,0,2-1,2.452970027923584
3,840703,6,sixes,84,schema_v2_bid_value,16,4,0,1,left_setter,defense,3,23,1,20,15,0,,,,,False,False,5,18,5-3,5,18,5-3,0,False,False,,,True,,3,0,1,0,3,-41.0,-13.70330810546875,6.741709232330322,1.0,0.58203125,-19,-19,-19,-6,-4,13,-19.234375,2.4341743469889643,4,-19|-8|-6|-3,16,256,1,2,1,0.0,0.0,0.0,True,True,False,True,True,True,scalar_ev_lying_by_omission|high_variance_close_mean|multi_peak_pdf|large_lower_tail|hidden_threat_large_impact,late_hand|setter_lead_pressure,defender_damage_lead_class|first_trick_public_belief_update|late_trick_threshold_closure,distribution_labels_ready|hidden_threat_offline_label_ready|needs_real_bid_margin|public_context_ready,bid_margin,True,8,0,4-1,14.133233547210693,2,4-1,8.912038564682007,0,4-1,11.223077297210693
3,840703,6,sixes,84,schema_v2_bid_value,16,4,0,1,left_setter,defense,3,23,1,20,15,0,,,,,False,False,5,18,5-3,6,17,5-2,0,False,False,,,True,,3,0,1,0,3,-41.0,-14.167276382446289,6.597084045410156,1.0,0.58203125,-20,-19,-19,-7,-5,12,-20.15625,2.834181408200357,4,-19|-9|-7|-5,14,256,2,3,2,0.46396827697753906,0.0,0.0,False,False,False,False,True,False,high_variance_close_mean|multi_peak_pdf|large_lower_tail|hidden_threat_large_impact,late_hand|setter_lead_pressure,defender_damage_lead_class|first_trick_public_belief_update|late_trick_threshold_closure,distribution_labels_ready|hidden_threat_offline_label_ready|needs_real_bid_margin|public_context_ready,bid_margin,True,8,0,4-1,13.958614826202393,2,4-1,8.801931142807007,0,4-1,11.048458576202393
3,840703,6,sixes,84,schema_v2_bid_value,17,4,1,2,bidder_partner,offense,0,23,1,20,15,0,5,5,1,defense,False,True,2,11,4-1,2,11,4-1,5,False,False,False,False,False,0,3,5,0,1,3,42.0,-7.128630638122559,16.55684471130371,0.0,0.32421875,-24,-24,-12,16,16,40,-24.000000000000004,1.582719441434787,3,-24|-12|16,40,256,1,1,1,0.0,0.0,0.0,True,True,True,True,True,True,scalar_ev_lying_by_omission|high_variance_close_mean|multi_peak_pdf|wide_shelf_gap|high_std|large_lower_tail|hidden_threat_large_impact,late_hand|partner_count_donation,first_trick_public_belief_update|late_trick_threshold_closure|partner_forcedness_and_safety,distribution_labels_ready|hidden_threat_offline_label_ready|needs_belief_model|public_context_ready,bid_margin,True,8,0,6-4,26.389071464538574,0,5-2,23.98197078704834,0,6-4,24.767977714538574
3,840703,6,sixes,84,schema_v2_bid_value,17,4,1,2,bidder_partner,offense,0,23,1,20,15,0,5,5,1,defense,False,True,2,11,4-1,4,9,3-3,0,True,False,False,False,False,0,3,5,0,1,3,42.0,-12.173609733581543,16.434972763061523,0.0,0.68359375,-24,-24,-22,12,12,36,-24.000000000000004,1.582719441434787,3,-24|-22|12,36,256,2,2,2,5.044979095458984,0.0,0.359375,False,False,False,False,False,False,multi_peak_pdf|wide_shelf_gap|high_std|large_lower_tail|hidden_threat_large_impact,late_hand,first_trick_public_belief_update|late_trick_threshold_closure,distribution_labels_ready|hidden_threat_offline_label_ready|public_context_ready,bid_margin,True,8,0,6-4,30.96481227874756,0,5-2,15.344353675842285,0,6-4,27.54684352874756
3,840703,6,sixes,84,schema_v2_bid_value,17,4,1,2,bidder_partner,offense,0,23,1,20,15,0,5,5,1,defense,False,True,2,11,4-1,6,7,3-1,0,False,False,False,False,False,0,3,5,0,1,3,42.0,-12.210478782653809,16.360654830932617,0.0,0.68359375,-24,-24,-22,12,12,36,-24.000000000000004,1.582719441434787,3,-24|-22|12,36,256,3,3,3,5.08184814453125,0.0,0.359375,False,False,False,False,False,False,multi_peak_pdf|wide_shelf_gap|high_std|large_lower_tail|hidden_threat_large_impact,late_hand,first_trick_public_belief_update|late_trick_threshold_closure,distribution_labels_ready|hidden_threat_offline_label_ready|public_context_ready,bid_margin,True,8,0,6-4,30.855016708374023,0,5-2,15.301165580749512,0,6-4,27.437047958374023
3,840703,6,sixes,84,schema_v2_bid_value,18,4,2,3,right_setter,defense,1,23,1,25,10,5,5,5,1,defense,True,False,4,2,1-1,2,4,2-1,0,False,False,False,False,False,0,3,0,0,1,3,-41.0,0.446012407541275,18.87646484375,1.0,0.1328125,-24,-16,-8,22,26,38,-24.898437500000004,3.502280827617509,10,-25|-18|-16|-14|-11|-8|12|22|24|26,51,256,3,1,1,0.29499730467796326,0.0,0.0,False,False,True,True,True,False,high_variance_close_mean|multi_peak_pdf|wide_shelf_gap|high_std|hidden_threat_large_impact,late_hand,first_trick_public_belief_update|late_trick_threshold_closure,distribution_labels_ready|hidden_threat_offline_label_ready|public_context_ready,bid_margin,True,8,1,6-4,21.19671067595482,0,6-4,17.28809642791748,1,6-4,20.53264817595482
3,840703,6,sixes,84,schema_v2_bid_value,18,4,2,3,right_setter,defense,1,23,1,25,10,5,5,5,1,defense,True,False,4,2,1-1,3,3,2-0,0,False,False,False,False,False,0,3,0,0,1,3,-41.0,0.49607181549072266,18.850561141967773,1.0,0.1328125,-24,-16,-8,22,26,38,-24.898437500000004,3.4643530700216236,10,-25|-18|-16|-14|-11|-8|12|22|24|26,51,256,2,2,2,0.24493789672851562,0.0,0.0,False,False,False,False,True,False,high_variance_close_mean|multi_peak_pdf|wide_shelf_gap|high_std|hidden_threat_large_impact,late_hand,first_trick_public_belief_update|late_trick_threshold_closure,distribution_labels_ready|hidden_threat_offline_label_ready|public_context_ready,bid_margin,True,8,1,6-4,21.15978717803955,0,6-4,17.25798425078392,1,6-4,20.49572467803955
3,840703,6,sixes,84,schema_v2_bid_value,18,4,2,3,right_setter,defense,1,23,1,25,10,5,5,5,1,defense,True,False,4,2,1-1,4,2,1-1,0,True,False,False,False,False,0,3,0,0,1,3,-41.0,0.7410097122192383,18.62339973449707,1.0,0.1328125,-24,-15,-9,22,26,37,-24.664062500000004,3.590525076054023,9,-25|-15|-13|-11|-9|12|22|24|26,51,256,1,3,3,0.0,0.0,0.0,True,True,False,False,False,True,scalar_ev_lying_by_omission|multi_peak_pdf|wide_shelf_gap|high_std|hidden_threat_large_impact,late_hand,first_trick_public_belief_update|late_trick_threshold_closure,distribution_labels_ready|hidden_threat_offline_label_ready|public_context_ready,bid_margin,True,8,1,6-4,20.903611183166504,0,6-4,17.04904279112816,1,6-4,20.239548683166504
3,840703,6,sixes,84,schema_v2_bid_value,19,4,3,0,bidder,offense,2,23,1,25,10,5,5,5,1,defense,False,True,2,25,6-4,2,25,6-4,10,False,True,False,True,True,42,3,10,1,1,3,42.0,13.221536636352539,0.2884635925292969,0.0,0.0,13,13,13,13,14,0,13.0,0.670760475968549,1,13,,256,1,1,1,0.0,0.0,0.0,True,True,True,True,True,False,high_variance_close_mean,called_suit_pressure|last_to_act|late_hand,first_trick_public_belief_update|last_to_act_closure_policy|late_trick_threshold_closure,distribution_labels_ready|hidden_threat_offline_label_ready|public_context_ready,bid_margin,True,8,2,3-1,0.18828582763671875,3,3-1,0.17966270446777344,2,3-1,0.18828582763671875
3,840703,6,sixes,84,schema_v2_bid_value,19,4,3,0,bidder,offense,2,23,1,25,10,5,5,5,1,defense,False,True,2,25,6-4,4,14,4-4,0,True,False,False,False,False,0,3,10,1,1,3,42.0,9.382094383239746,0.0565352737903595,0.0,0.0,9,9,9,9,9,0,9.0,-0.0,1,9,,256,2,2,2,3.839442253112793,0.0,0.0,False,False,False,False,False,False,,last_to_act|late_hand,first_trick_public_belief_update|last_to_act_closure_policy|late_trick_threshold_closure,distribution_labels_ready|hidden_threat_offline_label_ready|public_context_ready,bid_margin,True,8,2,3-3,0.050515174865722656,3,3-3,0.0418548583984375,2,3-3,0.050515174865722656
3,840703,6,sixes,84,schema_v2_bid_value,19,4,3,0,bidder,offense,2,23,1,25,10,5,5,5,1,defense,False,True,2,25,6-4,6,12,4-2,0,False,False,False,False,False,0,3,10,1,1,3,42.0,9.31440544128418,0.07025691866874695,0.0,0.0,9,9,9,9,9,0,9.0,-0.0,1,9,,256,3,3,3,3.9071311950683594,0.0,0.0,False,False,False,False,False,False,,last_to_act|late_hand,first_trick_public_belief_update|last_to_act_closure_policy|late_trick_threshold_closure,distribution_labels_ready|hidden_threat_offline_label_ready|public_context_ready,bid_margin,True,8,2,3-3,0.066314697265625,3,3-3,0.0549468994140625,2,3-3,0.066314697265625
3,840703,6,sixes,84,schema_v2_bid_value,20,5,0,0,bidder,offense,2,39,1,35,0,0,,,,,False,False,4,14,4-4,4,14,4-4,0,True,False,,,True,,2,0,0,1,2,42.0,-2.067060947418213,0.033988889306783676,0.0,0.0,-2,-2,-2,-2,-2,0,-2.0,-0.0,1,-2,,256,1,1,1,0.0,0.0,0.0,True,True,True,True,True,False,high_variance_close_mean,late_hand,first_trick_public_belief_update|late_trick_threshold_closure,distribution_labels_ready|hidden_threat_offline_label_ready|public_context_ready,bid_margin,True,8,3,2-0,0.02383565902709961,2,2-0,0.019749879837036133,3,2-0,0.02383565902709961
3,840703,6,sixes,84,schema_v2_bid_value,20,5,0,0,bidder,offense,2,39,1,35,0,0,,,,,False,False,4,14,4-4,6,12,4-2,0,False,False,,,True,,2,0,0,1,2,42.0,-2.089564323425293,0.037287864834070206,0.0,0.0,-2,-2,-2,-2,-2,0,-2.0,-0.0,1,-2,,256,2,2,2,0.022503376007080078,0.0,0.0,False,False,False,False,True,False,high_variance_close_mean,late_hand,first_trick_public_belief_update|late_trick_threshold_closure,distribution_labels_ready|hidden_threat_offline_label_ready|public_context_ready,bid_margin,True,8,3,2-0,0.02550506591796875,2,2-0,0.021132946014404297,3,2-0,0.02550506591796875
3,840703,6,sixes,84,schema_v2_bid_value,21,5,1,1,left_setter,defense,3,39,1,35,0,0,4,4,0,offense,False,True,2,22,6-1,2,22,6-1,0,False,True,False,True,True,39,2,0,1,0,2,-41.0,3.855593681335449,1.3785102367401123,1.0,0.0,2,2,4,5,6,3,2.0,2.107818003948414,2,2|4,2,256,1,1,1,0.0,0.0,0.0,True,True,True,True,True,False,high_variance_close_mean|multi_peak_pdf,called_suit_pressure|late_hand,first_trick_public_belief_update|late_trick_threshold_closure,distribution_labels_ready|hidden_threat_offline_label_ready|public_context_ready,bid_margin,True,8,0,4-2,1.7835242748260498,0,4-2,1.7835242748260498,0,2-0,1.1683645248413086
3,840703,6,sixes,84,schema_v2_bid_value,21,5,1,1,left_setter,defense,3,39,1,35,0,0,4,4,0,offense,False,True,2,22,6-1,6,17,5-2,0,False,False,False,False,False,0,2,0,1,0,2,-41.0,0.13074317574501038,0.31036069989204407,1.0,0.0,0,0,0,0,1,0,0.0,0.6346832232379868,1,0,,256,2,2,2,3.724850505590439,0.0,0.0,False,False,False,False,False,False,,late_hand,first_trick_public_belief_update|late_trick_threshold_closure,distribution_labels_ready|hidden_threat_offline_label_ready|public_context_ready,bid_margin,True,8,0,2-0,0.4291140139102936,0,4-2,0.23668771237134933,0,2-0,0.4291140139102936
3,840703,6,sixes,84,schema_v2_bid_value,22,5,2,2,bidder_partner,offense,0,39,1,35,0,0,4,4,1,defense,False,True,4,9,3-3,4,9,3-3,0,True,False,False,False,False,0,2,0,0,1,2,42.0,-3.4412126541137695,4.76837158203125e-07,0.0,0.0,-3,-3,-3,-3,-3,0,-3.0000000000000004,-0.0,1,-3,,256,1,1,1,0.0,0.0,0.0,True,True,True,True,True,False,high_variance_close_mean,late_hand,first_trick_public_belief_update|late_trick_threshold_closure,distribution_labels_ready|hidden_threat_offline_label_ready|public_context_ready,bid_margin,True,4,3,2-0,0.0,3,2-0,0.0,3,2-0,0.0
3,840703,6,sixes,84,schema_v2_bid_value,22,5,2,2,bidder_partner,offense,0,39,1,35,0,0,4,4,1,defense,False,True,4,9,3-3,6,7,3-1,0,False,False,False,False,False,0,2,0,0,1,2,42.0,-3.4450719356536865,7.152557373046875e-07,0.0,0.0,-3,-3,-3,-3,-3,0,-3.0000000000000004,-0.0,1,-3,,256,2,2,2,0.003859281539916992,0.0,0.0,False,False,False,False,True,False,high_variance_close_mean,late_hand,first_trick_public_belief_update|late_trick_threshold_closure,distribution_labels_ready|hidden_threat_offline_label_ready|public_context_ready,bid_margin,True,4,3,2-0,0.0,3,2-0,0.0,3,2-0,0.0
3,840703,6,sixes,84,schema_v2_bid_value,23,5,3,3,right_setter,defense,1,39,1,35,0,0,4,4,1,defense,True,False,2,4,2-1,2,4,2-1,0,False,False,False,False,False,0,2,0,0,0,2,-41.0,1.8863393068313599,3.5762786865234375e-07,1.0,0.0,2,2,2,2,2,0,2.0,-0.0,1,2,,256,1,1,1,0.0,0.0,0.0,True,True,True,True,True,False,high_variance_close_mean,last_to_act|late_hand,first_trick_public_belief_update|last_to_act_closure_policy|late_trick_threshold_closure,distribution_labels_ready|hidden_threat_offline_label_ready|public_context_ready,bid_margin,True,3,2,3-1,0.0,2,3-1,0.0,2,3-1,0.0
3,840703,6,sixes,84,schema_v2_bid_value,23,5,3,3,right_setter,defense,1,39,1,35,0,0,4,4,1,defense,True,False,2,4,2-1,3,3,2-0,0,False,False,False,False,False,0,2,0,0,0,2,-41.0,1.886022925376892,2.384185791015625e-07,1.0,0.0,2,2,2,2,2,0,2.0,-0.0,1,2,,256,2,2,2,0.00031638145446777344,0.0,0.0,False,False,False,False,True,False,high_variance_close_mean,last_to_act|late_hand,first_trick_public_belief_update|last_to_act_closure_policy|late_trick_threshold_closure,distribution_labels_ready|hidden_threat_offline_label_ready|public_context_ready,bid_margin,True,3,2,3-1,0.0,2,3-1,0.0,2,3-1,0.0
3,840703,6,sixes,84,schema_v2_bid_value,24,6,0,1,left_setter,defense,3,39,2,35,0,0,,,,,False,False,6,17,5-2,6,17,5-2,0,False,False,,,True,,1,0,0,0,1,-41.0,2.4117684364318848,0.7264740467071533,1.0,0.0,2,2,2,3,3,1,2.0,1.0,2,2|3,1,256,1,1,1,0.0,0.0,0.0,True,True,True,True,False,False,multi_peak_pdf,late_hand|setter_lead_pressure,defender_damage_lead_class|first_trick_public_belief_update|late_trick_threshold_closure,distribution_labels_ready|hidden_threat_offline_label_ready|needs_real_bid_margin|public_context_ready,bid_margin,True,5,2,2-0,0.7264741659164429,2,2-0,0.7264741659164429,3,2-0,0.7264740467071533
3,840703,6,sixes,84,schema_v2_bid_value,25,6,1,2,bidder_partner,offense,0,39,2,35,0,0,5,5,1,defense,False,True,6,7,3-1,6,7,3-1,0,False,False,False,False,False,0,1,0,0,0,1,42.0,-5.779158592224121,9.5367431640625e-07,0.0,0.0,-6,-6,-6,-6,-6,0,-6.000000000000001,-0.0,1,-6,,256,1,1,1,0.0,0.0,0.0,True,True,True,True,False,False,,late_hand,first_trick_public_belief_update|late_trick_threshold_closure,distribution_labels_ready|hidden_threat_offline_label_ready|public_context_ready,bid_margin,True,2,3,2-0,0.0,3,2-0,0.0,3,2-0,0.0
3,840703,6,sixes,84,schema_v2_bid_value,26,6,2,3,right_setter,defense,1,39,2,35,0,0,5,5,1,defense,True,False,3,3,2-0,3,3,2-0,0,False,False,False,False,False,0,1,0,0,0,1,-41.0,4.616626739501953,0.0,1.0,0.0,5,5,5,5,5,0,5.0,-0.0,1,5,,256,1,1,1,0.0,0.0,0.0,True,True,True,True,False,False,,late_hand,first_trick_public_belief_update|late_trick_threshold_closure,distribution_labels_ready|hidden_threat_offline_label_ready|public_context_ready,bid_margin,True,1,0,4-2,0.0,0,4-2,0.0,0,4-2,0.0
3,840703,6,sixes,84,schema_v2_bid_value,27,6,3,0,bidder,offense,2,39,2,35,0,0,5,5,1,defense,False,True,6,12,4-2,6,12,4-2,0,False,False,False,False,False,0,1,0,0,0,1,42.0,-6.378324031829834,4.76837158203125e-07,0.0,0.0,-6,-6,-6,-6,-6,0,-6.000000000000001,-0.0,1,-6,,256,1,1,1,0.0,0.0,0.0,True,True,True,True,False,False,,last_to_act|late_hand,first_trick_public_belief_update|last_to_act_closure_policy|late_trick_threshold_closure,distribution_labels_ready|public_context_ready,bid_margin,False,0,,,,,,,,,
4,840704,6,sixes,84,schema_v2_bid_value,0,0,0,0,bidder,offense,2,0,0,0,35,0,,,,,False,False,1,26,6-5,0,27,6-6,0,True,True,,,True,,7,25,4,3,7,42.0,37.542118072509766,5.2864508628845215,0.0,0.0,29,35,41,41,41,6,25.796875000000004,2.9709678283921894,5,28|30|34|36|41,13,256,3,1,1,0.08824539184570312,0.0,0.0,False,False,True,True,False,False,multi_peak_pdf,bidder_opening_lead|called_suit_pressure|first_trick,bidder_first_lead_plan,hidden_threat_offline_label_ready|public_context_ready,bid_margin,True,8,2,5-4,3.772167205810547,2,3-3,2.250396728515625,2,5-4,3.772167205810547
4,840704,6,sixes,84,schema_v2_bid_value,0,0,0,0,bidder,offense,2,0,0,0,35,0,,,,,False,False,1,26,6-5,1,26,6-5,0,False,True,,,True,,7,25,4,3,7,42.0,37.61983108520508,5.234192848205566,0.0,0.0,29,35,41,41,41,6,25.953125000000004,2.9371665491847345,6,28|30|32|36|37|41,13,256,2,2,2,0.010532379150390625,0.0,0.0,True,False,False,False,False,False,multi_peak_pdf,bidder_opening_lead|called_suit_pressure|first_trick,bidder_first_lead_plan,hidden_threat_offline_label_ready|public_context_ready,bid_margin,True,8,2,5-4,3.7048416137695312,2,3-3,2.228271484375,2,5-4,3.7048416137695312
4,840704,6,sixes,84,schema_v2_bid_value,0,0,0,0,bidder,offense,2,0,0,0,35,0,,,,,False,False,1,26,6-5,2,25,6-4,10,False,True,,,True,,7,25,4,3,7,42.0,37.63036346435547,5.320623874664307,0.0,0.0,29,35,41,41,41,6,25.289062500000004,2.903782742862888,5,26|29|33|36|41,15,256,1,3,3,0.0,0.0,0.0,False,True,False,False,False,True,scalar_ev_lying_by_omission|multi_peak_pdf,bidder_opening_lead|called_suit_pressure|first_trick,bidder_first_lead_plan,hidden_threat_offline_label_ready|public_context_ready,bid_margin,True,8,2,5-4,3.619365692138672,2,3-3,2.2403907775878906,2,5-4,3.619365692138672
4,840704,6,sixes,84,schema_v2_bid_value,0,0,0,0,bidder,offense,2,0,0,0,35,0,,,,,False,False,1,26,6-5,3,24,6-3,0,False,True,,,True,,7,25,4,3,7,42.0,37.48009490966797,5.353703022003174,0.0,0.0,29,34,41,41,41,7,25.640625000000004,2.99368369874332,5,29|31|34|36|41,12,256,4,4,4,0.1502685546875,0.0,0.0,False,False,False,False,False,False,multi_peak_pdf,bidder_opening_lead|called_suit_pressure|first_trick,bidder_first_lead_plan,hidden_threat_offline_label_ready|public_context_ready,bid_margin,True,8,2,5-4,3.82025146484375,2,3-3,2.2868423461914062,2,5-4,3.82025146484375
4,840704,6,sixes,84,schema_v2_bid_value,0,0,0,0,bidder,offense,2,0,0,0,35,0,,,,,False,False,1,26,6-5,4,20,5-5,10,True,False,,,True,,7,25,4,3,7,42.0,32.325531005859375,10.39822769165039,0.0,0.0,17,27,37,40,41,13,8.9921875,4.345136550008106,6,17|18|32|35|37|41,24,256,7,5,5,5.304832458496094,0.0,0.0,False,False,False,False,False,False,multi_peak_pdf|wide_shelf_gap,bidder_opening_lead|first_trick,bidder_first_lead_plan,hidden_threat_offline_label_ready|public_context_ready,bid_margin,True,8,2,5-4,3.9878501892089844,2,5-1,3.1008872985839844,2,5-4,3.9878501892089844
4,840704,6,sixes,84,schema_v2_bid_value,0,0,0,0,bidder,offense,2,0,0,0,35,0,,,,,False,False,1,26,6-5,5,14,4-4,0,True,False,,,True,,7,25,4,3,7,42.0,35.046226501464844,6.89525032043457,0.0,0.0,24,32,37,41,41,9,19.5078125,3.958680041467212,3,25|36|41,16,256,6,6,6,2.584136962890625,0.0,0.0,False,False,False,False,False,False,multi_peak_pdf,bidder_opening_lead|first_trick,bidder_first_lead_plan,hidden_threat_offline_label_ready|public_context_ready,bid_margin,True,8,2,5-4,4.3458099365234375,1,5-4,2.5394630432128906,2,5-4,4.3458099365234375
4,840704,6,sixes,84,schema_v2_bid_value,0,0,0,0,bidder,offense,2,0,0,0,35,0,,,,,False,False,1,26,6-5,6,11,4-1,5,False,False,,,True,,7,25,4,3,7,42.0,35.1802978515625,5.417630672454834,0.0,0.0,28,33,36,40,41,7,23.546875,3.8847871401312752,5,26|28|30|35|41,15,256,5,7,7,2.4500656127929688,0.0,0.0,False,False,False,False,False,False,multi_peak_pdf,bidder_opening_lead|first_trick,bidder_first_lead_plan,hidden_threat_offline_label_ready|public_context_ready,bid_margin,True,8,2,5-4,3.8528213500976562,3,5-4,2.0336036682128906,2,5-4,3.8528213500976562
4,840704,6,sixes,84,schema_v2_bid_value,1,0,1,1,left_setter,defense,3,0,0,0,35,0,7,called,0,offense,False,True,5,9,3-3,0,13,4-3,0,False,False,False,False,False,0,7,5,0,1,7,-41.0,-20.923583984375,25.21776580810547,0.65234375,0.6328125,-42,-42,-34,-5,19,37,-42.0,4.763819463076971,4,-42|-39|-34|1,43,256,2,4,2,0.2859821319580078,0.01953125,0.00390625,False,False,False,False,False,False,multi_peak_pdf|wide_shelf_gap|high_std|large_lower_tail|hidden_threat_large_impact,first_setter_response|first_trick,first_setter_pounce_window,hidden_threat_offline_label_ready|needs_real_bid_margin,bid_margin,True,8,3,6-6,34.57636812329292,2,6-6,16.906579464673996,3,6-6,32.226259127259254
4,840704,6,sixes,84,schema_v2_bid_value,1,0,1,1,left_setter,defense,3,0,0,0,35,0,7,called,0,offense,False,True,5,9,3-3,1,12,4-2,0,False,False,False,False,False,0,7,5,0,1,7,-41.0,-21.365678787231445,25.248531341552734,0.65625,0.65625,-42,-42,-35,-6,20,36,-42.0,4.7133402291692175,4,-42|-39|-34|-12,30,256,6,3,7,0.7280769348144531,0.015625,0.02734375,False,False,False,False,True,False,high_variance_close_mean|multi_peak_pdf|wide_shelf_gap|high_std|large_lower_tail|hidden_threat_large_impact,first_setter_response|first_trick,first_setter_pounce_window,hidden_threat_offline_label_ready|needs_real_bid_margin,bid_margin,True,8,3,6-6,34.931048810482025,2,6-6,17.053894460201263,3,6-6,32.52189180254936
4,840704,6,sixes,84,schema_v2_bid_value,1,0,1,1,left_setter,defense,3,0,0,0,35,0,7,called,0,offense,False,True,5,9,3-3,2,10,4-0,0,False,False,False,False,False,0,7,5,0,1,7,-41.0,-20.637601852416992,25.23320770263672,0.6640625,0.62890625,-42,-42,-33,-5,20,37,-42.0,4.893812777969325,3,-42|-39|-11,31,256,1,2,1,0.0,0.0078125,0.0,False,True,False,True,True,True,scalar_ev_lying_by_omission|high_variance_close_mean|multi_peak_pdf|wide_shelf_gap|high_std|large_lower_tail|hidden_threat_large_impact,first_setter_response|first_trick,first_setter_pounce_window,hidden_threat_offline_label_ready|needs_real_bid_margin,bid_margin,True,8,3,6-6,34.57555893063545,2,6-6,16.89398866891861,3,6-6,32.18684162199497
4,840704,6,sixes,84,schema_v2_bid_value,1,0,1,1,left_setter,defense,3,0,0,0,35,0,7,called,0,offense,False,True,5,9,3-3,3,19,5-4,0,False,False,False,False,False,0,7,5,0,1,7,-41.0,-21.264244079589844,25.201614379882812,0.64453125,0.6484375,-42,-42,-35,-6,19,36,-42.0,4.860182741688001,1,-42,,256,5,5,5,0.6266422271728516,0.02734375,0.01953125,False,False,False,False,False,False,high_std|large_lower_tail|hidden_threat_large_impact,first_setter_response|first_trick,first_setter_pounce_window,hidden_threat_offline_label_ready|needs_real_bid_margin,bid_margin,True,8,3,6-6,34.97414377331734,2,6-6,17.09146699309349,3,6-6,32.54590977728367
4,840704,6,sixes,84,schema_v2_bid_value,1,0,1,1,left_setter,defense,3,0,0,0,35,0,7,called,0,offense,False,True,5,9,3-3,4,18,5-3,0,False,False,False,False,False,0,7,5,0,1,7,-41.0,-21.223257064819336,25.06015396118164,0.64453125,0.64453125,-42,-42,-34,-6,19,36,-42.0,4.81817893020654,1,-42,,256,4,6,4,0.5856552124023438,0.02734375,0.015625,False,False,False,False,False,False,high_std|large_lower_tail|hidden_threat_large_impact,first_setter_response|first_trick,first_setter_pounce_window,hidden_threat_offline_label_ready|needs_real_bid_margin,bid_margin,True,8,3,6-6,34.72872045636177,2,6-6,17.01198586821556,3,6-6,32.3200177103281
4,840704,6,sixes,84,schema_v2_bid_value,1,0,1,1,left_setter,defense,3,0,0,0,35,0,7,called,0,offense,False,True,5,9,3-3,5,9,3-3,0,True,False,False,False,False,0,7,5,0,1,7,-41.0,-20.980928421020508,24.801177978515625,0.671875,0.6328125,-42,-42,-34,-5,19,37,-42.0,4.972460567384814,2,-42|-39,3,256,3,1,3,0.3433265686035156,0.0,0.00390625,True,False,True,False,False,False,multi_peak_pdf|high_std|large_lower_tail|hidden_threat_large_impact,first_setter_response|first_trick,first_setter_pounce_window,hidden_threat_offline_label_ready|needs_real_bid_margin,bid_margin,True,8,3,6-6,33.73774856328964,2,6-6,16.41047865152359,3,6-6,31.44577905535698
4,840704,6,sixes,84,schema_v2_bid_value,1,0,1,1,left_setter,defense,3,0,0,0,35,0,7,called,0,offense,False,True,5,9,3-3,6,8,3-2,5,False,False,False,False,False,0,7,5,0,1,7,-41.0,-21.418270111083984,25.571184158325195,0.64453125,0.65234375,-42,-42,-35,-7,21,35,-42.0,4.794932125014471,2,-42|-39,3,256,7,7,6,0.7806682586669922,0.02734375,0.0234375,False,False,False,False,True,False,high_variance_close_mean|multi_peak_pdf|high_std|large_lower_tail|hidden_threat_large_impact,first_setter_response|first_trick|setter_count_pressure,first_setter_pounce_window|setter_count_before_certainty,hidden_threat_offline_label_ready|needs_real_bid_margin,bid_margin,True,8,3,6-6,38.230483174324036,0,6-6,18.605041831731796,3,6-6,35.60829931497574
4,840704,6,sixes,84,schema_v2_bid_value,2,0,2,2,bidder_partner,offense,0,0,0,0,35,0,7,called,0,offense,True,False,2,21,6-0,0,23,6-2,0,False,True,True,False,False,40,7,5,3,0,3,42.0,5.419963836669922,29.989500045776367,0.0,0.27734375,-41,-25,10,36,41,61,-41.859375,5.518437597996987,8,-42|-35|16|21|25|36|38|41,83,256,3,1,2,0.31885766983032227,0.0,0.00390625,False,False,True,False,True,False,high_variance_close_mean|multi_peak_pdf|wide_shelf_gap|high_std|large_lower_tail|hidden_threat_large_impact,called_suit_pressure|first_trick|partner_third_seat_support,partner_third_seat_safe_donation,hidden_threat_offline_label_ready|public_context_ready,bid_margin,True,8,0,6-6,28.30909538269043,3,6-6,22.03720051050186,0,6-6,26.92237663269043
4,840704,6,sixes,84,schema_v2_bid_value,2,0,2,2,bidder_partner,offense,0,0,0,0,35,0,7,called,0,offense,True,False,2,21,6-0,1,22,6-1,0,False,True,True,False,False,39,7,5,3,0,3,42.0,5.648880481719971,29.921361923217773,0.0,0.27734375,-41,-25,10,36,41,61,-41.78125,5.526212024034511,8,-42|-35|7|13|21|36|38|41,83,256,2,2,3,0.08994102478027344,0.0,0.00390625,False,False,False,False,True,False,high_variance_close_mean|multi_peak_pdf|wide_shelf_gap|high_std|large_lower_tail|hidden_threat_large_impact,called_suit_pressure|first_trick|partner_third_seat_support,partner_third_seat_safe_donation,hidden_threat_offline_label_ready|public_context_ready,bid_margin,True,8,0,6-6,28.178725719451904,3,6-6,21.936554968357086,0,6-6,26.792006969451904
4,840704,6,sixes,84,schema_v2_bid_value,2,0,2,2,bidder_partner,offense,0,0,0,0,35,0,7,called,0,offense,True,False,2,21,6-0,2,21,6-0,0,False,True,True,False,False,38,7,5,3,0,3,42.0,5.738821506500244,29.862577438354492,0.0,0.2734375,-41,-24,11,36,41,60,-41.78125,5.565594609113467,7,-42|-35|7|13|36|38|41,83,256,1,3,1,0.0,0.0,0.0,True,True,False,True,False,True,scalar_ev_lying_by_omission|multi_peak_pdf|wide_shelf_gap|high_std|large_lower_tail|hidden_threat_large_impact,called_suit_pressure|first_trick|partner_third_seat_support,partner_third_seat_safe_donation,hidden_threat_offline_label_ready|public_context_ready,bid_margin,True,8,0,6-6,28.129394054412842,3,6-6,21.895448565483093,0,6-6,26.762206554412842
4,840704,6,sixes,84,schema_v2_bid_value,3,0,3,3,right_setter,defense,1,0,0,0,35,0,7,called,0,offense,False,True,0,6,3-0,0,6,3-0,0,False,False,False,False,False,0,7,0,0,3,7,-41.0,-38.54386520385742,7.585996627807617,0.27734375,0.953125,-42,-42,-42,-41,-25,1,-42.0,2.2004287893001586,2,-42|-39,3,256,1,1,1,0.0,0.0,0.0,True,True,True,True,True,False,high_variance_close_mean|multi_peak_pdf|large_lower_tail|hidden_threat_large_impact,defender_last_to_act_closure|first_trick|last_to_act,last_to_act_closure_policy,hidden_threat_offline_label_ready|public_context_ready,bid_margin,True,8,1,5-5,7.3257211446762085,0,5-5,5.112859937362373,1,5-5,7.0383570194244385
4,840704,6,sixes,84,schema_v2_bid_value,3,0,3,3,right_setter,defense,1,0,0,0,35,0,7,called,0,offense,False,True,0,6,3-0,1,5,2-2,0,True,False,False,False,False,0,7,0,0,3,7,-41.0,-38.92869567871094,6.951094627380371,0.23828125,0.97265625,-42,-42,-42,-41,-29,1,-42.0,2.138608064406955,1,-42,,256,7,7,6,0.3848304748535156,0.0390625,0.01953125,False,False,False,False,False,False,large_lower_tail|hidden_threat_large_impact,defender_last_to_act_closure|first_trick|last_to_act,last_to_act_closure_policy,hidden_threat_offline_label_ready|public_context_ready,bid_margin,True,8,1,5-5,6.419454038143158,0,5-5,4.338033887557685,1,5-5,6.251824915409088
4,840704,6,sixes,84,schema_v2_bid_value,3,0,3,3,right_setter,defense,1,0,0,0,35,0,7,called,0,offense,False,True,0,6,3-0,2,4,2-1,0,False,False,False,False,False,0,7,0,0,3,7,-41.0,-38.66569519042969,7.4381632804870605,0.25,0.9609375,-42,-42,-42,-41,-25,1,-42.0,2.1841411161842155,1,-42,,256,3,4,4,0.12182998657226562,0.02734375,0.0078125,False,False,False,False,True,False,high_variance_close_mean|large_lower_tail|hidden_threat_large_impact,defender_last_to_act_closure|first_trick|last_to_act,last_to_act_closure_policy,hidden_threat_offline_label_ready|public_context_ready,bid_margin,True,8,1,5-5,6.853411674499512,0,5-5,4.778387281112373,1,5-5,6.613941669464111
4,840704,6,sixes,84,schema_v2_bid_value,3,0,3,3,right_setter,defense,1,0,0,0,35,0,7,called,0,offense,False,True,0,6,3-0,3,3,2-0,0,False,False,False,False,False,0,7,0,0,3,7,-41.0,-38.61334228515625,7.507843494415283,0.26171875,0.95703125,-42,-42,-42,-41,-25,1,-42.0,2.1603135166915988,1,-42,,256,2,2,2,0.06947708129882812,0.015625,0.00390625,False,False,False,False,True,False,high_variance_close_mean|large_lower_tail|hidden_threat_large_impact,defender_last_to_act_closure|first_trick|last_to_act,last_to_act_closure_policy,hidden_threat_offline_label_ready|public_context_ready,bid_margin,True,8,1,5-5,7.014607310295105,0,5-5,4.92455122154206,1,5-5,6.75119024515152
4,840704,6,sixes,84,schema_v2_bid_value,3,0,3,3,right_setter,defense,1,0,0,0,35,0,7,called,0,offense,False,True,0,6,3-0,4,2,1-1,0,True,False,False,False,False,0,7,0,0,3,7,-41.0,-38.875221252441406,7.143270969390869,0.25,0.96875,-42,-42,-42,-41,-27,1,-42.0,2.0813347012589887,2,-42|-37,5,256,6,5,5,0.3313560485839844,0.02734375,0.015625,False,False,False,False,False,False,multi_peak_pdf|large_lower_tail|hidden_threat_large_impact,defender_last_to_act_closure|first_trick|last_to_act,last_to_act_closure_policy,hidden_threat_offline_label_ready|public_context_ready,bid_margin,True,8,1,5-5,6.607882499694824,0,5-5,4.48961469810456,1,5-5,6.41630631685257
4,840704,6,sixes,84,schema_v2_bid_value,3,0,3,3,right_setter,defense,1,0,0,0,35,0,7,called,0,offense,False,True,0,6,3-0,5,1,1-0,0,False,False,False,False,False,0,7,0,0,3,7,-41.0,-38.719913482666016,7.384883403778076,0.25,0.95703125,-42,-42,-42,-41,-26,1,-42.0,2.177705613187552,1,-42,,256,5,6,3,0.17604827880859375,0.02734375,0.00390625,False,False,False,False,False,False,large_lower_tail|hidden_threat_large_impact,defender_last_to_act_closure|first_trick|last_to_act,last_to_act_closure_policy,hidden_threat_offline_label_ready|public_context_ready,bid_margin,True,8,1,5-5,6.92416787147522,0,5-5,4.76484892051667,1,5-5,6.6607508063316345
4,840704,6,sixes,84,schema_v2_bid_value,3,0,3,3,right_setter,defense,1,0,0,0,35,0,7,called,0,offense,False,True,0,6,3-0,6,0,0-0,0,True,False,False,False,False,0,7,0,0,3,7,-41.0,-38.717002868652344,7.312384128570557,0.25390625,0.97265625,-42,-42,-42,-41,-26,1,-42.0,2.182616274287484,3,-42|-39|-20,22,256,4,3,7,0.17313766479492188,0.0234375,0.01953125,False,False,False,False,False,False,multi_peak_pdf|wide_shelf_gap|large_lower_tail|hidden_threat_large_impact,defender_last_to_act_closure|first_trick|last_to_act,last_to_act_closure_policy,hidden_threat_offline_label_ready|public_context_ready,bid_margin,True,8,1,5-5,6.686140418052673,0,5-5,4.628477307967842,1,5-5,6.5185112953186035
4,840704,6,sixes,84,schema_v2_bid_value,4,1,0,0,bidder,offense,2,1,0,0,35,0,,,,,False,False,5,14,4-4,0,27,6-6,0,True,True,,,True,,6,25,3,3,6,42.0,41.19184875488281,0.6606022715568542,0.0,0.0,41,41,41,41,41,0,39.4375,0.9643891357547855,1,41,,256,3,1,1,0.0788116455078125,0.0,0.0,False,False,True,True,False,False,,called_suit_pressure,first_trick_public_belief_update,hidden_threat_offline_label_ready|public_context_ready,bid_margin,True,8,2,4-2,0.2971916198730469,2,4-2,0.2971916198730469,2,5-4,0.2861595153808594
4,840704,6,sixes,84,schema_v2_bid_value,4,1,0,0,bidder,offense,2,1,0,0,35,0,,,,,False,False,5,14,4-4,2,25,6-4,10,False,True,,,True,,6,25,3,3,6,42.0,41.270660400390625,0.5386519432067871,0.0,0.0,41,41,41,42,42,1,39.984375,1.379983738966145,1,41,,256,1,2,2,0.0,0.0,0.0,False,True,False,False,False,True,scalar_ev_lying_by_omission,called_suit_pressure,first_trick_public_belief_update,hidden_threat_offline_label_ready|public_context_ready,bid_margin,True,8,2,4-2,0.2589988708496094,2,4-2,0.2589988708496094,2,5-4,0.24103164672851562
4,840704,6,sixes,84,schema_v2_bid_value,4,1,0,0,bidder,offense,2,1,0,0,35,0,,,,,False,False,5,14,4-4,3,24,6-3,0,False,True,,,True,,6,25,3,3,6,42.0,41.18231201171875,0.6780114769935608,0.0,0.0,41,41,41,41,41,0,39.3984375,0.8914730525555908,1,41,,256,4,3,3,0.088348388671875,0.0,0.0,False,False,False,False,False,False,,called_suit_pressure,first_trick_public_belief_update,hidden_threat_offline_label_ready|public_context_ready,bid_margin,True,8,2,4-2,0.3101921081542969,2,4-2,0.3101921081542969,2,5-4,0.28939056396484375
4,840704,6,sixes,84,schema_v2_bid_value,4,1,0,0,bidder,offense,2,1,0,0,35,0,,,,,False,False,5,14,4-4,4,20,5-5,10,True,False,,,True,,6,25,3,3,6,42.0,41.214534759521484,0.6990777850151062,0.0,0.0,41,41,42,42,42,1,39.5546875,1.4633899218108524,1,42,,256,2,4,4,0.056125640869140625,0.0,0.0,False,False,False,False,True,False,high_variance_close_mean,,first_trick_public_belief_update,hidden_threat_offline_label_ready|public_context_ready,bid_margin,True,8,2,4-2,0.3484230041503906,2,4-2,0.3484230041503906,2,5-4,0.30384063720703125
4,840704,6,sixes,84,schema_v2_bid_value,4,1,0,0,bidder,offense,2,1,0,0,35,0,,,,,False,False,5,14,4-4,5,14,4-4,0,True,False,,,True,,6,25,3,3,6,42.0,41.00993728637695,1.08628511428833,0.0,0.0,40,41,42,42,42,1,38.515625,1.7619610159120052,2,38|42,4,256,5,5,5,0.2607231140136719,0.0,0.0,True,False,False,False,True,False,high_variance_close_mean|multi_peak_pdf,,first_trick_public_belief_update,hidden_threat_offline_label_ready|public_context_ready,bid_margin,True,8,2,4-0,0.6118736267089844,2,4-0,0.6118736267089844,2,5-4,0.5237236022949219
4,840704,6,sixes,84,schema_v2_bid_value,4,1,0,0,bidder,offense,2,1,0,0,35,0,,,,,False,False,5,14,4-4,6,11,4-1,5,False,False,,,True,,6,25,3,3,6,42.0,34.83580017089844,7.935714244842529,0.0,0.0,23,29,41,42,42,13,19.6015625,2.957648554647545,4,19|21|29|42,23,256,6,6,6,6.4348602294921875,0.0,0.0,False,False,False,False,False,False,multi_peak_pdf|wide_shelf_gap|hidden_threat_large_impact,,first_trick_public_belief_update,hidden_threat_offline_label_ready|public_context_ready,bid_margin,True,8,2,4-2,7.0929412841796875,2,4-2,7.0929412841796875,2,5-4,6.700145721435547
4,840704,6,sixes,84,schema_v2_bid_value,5,1,1,1,left_setter,defense,3,1,0,0,35,0,4,4,0,offense,False,True,2,10,4-0,0,13,4-3,0,False,False,True,False,False,23,6,5,0,0,4,-41.0,-41.253700256347656,3.056438446044922,0.0859375,0.99609375,-42,-42,-42,-42,-42,0,-42.0,0.7387756091958084,1,-42,,256,2,1,1,0.04404449462890625,0.0,0.0,False,False,True,True,True,False,high_variance_close_mean|large_lower_tail,,first_trick_public_belief_update,hidden_threat_offline_label_ready|public_context_ready,bid_margin,True,8,0,3-0,4.89752584695816,2,1-1,1.0497207641601562,0,3-0,4.85846334695816
4,840704,6,sixes,84,schema_v2_bid_value,5,1,1,1,left_setter,defense,3,1,0,0,35,0,4,4,0,offense,False,True,2,10,4-0,1,12,4-2,0,False,False,True,False,False,22,6,5,0,0,4,-41.0,-41.25730514526367,3.024279832839966,0.0859375,0.99609375,-42,-42,-42,-42,-42,0,-42.0,0.7385707271463908,1,-42,,256,3,2,2,0.047649383544921875,0.0,0.0,False,False,False,False,False,False,large_lower_tail,,first_trick_public_belief_update,hidden_threat_offline_label_ready|public_context_ready,bid_margin,True,8,0,3-0,4.770214140415192,2,1-1,1.0518875122070312,0,3-0,4.731151640415192
4,840704,6,sixes,84,schema_v2_bid_value,5,1,1,1,left_setter,defense,3,1,0,0,35,0,4,4,0,offense,False,True,2,10,4-0,2,10,4-0,0,False,False,True,False,False,20,6,5,0,0,4,-41.0,-41.20965576171875,3.1233582496643066,0.0859375,0.99609375,-42,-42,-42,-42,-41,0,-42.0,0.8054419611043326,1,-42,,256,1,3,3,0.0,0.0,0.0,True,True,False,False,True,True,scalar_ev_lying_by_omission|high_variance_close_mean|large_lower_tail,,first_trick_public_belief_update,hidden_threat_offline_label_ready|public_context_ready,bid_margin,True,8,0,3-0,4.813396513462067,2,1-1,1.1014633178710938,0,3-0,4.774334013462067
4,840704,6,sixes,84,schema_v2_bid_value,5,1,1,1,left_setter,defense,3,1,0,0,35,0,4,4,0,offense,False,True,2,10,4-0,3,19,5-4,0,False,False,True,False,False,25,6,5,0,0,4,-41.0,-41.26166534423828,2.9847986698150635,0.0859375,0.99609375,-42,-42,-42,-42,-42,0,-42.0,0.7495368885011345,1,-42,,256,4,4,4,0.05200958251953125,0.0,0.0,False,False,False,False,False,False,large_lower_tail,,first_trick_public_belief_update,hidden_threat_offline_label_ready|public_context_ready,bid_margin,True,8,0,3-0,4.884323179721832,2,1-1,1.0481147766113281,0,3-0,4.845260679721832
4,840704,6,sixes,84,schema_v2_bid_value,6,1,2,2,bidder_partner,offense,0,1,0,0,35,0,4,4,0,offense,True,False,3,17,5-2,0,23,6-2,0,False,True,False,True,True,40,6,5,2,0,6,42.0,36.30449676513672,8.514068603515625,0.0,0.0,20,36,41,41,42,5,15.546875,3.428586933575786,3,20|32|41,21,256,2,1,1,0.11767578125,0.0,0.0,False,False,True,True,False,False,multi_peak_pdf|wide_shelf_gap|hidden_threat_large_impact,called_suit_pressure,first_trick_public_belief_update,hidden_threat_offline_label_ready|public_context_ready,bid_margin,True,8,0,5-4,18.366878509521484,0,5-4,18.366878509521484,0,1-1,3.9575538635253906
4,840704,6,sixes,84,schema_v2_bid_value,6,1,2,2,bidder_partner,offense,0,1,0,0,35,0,4,4,0,offense,True,False,3,17,5-2,1,22,6-1,0,False,True,False,True,True,39,6,5,2,0,6,42.0,36.42217254638672,8.505696296691895,0.0,0.0,20,36,41,41,42,5,15.546875,3.3986090919009193,4,20|32|37|41,21,256,1,2,2,0.0,0.0,0.0,False,True,False,False,False,True,scalar_ev_lying_by_omission|multi_peak_pdf|wide_shelf_gap|hidden_threat_large_impact,called_suit_pressure,first_trick_public_belief_update,hidden_threat_offline_label_ready|public_context_ready,bid_margin,True,8,0,5-4,18.381187438964844,0,5-4,18.381187438964844,0,1-1,3.9724655151367188
4,840704,6,sixes,84,schema_v2_bid_value,6,1,2,2,bidder_partner,offense,0,1,0,0,35,0,4,4,0,offense,True,False,3,17,5-2,3,17,5-2,0,False,False,False,False,False,0,6,5,2,0,6,42.0,35.47642517089844,9.558649063110352,0.0,0.0,18,32,41,42,42,10,13.1171875,3.4653854897576104,3,32|39|42,10,256,3,3,3,0.9457473754882812,0.0,0.0,True,False,False,False,True,False,high_variance_close_mean|multi_peak_pdf|hidden_threat_large_impact,,first_trick_public_belief_update,hidden_threat_offline_label_ready|public_context_ready,bid_margin,True,8,0,5-4,15.361248016357422,0,5-4,15.361248016357422,0,4-2,4.6776580810546875
4,840704,6,sixes,84,schema_v2_bid_value,6,1,2,2,bidder_partner,offense,0,1,0,0,35,0,4,4,0,offense,True,False,3,17,5-2,4,16,5-1,0,False,False,False,False,False,0,6,5,2,0,6,42.0,33.82749938964844,10.930603981018066,0.0,0.0,15,28,40,42,42,14,9.0234375,3.8942871468367724,4,31|35|37|42,11,256,5,4,4,2.5946731567382812,0.0,0.0,False,False,False,False,False,False,multi_peak_pdf|hidden_threat_large_impact,,first_trick_public_belief_update,hidden_threat_offline_label_ready|public_context_ready,bid_margin,True,8,0,5-4,14.804399490356445,0,5-4,14.804399490356445,0,5-5,6.236255645751953
4,840704,6,sixes,84,schema_v2_bid_value,6,1,2,2,bidder_partner,offense,0,1,0,0,35,0,4,4,0,offense,True,False,3,17,5-2,5,15,5-0,5,False,False,False,False,False,0,6,5,2,0,6,42.0,34.99106979370117,9.409773826599121,0.0,0.0,19,31,41,42,42,11,13.921875,3.6596775905142116,5,19|31|33|35|42,23,256,4,5,5,1.4311027526855469,0.0,0.0,False,False,False,False,False,False,multi_peak_pdf|wide_shelf_gap|hidden_threat_large_impact,partner_count_donation,first_trick_public_belief_update|partner_forcedness_and_safety,hidden_threat_offline_label_ready|needs_belief_model|public_context_ready,bid_margin,True,8,0,5-4,13.25943374633789,0,5-4,13.25943374633789,0,5-5,5.484859466552734
4,840704,6,sixes,84,schema_v2_bid_value,6,1,2,2,bidder_partner,offense,0,1,0,0,35,0,4,4,0,offense,True,False,3,17,5-2,6,7,3-1,0,False,False,False,False,False,0,6,5,2,0,6,42.0,33.31722640991211,12.051457405090332,0.0,0.0,13,22,41,42,42,20,7.7265625,3.3934896318975456,3,17|19|42,25,256,6,6,6,3.1049461364746094,0.0,0.0,False,False,False,False,False,False,multi_peak_pdf|wide_shelf_gap|hidden_threat_large_impact,,first_trick_public_belief_update,hidden_threat_offline_label_ready|public_context_ready,bid_margin,True,8,0,5-4,16.18096160888672,0,5-4,16.18096160888672,0,5-5,8.149860382080078
4,840704,6,sixes,84,schema_v2_bid_value,7,1,3,3,right_setter,defense,1,1,0,0,35,0,4,4,0,offense,False,True,3,3,2-0,1,5,2-2,0,True,False,False,False,False,0,6,0,0,3,6,-41.0,-40.21673583984375,5.301386833190918,0.171875,0.984375,-42,-42,-42,-42,-37,0,-42.0,1.4481434753952303,1,-42,,256,6,1,1,0.09215545654296875,0.0,0.0,False,False,True,True,False,False,large_lower_tail,last_to_act,first_trick_public_belief_update|last_to_act_closure_policy,hidden_threat_offline_label_ready|public_context_ready,bid_margin,True,8,0,5-0,4.517978370189667,0,5-5,2.781536102294922,0,5-0,4.218744874000549
4,840704,6,sixes,84,schema_v2_bid_value,7,1,3,3,right_setter,defense,1,1,0,0,35,0,4,4,0,offense,False,True,3,3,2-0,2,4,2-1,0,False,False,False,False,False,0,6,0,0,3,6,-41.0,-40.14734649658203,5.395644664764404,0.171875,0.984375,-42,-42,-42,-42,-37,0,-42.0,1.4470087329911157,1,-42,,256,4,2,2,0.02276611328125,0.0,0.0,False,False,False,False,False,False,large_lower_tail,last_to_act,first_trick_public_belief_update|last_to_act_closure_policy,hidden_threat_offline_label_ready|public_context_ready,bid_margin,True,8,0,5-0,4.609012305736542,0,5-5,2.8490219116210938,0,5-0,4.309778809547424
4,840704,6,sixes,84,schema_v2_bid_value,7,1,3,3,right_setter,defense,1,1,0,0,35,0,4,4,0,offense,False,True,3,3,2-0,3,3,2-0,0,False,False,False,False,False,0,6,0,0,3,6,-41.0,-40.12458038330078,5.4339118003845215,0.171875,0.984375,-42,-42,-42,-42,-36,0,-42.0,1.4548212329911157,1,-42,,256,1,3,3,0.0,0.0,0.0,True,True,False,False,True,True,scalar_ev_lying_by_omission|high_variance_close_mean|large_lower_tail,last_to_act,first_trick_public_belief_update|last_to_act_closure_policy,hidden_threat_offline_label_ready|public_context_ready,bid_margin,True,8,0,5-0,4.628722846508026,0,5-5,2.8732032775878906,0,5-0,4.329489350318909
4,840704,6,sixes,84,schema_v2_bid_value,7,1,3,3,right_setter,defense,1,1,0,0,35,0,4,4,0,offense,False,True,3,3,2-0,4,2,1-1,0,True,False,False,False,False,0,6,0,0,3,6,-41.0,-40.159019470214844,5.383697986602783,0.171875,0.984375,-42,-42,-42,-42,-36,0,-42.0,1.4548212329911157,1,-42,,256,5,4,4,0.0344390869140625,0.0,0.0,False,False,False,False,False,False,large_lower_tail,last_to_act,first_trick_public_belief_update|last_to_act_closure_policy,hidden_threat_offline_label_ready|public_context_ready,bid_margin,True,8,0,5-0,4.571357429027557,0,5-5,2.8352508544921875,0,5-0,4.27212393283844
4,840704,6,sixes,84,schema_v2_bid_value,7,1,3,3,right_setter,defense,1,1,0,0,35,0,4,4,0,offense,False,True,3,3,2-0,5,1,1-0,0,False,False,False,False,False,0,6,0,0,3,6,-41.0,-40.125484466552734,5.4412946701049805,0.171875,0.984375,-42,-42,-42,-42,-36,0,-42.0,1.4470087329911157,1,-42,,256,2,5,5,0.000904083251953125,0.0,0.0,False,False,False,False,True,False,high_variance_close_mean|large_lower_tail,last_to_act,first_trick_public_belief_update|last_to_act_closure_policy,hidden_threat_offline_label_ready|public_context_ready,bid_margin,True,8,0,5-0,4.621234595775604,0,5-5,2.8707122802734375,0,5-0,4.322001099586487
4,840704,6,sixes,84,schema_v2_bid_value,7,1,3,3,right_setter,defense,1,1,0,0,35,0,4,4,0,offense,False,True,3,3,2-0,6,0,0-0,0,True,False,False,False,False,0,6,0,0,3,6,-41.0,-40.125946044921875,5.442360877990723,0.171875,0.984375,-42,-42,-42,-42,-36,0,-42.0,1.4581601117890584,1,-42,,256,3,6,6,0.00136566162109375,0.0,0.0,False,False,False,False,True,False,high_variance_close_mean|large_lower_tail,last_to_act,first_trick_public_belief_update|last_to_act_closure_policy,hidden_threat_offline_label_ready|public_context_ready,bid_margin,True,8,0,5-0,4.635081946849823,0,5-5,2.8705711364746094,0,5-0,4.335848450660706
4,840704,6,sixes,84,schema_v2_bid_value,8,2,0,0,bidder,offense,2,2,0,0,35,0,,,,,False,False,6,11,4-1,0,27,6-6,0,True,True,,,True,,5,25,3,2,5,42.0,41.40992736816406,0.032604776322841644,0.0,0.0,41,41,41,41,41,0,41.0,-0.0,1,41,,256,4,1,1,0.09505462646484375,0.0,0.0,False,False,True,True,True,False,high_variance_close_mean,called_suit_pressure,first_trick_public_belief_update,hidden_threat_offline_label_ready|public_context_ready,bid_margin,True,8,2,1-0,0.02751922607421875,2,1-1,0.024272918701171875,2,1-0,0.02751922607421875
4,840704,6,sixes,84,schema_v2_bid_value,8,2,0,0,bidder,offense,2,2,0,0,35,0,,,,,False,False,6,11,4-1,2,25,6-4,10,False,True,,,True,,5,25,3,2,5,42.0,41.46316146850586,0.02757962793111801,0.0,0.0,41,41,41,41,42,0,41.0,0.4739291234809583,1,41,,256,3,2,2,0.041820526123046875,0.0,0.0,False,False,False,False,False,False,,called_suit_pressure,first_trick_public_belief_update,hidden_threat_offline_label_ready|public_context_ready,bid_margin,True,8,2,1-1,0.02202606201171875,2,1-1,0.02202606201171875,2,1-0,0.02112579345703125
4,840704,6,sixes,84,schema_v2_bid_value,8,2,0,0,bidder,offense,2,2,0,0,35,0,,,,,False,False,6,11,4-1,3,24,6-3,0,False,True,,,True,,5,25,3,2,5,42.0,41.40586853027344,0.03580925241112709,0.0,0.0,41,41,41,41,41,0,41.0,0.03687450625387197,1,41,,256,5,3,3,0.09911346435546875,0.0,0.0,False,False,False,False,True,False,high_variance_close_mean,called_suit_pressure,first_trick_public_belief_update,hidden_threat_offline_label_ready|public_context_ready,bid_margin,True,8,2,1-0,0.0320587158203125,2,1-1,0.028507232666015625,2,1-0,0.0320587158203125
4,840704,6,sixes,84,schema_v2_bid_value,8,2,0,0,bidder,offense,2,2,0,0,35,0,,,,,False,False,6,11,4-1,4,20,5-5,10,True,False,,,True,,5,25,3,2,5,42.0,41.49314498901367,0.024496527388691902,0.0,0.0,41,41,41,42,42,1,41.0,0.9823166080205501,1,41,,256,2,4,4,0.011837005615234375,0.0,0.0,False,False,False,False,False,False,,,first_trick_public_belief_update,hidden_threat_offline_label_ready|public_context_ready,bid_margin,True,8,2,1-0,0.018085479736328125,3,5-1,0.011241912841796875,2,1-0,0.018085479736328125
4,840704,6,sixes,84,schema_v2_bid_value,8,2,0,0,bidder,offense,2,2,0,0,35,0,,,,,False,False,6,11,4-1,6,11,4-1,5,False,False,,,True,,5,25,3,2,5,42.0,41.504981994628906,0.0250701941549778,0.0,0.0,41,41,42,42,42,1,41.0,0.9626493634223954,1,42,,256,1,5,5,0.0,0.0,0.0,True,True,False,False,False,True,scalar_ev_lying_by_omission,,first_trick_public_belief_update,hidden_threat_offline_label_ready|public_context_ready,bid_margin,True,8,2,5-0,0.0134429931640625,2,5-0,0.0134429931640625,2,5-1,0.0132598876953125
4,840704,6,sixes,84,schema_v2_bid_value,9,2,1,1,left_setter,defense,3,2,0,5,30,5,4,4,0,offense,False,True,0,13,4-3,0,13,4-3,0,False,False,True,True,True,23,5,5,0,0,3,-41.0,-40.54305648803711,4.914427280426025,0.046875,0.98046875,-41,-41,-41,-41,-41,0,-41.703125,0.7482810775657704,1,-41,,256,2,1,2,0.007541656494140625,0.0,0.00390625,True,False,True,False,True,False,high_variance_close_mean|large_lower_tail|hidden_threat_large_impact,,first_trick_public_belief_update,hidden_threat_offline_label_ready|public_context_ready,bid_margin,True,8,0,2-0,8.769781291484833,0,1-1,1.3029022216796875,0,2-0,8.311882019042969
4,840704,6,sixes,84,schema_v2_bid_value,9,2,1,1,left_setter,defense,3,2,0,5,30,5,4,4,0,offense,False,True,0,13,4-3,1,12,4-2,0,False,False,True,True,True,22,5,5,0,0,3,-41.0,-40.633216857910156,4.611344337463379,0.046875,0.98046875,-41,-41,-41,-41,-41,0,-41.9375,0.8284357299024313,1,-41,,256,3,2,3,0.0977020263671875,0.0,0.00390625,False,False,False,False,False,False,large_lower_tail|hidden_threat_large_impact,,first_trick_public_belief_update,hidden_threat_offline_label_ready|public_context_ready,bid_margin,True,8,0,2-0,8.816492259502411,0,1-1,1.2218208312988281,0,2-0,8.358592987060547
4,840704,6,sixes,84,schema_v2_bid_value,9,2,1,1,left_setter,defense,3,2,0,5,30,5,4,4,0,offense,False,True,0,13,4-3,3,19,5-4,0,False,False,True,True,True,25,5,5,0,0,3,-41.0,-40.53551483154297,4.9955339431762695,0.046875,0.9765625,-41,-41,-41,-41,-41,0,-41.9765625,0.8408186358517317,1,-41,,256,1,3,1,0.0,0.0,0.0,False,True,False,True,True,True,scalar_ev_lying_by_omission|high_variance_close_mean|large_lower_tail|hidden_threat_large_impact,,first_trick_public_belief_update,hidden_threat_offline_label_ready|public_context_ready,bid_margin,True,8,0,2-0,8.617796123027802,0,1-1,1.3587532043457031,0,2-0,8.179428100585938
4,840704,6,sixes,84,schema_v2_bid_value,10,2,2,2,bidder_partner,offense,0,2,0,5,30,5,4,4,1,defense,False,True,1,22,6-1,0,23,6-2,0,False,True,False,True,True,40,5,5,2,0,5,42.0,35.65870666503906,8.067339897155762,0.0,0.0,22,29,41,41,41,12,19.3828125,2.283642203480214,5,16|22|27|29|41,25,256,2,1,1,0.06441116333007812,0.0,0.0,False,False,True,True,False,False,multi_peak_pdf|wide_shelf_gap|hidden_threat_large_impact,called_suit_pressure,first_trick_public_belief_update,hidden_threat_offline_label_ready|public_context_ready,bid_margin,True,8,0,5-4,13.041681289672852,0,5-4,13.041681289672852,0,2-1,5.550075531005859
4,840704,6,sixes,84,schema_v2_bid_value,10,2,2,2,bidder_partner,offense,0,2,0,5,30,5,4,4,1,defense,False,True,1,22,6-1,1,22,6-1,0,False,True,False,True,True,39,5,5,2,0,5,42.0,35.72311782836914,8.040290832519531,0.0,0.0,22,29,41,41,41,12,19.3828125,2.282000372374462,5,16|22|27|29|41,25,256,1,2,2,0.0,0.0,0.0,True,True,False,False,False,True,scalar_ev_lying_by_omission|multi_peak_pdf|wide_shelf_gap|hidden_threat_large_impact,called_suit_pressure,first_trick_public_belief_update,hidden_threat_offline_label_ready|public_context_ready,bid_margin,True,8,0,5-4,13.087484359741211,0,5-4,13.087484359741211,0,2-1,5.519966125488281
4,840704,6,sixes,84,schema_v2_bid_value,10,2,2,2,bidder_partner,offense,0,2,0,5,30,5,4,4,1,defense,False,True,1,22,6-1,4,16,5-1,0,False,False,False,False,False,0,5,5,2,0,5,42.0,8.316625595092773,11.397500991821289,0.0,0.0,-11,5,8,20,23,15,-12.171875,4.181989023512141,9,-11|-1|3|6|8|12|20|22|29,40,256,4,3,3,27.406492233276367,0.0,0.0,False,False,False,False,False,False,multi_peak_pdf|wide_shelf_gap|hidden_threat_large_impact,,first_trick_public_belief_update,hidden_threat_offline_label_ready|public_context_ready,bid_margin,True,8,0,5-3,17.85577964782715,0,5-3,17.85577964782715,0,5-5,14.178661346435547
4,840704,6,sixes,84,schema_v2_bid_value,10,2,2,2,bidder_partner,offense,0,2,0,5,30,5,4,4,1,defense,False,True,1,22,6-1,5,15,5-0,5,False,False,False,False,False,0,5,5,2,0,5,42.0,-0.19194424152374268,8.612651824951172,0.0,0.0,-11,-4,-3,9,10,13,-13.1484375,3.7533784923521787,6,-13|-11|-5|-3|-1|10,23,256,5,4,4,35.91506206989288,0.0,0.0,False,False,False,False,False,False,multi_peak_pdf|wide_shelf_gap|hidden_threat_large_impact,partner_count_donation,first_trick_public_belief_update|partner_forcedness_and_safety,hidden_threat_offline_label_ready|needs_belief_model|public_context_ready,bid_margin,True,8,0,5-5,11.41178047657013,0,5-3,9.237486720085144,0,5-5,11.41178047657013
4,840704,6,sixes,84,schema_v2_bid_value,10,2,2,2,bidder_partner,offense,0,2,0,5,30,5,4,4,1,defense,False,True,1,22,6-1,6,7,3-1,0,False,False,False,False,False,0,5,5,2,0,5,42.0,10.647154808044434,8.872713088989258,0.0,0.0,2,5,8,20,23,15,-2.7265624999999996,4.035849631111421,7,0|4|8|11|20|23|29,29,256,3,5,5,25.075963020324707,0.0,0.0,False,False,False,False,False,False,multi_peak_pdf|wide_shelf_gap|hidden_threat_large_impact,,first_trick_public_belief_update,hidden_threat_offline_label_ready|public_context_ready,bid_margin,True,8,0,1-0,12.642133831977844,0,1-0,12.642133831977844,0,5-5,12.262528419494629
4,840704,6,sixes,84,schema_v2_bid_value,11,2,3,3,right_setter,defense,1,2,0,5,30,5,4,4,2,offense,False,True,4,2,1-1,1,5,2-2,0,True,False,False,False,False,0,5,0,0,3,5,-41.0,-37.39734649658203,9.454652786254883,0.21484375,0.92578125,-42,-42,-42,-41,-19,1,-42.0,2.182774009295863,3,-42|-19|-9,33,256,5,1,2,0.045074462890625,0.0,0.00390625,False,False,True,False,False,False,multi_peak_pdf|wide_shelf_gap|large_lower_tail|hidden_threat_large_impact,last_to_act,first_trick_public_belief_update|last_to_act_closure_policy,hidden_threat_offline_label_ready|public_context_ready,bid_margin,True,8,2,5-0,7.4854066371917725,2,5-5,5.825194024480879,2,5-0,6.9537224769592285
4,840704,6,sixes,84,schema_v2_bid_value,11,2,3,3,right_setter,defense,1,2,0,5,30,5,4,4,2,offense,False,True,4,2,1-1,2,4,2-1,0,False,False,False,False,False,0,5,0,0,3,5,-41.0,-37.39398956298828,9.443642616271973,0.21484375,0.92578125,-42,-42,-42,-41,-19,1,-42.0,2.263776085104203,3,-42|-19|-9,33,256,4,2,3,0.041717529296875,0.0,0.00390625,False,False,False,False,False,False,multi_peak_pdf|wide_shelf_gap|large_lower_tail|hidden_threat_large_impact,last_to_act,first_trick_public_belief_update|last_to_act_closure_policy,hidden_threat_offline_label_ready|public_context_ready,bid_margin,True,8,2,5-0,7.495893239974976,2,5-5,5.822710656560957,2,5-0,6.964209079742432
4,840704,6,sixes,84,schema_v2_bid_value,11,2,3,3,right_setter,defense,1,2,0,5,30,5,4,4,2,offense,False,True,4,2,1-1,4,2,1-1,0,True,False,False,False,False,0,5,0,0,3,5,-41.0,-37.364864349365234,9.480884552001953,0.21484375,0.921875,-42,-42,-42,-41,-19,1,-42.0,2.2612176432713653,3,-42|-19|-9,33,256,2,3,1,0.012592315673828125,0.0,0.0,True,False,False,True,True,False,high_variance_close_mean|multi_peak_pdf|wide_shelf_gap|large_lower_tail|hidden_threat_large_impact,last_to_act,first_trick_public_belief_update|last_to_act_closure_policy,hidden_threat_offline_label_ready|public_context_ready,bid_margin,True,8,2,5-0,7.486764669418335,2,5-5,5.885210656560957,2,5-0,6.974611759185791
4,840704,6,sixes,84,schema_v2_bid_value,11,2,3,3,right_setter,defense,1,2,0,5,30,5,4,4,2,offense,False,True,4,2,1-1,5,1,1-0,0,False,False,False,False,False,0,5,0,0,3,5,-41.0,-37.385276794433594,9.447563171386719,0.21484375,0.92578125,-42,-42,-42,-41,-19,1,-42.0,2.271103494320278,3,-42|-19|-9,33,256,3,4,4,0.0330047607421875,0.0,0.00390625,False,False,False,False,False,False,multi_peak_pdf|wide_shelf_gap|large_lower_tail|hidden_threat_large_impact,last_to_act,first_trick_public_belief_update|last_to_act_closure_policy,hidden_threat_offline_label_ready|public_context_ready,bid_margin,True,8,2,5-0,7.520211935043335,2,5-5,5.823290490545332,2,5-0,6.988527774810791
4,840704,6,sixes,84,schema_v2_bid_value,11,2,3,3,right_setter,defense,1,2,0,5,30,5,4,4,2,offense,False,True,4,2,1-1,6,0,0-0,0,True,False,False,False,False,0,5,0,0,3,5,-41.0,-37.352272033691406,9.514453887939453,0.21484375,0.92578125,-42,-42,-42,-41,-19,1,-42.0,2.231182051030952,3,-42|-19|-9,33,256,1,5,5,0.0,0.0,0.00390625,False,True,False,False,True,True,scalar_ev_lying_by_omission|high_variance_close_mean|multi_peak_pdf|wide_shelf_gap|large_lower_tail|hidden_threat_large_impact,last_to_act,first_trick_public_belief_update|last_to_act_closure_policy,hidden_threat_offline_label_ready|public_context_ready,bid_margin,True,8,2,5-0,7.555253744125366,2,5-5,5.853483819402754,2,5-0,7.023569583892822
4,840704,6,sixes,84,schema_v2_bid_value,12,3,0,2,bidder_partner,offense,0,8,0,5,30,0,,,,,False,False,6,7,3-1,0,23,6-2,0,False,True,,,True,,4,5,1,0,4,42.0,20.55298614501953,11.0448579788208,0.0,0.0,7,13,15,34,36,21,4.578125,3.7481339532593974,7,3|5|8|14|24|34|36,33,256,4,1,1,9.812381744384766,0.0,0.0,False,False,True,True,False,False,multi_peak_pdf|wide_shelf_gap|hidden_threat_large_impact,called_suit_pressure,first_trick_public_belief_update,hidden_threat_offline_label_ready|public_context_ready,bid_margin,True,8,0,5-5,16.43609619140625,0,5-3,10.507429122924805,0,5-5,16.43609619140625
4,840704,6,sixes,84,schema_v2_bid_value,12,3,0,2,bidder_partner,offense,0,8,0,5,30,0,,,,,False,False,6,7,3-1,4,16,5-1,0,False,False,,,True,,4,5,1,0,4,42.0,27.655473709106445,11.118531227111816,0.0,0.0,13,15,35,36,37,21,6.9453125,3.123266307271433,4,3|14|24|36,33,256,2,2,2,2.7098941802978516,0.0,0.0,False,False,False,False,False,False,multi_peak_pdf|wide_shelf_gap|hidden_threat_large_impact,,first_trick_public_belief_update,hidden_threat_offline_label_ready|public_context_ready,bid_margin,True,8,0,5-4,15.966801643371582,0,5-4,15.966801643371582,0,5-5,9.276834487915039
4,840704,6,sixes,84,schema_v2_bid_value,12,3,0,2,bidder_partner,offense,0,8,0,5,30,0,,,,,False,False,6,7,3-1,5,15,5-0,5,False,False,,,True,,4,5,1,0,4,42.0,24.902877807617188,15.072720527648926,0.0,0.0,3,5,35,36,36,31,-1.6484374999999998,2.9279923879711007,5,-5|3|5|24|36,41,256,3,3,3,5.462490081787109,0.0,0.0,False,False,False,False,False,False,multi_peak_pdf|wide_shelf_gap|high_std|hidden_threat_large_impact,partner_count_donation,first_trick_public_belief_update|partner_forcedness_and_safety,hidden_threat_offline_label_ready|needs_belief_model|public_context_ready,bid_margin,True,8,0,5-3,23.277649521827698,0,5-3,23.277649521827698,0,5-5,11.768394470214844
4,840704,6,sixes,84,schema_v2_bid_value,12,3,0,2,bidder_partner,offense,0,8,0,5,30,0,,,,,False,False,6,7,3-1,6,7,3-1,0,False,False,,,True,,4,5,1,0,4,42.0,30.365367889404297,9.474565505981445,0.0,0.0,18,22,36,36,37,14,9.1328125,3.1941855318271313,5,3|13|21|23|36,33,256,1,4,4,0.0,0.0,0.0,True,True,False,False,False,True,scalar_ev_lying_by_omission|multi_peak_pdf|wide_shelf_gap|hidden_threat_large_impact,,first_trick_public_belief_update,hidden_threat_offline_label_ready|public_context_ready,bid_margin,True,8,0,3-2,17.25604820251465,0,3-2,17.25604820251465,0,5-3,8.074169158935547
4,840704,6,sixes,84,schema_v2_bid_value,13,3,1,3,right_setter,defense,1,8,0,5,30,0,3,3,2,offense,False,True,6,0,0-0,1,5,2-2,0,True,False,False,False,False,0,4,0,0,2,4,-41.0,-33.73262023925781,12.478187561035156,0.875,0.86328125,-41,-41,-41,-27,-13,14,-41.0,2.2606478837923842,4,-41|-27|-13|-3,38,256,3,3,1,0.02933502197265625,0.01171875,0.0,False,False,False,True,True,False,high_variance_close_mean|multi_peak_pdf|wide_shelf_gap|large_lower_tail|hidden_threat_large_impact,,first_trick_public_belief_update,hidden_threat_offline_label_ready|public_context_ready,bid_margin,True,8,0,3-2,10.37216591835022,2,3-2,8.59001362323761,0,3-2,10.007372677326202
4,840704,6,sixes,84,schema_v2_bid_value,13,3,1,3,right_setter,defense,1,8,0,5,30,0,3,3,2,offense,False,True,6,0,0-0,2,4,2-1,0,False,False,False,False,False,0,4,0,0,2,4,-41.0,-33.7353630065918,12.476364135742188,0.875,0.86328125,-41,-41,-41,-27,-13,14,-41.0,2.266030626646976,4,-41|-27|-13|-3,38,256,4,4,2,0.032077789306640625,0.01171875,0.0,False,False,False,False,False,False,multi_peak_pdf|wide_shelf_gap|large_lower_tail|hidden_threat_large_impact,,first_trick_public_belief_update,hidden_threat_offline_label_ready|public_context_ready,bid_margin,True,8,0,3-2,10.374502420425415,2,3-2,8.445083618164062,0,3-2,10.009709179401398
4,840704,6,sixes,84,schema_v2_bid_value,13,3,1,3,right_setter,defense,1,8,0,5,30,0,3,3,2,offense,False,True,6,0,0-0,5,1,1-0,0,False,False,False,False,False,0,4,0,0,2,4,-41.0,-33.73251724243164,12.458353996276855,0.87890625,0.86328125,-41,-41,-41,-27,-14,14,-41.0,2.23412254973686,4,-41|-27|-13|-3,38,256,2,2,3,0.029232025146484375,0.0078125,0.0,False,False,False,False,False,False,multi_peak_pdf|wide_shelf_gap|large_lower_tail|hidden_threat_large_impact,,first_trick_public_belief_update,hidden_threat_offline_label_ready|public_context_ready,bid_margin,True,8,0,3-2,10.376917123794556,2,3-2,8.44580078125,0,3-2,10.012123882770538
4,840704,6,sixes,84,schema_v2_bid_value,13,3,1,3,right_setter,defense,1,8,0,5,30,0,3,3,2,offense,False,True,6,0,0-0,6,0,0-0,0,True,False,False,False,False,0,4,0,0,2,4,-41.0,-33.703285217285156,12.477416038513184,0.88671875,0.86328125,-41,-41,-41,-27,-13,14,-41.0,2.2712572166730602,4,-41|-27|-13|-3,38,256,1,1,4,0.0,0.0,0.0,True,True,True,False,True,True,scalar_ev_lying_by_omission|high_variance_close_mean|multi_peak_pdf|wide_shelf_gap|large_lower_tail|hidden_threat_large_impact,,first_trick_public_belief_update,hidden_threat_offline_label_ready|public_context_ready,bid_margin,True,8,0,3-2,10.322670221328735,2,3-2,8.469097137451172,0,3-2,9.957876980304718
4,840704,6,sixes,84,schema_v2_bid_value,14,3,2,0,bidder,offense,2,8,0,5,30,0,3,3,2,offense,True,False,2,25,6-4,0,27,6-6,0,True,True,False,True,True,46,4,20,3,2,4,42.0,38.16973114013672,0.7550504207611084,0.0,0.0,37,38,38,39,39,1,37.0,1.6227688211656286,1,39,,256,2,1,1,0.051944732666015625,0.0,0.0,False,False,True,True,False,False,,called_suit_pressure,first_trick_public_belief_update,hidden_threat_offline_label_ready|public_context_ready,bid_margin,True,8,1,5-3,0.6833457946777344,1,5-3,0.6833457946777344,2,5-3,0.5843009948730469
4,840704,6,sixes,84,schema_v2_bid_value,14,3,2,0,bidder,offense,2,8,0,5,30,0,3,3,2,offense,True,False,2,25,6-4,2,25,6-4,10,False,True,False,True,True,42,4,20,3,2,4,42.0,38.221675872802734,0.7665693759918213,0.0,0.0,37,38,38,39,39,1,37.0,1.6177755175703106,1,39,,256,1,2,2,0.0,0.0,0.0,True,True,False,False,True,True,scalar_ev_lying_by_omission|high_variance_close_mean,called_suit_pressure,first_trick_public_belief_update,hidden_threat_offline_label_ready|public_context_ready,bid_margin,True,8,1,5-3,0.6990852355957031,1,5-3,0.6990852355957031,2,5-3,0.5977745056152344
4,840704,6,sixes,84,schema_v2_bid_value,14,3,2,0,bidder,offense,2,8,0,5,30,0,3,3,2,offense,True,False,2,25,6-4,3,24,6-3,0,False,True,False,True,True,41,4,20,3,2,4,42.0,38.11521911621094,0.7564100027084351,0.0,0.0,37,37,38,39,39,2,37.0,1.643659785332304,1,39,,256,3,3,3,0.10645675659179688,0.0,0.0,False,False,False,False,False,False,,called_suit_pressure,first_trick_public_belief_update,hidden_threat_offline_label_ready|public_context_ready,bid_margin,True,8,1,5-3,0.6856002807617188,1,5-3,0.6856002807617188,2,5-3,0.58624267578125
4,840704,6,sixes,84,schema_v2_bid_value,14,3,2,0,bidder,offense,2,8,0,5,30,0,3,3,2,offense,True,False,2,25,6-4,4,20,5-5,10,True,False,False,False,False,0,4,20,3,2,4,42.0,13.353315353393555,12.166924476623535,0.0,0.0,5,5,5,15,39,10,4.0234375,2.1410943429448577,3,5|15|39,34,256,4,4,4,24.86836051940918,0.0,0.0,False,False,False,False,False,False,multi_peak_pdf|wide_shelf_gap|hidden_threat_large_impact,,first_trick_public_belief_update,hidden_threat_offline_label_ready|public_context_ready,bid_margin,True,8,2,3-2,10.344017028808594,1,3-2,8.436609268188477,2,3-2,10.344017028808594
4,840704,6,sixes,84,schema_v2_bid_value,15,3,3,1,left_setter,defense,3,8,0,15,20,10,3,3,0,offense,False,True,6,8,3-2,4,18,5-3,0,False,False,True,False,False,24,4,5,0,0,2,-41.0,-40.00048065185547,5.770630359649658,0.0703125,0.96484375,-41,-41,-41,-41,-41,0,-41.11718749999999,0.5267050080063618,1,-41,,256,1,1,1,0.0,0.0,0.0,False,True,True,True,True,False,high_variance_close_mean|large_lower_tail,last_to_act,first_trick_public_belief_update|last_to_act_closure_policy,hidden_threat_offline_label_ready|public_context_ready,bid_margin,True,8,2,5-0,4.261061906814575,2,2-2,1.912200927734375,2,5-0,3.822808027267456
4,840704,6,sixes,84,schema_v2_bid_value,15,3,3,1,left_setter,defense,3,8,0,15,20,10,3,3,0,offense,False,True,6,8,3-2,6,8,3-2,5,False,False,True,False,False,21,4,5,0,0,2,-41.0,-40.10453796386719,5.573675632476807,0.05859375,0.97265625,-41,-41,-41,-41,-41,0,-41.0,0.43265932273229807,1,-41,,256,2,2,2,0.10405731201171875,0.01171875,0.0078125,True,False,False,False,True,False,high_variance_close_mean|large_lower_tail,last_to_act|setter_count_pressure,first_trick_public_belief_update|last_to_act_closure_policy|setter_count_before_certainty,hidden_threat_offline_label_ready|needs_real_bid_margin|public_context_ready,bid_margin,True,8,2,5-0,4.154436111450195,2,2-2,1.6916084289550781,2,5-0,3.764838993549347
4,840704,6,sixes,84,schema_v2_bid_value,16,4,0,0,bidder,offense,2,24,0,20,15,0,,,,,False,False,4,20,5-5,0,27,6-6,0,True,True,,,True,,3,10,2,2,3,42.0,24.02212142944336,0.05811889097094536,0.0,0.0,24,24,24,24,24,0,24.000000000000004,-0.0,1,24,,256,2,1,1,0.023532867431640625,0.0,0.0,False,False,True,True,True,False,high_variance_close_mean,called_suit_pressure|late_hand,first_trick_public_belief_update|late_trick_threshold_closure,distribution_labels_ready|hidden_threat_offline_label_ready|public_context_ready,bid_margin,True,8,1,2-2,0.06731033325195312,1,2-2,0.06731033325195312,1,5-1,0.04675865173339844
4,840704,6,sixes,84,schema_v2_bid_value,16,4,0,0,bidder,offense,2,24,0,20,15,0,,,,,False,False,4,20,5-5,3,24,6-3,0,False,True,,,True,,3,10,2,2,3,42.0,24.009864807128906,0.057816438376903534,0.0,0.0,24,24,24,24,24,0,24.000000000000004,-0.0,1,24,,256,3,2,2,0.03578948974609375,0.0,0.0,False,False,False,False,True,False,high_variance_close_mean,called_suit_pressure|late_hand,first_trick_public_belief_update|late_trick_threshold_closure,distribution_labels_ready|hidden_threat_offline_label_ready|public_context_ready,bid_margin,True,8,1,2-2,0.065185546875,1,2-2,0.065185546875,1,5-1,0.048419952392578125
4,840704,6,sixes,84,schema_v2_bid_value,16,4,0,0,bidder,offense,2,24,0,20,15,0,,,,,False,False,4,20,5-5,4,20,5-5,10,True,False,,,True,,3,10,2,2,3,42.0,24.045654296875,0.05767016112804413,0.0,0.0,24,24,24,24,24,0,24.000000000000004,-0.0,1,24,,256,1,3,3,0.0,0.0,0.0,True,True,False,False,False,True,scalar_ev_lying_by_omission,late_hand,first_trick_public_belief_update|late_trick_threshold_closure,distribution_labels_ready|hidden_threat_offline_label_ready|public_context_ready,bid_margin,True,8,1,2-2,0.06872177124023438,1,2-2,0.06872177124023438,2,2-2,0.048175811767578125
4,840704,6,sixes,84,schema_v2_bid_value,17,4,1,1,left_setter,defense,3,24,0,30,5,10,5,5,0,offense,False,True,3,19,5-4,3,19,5-4,0,False,False,True,False,False,25,3,0,0,0,2,-41.0,-24.562618255615234,0.60576993227005,1.0,1.0,-26,-25,-24,-24,-24,1,-26.1171875,1.2814216875481583,1,-24,,256,1,1,1,0.0,0.0,0.0,True,True,True,True,True,False,high_variance_close_mean|large_lower_tail,late_hand,first_trick_public_belief_update|late_trick_threshold_closure,distribution_labels_ready|hidden_threat_offline_label_ready|public_context_ready,bid_margin,True,8,2,5-0,0.4129810333251953,0,5-0,0.41172218322753906,2,5-0,0.4129810333251953
4,840704,6,sixes,84,schema_v2_bid_value,17,4,1,1,left_setter,defense,3,24,0,30,5,10,5,5,0,offense,False,True,3,19,5-4,4,18,5-3,0,False,False,True,False,False,24,3,0,0,0,2,-41.0,-24.568143844604492,0.6052287220954895,1.0,1.0,-26,-25,-24,-24,-24,1,-26.1171875,1.2814216875481583,1,-24,,256,2,2,2,0.0055255889892578125,0.0,0.0,False,False,False,False,True,False,high_variance_close_mean|large_lower_tail,late_hand,first_trick_public_belief_update|late_trick_threshold_closure,distribution_labels_ready|hidden_threat_offline_label_ready|public_context_ready,bid_margin,True,8,2,5-0,0.4125957489013672,0,5-0,0.4111156463623047,2,5-0,0.4125957489013672
4,840704,6,sixes,84,schema_v2_bid_value,18,4,2,2,bidder_partner,offense,0,24,0,30,5,10,5,5,0,offense,True,False,5,15,5-0,4,16,5-1,0,False,False,True,False,False,22,3,5,1,0,2,42.0,27.284568786621094,1.9073486328125e-06,0.0,0.0,27,27,27,27,27,0,27.0,-0.0,1,27,,256,2,1,1,0.03482627868652344,0.0,0.0,False,False,True,True,True,False,high_variance_close_mean,late_hand,first_trick_public_belief_update|late_trick_threshold_closure,distribution_labels_ready|hidden_threat_offline_label_ready|public_context_ready,bid_margin,True,7,3,1-0,0.0,3,1-0,0.0,3,1-0,0.0
4,840704,6,sixes,84,schema_v2_bid_value,18,4,2,2,bidder_partner,offense,0,24,0,30,5,10,5,5,0,offense,True,False,5,15,5-0,5,15,5-0,5,False,False,True,False,False,21,3,5,1,0,2,42.0,27.319395065307617,3.814697265625e-06,0.0,0.0,27,27,27,27,27,0,27.0,-0.0,1,27,,256,1,2,2,0.0,0.0,0.0,True,True,False,False,True,True,scalar_ev_lying_by_omission|high_variance_close_mean,late_hand|partner_count_donation,first_trick_public_belief_update|late_trick_threshold_closure|partner_forcedness_and_safety,distribution_labels_ready|hidden_threat_offline_label_ready|needs_belief_model|public_context_ready,bid_margin,True,7,3,1-0,0.0,3,1-0,0.0,3,1-0,0.0
4,840704,6,sixes,84,schema_v2_bid_value,19,4,3,3,right_setter,defense,1,24,0,35,0,15,5,5,0,offense,False,True,1,5,2-2,1,5,2-2,0,True,False,False,False,False,0,3,0,0,1,3,-41.0,-25.008403778076172,0.4273642301559448,1.0,1.0,-26,-25,-25,-25,-24,0,-26.0,1.1272021221439632,1,-25,,256,1,1,1,0.0,0.0,0.0,True,True,True,True,True,False,high_variance_close_mean|large_lower_tail,last_to_act|late_hand,first_trick_public_belief_update|last_to_act_closure_policy|late_trick_threshold_closure,distribution_labels_ready|hidden_threat_offline_label_ready|public_context_ready,bid_margin,True,8,0,5-1,0.1828155517578125,0,5-1,0.1828155517578125,0,6-2,0.1558551788330078
4,840704,6,sixes,84,schema_v2_bid_value,19,4,3,3,right_setter,defense,1,24,0,35,0,15,5,5,0,offense,False,True,1,5,2-2,2,4,2-1,0,False,False,False,False,False,0,3,0,0,1,3,-41.0,-25.042043685913086,0.4311636984348297,1.0,1.0,-26,-25,-25,-25,-24,0,-26.0,1.1272021221439632,1,-25,,256,3,2,2,0.03363990783691406,0.0,0.0,False,False,False,False,True,False,high_variance_close_mean|large_lower_tail,last_to_act|late_hand,first_trick_public_belief_update|last_to_act_closure_policy|late_trick_threshold_closure,distribution_labels_ready|hidden_threat_offline_label_ready|public_context_ready,bid_margin,True,8,0,5-1,0.2005901336669922,0,5-1,0.2005901336669922,0,6-2,0.16025924682617188
4,840704,6,sixes,84,schema_v2_bid_value,19,4,3,3,right_setter,defense,1,24,0,35,0,15,5,5,0,offense,False,True,1,5,2-2,5,1,1-0,0,False,False,False,False,False,0,3,0,0,1,3,-41.0,-25.020418167114258,0.419748991727829,1.0,1.0,-26,-25,-25,-25,-24,0,-26.0,1.1272021221439632,1,-25,,256,2,3,3,0.012014389038085938,0.0,0.0,False,False,False,False,False,False,large_lower_tail,last_to_act|late_hand,first_trick_public_belief_update|last_to_act_closure_policy|late_trick_threshold_closure,distribution_labels_ready|hidden_threat_offline_label_ready|public_context_ready,bid_margin,True,8,0,5-1,0.18172264099121094,0,5-1,0.18172264099121094,0,6-2,0.1447010040283203
4,840704,6,sixes,84,schema_v2_bid_value,20,5,0,0,bidder,offense,2,40,0,35,0,0,,,,,False,False,3,24,6-3,0,27,6-6,0,True,True,,,True,,2,0,2,1,2,42.0,4.798998832702637,0.9834076166152954,0.0,0.0,4,4,6,6,6,2,4.0,0.9992954443621547,2,4|6,2,256,2,1,1,0.030096054077148438,0.0,0.0,False,False,True,True,True,False,high_variance_close_mean|multi_peak_pdf,called_suit_pressure|late_hand,first_trick_public_belief_update|late_trick_threshold_closure,distribution_labels_ready|hidden_threat_offline_label_ready|public_context_ready,bid_margin,True,8,2,5-1,1.014634132385254,2,5-1,1.014634132385254,1,5-1,0.9531416893005371
4,840704,6,sixes,84,schema_v2_bid_value,20,5,0,0,bidder,offense,2,40,0,35,0,0,,,,,False,False,3,24,6-3,3,24,6-3,0,False,True,,,True,,2,0,2,1,2,42.0,4.829094886779785,0.9832841753959656,0.0,0.0,4,4,6,6,6,2,4.0,0.9992954443621547,2,4|6,2,256,1,2,2,0.0,0.0,0.0,True,True,False,False,True,True,scalar_ev_lying_by_omission|high_variance_close_mean|multi_peak_pdf,called_suit_pressure|late_hand,first_trick_public_belief_update|late_trick_threshold_closure,distribution_labels_ready|hidden_threat_offline_label_ready|public_context_ready,bid_margin,True,8,2,5-1,1.01450777053833,2,5-1,1.01450777053833,1,5-1,0.9530210494995117
4,840704,6,sixes,84,schema_v2_bid_value,21,5,1,1,left_setter,defense,3,40,0,35,0,0,7,called,0,offense,False,True,1,12,4-2,1,12,4-2,0,False,False,False,False,False,0,2,0,0,0,2,-41.0,-7.395869731903076,0.11761647462844849,1.0,0.0,-8,-8,-7,-7,-7,1,-8.0,0.9515082024691666,1,-7,,256,1,1,1,0.0,0.0,0.0,True,True,True,True,True,False,high_variance_close_mean,late_hand,first_trick_public_belief_update|late_trick_threshold_closure,distribution_labels_ready|hidden_threat_offline_label_ready|public_context_ready,bid_margin,True,8,0,6-6,0.14122962951660156,0,6-2,0.13213682174682617,0,6-6,0.14122962951660156
4,840704,6,sixes,84,schema_v2_bid_value,21,5,1,1,left_setter,defense,3,40,0,35,0,0,7,called,0,offense,False,True,1,12,4-2,4,18,5-3,0,False,False,False,False,False,0,2,0,0,0,2,-41.0,-7.415780067443848,0.13005924224853516,1.0,0.0,-8,-8,-7,-7,-7,1,-8.0,0.9515082024691666,1,-7,,256,2,2,2,0.019910335540771484,0.0,0.0,False,False,False,False,True,False,high_variance_close_mean,late_hand,first_trick_public_belief_update|late_trick_threshold_closure,distribution_labels_ready|hidden_threat_offline_label_ready|public_context_ready,bid_margin,True,8,0,6-6,0.16290283203125,0,6-2,0.13564300537109375,0,6-6,0.16290283203125
4,840704,6,sixes,84,schema_v2_bid_value,22,5,2,2,bidder_partner,offense,0,40,0,35,0,0,7,called,0,offense,True,False,0,23,6-2,0,23,6-2,0,False,True,True,False,False,40,2,0,1,0,1,42.0,5.801879405975342,9.5367431640625e-07,0.0,0.0,6,6,6,6,6,0,6.000000000000001,-0.0,1,6,,256,1,1,1,0.0,0.0,0.0,True,True,True,True,False,False,,called_suit_pressure|late_hand,first_trick_public_belief_update|late_trick_threshold_closure,distribution_labels_ready|hidden_threat_offline_label_ready|public_context_ready,bid_margin,True,4,3,1-0,0.0,3,1-0,0.0,3,1-0,0.0
4,840704,6,sixes,84,schema_v2_bid_value,23,5,3,3,right_setter,defense,1,40,0,35,0,0,7,called,0,offense,False,True,2,4,2-1,2,4,2-1,0,False,False,False,False,False,0,2,0,0,0,2,-41.0,-6.075239181518555,0.12713608145713806,1.0,0.0,-6,-6,-6,-6,-6,0,-6.000000000000001,-0.0,1,-6,,256,1,1,1,0.0,0.0,0.0,True,True,True,True,True,False,high_variance_close_mean,last_to_act|late_hand,first_trick_public_belief_update|last_to_act_closure_policy|late_trick_threshold_closure,distribution_labels_ready|hidden_threat_offline_label_ready|public_context_ready,bid_margin,True,7,2,5-1,0.15253925323486328,2,5-1,0.15253925323486328,0,5-1,0.1154332160949707
4,840704,6,sixes,84,schema_v2_bid_value,23,5,3,3,right_setter,defense,1,40,0,35,0,0,7,called,0,offense,False,True,2,4,2-1,5,1,1-0,0,False,False,False,False,False,0,2,0,0,0,2,-41.0,-6.077617645263672,0.13234376907348633,1.0,0.0,-6,-6,-6,-6,-6,0,-6.000000000000001,-0.0,1,-6,,256,2,2,2,0.0023784637451171875,0.0,0.0,False,False,False,False,True,False,high_variance_close_mean,last_to_act|late_hand,first_trick_public_belief_update|last_to_act_closure_policy|late_trick_threshold_closure,distribution_labels_ready|hidden_threat_offline_label_ready|public_context_ready,bid_margin,True,7,2,5-1,0.16252470016479492,2,5-1,0.16252470016479492,0,5-1,0.11995697021484375
4,840704,6,sixes,84,schema_v2_bid_value,24,6,0,0,bidder,offense,2,41,0,35,0,0,,,,,False,False,0,27,6-6,0,27,6-6,0,True,True,,,True,,1,0,1,1,1,42.0,1.8294991254806519,0.4172520935535431,0.0,0.0,1,1,2,2,2,1,1.0,0.9946660886725552,1,2,,256,1,1,1,0.0,0.0,0.0,True,True,True,True,False,False,,called_suit_pressure|late_hand,first_trick_public_belief_update|late_trick_threshold_closure,distribution_labels_ready|hidden_threat_offline_label_ready|public_context_ready,bid_margin,True,5,2,5-1,0.4547921419143677,2,5-1,0.4547921419143677,1,5-1,0.38281071186065674
4,840704,6,sixes,84,schema_v2_bid_value,25,6,1,1,left_setter,defense,3,41,0,35,0,0,7,called,0,offense,False,True,4,18,5-3,4,18,5-3,0,False,False,False,False,False,0,1,0,0,0,1,-41.0,-6.5784382820129395,9.5367431640625e-07,1.0,0.0,-7,-7,-7,-7,-7,0,-7.0,-0.0,1,-7,,256,1,1,1,0.0,0.0,0.0,True,True,True,True,False,False,,late_hand,first_trick_public_belief_update|late_trick_threshold_closure,distribution_labels_ready|hidden_threat_offline_label_ready|public_context_ready,bid_margin,True,2,3,1-0,0.0,3,1-0,0.0,3,1-0,0.0
4,840704,6,sixes,84,schema_v2_bid_value,26,6,2,2,bidder_partner,offense,0,41,0,35,0,0,7,called,0,offense,True,False,4,16,5-1,4,16,5-1,0,False,False,False,False,False,0,1,0,0,0,1,42.0,4.941710472106934,4.76837158203125e-07,0.0,0.0,5,5,5,5,5,0,5.0,-0.0,1,5,,256,1,1,1,0.0,0.0,0.0,True,True,True,True,False,False,,late_hand,first_trick_public_belief_update|late_trick_threshold_closure,distribution_labels_ready|hidden_threat_offline_label_ready|public_context_ready,bid_margin,True,1,3,1-0,0.0,3,1-0,0.0,3,1-0,0.0
4,840704,6,sixes,84,schema_v2_bid_value,27,6,3,3,right_setter,defense,1,41,0,35,0,0,7,called,0,offense,False,True,5,1,1-0,5,1,1-0,0,False,False,False,False,False,0,1,0,0,0,1,-41.0,-6.015288352966309,9.5367431640625e-07,1.0,0.0,-6,-6,-6,-6,-6,0,-6.000000000000001,-0.0,1,-6,,256,1,1,1,0.0,0.0,0.0,True,True,True,True,False,False,,last_to_act|late_hand,first_trick_public_belief_update|last_to_act_closure_policy|late_trick_threshold_closure,distribution_labels_ready|public_context_ready,bid_margin,False,0,,,,,,,,,
5,840705,6,sixes,84,schema_v2_bid_value,0,0,0,0,bidder,offense,2,0,0,0,35,0,,,,,False,False,1,26,6-5,0,27,6-6,0,True,True,,,True,,7,20,4,3,7,42.0,40.093719482421875,1.8775583505630493,0.0,0.0,37,39,41,41,41,2,35.75,2.070009163206292,2,38|41,3,256,4,1,1,0.19734954833984375,0.0,0.0,False,False,True,True,False,False,multi_peak_pdf,bidder_opening_lead|called_suit_pressure|first_trick,bidder_first_lead_plan,hidden_threat_offline_label_ready|public_context_ready,bid_margin,True,8,2,5-4,1.2914886474609375,1,5-4,0.6508293151855469,2,5-4,1.2914886474609375
5,840705,6,sixes,84,schema_v2_bid_value,0,0,0,0,bidder,offense,2,0,0,0,35,0,,,,,False,False,1,26,6-5,1,26,6-5,0,False,True,,,True,,7,20,4,3,7,42.0,40.15443420410156,1.8193713426589966,0.0,0.0,37,39,41,41,41,2,35.9453125,2.003380138518366,2,38|41,3,256,2,2,2,0.13663482666015625,0.0,0.0,True,False,False,False,False,False,multi_peak_pdf,bidder_opening_lead|called_suit_pressure|first_trick,bidder_first_lead_plan,hidden_threat_offline_label_ready|public_context_ready,bid_margin,True,8,2,5-4,1.2335472106933594,1,5-4,0.6277885437011719,2,5-4,1.2335472106933594
5,840705,6,sixes,84,schema_v2_bid_value,0,0,0,0,bidder,offense,2,0,0,0,35,0,,,,,False,False,1,26,6-5,2,25,6-4,10,False,True,,,True,,7,20,4,3,7,42.0,40.29106903076172,1.5575077533721924,0.0,0.0,38,40,41,41,41,1,36.671875,1.782066013483695,2,38|41,3,256,1,3,3,0.0,0.0,0.0,False,True,False,False,False,True,scalar_ev_lying_by_omission|multi_peak_pdf,bidder_opening_lead|called_suit_pressure|first_trick,bidder_first_lead_plan,hidden_threat_offline_label_ready|public_context_ready,bid_margin,True,8,2,5-4,1.0289573669433594,1,5-4,0.5571937561035156,2,5-4,1.0289573669433594
5,840705,6,sixes,84,schema_v2_bid_value,0,0,0,0,bidder,offense,2,0,0,0,35,0,,,,,False,False,1,26,6-5,3,24,6-3,0,False,True,,,True,,7,20,4,3,7,42.0,40.11283493041992,1.8139753341674805,0.0,0.0,37,39,41,41,41,2,35.8671875,2.046829671491656,3,36|38|41,5,256,3,4,4,0.17823410034179688,0.0,0.0,False,False,False,False,False,False,multi_peak_pdf,bidder_opening_lead|called_suit_pressure|first_trick,bidder_first_lead_plan,hidden_threat_offline_label_ready|public_context_ready,bid_margin,True,8,2,5-4,1.2548866271972656,1,5-4,0.6535530090332031,2,5-4,1.2548866271972656
5,840705,6,sixes,84,schema_v2_bid_value,0,0,0,0,bidder,offense,2,0,0,0,35,0,,,,,False,False,1,26,6-5,4,20,5-5,10,True,False,,,True,,7,20,4,3,7,42.0,34.334144592285156,8.510167121887207,0.0,0.0,22,33,37,39,41,6,12.781250000000002,4.082057361380955,3,34|38|41,7,256,7,5,5,5.9569244384765625,0.0,0.0,False,False,False,False,False,False,multi_peak_pdf,bidder_opening_lead|first_trick,bidder_first_lead_plan,hidden_threat_offline_label_ready|public_context_ready,bid_margin,True,8,2,5-4,2.8074779510498047,2,5-4,2.8074779510498047,3,5-4,1.8537178039550781
5,840705,6,sixes,84,schema_v2_bid_value,0,0,0,0,bidder,offense,2,0,0,0,35,0,,,,,False,False,1,26,6-5,5,14,4-4,0,True,False,,,True,,7,20,4,3,7,42.0,38.88718032836914,4.372595310211182,0.0,0.0,36,38,40,41,41,3,28.7734375,2.5880587132925514,2,38|41,3,256,5,6,6,1.4038887023925781,0.0,0.0,False,False,False,False,False,False,multi_peak_pdf,bidder_opening_lead|first_trick,bidder_first_lead_plan,hidden_threat_offline_label_ready|public_context_ready,bid_margin,True,8,3,3-3,1.0022850036621094,3,3-3,1.0022850036621094,2,6-2,0.9617691040039062
5,840705,6,sixes,84,schema_v2_bid_value,0,0,0,0,bidder,offense,2,0,0,0,35,0,,,,,False,False,1,26,6-5,6,13,4-3,0,False,False,,,True,,7,20,4,3,7,42.0,37.99285125732422,4.697741508483887,0.0,0.0,34,36,40,41,41,5,26.812500000000004,3.0316333663150945,2,36|41,5,256,6,7,7,2.2982177734375,0.0,0.0,False,False,False,False,False,False,multi_peak_pdf,bidder_opening_lead|first_trick,bidder_first_lead_plan,hidden_threat_offline_label_ready|public_context_ready,bid_margin,True,8,2,5-4,2.477642059326172,1,5-4,1.446502685546875,2,5-4,2.477642059326172
5,840705,6,sixes,84,schema_v2_bid_value,1,0,1,1,left_setter,defense,3,0,0,0,35,0,7,called,0,offense,False,True,3,19,5-4,0,9,3-3,0,True,False,False,False,False,0,7,0,0,3,7,-41.0,-19.40492820739746,25.48080825805664,0.7734375,0.64453125,-42,-41,-32,-2,24,39,-42.0,5.226644567188207,4,-42|-38|-34|10,52,256,7,5,7,1.1452751159667969,0.01171875,0.0234375,False,False,False,False,False,False,multi_peak_pdf|wide_shelf_gap|high_std|large_lower_tail|hidden_threat_large_impact,first_setter_response|first_trick,first_setter_pounce_window,hidden_threat_offline_label_ready|needs_real_bid_margin,bid_margin,True,8,3,6-6,32.80906522274017,0,6-6,16.797176778316498,3,6-6,30.599922478199005
5,840705,6,sixes,84,schema_v2_bid_value,1,0,1,1,left_setter,defense,3,0,0,0,35,0,7,called,0,offense,False,True,3,19,5-4,1,5,2-2,0,True,False,False,False,False,0,7,0,0,3,7,-41.0,-19.16629981994629,25.458477020263672,0.78515625,0.640625,-42,-41,-30,-2,24,39,-42.0,5.272266236364646,6,-42|-37|-35|-30|-20|9,51,256,6,1,6,0.906646728515625,0.0,0.01953125,False,False,True,False,False,False,multi_peak_pdf|wide_shelf_gap|high_std|large_lower_tail|hidden_threat_large_impact,first_setter_response|first_trick,first_setter_pounce_window,hidden_threat_offline_label_ready|needs_real_bid_margin,bid_margin,True,8,3,6-6,32.45492243766785,0,6-6,16.5726557970047,3,6-6,30.19774341583252
5,840705,6,sixes,84,schema_v2_bid_value,1,0,1,1,left_setter,defense,3,0,0,0,35,0,7,called,0,offense,False,True,3,19,5-4,2,2,1-1,0,True,False,False,False,False,0,7,0,0,3,7,-41.0,-18.801868438720703,25.703588485717773,0.78515625,0.6328125,-42,-40,-30,-1,23,39,-42.0,5.230119758981393,5,-42|-38|-36|-30|12,54,256,5,2,4,0.5422153472900391,0.0,0.01171875,False,False,False,False,False,False,multi_peak_pdf|wide_shelf_gap|high_std|large_lower_tail|hidden_threat_large_impact,first_setter_response|first_trick,first_setter_pounce_window,hidden_threat_offline_label_ready|needs_real_bid_margin,bid_margin,True,8,3,6-6,32.51709342002869,0,6-6,16.834750294685364,3,6-6,30.29897689819336
5,840705,6,sixes,84,schema_v2_bid_value,1,0,1,1,left_setter,defense,3,0,0,0,35,0,7,called,0,offense,False,True,3,19,5-4,3,19,5-4,0,False,False,False,False,False,0,7,0,0,3,7,-41.0,-18.568466186523438,26.1269588470459,0.76953125,0.62890625,-42,-41,-31,0,28,41,-42.0,5.266215712658111,7,-42|-38|-36|-33|-32|-17|15,57,256,3,7,2,0.30881309509277344,0.015625,0.0078125,True,False,False,False,True,False,high_variance_close_mean|multi_peak_pdf|wide_shelf_gap|high_std|large_lower_tail|hidden_threat_large_impact,first_setter_response|first_trick,first_setter_pounce_window,hidden_threat_offline_label_ready|needs_real_bid_margin,bid_margin,True,8,3,6-6,33.68231227993965,0,6-6,17.368832230567932,3,6-6,31.41615940630436
5,840705,6,sixes,84,schema_v2_bid_value,1,0,1,1,left_setter,defense,3,0,0,0,35,0,7,called,0,offense,False,True,3,19,5-4,4,18,5-3,0,False,False,False,False,False,0,7,0,0,3,7,-41.0,-18.622756958007812,26.029531478881836,0.7734375,0.6328125,-42,-41,-31,1,26,42,-42.0,5.309389105072327,5,-42|-36|-34|-29|-24,18,256,4,6,5,0.36310386657714844,0.01171875,0.01171875,False,False,False,False,False,False,multi_peak_pdf|high_std|large_lower_tail|hidden_threat_large_impact,first_setter_response|first_trick,first_setter_pounce_window,hidden_threat_offline_label_ready|needs_real_bid_margin,bid_margin,True,8,3,6-6,33.54501464962959,0,6-6,17.150424897670746,3,6-6,31.2593305259943
5,840705,6,sixes,84,schema_v2_bid_value,1,0,1,1,left_setter,defense,3,0,0,0,35,0,7,called,0,offense,False,True,3,19,5-4,5,17,5-2,0,False,False,False,False,False,0,7,0,0,3,7,-41.0,-18.400949478149414,26.060422897338867,0.78515625,0.62890625,-42,-41,-30,1,28,42,-42.0,5.3117229733979,7,-42|-39|-36|-34|-30|-24|13,55,256,2,3,3,0.14129638671875,0.0,0.0078125,False,False,False,False,True,False,high_variance_close_mean|multi_peak_pdf|wide_shelf_gap|high_std|large_lower_tail|hidden_threat_large_impact,first_setter_response|first_trick,first_setter_pounce_window,hidden_threat_offline_label_ready|needs_real_bid_margin,bid_margin,True,8,3,6-6,33.321939289569855,0,6-6,17.139601349830627,3,6-6,30.988218814134598
5,840705,6,sixes,84,schema_v2_bid_value,1,0,1,1,left_setter,defense,3,0,0,0,35,0,7,called,0,offense,False,True,3,19,5-4,6,16,5-1,0,False,False,False,False,False,0,7,0,0,3,7,-41.0,-18.259653091430664,26.074504852294922,0.78125,0.62109375,-42,-41,-30,1,25,42,-42.0,5.339488177917893,3,-42|-37|-30,12,256,1,4,1,0.0,0.00390625,0.0,False,True,False,True,True,True,scalar_ev_lying_by_omission|high_variance_close_mean|multi_peak_pdf|high_std|large_lower_tail|hidden_threat_large_impact,first_setter_response|first_trick,first_setter_pounce_window,hidden_threat_offline_label_ready|needs_real_bid_margin,bid_margin,True,8,3,6-6,33.15542870759964,0,6-6,17.126768708229065,3,6-6,30.860770732164383
5,840705,6,sixes,84,schema_v2_bid_value,2,0,2,2,bidder_partner,offense,0,0,0,0,35,0,7,called,0,offense,True,False,2,21,6-0,0,23,6-2,0,False,True,True,False,False,40,7,10,3,0,3,42.0,5.944305896759033,32.31985092163086,0.0,0.30078125,-41,-32,11,38,41,70,-41.9375,5.244024953066033,5,-42|30|36|38|41,83,256,3,1,1,0.21137332916259766,0.0,0.0,False,False,True,True,True,False,high_variance_close_mean|multi_peak_pdf|wide_shelf_gap|high_std|large_lower_tail|hidden_threat_large_impact,called_suit_pressure|first_trick|partner_third_seat_support,partner_third_seat_safe_donation,hidden_threat_offline_label_ready|public_context_ready,bid_margin,True,8,0,6-6,30.182162761688232,3,6-6,27.415056109428406,0,6-6,28.678256511688232
5,840705,6,sixes,84,schema_v2_bid_value,2,0,2,2,bidder_partner,offense,0,0,0,0,35,0,7,called,0,offense,True,False,2,21,6-0,1,22,6-1,0,False,True,True,False,False,39,7,10,3,0,3,42.0,6.113158702850342,32.25920486450195,0.0,0.30078125,-41,-31,11,38,41,69,-41.9375,5.254861482059466,6,-42|-3|30|36|38|41,83,256,2,2,2,0.04252052307128906,0.0,0.0,False,False,False,False,True,False,high_variance_close_mean|multi_peak_pdf|wide_shelf_gap|high_std|large_lower_tail|hidden_threat_large_impact,called_suit_pressure|first_trick|partner_third_seat_support,partner_third_seat_safe_donation,hidden_threat_offline_label_ready|public_context_ready,bid_margin,True,8,0,6-6,30.124107837677002,3,6-6,27.36106765270233,0,6-6,28.620201587677002
5,840705,6,sixes,84,schema_v2_bid_value,2,0,2,2,bidder_partner,offense,0,0,0,0,35,0,7,called,0,offense,True,False,2,21,6-0,2,21,6-0,0,False,True,True,False,False,38,7,10,3,0,3,42.0,6.155679225921631,32.20198440551758,0.0,0.30078125,-41,-31,11,38,41,69,-41.9375,5.250051995888431,5,-42|30|36|38|41,83,256,1,3,3,0.0,0.0,0.0,True,True,False,False,False,True,scalar_ev_lying_by_omission|multi_peak_pdf|wide_shelf_gap|high_std|large_lower_tail|hidden_threat_large_impact,called_suit_pressure|first_trick|partner_third_seat_support,partner_third_seat_safe_donation,hidden_threat_offline_label_ready|public_context_ready,bid_margin,True,8,0,6-6,30.07904291152954,3,6-6,27.32085120677948,0,6-6,28.57513666152954
5,840705,6,sixes,84,schema_v2_bid_value,3,0,3,3,right_setter,defense,1,0,0,0,35,0,7,called,0,offense,False,True,6,0,0-0,0,8,3-2,5,False,False,False,False,False,0,7,5,0,1,7,-41.0,-41.211788177490234,3.3259294033050537,0.08203125,0.99609375,-42,-42,-42,-42,-41,0,-42.0,0.8136445605969493,1,-42,,256,7,7,7,1.0024909973144531,0.05859375,0.01953125,False,False,False,False,False,False,large_lower_tail,defender_last_to_act_closure|first_trick|last_to_act|setter_count_pressure,last_to_act_closure_policy|setter_count_before_certainty,hidden_threat_offline_label_ready|needs_real_bid_margin|public_context_ready,bid_margin,True,8,2,5-0,2.066021054983139,0,5-5,1.0995547641068697,2,5-0,1.9912127554416656
5,840705,6,sixes,84,schema_v2_bid_value,3,0,3,3,right_setter,defense,1,0,0,0,35,0,7,called,0,offense,False,True,6,0,0-0,1,7,3-1,0,False,False,False,False,False,0,7,5,0,1,7,-41.0,-40.34576416015625,5.609063625335693,0.125,0.98046875,-42,-42,-42,-42,-40,0,-42.0,1.1210907476311187,1,-42,,256,5,3,3,0.13646697998046875,0.015625,0.00390625,False,False,False,False,False,False,large_lower_tail,defender_last_to_act_closure|first_trick|last_to_act,last_to_act_closure_policy,hidden_threat_offline_label_ready|public_context_ready,bid_margin,True,8,2,5-0,3.238272935152054,0,5-5,2.043453425168991,2,5-0,2.864231139421463
5,840705,6,sixes,84,schema_v2_bid_value,3,0,3,3,right_setter,defense,1,0,0,0,35,0,7,called,0,offense,False,True,6,0,0-0,2,6,3-0,0,False,False,False,False,False,0,7,5,0,1,7,-41.0,-40.312164306640625,5.67844295501709,0.125,0.9765625,-42,-42,-42,-42,-40,0,-42.0,1.1816278014895403,1,-42,,256,3,4,1,0.10286712646484375,0.015625,0.0,False,False,False,True,True,False,high_variance_close_mean|large_lower_tail,defender_last_to_act_closure|first_trick|last_to_act,last_to_act_closure_policy,hidden_threat_offline_label_ready|public_context_ready,bid_margin,True,8,2,5-0,3.187152177095413,0,5-5,2.099746912717819,2,5-0,2.8326416313648224
5,840705,6,sixes,84,schema_v2_bid_value,3,0,3,3,right_setter,defense,1,0,0,0,35,0,7,called,0,offense,False,True,6,0,0-0,3,4,2-1,0,False,False,False,False,False,0,7,5,0,1,7,-41.0,-40.379310607910156,5.4834723472595215,0.12109375,0.98046875,-42,-42,-42,-42,-40,0,-42.0,1.162869105734407,1,-42,,256,6,6,4,0.170013427734375,0.01953125,0.00390625,False,False,False,False,False,False,large_lower_tail,defender_last_to_act_closure|first_trick|last_to_act,last_to_act_closure_policy,hidden_threat_offline_label_ready|public_context_ready,bid_margin,True,8,2,5-0,2.9888104498386383,0,5-5,1.9809267222881317,1,5-5,2.721180409193039
5,840705,6,sixes,84,schema_v2_bid_value,3,0,3,3,right_setter,defense,1,0,0,0,35,0,7,called,0,offense,False,True,6,0,0-0,4,3,2-0,0,False,False,False,False,False,0,7,5,0,1,7,-41.0,-40.3418083190918,5.556358814239502,0.125,0.98046875,-42,-42,-42,-42,-40,0,-42.0,1.1799238633535274,1,-42,,256,4,5,5,0.13251113891601562,0.015625,0.00390625,False,False,False,False,False,False,large_lower_tail,defender_last_to_act_closure|first_trick|last_to_act,last_to_act_closure_policy,hidden_threat_offline_label_ready|public_context_ready,bid_margin,True,8,2,5-0,3.1187357306480408,0,5-5,2.02061864733696,2,5-0,2.8390334844589233
5,840705,6,sixes,84,schema_v2_bid_value,3,0,3,3,right_setter,defense,1,0,0,0,35,0,7,called,0,offense,False,True,6,0,0-0,5,1,1-0,0,False,False,False,False,False,0,7,5,0,1,7,-41.0,-40.30585861206055,5.636399745941162,0.12890625,0.9765625,-42,-42,-42,-42,-40,0,-42.0,1.1930328192182278,1,-42,,256,2,2,2,0.09656143188476562,0.01171875,0.0,False,False,False,False,True,False,high_variance_close_mean|large_lower_tail,defender_last_to_act_closure|first_trick|last_to_act,last_to_act_closure_policy,hidden_threat_offline_label_ready|public_context_ready,bid_margin,True,8,2,5-0,3.4139936566352844,0,5-5,2.151813715696335,2,5-0,3.0594831109046936
5,840705,6,sixes,84,schema_v2_bid_value,3,0,3,3,right_setter,defense,1,0,0,0,35,0,7,called,0,offense,False,True,6,0,0-0,6,0,0-0,0,True,False,False,False,False,0,7,5,0,1,7,-41.0,-40.20929718017578,5.7642083168029785,0.140625,0.98046875,-42,-42,-42,-42,-39,0,-42.0,1.258844665458355,1,-42,,256,1,1,6,0.0,0.0,0.00390625,True,True,True,False,True,True,scalar_ev_lying_by_omission|high_variance_close_mean|large_lower_tail,defender_last_to_act_closure|first_trick|last_to_act,last_to_act_closure_policy,hidden_threat_offline_label_ready|public_context_ready,bid_margin,True,8,2,5-0,3.8567899763584137,0,5-5,2.1634587720036507,2,5-0,3.482748180627823
5,840705,6,sixes,84,schema_v2_bid_value,4,1,0,0,bidder,offense,2,1,0,0,35,0,,,,,False,False,5,14,4-4,0,27,6-6,0,True,True,,,True,,6,20,3,3,6,42.0,41.48143005371094,0.029949752613902092,0.0,0.0,41,41,41,42,42,1,41.0,0.8234274317947734,1,41,,256,5,1,1,0.0520782470703125,0.0,0.0,False,False,True,True,True,False,high_variance_close_mean,called_suit_pressure,first_trick_public_belief_update,hidden_threat_offline_label_ready|public_context_ready,bid_margin,True,8,2,4-1,0.017665863037109375,2,4-1,0.017665863037109375,1,3-2,0.0113067626953125
5,840705,6,sixes,84,schema_v2_bid_value,4,1,0,0,bidder,offense,2,1,0,0,35,0,,,,,False,False,5,14,4-4,2,25,6-4,10,False,True,,,True,,6,20,3,3,6,42.0,41.5067253112793,0.028224367648363113,0.0,0.0,41,41,42,42,42,1,41.0,0.9823166080205501,1,42,,256,4,2,2,0.026782989501953125,0.0,0.0,False,False,False,False,False,False,,called_suit_pressure,first_trick_public_belief_update,hidden_threat_offline_label_ready|public_context_ready,bid_margin,True,8,2,4-1,0.020313262939453125,2,4-1,0.020313262939453125,1,3-2,0.011486053466796875
5,840705,6,sixes,84,schema_v2_bid_value,4,1,0,0,bidder,offense,2,1,0,0,35,0,,,,,False,False,5,14,4-4,3,24,6-3,0,False,True,,,True,,6,20,3,3,6,42.0,41.47294616699219,0.029567012563347816,0.0,0.0,41,41,41,41,42,0,41.0,0.712453444966878,1,41,,256,6,3,3,0.0605621337890625,0.0,0.0,False,False,False,False,True,False,high_variance_close_mean,called_suit_pressure,first_trick_public_belief_update,hidden_threat_offline_label_ready|public_context_ready,bid_margin,True,8,2,4-1,0.013580322265625,2,4-1,0.013580322265625,1,3-2,0.0108642578125
5,840705,6,sixes,84,schema_v2_bid_value,4,1,0,0,bidder,offense,2,1,0,0,35,0,,,,,False,False,5,14,4-4,4,20,5-5,10,True,False,,,True,,6,20,3,3,6,42.0,41.5174560546875,0.02865663543343544,0.0,0.0,41,41,42,42,42,1,41.0,0.8112781244591328,1,42,,256,3,4,4,0.01605224609375,0.0,0.0,False,False,False,False,True,False,high_variance_close_mean,,first_trick_public_belief_update,hidden_threat_offline_label_ready|public_context_ready,bid_margin,True,8,2,4-1,0.022014617919921875,2,4-1,0.022014617919921875,1,3-2,0.01158905029296875
5,840705,6,sixes,84,schema_v2_bid_value,4,1,0,0,bidder,offense,2,1,0,0,35,0,,,,,False,False,5,14,4-4,5,14,4-4,0,True,False,,,True,,6,20,3,3,6,42.0,41.53350830078125,0.025701677426695824,0.0,0.0,42,42,42,42,42,0,41.0625,0.4488644887230294,1,42,,256,1,5,5,0.0,0.0,0.0,True,True,False,False,False,True,scalar_ev_lying_by_omission,,first_trick_public_belief_update,hidden_threat_offline_label_ready|public_context_ready,bid_margin,True,8,2,4-1,0.019744873046875,2,4-1,0.019744873046875,1,4-1,0.0113372802734375
5,840705,6,sixes,84,schema_v2_bid_value,4,1,0,0,bidder,offense,2,1,0,0,35,0,,,,,False,False,5,14,4-4,6,13,4-3,0,False,False,,,True,,6,20,3,3,6,42.0,41.53046417236328,0.027381282299757004,0.0,0.0,41,42,42,42,42,0,41.0,0.5651013322959568,1,42,,256,2,6,6,0.00304412841796875,0.0,0.0,False,False,False,False,False,False,,,first_trick_public_belief_update,hidden_threat_offline_label_ready|public_context_ready,bid_margin,True,8,2,4-1,0.018268585205078125,2,4-1,0.018268585205078125,1,3-2,0.011516571044921875
5,840705,6,sixes,84,schema_v2_bid_value,5,1,1,1,left_setter,defense,3,1,0,0,35,0,4,4,0,offense,False,True,2,2,1-1,0,9,3-3,0,True,False,False,False,False,0,6,0,0,3,6,-41.0,-40.5323486328125,3.9290215969085693,0.1953125,0.99609375,-42,-42,-42,-42,-37,0,-42.0,1.62682827986491,2,-42|-39,3,256,6,2,6,0.2787895202636719,0.0078125,0.01171875,False,False,False,False,False,False,multi_peak_pdf|large_lower_tail,,first_trick_public_belief_update,hidden_threat_offline_label_ready|public_context_ready,bid_margin,True,8,0,5-5,3.0569485127925873,0,5-5,2.1610311716794968,3,5-5,2.9100462794303894
5,840705,6,sixes,84,schema_v2_bid_value,5,1,1,1,left_setter,defense,3,1,0,0,35,0,4,4,0,offense,False,True,2,2,1-1,1,5,2-2,0,True,False,False,False,False,0,6,0,0,3,6,-41.0,-40.45140838623047,4.212521076202393,0.19140625,0.9921875,-42,-42,-42,-42,-38,0,-42.0,1.627851399176753,1,-42,,256,5,3,5,0.19784927368164062,0.01171875,0.0078125,False,False,False,False,False,False,large_lower_tail,,first_trick_public_belief_update,hidden_threat_offline_label_ready|public_context_ready,bid_margin,True,8,0,5-5,3.123774379491806,0,5-5,2.2473882883787155,3,5-5,2.982176184654236
5,840705,6,sixes,84,schema_v2_bid_value,5,1,1,1,left_setter,defense,3,1,0,0,35,0,4,4,0,offense,False,True,2,2,1-1,2,2,1-1,0,True,False,False,False,False,0,6,0,0,3,6,-41.0,-40.26860046386719,4.5622172355651855,0.203125,0.98828125,-42,-42,-42,-42,-36,0,-42.0,1.7200733302468991,1,-42,,256,2,1,2,0.015041351318359375,0.0,0.00390625,True,False,True,False,True,False,high_variance_close_mean|large_lower_tail,,first_trick_public_belief_update,hidden_threat_offline_label_ready|public_context_ready,bid_margin,True,8,0,5-5,3.465193599462509,0,5-5,2.5302137583494186,3,5-5,3.289086937904358
5,840705,6,sixes,84,schema_v2_bid_value,5,1,1,1,left_setter,defense,3,1,0,0,35,0,4,4,0,offense,False,True,2,2,1-1,4,18,5-3,0,False,False,False,False,False,0,6,0,0,3,6,-41.0,-40.3853759765625,4.424829959869385,0.19140625,0.98828125,-42,-42,-42,-42,-37,0,-42.0,1.6351210652415278,3,-42|-39|-31,11,256,4,4,3,0.13181686401367188,0.01171875,0.00390625,False,False,False,False,False,False,multi_peak_pdf|large_lower_tail,,first_trick_public_belief_update,hidden_threat_offline_label_ready|public_context_ready,bid_margin,True,8,0,5-5,3.286017268896103,0,5-5,2.4096311777830124,3,5-5,3.176541328430176
5,840705,6,sixes,84,schema_v2_bid_value,5,1,1,1,left_setter,defense,3,1,0,0,35,0,4,4,0,offense,False,True,2,2,1-1,5,17,5-2,0,False,False,False,False,False,0,6,0,0,3,6,-41.0,-40.36608123779297,4.492093086242676,0.19140625,0.98828125,-42,-42,-42,-42,-37,0,-42.0,1.6119237593957516,1,-42,,256,3,5,4,0.11252212524414062,0.01171875,0.00390625,False,False,False,False,True,False,high_variance_close_mean|large_lower_tail,,first_trick_public_belief_update,hidden_threat_offline_label_ready|public_context_ready,bid_margin,True,8,0,5-5,3.295119136571884,0,5-5,2.4187330454587936,3,5-5,3.202385902404785
5,840705,6,sixes,84,schema_v2_bid_value,5,1,1,1,left_setter,defense,3,1,0,0,35,0,4,4,0,offense,False,True,2,2,1-1,6,16,5-1,0,False,False,False,False,False,0,6,0,0,3,6,-41.0,-40.25355911254883,4.756155490875244,0.19140625,0.984375,-42,-42,-42,-42,-36,0,-42.0,1.652682208451023,1,-42,,256,1,6,1,0.0,0.01171875,0.0,False,True,False,True,True,True,scalar_ev_lying_by_omission|high_variance_close_mean|large_lower_tail,,first_trick_public_belief_update,hidden_threat_offline_label_ready|public_context_ready,bid_margin,True,8,0,5-5,3.456007808446884,0,5-5,2.5796217173337936,3,5-5,3.331667900085449
5,840705,6,sixes,84,schema_v2_bid_value,6,1,2,2,bidder_partner,offense,0,1,0,0,35,0,4,4,0,offense,True,False,4,12,4-2,4,12,4-2,0,False,False,True,False,False,22,6,10,2,0,3,42.0,38.74522399902344,7.390635013580322,0.0,0.0,28,41,42,42,42,1,18.5078125,2.118633800468102,1,42,,256,1,1,1,0.0,0.0,0.0,True,True,True,True,True,False,high_variance_close_mean|hidden_threat_large_impact,,first_trick_public_belief_update,hidden_threat_offline_label_ready|public_context_ready,bid_margin,True,8,0,5-2,9.704660415649414,0,5-2,9.704660415649414,0,3-3,2.810138702392578
5,840705,6,sixes,84,schema_v2_bid_value,6,1,2,2,bidder_partner,offense,0,1,0,0,35,0,4,4,0,offense,True,False,4,12,4-2,5,11,4-1,5,False,False,True,False,False,21,6,10,2,0,3,42.0,38.3636360168457,7.21653413772583,0.0,0.0,32,40,42,42,42,2,18.9140625,2.4078126691106565,2,35|42,7,256,2,2,2,0.3815879821777344,0.0,0.0,False,False,False,False,False,False,multi_peak_pdf|hidden_threat_large_impact,partner_count_donation,first_trick_public_belief_update|partner_forcedness_and_safety,hidden_threat_offline_label_ready|needs_belief_model|public_context_ready,bid_margin,True,8,0,5-2,9.154779434204102,0,5-2,9.154779434204102,0,3-3,3.2141799926757812
5,840705,6,sixes,84,schema_v2_bid_value,6,1,2,2,bidder_partner,offense,0,1,0,0,35,0,4,4,0,offense,True,False,4,12,4-2,6,10,4-0,0,False,False,True,False,False,20,6,10,2,0,3,42.0,37.556602478027344,7.81511926651001,0.0,0.0,27,37,42,42,42,5,17.8203125,2.658779006531111,3,27|31|42,15,256,3,3,3,1.1886215209960938,0.0,0.0,False,False,False,False,False,False,multi_peak_pdf|hidden_threat_large_impact,,first_trick_public_belief_update,hidden_threat_offline_label_ready|public_context_ready,bid_margin,True,8,0,5-2,10.603689193725586,0,5-2,10.603689193725586,0,3-3,4.004367828369141
5,840705,6,sixes,84,schema_v2_bid_value,7,1,3,3,right_setter,defense,1,1,0,0,35,0,4,4,0,offense,False,True,2,6,3-0,0,8,3-2,5,False,False,False,False,False,0,6,5,0,0,6,-41.0,-41.81791687011719,0.7817529439926147,0.015625,1.0,-42,-42,-42,-42,-42,0,-42.0,0.25430394275070856,1,-42,,256,6,6,4,0.16181182861328125,0.01171875,0.0078125,False,False,False,False,False,False,large_lower_tail,last_to_act|setter_count_pressure,first_trick_public_belief_update|last_to_act_closure_policy|setter_count_before_certainty,hidden_threat_offline_label_ready|needs_real_bid_margin|public_context_ready,bid_margin,True,8,2,5-3,0.7425733804702759,2,5-5,0.17858123779296875,2,5-3,0.7425733804702759
5,840705,6,sixes,84,schema_v2_bid_value,7,1,3,3,right_setter,defense,1,1,0,0,35,0,4,4,0,offense,False,True,2,6,3-0,1,7,3-1,0,False,False,False,False,False,0,6,5,0,0,6,-41.0,-41.656105041503906,2.273329734802246,0.0234375,0.9921875,-42,-42,-42,-42,-42,0,-42.0,0.31791618822024814,1,-42,,256,1,2,1,0.0,0.00390625,0.0,False,True,False,True,True,True,scalar_ev_lying_by_omission|high_variance_close_mean|large_lower_tail,last_to_act,first_trick_public_belief_update|last_to_act_closure_policy,hidden_threat_offline_label_ready|public_context_ready,bid_margin,True,8,0,5-1,1.393993690609932,2,5-5,0.4579200744628906,0,5-1,1.2663893848657608
5,840705,6,sixes,84,schema_v2_bid_value,7,1,3,3,right_setter,defense,1,1,0,0,35,0,4,4,0,offense,False,True,2,6,3-0,2,6,3-0,0,False,False,False,False,False,0,6,5,0,0,6,-41.0,-41.659263610839844,2.2619917392730713,0.02734375,0.9921875,-42,-42,-42,-42,-42,0,-42.0,0.3404655350303513,1,-42,,256,2,1,2,0.0031585693359375,0.0,0.0,True,False,True,False,True,False,high_variance_close_mean|large_lower_tail,last_to_act,first_trick_public_belief_update|last_to_act_closure_policy,hidden_threat_offline_label_ready|public_context_ready,bid_margin,True,8,2,5-3,1.5408791899681091,2,5-5,0.4786872863769531,2,5-3,1.4284266829490662
5,840705,6,sixes,84,schema_v2_bid_value,7,1,3,3,right_setter,defense,1,1,0,0,35,0,4,4,0,offense,False,True,2,6,3-0,3,4,2-1,0,False,False,False,False,False,0,6,5,0,0,6,-41.0,-41.68696594238281,2.033623218536377,0.0234375,1.0,-42,-42,-42,-42,-42,0,-42.0,0.31010368822024814,1,-42,,256,5,3,5,0.03086090087890625,0.00390625,0.0078125,False,False,False,False,False,False,large_lower_tail,last_to_act,first_trick_public_belief_update|last_to_act_closure_policy,hidden_threat_offline_label_ready|public_context_ready,bid_margin,True,8,0,5-1,1.0742327719926834,2,5-5,0.3548583984375,0,5-1,1.0742327719926834
5,840705,6,sixes,84,schema_v2_bid_value,7,1,3,3,right_setter,defense,1,1,0,0,35,0,4,4,0,offense,False,True,2,6,3-0,4,3,2-0,0,False,False,False,False,False,0,6,5,0,0,6,-41.0,-41.68634033203125,2.06061053276062,0.0234375,1.0,-42,-42,-42,-42,-42,0,-42.0,0.31010368822024814,1,-42,,256,4,4,6,0.03023529052734375,0.00390625,0.0078125,False,False,False,False,False,False,large_lower_tail,last_to_act,first_trick_public_belief_update|last_to_act_closure_policy,hidden_threat_offline_label_ready|public_context_ready,bid_margin,True,8,0,5-1,1.0814005881547928,2,5-5,0.3582305908203125,0,5-1,1.0814005881547928
5,840705,6,sixes,84,schema_v2_bid_value,7,1,3,3,right_setter,defense,1,1,0,0,35,0,4,4,0,offense,False,True,2,6,3-0,5,1,1-0,0,False,False,False,False,False,0,6,5,0,0,6,-41.0,-41.68265151977539,2.085634708404541,0.0234375,0.99609375,-42,-42,-42,-42,-42,0,-42.0,0.335991913828294,1,-42,,256,3,5,3,0.026546478271484375,0.00390625,0.00390625,False,False,False,False,True,False,high_variance_close_mean|large_lower_tail,last_to_act,first_trick_public_belief_update|last_to_act_closure_policy,hidden_threat_offline_label_ready|public_context_ready,bid_margin,True,8,2,5-3,1.2671838998794556,2,5-5,0.3969306945800781,2,5-3,1.1352001428604126
5,840705,6,sixes,84,schema_v2_bid_value,8,2,0,0,bidder,offense,2,2,0,0,35,0,,,,,False,False,4,20,5-5,0,27,6-6,0,True,True,,,True,,5,20,3,2,5,42.0,41.429664611816406,0.029031166806817055,0.0,0.0,41,41,41,41,41,0,41.0,-0.0,1,41,,256,4,1,1,0.07419586181640625,0.0,0.0,False,False,True,True,True,False,high_variance_close_mean,called_suit_pressure,first_trick_public_belief_update,hidden_threat_offline_label_ready|public_context_ready,bid_margin,True,8,2,3-2,0.036350250244140625,2,3-2,0.036350250244140625,2,5-1,0.02188873291015625
5,840705,6,sixes,84,schema_v2_bid_value,8,2,0,0,bidder,offense,2,2,0,0,35,0,,,,,False,False,4,20,5-5,2,25,6-4,10,False,True,,,True,,5,20,3,2,5,42.0,41.45989990234375,0.027540776878595352,0.0,0.0,41,41,41,41,41,0,41.0,0.27297085791406983,1,41,,256,3,2,2,0.0439605712890625,0.0,0.0,False,False,False,False,False,False,,called_suit_pressure,first_trick_public_belief_update,hidden_threat_offline_label_ready|public_context_ready,bid_margin,True,8,2,3-2,0.035984039306640625,2,3-2,0.035984039306640625,2,5-1,0.019290924072265625
5,840705,6,sixes,84,schema_v2_bid_value,8,2,0,0,bidder,offense,2,2,0,0,35,0,,,,,False,False,4,20,5-5,3,24,6-3,0,False,True,,,True,,5,20,3,2,5,42.0,41.428653717041016,0.028420565649867058,0.0,0.0,41,41,41,41,41,0,41.0,-0.0,1,41,,256,5,3,3,0.07520675659179688,0.0,0.0,False,False,False,False,True,False,high_variance_close_mean,called_suit_pressure,first_trick_public_belief_update,hidden_threat_offline_label_ready|public_context_ready,bid_margin,True,8,2,3-2,0.03772735595703125,2,3-2,0.03772735595703125,2,5-1,0.022064208984375
5,840705,6,sixes,84,schema_v2_bid_value,8,2,0,0,bidder,offense,2,2,0,0,35,0,,,,,False,False,4,20,5-5,4,20,5-5,10,True,False,,,True,,5,20,3,2,5,42.0,41.50386047363281,0.02473200112581253,0.0,0.0,41,41,42,42,42,1,41.0,0.9652016987500656,1,42,,256,1,4,4,0.0,0.0,0.0,True,True,False,False,False,True,scalar_ev_lying_by_omission,,first_trick_public_belief_update,hidden_threat_offline_label_ready|public_context_ready,bid_margin,True,8,2,3-2,0.0314178466796875,2,3-2,0.0314178466796875,2,3-1,0.019153594970703125
5,840705,6,sixes,84,schema_v2_bid_value,8,2,0,0,bidder,offense,2,2,0,0,35,0,,,,,False,False,4,20,5-5,6,13,4-3,0,False,False,,,True,,5,20,3,2,5,42.0,41.476051330566406,0.028327861800789833,0.0,0.0,41,41,41,41,42,0,41.0,0.7281342378690551,1,41,,256,2,5,5,0.02780914306640625,0.0,0.0,False,False,False,False,False,False,,,first_trick_public_belief_update,hidden_threat_offline_label_ready|public_context_ready,bid_margin,True,8,2,3-2,0.044036865234375,2,3-2,0.044036865234375,2,5-1,0.023998260498046875
5,840705,6,sixes,84,schema_v2_bid_value,9,2,1,1,left_setter,defense,3,2,0,10,25,10,5,5,0,offense,False,True,6,16,5-1,4,18,5-3,0,False,False,True,False,False,24,5,0,0,2,3,-41.0,-41.426055908203125,0.03559233993291855,0.0,1.0,-41,-41,-41,-41,-41,0,-41.15624999999999,0.11611507530476972,1,-41,,256,2,1,1,0.001071929931640625,0.0,0.0,False,False,True,True,False,False,large_lower_tail,,first_trick_public_belief_update,hidden_threat_offline_label_ready|public_context_ready,bid_margin,True,8,2,1-0,0.03565216064453125,2,1-0,0.03565216064453125,0,2-0,0.025379180908203125
5,840705,6,sixes,84,schema_v2_bid_value,9,2,1,1,left_setter,defense,3,2,0,10,25,10,5,5,0,offense,False,True,6,16,5-1,5,17,5-2,0,False,False,True,False,False,23,5,0,0,2,3,-41.0,-41.430641174316406,0.038217611610889435,0.0,1.0,-41,-41,-41,-41,-41,0,-41.23437499999999,0.16032872589902852,1,-41,,256,3,2,2,0.005657196044921875,0.0,0.0,False,False,False,False,True,False,high_variance_close_mean|large_lower_tail,,first_trick_public_belief_update,hidden_threat_offline_label_ready|public_context_ready,bid_margin,True,8,2,1-0,0.036907196044921875,2,1-0,0.036907196044921875,0,2-0,0.031585693359375
5,840705,6,sixes,84,schema_v2_bid_value,9,2,1,1,left_setter,defense,3,2,0,10,25,10,5,5,0,offense,False,True,6,16,5-1,6,16,5-1,0,False,False,True,False,False,22,5,0,0,2,3,-41.0,-41.424983978271484,0.036063775420188904,0.0,1.0,-41,-41,-41,-41,-41,0,-41.11718749999999,0.09198335195381277,1,-41,,256,1,3,3,0.0,0.0,0.0,True,True,False,False,True,True,scalar_ev_lying_by_omission|high_variance_close_mean|large_lower_tail,,first_trick_public_belief_update,hidden_threat_offline_label_ready|public_context_ready,bid_margin,True,8,2,1-0,0.026264190673828125,2,1-0,0.026264190673828125,0,2-0,0.025112152099609375
5,840705,6,sixes,84,schema_v2_bid_value,10,2,2,2,bidder_partner,offense,0,2,0,10,25,10,5,5,0,offense,True,False,3,15,5-0,3,15,5-0,5,False,False,True,False,False,21,5,10,2,0,1,42.0,41.236183166503906,0.024878768250346184,0.0,0.0,41,41,41,41,41,0,41.0,-0.0,1,41,,256,1,1,1,0.0,0.0,0.0,True,True,True,True,False,False,,partner_count_donation,first_trick_public_belief_update|partner_forcedness_and_safety,hidden_threat_offline_label_ready|needs_belief_model|public_context_ready,bid_margin,True,8,1,3-1,0.008838653564453125,3,3-1,0.00605010986328125,1,3-1,0.008838653564453125
5,840705,6,sixes,84,schema_v2_bid_value,11,2,3,3,right_setter,defense,1,2,0,15,20,15,5,5,0,offense,False,True,0,8,3-2,0,8,3-2,5,False,False,False,False,False,0,5,5,0,0,5,-41.0,-41.26190948486328,0.027601543813943863,0.0,1.0,-41,-41,-41,-41,-41,0,-41.0,-0.0,1,-41,,256,1,1,1,0.0,0.0,0.0,True,True,True,True,False,False,large_lower_tail,last_to_act|setter_count_pressure,first_trick_public_belief_update|last_to_act_closure_policy|setter_count_before_certainty,hidden_threat_offline_label_ready|needs_real_bid_margin|public_context_ready,bid_margin,True,8,2,4-1,0.0051422119140625,0,4-1,0.00506591796875,2,4-1,0.0051422119140625
5,840705,6,sixes,84,schema_v2_bid_value,11,2,3,3,right_setter,defense,1,2,0,15,20,15,5,5,0,offense,False,True,0,8,3-2,1,7,3-1,0,False,False,False,False,False,0,5,5,0,0,5,-41.0,-41.280696868896484,0.02856360748410225,0.0,1.0,-41,-41,-41,-41,-41,0,-41.0,-0.0,1,-41,,256,2,2,2,0.018787384033203125,0.0,0.0,False,False,False,False,False,False,large_lower_tail,last_to_act,first_trick_public_belief_update|last_to_act_closure_policy,hidden_threat_offline_label_ready|public_context_ready,bid_margin,True,8,2,4-1,0.00446319580078125,0,4-1,0.00439453125,2,4-1,0.00446319580078125
5,840705,6,sixes,84,schema_v2_bid_value,11,2,3,3,right_setter,defense,1,2,0,15,20,15,5,5,0,offense,False,True,0,8,3-2,3,4,2-1,0,False,False,False,False,False,0,5,5,0,0,5,-41.0,-41.28664779663086,0.028664758428931236,0.0,1.0,-41,-41,-41,-41,-41,0,-41.0,-0.0,1,-41,,256,3,3,3,0.024738311767578125,0.0,0.0,False,False,False,False,True,False,high_variance_close_mean|large_lower_tail,last_to_act,first_trick_public_belief_update|last_to_act_closure_policy,hidden_threat_offline_label_ready|public_context_ready,bid_margin,True,8,2,4-1,0.0045623779296875,0,4-1,0.004497528076171875,2,4-1,0.0045623779296875
5,840705,6,sixes,84,schema_v2_bid_value,11,2,3,3,right_setter,defense,1,2,0,15,20,15,5,5,0,offense,False,True,0,8,3-2,4,3,2-0,0,False,False,False,False,False,0,5,5,0,0,5,-41.0,-41.29054260253906,0.028683839365839958,0.0,1.0,-41,-41,-41,-41,-41,0,-41.0,-0.0,1,-41,,256,5,4,4,0.02863311767578125,0.0,0.0,False,False,False,False,True,False,high_variance_close_mean|large_lower_tail,last_to_act,first_trick_public_belief_update|last_to_act_closure_policy,hidden_threat_offline_label_ready|public_context_ready,bid_margin,True,8,2,4-1,0.004718780517578125,0,4-1,0.004650115966796875,2,4-1,0.004718780517578125
5,840705,6,sixes,84,schema_v2_bid_value,11,2,3,3,right_setter,defense,1,2,0,15,20,15,5,5,0,offense,False,True,0,8,3-2,5,1,1-0,0,False,False,False,False,False,0,5,5,0,0,5,-41.0,-41.28791809082031,0.028157677501440048,0.0,1.0,-41,-41,-41,-41,-41,0,-41.0,-0.0,1,-41,,256,4,5,5,0.02600860595703125,0.0,0.0,False,False,False,False,False,False,large_lower_tail,last_to_act,first_trick_public_belief_update|last_to_act_closure_policy,hidden_threat_offline_label_ready|public_context_ready,bid_margin,True,8,0,4-3,0.003986358642578125,0,4-3,0.003986358642578125,2,4-3,0.0037994384765625
5,840705,6,sixes,84,schema_v2_bid_value,12,3,0,0,bidder,offense,2,23,0,20,15,0,,,,,False,False,2,25,6-4,0,27,6-6,0,True,True,,,True,,4,10,3,1,4,42.0,25.144102096557617,0.007009517401456833,0.0,0.0,25,25,25,25,25,0,25.0,-0.0,1,25,,256,2,1,1,0.022195816040039062,0.0,0.0,False,False,True,True,False,False,,called_suit_pressure,first_trick_public_belief_update,hidden_threat_offline_label_ready|public_context_ready,bid_margin,True,8,1,2-2,0.005435943603515625,1,2-2,0.005435943603515625,1,2-0,0.004642486572265625
5,840705,6,sixes,84,schema_v2_bid_value,12,3,0,0,bidder,offense,2,23,0,20,15,0,,,,,False,False,2,25,6-4,2,25,6-4,10,False,True,,,True,,4,10,3,1,4,42.0,25.166297912597656,0.015756435692310333,0.0,0.0,25,25,25,25,25,0,25.0,-0.0,1,25,,256,1,2,2,0.0,0.0,0.0,True,True,False,False,True,True,scalar_ev_lying_by_omission|high_variance_close_mean,called_suit_pressure,first_trick_public_belief_update,hidden_threat_offline_label_ready|public_context_ready,bid_margin,True,8,1,1-0,0.006282806396484375,1,3-3,0.0059814453125,1,1-0,0.006282806396484375
5,840705,6,sixes,84,schema_v2_bid_value,12,3,0,0,bidder,offense,2,23,0,20,15,0,,,,,False,False,2,25,6-4,3,24,6-3,0,False,True,,,True,,4,10,3,1,4,42.0,25.117355346679688,0.0069231330417096615,0.0,0.0,25,25,25,25,25,0,25.0,-0.0,1,25,,256,4,3,3,0.04894256591796875,0.0,0.0,False,False,False,False,False,False,,called_suit_pressure,first_trick_public_belief_update,hidden_threat_offline_label_ready|public_context_ready,bid_margin,True,8,1,2-2,0.005306243896484375,1,2-2,0.005306243896484375,1,3-1,0.0051059722900390625
5,840705,6,sixes,84,schema_v2_bid_value,12,3,0,0,bidder,offense,2,23,0,20,15,0,,,,,False,False,2,25,6-4,6,13,4-3,0,False,False,,,True,,4,10,3,1,4,42.0,25.13492202758789,0.009910885244607925,0.0,0.0,25,25,25,25,25,0,25.0,-0.0,1,25,,256,3,4,4,0.031375885009765625,0.0,0.0,False,False,False,False,True,False,high_variance_close_mean,,first_trick_public_belief_update,hidden_threat_offline_label_ready|public_context_ready,bid_margin,True,8,1,3-1,0.00820159912109375,1,3-3,0.00724029541015625,1,3-1,0.00820159912109375
5,840705,6,sixes,84,schema_v2_bid_value,13,3,1,1,left_setter,defense,3,23,0,30,5,10,7,called,0,offense,False,True,1,5,2-2,0,9,3-3,0,True,False,False,False,False,0,4,0,0,2,4,-41.0,-29.489948272705078,0.27574920654296875,1.0,1.0,-30,-30,-30,-29,-29,1,-30.0,0.9925464978639333,1,-30,,256,2,1,1,0.020023345947265625,0.0,0.0,False,False,True,True,True,False,high_variance_close_mean|large_lower_tail,,first_trick_public_belief_update,hidden_threat_offline_label_ready|public_context_ready,bid_margin,True,8,0,6-1,0.1571369171142578,2,6-1,0.11651992797851562,0,6-1,0.1571369171142578
5,840705,6,sixes,84,schema_v2_bid_value,13,3,1,1,left_setter,defense,3,23,0,30,5,10,7,called,0,offense,False,True,1,5,2-2,1,5,2-2,0,True,False,False,False,False,0,4,0,0,2,4,-41.0,-29.469924926757812,0.2718068063259125,1.0,1.0,-30,-30,-29,-29,-29,1,-30.0,0.9988990309438097,1,-29,,256,1,2,2,0.0,0.0,0.0,True,True,False,False,False,True,scalar_ev_lying_by_omission|large_lower_tail,,first_trick_public_belief_update,hidden_threat_offline_label_ready|public_context_ready,bid_margin,True,8,0,6-1,0.15567779541015625,2,6-1,0.11543846130371094,0,6-1,0.15567779541015625
5,840705,6,sixes,84,schema_v2_bid_value,13,3,1,1,left_setter,defense,3,23,0,30,5,10,7,called,0,offense,False,True,1,5,2-2,4,18,5-3,0,False,False,False,False,False,0,4,0,0,2,4,-41.0,-29.506187438964844,0.27216148376464844,1.0,1.0,-30,-30,-30,-29,-29,1,-30.0,0.9988990309438097,1,-30,,256,4,3,3,0.03626251220703125,0.0,0.0,False,False,False,False,True,False,high_variance_close_mean|large_lower_tail,,first_trick_public_belief_update,hidden_threat_offline_label_ready|public_context_ready,bid_margin,True,8,0,6-1,0.15427780151367188,2,6-1,0.11439132690429688,0,6-1,0.15427780151367188
5,840705,6,sixes,84,schema_v2_bid_value,13,3,1,1,left_setter,defense,3,23,0,30,5,10,7,called,0,offense,False,True,1,5,2-2,5,17,5-2,0,False,False,False,False,False,0,4,0,0,2,4,-41.0,-29.50153350830078,0.268763929605484,1.0,1.0,-30,-30,-30,-29,-29,1,-30.0,0.9988990309438097,1,-30,,256,3,4,4,0.03160858154296875,0.0,0.0,False,False,False,False,False,False,large_lower_tail,,first_trick_public_belief_update,hidden_threat_offline_label_ready|public_context_ready,bid_margin,True,8,0,6-1,0.1528339385986328,2,6-1,0.11332893371582031,0,6-1,0.1528339385986328
5,840705,6,sixes,84,schema_v2_bid_value,14,3,2,2,bidder_partner,offense,0,23,0,30,5,10,7,called,0,offense,True,False,0,23,6-2,0,23,6-2,0,False,True,True,False,False,40,4,5,2,0,2,42.0,29.374643325805664,0.08525891602039337,0.0,0.0,29,29,29,29,29,0,29.000000000000004,-0.0,1,29,,256,1,1,1,0.0,0.0,0.0,True,True,True,True,True,False,high_variance_close_mean,called_suit_pressure,first_trick_public_belief_update,hidden_threat_offline_label_ready|public_context_ready,bid_margin,True,8,1,3-1,0.11896133422851562,1,3-1,0.11896133422851562,1,3-3,0.08328056335449219
5,840705,6,sixes,84,schema_v2_bid_value,14,3,2,2,bidder_partner,offense,0,23,0,30,5,10,7,called,0,offense,True,False,0,23,6-2,1,22,6-1,0,False,True,True,False,False,39,4,5,2,0,2,42.0,29.360530853271484,0.08643839508295059,0.0,0.0,29,29,29,29,29,0,29.000000000000004,-0.0,1,29,,256,2,2,2,0.014112472534179688,0.0,0.0,False,False,False,False,True,False,high_variance_close_mean,called_suit_pressure,first_trick_public_belief_update,hidden_threat_offline_label_ready|public_context_ready,bid_margin,True,8,1,3-1,0.12036705017089844,1,3-1,0.12036705017089844,1,3-3,0.08471870422363281
5,840705,6,sixes,84,schema_v2_bid_value,15,3,3,3,right_setter,defense,1,23,0,30,5,10,7,called,0,offense,False,True,4,3,2-0,1,7,3-1,0,False,False,False,False,False,0,4,0,0,0,4,-41.0,-29.05072784423828,0.4173316955566406,1.0,1.0,-30,-29,-29,-29,-28,0,-30.0,1.1010603190855093,1,-29,,256,4,1,1,0.07375144958496094,0.0,0.0,False,False,True,True,False,False,large_lower_tail,last_to_act,first_trick_public_belief_update|last_to_act_closure_policy,hidden_threat_offline_label_ready|public_context_ready,bid_margin,True,8,0,4-1,0.17574691772460938,2,4-1,0.16253280639648438,0,4-1,0.17574691772460938
5,840705,6,sixes,84,schema_v2_bid_value,15,3,3,3,right_setter,defense,1,23,0,30,5,10,7,called,0,offense,False,True,4,3,2-0,3,4,2-1,0,False,False,False,False,False,0,4,0,0,0,4,-41.0,-28.996017456054688,0.42631995677948,1.0,1.0,-30,-29,-29,-29,-28,0,-30.0,1.091005622190925,1,-29,,256,2,2,2,0.019041061401367188,0.0,0.0,False,False,False,False,True,False,high_variance_close_mean|large_lower_tail,last_to_act,first_trick_public_belief_update|last_to_act_closure_policy,hidden_threat_offline_label_ready|public_context_ready,bid_margin,True,8,0,4-1,0.17866897583007812,2,4-1,0.1652355194091797,0,4-1,0.17866897583007812
5,840705,6,sixes,84,schema_v2_bid_value,15,3,3,3,right_setter,defense,1,23,0,30,5,10,7,called,0,offense,False,True,4,3,2-0,4,3,2-0,0,False,False,False,False,False,0,4,0,0,0,4,-41.0,-28.97697639465332,0.43180128931999207,1.0,1.0,-30,-29,-29,-29,-28,0,-30.0,1.091005622190925,1,-29,,256,1,3,3,0.0,0.0,0.0,True,True,False,False,True,True,scalar_ev_lying_by_omission|high_variance_close_mean|large_lower_tail,last_to_act,first_trick_public_belief_update|last_to_act_closure_policy,hidden_threat_offline_label_ready|public_context_ready,bid_margin,True,8,0,4-1,0.18156051635742188,2,4-1,0.16791343688964844,0,4-1,0.18156051635742188
5,840705,6,sixes,84,schema_v2_bid_value,15,3,3,3,right_setter,defense,1,23,0,30,5,10,7,called,0,offense,False,True,4,3,2-0,5,1,1-0,0,False,False,False,False,False,0,4,0,0,0,4,-41.0,-29.04094886779785,0.4141122102737427,1.0,1.0,-30,-29,-29,-29,-28,0,-30.0,1.1010603190855093,1,-29,,256,3,4,4,0.06397247314453125,0.0,0.0,False,False,False,False,False,False,large_lower_tail,last_to_act,first_trick_public_belief_update|last_to_act_closure_policy,hidden_threat_offline_label_ready|public_context_ready,bid_margin,True,8,0,4-1,0.167510986328125,2,4-1,0.15491104125976562,0,4-1,0.167510986328125
5,840705,6,sixes,84,schema_v2_bid_value,16,4,0,0,bidder,offense,2,34,0,30,5,0,,,,,False,False,0,27,6-6,0,27,6-6,0,True,True,,,True,,3,0,2,1,3,42.0,13.716455459594727,0.0028197893407195807,0.0,0.0,14,14,14,14,14,0,14.0,-0.0,1,14,,256,1,1,1,0.0,0.0,0.0,True,True,True,True,True,False,high_variance_close_mean,called_suit_pressure|late_hand,first_trick_public_belief_update|late_trick_threshold_closure,distribution_labels_ready|hidden_threat_offline_label_ready|public_context_ready,bid_margin,True,8,1,2-1,0.003968238830566406,1,3-3,0.00336456298828125,1,2-1,0.003968238830566406
5,840705,6,sixes,84,schema_v2_bid_value,16,4,0,0,bidder,offense,2,34,0,30,5,0,,,,,False,False,0,27,6-6,3,24,6-3,0,False,True,,,True,,3,0,2,1,3,42.0,13.71049690246582,0.002525320276618004,0.0,0.0,14,14,14,14,14,0,14.0,-0.0,1,14,,256,2,2,2,0.00595855712890625,0.0,0.0,False,False,False,False,True,False,high_variance_close_mean,called_suit_pressure|late_hand,first_trick_public_belief_update|late_trick_threshold_closure,distribution_labels_ready|hidden_threat_offline_label_ready|public_context_ready,bid_margin,True,8,1,2-1,0.0036401748657226562,1,3-3,0.003223419189453125,1,2-1,0.0036401748657226562
5,840705,6,sixes,84,schema_v2_bid_value,16,4,0,0,bidder,offense,2,34,0,30,5,0,,,,,False,False,0,27,6-6,6,13,4-3,0,False,False,,,True,,3,0,2,1,3,42.0,13.699649810791016,0.0019996939226984978,0.0,0.0,14,14,14,14,14,0,14.0,-0.0,1,14,,256,3,3,3,0.016805648803710938,0.0,0.0,False,False,False,False,False,False,,late_hand,first_trick_public_belief_update|late_trick_threshold_closure,distribution_labels_ready|hidden_threat_offline_label_ready|public_context_ready,bid_margin,True,8,1,2-1,0.0031986236572265625,1,3-3,0.0026178359985351562,1,2-1,0.0031986236572265625
5,840705,6,sixes,84,schema_v2_bid_value,17,4,1,1,left_setter,defense,3,34,0,30,5,0,7,called,0,offense,False,True,5,17,5-2,0,9,3-3,0,True,False,False,False,False,0,3,0,0,1,3,-41.0,-13.687685012817383,0.05047493055462837,1.0,0.0,-14,-14,-14,-14,-14,0,-14.0,-0.0,1,-14,,256,2,1,1,0.0015506744384765625,0.0,0.0,False,False,True,True,False,False,,late_hand,first_trick_public_belief_update|late_trick_threshold_closure,distribution_labels_ready|hidden_threat_offline_label_ready|public_context_ready,bid_margin,True,8,0,4-3,0.042288780212402344,0,6-1,0.03668785095214844,0,4-3,0.042288780212402344
5,840705,6,sixes,84,schema_v2_bid_value,17,4,1,1,left_setter,defense,3,34,0,30,5,0,7,called,0,offense,False,True,5,17,5-2,4,18,5-3,0,False,False,False,False,False,0,3,0,0,1,3,-41.0,-13.688238143920898,0.054537951946258545,1.0,0.0,-14,-14,-14,-14,-14,0,-14.0,-0.0,1,-14,,256,3,2,2,0.0021038055419921875,0.0,0.0,False,False,False,False,True,False,high_variance_close_mean,late_hand,first_trick_public_belief_update|late_trick_threshold_closure,distribution_labels_ready|hidden_threat_offline_label_ready|public_context_ready,bid_margin,True,8,0,4-3,0.04098987579345703,0,6-1,0.039798736572265625,0,4-3,0.04098987579345703
5,840705,6,sixes,84,schema_v2_bid_value,17,4,1,1,left_setter,defense,3,34,0,30,5,0,7,called,0,offense,False,True,5,17,5-2,5,17,5-2,0,False,False,False,False,False,0,3,0,0,1,3,-41.0,-13.686134338378906,0.0546572282910347,1.0,0.0,-14,-14,-14,-14,-14,0,-14.0,-0.0,1,-14,,256,1,3,3,0.0,0.0,0.0,True,True,False,False,True,True,scalar_ev_lying_by_omission|high_variance_close_mean,late_hand,first_trick_public_belief_update|late_trick_threshold_closure,distribution_labels_ready|hidden_threat_offline_label_ready|public_context_ready,bid_margin,True,8,0,4-3,0.04212379455566406,0,6-1,0.04050254821777344,0,4-3,0.04212379455566406
5,840705,6,sixes,84,schema_v2_bid_value,18,4,2,2,bidder_partner,offense,0,34,0,30,5,0,7,called,0,offense,True,False,1,22,6-1,1,22,6-1,0,False,True,True,False,False,39,3,5,1,0,1,42.0,13.715107917785645,0.0020614631939679384,0.0,0.0,14,14,14,14,14,0,14.0,-0.0,1,14,,256,1,1,1,0.0,0.0,0.0,True,True,True,True,False,False,,called_suit_pressure|late_hand,first_trick_public_belief_update|late_trick_threshold_closure,distribution_labels_ready|hidden_threat_offline_label_ready|public_context_ready,bid_margin,True,8,1,2-1,0.00313568115234375,1,3-1,0.00215911865234375,1,2-1,0.00313568115234375
5,840705,6,sixes,84,schema_v2_bid_value,19,4,3,3,right_setter,defense,1,34,0,30,5,0,7,called,0,offense,False,True,3,4,2-1,1,7,3-1,0,False,False,False,False,False,0,3,0,0,0,3,-41.0,-13.60807991027832,0.053673796355724335,1.0,0.0,-14,-14,-14,-14,-14,0,-14.0,-0.0,1,-14,,256,2,1,1,0.001651763916015625,0.0,0.0,False,False,True,True,True,False,high_variance_close_mean,last_to_act|late_hand,first_trick_public_belief_update|last_to_act_closure_policy|late_trick_threshold_closure,distribution_labels_ready|hidden_threat_offline_label_ready|public_context_ready,bid_margin,True,8,0,6-3,0.025896072387695312,0,6-3,0.025896072387695312,2,6-3,0.02112293243408203
5,840705,6,sixes,84,schema_v2_bid_value,19,4,3,3,right_setter,defense,1,34,0,30,5,0,7,called,0,offense,False,True,3,4,2-1,3,4,2-1,0,False,False,False,False,False,0,3,0,0,0,3,-41.0,-13.606428146362305,0.05367366224527359,1.0,0.0,-14,-14,-14,-14,-14,0,-14.0,-0.0,1,-14,,256,1,2,2,0.0,0.0,0.0,True,True,False,False,False,True,scalar_ev_lying_by_omission,last_to_act|late_hand,first_trick_public_belief_update|last_to_act_closure_policy|late_trick_threshold_closure,distribution_labels_ready|hidden_threat_offline_label_ready|public_context_ready,bid_margin,True,8,0,6-3,0.02827930450439453,0,6-3,0.02827930450439453,2,6-3,0.023064613342285156
5,840705,6,sixes,84,schema_v2_bid_value,19,4,3,3,right_setter,defense,1,34,0,30,5,0,7,called,0,offense,False,True,3,4,2-1,5,1,1-0,0,False,False,False,False,False,0,3,0,0,0,3,-41.0,-13.609848022460938,0.05610125884413719,1.0,0.0,-14,-14,-14,-14,-14,0,-14.0,-0.0,1,-14,,256,3,3,3,0.0034198760986328125,0.0,0.0,False,False,False,False,True,False,high_variance_close_mean,last_to_act|late_hand,first_trick_public_belief_update|last_to_act_closure_policy|late_trick_threshold_closure,distribution_labels_ready|hidden_threat_offline_label_ready|public_context_ready,bid_margin,True,8,0,6-3,0.027533531188964844,0,6-3,0.027533531188964844,2,6-3,0.02245807647705078
5,840705,6,sixes,84,schema_v2_bid_value,20,5,0,0,bidder,offense,2,35,0,30,5,0,,,,,False,False,3,24,6-3,3,24,6-3,0,False,True,,,True,,2,0,1,0,2,42.0,12.582707405090332,0.0365738682448864,0.0,0.0,13,13,13,13,13,0,13.0,-0.0,1,13,,256,1,1,1,0.0,0.0,0.0,True,True,True,True,True,False,high_variance_close_mean,called_suit_pressure|late_hand,first_trick_public_belief_update|late_trick_threshold_closure,distribution_labels_ready|hidden_threat_offline_label_ready|public_context_ready,bid_margin,True,8,1,1-0,0.04778289794921875,1,1-0,0.04778289794921875,1,3-1,0.035590171813964844
5,840705,6,sixes,84,schema_v2_bid_value,20,5,0,0,bidder,offense,2,35,0,30,5,0,,,,,False,False,3,24,6-3,6,13,4-3,0,False,False,,,True,,2,0,1,0,2,42.0,12.577666282653809,0.03142766281962395,0.0,0.0,13,13,13,13,13,0,13.0,-0.0,1,13,,256,2,2,2,0.0050411224365234375,0.0,0.0,False,False,False,False,True,False,high_variance_close_mean,late_hand,first_trick_public_belief_update|late_trick_threshold_closure,distribution_labels_ready|hidden_threat_offline_label_ready|public_context_ready,bid_margin,True,8,1,1-0,0.04130840301513672,1,1-0,0.04130840301513672,1,3-1,0.02990245819091797
5,840705,6,sixes,84,schema_v2_bid_value,21,5,1,1,left_setter,defense,3,35,0,30,5,0,7,called,0,offense,False,True,4,18,5-3,0,9,3-3,0,True,False,False,False,False,0,2,0,0,1,2,-41.0,-12.321029663085938,0.12491200864315033,1.0,0.0,-12,-12,-12,-12,-12,0,-12.000000000000002,-0.0,1,-12,,256,2,1,1,0.0002193450927734375,0.0,0.0,False,False,True,True,True,False,high_variance_close_mean,late_hand,first_trick_public_belief_update|late_trick_threshold_closure,distribution_labels_ready|hidden_threat_offline_label_ready|public_context_ready,bid_margin,True,8,0,4-1,0.15963268280029297,0,4-1,0.15963268280029297,0,4-3,0.10631942749023438
5,840705,6,sixes,84,schema_v2_bid_value,21,5,1,1,left_setter,defense,3,35,0,30,5,0,7,called,0,offense,False,True,4,18,5-3,4,18,5-3,0,False,False,False,False,False,0,2,0,0,1,2,-41.0,-12.320810317993164,0.12614595890045166,1.0,0.0,-12,-12,-12,-12,-12,0,-12.000000000000002,-0.0,1,-12,,256,1,2,2,0.0,0.0,0.0,True,True,False,False,True,True,scalar_ev_lying_by_omission|high_variance_close_mean,late_hand,first_trick_public_belief_update|late_trick_threshold_closure,distribution_labels_ready|hidden_threat_offline_label_ready|public_context_ready,bid_margin,True,8,0,4-1,0.16134262084960938,0,4-1,0.16134262084960938,0,4-3,0.10511398315429688
5,840705,6,sixes,84,schema_v2_bid_value,22,5,2,2,bidder_partner,offense,0,35,0,30,5,0,7,called,0,offense,True,False,5,11,4-1,5,11,4-1,5,False,False,False,False,False,0,2,5,0,0,2,42.0,12.583473205566406,0.01146894134581089,0.0,0.0,13,13,13,13,13,0,13.0,-0.0,1,13,,256,1,1,1,0.0,0.0,0.0,True,True,True,True,True,False,high_variance_close_mean,late_hand|partner_count_donation,first_trick_public_belief_update|late_trick_threshold_closure|partner_forcedness_and_safety,distribution_labels_ready|hidden_threat_offline_label_ready|needs_belief_model|public_context_ready,bid_margin,True,7,1,1-0,0.016081809997558594,1,1-0,0.016081809997558594,1,3-3,0.009218215942382812
5,840705,6,sixes,84,schema_v2_bid_value,22,5,2,2,bidder_partner,offense,0,35,0,30,5,0,7,called,0,offense,True,False,5,11,4-1,6,10,4-0,0,False,False,False,False,False,0,2,5,0,0,2,42.0,12.579651832580566,0.00957889761775732,0.0,0.0,13,13,13,13,13,0,13.0,-0.0,1,13,,256,2,2,2,0.0038213729858398438,0.0,0.0,False,False,False,False,True,False,high_variance_close_mean,late_hand,first_trick_public_belief_update|late_trick_threshold_closure,distribution_labels_ready|hidden_threat_offline_label_ready|public_context_ready,bid_margin,True,7,1,1-0,0.012141227722167969,1,1-0,0.012141227722167969,1,3-3,0.011410713195800781
5,840705,6,sixes,84,schema_v2_bid_value,23,5,3,3,right_setter,defense,1,35,0,35,0,5,7,called,0,offense,False,True,1,7,3-1,1,7,3-1,0,False,False,False,False,False,0,2,0,0,0,2,-41.0,-12.390924453735352,0.010555898770689964,1.0,0.0,-12,-12,-12,-12,-12,0,-12.000000000000002,-0.0,1,-12,,256,1,1,1,0.0,0.0,0.0,True,True,True,True,True,False,high_variance_close_mean,last_to_act|late_hand,first_trick_public_belief_update|last_to_act_closure_policy|late_trick_threshold_closure,distribution_labels_ready|hidden_threat_offline_label_ready|public_context_ready,bid_margin,True,5,0,4-0,0.010637283325195312,2,4-0,0.010474205017089844,0,4-0,0.010637283325195312
5,840705,6,sixes,84,schema_v2_bid_value,23,5,3,3,right_setter,defense,1,35,0,35,0,5,7,called,0,offense,False,True,1,7,3-1,5,1,1-0,0,False,False,False,False,False,0,2,0,0,0,2,-41.0,-12.395340919494629,0.01412730012089014,1.0,0.0,-12,-12,-12,-12,-12,0,-12.000000000000002,-0.0,1,-12,,256,2,2,2,0.004416465759277344,0.0,0.0,False,False,False,False,True,False,high_variance_close_mean,last_to_act|late_hand,first_trick_public_belief_update|last_to_act_closure_policy|late_trick_threshold_closure,distribution_labels_ready|hidden_threat_offline_label_ready|public_context_ready,bid_margin,True,5,0,4-0,0.014238357543945312,2,4-0,0.014017105102539062,0,4-0,0.014238357543945312
5,840705,6,sixes,84,schema_v2_bid_value,24,6,0,0,bidder,offense,2,41,0,35,0,0,,,,,False,False,6,13,4-3,6,13,4-3,0,False,False,,,True,,1,0,0,0,1,42.0,3.627819538116455,0.15651771426200867,0.0,0.0,3,3,4,4,4,1,3.0000000000000004,0.9998238825988729,1,4,,256,1,1,1,0.0,0.0,0.0,True,True,True,True,False,False,,late_hand,first_trick_public_belief_update|late_trick_threshold_closure,distribution_labels_ready|hidden_threat_offline_label_ready|public_context_ready,bid_margin,True,5,1,1-0,0.1589822769165039,1,1-0,0.1589822769165039,3,1-0,0.15409064292907715
5,840705,6,sixes,84,schema_v2_bid_value,25,6,1,1,left_setter,defense,3,41,0,35,0,0,4,4,0,offense,False,True,0,9,3-3,0,9,3-3,0,True,False,False,False,False,0,1,0,0,1,1,-41.0,-6.40777587890625,0.0,1.0,0.0,-6,-6,-6,-6,-6,0,-6.000000000000001,-0.0,1,-6,,256,1,1,1,0.0,0.0,0.0,True,True,True,True,False,False,,late_hand,first_trick_public_belief_update|late_trick_threshold_closure,distribution_labels_ready|hidden_threat_offline_label_ready|public_context_ready,bid_margin,True,2,3,1-0,0.0,3,1-0,0.0,3,1-0,0.0
5,840705,6,sixes,84,schema_v2_bid_value,26,6,2,2,bidder_partner,offense,0,41,0,35,0,0,4,4,0,offense,True,False,6,10,4-0,6,10,4-0,0,False,False,True,False,False,20,1,0,0,0,1,42.0,6.105888843536377,0.0,0.0,0.0,6,6,6,6,6,0,6.000000000000001,-0.0,1,6,,256,1,1,1,0.0,0.0,0.0,True,True,True,True,False,False,,late_hand,first_trick_public_belief_update|late_trick_threshold_closure,distribution_labels_ready|hidden_threat_offline_label_ready|public_context_ready,bid_margin,True,1,3,1-0,0.0,3,1-0,0.0,3,1-0,0.0
5,840705,6,sixes,84,schema_v2_bid_value,27,6,3,3,right_setter,defense,1,41,0,35,0,0,4,4,0,offense,False,True,5,1,1-0,5,1,1-0,0,False,False,False,False,False,0,1,0,0,0,1,-41.0,-6.422531604766846,9.5367431640625e-07,1.0,0.0,-6,-6,-6,-6,-6,0,-6.000000000000001,-0.0,1,-6,,256,1,1,1,0.0,0.0,0.0,True,True,True,True,False,False,,last_to_act|late_hand,first_trick_public_belief_update|last_to_act_closure_policy|late_trick_threshold_closure,distribution_labels_ready|public_context_ready,bid_margin,False,0,,,,,,,,,
