base_contrast_id,contrast_id,family,book_question,slice_name,slice_value,paired_decision_n,mean_delta,mean_delta_ci95_low,mean_delta_ci95_high,regret_delta,threshold_mass_delta,lower_tail_mass_delta,preferred_actual_action_rate,alternative_actual_action_rate
bidder_lead_called_suit_vs_off_suit,bidder_lead_called_suit_vs_off_suit__count_points=0,lead_plan,"When bidder is on lead, does pulling/using the called suit beat an off-suit lead in the same public state?",count_points,0,1472,-2.0277261454944577,-2.3063604693895248,-1.7487813347935393,2.0277261454944577,0.004018342590627625,0.05905910304484322,0.44021739130434784,0.43070652173913043
bidder_lead_called_suit_vs_off_suit,bidder_lead_called_suit_vs_off_suit__count_points=10,lead_plan,"When bidder is on lead, does pulling/using the called suit beat an off-suit lead in the same public state?",count_points,10,111,0.8419156396039972,-0.7021877781764881,2.4346806372742393,-0.8419156396039972,0.020810814406554978,0.00693693800686716,0.5855855855855856,0.36936936936936937
bidder_lead_called_suit_vs_off_suit,bidder_lead_called_suit_vs_off_suit__count_points=5,lead_plan,"When bidder is on lead, does pulling/using the called suit beat an off-suit lead in the same public state?",count_points,5,74,-4.245148366770229,-5.621855430909105,-2.7030826388178646,4.245148366770229,-0.004594594240188599,0.10439189066607002,0.33783783783783783,0.5540540540540541
bidder_lead_called_suit_vs_off_suit,bidder_lead_called_suit_vs_off_suit__current_winner_team=,lead_plan,"When bidder is on lead, does pulling/using the called suit beat an off-suit lead in the same public state?",current_winner_team,,1657,-1.9345209591507513,-2.231295760118447,-1.6634961205845031,1.9345209591507513,0.004758600313070314,0.057592033621038416,0.44538322269161135,0.432106216053108
bidder_lead_called_suit_vs_off_suit,bidder_lead_called_suit_vs_off_suit__decl=blanks,lead_plan,"When bidder is on lead, does pulling/using the called suit beat an off-suit lead in the same public state?",decl,blanks,185,-2.556222909044575,-3.4254007716436643,-1.6721884302190833,2.556222909044575,0.0002162164932972676,0.07199999890416055,0.3783783783783784,0.5297297297297298
bidder_lead_called_suit_vs_off_suit,bidder_lead_called_suit_vs_off_suit__decl=doubles,lead_plan,"When bidder is on lead, does pulling/using the called suit beat an off-suit lead in the same public state?",decl,doubles,160,-0.00979380663484335,-0.7502159226685763,0.7203464150428772,0.00979380663484335,0.01921875128755346,0.029406250483589247,0.5875,0.26875
bidder_lead_called_suit_vs_off_suit,bidder_lead_called_suit_vs_off_suit__decl=doubles-suit,lead_plan,"When bidder is on lead, does pulling/using the called suit beat an off-suit lead in the same public state?",decl,doubles-suit,182,1.4591428771778778,0.3872667052015498,2.5620564555565077,-1.4591428771778778,0.008104396190821797,-0.03521977947349404,0.45604395604395603,0.4010989010989011
bidder_lead_called_suit_vs_off_suit,bidder_lead_called_suit_vs_off_suit__decl=fives,lead_plan,"When bidder is on lead, does pulling/using the called suit beat an off-suit lead in the same public state?",decl,fives,180,-1.499750968337887,-2.3015447657762302,-0.70054497923702,1.499750968337887,0.031277778837829825,0.07336111080625819,0.5277777777777778,0.3333333333333333
bidder_lead_called_suit_vs_off_suit,bidder_lead_called_suit_vs_off_suit__decl=fours,lead_plan,"When bidder is on lead, does pulling/using the called suit beat an off-suit lead in the same public state?",decl,fours,191,-2.7779807457093915,-3.4908270608193086,-2.0657875007609667,2.7779807457093915,0.0029319364831085605,0.07337696264200498,0.45549738219895286,0.3769633507853403
bidder_lead_called_suit_vs_off_suit,bidder_lead_called_suit_vs_off_suit__decl=ones,lead_plan,"When bidder is on lead, does pulling/using the called suit beat an off-suit lead in the same public state?",decl,ones,184,-3.4174604913138826,-4.148741056494739,-2.6814291277171476,3.4174604913138826,-0.0074999991035007915,0.0884510882542995,0.3858695652173913,0.5434782608695652
bidder_lead_called_suit_vs_off_suit,bidder_lead_called_suit_vs_off_suit__decl=sixes,lead_plan,"When bidder is on lead, does pulling/using the called suit beat an off-suit lead in the same public state?",decl,sixes,195,-2.8476052514158,-3.5699553653884393,-2.116357965509479,2.8476052514158,-0.005128205075668983,0.06928205238416409,0.4358974358974359,0.4717948717948718
bidder_lead_called_suit_vs_off_suit,bidder_lead_called_suit_vs_off_suit__decl=threes,lead_plan,"When bidder is on lead, does pulling/using the called suit beat an off-suit lead in the same public state?",decl,threes,177,-2.424714548523817,-3.1163337686135946,-1.7342026634404888,2.424714548523817,-0.0025706213693750105,0.06067796543472062,0.4124293785310734,0.4632768361581921
bidder_lead_called_suit_vs_off_suit,bidder_lead_called_suit_vs_off_suit__decl=twos,lead_plan,"When bidder is on lead, does pulling/using the called suit beat an off-suit lead in the same public state?",decl,twos,203,-2.8708239383077974,-3.7309298491830307,-1.9489910081395962,2.8708239383077974,-0.0002955659957868712,0.07916255938026852,0.39408866995073893,0.4729064039408867
bidder_lead_called_suit_vs_off_suit,bidder_lead_called_suit_vs_off_suit__family_role=bidder,lead_plan,"When bidder is on lead, does pulling/using the called suit beat an off-suit lead in the same public state?",family_role,bidder,1657,-1.9345209591507513,-2.2093836689760202,-1.6549122936182807,1.9345209591507513,0.004758600313070314,0.057592033621038416,0.44538322269161135,0.432106216053108
bidder_lead_called_suit_vs_off_suit,bidder_lead_called_suit_vs_off_suit__phase=early,lead_plan,"When bidder is on lead, does pulling/using the called suit beat an off-suit lead in the same public state?",phase,early,1215,-2.182356835258291,-2.496000545434443,-1.88337031673686,2.182356835258291,0.006748971297049228,0.06553909445465102,0.44938271604938274,0.4205761316872428
bidder_lead_called_suit_vs_off_suit,bidder_lead_called_suit_vs_off_suit__phase=late,lead_plan,"When bidder is on lead, does pulling/using the called suit beat an off-suit lead in the same public state?",phase,late,46,-0.597475955505734,-2.3256029945028867,1.3069138526916504,0.597475955505734,-0.01000000093051273,0.04239130473655203,0.5217391304347826,0.4782608695652174
bidder_lead_called_suit_vs_off_suit,bidder_lead_called_suit_vs_off_suit__phase=middle,lead_plan,"When bidder is on lead, does pulling/using the called suit beat an off-suit lead in the same public state?",phase,middle,396,-1.329428738688655,-2.0548581584742425,-0.643903156159201,1.329428738688655,0.00036616322132899904,0.034974747297419895,0.42424242424242425,0.4621212121212121
bidder_lead_called_suit_vs_off_suit,bidder_lead_called_suit_vs_off_suit__position=lead,lead_plan,"When bidder is on lead, does pulling/using the called suit beat an off-suit lead in the same public state?",position,lead,1657,-1.9345209591507513,-2.2153363406164477,-1.6520637228771131,1.9345209591507513,0.004758600313070314,0.057592033621038416,0.44538322269161135,0.432106216053108
bidder_lead_called_suit_vs_off_suit,bidder_lead_called_suit_vs_off_suit__seat_role=bidder,lead_plan,"When bidder is on lead, does pulling/using the called suit beat an off-suit lead in the same public state?",seat_role,bidder,1657,-1.9345209591507513,-2.230936783086881,-1.6421158392804742,1.9345209591507513,0.004758600313070314,0.057592033621038416,0.44538322269161135,0.432106216053108
bidder_lead_called_suit_vs_off_suit,bidder_lead_called_suit_vs_off_suit__trick_idx=0,lead_plan,"When bidder is on lead, does pulling/using the called suit beat an off-suit lead in the same public state?",trick_idx,0,820,-2.224612333424029,-2.55962721563985,-1.874146270182441,2.224612333424029,0.008365853741855883,0.06916463440965588,0.44634146341463415,0.4219512195121951
bidder_lead_called_suit_vs_off_suit,bidder_lead_called_suit_vs_off_suit__trick_idx=1,lead_plan,"When bidder is on lead, does pulling/using the called suit beat an off-suit lead in the same public state?",trick_idx,1,395,-2.094636560585114,-2.6725821290495273,-1.5223831092490803,2.094636560585114,0.003392405209096172,0.0580126570797042,0.45569620253164556,0.4177215189873418
bidder_lead_called_suit_vs_off_suit,bidder_lead_called_suit_vs_off_suit__trick_idx=2,lead_plan,"When bidder is on lead, does pulling/using the called suit beat an off-suit lead in the same public state?",trick_idx,2,196,-1.4768299420687312,-2.431970923663858,-0.4499222774400699,1.4768299420687312,0.0025510215343033174,0.039617347369464685,0.413265306122449,0.45918367346938777
bidder_lead_called_suit_vs_off_suit,bidder_lead_called_suit_vs_off_suit__trick_idx=3,lead_plan,"When bidder is on lead, does pulling/using the called suit beat an off-suit lead in the same public state?",trick_idx,3,116,-1.1610448246115241,-2.5585043899201114,0.16470176546738066,1.1610448246115241,0.006724139539011079,0.03034482683568936,0.43103448275862066,0.45689655172413796
bidder_lead_called_suit_vs_off_suit,bidder_lead_called_suit_vs_off_suit__trick_idx=4,lead_plan,"When bidder is on lead, does pulling/using the called suit beat an off-suit lead in the same public state?",trick_idx,4,84,-1.218022764527372,-2.4921903862130073,0.006560818957430976,1.218022764527372,-0.013511902042886331,0.030535713481228976,0.44047619047619047,0.47619047619047616
bidder_lead_called_suit_vs_off_suit,bidder_lead_called_suit_vs_off_suit__trick_idx=5,lead_plan,"When bidder is on lead, does pulling/using the called suit beat an off-suit lead in the same public state?",trick_idx,5,46,-0.597475955505734,-2.344718050049699,1.396728134025698,0.597475955505734,-0.01000000093051273,0.04239130473655203,0.5217391304347826,0.4782608695652174
bidder_lead_called_suit_vs_off_suit,bidder_lead_called_suit_vs_off_suit__trick_position=0,lead_plan,"When bidder is on lead, does pulling/using the called suit beat an off-suit lead in the same public state?",trick_position,0,1657,-1.9345209591507513,-2.2324323769283354,-1.6685182071762263,1.9345209591507513,0.004758600313070314,0.057592033621038416,0.44538322269161135,0.432106216053108
bidder_lead_called_double_vs_called_non_double,bidder_lead_called_double_vs_called_non_double__count_points=0,lead_plan,"When both are legal called-suit leads, is the double lead better than a lower called-suit lead?",count_points,0,147,5.955669407637751,5.113312757643713,6.789118320763516,-5.955669407637751,0.09054421643618824,-0.07687074658746014,0.6530612244897959,0.061224489795918366
bidder_lead_called_double_vs_called_non_double,bidder_lead_called_double_vs_called_non_double__count_points=10,lead_plan,"When both are legal called-suit leads, is the double lead better than a lower called-suit lead?",count_points,10,35,4.73131982258388,3.121697017124721,6.382728127070836,-4.73131982258388,0.13571428188255855,0.0001428571928824697,0.6571428571428571,0.14285714285714285
bidder_lead_called_double_vs_called_non_double,bidder_lead_called_double_vs_called_non_double__current_winner_team=,lead_plan,"When both are legal called-suit leads, is the double lead better than a lower called-suit lead?",current_winner_team,,182,5.720217564358161,4.992406623049097,6.486921609430523,-5.720217564358161,0.09923076748356714,-0.062060438168163486,0.6538461538461539,0.07692307692307693
bidder_lead_called_double_vs_called_non_double,bidder_lead_called_double_vs_called_non_double__decl=fives,lead_plan,"When both are legal called-suit leads, is the double lead better than a lower called-suit lead?",decl,fives,35,4.73131982258388,3.147861889430455,6.459712178366525,-4.73131982258388,0.13571428188255855,0.0001428571928824697,0.6571428571428571,0.14285714285714285
bidder_lead_called_double_vs_called_non_double,bidder_lead_called_double_vs_called_non_double__decl=fours,lead_plan,"When both are legal called-suit leads, is the double lead better than a lower called-suit lead?",decl,fours,28,8.047524664018836,6.075479619204998,9.861557127109595,-8.047524664018836,0.0980357149881976,-0.1173214248181986,0.7857142857142857,0.0
bidder_lead_called_double_vs_called_non_double,bidder_lead_called_double_vs_called_non_double__decl=ones,lead_plan,"When both are legal called-suit leads, is the double lead better than a lower called-suit lead?",decl,ones,20,5.168831379711628,3.5858792632818224,6.830424228310585,-5.168831379711628,0.1037499938160181,-0.048750000353902576,0.55,0.0
bidder_lead_called_double_vs_called_non_double,bidder_lead_called_double_vs_called_non_double__decl=sixes,lead_plan,"When both are legal called-suit leads, is the double lead better than a lower called-suit lead?",decl,sixes,26,5.141810183341686,3.8584922001912045,6.45248000896894,-5.141810183341686,0.07134615228726314,-0.07307692126442607,0.7307692307692307,0.038461538461538464
bidder_lead_called_double_vs_called_non_double,bidder_lead_called_double_vs_called_non_double__decl=threes,lead_plan,"When both are legal called-suit leads, is the double lead better than a lower called-suit lead?",decl,threes,23,6.037303792393726,4.08996082647987,8.032136445460113,-6.037303792393726,0.0897826092398685,-0.07282608654350042,0.6956521739130435,0.08695652173913043
bidder_lead_called_double_vs_called_non_double,bidder_lead_called_double_vs_called_non_double__decl=twos,lead_plan,"When both are legal called-suit leads, is the double lead better than a lower called-suit lead?",decl,twos,33,4.099168068080237,2.733550227952726,5.776308624581858,-4.099168068080237,0.07075757194649089,-0.04878787549607681,0.48484848484848486,0.12121212121212122
bidder_lead_called_double_vs_called_non_double,bidder_lead_called_double_vs_called_non_double__family_role=bidder,lead_plan,"When both are legal called-suit leads, is the double lead better than a lower called-suit lead?",family_role,bidder,182,5.720217564358161,4.992321689623398,6.481879046903207,-5.720217564358161,0.09923076748356714,-0.062060438168163486,0.6538461538461539,0.07692307692307693
bidder_lead_called_double_vs_called_non_double,bidder_lead_called_double_vs_called_non_double__phase=early,lead_plan,"When both are legal called-suit leads, is the double lead better than a lower called-suit lead?",phase,early,170,5.736808858987163,4.974565386158578,6.552434141320341,-5.736808858987163,0.09564705705818008,-0.06370588107144132,0.6411764705882353,0.08235294117647059
bidder_lead_called_double_vs_called_non_double,bidder_lead_called_double_vs_called_non_double__position=lead,lead_plan,"When both are legal called-suit leads, is the double lead better than a lower called-suit lead?",position,lead,182,5.720217564358161,4.9586374544344105,6.490867414972285,-5.720217564358161,0.09923076748356714,-0.062060438168163486,0.6538461538461539,0.07692307692307693
bidder_lead_called_double_vs_called_non_double,bidder_lead_called_double_vs_called_non_double__seat_role=bidder,lead_plan,"When both are legal called-suit leads, is the double lead better than a lower called-suit lead?",seat_role,bidder,182,5.720217564358161,4.968275384752305,6.469810980198147,-5.720217564358161,0.09923076748356714,-0.062060438168163486,0.6538461538461539,0.07692307692307693
bidder_lead_called_double_vs_called_non_double,bidder_lead_called_double_vs_called_non_double__trick_idx=0,lead_plan,"When both are legal called-suit leads, is the double lead better than a lower called-suit lead?",trick_idx,0,139,5.638530249968707,4.91140278637838,6.396752727439078,-5.638530249968707,0.09305755247315056,-0.06305755320400429,0.6402877697841727,0.10071942446043165
bidder_lead_called_double_vs_called_non_double,bidder_lead_called_double_vs_called_non_double__trick_idx=1,lead_plan,"When both are legal called-suit leads, is the double lead better than a lower called-suit lead?",trick_idx,1,31,6.177477460715078,3.946446560082897,9.032441971763488,-6.177477460715078,0.10725806148782853,-0.06661289957382026,0.6451612903225806,0.0
bidder_lead_called_double_vs_called_non_double,bidder_lead_called_double_vs_called_non_double__trick_position=0,lead_plan,"When both are legal called-suit leads, is the double lead better than a lower called-suit lead?",trick_position,0,182,5.720217564358161,5.015117676375986,6.445945352315903,-5.720217564358161,0.09923076748356714,-0.062060438168163486,0.6538461538461539,0.07692307692307693
bidder_low_called_suit_vs_called_double,bidder_low_called_suit_vs_called_double__count_points=0,lead_plan_exception,Does the low-trump-first exception show up against leading the double?,count_points,0,156,-5.777788452804089,-6.606759204696386,-4.977889597033843,5.777788452804089,-0.10185897269119056,0.05891025558305092,0.08974358974358974,0.6794871794871795
bidder_low_called_suit_vs_called_double,bidder_low_called_suit_vs_called_double__current_winner_team=,lead_plan_exception,Does the low-trump-first exception show up against leading the double?,current_winner_team,,182,-5.720217564358161,-6.444625790056946,-4.9683648240599005,5.720217564358161,-0.09923076748356714,0.062060438168163486,0.07692307692307693,0.6538461538461539
bidder_low_called_suit_vs_called_double,bidder_low_called_suit_vs_called_double__decl=fives,lead_plan_exception,Does the low-trump-first exception show up against leading the double?,decl,fives,35,-4.73131982258388,-6.394315079280308,-3.1996258735656737,4.73131982258388,-0.13571428188255855,-0.0001428571928824697,0.14285714285714285,0.6571428571428571
bidder_low_called_suit_vs_called_double,bidder_low_called_suit_vs_called_double__decl=fours,lead_plan_exception,Does the low-trump-first exception show up against leading the double?,decl,fours,28,-8.047524664018836,-9.940404873873506,-6.218313106468746,8.047524664018836,-0.0980357149881976,0.1173214248181986,0.0,0.7857142857142857
bidder_low_called_suit_vs_called_double,bidder_low_called_suit_vs_called_double__decl=ones,lead_plan_exception,Does the low-trump-first exception show up against leading the double?,decl,ones,20,-5.168831379711628,-6.89894672781229,-3.5266731292009355,5.168831379711628,-0.1037499938160181,0.048750000353902576,0.0,0.55
bidder_low_called_suit_vs_called_double,bidder_low_called_suit_vs_called_double__decl=sixes,lead_plan_exception,Does the low-trump-first exception show up against leading the double?,decl,sixes,26,-5.141810183341686,-6.468672312222994,-3.7669957280158997,5.141810183341686,-0.07134615228726314,0.07307692126442607,0.038461538461538464,0.7307692307692307
bidder_low_called_suit_vs_called_double,bidder_low_called_suit_vs_called_double__decl=threes,lead_plan_exception,Does the low-trump-first exception show up against leading the double?,decl,threes,23,-6.037303792393726,-8.087556737920512,-4.067870803501295,6.037303792393726,-0.0897826092398685,0.07282608654350042,0.08695652173913043,0.6956521739130435
bidder_low_called_suit_vs_called_double,bidder_low_called_suit_vs_called_double__decl=twos,lead_plan_exception,Does the low-trump-first exception show up against leading the double?,decl,twos,33,-4.099168068080237,-5.734239991867181,-2.7622791013934394,4.099168068080237,-0.07075757194649089,0.04878787549607681,0.12121212121212122,0.48484848484848486
bidder_low_called_suit_vs_called_double,bidder_low_called_suit_vs_called_double__family_role=bidder,lead_plan_exception,Does the low-trump-first exception show up against leading the double?,family_role,bidder,182,-5.720217564358161,-6.460406199097633,-4.994974199641537,5.720217564358161,-0.09923076748356714,0.062060438168163486,0.07692307692307693,0.6538461538461539
bidder_low_called_suit_vs_called_double,bidder_low_called_suit_vs_called_double__phase=early,lead_plan_exception,Does the low-trump-first exception show up against leading the double?,phase,early,170,-5.736808858987163,-6.508239339292049,-4.961004210044356,5.736808858987163,-0.09564705705818008,0.06370588107144132,0.08235294117647059,0.6411764705882353
bidder_low_called_suit_vs_called_double,bidder_low_called_suit_vs_called_double__position=lead,lead_plan_exception,Does the low-trump-first exception show up against leading the double?,position,lead,182,-5.720217564358161,-6.488668967488703,-4.996309336397674,5.720217564358161,-0.09923076748356714,0.062060438168163486,0.07692307692307693,0.6538461538461539
bidder_low_called_suit_vs_called_double,bidder_low_called_suit_vs_called_double__seat_role=bidder,lead_plan_exception,Does the low-trump-first exception show up against leading the double?,seat_role,bidder,182,-5.720217564358161,-6.479680955328129,-4.963518427950995,5.720217564358161,-0.09923076748356714,0.062060438168163486,0.07692307692307693,0.6538461538461539
bidder_low_called_suit_vs_called_double,bidder_low_called_suit_vs_called_double__trick_idx=0,lead_plan_exception,Does the low-trump-first exception show up against leading the double?,trick_idx,0,139,-5.638530249968707,-6.372608721256256,-4.910391590149283,5.638530249968707,-0.09305755247315056,0.06305755320400429,0.10071942446043165,0.6402877697841727
bidder_low_called_suit_vs_called_double,bidder_low_called_suit_vs_called_double__trick_idx=1,lead_plan_exception,Does the low-trump-first exception show up against leading the double?,trick_idx,1,31,-6.177477460715078,-8.694132895238939,-3.952796490923051,6.177477460715078,-0.10725806148782853,0.06661289957382026,0.0,0.6451612903225806
bidder_low_called_suit_vs_called_double,bidder_low_called_suit_vs_called_double__trick_position=0,lead_plan_exception,Does the low-trump-first exception show up against leading the double?,trick_position,0,182,-5.720217564358161,-6.473093507381586,-4.956952178379992,5.720217564358161,-0.09923076748356714,0.062060438168163486,0.07692307692307693,0.6538461538461539
bidder_lead_count_vs_noncount,bidder_lead_count_vs_noncount__count_points=10,count_inventory,Is leading count from the bidder side better than leading non-count in the same lead state?,count_points,10,831,-2.2674590789373386,-2.790819061348477,-1.748437032753559,2.2674590789373386,-0.023267147816027258,0.04143802641423601,0.34296028880866425,0.5354993983152828
bidder_lead_count_vs_noncount,bidder_lead_count_vs_noncount__count_points=5,count_inventory,Is leading count from the bidder side better than leading non-count in the same lead state?,count_points,5,1013,-7.0172426043394225,-7.449460996563631,-6.60183118463681,7.0172426043394225,-0.06693484628185085,0.12992596297238945,0.12833168805528133,0.6633761105626851
bidder_lead_count_vs_noncount,bidder_lead_count_vs_noncount__current_winner_team=,count_inventory,Is leading count from the bidder side better than leading non-count in the same lead state?,current_winner_team,,1844,-4.876749052490652,-5.241791844308953,-4.535843779138994,4.876749052490652,-0.047255964814877205,0.09004880718072703,0.22505422993492408,0.6057483731019523
bidder_lead_count_vs_noncount,bidder_lead_count_vs_noncount__decl=blanks,count_inventory,Is leading count from the bidder side better than leading non-count in the same lead state?,decl,blanks,179,-4.4891806489595485,-5.520496620645736,-3.430031772099394,4.4891806489595485,-0.04349161993566505,0.0868715075255689,0.22346368715083798,0.6312849162011173
bidder_lead_count_vs_noncount,bidder_lead_count_vs_noncount__decl=doubles,count_inventory,Is leading count from the bidder side better than leading non-count in the same lead state?,decl,doubles,180,-3.662254963401291,-4.417450562285053,-2.9572914119395945,3.662254963401291,-0.04030555384750995,0.06608333342398207,0.17777777777777778,0.6277777777777778
bidder_lead_count_vs_noncount,bidder_lead_count_vs_noncount__decl=doubles-suit,count_inventory,Is leading count from the bidder side better than leading non-count in the same lead state?,decl,doubles-suit,177,-4.039371254459276,-5.162326440341392,-2.882242203558569,4.039371254459276,-0.04112994428829285,0.07830508493181676,0.24858757062146894,0.615819209039548
bidder_lead_count_vs_noncount,bidder_lead_count_vs_noncount__decl=fives,count_inventory,Is leading count from the bidder side better than leading non-count in the same lead state?,decl,fives,164,-4.557186698677336,-5.628222908097796,-3.492790880272301,4.557186698677336,-0.02948170762917981,0.09631097721072232,0.2804878048780488,0.47560975609756095
bidder_lead_count_vs_noncount,bidder_lead_count_vs_noncount__decl=fours,count_inventory,Is leading count from the bidder side better than leading non-count in the same lead state?,decl,fours,176,-4.34752814180981,-5.3319976917383345,-3.38726405758412,4.34752814180981,-0.03803977175531062,0.0766193174587732,0.2215909090909091,0.5681818181818182
bidder_lead_count_vs_noncount,bidder_lead_count_vs_noncount__decl=no-trump,count_inventory,Is leading count from the bidder side better than leading non-count in the same lead state?,decl,no-trump,238,-6.500199754558065,-8.012539561415295,-4.775555876310633,6.500199754558065,-0.06012605000756869,0.1298949585507522,0.2647058823529412,0.6176470588235294
bidder_lead_count_vs_noncount,bidder_lead_count_vs_noncount__decl=ones,count_inventory,Is leading count from the bidder side better than leading non-count in the same lead state?,decl,ones,175,-4.958831788258893,-5.933295815927642,-3.8885403335945945,4.958831788258893,-0.04905714136149202,0.09102857246994972,0.24571428571428572,0.6228571428571429
bidder_lead_count_vs_noncount,bidder_lead_count_vs_noncount__decl=sixes,count_inventory,Is leading count from the bidder side better than leading non-count in the same lead state?,decl,sixes,189,-4.875044600890269,-5.714097797555268,-4.008444281166823,4.875044600890269,-0.05298941757865053,0.07447090024059569,0.1746031746031746,0.6137566137566137
bidder_lead_count_vs_noncount,bidder_lead_count_vs_noncount__decl=threes,count_inventory,Is leading count from the bidder side better than leading non-count in the same lead state?,decl,threes,181,-5.131624346856254,-6.140200376345966,-4.165654736987793,5.131624346856254,-0.05273480681980348,0.09077348040406547,0.20441988950276244,0.6243093922651933
bidder_lead_count_vs_noncount,bidder_lead_count_vs_noncount__decl=twos,count_inventory,Is leading count from the bidder side better than leading non-count in the same lead state?,decl,twos,185,-5.607530804089195,-6.5228422790665075,-4.653705536503647,5.607530804089195,-0.05856756671155627,0.09791891888488789,0.20540540540540542,0.6432432432432432
bidder_lead_count_vs_noncount,bidder_lead_count_vs_noncount__family_role=bidder,count_inventory,Is leading count from the bidder side better than leading non-count in the same lead state?,family_role,bidder,1844,-4.876749052490652,-5.242738677579951,-4.503828030810924,4.876749052490652,-0.047255964814877205,0.09004880718072703,0.22505422993492408,0.6057483731019523
bidder_lead_count_vs_noncount,bidder_lead_count_vs_noncount__phase=early,count_inventory,Is leading count from the bidder side better than leading non-count in the same lead state?,phase,early,1275,-5.546022103635238,-5.960092625368579,-5.161257665323633,5.546022103635238,-0.049172548498300946,0.10238431408928306,0.2023529411764706,0.6023529411764705
bidder_lead_count_vs_noncount,bidder_lead_count_vs_noncount__phase=late,count_inventory,Is leading count from the bidder side better than leading non-count in the same lead state?,phase,late,73,0.4531503005642189,-1.3888612062453407,2.4032296526360595,-0.4531503005642189,0.008904109900332477,-0.018287673337410573,0.5342465753424658,0.4657534246575342
bidder_lead_count_vs_noncount,bidder_lead_count_vs_noncount__phase=middle,count_inventory,Is leading count from the bidder side better than leading non-count in the same lead state?,phase,middle,496,-3.9407803278206095,-4.659085570624279,-3.209635319578792,3.9407803278206095,-0.050594757673435756,0.07428427445777361,0.23790322580645162,0.6350806451612904
bidder_lead_count_vs_noncount,bidder_lead_count_vs_noncount__position=lead,count_inventory,Is leading count from the bidder side better than leading non-count in the same lead state?,position,lead,1844,-4.876749052490652,-5.218935983886099,-4.528705477840361,4.876749052490652,-0.047255964814877205,0.09004880718072703,0.22505422993492408,0.6057483731019523
bidder_lead_count_vs_noncount,bidder_lead_count_vs_noncount__seat_role=bidder,count_inventory,Is leading count from the bidder side better than leading non-count in the same lead state?,seat_role,bidder,1844,-4.876749052490652,-5.247114789923998,-4.50418464125294,4.876749052490652,-0.047255964814877205,0.09004880718072703,0.22505422993492408,0.6057483731019523
bidder_lead_count_vs_noncount,bidder_lead_count_vs_noncount__trick_idx=0,count_inventory,Is leading count from the bidder side better than leading non-count in the same lead state?,trick_idx,0,830,-5.982980308401839,-6.420927074971869,-5.521055639410778,5.982980308401839,-0.050927710315459465,0.11148192843714033,0.17710843373493976,0.6277108433734939
bidder_lead_count_vs_noncount,bidder_lead_count_vs_noncount__trick_idx=1,count_inventory,Is leading count from the bidder side better than leading non-count in the same lead state?,trick_idx,1,445,-4.731021407104275,-5.492797566874978,-3.929252281625954,4.731021407104275,-0.0458988758955109,0.08541573002474026,0.24943820224719102,0.5550561797752809
bidder_lead_count_vs_noncount,bidder_lead_count_vs_noncount__trick_idx=2,count_inventory,Is leading count from the bidder side better than leading non-count in the same lead state?,trick_idx,2,227,-4.984267269133996,-6.035465531674776,-3.8778272468744395,4.984267269133996,-0.06070484548380459,0.09103524256579676,0.2026431718061674,0.6475770925110133
bidder_lead_count_vs_noncount,bidder_lead_count_vs_noncount__trick_idx=3,count_inventory,Is leading count from the bidder side better than leading non-count in the same lead state?,trick_idx,3,147,-4.589062371627003,-5.831260927883135,-3.3492153797830855,4.589062371627003,-0.05877550908041244,0.08894557922723748,0.21768707482993196,0.6530612244897959
bidder_lead_count_vs_noncount,bidder_lead_count_vs_noncount__trick_idx=4,count_inventory,Is leading count from the bidder side better than leading non-count in the same lead state?,trick_idx,4,122,-1.2180836383314406,-2.4622425684919125,0.04596602623579932,1.2180836383314406,-0.021926229888359544,0.025450819034556874,0.32786885245901637,0.5901639344262295
bidder_lead_count_vs_noncount,bidder_lead_count_vs_noncount__trick_idx=5,count_inventory,Is leading count from the bidder side better than leading non-count in the same lead state?,trick_idx,5,73,0.4531503005642189,-1.4943664318894687,2.3743254158594835,-0.4531503005642189,0.008904109900332477,-0.018287673337410573,0.5342465753424658,0.4657534246575342
bidder_lead_count_vs_noncount,bidder_lead_count_vs_noncount__trick_position=0,count_inventory,Is leading count from the bidder side better than leading non-count in the same lead state?,trick_position,0,1844,-4.876749052490652,-5.2223541611520705,-4.515558215238986,4.876749052490652,-0.047255964814877205,0.09004880718072703,0.22505422993492408,0.6057483731019523
follower_beat_opponent_vs_decline,follower_beat_opponent_vs_decline__count_points=0,follow_obligation,"When an opponent is winning the trick and a follower can beat them, is taking control better than declining?",count_points,0,1377,11.536480555571744,10.917343480848642,12.147369540965228,-11.536480555571744,0.16734204782455747,-0.12437182297617652,0.7726942628903414,0.12273057371096587
follower_beat_opponent_vs_decline,follower_beat_opponent_vs_decline__count_points=10,follow_obligation,"When an opponent is winning the trick and a follower can beat them, is taking control better than declining?",count_points,10,247,9.988864093681473,8.460798897109322,11.59761097354,-9.988864093681473,0.14538461464242294,-0.07647773334643378,0.6720647773279352,0.18218623481781376
follower_beat_opponent_vs_decline,follower_beat_opponent_vs_decline__count_points=5,follow_obligation,"When an opponent is winning the trick and a follower can beat them, is taking control better than declining?",count_points,5,246,13.297313450354368,11.84510406577246,14.76863743732371,-13.297313450354368,0.1903861787102026,-0.11733739877240808,0.7642276422764228,0.10975609756097561
follower_beat_opponent_vs_decline,follower_beat_opponent_vs_decline__current_winner_team=defense,follow_obligation,"When an opponent is winning the trick and a follower can beat them, is taking control better than declining?",current_winner_team,defense,793,10.614451476208359,9.784680659020694,11.414240790439434,-10.614451476208359,0.21773013796347274,-0.10670870143455109,0.7919293820933165,0.11601513240857503
follower_beat_opponent_vs_decline,follower_beat_opponent_vs_decline__current_winner_team=offense,follow_obligation,"When an opponent is winning the trick and a follower can beat them, is taking control better than declining?",current_winner_team,offense,1077,12.26263903836171,11.49597482320309,12.978399771564128,-12.26263903836171,0.13046889529133712,-0.12478644404380462,0.7335190343546889,0.13834726090993502
follower_beat_opponent_vs_decline,follower_beat_opponent_vs_decline__decl=blanks,follow_obligation,"When an opponent is winning the trick and a follower can beat them, is taking control better than declining?",decl,blanks,227,12.470038314550983,11.076105688702693,13.946029921197681,-12.470038314550983,0.17900881020655848,-0.13614537486486497,0.7709251101321586,0.09251101321585903
follower_beat_opponent_vs_decline,follower_beat_opponent_vs_decline__decl=doubles,follow_obligation,"When an opponent is winning the trick and a follower can beat them, is taking control better than declining?",decl,doubles,263,7.704060039493634,6.537838207479892,8.941067658747217,-7.704060039493634,0.11560836463401752,-0.07722433424154615,0.714828897338403,0.17110266159695817
follower_beat_opponent_vs_decline,follower_beat_opponent_vs_decline__decl=doubles-suit,follow_obligation,"When an opponent is winning the trick and a follower can beat them, is taking control better than declining?",decl,doubles-suit,80,17.51852765157819,14.455164386332035,20.33751722499728,-17.51852765157819,0.25818749986356127,-0.23012500174809247,0.9375,0.05
follower_beat_opponent_vs_decline,follower_beat_opponent_vs_decline__decl=fives,follow_obligation,"When an opponent is winning the trick and a follower can beat them, is taking control better than declining?",decl,fives,181,10.604956095431062,8.898745628145848,12.191385482103456,-10.604956095431062,0.1441436470511951,-0.08483425433135164,0.7458563535911602,0.08287292817679558
follower_beat_opponent_vs_decline,follower_beat_opponent_vs_decline__decl=fours,follow_obligation,"When an opponent is winning the trick and a follower can beat them, is taking control better than declining?",decl,fours,213,8.997693446593823,7.501200421920982,10.53470537768668,-8.997693446593823,0.15239436637190446,-0.08382629133551053,0.7276995305164319,0.15492957746478872
follower_beat_opponent_vs_decline,follower_beat_opponent_vs_decline__decl=no-trump,follow_obligation,"When an opponent is winning the trick and a follower can beat them, is taking control better than declining?",decl,no-trump,36,25.98901796568599,18.506969962062108,32.77518217327694,-25.98901796568599,0.3276388914996965,-0.3109722240414057,0.8333333333333334,0.1111111111111111
follower_beat_opponent_vs_decline,follower_beat_opponent_vs_decline__decl=ones,follow_obligation,"When an opponent is winning the trick and a follower can beat them, is taking control better than declining?",decl,ones,199,12.32935730162388,10.742499820779818,13.972295183336817,-12.32935730162388,0.1801758769656246,-0.1102512564847068,0.7638190954773869,0.135678391959799
follower_beat_opponent_vs_decline,follower_beat_opponent_vs_decline__decl=sixes,follow_obligation,"When an opponent is winning the trick and a follower can beat them, is taking control better than declining?",decl,sixes,189,11.446033261859267,9.91493994929882,12.991921972030054,-11.446033261859267,0.14910052840415605,-0.1067195771232484,0.7671957671957672,0.1164021164021164
follower_beat_opponent_vs_decline,follower_beat_opponent_vs_decline__decl=threes,follow_obligation,"When an opponent is winning the trick and a follower can beat them, is taking control better than declining?",decl,threes,227,13.182034884964112,11.459626147655836,14.74838014311949,-13.182034884964112,0.18270925188330434,-0.1294493398009615,0.7797356828193832,0.11894273127753303
follower_beat_opponent_vs_decline,follower_beat_opponent_vs_decline__decl=twos,follow_obligation,"When an opponent is winning the trick and a follower can beat them, is taking control better than declining?",decl,twos,255,11.705877852819714,10.17306318125304,13.269760028871836,-11.705877852819714,0.17892156870414813,-0.13133333304933473,0.7294117647058823,0.16862745098039217
follower_beat_opponent_vs_decline,follower_beat_opponent_vs_decline__family_role=bidder,follow_obligation,"When an opponent is winning the trick and a follower can beat them, is taking control better than declining?",family_role,bidder,337,9.58981004551064,8.459044348904504,10.67567277790354,-9.58981004551064,0.20596439149838705,-0.09234421360872973,0.7952522255192879,0.11869436201780416
follower_beat_opponent_vs_decline,follower_beat_opponent_vs_decline__family_role=partner,follow_obligation,"When an opponent is winning the trick and a follower can beat them, is taking control better than declining?",family_role,partner,456,11.371697445824873,10.212498530753676,12.466167326215981,-11.371697445824873,0.22642543743438037,-0.11732456195494977,0.7894736842105263,0.11403508771929824
follower_beat_opponent_vs_decline,follower_beat_opponent_vs_decline__family_role=setter,follow_obligation,"When an opponent is winning the trick and a follower can beat them, is taking control better than declining?",family_role,setter,1077,12.26263903836171,11.524381209358776,13.018164672843092,-12.26263903836171,0.13046889529133712,-0.12478644404380462,0.7335190343546889,0.13834726090993502
follower_beat_opponent_vs_decline,follower_beat_opponent_vs_decline__phase=early,follow_obligation,"When an opponent is winning the trick and a follower can beat them, is taking control better than declining?",phase,early,663,16.668633406618884,15.760948405191611,17.545535217424003,-16.668633406618884,0.2059049767822724,-0.17596530993953685,0.808446455505279,0.04675716440422323
follower_beat_opponent_vs_decline,follower_beat_opponent_vs_decline__phase=late,follow_obligation,"When an opponent is winning the trick and a follower can beat them, is taking control better than declining?",phase,late,189,6.215697829828415,4.40498709620011,7.925857032368344,-6.215697829828415,0.08259259235291254,-0.02460317470369831,0.7724867724867724,0.2275132275132275
follower_beat_opponent_vs_decline,follower_beat_opponent_vs_decline__phase=middle,follow_obligation,"When an opponent is winning the trick and a follower can beat them, is taking control better than declining?",phase,middle,1018,9.231877629197347,8.514692409766367,9.899293499395858,-9.231877629197347,0.1582023576350264,-0.09597249505291226,0.7229862475442044,0.16404715127701375
follower_beat_opponent_vs_decline,follower_beat_opponent_vs_decline__position=last,follow_obligation,"When an opponent is winning the trick and a follower can beat them, is taking control better than declining?",position,last,640,15.222795203748683,14.194819843042932,16.286905783963448,-15.222795203748683,0.20663281258166535,-0.1522109375349828,0.790625,0.1140625
follower_beat_opponent_vs_decline,follower_beat_opponent_vs_decline__position=second,follow_obligation,"When an opponent is winning the trick and a follower can beat them, is taking control better than declining?",position,second,887,7.686740593476669,7.092798674592261,8.287435273565835,-7.686740593476669,0.10922773386191119,-0.0857891771677785,0.7102593010146562,0.15670800450958286
follower_beat_opponent_vs_decline,follower_beat_opponent_vs_decline__position=third,follow_obligation,"When an opponent is winning the trick and a follower can beat them, is taking control better than declining?",position,third,343,14.76208288086247,13.490303621228252,16.06971560783532,-14.76208288086247,0.2450291534869473,-0.1326676393660877,0.8221574344023324,0.08454810495626822
follower_beat_opponent_vs_decline,follower_beat_opponent_vs_decline__seat_role=bidder,follow_obligation,"When an opponent is winning the trick and a follower can beat them, is taking control better than declining?",seat_role,bidder,337,9.58981004551064,8.43664293354847,10.689196208334398,-9.58981004551064,0.20596439149838705,-0.09234421360872973,0.7952522255192879,0.11869436201780416
follower_beat_opponent_vs_decline,follower_beat_opponent_vs_decline__seat_role=bidder_partner,follow_obligation,"When an opponent is winning the trick and a follower can beat them, is taking control better than declining?",seat_role,bidder_partner,456,11.371697445824873,10.262215154686649,12.43539161318423,-11.371697445824873,0.22642543743438037,-0.11732456195494977,0.7894736842105263,0.11403508771929824
follower_beat_opponent_vs_decline,follower_beat_opponent_vs_decline__seat_role=left_setter,follow_obligation,"When an opponent is winning the trick and a follower can beat them, is taking control better than declining?",seat_role,left_setter,581,10.182893578126015,9.212780084178853,11.085577302650435,-10.182893578126015,0.11216867568449032,-0.10718588647713144,0.7332185886402753,0.13941480206540446
follower_beat_opponent_vs_decline,follower_beat_opponent_vs_decline__seat_role=right_setter,follow_obligation,"When an opponent is winning the trick and a follower can beat them, is taking control better than declining?",seat_role,right_setter,496,14.698792490774894,13.638860450574054,15.86952994715783,-14.698792490774894,0.1519052412420992,-0.14540322619347623,0.7338709677419355,0.13709677419354838
follower_beat_opponent_vs_decline,follower_beat_opponent_vs_decline__trick_idx=0,follow_obligation,"When an opponent is winning the trick and a follower can beat them, is taking control better than declining?",trick_idx,0,300,19.4029160735372,17.989971457410526,20.711327578811517,-19.4029160735372,0.23066666595016916,-0.20865000100185474,0.7966666666666666,0.03333333333333333
follower_beat_opponent_vs_decline,follower_beat_opponent_vs_decline__trick_idx=1,follow_obligation,"When an opponent is winning the trick and a follower can beat them, is taking control better than declining?",trick_idx,1,363,14.408895665364078,13.33714692737938,15.486930245066642,-14.408895665364078,0.18544077085839075,-0.1489531685657204,0.8181818181818182,0.05785123966942149
follower_beat_opponent_vs_decline,follower_beat_opponent_vs_decline__trick_idx=2,follow_obligation,"When an opponent is winning the trick and a follower can beat them, is taking control better than declining?",trick_idx,2,332,10.811989032281899,9.66388015002461,12.01239156730877,-10.811989032281899,0.15756024122911405,-0.11462349399464228,0.7590361445783133,0.13253012048192772
follower_beat_opponent_vs_decline,follower_beat_opponent_vs_decline__trick_idx=3,follow_obligation,"When an opponent is winning the trick and a follower can beat them, is taking control better than declining?",trick_idx,3,361,9.136559659171427,8.117891227501417,10.241327364255682,-9.136559659171427,0.1564127429313648,-0.09152354559554123,0.7063711911357341,0.15789473684210525
follower_beat_opponent_vs_decline,follower_beat_opponent_vs_decline__trick_idx=4,follow_obligation,"When an opponent is winning the trick and a follower can beat them, is taking control better than declining?",trick_idx,4,325,7.723609325675151,6.424211842076709,9.072870357944987,-7.723609325675151,0.16084615318821027,-0.08186153845431712,0.7046153846153846,0.20307692307692307
follower_beat_opponent_vs_decline,follower_beat_opponent_vs_decline__trick_idx=5,follow_obligation,"When an opponent is winning the trick and a follower can beat them, is taking control better than declining?",trick_idx,5,189,6.215697829828415,4.48726543633356,7.900884615237672,-6.215697829828415,0.08259259235291254,-0.02460317470369831,0.7724867724867724,0.2275132275132275
follower_beat_opponent_vs_decline,follower_beat_opponent_vs_decline__trick_position=1,follow_obligation,"When an opponent is winning the trick and a follower can beat them, is taking control better than declining?",trick_position,1,887,7.686740593476669,7.075716422036948,8.300104745881965,-7.686740593476669,0.10922773386191119,-0.0857891771677785,0.7102593010146562,0.15670800450958286
follower_beat_opponent_vs_decline,follower_beat_opponent_vs_decline__trick_position=2,follow_obligation,"When an opponent is winning the trick and a follower can beat them, is taking control better than declining?",trick_position,2,343,14.76208288086247,13.568179794611632,15.967760539817306,-14.76208288086247,0.2450291534869473,-0.1326676393660877,0.8221574344023324,0.08454810495626822
follower_beat_opponent_vs_decline,follower_beat_opponent_vs_decline__trick_position=3,follow_obligation,"When an opponent is winning the trick and a follower can beat them, is taking control better than declining?",trick_position,3,640,15.222795203748683,14.180625627691915,16.25899130871694,-15.222795203748683,0.20663281258166535,-0.1522109375349828,0.790625,0.1140625
follower_count_into_opponent_vs_noncount,follower_count_into_opponent_vs_noncount__count_points=10,follow_obligation,Is dumping count while the opponent controls the trick punished relative to non-count alternatives?,count_points,10,1024,-12.92976595529126,-13.579487945119581,-12.270943671523128,12.92976595529126,-0.1856494150861181,0.1909814453756553,0.0703125,0.7958984375
follower_count_into_opponent_vs_noncount,follower_count_into_opponent_vs_noncount__count_points=5,follow_obligation,Is dumping count while the opponent controls the trick punished relative to non-count alternatives?,count_points,5,2502,-5.026907581046855,-5.326894905102505,-4.734693273854294,5.026907581046855,-0.07345723392118772,0.06785571544716279,0.1442845723421263,0.7270183852917665
follower_count_into_opponent_vs_noncount,follower_count_into_opponent_vs_noncount__current_winner_team=defense,follow_obligation,Is dumping count while the opponent controls the trick punished relative to non-count alternatives?,current_winner_team,defense,1516,-7.253674034251018,-7.752097530174991,-6.803869655424616,7.253674034251018,-0.10191622680411883,0.0989511868944711,0.10554089709762533,0.7757255936675461
follower_count_into_opponent_vs_noncount,follower_count_into_opponent_vs_noncount__current_winner_team=offense,follow_obligation,Is dumping count while the opponent controls the trick punished relative to non-count alternatives?,current_winner_team,offense,2010,-7.3735488905835505,-7.811479770855524,-6.9811247448043074,7.3735488905835505,-0.10914925397211565,0.107129353622614,0.13582089552238805,0.7253731343283583
follower_count_into_opponent_vs_noncount,follower_count_into_opponent_vs_noncount__decl=blanks,follow_obligation,Is dumping count while the opponent controls the trick punished relative to non-count alternatives?,decl,blanks,371,-9.031547761687914,-10.231177504292395,-7.915158964570542,9.031547761687914,-0.13018867968659437,0.127210241418603,0.11320754716981132,0.7654986522911051
follower_count_into_opponent_vs_noncount,follower_count_into_opponent_vs_noncount__decl=doubles,follow_obligation,Is dumping count while the opponent controls the trick punished relative to non-count alternatives?,decl,doubles,336,-7.313098983229359,-8.231729845083985,-6.444253030144388,7.313098983229359,-0.09422619078430303,0.09721726187161125,0.12202380952380952,0.7380952380952381
follower_count_into_opponent_vs_noncount,follower_count_into_opponent_vs_noncount__decl=doubles-suit,follow_obligation,Is dumping count while the opponent controls the trick punished relative to non-count alternatives?,decl,doubles-suit,395,-7.066740671417947,-7.8715568825319595,-6.314335276629729,7.066740671417947,-0.09756962035935891,0.12151898644581625,0.10632911392405063,0.7721518987341772
follower_count_into_opponent_vs_noncount,follower_count_into_opponent_vs_noncount__decl=fives,follow_obligation,Is dumping count while the opponent controls the trick punished relative to non-count alternatives?,decl,fives,324,-5.364770228503111,-6.154141022007407,-4.605894840080981,5.364770228503111,-0.08828703713614816,0.07935185332633095,0.1111111111111111,0.7623456790123457
follower_count_into_opponent_vs_noncount,follower_count_into_opponent_vs_noncount__decl=fours,follow_obligation,Is dumping count while the opponent controls the trick punished relative to non-count alternatives?,decl,fours,297,-6.780816993666718,-7.812854709937818,-5.775757391394589,6.780816993666718,-0.10774410770020702,0.09609427756194013,0.1414141414141414,0.7272727272727273
follower_count_into_opponent_vs_noncount,follower_count_into_opponent_vs_noncount__decl=no-trump,follow_obligation,Is dumping count while the opponent controls the trick punished relative to non-count alternatives?,decl,no-trump,382,-6.1370608611861295,-6.963775931248022,-5.350041678662934,6.1370608611861295,-0.09248691099495944,0.0953534026800884,0.14659685863874344,0.7591623036649214
follower_count_into_opponent_vs_noncount,follower_count_into_opponent_vs_noncount__decl=ones,follow_obligation,Is dumping count while the opponent controls the trick punished relative to non-count alternatives?,decl,ones,328,-8.500145289921997,-9.697927295196257,-7.366218246105014,8.500145289921997,-0.12765243830920264,0.10875000046259474,0.11280487804878049,0.7164634146341463
follower_count_into_opponent_vs_noncount,follower_count_into_opponent_vs_noncount__decl=sixes,follow_obligation,Is dumping count while the opponent controls the trick punished relative to non-count alternatives?,decl,sixes,362,-6.773746975110998,-7.699477005333161,-5.872048907686869,6.773746975110998,-0.09099447531934354,0.0825414369731771,0.143646408839779,0.7320441988950276
follower_count_into_opponent_vs_noncount,follower_count_into_opponent_vs_noncount__decl=threes,follow_obligation,Is dumping count while the opponent controls the trick punished relative to non-count alternatives?,decl,threes,383,-7.719869845233099,-8.757642629111366,-6.759698577166849,7.719869845233099,-0.10368146245457796,0.10759791122219348,0.11488250652741515,0.7467362924281984
follower_count_into_opponent_vs_noncount,follower_count_into_opponent_vs_noncount__decl=twos,follow_obligation,Is dumping count while the opponent controls the trick punished relative to non-count alternatives?,decl,twos,348,-8.404699430747451,-9.582287098827033,-7.2805406246762505,8.404699430747451,-0.1291379311480613,0.11507183862261303,0.11781609195402298,0.7413793103448276
follower_count_into_opponent_vs_noncount,follower_count_into_opponent_vs_noncount__family_role=bidder,follow_obligation,Is dumping count while the opponent controls the trick punished relative to non-count alternatives?,family_role,bidder,719,-6.4420868504121485,-7.072917788988951,-5.847449419727246,6.4420868504121485,-0.0840194715479692,0.08776077819840467,0.1168289290681502,0.7719054242002782
follower_count_into_opponent_vs_noncount,follower_count_into_opponent_vs_noncount__family_role=partner,follow_obligation,Is dumping count while the opponent controls the trick punished relative to non-count alternatives?,family_role,partner,797,-7.985833614150827,-8.675958302823203,-7.350598383793044,7.985833614150827,-0.11806148029115972,0.10904642384863894,0.09535759096612297,0.7791718946047679
follower_count_into_opponent_vs_noncount,follower_count_into_opponent_vs_noncount__family_role=setter,follow_obligation,Is dumping count while the opponent controls the trick punished relative to non-count alternatives?,family_role,setter,2010,-7.3735488905835505,-7.8054075476486435,-6.969910007706885,7.3735488905835505,-0.10914925397211565,0.107129353622614,0.13582089552238805,0.7253731343283583
follower_count_into_opponent_vs_noncount,follower_count_into_opponent_vs_noncount__phase=early,follow_obligation,Is dumping count while the opponent controls the trick punished relative to non-count alternatives?,phase,early,1225,-9.950719688498245,-10.554718864386787,-9.35971808241034,9.950719688498245,-0.14812244923823342,0.14949796019160017,0.06448979591836734,0.7763265306122449
follower_count_into_opponent_vs_noncount,follower_count_into_opponent_vs_noncount__phase=late,follow_obligation,Is dumping count while the opponent controls the trick punished relative to non-count alternatives?,phase,late,438,-3.0757214404944517,-3.7273162871675742,-2.4581565325867096,3.0757214404944517,-0.019920091157498425,0.01484018239111865,0.273972602739726,0.726027397260274
follower_count_into_opponent_vs_noncount,follower_count_into_opponent_vs_noncount__phase=middle,follow_obligation,Is dumping count while the opponent controls the trick punished relative to non-count alternatives?,phase,middle,1863,-6.591844066908514,-6.971230683111402,-6.202385172324872,6.591844066908514,-0.09861513691635876,0.09431293558317345,0.12560386473429952,0.7326892109500805
follower_count_into_opponent_vs_noncount,follower_count_into_opponent_vs_noncount__position=last,follow_obligation,Is dumping count while the opponent controls the trick punished relative to non-count alternatives?,position,last,1428,-8.53056338614085,-9.06584492591875,-8.043336896514077,8.53056338614085,-0.12087184884285435,0.11945728306248993,0.08123249299719888,0.792016806722689
follower_count_into_opponent_vs_noncount,follower_count_into_opponent_vs_noncount__position=second,follow_obligation,Is dumping count while the opponent controls the trick punished relative to non-count alternatives?,position,second,1672,-5.4585031093160605,-5.841114010803321,-5.061068383729504,5.4585031093160605,-0.0823714115693675,0.08227870809181669,0.18002392344497609,0.6782296650717703
follower_count_into_opponent_vs_noncount,follower_count_into_opponent_vs_noncount__position=third,follow_obligation,Is dumping count while the opponent controls the trick punished relative to non-count alternatives?,position,third,426,-10.584838947915241,-11.610179301364425,-9.597627961509664,10.584838947915241,-0.149213615087836,0.1342370891331437,0.03755868544600939,0.8661971830985915
follower_count_into_opponent_vs_noncount,follower_count_into_opponent_vs_noncount__seat_role=bidder,follow_obligation,Is dumping count while the opponent controls the trick punished relative to non-count alternatives?,seat_role,bidder,719,-6.4420868504121485,-7.052645189177261,-5.848357372855061,6.4420868504121485,-0.0840194715479692,0.08776077819840467,0.1168289290681502,0.7719054242002782
follower_count_into_opponent_vs_noncount,follower_count_into_opponent_vs_noncount__seat_role=bidder_partner,follow_obligation,Is dumping count while the opponent controls the trick punished relative to non-count alternatives?,seat_role,bidder_partner,797,-7.985833614150827,-8.675894022850294,-7.311108658805377,7.985833614150827,-0.11806148029115972,0.10904642384863894,0.09535759096612297,0.7791718946047679
follower_count_into_opponent_vs_noncount,follower_count_into_opponent_vs_noncount__seat_role=left_setter,follow_obligation,Is dumping count while the opponent controls the trick punished relative to non-count alternatives?,seat_role,left_setter,1029,-6.847441735797796,-7.38903168568241,-6.33868578945778,6.847441735797796,-0.1049611281342913,0.10343537409586219,0.13896987366375121,0.7259475218658892
follower_count_into_opponent_vs_noncount,follower_count_into_opponent_vs_noncount__seat_role=right_setter,follow_obligation,Is dumping count while the opponent controls the trick punished relative to non-count alternatives?,seat_role,right_setter,981,-7.92539829147503,-8.594380160799359,-7.266481820852794,7.92539829147503,-0.11354230339833507,0.11100407832498671,0.1325178389398573,0.7247706422018348
follower_count_into_opponent_vs_noncount,follower_count_into_opponent_vs_noncount__trick_idx=0,follow_obligation,Is dumping count while the opponent controls the trick punished relative to non-count alternatives?,trick_idx,0,579,-11.33680456181882,-12.30875507537565,-10.380741741913589,11.33680456181882,-0.171822107522483,0.17446459493952093,0.0690846286701209,0.7996545768566494
follower_count_into_opponent_vs_noncount,follower_count_into_opponent_vs_noncount__trick_idx=1,follow_obligation,Is dumping count while the opponent controls the trick punished relative to non-count alternatives?,trick_idx,1,646,-8.708392843834757,-9.463178307388912,-8.002221212304276,8.708392843834757,-0.12688080504848032,0.12712074421784458,0.06037151702786378,0.7554179566563467
follower_count_into_opponent_vs_noncount,follower_count_into_opponent_vs_noncount__trick_idx=2,follow_obligation,Is dumping count while the opponent controls the trick punished relative to non-count alternatives?,trick_idx,2,663,-7.923485560550566,-8.660858451381753,-7.2590245562317595,7.923485560550566,-0.1189668171703366,0.12024886841108941,0.07239819004524888,0.755656108597285
follower_count_into_opponent_vs_noncount,follower_count_into_opponent_vs_noncount__trick_idx=3,follow_obligation,Is dumping count while the opponent controls the trick punished relative to non-count alternatives?,trick_idx,3,634,-6.596516823407838,-7.269063185204161,-5.983328741801791,6.596516823407838,-0.10175078940116551,0.09248422603460751,0.12460567823343849,0.7176656151419558
follower_count_into_opponent_vs_noncount,follower_count_into_opponent_vs_noncount__trick_idx=4,follow_obligation,Is dumping count while the opponent controls the trick punished relative to non-count alternatives?,trick_idx,4,566,-5.0267542472879265,-5.693261466696595,-4.343057858635912,5.0267542472879265,-0.07126325054930083,0.06598056524551009,0.18904593639575973,0.7226148409893993
follower_count_into_opponent_vs_noncount,follower_count_into_opponent_vs_noncount__trick_idx=5,follow_obligation,Is dumping count while the opponent controls the trick punished relative to non-count alternatives?,trick_idx,5,438,-3.0757214404944517,-3.762706423399451,-2.454332055090225,3.0757214404944517,-0.019920091157498425,0.01484018239111865,0.273972602739726,0.726027397260274
follower_count_into_opponent_vs_noncount,follower_count_into_opponent_vs_noncount__trick_position=1,follow_obligation,Is dumping count while the opponent controls the trick punished relative to non-count alternatives?,trick_position,1,1672,-5.4585031093160605,-5.841217198920476,-5.081393054328886,5.4585031093160605,-0.0823714115693675,0.08227870809181669,0.18002392344497609,0.6782296650717703
follower_count_into_opponent_vs_noncount,follower_count_into_opponent_vs_noncount__trick_position=2,follow_obligation,Is dumping count while the opponent controls the trick punished relative to non-count alternatives?,trick_position,2,426,-10.584838947915241,-11.635376792274275,-9.598454710323486,10.584838947915241,-0.149213615087836,0.1342370891331437,0.03755868544600939,0.8661971830985915
follower_count_into_opponent_vs_noncount,follower_count_into_opponent_vs_noncount__trick_position=3,follow_obligation,Is dumping count while the opponent controls the trick punished relative to non-count alternatives?,trick_position,3,1428,-8.53056338614085,-9.10398128704515,-7.981475273801369,8.53056338614085,-0.12087184884285435,0.11945728306248993,0.08123249299719888,0.792016806722689
partner_count_when_bidder_side_controls_vs_other,partner_count_when_bidder_side_controls_vs_other__count_points=10,partner_support_timing,"When bidder's side controls the trick, does partner count donation beat other same-state actions?",count_points,10,239,-0.23393718338723463,-1.132792128678645,0.6699478718214454,0.23393718338723463,-0.009225939918761472,-0.006192468889992856,0.5146443514644351,0.4225941422594142
partner_count_when_bidder_side_controls_vs_other,partner_count_when_bidder_side_controls_vs_other__count_points=5,partner_support_timing,"When bidder's side controls the trick, does partner count donation beat other same-state actions?",count_points,5,375,1.1452029297749202,0.6931457853317261,1.623199380795161,-1.1452029297749202,0.011373333819210529,-0.01519999960809946,0.648,0.30666666666666664
partner_count_when_bidder_side_controls_vs_other,partner_count_when_bidder_side_controls_vs_other__current_winner_team=offense,partner_support_timing,"When bidder's side controls the trick, does partner count donation beat other same-state actions?",current_winner_team,offense,614,0.6083715176482833,0.1635660004683737,1.0324000886456393,-0.6083715176482833,0.0033550497420520463,-0.01169381094095373,0.5960912052117264,0.3517915309446254
partner_count_when_bidder_side_controls_vs_other,partner_count_when_bidder_side_controls_vs_other__decl=blanks,partner_support_timing,"When bidder's side controls the trick, does partner count donation beat other same-state actions?",decl,blanks,50,0.5237076342105865,-1.1150778329372406,2.3876240634918213,-0.5237076342105865,0.005000001490116119,-0.000699999388307333,0.56,0.38
partner_count_when_bidder_side_controls_vs_other,partner_count_when_bidder_side_controls_vs_other__decl=doubles,partner_support_timing,"When bidder's side controls the trick, does partner count donation beat other same-state actions?",decl,doubles,63,0.823597283531276,-0.3472958406995213,1.9849739670162163,-0.823597283531276,-7.936634892036044e-05,-0.03190476225600356,0.6507936507936508,0.31746031746031744
partner_count_when_bidder_side_controls_vs_other,partner_count_when_bidder_side_controls_vs_other__decl=doubles-suit,partner_support_timing,"When bidder's side controls the trick, does partner count donation beat other same-state actions?",decl,doubles-suit,66,-0.0033214164502692947,-1.4381331656918381,1.366220889669476,0.0033214164502692947,-0.01151515224553419,0.001893938843612418,0.5151515151515151,0.45454545454545453
partner_count_when_bidder_side_controls_vs_other,partner_count_when_bidder_side_controls_vs_other__decl=fives,partner_support_timing,"When bidder's side controls the trick, does partner count donation beat other same-state actions?",decl,fives,61,1.7826477262328884,0.6219563066470818,2.8827169835567474,-1.7826477262328884,0.030245907971116363,-0.014016392167474403,0.7213114754098361,0.22950819672131148
partner_count_when_bidder_side_controls_vs_other,partner_count_when_bidder_side_controls_vs_other__decl=fours,partner_support_timing,"When bidder's side controls the trick, does partner count donation beat other same-state actions?",decl,fours,47,0.5701096644426914,-1.4776438211506986,2.7918068921946464,-0.5701096644426914,-0.00489362139017024,-0.022234042016591165,0.5957446808510638,0.3617021276595745
partner_count_when_bidder_side_controls_vs_other,partner_count_when_bidder_side_controls_vs_other__decl=no-trump,partner_support_timing,"When bidder's side controls the trick, does partner count donation beat other same-state actions?",decl,no-trump,85,0.5743647158145905,-0.682062096455518,1.7238851606845855,-0.5743647158145905,0.00241176393978736,-0.014823528685990501,0.6352941176470588,0.3176470588235294
partner_count_when_bidder_side_controls_vs_other,partner_count_when_bidder_side_controls_vs_other__decl=ones,partner_support_timing,"When bidder's side controls the trick, does partner count donation beat other same-state actions?",decl,ones,63,0.5047982999729732,-0.9107152526340787,1.8074050514944016,-0.5047982999729732,0.01158730262920024,-0.004285714219486903,0.5396825396825397,0.3968253968253968
partner_count_when_bidder_side_controls_vs_other,partner_count_when_bidder_side_controls_vs_other__decl=sixes,partner_support_timing,"When bidder's side controls the trick, does partner count donation beat other same-state actions?",decl,sixes,56,-0.2253951637872628,-1.557028470294816,1.115395596516984,0.2253951637872628,-0.014910712139680982,-0.0017857145950464265,0.5,0.42857142857142855
partner_count_when_bidder_side_controls_vs_other,partner_count_when_bidder_side_controls_vs_other__decl=threes,partner_support_timing,"When bidder's side controls the trick, does partner count donation beat other same-state actions?",decl,threes,57,0.3867331952379461,-1.0646980059774298,1.6369894847535251,-0.3867331952379461,0.0060526350872558456,-0.011578948825205626,0.5789473684210527,0.3333333333333333
partner_count_when_bidder_side_controls_vs_other,partner_count_when_bidder_side_controls_vs_other__decl=twos,partner_support_timing,"When bidder's side controls the trick, does partner count donation beat other same-state actions?",decl,twos,66,1.062207462435419,-0.1293831259915323,2.2468631676200665,-1.062207462435419,0.00780303172315612,-0.016212120581644052,0.6363636363636364,0.3181818181818182
partner_count_when_bidder_side_controls_vs_other,partner_count_when_bidder_side_controls_vs_other__family_role=partner,partner_support_timing,"When bidder's side controls the trick, does partner count donation beat other same-state actions?",family_role,partner,614,0.6083715176482833,0.19111493023579595,1.0536731289584396,-0.6083715176482833,0.0033550497420520463,-0.01169381094095373,0.5960912052117264,0.3517915309446254
partner_count_when_bidder_side_controls_vs_other,partner_count_when_bidder_side_controls_vs_other__phase=early,partner_support_timing,"When bidder's side controls the trick, does partner count donation beat other same-state actions?",phase,early,375,0.23762757967909176,-0.268121490051349,0.7706932498514653,-0.23762757967909176,0.00598666816453139,-0.002359999639292558,0.5973333333333334,0.3546666666666667
partner_count_when_bidder_side_controls_vs_other,partner_count_when_bidder_side_controls_vs_other__phase=late,partner_support_timing,"When bidder's side controls the trick, does partner count donation beat other same-state actions?",phase,late,36,3.4899958479735584,0.8212578230433993,6.626114019917117,-3.4899958479735584,0.003055555952919854,-0.03916666656732559,0.6944444444444444,0.3055555555555556
partner_count_when_bidder_side_controls_vs_other,partner_count_when_bidder_side_controls_vs_other__phase=middle,partner_support_timing,"When bidder's side controls the trick, does partner count donation beat other same-state actions?",phase,middle,203,0.7822163494056081,0.01592866628628059,1.513255299752569,-0.7822163494056081,-0.0014532021398247757,-0.024064039687621476,0.5763546798029556,0.35467980295566504
partner_count_when_bidder_side_controls_vs_other,partner_count_when_bidder_side_controls_vs_other__position=last,partner_support_timing,"When bidder's side controls the trick, does partner count donation beat other same-state actions?",position,last,65,3.142716659490879,1.9248551561282232,4.272740109150226,-3.142716659490879,0.014846152253448963,-0.07407692318352369,0.7538461538461538,0.2
partner_count_when_bidder_side_controls_vs_other,partner_count_when_bidder_side_controls_vs_other__position=third,partner_support_timing,"When bidder's side controls the trick, does partner count donation beat other same-state actions?",position,third,549,0.3083124389237502,-0.1574175716301457,0.7775726198593667,-0.3083124389237502,0.0019945366942545973,-0.004307832260139436,0.5774134790528234,0.3697632058287796
partner_count_when_bidder_side_controls_vs_other,partner_count_when_bidder_side_controls_vs_other__seat_role=bidder_partner,partner_support_timing,"When bidder's side controls the trick, does partner count donation beat other same-state actions?",seat_role,bidder_partner,614,0.6083715176482833,0.1819804577757559,1.0539815849609406,-0.6083715176482833,0.0033550497420520463,-0.01169381094095373,0.5960912052117264,0.3517915309446254
partner_count_when_bidder_side_controls_vs_other,partner_count_when_bidder_side_controls_vs_other__trick_idx=0,partner_support_timing,"When bidder's side controls the trick, does partner count donation beat other same-state actions?",trick_idx,0,253,0.6880251793963872,0.1271288764512115,1.245834564134891,-0.6880251793963872,0.014624508723557703,-0.007055335564045567,0.6245059288537549,0.33201581027667987
partner_count_when_bidder_side_controls_vs_other,partner_count_when_bidder_side_controls_vs_other__trick_idx=1,partner_support_timing,"When bidder's side controls the trick, does partner count donation beat other same-state actions?",trick_idx,1,122,-0.6963936721936601,-1.734739364292778,0.27190761585704615,0.6963936721936601,-0.011926230699678913,0.007377049450564091,0.5409836065573771,0.4016393442622951
partner_count_when_bidder_side_controls_vs_other,partner_count_when_bidder_side_controls_vs_other__trick_idx=2,partner_support_timing,"When bidder's side controls the trick, does partner count donation beat other same-state actions?",trick_idx,2,66,-0.33301899017709674,-1.8473741628906943,1.1423458402807063,0.33301899017709674,-0.018712123108068197,-0.005984849225955479,0.48484848484848486,0.4393939393939394
partner_count_when_bidder_side_controls_vs_other,partner_count_when_bidder_side_controls_vs_other__trick_idx=3,partner_support_timing,"When bidder's side controls the trick, does partner count donation beat other same-state actions?",trick_idx,3,74,0.9941792927078299,-0.21887934691197164,2.221832344660888,-0.9941792927078299,-0.005405403925357638,-0.03506756713613868,0.5405405405405406,0.35135135135135137
partner_count_when_bidder_side_controls_vs_other,partner_count_when_bidder_side_controls_vs_other__trick_idx=4,partner_support_timing,"When bidder's side controls the trick, does partner count donation beat other same-state actions?",trick_idx,4,63,1.7015857876293243,0.41252282072627355,2.9588152290809724,-1.7015857876293243,0.021269840971818044,-0.030079365707933903,0.7142857142857143,0.2698412698412698
partner_count_when_bidder_side_controls_vs_other,partner_count_when_bidder_side_controls_vs_other__trick_idx=5,partner_support_timing,"When bidder's side controls the trick, does partner count donation beat other same-state actions?",trick_idx,5,36,3.4899958479735584,0.8476160516341528,6.650092145221101,-3.4899958479735584,0.003055555952919854,-0.03916666656732559,0.6944444444444444,0.3055555555555556
partner_count_when_bidder_side_controls_vs_other,partner_count_when_bidder_side_controls_vs_other__trick_position=2,partner_support_timing,"When bidder's side controls the trick, does partner count donation beat other same-state actions?",trick_position,2,549,0.3083124389237502,-0.1601382269844657,0.7879663580156632,-0.3083124389237502,0.0019945366942545973,-0.004307832260139436,0.5774134790528234,0.3697632058287796
partner_count_when_bidder_side_controls_vs_other,partner_count_when_bidder_side_controls_vs_other__trick_position=3,partner_support_timing,"When bidder's side controls the trick, does partner count donation beat other same-state actions?",trick_position,3,65,3.142716659490879,1.8913718530764947,4.307917411510761,-3.142716659490879,0.014846152253448963,-0.07407692318352369,0.7538461538461538,0.2
partner_count_into_defense_vs_other,partner_count_into_defense_vs_other__count_points=10,partner_support_timing,"When defense controls the trick, is partner count donation into that control punished?",count_points,10,234,-14.338248022314575,-15.765461543113249,-12.981000708527544,14.338248022314575,-0.20051282080702293,0.20916666624207908,0.042735042735042736,0.8846153846153846
partner_count_into_defense_vs_other,partner_count_into_defense_vs_other__count_points=5,partner_support_timing,"When defense controls the trick, is partner count donation into that control punished?",count_points,5,568,-5.884106958458777,-6.630209172282263,-5.208606293457757,5.884106958458777,-0.09150528130908563,0.07374119704497427,0.11619718309859155,0.7799295774647887
partner_count_into_defense_vs_other,partner_count_into_defense_vs_other__current_winner_team=defense,partner_support_timing,"When defense controls the trick, is partner count donation into that control punished?",current_winner_team,defense,802,-8.350776545668573,-9.031973344986874,-7.671688947520054,8.350776545668573,-0.12331047363142643,0.1132543638680697,0.09476309226932668,0.8104738154613467
partner_count_into_defense_vs_other,partner_count_into_defense_vs_other__decl=blanks,partner_support_timing,"When defense controls the trick, is partner count donation into that control punished?",decl,blanks,95,-9.112713488936425,-11.518850620012534,-6.897822818003203,9.112713488936425,-0.1325263156310508,0.1266842108317896,0.11578947368421053,0.7894736842105263
partner_count_into_defense_vs_other,partner_count_into_defense_vs_other__decl=doubles,partner_support_timing,"When defense controls the trick, is partner count donation into that control punished?",decl,doubles,87,-8.571921544170928,-10.4801121285592,-6.770197631983922,8.571921544170928,-0.1116666675855716,0.11885057451824348,0.06896551724137931,0.8045977011494253
partner_count_into_defense_vs_other,partner_count_into_defense_vs_other__decl=doubles-suit,partner_support_timing,"When defense controls the trick, is partner count donation into that control punished?",decl,doubles-suit,99,-8.141268866042598,-9.708763734785595,-6.5061319404554485,8.141268866042598,-0.096818181958915,0.14010100656499466,0.04040404040404041,0.8383838383838383
partner_count_into_defense_vs_other,partner_count_into_defense_vs_other__decl=fives,partner_support_timing,"When defense controls the trick, is partner count donation into that control punished?",decl,fives,72,-4.8354338868003754,-6.373659801772899,-3.3804682375242314,4.8354338868003754,-0.0729861119762063,0.05819444527797815,0.1388888888888889,0.7361111111111112
partner_count_into_defense_vs_other,partner_count_into_defense_vs_other__decl=fours,partner_support_timing,"When defense controls the trick, is partner count donation into that control punished?",decl,fours,90,-9.886347004274528,-11.897614506218169,-8.003106048868762,9.886347004274528,-0.14927777633484868,0.1270555588313275,0.1,0.8555555555555555
partner_count_into_defense_vs_other,partner_count_into_defense_vs_other__decl=no-trump,partner_support_timing,"When defense controls the trick, is partner count donation into that control punished?",decl,no-trump,57,-7.61846602956454,-10.916553747235684,-4.435651515659533,7.61846602956454,-0.10008771831921318,0.11771929616990842,0.15789473684210525,0.7894736842105263
partner_count_into_defense_vs_other,partner_count_into_defense_vs_other__decl=ones,partner_support_timing,"When defense controls the trick, is partner count donation into that control punished?",decl,ones,79,-10.003318092467476,-12.568660238828462,-7.747056164248269,10.003318092467476,-0.18164556810655927,0.10905063116946552,0.12658227848101267,0.7721518987341772
partner_count_into_defense_vs_other,partner_count_into_defense_vs_other__decl=sixes,partner_support_timing,"When defense controls the trick, is partner count donation into that control punished?",decl,sixes,79,-6.824517228935338,-9.06548575623126,-4.840761905984033,6.824517228935338,-0.09981012608431562,0.08867088780750203,0.08860759493670886,0.810126582278481
partner_count_into_defense_vs_other,partner_count_into_defense_vs_other__decl=threes,partner_support_timing,"When defense controls the trick, is partner count donation into that control punished?",decl,threes,77,-8.882639323349123,-11.403175592809529,-6.757302162709174,8.882639323349123,-0.12337662384833221,0.13006493348821804,0.07792207792207792,0.8571428571428571
partner_count_into_defense_vs_other,partner_count_into_defense_vs_other__decl=twos,partner_support_timing,"When defense controls the trick, is partner count donation into that control punished?",decl,twos,67,-8.870671102804923,-11.253521713303096,-6.63835237453233,8.870671102804923,-0.16231343312772797,0.09873134396803468,0.05970149253731343,0.835820895522388
partner_count_into_defense_vs_other,partner_count_into_defense_vs_other__family_role=partner,partner_support_timing,"When defense controls the trick, is partner count donation into that control punished?",family_role,partner,802,-8.350776545668573,-9.057184418217462,-7.6438640388067896,8.350776545668573,-0.12331047363142643,0.1132543638680697,0.09476309226932668,0.8104738154613467
partner_count_into_defense_vs_other,partner_count_into_defense_vs_other__phase=early,partner_support_timing,"When defense controls the trick, is partner count donation into that control punished?",phase,early,251,-11.15935661340971,-12.480368583800784,-9.864522933247555,11.15935661340971,-0.14786852593069888,0.15472111695138108,0.043824701195219126,0.8605577689243028
partner_count_into_defense_vs_other,partner_count_into_defense_vs_other__phase=late,partner_support_timing,"When defense controls the trick, is partner count donation into that control punished?",phase,late,105,-3.937620624899864,-5.466665907417025,-2.5063370649303707,3.937620624899864,-0.041428571052494506,0.039285712972992944,0.21904761904761905,0.780952380952381
partner_count_into_defense_vs_other,partner_count_into_defense_vs_other__phase=middle,partner_support_timing,"When defense controls the trick, is partner count donation into that control punished?",phase,middle,446,-7.8091347848562185,-8.651777646963739,-6.973762326130451,7.8091347848562185,-0.12876681588180863,0.1073318376798901,0.09417040358744394,0.7892376681614349
partner_count_into_defense_vs_other,partner_count_into_defense_vs_other__position=last,partner_support_timing,"When defense controls the trick, is partner count donation into that control punished?",position,last,268,-8.49609452805051,-9.730696194436845,-7.338832349085541,8.49609452805051,-0.128003731442949,0.11917910310300762,0.06716417910447761,0.8582089552238806
partner_count_into_defense_vs_other,partner_count_into_defense_vs_other__position=second,partner_support_timing,"When defense controls the trick, is partner count donation into that control punished?",position,second,322,-5.664538235941566,-6.541996179727016,-4.858900203051404,5.664538235941566,-0.07878881926006227,0.07925465805687426,0.16459627329192547,0.7018633540372671
partner_count_into_defense_vs_other,partner_count_into_defense_vs_other__position=third,partner_support_timing,"When defense controls the trick, is partner count donation into that control punished?",position,third,212,-12.247113887431487,-13.719085080724842,-10.721984795804294,12.247113887431487,-0.18500000011298876,0.1574056617748695,0.02358490566037736,0.9150943396226415
partner_count_into_defense_vs_other,partner_count_into_defense_vs_other__seat_role=bidder_partner,partner_support_timing,"When defense controls the trick, is partner count donation into that control punished?",seat_role,bidder_partner,802,-8.350776545668573,-9.045296210377591,-7.654732758574132,8.350776545668573,-0.12331047363142643,0.1132543638680697,0.09476309226932668,0.8104738154613467
partner_count_into_defense_vs_other,partner_count_into_defense_vs_other__trick_idx=0,partner_support_timing,"When defense controls the trick, is partner count donation into that control punished?",trick_idx,0,94,-12.18289149568436,-14.701398223638535,-9.900387313771756,12.18289149568436,-0.14904255284234247,0.18409574790758657,0.0425531914893617,0.8936170212765957
partner_count_into_defense_vs_other,partner_count_into_defense_vs_other__trick_idx=1,partner_support_timing,"When defense controls the trick, is partner count donation into that control punished?",trick_idx,1,157,-10.546539550136988,-12.15139074538164,-8.971068015286498,10.546539550136988,-0.14716560535939635,0.1371337582897039,0.044585987261146494,0.8407643312101911
partner_count_into_defense_vs_other,partner_count_into_defense_vs_other__trick_idx=2,partner_support_timing,"When defense controls the trick, is partner count donation into that control punished?",trick_idx,2,171,-8.917235774331187,-10.388611465594487,-7.482227045269302,8.917235774331187,-0.13210526236730535,0.1300877191627409,0.07602339181286549,0.8011695906432749
partner_count_into_defense_vs_other,partner_count_into_defense_vs_other__trick_idx=3,partner_support_timing,"When defense controls the trick, is partner count donation into that control punished?",trick_idx,3,140,-7.643865501987083,-9.167589343552079,-6.3273259449218004,7.643865501987083,-0.1410357139871589,0.09842857064546219,0.09285714285714286,0.7428571428571429
partner_count_into_defense_vs_other,partner_count_into_defense_vs_other__trick_idx=4,partner_support_timing,"When defense controls the trick, is partner count donation into that control punished?",trick_idx,4,135,-6.576930565607769,-8.22855984725886,-5.073112663985403,6.576930565607769,-0.11181481526129776,0.08774073880027841,0.11851851851851852,0.8222222222222222
partner_count_into_defense_vs_other,partner_count_into_defense_vs_other__trick_idx=5,partner_support_timing,"When defense controls the trick, is partner count donation into that control punished?",trick_idx,5,105,-3.937620624899864,-5.522236905211494,-2.5023301121734436,3.937620624899864,-0.041428571052494506,0.039285712972992944,0.21904761904761905,0.780952380952381
partner_count_into_defense_vs_other,partner_count_into_defense_vs_other__trick_position=1,partner_support_timing,"When defense controls the trick, is partner count donation into that control punished?",trick_position,1,322,-5.664538235941566,-6.564458874395545,-4.854922204538717,5.664538235941566,-0.07878881926006227,0.07925465805687426,0.16459627329192547,0.7018633540372671
partner_count_into_defense_vs_other,partner_count_into_defense_vs_other__trick_position=2,partner_support_timing,"When defense controls the trick, is partner count donation into that control punished?",trick_position,2,212,-12.247113887431487,-13.761772048923204,-10.717840401912635,12.247113887431487,-0.18500000011298876,0.1574056617748695,0.02358490566037736,0.9150943396226415
partner_count_into_defense_vs_other,partner_count_into_defense_vs_other__trick_position=3,partner_support_timing,"When defense controls the trick, is partner count donation into that control punished?",trick_position,3,268,-8.49609452805051,-9.676919336062369,-7.29055992680004,8.49609452805051,-0.128003731442949,0.11917910310300762,0.06716417910447761,0.8582089552238806
setter_pounce_count_vs_other,setter_pounce_count_vs_other__count_points=10,setter_pounce,"When the bidder side is winning, does a setter pounce with count beat other same-state actions?",count_points,10,276,3.5512561720569846,2.5164511752200136,4.717500332850909,-3.5512561720569846,0.0331702894139765,-0.031956522266609944,0.572463768115942,0.36594202898550726
setter_pounce_count_vs_other,setter_pounce_count_vs_other__count_points=5,setter_pounce,"When the bidder side is winning, does a setter pounce with count beat other same-state actions?",count_points,5,213,4.228826447756756,2.953271993132037,5.584284558650128,-4.228826447756756,0.0610798126864881,-0.054694835551327946,0.6103286384976526,0.29107981220657275
setter_pounce_count_vs_other,setter_pounce_count_vs_other__current_winner_team=offense,setter_pounce,"When the bidder side is winning, does a setter pounce with count beat other same-state actions?",current_winner_team,offense,489,3.846394144907805,3.0111560327220417,4.693817875367791,-3.846394144907805,0.045327198324088915,-0.04186094093664049,0.588957055214724,0.3333333333333333
setter_pounce_count_vs_other,setter_pounce_count_vs_other__decl=blanks,setter_pounce,"When the bidder side is winning, does a setter pounce with count beat other same-state actions?",decl,blanks,59,3.0800583170632185,1.4668864178455483,4.889158823227478,-3.0800583170632185,0.04186440473895962,-0.046271187442717916,0.6101694915254238,0.3220338983050847
setter_pounce_count_vs_other,setter_pounce_count_vs_other__decl=doubles,setter_pounce,"When the bidder side is winning, does a setter pounce with count beat other same-state actions?",decl,doubles,65,0.8328775625962478,-0.46671255551851715,2.2247810262900134,-0.8328775625962478,0.006538461951109079,-0.003769230470061302,0.5076923076923077,0.38461538461538464
setter_pounce_count_vs_other,setter_pounce_count_vs_other__decl=doubles-suit,setter_pounce,"When the bidder side is winning, does a setter pounce with count beat other same-state actions?",decl,doubles-suit,39,5.505269514444547,2.0172263169899964,9.178599452361082,-5.505269514444547,0.06038461893032759,-0.05564102831368263,0.6410256410256411,0.3333333333333333
setter_pounce_count_vs_other,setter_pounce_count_vs_other__decl=fives,setter_pounce,"When the bidder side is winning, does a setter pounce with count beat other same-state actions?",decl,fives,59,4.821846138117677,2.5499142332602354,7.299287121174699,-4.821846138117677,0.038898305872739375,-0.036101694581872325,0.711864406779661,0.2033898305084746
setter_pounce_count_vs_other,setter_pounce_count_vs_other__decl=fours,setter_pounce,"When the bidder side is winning, does a setter pounce with count beat other same-state actions?",decl,fours,80,3.3616847632743885,1.1700020872813184,5.653734322852688,-3.3616847632743885,0.04387500020675361,-0.0408750006579794,0.4875,0.45
setter_pounce_count_vs_other,setter_pounce_count_vs_other__decl=no-trump,setter_pounce,"When the bidder side is winning, does a setter pounce with count beat other same-state actions?",decl,no-trump,26,5.364703164650844,1.4348248105782728,9.647657243105082,-5.364703164650844,0.06346153754454392,-0.061730768710661396,0.6923076923076923,0.3076923076923077
setter_pounce_count_vs_other,setter_pounce_count_vs_other__decl=ones,setter_pounce,"When the bidder side is winning, does a setter pounce with count beat other same-state actions?",decl,ones,41,5.484092071535997,2.4429021018597004,8.902177900569967,-5.484092071535997,0.04207317422075969,-0.02743902259574431,0.5609756097560976,0.3170731707317073
setter_pounce_count_vs_other,setter_pounce_count_vs_other__decl=sixes,setter_pounce,"When the bidder side is winning, does a setter pounce with count beat other same-state actions?",decl,sixes,44,4.195794203911316,1.5613653497262434,7.512857070531357,-4.195794203911316,0.04511363414878195,-0.0314772730185227,0.5909090909090909,0.3409090909090909
setter_pounce_count_vs_other,setter_pounce_count_vs_other__decl=threes,setter_pounce,"When the bidder side is winning, does a setter pounce with count beat other same-state actions?",decl,threes,40,5.574089260771871,2.284796503186226,9.298139746487141,-5.574089260771871,0.09237499833106995,-0.0952499998966232,0.65,0.3
setter_pounce_count_vs_other,setter_pounce_count_vs_other__decl=twos,setter_pounce,"When the bidder side is winning, does a setter pounce with count beat other same-state actions?",decl,twos,36,2.9163463248146906,-0.22638517452610862,6.163994572228855,-2.9163463248146906,0.05708333104848862,-0.05555555609882706,0.5555555555555556,0.2777777777777778
setter_pounce_count_vs_other,setter_pounce_count_vs_other__family_role=setter,setter_pounce,"When the bidder side is winning, does a setter pounce with count beat other same-state actions?",family_role,setter,489,3.846394144907805,3.0057781094355236,4.736837347917514,-3.846394144907805,0.045327198324088915,-0.04186094093664049,0.588957055214724,0.3333333333333333
setter_pounce_count_vs_other,setter_pounce_count_vs_other__phase=early,setter_pounce,"When the bidder side is winning, does a setter pounce with count beat other same-state actions?",phase,early,227,3.997573427342613,2.721977110652126,5.268089857878623,-3.997573427342613,0.03348017605390843,-0.03103524246683861,0.5594713656387665,0.32599118942731276
setter_pounce_count_vs_other,setter_pounce_count_vs_other__phase=late,setter_pounce,"When the bidder side is winning, does a setter pounce with count beat other same-state actions?",phase,late,49,4.505899040142492,1.9916336528804837,7.144183844708058,-4.505899040142492,0.07040816423844318,-0.05459183682592548,0.7755102040816326,0.22448979591836735
setter_pounce_count_vs_other,setter_pounce_count_vs_other__phase=middle,setter_pounce,"When the bidder side is winning, does a setter pounce with count beat other same-state actions?",phase,middle,213,3.5335611074467677,2.265678732426391,4.838521663012079,-3.5335611074467677,0.05218309844393686,-0.050469483913495226,0.5774647887323944,0.36619718309859156
setter_pounce_count_vs_other,setter_pounce_count_vs_other__position=last,setter_pounce,"When the bidder side is winning, does a setter pounce with count beat other same-state actions?",position,last,128,6.755425672861747,4.50997719168663,9.095697254640982,-6.755425672861747,0.07671875017695129,-0.07183593770605512,0.671875,0.2578125
setter_pounce_count_vs_other,setter_pounce_count_vs_other__position=second,setter_pounce,"When the bidder side is winning, does a setter pounce with count beat other same-state actions?",position,second,307,2.3147683657432,1.566439121039372,3.130685907323672,-2.3147683657432,0.026433225041589053,-0.02405537500164505,0.5570032573289903,0.36156351791530944
setter_pounce_count_vs_other,setter_pounce_count_vs_other__position=third,setter_pounce,"When the bidder side is winning, does a setter pounce with count beat other same-state actions?",position,third,54,5.658488193526864,3.019709555639161,8.430153013586446,-5.658488193526864,0.07833333092707175,-0.0720370364099465,0.5740740740740741,0.35185185185185186
setter_pounce_count_vs_other,setter_pounce_count_vs_other__seat_role=left_setter,setter_pounce,"When the bidder side is winning, does a setter pounce with count beat other same-state actions?",seat_role,left_setter,285,2.8776838719023785,1.8560643360635527,3.9440780861205176,-2.8776838719023785,0.03328070153008428,-0.03305263135320785,0.5614035087719298,0.3473684210526316
setter_pounce_count_vs_other,setter_pounce_count_vs_other__seat_role=right_setter,setter_pounce,"When the bidder side is winning, does a setter pounce with count beat other same-state actions?",seat_role,right_setter,204,5.1997393792536215,3.832225098694656,6.63376700129433,-5.1997393792536215,0.06215686296277186,-0.05416666756055372,0.6274509803921569,0.3137254901960784
setter_pounce_count_vs_other,setter_pounce_count_vs_other__trick_idx=0,setter_pounce,"When the bidder side is winning, does a setter pounce with count beat other same-state actions?",trick_idx,0,114,3.7117904786320746,2.095204379563751,5.408704355233471,-3.7117904786320746,0.024912281517396894,-0.021842105877830795,0.5877192982456141,0.2982456140350877
setter_pounce_count_vs_other,setter_pounce_count_vs_other__trick_idx=1,setter_pounce,"When the bidder side is winning, does a setter pounce with count beat other same-state actions?",trick_idx,1,113,4.2858854286966075,2.4584251249258497,6.166918094706746,-4.2858854286966075,0.042123892665964315,-0.0403097342468996,0.5309734513274337,0.35398230088495575
setter_pounce_count_vs_other,setter_pounce_count_vs_other__trick_idx=2,setter_pounce,"When the bidder side is winning, does a setter pounce with count beat other same-state actions?",trick_idx,2,75,3.9703429424762726,1.885630646944046,6.111645203431447,-3.9703429424762726,0.04379999995231629,-0.04079999941090743,0.5333333333333333,0.38666666666666666
setter_pounce_count_vs_other,setter_pounce_count_vs_other__trick_idx=3,setter_pounce,"When the bidder side is winning, does a setter pounce with count beat other same-state actions?",trick_idx,3,82,3.8027029182852767,1.843817859161191,5.876935495835979,-3.8027029182852767,0.05975609863313233,-0.058414634794178535,0.6341463414634146,0.3170731707317073
setter_pounce_count_vs_other,setter_pounce_count_vs_other__trick_idx=4,setter_pounce,"When the bidder side is winning, does a setter pounce with count beat other same-state actions?",trick_idx,4,56,2.5544849268044345,0.053564559776402475,5.314455422547845,-2.5544849268044345,0.05232142650389245,-0.051785715439889045,0.5535714285714286,0.4107142857142857
setter_pounce_count_vs_other,setter_pounce_count_vs_other__trick_idx=5,setter_pounce,"When the bidder side is winning, does a setter pounce with count beat other same-state actions?",trick_idx,5,49,4.505899040142492,1.9685630095096267,7.118521147844743,-4.505899040142492,0.07040816423844318,-0.05459183682592548,0.7755102040816326,0.22448979591836735
setter_pounce_count_vs_other,setter_pounce_count_vs_other__trick_position=1,setter_pounce,"When the bidder side is winning, does a setter pounce with count beat other same-state actions?",trick_position,1,307,2.3147683657432,1.5282482889462687,3.0930361697940967,-2.3147683657432,0.026433225041589053,-0.02405537500164505,0.5570032573289903,0.36156351791530944
setter_pounce_count_vs_other,setter_pounce_count_vs_other__trick_position=2,setter_pounce,"When the bidder side is winning, does a setter pounce with count beat other same-state actions?",trick_position,2,54,5.658488193526864,3.135580296593684,8.885940573488673,-5.658488193526864,0.07833333092707175,-0.0720370364099465,0.5740740740740741,0.35185185185185186
setter_pounce_count_vs_other,setter_pounce_count_vs_other__trick_position=3,setter_pounce,"When the bidder side is winning, does a setter pounce with count beat other same-state actions?",trick_position,3,128,6.755425672861747,4.443447990575805,8.995333382161334,-6.755425672861747,0.07671875017695129,-0.07183593770605512,0.671875,0.2578125
setter_pounce_sets_now_vs_other,setter_pounce_sets_now_vs_other__count_points=10,setter_pounce,"When pouncing count sets the bid immediately, does it dominate other same-state actions?",count_points,10,106,5.381767877487396,3.4272919548016465,7.593554220447879,-5.381767877487396,0.04702830086198618,-0.04429245326351726,0.6132075471698113,0.33962264150943394
setter_pounce_sets_now_vs_other,setter_pounce_sets_now_vs_other__count_points=5,setter_pounce,"When pouncing count sets the bid immediately, does it dominate other same-state actions?",count_points,5,68,6.783738093121963,4.141989443889436,9.572988373391768,-6.783738093121963,0.0973529417944305,-0.07897058785345186,0.6911764705882353,0.22058823529411764
setter_pounce_sets_now_vs_other,setter_pounce_sets_now_vs_other__current_winner_team=offense,setter_pounce,"When pouncing count sets the bid immediately, does it dominate other same-state actions?",current_winner_team,offense,174,5.9296642835974565,4.334596588214774,7.538077312674181,-5.9296642835974565,0.06669540191604488,-0.05784482770096296,0.6436781609195402,0.29310344827586204
setter_pounce_sets_now_vs_other,setter_pounce_sets_now_vs_other__decl=blanks,setter_pounce,"When pouncing count sets the bid immediately, does it dominate other same-state actions?",decl,blanks,22,4.534017773514444,1.6487905003807761,7.963414099406112,-4.534017773514444,0.061818177049810234,-0.07522727197713473,0.6818181818181818,0.2727272727272727
setter_pounce_sets_now_vs_other,setter_pounce_sets_now_vs_other__decl=doubles,setter_pounce,"When pouncing count sets the bid immediately, does it dominate other same-state actions?",decl,doubles,24,1.0295597687363625,-1.0260004624724388,3.1389862100283303,-1.0295597687363625,-0.00020833065112431845,0.012499998168398937,0.4583333333333333,0.5
setter_pounce_sets_now_vs_other,setter_pounce_sets_now_vs_other__decl=fours,setter_pounce,"When pouncing count sets the bid immediately, does it dominate other same-state actions?",decl,fours,31,6.565165670843975,2.5000201194517073,11.2511971458312,-6.565165670843975,0.06806451454758644,-0.06274193717587379,0.5806451612903226,0.3870967741935484
setter_pounce_sets_now_vs_other,setter_pounce_sets_now_vs_other__decl=sixes,setter_pounce,"When pouncing count sets the bid immediately, does it dominate other same-state actions?",decl,sixes,20,7.187217020988465,3.3979161977767944,12.24469015598297,-7.187217020988465,0.08949999697506428,-0.059999999776482585,0.8,0.15
setter_pounce_sets_now_vs_other,setter_pounce_sets_now_vs_other__family_role=setter,setter_pounce,"When pouncing count sets the bid immediately, does it dominate other same-state actions?",family_role,setter,174,5.9296642835974565,4.3034203058033755,7.611737492475552,-5.9296642835974565,0.06669540191604488,-0.05784482770096296,0.6436781609195402,0.29310344827586204
setter_pounce_sets_now_vs_other,setter_pounce_sets_now_vs_other__phase=early,setter_pounce,"When pouncing count sets the bid immediately, does it dominate other same-state actions?",phase,early,46,8.3423470252234,4.965976898436961,12.110461593322132,-8.3423470252234,0.07804347769073817,-0.07304347895652703,0.6521739130434783,0.1956521739130435
setter_pounce_sets_now_vs_other,setter_pounce_sets_now_vs_other__phase=late,setter_pounce,"When pouncing count sets the bid immediately, does it dominate other same-state actions?",phase,late,34,5.071846048183301,2.6573706970495334,8.0346959548838,-5.071846048183301,0.043529412325690776,-0.0192647059174145,0.7941176470588235,0.20588235294117646
setter_pounce_sets_now_vs_other,setter_pounce_sets_now_vs_other__phase=middle,setter_pounce,"When pouncing count sets the bid immediately, does it dominate other same-state actions?",phase,middle,94,5.059264431355838,2.839365548657333,7.461909445042306,-5.059264431355838,0.06952127596323794,-0.06436170198697042,0.5851063829787234,0.3723404255319149
setter_pounce_sets_now_vs_other,setter_pounce_sets_now_vs_other__position=last,setter_pounce,"When pouncing count sets the bid immediately, does it dominate other same-state actions?",position,last,64,8.656281338771805,5.147814146243036,12.188801248092204,-8.656281338771805,0.08882812596857548,-0.08218750008381903,0.71875,0.21875
setter_pounce_sets_now_vs_other,setter_pounce_sets_now_vs_other__position=second,setter_pounce,"When pouncing count sets the bid immediately, does it dominate other same-state actions?",position,second,66,3.381596377493362,1.7823153347708285,5.114979068438212,-3.381596377493362,0.03613636309676098,-0.024166667749258606,0.6363636363636364,0.3181818181818182
setter_pounce_sets_now_vs_other,setter_pounce_sets_now_vs_other__position=third,setter_pounce,"When pouncing count sets the bid immediately, does it dominate other same-state actions?",position,third,44,5.785777698863637,2.7999093261632053,9.298629893497987,-5.785777698863637,0.0803409069776535,-0.07295454416254704,0.5454545454545454,0.36363636363636365
setter_pounce_sets_now_vs_other,setter_pounce_sets_now_vs_other__seat_role=left_setter,setter_pounce,"When pouncing count sets the bid immediately, does it dominate other same-state actions?",seat_role,left_setter,81,5.370247101342237,2.9472835380354043,8.087219040334961,-5.370247101342237,0.05716049298644066,-0.05567901148058382,0.654320987654321,0.2839506172839506
setter_pounce_sets_now_vs_other,setter_pounce_sets_now_vs_other__seat_role=right_setter,setter_pounce,"When pouncing count sets the bid immediately, does it dominate other same-state actions?",seat_role,right_setter,93,6.416898603626197,4.345162564613205,8.783843941716176,-6.416898603626197,0.07500000001602275,-0.05973118376387383,0.6344086021505376,0.3010752688172043
setter_pounce_sets_now_vs_other,setter_pounce_sets_now_vs_other__trick_idx=1,setter_pounce,"When pouncing count sets the bid immediately, does it dominate other same-state actions?",trick_idx,1,29,8.997110624765527,4.566803809897653,13.576313130814453,-8.997110624765527,0.08051723858405804,-0.07603448314656472,0.6896551724137931,0.1724137931034483
setter_pounce_sets_now_vs_other,setter_pounce_sets_now_vs_other__trick_idx=2,setter_pounce,"When pouncing count sets the bid immediately, does it dominate other same-state actions?",trick_idx,2,21,7.94802222933088,3.2775094395592097,13.342815251577468,-7.94802222933088,0.07761904455366589,-0.06904761652861323,0.5714285714285714,0.3333333333333333
setter_pounce_sets_now_vs_other,setter_pounce_sets_now_vs_other__trick_idx=3,setter_pounce,"When pouncing count sets the bid immediately, does it dominate other same-state actions?",trick_idx,3,35,4.438653923783984,0.8479535647800991,8.345522022247314,-4.438653923783984,0.07885714705501284,-0.07028571412499462,0.6857142857142857,0.2571428571428571
setter_pounce_sets_now_vs_other,setter_pounce_sets_now_vs_other__trick_idx=4,setter_pounce,"When pouncing count sets the bid immediately, does it dominate other same-state actions?",trick_idx,4,38,4.034460589448971,0.9339475970543725,7.778536744807896,-4.034460589448971,0.05644736468399826,-0.056315790665777105,0.5,0.5
setter_pounce_sets_now_vs_other,setter_pounce_sets_now_vs_other__trick_idx=5,setter_pounce,"When pouncing count sets the bid immediately, does it dominate other same-state actions?",trick_idx,5,34,5.071846048183301,2.5324910607408073,7.894888787585146,-5.071846048183301,0.043529412325690776,-0.0192647059174145,0.7941176470588235,0.20588235294117646
setter_pounce_sets_now_vs_other,setter_pounce_sets_now_vs_other__trick_position=1,setter_pounce,"When pouncing count sets the bid immediately, does it dominate other same-state actions?",trick_position,1,66,3.381596377493362,1.800548842190906,5.1220967536651045,-3.381596377493362,0.03613636309676098,-0.024166667749258606,0.6363636363636364,0.3181818181818182
setter_pounce_sets_now_vs_other,setter_pounce_sets_now_vs_other__trick_position=2,setter_pounce,"When pouncing count sets the bid immediately, does it dominate other same-state actions?",trick_position,2,44,5.785777698863637,2.8618137484247033,9.15479217063297,-5.785777698863637,0.0803409069776535,-0.07295454416254704,0.5454545454545454,0.36363636363636365
setter_pounce_sets_now_vs_other,setter_pounce_sets_now_vs_other__trick_position=3,setter_pounce,"When pouncing count sets the bid immediately, does it dominate other same-state actions?",trick_position,3,64,8.656281338771805,5.237362553365529,12.094462409848347,-8.656281338771805,0.08882812596857548,-0.08218750008381903,0.71875,0.21875
setter_reckless_count_to_bidder_vs_other,setter_reckless_count_to_bidder_vs_other__count_points=10,setter_pounce_negative_control,Is setter count that fails to win the trick punished as the book warns?,count_points,10,577,-13.62816863045729,-14.633746429942097,-12.69866270246549,13.62816863045729,-0.20719237627697207,0.20253899519007323,0.07972270363951472,0.8162911611785095
setter_reckless_count_to_bidder_vs_other,setter_reckless_count_to_bidder_vs_other__count_points=5,setter_pounce_negative_control,Is setter count that fails to win the trick punished as the book warns?,count_points,5,1450,-5.521317108741416,-5.948824302062456,-5.108354731486339,5.521317108741416,-0.07644137886706097,0.07515517286956311,0.15862068965517243,0.7310344827586207
setter_reckless_count_to_bidder_vs_other,setter_reckless_count_to_bidder_vs_other__current_winner_team=offense,setter_pounce_negative_control,Is setter count that fails to win the trick punished as the book warns?,current_winner_team,offense,2027,-7.8289901862106115,-8.276053730180863,-7.389333888893873,7.8289901862106115,-0.11366058237249695,0.11141588598201221,0.13616181549087322,0.7553034040453873
setter_reckless_count_to_bidder_vs_other,setter_reckless_count_to_bidder_vs_other__decl=blanks,setter_pounce_negative_control,Is setter count that fails to win the trick punished as the book warns?,decl,blanks,194,-10.486559717157453,-12.244173101082291,-8.867912296628214,10.486559717157453,-0.15445876421080423,0.15283504906638534,0.12886597938144329,0.788659793814433
setter_reckless_count_to_bidder_vs_other,setter_reckless_count_to_bidder_vs_other__decl=doubles,setter_pounce_negative_control,Is setter count that fails to win the trick punished as the book warns?,decl,doubles,176,-6.963265044318343,-8.203193054449828,-5.757251588585363,6.963265044318343,-0.08497159109472043,0.08298295511948792,0.1534090909090909,0.7215909090909091
setter_reckless_count_to_bidder_vs_other,setter_reckless_count_to_bidder_vs_other__decl=doubles-suit,setter_pounce_negative_control,Is setter count that fails to win the trick punished as the book warns?,decl,doubles-suit,219,-7.146317330439953,-8.280320082149006,-6.053698062471467,7.146317330439953,-0.11831050228378544,0.11815068624556473,0.1324200913242009,0.7397260273972602
setter_reckless_count_to_bidder_vs_other,setter_reckless_count_to_bidder_vs_other__decl=fives,setter_pounce_negative_control,Is setter count that fails to win the trick punished as the book warns?,decl,fives,182,-6.077712621990141,-7.2852695895420325,-4.988446856593038,6.077712621990141,-0.09728021919727325,0.09697802269647082,0.12637362637362637,0.7802197802197802
setter_reckless_count_to_bidder_vs_other,setter_reckless_count_to_bidder_vs_other__decl=fours,setter_pounce_negative_control,Is setter count that fails to win the trick punished as the book warns?,decl,fours,150,-6.878686241920416,-8.558751410444577,-5.340897922239577,6.878686241920416,-0.0995000010728836,0.09770000175883373,0.18666666666666668,0.7066666666666667
setter_reckless_count_to_bidder_vs_other,setter_reckless_count_to_bidder_vs_other__decl=no-trump,setter_pounce_negative_control,Is setter count that fails to win the trick punished as the book warns?,decl,no-trump,277,-6.260338846459608,-7.2067837027382335,-5.40376100375818,6.260338846459608,-0.10203971136832066,0.098935018532274,0.15162454873646208,0.7364620938628159
setter_reckless_count_to_bidder_vs_other,setter_reckless_count_to_bidder_vs_other__decl=ones,setter_pounce_negative_control,Is setter count that fails to win the trick punished as the book warns?,decl,ones,182,-9.431317983860415,-11.219610320629327,-7.70097137646811,9.431317983860415,-0.12469780174401271,0.12046703437834487,0.1043956043956044,0.7857142857142857
setter_reckless_count_to_bidder_vs_other,setter_reckless_count_to_bidder_vs_other__decl=sixes,setter_pounce_negative_control,Is setter count that fails to win the trick punished as the book warns?,decl,sixes,212,-8.058460756090804,-9.471346276197231,-6.681552981096759,8.058460756090804,-0.10257075448467765,0.10004717059310456,0.14150943396226415,0.7594339622641509
setter_reckless_count_to_bidder_vs_other,setter_reckless_count_to_bidder_vs_other__decl=threes,setter_pounce_negative_control,Is setter count that fails to win the trick punished as the book warns?,decl,threes,222,-8.93578096206493,-10.428043171050245,-7.501906329614891,8.93578096206493,-0.12594594699456482,0.12295045064728674,0.0990990990990991,0.7792792792792793
setter_reckless_count_to_bidder_vs_other,setter_reckless_count_to_bidder_vs_other__decl=twos,setter_pounce_negative_control,Is setter count that fails to win the trick punished as the book warns?,decl,twos,213,-8.280258020010073,-9.927765078562805,-6.718322467321242,8.280258020010073,-0.12330985903530053,0.12004694827950337,0.14553990610328638,0.7511737089201878
setter_reckless_count_to_bidder_vs_other,setter_reckless_count_to_bidder_vs_other__family_role=setter,setter_pounce_negative_control,Is setter count that fails to win the trick punished as the book warns?,family_role,setter,2027,-7.8289901862106115,-8.270003768538006,-7.407273356368803,7.8289901862106115,-0.11366058237249695,0.11141588598201221,0.13616181549087322,0.7553034040453873
setter_reckless_count_to_bidder_vs_other,setter_reckless_count_to_bidder_vs_other__phase=early,setter_pounce_negative_control,Is setter count that fails to win the trick punished as the book warns?,phase,early,882,-10.420878905072268,-11.175686496535903,-9.699713236101124,10.420878905072268,-0.15865079406332097,0.15569161057742545,0.07029478458049887,0.8072562358276644
setter_reckless_count_to_bidder_vs_other,setter_reckless_count_to_bidder_vs_other__phase=late,setter_pounce_negative_control,Is setter count that fails to win the trick punished as the book warns?,phase,late,204,-2.7550106847695277,-3.6881062443934236,-1.7959718040610646,2.7550106847695277,0.0005882351896634288,0.002524510222286278,0.3235294117647059,0.6764705882352942
setter_reckless_count_to_bidder_vs_other,setter_reckless_count_to_bidder_vs_other__phase=middle,setter_pounce_negative_control,Is setter count that fails to win the trick punished as the book warns?,phase,middle,941,-6.499602267249932,-7.08335535811195,-5.9410712880618854,6.499602267249932,-0.09625929870764456,0.0935228483218949,0.15727948990435706,0.7236981934112646
setter_reckless_count_to_bidder_vs_other,setter_reckless_count_to_bidder_vs_other__position=last,setter_pounce_negative_control,Is setter count that fails to win the trick punished as the book warns?,position,last,887,-9.187001466740599,-9.926809998224947,-8.455858180820186,9.187001466740599,-0.12860766637087573,0.1262626841196028,0.09019165727170236,0.7925591882750845
setter_reckless_count_to_bidder_vs_other,setter_reckless_count_to_bidder_vs_other__position=second,setter_pounce_negative_control,Is setter count that fails to win the trick punished as the book warns?,position,second,1007,-6.229312066275945,-6.77369697624725,-5.709049365454091,6.229312066275945,-0.0978997024793507,0.09582423064543273,0.18669314796425024,0.70506454816286
setter_reckless_count_to_bidder_vs_other,setter_reckless_count_to_bidder_vs_other__position=third,setter_pounce_negative_control,Is setter count that fails to win the trick punished as the book warns?,position,third,133,-10.884026734662571,-12.732681829230229,-9.226538524353751,10.884026734662571,-0.1333082706870553,0.13045112640225798,0.06015037593984962,0.8872180451127819
setter_reckless_count_to_bidder_vs_other,setter_reckless_count_to_bidder_vs_other__seat_role=left_setter,setter_pounce_negative_control,Is setter count that fails to win the trick punished as the book warns?,seat_role,left_setter,1037,-7.336651614013064,-7.91430735224346,-6.778896015128453,7.336651614013064,-0.10969141849003222,0.10806171643649198,0.13789778206364514,0.7579556412729026
setter_reckless_count_to_bidder_vs_other,setter_reckless_count_to_bidder_vs_other__seat_role=right_setter,setter_pounce_negative_control,Is setter count that fails to win the trick punished as the book warns?,seat_role,right_setter,990,-8.344702407795316,-9.03477032847251,-7.687262921019768,8.344702407795316,-0.11781818130796756,0.1149292938796935,0.13434343434343435,0.7525252525252525
setter_reckless_count_to_bidder_vs_other,setter_reckless_count_to_bidder_vs_other__trick_idx=0,setter_pounce_negative_control,Is setter count that fails to win the trick punished as the book warns?,trick_idx,0,489,-11.575228519874848,-12.627360107464781,-10.530338738502168,11.575228519874848,-0.17912065534107768,0.17553169767663707,0.0736196319018405,0.8139059304703476
setter_reckless_count_to_bidder_vs_other,setter_reckless_count_to_bidder_vs_other__trick_idx=1,setter_pounce_negative_control,Is setter count that fails to win the trick punished as the book warns?,trick_idx,1,393,-8.984550758409515,-9.998703953276836,-8.056113674772226,8.984550758409515,-0.13318066132840234,0.1310050899883301,0.06615776081424936,0.7989821882951654
setter_reckless_count_to_bidder_vs_other,setter_reckless_count_to_bidder_vs_other__trick_idx=2,setter_pounce_negative_control,Is setter count that fails to win the trick punished as the book warns?,trick_idx,2,343,-7.646018436607571,-8.603252069731365,-6.755518856765186,7.646018436607571,-0.11989795898003151,0.11706997018915657,0.0728862973760933,0.7784256559766763
setter_reckless_count_to_bidder_vs_other,setter_reckless_count_to_bidder_vs_other__trick_idx=3,setter_pounce_negative_control,Is setter count that fails to win the trick punished as the book warns?,trick_idx,3,324,-6.67706673340527,-7.7259931589108835,-5.685187047841832,6.67706673340527,-0.09462963101557559,0.09050925890915096,0.16358024691358025,0.7067901234567902
setter_reckless_count_to_bidder_vs_other,setter_reckless_count_to_bidder_vs_other__trick_idx=4,setter_pounce_negative_control,Is setter count that fails to win the trick punished as the book warns?,trick_idx,4,274,-4.854641562417815,-5.8445888887581,-3.893072944596736,4.854641562417815,-0.06859488943319796,0.06760949127539231,0.25547445255474455,0.6751824817518248
setter_reckless_count_to_bidder_vs_other,setter_reckless_count_to_bidder_vs_other__trick_idx=5,setter_pounce_negative_control,Is setter count that fails to win the trick punished as the book warns?,trick_idx,5,204,-2.7550106847695277,-3.7066237981997285,-1.8583452864458747,2.7550106847695277,0.0005882351896634288,0.002524510222286278,0.3235294117647059,0.6764705882352942
setter_reckless_count_to_bidder_vs_other,setter_reckless_count_to_bidder_vs_other__trick_position=1,setter_pounce_negative_control,Is setter count that fails to win the trick punished as the book warns?,trick_position,1,1007,-6.229312066275945,-6.784996730877529,-5.7103199598919545,6.229312066275945,-0.0978997024793507,0.09582423064543273,0.18669314796425024,0.70506454816286
setter_reckless_count_to_bidder_vs_other,setter_reckless_count_to_bidder_vs_other__trick_position=2,setter_pounce_negative_control,Is setter count that fails to win the trick punished as the book warns?,trick_position,2,133,-10.884026734662571,-12.728220537402912,-9.172998682896894,10.884026734662571,-0.1333082706870553,0.13045112640225798,0.06015037593984962,0.8872180451127819
setter_reckless_count_to_bidder_vs_other,setter_reckless_count_to_bidder_vs_other__trick_position=3,setter_pounce_negative_control,Is setter count that fails to win the trick punished as the book warns?,trick_position,3,887,-9.187001466740599,-9.991917436801762,-8.429007359046443,9.187001466740599,-0.12860766637087573,0.1262626841196028,0.09019165727170236,0.7925591882750845
closure_take_trick_vs_decline,closure_take_trick_vs_decline__count_points=0,last_seat_closure,"From last seat, does taking the trick beat declining when both are available?",count_points,0,605,10.632023296968566,9.447949185333222,11.844759854306428,-10.632023296968566,0.14186776857207384,-0.11757851232243471,0.6727272727272727,0.2396694214876033
closure_take_trick_vs_decline,closure_take_trick_vs_decline__count_points=10,last_seat_closure,"From last seat, does taking the trick beat declining when both are available?",count_points,10,93,10.264657816098582,7.350379458197984,13.191860426337488,-10.264657816098582,0.16811827955747483,-0.09037634430913835,0.6236559139784946,0.25806451612903225
closure_take_trick_vs_decline,closure_take_trick_vs_decline__count_points=5,last_seat_closure,"From last seat, does taking the trick beat declining when both are available?",count_points,5,110,13.172405302253637,10.294173974747007,16.215855055099183,-13.172405302253637,0.16513636321337385,-0.11527272782881151,0.6454545454545455,0.21818181818181817
closure_take_trick_vs_decline,closure_take_trick_vs_decline__current_winner_team=defense,last_seat_closure,"From last seat, does taking the trick beat declining when both are available?",current_winner_team,defense,344,6.609407542698453,5.098564969419047,8.072548519470729,-6.609407542698453,0.1678779064461069,-0.07707848867704702,0.627906976744186,0.2819767441860465
closure_take_trick_vs_decline,closure_take_trick_vs_decline__current_winner_team=offense,last_seat_closure,"From last seat, does taking the trick beat declining when both are available?",current_winner_team,offense,464,14.142921681299098,12.769093469716609,15.643492227147236,-14.142921681299098,0.13336206922620727,-0.1416056033019137,0.6896551724137931,0.20689655172413793
closure_take_trick_vs_decline,closure_take_trick_vs_decline__decl=blanks,last_seat_closure,"From last seat, does taking the trick beat declining when both are available?",decl,blanks,91,12.300333916322215,9.290988250093145,15.431361419813973,-12.300333916322215,0.1883516471914865,-0.16159340675797437,0.7032967032967034,0.17582417582417584
closure_take_trick_vs_decline,closure_take_trick_vs_decline__decl=doubles,last_seat_closure,"From last seat, does taking the trick beat declining when both are available?",decl,doubles,98,6.18148264596809,3.811877638823828,8.610633563782487,-6.18148264596809,0.1233163246200705,-0.08489795877807299,0.6326530612244898,0.29591836734693877
closure_take_trick_vs_decline,closure_take_trick_vs_decline__decl=doubles-suit,last_seat_closure,"From last seat, does taking the trick beat declining when both are available?",decl,doubles-suit,40,13.94141435623169,8.827023367583752,19.058943946659564,-13.94141435623169,0.20737499874085188,-0.19650000075343996,0.725,0.25
closure_take_trick_vs_decline,closure_take_trick_vs_decline__decl=fives,last_seat_closure,"From last seat, does taking the trick beat declining when both are available?",decl,fives,75,12.018040975133578,8.709715712666512,15.066923052469889,-12.018040975133578,0.14820000382761161,-0.07293333395073812,0.64,0.2
closure_take_trick_vs_decline,closure_take_trick_vs_decline__decl=fours,last_seat_closure,"From last seat, does taking the trick beat declining when both are available?",decl,fours,90,9.399622570143805,6.591024016009436,12.539119982388284,-9.399622570143805,0.12716666822218234,-0.11849999888282683,0.6888888888888889,0.25555555555555554
closure_take_trick_vs_decline,closure_take_trick_vs_decline__decl=ones,last_seat_closure,"From last seat, does taking the trick beat declining when both are available?",decl,ones,91,10.523741089708203,7.3864314526647,13.815117445293364,-10.523741089708203,0.10824175517760463,-0.08598901012114116,0.6593406593406593,0.25274725274725274
closure_take_trick_vs_decline,closure_take_trick_vs_decline__decl=sixes,last_seat_closure,"From last seat, does taking the trick beat declining when both are available?",decl,sixes,87,12.214091387641584,9.330252017376237,15.021936987805041,-12.214091387641584,0.16471264265135102,-0.10890804685052784,0.7241379310344828,0.1839080459770115
closure_take_trick_vs_decline,closure_take_trick_vs_decline__decl=threes,last_seat_closure,"From last seat, does taking the trick beat declining when both are available?",decl,threes,106,12.446144286859429,9.21174833937636,15.625139125816101,-12.446144286859429,0.15226415191548612,-0.1086792459641144,0.6698113207547169,0.22641509433962265
closure_take_trick_vs_decline,closure_take_trick_vs_decline__decl=twos,last_seat_closure,"From last seat, does taking the trick beat declining when both are available?",decl,twos,113,10.938877502110152,8.028233968842345,13.790557598777577,-10.938877502110152,0.14438053184246594,-0.12464601703944196,0.5929203539823009,0.2743362831858407
closure_take_trick_vs_decline,closure_take_trick_vs_decline__family_role=bidder,last_seat_closure,"From last seat, does taking the trick beat declining when both are available?",family_role,bidder,143,10.63191010339928,8.25826211180538,12.808237343622775,-10.63191010339928,0.20996503624413815,-0.10493006953852368,0.7482517482517482,0.18181818181818182
closure_take_trick_vs_decline,closure_take_trick_vs_decline__family_role=partner,last_seat_closure,"From last seat, does taking the trick beat declining when both are available?",family_role,partner,147,7.413036750464821,5.230962614269078,9.598839737398892,-7.413036750464821,0.162653060883385,-0.09520408220361082,0.6598639455782312,0.23809523809523808
closure_take_trick_vs_decline,closure_take_trick_vs_decline__family_role=setter,last_seat_closure,"From last seat, does taking the trick beat declining when both are available?",family_role,setter,518,12.019058509086147,10.64084440530871,13.41336539507804,-12.019058509086147,0.12682432394913437,-0.12204633206380783,0.640926640926641,0.2548262548262548
closure_take_trick_vs_decline,closure_take_trick_vs_decline__phase=early,last_seat_closure,"From last seat, does taking the trick beat declining when both are available?",phase,early,304,16.007490256127266,14.222801083772394,17.72261869153743,-16.007490256127266,0.1815789464377112,-0.16756579017658768,0.6842105263157895,0.18421052631578946
closure_take_trick_vs_decline,closure_take_trick_vs_decline__phase=late,last_seat_closure,"From last seat, does taking the trick beat declining when both are available?",phase,late,91,4.528615724592173,1.5221624807096445,7.3618098654692155,-4.528615724592173,0.020329670427919746,0.0033516487577459316,0.7362637362637363,0.26373626373626374
closure_take_trick_vs_decline,closure_take_trick_vs_decline__phase=middle,last_seat_closure,"From last seat, does taking the trick beat declining when both are available?",phase,middle,413,8.613972847482987,7.256379085017896,9.96943752934872,-8.613972847482987,0.15152542424313814,-0.10069007230088223,0.6319612590799032,0.2736077481840194
closure_take_trick_vs_decline,closure_take_trick_vs_decline__position=last,last_seat_closure,"From last seat, does taking the trick beat declining when both are available?",position,last,808,10.935583978726546,9.886822413610489,12.031889110767873,-10.935583978726546,0.14805693061685762,-0.11413366341211897,0.6633663366336634,0.23886138613861385
closure_take_trick_vs_decline,closure_take_trick_vs_decline__seat_role=bidder,last_seat_closure,"From last seat, does taking the trick beat declining when both are available?",seat_role,bidder,143,10.63191010339928,8.38356913230219,12.92019598733738,-10.63191010339928,0.20996503624413815,-0.10493006953852368,0.7482517482517482,0.18181818181818182
closure_take_trick_vs_decline,closure_take_trick_vs_decline__seat_role=bidder_partner,last_seat_closure,"From last seat, does taking the trick beat declining when both are available?",seat_role,bidder_partner,147,7.413036750464821,5.055421056694725,9.736407302345345,-7.413036750464821,0.162653060883385,-0.09520408220361082,0.6598639455782312,0.23809523809523808
closure_take_trick_vs_decline,closure_take_trick_vs_decline__seat_role=left_setter,last_seat_closure,"From last seat, does taking the trick beat declining when both are available?",seat_role,left_setter,152,8.734460480241594,6.2704378549793836,11.277353068764665,-8.734460480241594,0.08480263234263188,-0.07710526183884787,0.6710526315789473,0.2894736842105263
closure_take_trick_vs_decline,closure_take_trick_vs_decline__seat_role=right_setter,last_seat_closure,"From last seat, does taking the trick beat declining when both are available?",seat_role,right_setter,366,13.3831538653276,11.762520449734776,15.009789303759408,-13.3831538653276,0.14427595543598787,-0.14071038308619557,0.6284153005464481,0.24043715846994534
closure_take_trick_vs_decline,closure_take_trick_vs_decline__trick_idx=0,last_seat_closure,"From last seat, does taking the trick beat declining when both are available?",trick_idx,0,141,18.444071630214122,15.890497151841508,21.115504065303938,-18.444071630214122,0.20134751604381182,-0.1952127669046217,0.6595744680851063,0.1702127659574468
closure_take_trick_vs_decline,closure_take_trick_vs_decline__trick_idx=1,last_seat_closure,"From last seat, does taking the trick beat declining when both are available?",trick_idx,1,163,13.89977262578219,11.506913518384556,16.254593406626782,-13.89977262578219,0.16447852733059345,-0.14365030724006744,0.7055214723926381,0.19631901840490798
closure_take_trick_vs_decline,closure_take_trick_vs_decline__trick_idx=2,last_seat_closure,"From last seat, does taking the trick beat declining when both are available?",trick_idx,2,141,8.437577669317207,5.9956919635705495,10.775146216471144,-8.437577669317207,0.12205673974826403,-0.11010638263789897,0.574468085106383,0.3191489361702128
closure_take_trick_vs_decline,closure_take_trick_vs_decline__trick_idx=3,last_seat_closure,"From last seat, does taking the trick beat declining when both are available?",trick_idx,3,144,9.770421537518915,7.622310678060684,11.94475269322801,-9.770421537518915,0.18663194436683422,-0.10100694431457669,0.6805555555555556,0.2152777777777778
closure_take_trick_vs_decline,closure_take_trick_vs_decline__trick_idx=4,last_seat_closure,"From last seat, does taking the trick beat declining when both are available?",trick_idx,4,128,7.507278384640813,5.06228942470625,10.097402478568256,-7.507278384640813,0.1444921868678648,-0.08996093692985596,0.640625,0.2890625
closure_take_trick_vs_decline,closure_take_trick_vs_decline__trick_idx=5,last_seat_closure,"From last seat, does taking the trick beat declining when both are available?",trick_idx,5,91,4.528615724592173,1.6023280268616893,7.489664983516048,-4.528615724592173,0.020329670427919746,0.0033516487577459316,0.7362637362637363,0.26373626373626374
closure_take_trick_vs_decline,closure_take_trick_vs_decline__trick_position=3,last_seat_closure,"From last seat, does taking the trick beat declining when both are available?",trick_position,3,808,10.935583978726546,9.858131900587635,12.007880220558532,-10.935583978726546,0.14805693061685762,-0.11413366341211897,0.6633663366336634,0.23886138613861385
closure_take_count_vs_other,closure_take_count_vs_other__count_points=10,last_seat_closure,"From last seat, does taking count beat other same-state closure options?",count_points,10,144,4.41849651436011,2.4258241036699877,6.46693906850285,-4.41849651436011,0.06559027788979518,-0.06222222219609345,0.5833333333333334,0.3611111111111111
closure_take_count_vs_other,closure_take_count_vs_other__count_points=5,last_seat_closure,"From last seat, does taking count beat other same-state closure options?",count_points,5,133,4.933487049030854,2.9512537145300914,7.006160987134939,-4.933487049030854,0.06293233015567512,-0.06898496246063396,0.631578947368421,0.2932330827067669
closure_take_count_vs_other,closure_take_count_vs_other__current_winner_team=defense,last_seat_closure,"From last seat, does taking count beat other same-state closure options?",current_winner_team,defense,129,3.711252028483522,1.9632891217867534,5.676272667684527,-3.711252028483522,0.08065891390045483,-0.05996124020438324,0.5968992248062015,0.34108527131782945
closure_take_count_vs_other,closure_take_count_vs_other__current_winner_team=offense,last_seat_closure,"From last seat, does taking count beat other same-state closure options?",current_winner_team,offense,148,5.497741648071521,3.4802097529172897,7.570885622118776,-5.497741648071521,0.050067567795112324,-0.07027027038605632,0.6148648648648649,0.31756756756756754
closure_take_count_vs_other,closure_take_count_vs_other__decl=blanks,last_seat_closure,"From last seat, does taking count beat other same-state closure options?",decl,blanks,26,5.297456791194586,0.3937281828660231,10.366491655890758,-5.297456791194586,0.039423074859839216,-0.0669230784361179,0.6153846153846154,0.3076923076923077
closure_take_count_vs_other,closure_take_count_vs_other__decl=doubles,last_seat_closure,"From last seat, does taking count beat other same-state closure options?",decl,doubles,36,0.6473841518163681,-2.9760250250498452,4.481391201416652,-0.6473841518163681,0.07458333032102221,-0.016527777020302083,0.5,0.3888888888888889
closure_take_count_vs_other,closure_take_count_vs_other__decl=fives,last_seat_closure,"From last seat, does taking count beat other same-state closure options?",decl,fives,30,4.063735504945119,0.35820141633351643,7.884995166460673,-4.063735504945119,0.042000001513709626,-0.01766666639596224,0.5333333333333333,0.4
closure_take_count_vs_other,closure_take_count_vs_other__decl=fours,last_seat_closure,"From last seat, does taking count beat other same-state closure options?",decl,fours,47,4.290612166549297,1.0615045517048938,7.740697532575181,-4.290612166549297,0.021170211519966734,-0.0869148937351209,0.6595744680851063,0.2978723404255319
closure_take_count_vs_other,closure_take_count_vs_other__decl=ones,last_seat_closure,"From last seat, does taking count beat other same-state closure options?",decl,ones,26,4.936369226529048,0.9591744312873254,9.863223571043749,-4.936369226529048,0.07326923024195892,-0.03961538279858919,0.5769230769230769,0.34615384615384615
closure_take_count_vs_other,closure_take_count_vs_other__decl=sixes,last_seat_closure,"From last seat, does taking count beat other same-state closure options?",decl,sixes,26,6.512607097625732,2.50678223830003,11.329063617266142,-6.512607097625732,0.07269230757195216,-0.09826923165327081,0.6153846153846154,0.34615384615384615
closure_take_count_vs_other,closure_take_count_vs_other__decl=threes,last_seat_closure,"From last seat, does taking count beat other same-state closure options?",decl,threes,29,5.626345986307695,1.8695860508957813,9.679222597258873,-5.626345986307695,0.09120689820626686,-0.09362068936100294,0.6896551724137931,0.2413793103448276
closure_take_count_vs_other,closure_take_count_vs_other__decl=twos,last_seat_closure,"From last seat, does taking count beat other same-state closure options?",decl,twos,22,1.9439475319602273,-2.467012968930331,6.621726924722845,-1.9439475319602273,0.05636363578113643,-0.06295454675670374,0.4090909090909091,0.5
closure_take_count_vs_other,closure_take_count_vs_other__family_role=bidder,last_seat_closure,"From last seat, does taking count beat other same-state closure options?",family_role,bidder,51,5.846105939252119,2.752874734574089,9.380747016738443,-5.846105939252119,0.10186274356993974,-0.07764705816539479,0.6666666666666666,0.29411764705882354
closure_take_count_vs_other,closure_take_count_vs_other__family_role=partner,last_seat_closure,"From last seat, does taking count beat other same-state closure options?",family_role,partner,56,3.759620014844196,1.259094923734665,6.548338191583753,-3.759620014844196,0.0435714279966695,-0.08250000035124165,0.5535714285714286,0.4107142857142857
closure_take_count_vs_other,closure_take_count_vs_other__family_role=setter,last_seat_closure,"From last seat, does taking count beat other same-state closure options?",family_role,setter,170,4.610159716798979,2.807335032259717,6.49343639051213,-4.610159716798979,0.05988235315855812,-0.05620588245527709,0.6058823529411764,0.31176470588235294
closure_take_count_vs_other,closure_take_count_vs_other__phase=early,last_seat_closure,"From last seat, does taking count beat other same-state closure options?",phase,early,100,6.007990124821663,3.729721078276634,8.489154896140098,-6.007990124821663,0.062449999535456296,-0.0629500003810972,0.65,0.24
closure_take_count_vs_other,closure_take_count_vs_other__phase=late,last_seat_closure,"From last seat, does taking count beat other same-state closure options?",phase,late,28,3.677541045205934,-1.2092834620603494,8.660043950059585,-3.677541045205934,0.06482142848627907,-0.09285714264426913,0.7142857142857143,0.2857142857142857
closure_take_count_vs_other,closure_take_count_vs_other__phase=middle,last_seat_closure,"From last seat, does taking count beat other same-state closure options?",phase,middle,149,3.950651770745148,2.0198260820502,5.824888415659634,-3.950651770745148,0.0654697984944554,-0.06201342262652696,0.5570469798657718,0.3959731543624161
closure_take_count_vs_other,closure_take_count_vs_other__position=last,last_seat_closure,"From last seat, does taking count beat other same-state closure options?",position,last,277,4.6657663378662795,3.294248921574776,6.0643967315823595,-4.6657663378662795,0.06431407915825017,-0.06546931409206416,0.6064981949458483,0.3285198555956679
closure_take_count_vs_other,closure_take_count_vs_other__seat_role=bidder,last_seat_closure,"From last seat, does taking count beat other same-state closure options?",seat_role,bidder,51,5.846105939252119,2.8282465785011355,9.271928052326627,-5.846105939252119,0.10186274356993974,-0.07764705816539479,0.6666666666666666,0.29411764705882354
closure_take_count_vs_other,closure_take_count_vs_other__seat_role=bidder_partner,last_seat_closure,"From last seat, does taking count beat other same-state closure options?",seat_role,bidder_partner,56,3.759620014844196,1.2620094950710024,6.567571873377476,-3.759620014844196,0.0435714279966695,-0.08250000035124165,0.5535714285714286,0.4107142857142857
closure_take_count_vs_other,closure_take_count_vs_other__seat_role=left_setter,last_seat_closure,"From last seat, does taking count beat other same-state closure options?",seat_role,left_setter,50,5.004188408851624,1.1975937938690187,9.051660618782044,-5.004188408851624,0.06290000081062316,-0.059499999769032,0.6,0.34
closure_take_count_vs_other,closure_take_count_vs_other__seat_role=right_setter,last_seat_closure,"From last seat, does taking count beat other same-state closure options?",seat_role,right_setter,120,4.445981095110377,2.3209336378922063,6.575113344565034,-4.445981095110377,0.058624999970197676,-0.05483333357454588,0.6083333333333333,0.3
closure_take_count_vs_other,closure_take_count_vs_other__trick_idx=0,last_seat_closure,"From last seat, does taking count beat other same-state closure options?",trick_idx,0,45,6.138232787450154,3.0295850965711804,9.622247060139975,-6.138232787450154,0.06233333415455288,-0.05700000102321307,0.6222222222222222,0.24444444444444444
closure_take_count_vs_other,closure_take_count_vs_other__trick_idx=1,last_seat_closure,"From last seat, does taking count beat other same-state closure options?",trick_idx,1,55,5.901427946307442,2.8802111929113217,9.305422289804978,-5.901427946307442,0.06254545302892273,-0.06781818167391149,0.6727272727272727,0.23636363636363636
closure_take_count_vs_other,closure_take_count_vs_other__trick_idx=2,last_seat_closure,"From last seat, does taking count beat other same-state closure options?",trick_idx,2,42,4.491861038530867,0.735742528612415,8.695544504250089,-4.491861038530867,0.06321428893577485,-0.054761902939173435,0.47619047619047616,0.40476190476190477
closure_take_count_vs_other,closure_take_count_vs_other__trick_idx=3,last_seat_closure,"From last seat, does taking count beat other same-state closure options?",trick_idx,3,55,3.7935238989916713,0.8517130418257279,6.769650736722079,-3.7935238989916713,0.06490908967839046,-0.05790909135883505,0.6181818181818182,0.38181818181818183
closure_take_count_vs_other,closure_take_count_vs_other__trick_idx=4,last_seat_closure,"From last seat, does taking count beat other same-state closure options?",trick_idx,4,52,3.679714149580552,0.7804766125403918,6.691997007108652,-3.679714149580552,0.06788461361653529,-0.0722115389071405,0.5576923076923077,0.40384615384615385
closure_take_count_vs_other,closure_take_count_vs_other__trick_idx=5,last_seat_closure,"From last seat, does taking count beat other same-state closure options?",trick_idx,5,28,3.677541045205934,-0.7520601509937218,8.613272679171391,-3.677541045205934,0.06482142848627907,-0.09285714264426913,0.7142857142857143,0.2857142857142857
closure_take_count_vs_other,closure_take_count_vs_other__trick_position=3,last_seat_closure,"From last seat, does taking count beat other same-state closure options?",trick_position,3,277,4.6657663378662795,3.2627731579816515,6.093699267611499,-4.6657663378662795,0.06431407915825017,-0.06546931409206416,0.6064981949458483,0.3285198555956679
closure_slough_count_vs_other,closure_slough_count_vs_other__count_points=10,last_seat_closure_negative_control,"From last seat, is sloughing count while declining the trick punished?",count_points,10,515,-10.792563831688637,-12.123628142327794,-9.587185522696926,10.792563831688637,-0.1465145643312231,0.1388834953687868,0.229126213592233,0.6854368932038835
closure_slough_count_vs_other,closure_slough_count_vs_other__count_points=5,last_seat_closure_negative_control,"From last seat, is sloughing count while declining the trick punished?",count_points,5,1288,-4.610997352367325,-5.086158306849831,-4.124745231746517,4.610997352367325,-0.06642857139499175,0.06156832305931411,0.22593167701863354,0.6777950310559007
closure_slough_count_vs_other,closure_slough_count_vs_other__current_winner_team=defense,last_seat_closure_negative_control,"From last seat, is sloughing count while declining the trick punished?",current_winner_team,defense,779,-5.045302290102378,-5.789145131704227,-4.342668415726293,5.045302290102378,-0.06548138690899594,0.06373555766507046,0.2913992297817715,0.6392811296534018
closure_slough_count_vs_other,closure_slough_count_vs_other__current_winner_team=offense,last_seat_closure_negative_control,"From last seat, is sloughing count while declining the trick punished?",current_winner_team,offense,1024,-7.389496561698252,-8.14097719115307,-6.696968057223785,7.389496561698252,-0.1074267579933803,0.09880371171311708,0.177734375,0.7109375
closure_slough_count_vs_other,closure_slough_count_vs_other__decl=blanks,last_seat_closure_negative_control,"From last seat, is sloughing count while declining the trick punished?",decl,blanks,179,-8.681729231752955,-10.616250539744824,-6.932170379761211,8.681729231752955,-0.12779329589167454,0.12036312687309594,0.16201117318435754,0.7653631284916201
closure_slough_count_vs_other,closure_slough_count_vs_other__decl=doubles,last_seat_closure_negative_control,"From last seat, is sloughing count while declining the trick punished?",decl,doubles,180,-5.645416885283258,-7.191418383684423,-4.225306202802393,5.645416885283258,-0.07488889014348388,0.07086111131227679,0.24444444444444444,0.65
closure_slough_count_vs_other,closure_slough_count_vs_other__decl=doubles-suit,last_seat_closure_negative_control,"From last seat, is sloughing count while declining the trick punished?",decl,doubles-suit,220,-4.976858020777052,-6.108997858112509,-3.9643971197984436,4.976858020777052,-0.07090909134342589,0.08243181799453768,0.20909090909090908,0.6863636363636364
closure_slough_count_vs_other,closure_slough_count_vs_other__decl=fives,last_seat_closure_negative_control,"From last seat, is sloughing count while declining the trick punished?",decl,fives,165,-4.482790492023483,-5.950080448976069,-3.180865488946438,4.482790492023483,-0.07560606027078448,0.05936363622771971,0.2545454545454545,0.6484848484848484
closure_slough_count_vs_other,closure_slough_count_vs_other__decl=fours,last_seat_closure_negative_control,"From last seat, is sloughing count while declining the trick punished?",decl,fours,163,-5.5636081172416185,-7.163161317720735,-4.052833965196749,5.5636081172416185,-0.07972392767804898,0.06874233216298686,0.26993865030674846,0.6687116564417178
closure_slough_count_vs_other,closure_slough_count_vs_other__decl=no-trump,last_seat_closure_negative_control,"From last seat, is sloughing count while declining the trick punished?",decl,no-trump,196,-5.107197814525998,-6.325410001360032,-4.006141674685843,5.107197814525998,-0.07270408189874522,0.07489795982362513,0.21428571428571427,0.7142857142857143
closure_slough_count_vs_other,closure_slough_count_vs_other__decl=ones,last_seat_closure_negative_control,"From last seat, is sloughing count while declining the trick punished?",decl,ones,172,-7.5291711607363165,-9.610409890398989,-5.495650189907052,7.5291711607363165,-0.09043604637994322,0.07412790698215885,0.3023255813953488,0.6162790697674418
closure_slough_count_vs_other,closure_slough_count_vs_other__decl=sixes,last_seat_closure_negative_control,"From last seat, is sloughing count while declining the trick punished?",decl,sixes,183,-7.515277867302136,-9.176870326160408,-5.939431807240013,7.515277867302136,-0.09040983648756977,0.08636612117371924,0.18579234972677597,0.6994535519125683
closure_slough_count_vs_other,closure_slough_count_vs_other__decl=threes,last_seat_closure_negative_control,"From last seat, is sloughing count while declining the trick punished?",decl,threes,161,-8.347692868816926,-10.484206271467741,-6.284985041396218,8.347692868816926,-0.11627329183129236,0.11217391343428666,0.16149068322981366,0.7204968944099379
closure_slough_count_vs_other,closure_slough_count_vs_other__decl=twos,last_seat_closure_negative_control,"From last seat, is sloughing count while declining the trick punished?",decl,twos,184,-6.359730758582768,-8.076553693729574,-4.6034698486328125,6.359730758582768,-0.10065217420418301,0.0874728262272623,0.2717391304347826,0.625
closure_slough_count_vs_other,closure_slough_count_vs_other__family_role=bidder,last_seat_closure_negative_control,"From last seat, is sloughing count while declining the trick punished?",family_role,bidder,361,-5.86177680912554,-6.971301752555383,-4.754754676702858,5.86177680912554,-0.08599723012049855,0.07447368353656868,0.2077562326869806,0.7091412742382271
closure_slough_count_vs_other,closure_slough_count_vs_other__family_role=partner,last_seat_closure_negative_control,"From last seat, is sloughing count while declining the trick punished?",family_role,partner,327,-6.270796267099291,-7.384473986553444,-5.18804118983926,6.270796267099291,-0.09866972504588077,0.08509174199199548,0.19877675840978593,0.7308868501529052
closure_slough_count_vs_other,closure_slough_count_vs_other__family_role=setter,last_seat_closure_negative_control,"From last seat, is sloughing count while declining the trick punished?",family_role,setter,1115,-6.574424354917466,-7.263539333983989,-5.884720690783965,6.574424354917466,-0.08762780307069622,0.08620179446389055,0.24125560538116592,0.6556053811659193
closure_slough_count_vs_other,closure_slough_count_vs_other__phase=early,last_seat_closure_negative_control,"From last seat, is sloughing count while declining the trick punished?",phase,early,598,-9.454668443581483,-10.524204874230568,-8.516179888101176,9.454668443581483,-0.13535117094302207,0.1331521744036231,0.17224080267558528,0.7224080267558528
closure_slough_count_vs_other,closure_slough_count_vs_other__phase=late,last_seat_closure_negative_control,"From last seat, is sloughing count while declining the trick punished?",phase,late,223,-2.9147035651067648,-4.272777694319228,-1.6022290353884612,2.9147035651067648,-0.006278026999379487,0.0023542599493612624,0.33183856502242154,0.6681614349775785
closure_slough_count_vs_other,closure_slough_count_vs_other__phase=middle,last_seat_closure_negative_control,"From last seat, is sloughing count while declining the trick punished?",phase,middle,982,-5.288456556912656,-5.902476298674,-4.662306414482747,5.288456556912656,-0.08011710829179271,0.07197046838416253,0.23625254582484725,0.6568228105906314
closure_slough_count_vs_other,closure_slough_count_vs_other__position=last,last_seat_closure_negative_control,"From last seat, is sloughing count while declining the trick punished?",position,last,1803,-6.376669419394766,-6.892308112378508,-5.895991537500952,6.376669419394766,-0.08930393820706005,0.08365224637566378,0.22684414864115363,0.6799778147531891
closure_slough_count_vs_other,closure_slough_count_vs_other__seat_role=bidder,last_seat_closure_negative_control,"From last seat, is sloughing count while declining the trick punished?",seat_role,bidder,361,-5.86177680912554,-7.030768106371639,-4.803859347864531,5.86177680912554,-0.08599723012049855,0.07447368353656868,0.2077562326869806,0.7091412742382271
closure_slough_count_vs_other,closure_slough_count_vs_other__seat_role=bidder_partner,last_seat_closure_negative_control,"From last seat, is sloughing count while declining the trick punished?",seat_role,bidder_partner,327,-6.270796267099291,-7.392901621462737,-5.152648660357165,6.270796267099291,-0.09866972504588077,0.08509174199199548,0.19877675840978593,0.7308868501529052
closure_slough_count_vs_other,closure_slough_count_vs_other__seat_role=left_setter,last_seat_closure_negative_control,"From last seat, is sloughing count while declining the trick punished?",seat_role,left_setter,320,-5.470722391246818,-6.669825463811867,-4.40658635457512,5.470722391246818,-0.06315625133283902,0.0652187507308554,0.221875,0.69375
closure_slough_count_vs_other,closure_slough_count_vs_other__seat_role=right_setter,last_seat_closure_negative_control,"From last seat, is sloughing count while declining the trick punished?",seat_role,right_setter,795,-7.018681749099362,-7.859428977558635,-6.163462258420838,7.018681749099362,-0.0974779874180098,0.09464779948850847,0.2490566037735849,0.640251572327044
closure_slough_count_vs_other,closure_slough_count_vs_other__trick_idx=0,last_seat_closure_negative_control,"From last seat, is sloughing count while declining the trick punished?",trick_idx,0,290,-10.723506091329558,-12.339287015436025,-9.200526575333086,10.723506091329558,-0.157155173156282,0.1531724145892879,0.19655172413793104,0.696551724137931
closure_slough_count_vs_other,closure_slough_count_vs_other__trick_idx=1,last_seat_closure_negative_control,"From last seat, is sloughing count while declining the trick punished?",trick_idx,1,308,-8.259983645377124,-9.545436845269876,-7.079153396019882,8.259983645377124,-0.11482142859936825,0.11430194825478285,0.14935064935064934,0.7467532467532467
closure_slough_count_vs_other,closure_slough_count_vs_other__trick_idx=2,last_seat_closure_negative_control,"From last seat, is sloughing count while declining the trick punished?",trick_idx,2,341,-6.880756775998781,-8.030531113617712,-5.863960227920862,6.880756775998781,-0.09739002998634255,0.10039589489889372,0.20527859237536658,0.6715542521994134
closure_slough_count_vs_other,closure_slough_count_vs_other__trick_idx=3,last_seat_closure_negative_control,"From last seat, is sloughing count while declining the trick punished?",trick_idx,3,349,-5.171590965620127,-6.257843001588197,-4.148041049274683,5.171590965620127,-0.07975644676980795,0.05944125975527531,0.22349570200573066,0.66189111747851
closure_slough_count_vs_other,closure_slough_count_vs_other__trick_idx=4,last_seat_closure_negative_control,"From last seat, is sloughing count while declining the trick punished?",trick_idx,4,292,-3.568633668737052,-4.637162172631042,-2.55783783950626,3.568633668737052,-0.06037671299498171,0.05375000047306084,0.2876712328767123,0.6335616438356164
closure_slough_count_vs_other,closure_slough_count_vs_other__trick_idx=5,last_seat_closure_negative_control,"From last seat, is sloughing count while declining the trick punished?",trick_idx,5,223,-2.9147035651067648,-4.200198040615283,-1.589106598217458,2.9147035651067648,-0.006278026999379487,0.0023542599493612624,0.33183856502242154,0.6681614349775785
closure_slough_count_vs_other,closure_slough_count_vs_other__trick_position=3,last_seat_closure_negative_control,"From last seat, is sloughing count while declining the trick punished?",trick_position,3,1803,-6.376669419394766,-6.887140125957232,-5.873710292009239,6.376669419394766,-0.08930393820706005,0.08365224637566378,0.22684414864115363,0.6799778147531891
