game_idx,hand_idx,seed,a_team,dealer,redeals,forced,bidder,bidder_is_a,bid_value,decl_id,team_a_pts,team_b_pts,made,marks_a_after,marks_b_after
0,0,1871551216,0,0,0,0,1,0,30,4,41,1,0,1,0
0,1,682552772,0,1,0,0,2,1,30,4,7,35,0,1,1
0,2,346493191,0,2,0,0,3,0,30,4,30,12,0,2,1
0,3,1404317282,0,3,0,0,0,1,30,4,8,34,0,2,2
0,4,2311081612,0,0,0,0,1,0,30,5,11,31,1,2,3
0,5,4122505679,0,1,0,0,2,1,30,3,42,0,1,3,3
0,6,786023587,0,2,0,0,3,0,30,4,0,42,1,3,4
0,7,2597447654,0,3,0,0,0,1,30,6,4,38,0,3,5
0,8,1507788097,0,0,0,0,1,0,30,4,23,19,0,4,5
0,9,267068779,0,1,0,0,2,1,30,4,25,17,0,4,6
0,10,1225553983,0,2,0,0,3,0,30,0,14,28,0,5,6
0,11,3036978050,0,3,0,0,0,1,30,5,18,24,0,5,7
1,0,2551273214,0,0,0,0,1,0,30,6,36,6,0,1,0
1,1,1362274770,0,1,0,0,2,1,30,2,36,6,1,2,0
1,2,1026215189,0,2,0,0,3,0,30,5,6,36,1,2,1
1,3,1932979519,0,3,0,0,0,1,30,4,19,23,0,2,2
1,4,2990803610,0,0,0,0,1,0,30,2,0,42,1,2,3
1,5,2654744029,0,1,0,0,2,1,30,5,42,0,1,3,3
1,6,1465745585,0,2,0,0,3,0,30,5,30,12,0,4,3
1,7,2372509915,0,3,0,0,0,1,30,6,1,41,0,4,4
1,8,3430334006,0,0,0,0,1,0,30,4,6,36,1,4,5
1,9,3094274425,0,1,0,0,2,1,30,5,11,31,0,4,6
1,10,2758214844,0,2,0,0,3,0,30,4,24,18,0,5,6
1,11,1569216400,0,3,0,0,0,1,30,5,8,34,0,5,7
2,0,2612897626,0,0,0,0,1,0,30,5,24,18,0,1,0
2,1,2766061980,0,1,0,0,2,1,30,2,41,1,1,2,0
2,2,282518751,0,2,0,0,3,0,30,4,23,19,0,3,0
2,3,3388487603,0,3,0,0,0,1,30,1,41,1,1,4,0
2,4,3052428022,0,0,0,0,1,0,30,4,33,9,0,5,0
2,5,1911047591,0,1,0,0,2,1,30,0,42,0,1,6,0
2,6,722049147,0,2,0,0,3,0,30,5,25,17,0,7,0
3,0,824315275,0,0,0,0,1,0,30,4,19,23,0,1,0
3,1,1782800479,0,1,0,0,2,1,30,0,12,30,0,1,1
3,2,3594224546,0,2,0,0,3,0,30,4,17,25,0,2,1
3,3,3747388900,0,3,0,0,0,1,30,5,18,24,0,2,2
3,4,3411329319,0,0,0,0,1,0,30,4,23,19,0,3,2
3,5,927786090,0,1,0,0,2,1,30,6,40,2,1,4,2
3,6,4033754942,0,2,0,0,3,0,30,6,36,6,0,5,2
3,7,2892374511,0,3,0,0,0,1,30,4,25,17,0,5,3
3,8,3850859715,0,0,0,0,1,0,30,0,23,19,0,6,3
3,9,1367316486,0,1,0,0,2,1,30,1,36,6,1,7,3
4,0,179957724,0,0,0,0,1,0,30,3,31,11,0,1,0
4,1,3285926576,0,1,0,0,2,1,30,5,19,23,0,1,1
4,2,2949866995,0,2,0,0,3,0,30,4,1,41,1,1,2
4,3,1760868551,0,3,0,0,0,1,30,5,12,30,0,1,3
4,4,619488120,0,0,0,0,1,0,30,2,29,13,0,2,3
4,5,2430912187,0,1,0,0,2,1,30,4,19,23,0,2,4
4,6,3389397391,0,2,0,0,3,0,30,2,0,42,1,2,5
4,7,905854162,0,3,0,0,0,1,30,4,35,7,1,3,5
4,8,1059018516,0,0,0,0,1,0,30,4,16,26,0,4,5
4,9,2870442583,0,1,0,0,2,1,30,5,12,30,0,4,6
4,10,3828927787,0,2,0,0,3,0,30,1,23,19,0,5,6
4,11,1345384558,0,3,0,0,0,1,30,4,24,18,0,5,7
5,0,2907824483,0,0,0,0,1,0,30,4,0,42,1,0,1
5,1,1718826039,0,1,0,0,2,1,30,6,26,16,0,0,2
5,2,1382766458,0,2,0,0,3,0,30,5,13,29,0,1,2
5,3,241386027,0,3,0,0,0,1,30,2,35,7,1,2,2
5,4,3347354879,0,0,0,0,1,0,30,6,12,30,1,2,3
5,5,3011295298,0,1,0,0,2,1,30,4,14,28,0,2,4
5,6,1822296854,0,2,0,0,3,0,30,4,23,19,0,3,4
5,7,680916423,0,3,0,0,0,1,30,5,41,1,1,4,4
5,8,3786885275,0,0,0,0,1,0,30,5,41,1,0,5,4
5,9,3450825694,0,1,0,0,2,1,30,4,41,1,1,6,4
5,10,967282465,0,2,0,0,3,0,30,6,2,40,1,6,5
5,11,1120446819,0,3,0,0,0,1,30,5,40,2,1,7,5
6,0,115983284,0,0,0,0,1,0,30,5,17,25,0,1,0
6,1,3221952136,0,1,0,0,2,1,30,5,15,27,0,1,1
6,2,2885892555,0,2,0,0,3,0,30,6,25,17,0,2,1
6,3,2549832974,0,3,0,0,0,1,30,4,12,30,0,2,2
6,4,1360834530,0,0,0,0,1,0,30,0,9,33,1,2,3
6,5,219454099,0,1,0,0,2,1,30,2,35,7,1,3,3
6,6,3325422951,0,2,0,0,3,0,30,3,2,40,1,3,4
6,7,2989363370,0,3,0,0,0,1,30,5,12,30,0,3,5
6,8,1800364926,0,0,0,0,1,0,30,6,35,7,0,4,5
6,9,658984495,0,1,0,0,2,1,30,4,0,42,0,4,6
6,10,322924914,0,2,0,0,3,0,30,5,24,18,0,5,6
6,11,3428893766,0,3,0,0,0,1,30,1,19,23,0,5,7
7,0,761446732,0,0,0,0,1,0,30,4,0,42,1,0,1
7,1,3062094734,0,1,0,0,2,1,30,4,30,12,1,1,1
7,2,2726035153,0,2,0,0,3,0,30,5,28,14,0,2,1
7,3,1537036709,0,3,0,0,0,1,30,5,19,23,0,2,2
7,4,1200977128,0,0,0,0,1,0,30,6,17,25,0,3,2
7,5,3501625130,0,1,0,0,2,1,30,2,23,19,0,3,3
7,6,3165565549,0,2,0,0,3,0,30,0,0,42,1,3,4
7,7,2829505968,0,3,0,0,0,1,30,4,24,18,0,3,5
7,8,1640507524,0,0,0,0,1,0,30,4,25,17,0,4,5
7,9,499127093,0,1,0,0,2,1,30,3,19,23,0,4,6
7,10,3605095945,0,2,0,0,3,0,30,6,0,42,1,4,7
8,0,2683992641,0,0,0,0,1,0,30,4,18,24,0,1,0
8,1,1594333084,0,1,0,0,2,1,30,5,14,28,0,1,1
8,2,1158934616,0,2,0,0,3,0,30,6,7,35,1,1,2
8,3,69275059,0,3,0,0,0,1,30,4,24,18,0,1,3
8,4,976039389,0,0,0,0,1,0,30,4,29,13,0,2,3
8,5,2787463456,0,1,0,0,2,1,30,4,28,14,0,2,4
8,6,3845287547,0,2,0,0,3,0,30,2,0,42,1,2,5
8,7,1262405431,0,3,0,0,0,1,30,4,29,13,0,2,6
8,8,1415569785,0,0,0,0,1,0,30,3,1,41,1,2,7
9,0,697472292,0,0,0,0,1,0,30,4,40,2,0,1,0
9,1,850636646,0,1,0,0,2,1,30,6,42,0,1,2,0
9,2,514577065,0,2,0,0,3,0,30,4,41,1,0,3,0
9,3,3620545917,0,3,0,0,0,1,30,4,25,17,0,3,1
9,4,1137002688,0,0,0,0,1,0,30,4,8,34,1,3,2
9,5,4290589553,0,1,0,0,2,1,30,3,28,14,0,3,3
9,6,954107461,0,2,0,0,3,0,30,4,13,29,0,4,3
9,7,2765531528,0,3,0,0,0,1,30,6,39,3,1,5,3
9,8,3724016732,0,0,0,0,1,0,30,4,8,34,1,5,4
9,9,1240473503,0,1,0,0,2,1,30,6,41,1,1,6,4
9,10,1393637857,0,2,0,0,3,0,30,5,17,25,0,7,4
10,0,472534553,0,0,0,0,1,0,30,3,2,40,1,0,1
10,1,3578503405,0,1,0,0,2,1,30,0,18,24,0,0,2
10,2,3242443824,0,2,0,0,3,0,30,4,28,14,0,1,2
10,3,2906384243,0,3,0,0,0,1,30,6,25,17,0,1,3
10,4,912064949,0,0,0,0,1,0,30,0,8,34,1,1,4
10,5,576005368,0,1,0,0,2,1,30,2,31,11,1,2,4
10,6,3681974220,0,2,0,0,3,0,30,4,18,24,0,3,4
10,7,3345914639,0,3,0,0,0,1,30,5,23,19,0,3,5
10,8,1351595345,0,0,0,0,1,0,30,4,11,31,1,3,6
10,9,1015535764,0,1,0,0,2,1,30,6,19,23,0,3,7
11,0,3364820536,0,0,0,0,1,0,30,5,19,23,0,1,0
11,1,1370501242,0,1,0,0,2,1,30,1,36,6,1,2,0
11,2,1034441661,0,2,0,0,3,0,30,5,28,14,0,3,0
11,3,4140410513,0,3,0,0,0,1,30,4,35,7,1,4,0
11,4,3804350932,0,0,0,0,1,0,30,5,35,7,0,5,0
11,5,1810031638,0,1,0,0,2,1,30,5,42,0,1,6,0
11,6,1473972057,0,2,0,0,3,0,30,5,6,36,1,6,1
11,7,1137912476,0,3,0,0,0,1,30,4,40,2,1,7,1
12,0,992399149,0,0,0,0,1,0,30,5,19,23,0,1,0
12,1,1950884353,0,1,0,0,2,1,30,4,25,17,0,1,1
12,2,3762308420,0,2,0,0,3,0,30,0,2,40,1,1,2
12,3,425826328,0,3,0,0,0,1,30,1,42,0,1,2,2
12,4,1431929545,0,0,0,0,1,0,30,4,19,23,0,3,2
12,5,1095869964,0,1,0,0,2,1,30,1,35,7,1,4,2
12,6,4201838816,0,2,0,0,3,0,30,5,22,20,0,5,2
12,7,3865779235,0,3,0,0,0,1,30,2,41,1,1,6,2
12,8,1871459941,0,0,0,0,1,0,30,3,23,19,0,7,2
13,0,3300846096,0,0,0,0,1,0,30,4,30,12,0,1,0
13,1,3454010450,0,1,0,0,2,1,30,2,2,40,0,1,1
13,2,3018611982,0,2,0,0,3,0,30,4,27,15,0,2,1
13,3,1928952425,0,3,0,0,0,1,30,4,42,0,1,3,1
13,4,3740376492,0,0,0,0,1,0,30,4,40,2,0,4,1
13,5,352173526,0,1,0,0,2,1,30,5,25,17,0,4,2
13,6,1409997617,0,2,0,0,3,0,30,4,11,31,1,4,3
13,7,3122082797,0,3,0,0,0,1,30,4,6,36,0,4,4
13,8,4179906888,0,0,0,0,1,0,30,4,6,36,1,4,5
13,9,791703922,0,1,0,0,2,1,30,3,41,1,1,5,5
13,10,3997011661,0,2,0,0,3,0,30,4,6,36,1,5,6
13,11,1513468432,0,3,0,0,0,1,30,6,13,29,0,5,7
14,0,2557149658,0,0,0,0,1,0,30,4,19,23,0,1,0
14,1,3515634862,0,1,0,0,2,1,30,4,42,0,1,2,0
14,2,2374254431,0,2,0,0,3,0,30,4,8,34,1,2,1
14,3,1185255987,0,3,0,0,0,1,30,4,35,7,1,3,1
14,4,2996680054,0,0,0,0,1,0,30,5,38,4,0,4,1
14,5,2660620473,0,1,0,0,2,1,30,5,12,30,0,4,2
14,6,1471622029,0,2,0,0,3,0,30,5,17,25,0,5,2
14,7,330241598,0,3,0,0,0,1,30,4,14,28,0,5,3
14,8,1288726802,0,0,0,0,1,0,30,4,9,33,1,5,4
14,9,3100150869,0,1,0,0,2,1,30,5,23,19,0,5,5
14,10,1911152425,0,2,0,0,3,0,30,5,25,17,0,6,5
14,11,769771994,0,3,0,0,0,1,30,5,41,1,1,7,5
15,0,2916050955,0,0,0,0,1,0,30,4,12,30,1,0,1
15,1,1727052511,0,1,0,0,2,1,30,4,30,12,1,1,1
15,2,1390992930,0,2,0,0,3,0,30,3,34,8,0,2,1
15,3,201994486,0,3,0,0,0,1,30,5,17,25,0,2,2
15,4,3355581351,0,0,0,0,1,0,30,3,12,30,1,2,3
15,5,872038122,0,1,0,0,2,1,30,1,19,23,0,2,4
15,6,1830523326,0,2,0,0,3,0,30,4,2,40,1,2,5
15,7,3641947393,0,3,0,0,0,1,30,5,0,42,0,2,6
15,8,305465301,0,0,0,0,1,0,30,4,24,18,0,3,6
15,9,3459052166,0,1,0,0,2,1,30,4,14,28,0,3,7
16,0,929530606,0,0,0,0,1,0,30,4,12,30,1,0,1
16,1,4035499458,0,1,0,0,2,1,30,4,6,36,0,0,2
16,2,2894119027,0,2,0,0,3,0,30,5,34,8,0,1,2
16,3,1705120583,0,3,0,0,0,1,30,5,13,29,0,1,3
16,4,1369061002,0,0,0,0,1,0,30,5,17,25,0,2,3
16,5,180062558,0,1,0,0,2,1,30,4,20,22,0,2,4
16,6,3333649423,0,2,0,0,3,0,30,3,13,29,0,3,4
16,7,2997589842,0,3,0,0,0,1,30,4,41,1,1,4,4
16,8,1808591398,0,0,0,0,1,0,30,5,0,42,1,4,5
16,9,3620015465,0,1,0,0,2,1,30,5,6,36,0,4,6
16,10,3773179819,0,2,0,0,3,0,30,6,6,36,1,4,7
17,0,3657397365,0,0,0,0,1,0,30,5,41,1,0,1,0
17,1,3810561719,0,1,0,0,2,1,30,1,42,0,1,2,0
17,2,1327018490,0,2,0,0,3,0,30,3,6,36,1,2,1
17,3,990958909,0,3,0,0,0,1,30,5,24,18,0,2,2
17,4,4096927761,0,0,0,0,1,0,30,4,13,29,0,3,2
17,5,2955547330,0,1,0,0,2,1,30,1,19,23,0,3,3
17,6,1766548886,0,2,0,0,3,0,30,0,27,15,0,4,3
17,7,1430489305,0,3,0,0,0,1,30,5,11,31,0,4,4
17,8,241490861,0,0,0,0,1,0,30,5,7,35,1,4,5
17,9,3395077726,0,1,0,0,2,1,30,4,24,18,0,4,6
17,10,3059018145,0,2,0,0,3,0,30,4,12,30,1,4,7
18,0,865556166,0,0,0,0,1,0,30,6,0,42,1,0,1
18,1,1824041370,0,1,0,0,2,1,30,4,7,35,0,0,2
18,2,583322052,0,2,0,0,3,0,30,4,30,12,0,1,2
18,3,3788629791,0,3,0,0,0,1,30,4,35,7,1,2,2
18,4,1305086562,0,0,0,0,1,0,30,4,10,32,1,2,3
18,5,969026981,0,1,0,0,2,1,30,5,29,13,0,2,4
18,6,3269674983,0,2,0,0,3,0,30,4,13,29,0,3,4
18,7,686792867,0,3,0,0,0,1,30,1,36,6,1,4,4
18,8,1744616958,0,0,0,0,1,0,30,4,29,13,0,5,4
18,9,1408557377,0,1,0,0,2,1,30,5,7,35,0,5,5
18,10,2315321707,0,2,0,0,3,0,30,3,18,24,0,6,5
18,11,3373145798,0,3,0,0,0,1,30,5,26,16,0,6,6
18,12,790263682,0,0,0,0,1,0,30,1,2,40,1,6,7
19,0,2000243549,0,0,0,0,1,0,30,5,29,13,0,1,0
19,1,3811667616,0,1,0,0,2,1,30,4,34,8,1,2,0
19,2,3475608035,0,2,0,0,3,0,30,4,16,26,0,3,0
19,3,3628772389,0,3,0,0,0,1,30,5,12,30,0,3,1
19,4,1145229160,0,0,0,0,1,0,30,1,12,30,1,3,2
19,5,4251198012,0,1,0,0,2,1,30,5,11,31,0,3,3
19,6,3915138431,0,2,0,0,3,0,30,4,29,13,0,4,3
19,7,4068302785,0,3,0,0,0,1,30,5,7,35,0,4,4
19,8,1584759556,0,0,0,0,1,0,30,1,6,36,1,4,5
19,9,1248699975,0,1,0,0,2,1,30,2,29,13,0,4,6
19,10,59701531,0,2,0,0,3,0,30,4,7,35,1,4,7
20,0,1286081875,0,0,0,0,1,0,30,4,13,29,0,1,0
20,1,3586729877,0,1,0,0,2,1,30,4,29,13,0,1,1
20,2,3250670296,0,2,0,0,3,0,30,5,30,12,0,2,1
20,3,2061671852,0,3,0,0,0,1,30,1,42,0,1,3,1
20,4,1725612271,0,0,0,0,1,0,30,4,30,12,0,4,1
20,5,3537036338,0,1,0,0,2,1,30,6,34,8,1,5,1
20,6,3690200692,0,2,0,0,3,0,30,3,6,36,1,5,2
20,7,1206657463,0,3,0,0,0,1,30,0,14,28,0,5,3
20,8,2165142667,0,0,0,0,1,0,30,6,18,24,0,6,3
20,9,3976566734,0,1,0,0,2,1,30,5,35,7,1,7,3
21,0,2789207972,0,0,0,0,1,0,30,5,17,25,0,1,0
21,1,1600209528,0,1,0,0,2,1,30,1,35,7,1,2,0
21,2,1264149947,0,2,0,0,3,0,30,5,30,12,0,3,0
21,3,3564797949,0,3,0,0,0,1,30,4,18,24,0,3,1
21,4,3228738368,0,0,0,0,1,0,30,6,7,35,1,3,2
21,5,2039739924,0,1,0,0,2,1,30,5,41,1,1,4,2
21,6,1703680343,0,2,0,0,3,0,30,5,24,18,0,5,2
21,7,562299912,0,3,0,0,0,1,30,4,6,36,0,5,3
21,8,3668268764,0,0,0,0,1,0,30,4,0,42,1,5,4
21,9,1184725535,0,1,0,0,2,1,30,6,21,21,0,5,5
21,10,2143210739,0,2,0,0,3,0,30,4,17,25,0,6,5
21,11,1001830308,0,3,0,0,0,1,30,5,29,13,0,6,6
21,12,2813254375,0,0,0,0,1,0,30,4,23,19,0,7,6
22,0,1222107435,0,0,0,0,1,0,30,4,30,12,0,1,0
22,1,33108991,0,1,0,0,2,1,30,5,41,1,1,2,0
22,2,3186695856,0,2,0,0,3,0,30,4,21,21,0,3,0
22,3,2850636275,0,3,0,0,0,1,30,5,26,16,0,3,1
22,4,1661637831,0,0,0,0,1,0,30,4,7,35,1,3,2
22,5,1325578250,0,1,0,0,2,1,30,2,41,1,1,4,2
22,6,3626226252,0,2,0,0,3,0,30,4,11,31,1,4,3
22,7,3290166671,0,3,0,0,0,1,30,2,23,19,0,4,4
22,8,2101168227,0,0,0,0,1,0,30,4,1,41,1,4,5
22,9,1765108646,0,1,0,0,2,1,30,4,17,25,0,4,6
22,10,623728215,0,2,0,0,3,0,30,5,35,7,0,5,6
22,11,3729697067,0,3,0,0,0,1,30,4,29,13,0,5,7
23,0,2725233532,0,0,0,0,1,0,30,5,14,28,0,1,0
23,1,3683718736,0,1,0,0,2,1,30,3,13,29,0,1,1
23,2,1200175507,0,2,0,0,3,0,30,4,14,28,0,2,1
23,3,1353339861,0,3,0,0,0,1,30,2,17,25,0,2,2
23,4,3164763928,0,0,0,0,1,0,30,6,35,7,0,3,2
23,5,2828704347,0,1,0,0,2,1,30,4,26,16,0,3,3
23,6,1639705903,0,2,0,0,3,0,30,3,6,36,1,3,4
23,7,2546470233,0,3,0,0,0,1,30,5,30,12,1,4,4
23,8,3604294324,0,0,0,0,1,0,30,5,41,1,0,5,4
23,9,3268234743,0,1,0,0,2,1,30,0,35,7,1,6,4
23,10,2932175162,0,2,0,0,3,0,30,5,12,30,1,6,5
23,11,1743176718,0,3,0,0,0,1,30,5,1,41,0,6,6
23,12,601796287,0,0,0,0,1,0,30,4,12,30,1,6,7
24,0,1741972031,0,0,0,0,1,0,30,5,1,41,1,0,1
24,1,1895136385,0,1,0,0,2,1,30,5,13,29,0,0,2
24,2,1559076804,0,2,0,0,3,0,30,0,29,13,0,1,2
24,3,370078360,0,3,0,0,0,1,30,6,12,30,0,1,3
24,4,34018779,0,0,0,0,1,0,30,4,41,1,0,2,3
24,5,1040121996,0,1,0,0,2,1,30,4,29,13,0,2,4
24,6,1998607200,0,2,0,0,3,0,30,5,29,13,0,3,4
24,7,3810031267,0,3,0,0,0,1,30,6,26,16,0,3,5
24,8,473549175,0,0,0,0,1,0,30,4,14,28,0,4,5
24,9,2284973242,0,1,0,0,2,1,30,4,42,0,1,5,5
24,10,2438137596,0,2,0,0,3,0,30,4,12,30,1,5,6
24,11,4249561663,0,3,0,0,0,1,30,5,28,14,0,5,7
25,0,3145759241,0,0,0,0,1,0,30,6,11,31,1,0,1
25,1,4203583332,0,1,0,0,2,1,30,1,40,2,1,1,1
25,2,3768184864,0,2,0,0,3,0,30,5,12,30,1,1,2
25,3,3921349218,0,3,0,0,0,1,30,4,31,11,1,2,2
25,4,3585289637,0,0,0,0,1,0,30,6,14,28,0,3,2
25,5,1101746408,0,1,0,0,2,1,30,5,42,0,1,4,2
25,6,12086851,0,2,0,0,3,0,30,2,6,36,1,4,3
25,7,3066334829,0,3,0,0,0,1,30,4,25,17,0,4,4
25,8,4024820033,0,0,0,0,1,0,30,5,41,1,0,5,4
25,9,1541276804,0,1,0,0,2,1,30,5,6,36,0,5,5
25,10,451617247,0,2,0,0,3,0,30,5,28,14,0,6,5
25,11,1358381577,0,3,0,0,0,1,30,4,7,35,0,6,6
25,12,3169805644,0,0,0,0,1,0,30,4,6,36,1,6,7
26,0,353918042,0,0,0,0,1,0,30,6,0,42,1,0,1
26,1,3459886894,0,1,0,0,2,1,30,4,35,7,1,1,1
26,2,3123827313,0,2,0,0,3,0,30,1,7,35,1,1,2
26,3,1934828869,0,3,0,0,0,1,30,4,20,22,0,1,3
26,4,793448438,0,0,0,0,1,0,30,1,13,29,0,2,3
26,5,3899417290,0,1,0,0,2,1,30,4,28,14,0,2,4
26,6,3563357709,0,2,0,0,3,0,30,0,1,41,1,2,5
26,7,1079814480,0,3,0,0,0,1,30,5,19,23,0,2,6
26,8,1232978834,0,0,0,0,1,0,30,4,24,18,0,3,6
26,9,3044402901,0,1,0,0,2,1,30,4,25,17,0,3,7
27,0,3081784801,0,0,0,0,1,0,30,4,12,30,1,0,1
27,1,1892786357,0,1,0,0,2,1,30,5,17,25,0,0,2
27,2,1556726776,0,2,0,0,3,0,30,6,3,39,1,0,3
27,3,415346345,0,3,0,0,0,1,30,4,12,30,0,0,4
27,4,3521315197,0,0,0,0,1,0,30,1,11,31,1,0,5
27,5,3185255616,0,1,0,0,2,1,30,0,41,1,1,1,5
27,6,1996257172,0,2,0,0,3,0,30,4,34,8,0,2,5
27,7,854876741,0,3,0,0,0,1,30,4,12,30,0,2,6
27,8,3960845593,0,0,0,0,1,0,30,6,1,41,1,2,7
28,0,2168327423,0,0,0,0,1,0,30,2,0,42,1,0,1
28,1,3979751490,0,1,0,0,2,1,30,5,12,30,0,0,2
28,2,3643691909,0,2,0,0,3,0,30,0,15,27,0,1,2
28,3,2454693465,0,3,0,0,0,1,30,5,30,12,1,2,2
28,4,1313313034,0,0,0,0,1,0,30,1,13,29,0,3,2
28,5,124314590,0,1,0,0,2,1,30,3,23,19,0,3,3
28,6,4083222305,0,2,0,0,3,0,30,4,14,28,0,4,3
28,7,3747162724,0,3,0,0,0,1,30,6,29,13,0,4,4
28,8,1752843430,0,0,0,0,1,0,30,4,40,2,0,5,4
28,9,1416783849,0,1,0,0,2,1,30,4,8,34,0,5,5
28,10,227785405,0,2,0,0,3,0,30,4,6,36,1,5,6
28,11,4186693120,0,3,0,0,0,1,30,5,13,29,0,5,7
29,0,3601649397,0,0,0,0,1,0,30,1,12,30,1,0,1
29,1,265167305,0,1,0,0,2,1,30,5,18,24,0,0,2
29,2,3418754170,0,2,0,0,3,0,30,4,13,29,0,1,2
29,3,2229755726,0,3,0,0,0,1,30,6,17,25,0,1,3
29,4,1893696145,0,0,0,0,1,0,30,6,34,8,0,2,3
29,5,3705120212,0,1,0,0,2,1,30,4,11,31,0,2,4
29,6,2516121768,0,2,0,0,3,0,30,4,34,8,0,3,4
29,7,1374741337,0,3,0,0,0,1,30,5,25,17,0,3,5
29,8,2333226541,0,0,0,0,1,0,30,1,21,21,0,4,5
29,9,4144650608,0,1,0,0,2,1,30,0,26,16,0,4,6
29,10,808168516,0,2,0,0,3,0,30,4,12,30,1,4,7
30,0,710469311,0,0,0,0,1,0,30,4,40,2,0,1,0
30,1,1768293402,0,1,0,0,2,1,30,6,29,13,0,1,1
30,2,3480378582,0,2,0,0,3,0,30,4,25,17,0,2,1
30,3,243235377,0,3,0,0,0,1,30,4,34,8,1,3,1
30,4,1149999707,0,0,0,0,1,0,30,4,18,24,0,4,1
30,5,2961423774,0,1,0,0,2,1,30,6,36,6,1,5,1
30,6,1871764217,0,2,0,0,3,0,30,4,12,30,1,5,2
30,7,1436365749,0,3,0,0,0,1,30,4,19,23,0,5,3
30,8,1589530103,0,0,0,0,1,0,30,5,11,31,1,5,4
30,9,3400954170,0,1,0,0,2,1,30,4,42,0,1,6,4
30,10,2311294613,0,2,0,0,3,0,30,3,0,42,1,6,5
30,11,4122718680,0,3,0,0,0,1,30,4,29,13,0,6,6
30,12,734515714,0,0,0,0,1,0,30,5,28,14,0,7,6
31,0,1390191309,0,0,0,0,1,0,30,1,1,41,1,0,1
31,1,201192865,0,1,0,0,2,1,30,5,36,6,1,1,1
31,2,4160100580,0,2,0,0,3,0,30,0,13,29,0,2,1
31,3,3018720149,0,3,0,0,0,1,30,5,7,35,0,2,2
31,4,1829721705,0,0,0,0,1,0,30,6,12,30,1,2,3
31,5,1493662124,0,1,0,0,2,1,30,5,24,18,0,2,4
31,6,304663680,0,2,0,0,3,0,30,5,30,12,0,3,4
31,7,3458250545,0,3,0,0,0,1,30,1,26,16,0,3,5
31,8,2269252101,0,0,0,0,1,0,30,6,19,23,0,4,5
31,9,1933192520,0,1,0,0,2,1,30,4,28,14,0,4,6
31,10,3744616587,0,2,0,0,3,0,30,4,40,2,0,5,6
31,11,3897780941,0,3,0,0,0,1,30,5,6,36,0,5,7
32,0,1230333907,0,0,0,0,1,0,30,4,35,7,0,1,0
32,1,41335463,0,1,0,0,2,1,30,5,11,31,0,1,1
32,2,4000243178,0,2,0,0,3,0,30,3,7,35,1,1,2
32,3,2005923884,0,3,0,0,0,1,30,6,42,0,1,2,2
32,4,1669864303,0,0,0,0,1,0,30,5,28,14,0,3,2
32,5,480865859,0,1,0,0,2,1,30,4,42,0,1,4,2
32,6,144806278,0,2,0,0,3,0,30,4,7,35,1,4,3
32,7,3298393143,0,3,0,0,0,1,30,1,13,29,0,4,4
32,8,2109394699,0,0,0,0,1,0,30,0,34,8,0,5,4
32,9,1773335118,0,1,0,0,2,1,30,4,28,14,0,5,5
32,10,584336674,0,2,0,0,3,0,30,1,11,31,1,5,6
32,11,248277093,0,3,0,0,0,1,30,0,35,7,1,6,6
32,12,2548925095,0,0,0,0,1,0,30,5,24,18,0,7,6
33,0,2685841991,0,0,0,0,1,0,30,5,40,2,0,1,0
33,1,1544461560,0,1,0,0,2,1,30,5,14,28,0,1,1
33,2,1208401979,0,2,0,0,3,0,30,4,18,24,0,2,1
33,3,19403535,0,3,0,0,0,1,30,5,39,3,1,3,1
33,4,3978311250,0,0,0,0,1,0,30,5,35,7,0,4,1
33,5,1983991956,0,1,0,0,2,1,30,3,12,30,0,4,2
33,6,1647932375,0,2,0,0,3,0,30,1,28,14,0,5,2
33,7,1311872794,0,3,0,0,0,1,30,5,20,22,0,5,3
33,8,122874350,0,0,0,0,1,0,30,6,17,25,0,6,3
33,9,3276461215,0,1,0,0,2,1,30,4,41,1,1,7,3
34,0,1166359467,0,0,0,0,1,0,30,4,41,1,0,1,0
34,1,2124844671,0,1,0,0,2,1,30,0,33,9,1,2,0
34,2,3936268738,0,2,0,0,3,0,30,4,13,29,0,3,0
34,3,599786646,0,3,0,0,0,1,30,4,40,2,1,4,0
34,4,3753373511,0,0,0,0,1,0,30,4,42,0,0,5,0
34,5,1269830282,0,1,0,0,2,1,30,4,18,24,0,5,1
34,6,80831838,0,2,0,0,3,0,30,4,2,40,1,5,2
34,7,4039739553,0,3,0,0,0,1,30,5,19,23,0,5,3
34,8,4192903907,0,0,0,0,1,0,30,4,0,42,1,5,4
34,9,1709360678,0,1,0,0,2,1,30,3,34,8,1,6,4
34,10,2667845882,0,2,0,0,3,0,30,4,42,0,0,7,4
35,0,3474806414,0,0,0,0,1,0,30,4,24,18,0,1,0
35,1,3627970768,0,1,0,0,2,1,30,6,1,41,0,1,1
35,2,1045088652,0,2,0,0,3,0,30,4,6,36,1,1,2
35,3,2102912743,0,3,0,0,0,1,30,4,40,2,1,2,2
35,4,3914336810,0,0,0,0,1,0,30,5,35,7,0,3,2
35,5,526133844,0,1,0,0,2,1,30,4,13,29,0,3,3
35,6,3731441583,0,2,0,0,3,0,30,4,12,30,1,3,4
35,7,1247898354,0,3,0,0,0,1,30,5,14,28,0,3,5
35,8,2206383558,0,0,0,0,1,0,30,4,2,40,1,3,6
35,9,965664240,0,1,0,0,2,1,30,4,31,11,1,4,6
35,10,4170971979,0,2,0,0,3,0,30,5,0,42,1,4,7
36,0,3833707711,0,0,0,0,1,0,30,4,25,17,0,1,0
36,1,2644709267,0,1,0,0,2,1,30,5,2,40,0,1,1
36,2,2308649686,0,2,0,0,3,0,30,3,33,9,0,2,1
36,3,314330392,0,3,0,0,0,1,30,4,42,0,1,3,1
36,4,4273238107,0,0,0,0,1,0,30,5,17,25,0,4,1
36,5,3084239663,0,1,0,0,2,1,30,5,18,24,0,4,2
36,6,2748180082,0,2,0,0,3,0,30,5,18,24,0,5,2
36,7,1606799651,0,3,0,0,0,1,30,6,41,1,1,6,2
36,8,417801207,0,0,0,0,1,0,30,3,6,36,1,6,3
36,9,81741626,0,1,0,0,2,1,30,0,42,0,1,7,3
37,0,3090011273,0,0,0,0,1,0,30,4,18,24,0,1,0
37,1,1901012829,0,1,0,0,2,1,30,1,42,0,1,2,0
37,2,1564953248,0,2,0,0,3,0,30,5,24,18,0,3,0
37,3,375954804,0,3,0,0,0,1,30,4,33,9,1,4,0
37,4,3529541669,0,0,0,0,1,0,30,0,13,29,0,5,0
37,5,2340543225,0,1,0,0,2,1,30,3,30,12,1,6,0
37,6,2004483644,0,2,0,0,3,0,30,5,25,17,0,7,0
38,0,1522910736,0,0,0,0,1,0,30,4,1,41,1,0,1
38,1,433251179,0,1,0,0,2,1,30,4,42,0,1,1,1
38,2,2244675246,0,2,0,0,3,0,30,5,6,36,1,1,2
38,3,2397839600,0,3,0,0,0,1,30,5,7,35,0,1,3
38,4,1962441132,0,0,0,0,1,0,30,5,1,41,1,1,4
38,5,1626381551,0,1,0,0,2,1,30,4,0,42,0,1,5
38,6,2684205642,0,2,0,0,3,0,30,6,8,34,1,1,6
38,7,2348146061,0,3,0,0,0,1,30,5,19,23,0,1,7
39,0,3831357683,0,0,0,0,1,0,30,5,31,11,0,1,0
39,1,3984522037,0,1,0,0,2,1,30,5,35,7,1,2,0
39,2,1500978808,0,2,0,0,3,0,30,4,1,41,1,2,1
39,3,2459464012,0,3,0,0,0,1,30,5,25,17,0,2,2
39,4,4270888079,0,0,0,0,1,0,30,4,16,26,0,3,2
39,5,3129507648,0,1,0,0,2,1,30,4,23,19,0,3,3
39,6,1940509204,0,2,0,0,3,0,30,3,1,41,1,3,4
39,7,1604449623,0,3,0,0,0,1,30,3,34,8,1,4,4
39,8,415451179,0,0,0,0,1,0,30,5,6,36,1,4,5
39,9,3569038044,0,1,0,0,2,1,30,4,18,24,0,4,6
39,10,232555952,0,2,0,0,3,0,30,4,30,12,0,5,6
39,11,2043980019,0,3,0,0,0,1,30,5,1,41,0,5,7
40,0,2917900305,0,0,0,0,1,0,30,4,1,41,1,0,1
40,1,3824664635,0,1,0,0,2,1,30,4,30,12,1,1,1
40,2,1341121406,0,2,0,0,3,0,30,4,42,0,0,2,1
40,3,251461849,0,3,0,0,0,1,30,5,9,33,0,2,2
40,4,2062885916,0,0,0,0,1,0,30,3,0,42,1,2,3
40,5,2216050270,0,1,0,0,2,1,30,5,34,8,1,3,3
40,6,1780651802,0,2,0,0,3,0,30,4,22,20,0,4,3
40,7,690992245,0,3,0,0,0,1,30,4,18,24,0,4,4
40,8,2502416312,0,0,0,0,1,0,30,2,12,30,1,4,5
40,9,3409180642,0,1,0,0,2,1,30,4,2,40,0,4,6
40,10,172037437,0,2,0,0,3,0,30,4,14,28,0,5,6
40,11,1884122617,0,3,0,0,0,1,30,5,6,36,0,5,7
41,0,1398417781,0,0,0,0,1,0,30,6,0,42,1,0,1
41,1,209419337,0,1,0,0,2,1,30,4,34,8,1,1,1
41,2,4168327052,0,2,0,0,3,0,30,5,33,9,0,2,1
41,3,2979328608,0,3,0,0,0,1,30,4,1,41,0,2,2
41,4,1837948177,0,0,0,0,1,0,30,4,35,7,0,3,2
41,5,648949733,0,1,0,0,2,1,30,4,17,25,0,3,3
41,6,312890152,0,2,0,0,3,0,30,2,9,33,1,3,4
41,7,2124314219,0,3,0,0,0,1,30,4,33,9,1,4,4
41,8,2277478573,0,0,0,0,1,0,30,5,24,18,0,5,4
41,9,1941418992,0,1,0,0,2,1,30,4,6,36,0,5,5
41,10,752420548,0,2,0,0,3,0,30,4,0,42,1,5,6
41,11,2563844615,0,3,0,0,0,1,30,3,41,1,1,6,6
41,12,2227785034,0,0,0,0,1,0,30,2,14,28,0,7,6
42,0,1460042193,0,0,0,0,1,0,30,5,13,29,0,1,0
42,1,2517866284,0,1,0,0,2,1,30,4,17,25,0,1,1
42,2,3424630614,0,2,0,0,3,0,30,5,41,1,0,2,1
42,3,2235632170,0,3,0,0,0,1,30,4,17,25,0,2,2
42,4,1899572589,0,0,0,0,1,0,30,5,42,0,0,3,2
42,5,2957396680,0,1,0,0,2,1,30,1,19,23,0,3,3
42,6,3864161010,0,2,0,0,3,0,30,6,8,34,1,3,4
42,7,3528101429,0,3,0,0,0,1,30,5,21,21,0,3,5
42,8,2339102985,0,0,0,0,1,0,30,0,1,41,1,3,6
42,9,4150527052,0,1,0,0,2,1,30,4,24,18,0,3,7
43,0,3382588102,0,0,0,0,1,0,30,4,29,13,0,1,0
43,1,2292928545,0,1,0,0,2,1,30,1,17,25,0,1,1
43,2,4104352612,0,2,0,0,3,0,30,2,6,36,1,1,2
43,3,767870520,0,3,0,0,0,1,30,4,13,29,0,1,3
43,4,2579294587,0,0,0,0,1,0,30,2,41,1,0,2,3
43,5,3486058917,0,1,0,0,2,1,30,6,28,14,0,2,4
43,6,248915712,0,2,0,0,3,0,30,5,36,6,0,3,4
43,7,4207823427,0,3,0,0,0,1,30,4,25,17,0,3,5
43,8,3018824983,0,0,0,0,1,0,30,5,19,23,0,4,5
43,9,1877444552,0,1,0,0,2,1,30,0,25,17,0,4,6
43,10,3589529732,0,2,0,0,3,0,30,5,12,30,1,4,7
44,0,3274451574,0,0,0,0,1,0,30,6,11,31,1,0,1
44,1,4280554791,0,1,0,0,2,1,30,0,18,24,0,0,2
44,2,3944495210,0,2,0,0,3,0,30,2,29,13,0,1,2
44,3,2755496766,0,3,0,0,0,1,30,5,28,14,0,1,3
44,4,2419437185,0,0,0,0,1,0,30,3,22,20,0,2,3
44,5,2572601539,0,1,0,0,2,1,30,6,12,30,0,2,4
44,6,89058310,0,2,0,0,3,0,30,4,7,35,1,2,5
44,7,3195027162,0,3,0,0,0,1,30,6,42,0,1,3,5
44,8,2858967581,0,0,0,0,1,0,30,4,18,24,0,4,5
44,9,1717587150,0,1,0,0,2,1,30,6,42,0,1,5,5
44,10,528588706,0,2,0,0,3,0,30,5,0,42,1,5,6
44,11,192529125,0,3,0,0,0,1,30,5,6,36,0,5,7
45,0,482610375,0,0,0,0,1,0,30,4,28,14,0,1,0
45,1,2294034442,0,1,0,0,2,1,30,4,19,23,0,1,1
45,2,3200798772,0,2,0,0,3,0,30,3,29,13,0,2,1
45,3,2111139215,0,3,0,0,0,1,30,4,42,0,1,3,1
45,4,3922563282,0,0,0,0,1,0,30,4,40,2,0,4,1
45,5,2733564838,0,1,0,0,2,1,30,6,29,13,0,4,2
45,6,2397505257,0,2,0,0,3,0,30,6,6,36,1,4,3
45,7,2550669611,0,3,0,0,0,1,30,5,29,13,0,4,4
45,8,67126382,0,0,0,0,1,0,30,5,17,25,0,5,4
45,9,4026034097,0,1,0,0,2,1,30,4,7,35,0,5,5
45,10,2837035653,0,2,0,0,3,0,30,5,1,41,1,5,6
45,11,3743799983,0,3,0,0,0,1,30,6,25,17,0,5,7
46,0,4063415997,0,0,0,0,1,0,30,5,0,42,1,0,1
46,1,2069096703,0,1,0,0,2,1,30,4,12,30,0,0,2
46,2,1733037122,0,2,0,0,3,0,30,5,12,30,1,0,3
46,3,544038678,0,3,0,0,0,1,30,6,42,0,1,1,3
46,4,207979097,0,0,0,0,1,0,30,5,28,14,0,2,3
46,5,2508627099,0,1,0,0,2,1,30,5,4,38,0,2,4
46,6,2172567518,0,2,0,0,3,0,30,2,1,41,1,2,5
46,7,3983991585,0,3,0,0,0,1,30,5,19,23,0,2,6
46,8,647509493,0,0,0,0,1,0,30,6,8,34,1,2,7
47,0,3319719559,0,0,0,0,1,0,30,1,6,36,1,0,1
47,1,82576354,0,1,0,0,2,1,30,4,35,7,1,1,1
47,2,1794661534,0,2,0,0,3,0,30,4,7,35,1,1,2
47,3,4095309536,0,3,0,0,0,1,30,5,13,29,0,1,3
47,4,3759249955,0,0,0,0,1,0,30,1,7,35,1,1,4
47,5,522106750,0,1,0,0,2,1,30,4,7,35,0,1,5
47,6,186047169,0,2,0,0,3,0,30,4,14,28,0,2,5
47,7,1092811499,0,3,0,0,0,1,30,6,41,1,1,3,5
47,8,4198780351,0,0,0,0,1,0,30,6,29,13,0,4,5
47,9,1715237122,0,1,0,0,2,1,30,4,8,34,0,4,6
47,10,625577565,0,2,0,0,3,0,30,5,30,12,0,5,6
47,11,1532341895,0,3,0,0,0,1,30,5,19,23,0,5,7
48,0,3999441557,0,0,0,0,1,0,30,4,7,35,1,0,1
48,1,2810443113,0,1,0,0,2,1,30,3,42,0,1,1,1
48,2,1669062682,0,2,0,0,3,0,30,4,24,18,0,2,1
48,3,2627547886,0,3,0,0,0,1,30,5,11,31,0,2,2
48,4,144004657,0,0,0,0,1,0,30,6,13,29,0,3,2
48,5,4102912372,0,1,0,0,2,1,30,5,40,2,1,4,2
48,6,2108593078,0,2,0,0,3,0,30,0,36,6,0,5,2
48,7,1772533497,0,3,0,0,0,1,30,0,41,1,1,6,2
48,8,583535053,0,0,0,0,1,0,30,5,12,30,1,6,3
48,9,247475472,0,1,0,0,2,1,30,3,28,14,0,6,4
48,10,1154239802,0,2,0,0,3,0,30,4,42,0,0,7,4
49,0,839161644,0,0,0,0,1,0,30,4,18,24,0,1,0
49,1,2650585711,0,1,0,0,2,1,30,5,41,1,1,2,0
49,2,1509205280,0,2,0,0,3,0,30,5,11,31,1,2,1
49,3,320206836,0,3,0,0,0,1,30,4,11,31,0,2,2
49,4,4279114551,0,0,0,0,1,0,30,6,19,23,0,3,2
49,5,3090116107,0,1,0,0,2,1,30,4,14,28,0,3,3
49,6,1948735676,0,2,0,0,3,0,30,4,29,13,0,4,3
49,7,759737232,0,3,0,0,0,1,30,4,23,19,0,4,4
49,8,423677651,0,0,0,0,1,0,30,2,0,42,1,4,5
49,9,87618070,0,1,0,0,2,1,30,6,26,16,0,4,6
49,10,2388266072,0,2,0,0,3,0,30,0,0,42,1,4,7
50,0,2272483618,0,0,0,0,1,0,30,3,1,41,1,0,1
50,1,2425647972,0,1,0,0,2,1,30,5,23,19,0,0,2
50,2,2089588391,0,2,0,0,3,0,30,1,34,8,0,1,2
50,3,3147412482,0,3,0,0,0,1,30,5,42,0,1,2,2
50,4,564530366,0,0,0,0,1,0,30,2,12,30,1,2,3
50,5,1570633583,0,1,0,0,2,1,30,5,15,27,0,2,4
50,6,2529118787,0,2,0,0,3,0,30,4,11,31,1,2,5
50,7,45575558,0,3,0,0,0,1,30,3,11,31,0,2,6
50,8,3250883297,0,0,0,0,1,0,30,4,23,19,0,3,6
50,9,2010163979,0,1,0,0,2,1,30,4,24,18,0,3,7
51,0,1628126067,0,0,0,0,1,0,30,5,36,6,0,1,0
51,1,439127623,0,1,0,0,2,1,30,5,8,34,0,1,1
51,2,3592714488,0,2,0,0,3,0,30,4,0,42,1,1,2
51,3,2403716044,0,3,0,0,0,1,30,4,17,25,0,1,3
51,4,2067656463,0,0,0,0,1,0,30,3,7,35,1,1,4
51,5,878658019,0,1,0,0,2,1,30,4,18,24,0,1,5
51,6,542598438,0,2,0,0,3,0,30,5,12,30,1,1,6
51,7,1548701655,0,3,0,0,0,1,30,4,7,35,0,1,7
52,0,884429629,0,0,0,0,1,0,30,3,16,26,0,1,0
52,1,1942253720,0,1,0,0,2,1,30,0,41,1,1,2,0
52,2,1606194139,0,2,0,0,3,0,30,6,2,40,1,2,1
52,3,417195695,0,3,0,0,0,1,30,5,24,18,0,2,2
52,4,1323960025,0,0,0,0,1,0,30,5,35,7,0,3,2
52,5,2381784116,0,1,0,0,2,1,30,5,13,29,0,3,3
52,6,2045724535,0,2,0,0,3,0,30,3,19,23,0,4,3
52,7,3857148602,0,3,0,0,0,1,30,6,13,29,0,4,4
52,8,1763490421,0,0,0,0,1,0,30,5,34,8,0,5,4
52,9,3574914488,0,1,0,0,2,1,30,4,18,24,0,5,5
52,10,2485254931,0,2,0,0,3,0,30,6,23,19,0,6,5
52,11,1711702,0,3,0,0,0,1,30,5,19,23,0,6,6
52,12,154876056,0,0,0,0,1,0,30,6,35,7,0,7,6
53,0,1295051800,0,0,0,0,1,0,30,5,6,36,1,0,1
53,1,958992219,0,1,0,0,2,1,30,5,17,25,0,0,2
53,2,4112579084,0,2,0,0,3,0,30,4,12,30,1,0,3
53,3,2923580640,0,3,0,0,0,1,30,4,31,11,1,1,3
53,4,2587521059,0,0,0,0,1,0,30,4,13,29,0,2,3
53,5,1398522615,0,1,0,0,2,1,30,5,24,18,0,2,4
53,6,257142184,0,2,0,0,3,0,30,4,1,41,1,2,5
53,7,4216049899,0,3,0,0,0,1,30,4,7,35,0,2,6
53,8,3027051455,0,0,0,0,1,0,30,6,18,24,0,3,6
53,9,2690991874,0,1,0,0,2,1,30,5,23,19,0,3,7
54,0,2698839010,0,0,0,0,1,0,30,4,35,7,0,1,0
54,1,215295781,0,1,0,0,2,1,30,5,41,1,1,2,0
54,2,4174203496,0,2,0,0,3,0,30,5,20,22,0,3,0
54,3,2179884202,0,3,0,0,0,1,30,4,13,29,0,3,1
54,4,1843824621,0,0,0,0,1,0,30,6,18,24,0,4,1
54,5,654826177,0,1,0,0,2,1,30,2,36,6,1,5,1
54,6,318766596,0,2,0,0,3,0,30,4,13,29,0,6,1
54,7,2619414598,0,3,0,0,0,1,30,5,21,21,0,6,2
54,8,2283355017,0,0,0,0,1,0,30,2,7,35,1,6,3
54,9,1947295436,0,1,0,0,2,1,30,1,17,25,0,6,4
54,10,758296992,0,2,0,0,3,0,30,6,0,42,1,6,5
54,11,422237411,0,3,0,0,0,1,30,1,1,41,0,6,6
54,12,2722885413,0,0,0,0,1,0,30,5,35,7,0,7,6
55,0,4132160984,0,0,0,0,1,0,30,4,24,18,0,1,0
55,1,3042501427,0,1,0,0,2,1,30,4,42,0,1,2,0
55,2,3949265757,0,2,0,0,3,0,30,5,36,6,0,3,0
55,3,712122552,0,3,0,0,0,1,30,0,13,29,0,3,1
55,4,376062971,0,0,0,0,1,0,30,5,35,7,0,4,1
55,5,4235631799,0,1,0,0,2,1,30,5,17,25,0,4,2
55,6,93828857,0,2,0,0,3,0,30,4,1,41,1,4,3
55,7,1905252924,0,3,0,0,0,1,30,4,8,34,0,4,4
55,8,815593367,0,0,0,0,1,0,30,5,18,24,0,5,4
55,9,2627017434,0,1,0,0,2,1,30,5,0,42,0,5,5
55,10,3585502638,0,2,0,0,3,0,30,0,7,35,1,5,6
55,11,2344783320,0,3,0,0,0,1,30,4,36,6,1,6,6
55,12,2008723739,0,0,0,0,1,0,30,6,35,7,0,7,6
56,0,3487803433,0,0,0,0,1,0,30,5,29,13,0,1,0
56,1,2298804989,0,1,0,0,2,1,30,4,2,40,0,1,1
56,2,1962745408,0,2,0,0,3,0,30,4,12,30,1,1,2
56,3,773746964,0,3,0,0,0,1,30,5,42,0,1,2,2
56,4,3927333829,0,0,0,0,1,0,30,5,19,23,0,3,2
56,5,2738335385,0,1,0,0,2,1,30,5,12,30,0,3,3
56,6,2402275804,0,2,0,0,3,0,30,6,17,25,0,4,3
56,7,4213699871,0,3,0,0,0,1,30,5,1,41,0,4,4
56,8,71896929,0,0,0,0,1,0,30,5,42,0,0,5,4
56,9,1883320996,0,1,0,0,2,1,30,1,31,11,1,6,4
56,10,2841806200,0,2,0,0,3,0,30,4,24,18,0,7,4
57,0,2504541932,0,0,0,0,1,0,30,4,36,6,0,1,0
57,1,1315543488,0,1,0,0,2,1,30,1,17,25,0,1,1
57,2,174163057,0,2,0,0,3,0,30,5,1,41,1,1,2
57,3,3280131909,0,3,0,0,0,1,30,5,18,24,0,1,3
57,4,2944072328,0,0,0,0,1,0,30,6,28,14,0,2,3
57,5,1755073884,0,1,0,0,2,1,30,4,14,28,0,2,4
57,6,613693453,0,2,0,0,3,0,30,5,0,42,1,2,5
57,7,277633872,0,3,0,0,0,1,30,4,34,8,1,3,5
57,8,3383602724,0,0,0,0,1,0,30,4,17,25,0,4,5
57,9,3047543143,0,1,0,0,2,1,30,0,9,33,0,4,6
57,10,1053223849,0,2,0,0,3,0,30,2,11,31,1,4,7
58,0,4007668029,0,0,0,0,1,0,30,0,7,35,1,0,1
58,1,2818669585,0,1,0,0,2,1,30,4,20,22,0,0,2
58,2,2482610004,0,2,0,0,3,0,30,5,30,12,0,1,2
58,3,488290710,0,3,0,0,0,1,30,6,7,35,0,1,3
58,4,152231129,0,0,0,0,1,0,30,2,23,19,0,2,3
58,5,3258199981,0,1,0,0,2,1,30,3,30,12,1,3,3
58,6,2922140400,0,2,0,0,3,0,30,4,11,31,1,3,4
58,7,1780759969,0,3,0,0,0,1,30,4,7,35,0,3,5
58,8,591761525,0,0,0,0,1,0,30,5,24,18,0,4,5
58,9,255701944,0,1,0,0,2,1,30,4,30,12,1,5,5
58,10,3361670796,0,2,0,0,3,0,30,5,17,25,0,6,5
58,11,2220290365,0,3,0,0,0,1,30,4,41,1,1,7,5
59,0,263549080,0,0,0,0,1,0,30,5,0,42,1,0,1
59,1,2074973147,0,1,0,0,2,1,30,5,40,2,1,1,1
59,2,1738913566,0,2,0,0,3,0,30,0,23,19,0,2,1
59,3,549915122,0,3,0,0,0,1,30,6,14,28,0,2,2
59,4,213855541,0,0,0,0,1,0,30,4,6,36,1,2,3
59,5,2514503543,0,1,0,0,2,1,30,4,24,18,0,2,4
59,6,2178443962,0,2,0,0,3,0,30,4,0,42,1,2,5
59,7,1842384381,0,3,0,0,0,1,30,3,24,18,0,2,6
59,8,653385937,0,0,0,0,1,0,30,0,14,28,0,3,6
59,9,3806972802,0,1,0,0,2,1,30,3,30,12,1,4,6
59,10,2617974358,0,2,0,0,3,0,30,4,35,7,0,5,6
59,11,2281914777,0,3,0,0,0,1,30,4,26,16,0,5,7
60,0,1696871054,0,0,0,0,1,0,30,4,12,30,1,0,1
60,1,607211497,0,1,0,0,2,1,30,5,2,40,0,0,2
60,2,2418635564,0,2,0,0,3,0,30,4,35,7,0,1,2
60,3,2571799918,0,3,0,0,0,1,30,4,34,8,1,2,2
60,4,2235740337,0,0,0,0,1,0,30,5,35,7,0,3,2
60,5,1800341869,0,1,0,0,2,1,30,4,42,0,1,4,2
60,6,2858165960,0,2,0,0,3,0,30,2,19,23,0,5,2
60,7,2522106379,0,3,0,0,0,1,30,4,41,1,1,6,2
60,8,2675270733,0,0,0,0,1,0,30,4,14,28,0,7,2
61,0,783413676,0,0,0,0,1,0,30,4,28,14,0,1,0
61,1,447354095,0,1,0,0,2,1,30,6,24,18,0,1,1
61,2,2258778162,0,2,0,0,3,0,30,4,17,25,0,2,1
61,3,1069779718,0,3,0,0,0,1,30,5,23,19,0,2,2
61,4,4223366583,0,0,0,0,1,0,30,5,23,19,0,3,2
61,5,886884491,0,1,0,0,2,1,30,5,36,6,1,4,2
61,6,2698308558,0,2,0,0,3,0,30,6,11,31,1,4,3
61,7,3656793762,0,3,0,0,0,1,30,5,25,17,0,4,4
61,8,367929683,0,0,0,0,1,0,30,4,14,28,0,5,4
61,9,31870102,0,1,0,0,2,1,30,1,42,0,1,6,4
61,10,3137838954,0,2,0,0,3,0,30,4,29,13,0,7,4
62,0,69252002,0,0,0,0,1,0,30,4,28,14,0,1,0
62,1,3175220854,0,1,0,0,2,1,30,5,42,0,1,2,0
62,2,2839161273,0,2,0,0,3,0,30,1,1,41,1,2,1
62,3,844841979,0,3,0,0,0,1,30,5,23,19,0,2,2
62,4,508782398,0,0,0,0,1,0,30,4,30,12,0,3,2
62,5,3614751250,0,1,0,0,2,1,30,5,30,12,1,4,2
62,6,3278691669,0,2,0,0,3,0,30,5,29,13,0,5,2
62,7,2137311238,0,3,0,0,0,1,30,4,36,6,1,6,2
62,8,948312794,0,0,0,0,1,0,30,4,42,0,0,7,2
63,0,1572378099,0,0,0,0,1,0,30,4,6,36,1,0,1
63,1,383379655,0,1,0,0,2,1,30,1,30,12,1,1,1
63,2,47320074,0,2,0,0,3,0,30,3,0,42,1,1,2
63,3,3153288926,0,3,0,0,0,1,30,5,20,22,0,1,3
63,4,2011908495,0,0,0,0,1,0,30,5,28,14,0,2,3
63,5,822910051,0,1,0,0,2,1,30,1,36,6,1,3,3
63,6,486850470,0,2,0,0,3,0,30,3,18,24,0,4,3
63,7,150790889,0,3,0,0,0,1,30,4,28,14,0,4,4
63,8,2451438891,0,0,0,0,1,0,30,4,42,0,0,5,4
63,9,2115379310,0,1,0,0,2,1,30,5,18,24,0,5,5
63,10,926380866,0,2,0,0,3,0,30,5,24,18,0,6,5
63,11,590321285,0,3,0,0,0,1,30,0,42,0,1,7,5
64,0,3027886183,0,0,0,0,1,0,30,3,24,18,0,1,0
64,1,2691826602,0,1,0,0,2,1,30,5,9,33,0,1,1
64,2,3598590932,0,2,0,0,3,0,30,2,41,1,0,2,1
64,3,2409592488,0,3,0,0,0,1,30,5,23,19,0,2,2
64,4,2073532907,0,0,0,0,1,0,30,4,19,23,0,3,2
64,5,3131356998,0,1,0,0,2,1,30,6,22,20,0,3,3
64,6,4038121328,0,2,0,0,3,0,30,4,11,31,1,3,4
64,7,3702061747,0,3,0,0,0,1,30,4,31,11,1,4,4
64,8,2513063303,0,0,0,0,1,0,30,3,30,12,0,5,4
64,9,2177003722,0,1,0,0,2,1,30,5,19,23,0,5,5
64,10,182684428,0,2,0,0,3,0,30,3,23,19,0,6,5
64,11,4141592143,0,3,0,0,0,1,30,5,6,36,0,6,6
64,12,904448938,0,0,0,0,1,0,30,4,30,12,0,7,6
65,0,3386787480,0,0,0,0,1,0,30,4,7,35,1,0,1
65,1,903244251,0,1,0,0,2,1,30,6,42,0,1,1,1
65,2,567184670,0,2,0,0,3,0,30,5,23,19,0,2,1
65,3,3673153522,0,3,0,0,0,1,30,4,11,31,0,2,2
65,4,284950556,0,0,0,0,1,0,30,5,0,42,1,2,3
65,5,3490258295,0,1,0,0,2,1,30,4,20,22,0,2,4
65,6,1006715066,0,2,0,0,3,0,30,3,30,12,0,3,4
65,7,4112683918,0,3,0,0,0,1,30,4,24,18,0,3,5
65,8,724480952,0,0,0,0,1,0,30,0,17,25,0,4,5
65,9,388421371,0,1,0,0,2,1,30,0,30,12,1,5,5
65,10,1446245462,0,2,0,0,3,0,30,4,12,30,1,5,6
65,11,1110185881,0,3,0,0,0,1,30,3,36,6,1,6,6
65,12,3410833883,0,0,0,0,1,0,30,5,29,13,0,7,6
66,0,3448411892,0,0,0,0,1,0,30,4,30,12,0,1,0
66,1,2307031461,0,1,0,0,2,1,30,5,25,17,0,1,1
66,2,4118455528,0,2,0,0,3,0,30,5,12,30,1,1,2
66,3,781973436,0,3,0,0,0,1,30,4,2,40,0,1,3
66,4,2593397503,0,0,0,0,1,0,30,5,19,23,0,2,3
66,5,2746561857,0,1,0,0,2,1,30,4,19,23,0,2,4
66,6,263018628,0,2,0,0,3,0,30,5,17,25,0,3,4
66,7,1221503832,0,3,0,0,0,1,30,4,20,22,0,3,5
66,8,3032927899,0,0,0,0,1,0,30,5,8,34,1,3,6
66,9,1891547468,0,1,0,0,2,1,30,0,24,18,0,3,7
67,0,1928929368,0,0,0,0,1,0,30,4,40,2,0,1,0
67,1,739930924,0,1,0,0,2,1,30,1,35,7,1,2,0
67,2,403871343,0,2,0,0,3,0,30,4,25,17,0,3,0
67,3,1461695434,0,3,0,0,0,1,30,5,23,19,0,3,1
67,4,2368459764,0,0,0,0,1,0,30,3,18,24,0,4,1
67,5,1179461320,0,1,0,0,2,1,30,5,20,22,0,4,2
67,6,843401739,0,2,0,0,3,0,30,4,29,13,0,5,2
67,7,2654825806,0,3,0,0,0,1,30,6,19,23,0,5,3
67,8,2807990160,0,0,0,0,1,0,30,3,18,24,0,6,3
67,9,2471930579,0,1,0,0,2,1,30,5,23,19,0,6,4
67,10,1282932135,0,2,0,0,3,0,30,5,24,18,0,7,4
68,0,4237376315,0,0,0,0,1,0,30,4,19,23,0,1,0
68,1,2243057021,0,1,0,0,2,1,30,4,18,24,0,1,1
68,2,1906997440,0,2,0,0,3,0,30,4,23,19,0,2,1
68,3,717998996,0,3,0,0,0,1,30,6,26,16,0,2,2
68,4,381939415,0,0,0,0,1,0,30,4,24,18,0,3,2
68,5,2682587417,0,1,0,0,2,1,30,4,41,1,1,4,2
68,6,2346527836,0,2,0,0,3,0,30,5,19,23,0,5,2
68,7,2010468255,0,3,0,0,0,1,30,5,29,13,0,5,3
68,8,821469811,0,0,0,0,1,0,30,2,34,8,0,6,3
68,9,2632893878,0,1,0,0,2,1,30,1,42,0,1,7,3
69,0,3743338749,0,0,0,0,1,0,30,5,30,12,0,1,0
69,1,1259795520,0,1,0,0,2,1,30,5,2,40,0,1,1
69,2,923735939,0,2,0,0,3,0,30,5,12,30,1,1,2
69,3,1076900293,0,3,0,0,0,1,30,4,8,34,0,1,3
69,4,2888324360,0,0,0,0,1,0,30,1,18,24,0,2,3
69,5,1699325916,0,1,0,0,2,1,30,4,25,17,0,2,4
69,6,1363266335,0,2,0,0,3,0,30,4,1,41,1,2,5
69,7,1027206754,0,3,0,0,0,1,30,5,8,34,0,2,6
69,8,3327854756,0,0,0,0,1,0,30,1,3,39,1,2,7
70,0,1756818400,0,0,0,0,1,0,30,5,12,30,1,0,1
70,1,2762921617,0,1,0,0,2,1,30,5,18,24,0,0,2
70,2,2426862036,0,2,0,0,3,0,30,6,19,23,0,1,2
70,3,1237863592,0,3,0,0,0,1,30,2,42,0,1,2,2
70,4,901804011,0,0,0,0,1,0,30,5,12,30,1,2,3
70,5,1054968365,0,1,0,0,2,1,30,4,23,19,0,2,4
70,6,2866392432,0,2,0,0,3,0,30,5,31,11,0,3,4
70,7,1677393988,0,3,0,0,0,1,30,2,19,23,0,3,5
70,8,1341334407,0,0,0,0,1,0,30,6,23,19,0,4,5
70,9,2248098737,0,1,0,0,2,1,30,4,29,13,0,4,6
70,10,3305922828,0,2,0,0,3,0,30,5,40,2,0,5,6
70,11,2969863247,0,3,0,0,0,1,30,1,18,24,0,5,7
71,0,1013121962,0,0,0,0,1,0,30,5,7,35,1,0,1
71,1,2824546029,0,1,0,0,2,1,30,4,29,13,0,0,2
71,2,1683165598,0,2,0,0,3,0,30,4,0,42,1,0,3
71,3,2641650802,0,3,0,0,0,1,30,5,42,0,1,1,3
71,4,158107573,0,0,0,0,1,0,30,4,12,30,1,1,4
71,5,3264076425,0,1,0,0,2,1,30,4,23,19,0,1,5
71,6,2122695994,0,2,0,0,3,0,30,1,0,42,1,1,6
71,7,3081181198,0,3,0,0,0,1,30,4,40,2,1,2,6
71,8,597637969,0,0,0,0,1,0,30,3,0,42,1,2,7
72,0,298960288,0,0,0,0,1,0,30,5,14,28,0,1,0
72,1,2599608290,0,1,0,0,2,1,30,5,41,1,1,2,0
72,2,2263548709,0,2,0,0,3,0,30,4,0,42,1,2,1
72,3,3321372800,0,3,0,0,0,1,30,4,30,12,1,3,1
72,4,2985313219,0,0,0,0,1,0,30,1,18,24,0,4,1
72,5,3039138686,0,1,0,0,2,1,30,4,2,40,0,4,2
72,6,2703079105,0,2,0,0,3,0,30,4,11,31,1,4,3
72,7,219535876,0,3,0,0,0,1,30,4,31,11,1,5,3
72,8,3424843615,0,0,0,0,1,0,30,5,29,13,0,6,3
72,9,36640649,0,1,0,0,2,1,30,5,14,28,0,6,4
72,10,3142609501,0,2,0,0,3,0,30,3,34,8,0,7,4
73,0,1802086385,0,0,0,0,1,0,30,4,7,35,1,0,1
73,1,613087941,0,1,0,0,2,1,30,5,20,22,0,0,2
73,2,3766674806,0,2,0,0,3,0,30,0,7,35,1,0,3
73,3,2577676362,0,3,0,0,0,1,30,2,42,0,1,1,3
73,4,2241616781,0,0,0,0,1,0,30,5,23,19,0,2,3
73,5,1052618337,0,1,0,0,2,1,30,4,34,8,1,3,3
73,6,716558756,0,2,0,0,3,0,30,5,24,18,0,4,3
73,7,3870145621,0,3,0,0,0,1,30,4,29,13,0,4,4
73,8,2681147177,0,0,0,0,1,0,30,5,29,13,0,5,4
73,9,197603948,0,1,0,0,2,1,30,4,18,24,0,5,5
73,10,1156089152,0,2,0,0,3,0,30,4,35,7,0,6,5
73,11,14708721,0,3,0,0,0,1,30,5,11,31,0,6,6
73,12,3120677573,0,0,0,0,1,0,30,6,17,25,0,7,6
74,0,1308048819,0,0,0,0,1,0,30,5,40,2,0,1,0
74,1,3119472886,0,1,0,0,2,1,30,5,35,7,1,2,0
74,2,2783413305,0,2,0,0,3,0,30,4,0,42,1,2,1
74,3,1594414861,0,3,0,0,0,1,30,5,24,18,0,2,2
74,4,1258355280,0,0,0,0,1,0,30,0,18,24,0,3,2
74,5,3559003282,0,1,0,0,2,1,30,4,24,18,0,3,3
74,6,3222943701,0,2,0,0,3,0,30,6,8,34,1,3,4
74,7,2886884120,0,3,0,0,0,1,30,1,42,0,1,4,4
74,8,1697885676,0,0,0,0,1,0,30,5,1,41,1,4,5
74,9,556505245,0,1,0,0,2,1,30,5,36,6,1,5,5
74,10,3662474097,0,2,0,0,3,0,30,4,17,25,0,6,5
74,11,3326414516,0,3,0,0,0,1,30,6,28,14,0,6,6
74,12,2137416072,0,0,0,0,1,0,30,5,22,20,0,7,6
75,0,3616495766,0,0,0,0,1,0,30,0,32,10,0,1,0
75,1,1132952537,0,1,0,0,2,1,30,5,2,40,0,1,1
75,2,4286539402,0,2,0,0,3,0,30,4,28,14,0,2,1
75,3,3097540958,0,3,0,0,0,1,30,4,24,18,0,2,2
75,4,2761481377,0,0,0,0,1,0,30,5,18,24,0,3,2
75,5,1572482933,0,1,0,0,2,1,30,5,12,30,0,3,3
75,6,431102502,0,2,0,0,3,0,30,1,1,41,1,3,4
75,7,3537071354,0,3,0,0,0,1,30,3,36,6,1,4,4
75,8,3201011773,0,0,0,0,1,0,30,5,35,7,0,5,4
75,9,2864952192,0,1,0,0,2,1,30,5,18,24,0,5,5
75,10,870632898,0,2,0,0,3,0,30,4,13,29,0,6,5
75,11,534573317,0,3,0,0,0,1,30,5,18,24,0,6,6
75,12,3640542169,0,0,0,0,1,0,30,4,35,7,0,7,6
76,0,754850444,0,0,0,0,1,0,30,6,0,42,1,0,1
76,1,908014798,0,1,0,0,2,1,30,6,18,24,0,0,2
76,2,571955217,0,2,0,0,3,0,30,4,25,17,0,1,2
76,3,3677924069,0,3,0,0,0,1,30,4,36,6,1,2,2
76,4,3341864488,0,0,0,0,1,0,30,6,12,30,1,2,3
76,5,53000409,0,1,0,0,2,1,30,6,23,19,0,2,4
76,6,1011485613,0,2,0,0,3,0,30,4,29,13,0,3,4
76,7,2822909680,0,3,0,0,0,1,30,5,30,12,1,4,4
76,8,3781394884,0,0,0,0,1,0,30,6,33,9,0,5,4
76,9,492530805,0,1,0,0,2,1,30,3,30,12,1,6,4
76,10,1451016009,0,2,0,0,3,0,30,4,28,14,0,7,4
77,0,2158637654,0,0,0,0,1,0,30,5,17,25,0,1,0
77,1,3216461745,0,1,0,0,2,1,30,1,30,12,1,2,0
77,2,4123226075,0,2,0,0,3,0,30,4,7,35,1,2,1
77,3,886082870,0,3,0,0,0,1,30,4,17,25,0,2,2
77,4,550023289,0,0,0,0,1,0,30,5,13,29,0,3,2
77,5,3655992141,0,1,0,0,2,1,30,5,6,36,0,3,3
77,6,267789175,0,2,0,0,3,0,30,5,11,31,1,3,4
77,7,2079213242,0,3,0,0,0,1,30,4,29,13,0,3,5
77,8,989553685,0,0,0,0,1,0,30,5,0,42,1,3,6
77,9,2800977752,0,1,0,0,2,1,30,5,20,22,0,3,7
78,0,3392663924,0,0,0,0,1,0,30,1,8,34,1,0,1
78,1,3056604343,0,1,0,0,2,1,30,4,6,36,0,0,2
78,2,1867605899,0,2,0,0,3,0,30,6,17,25,0,1,2
78,3,726225468,0,3,0,0,0,1,30,5,15,27,0,1,3
78,4,2537649535,0,0,0,0,1,0,30,4,25,17,0,2,3
78,5,3496134739,0,1,0,0,2,1,30,4,25,17,0,2,4
78,6,1012591510,0,2,0,0,3,0,30,5,13,29,0,3,4
78,7,1165755864,0,3,0,0,0,1,30,5,35,7,1,4,4
78,8,829696283,0,0,0,0,1,0,30,5,22,20,0,5,4
78,9,3935665135,0,1,0,0,2,1,30,6,42,0,1,6,4
78,10,1452121906,0,2,0,0,3,0,30,5,35,7,0,7,4
79,0,3973047035,0,0,0,0,1,0,30,3,24,18,0,1,0
79,1,1489503806,0,1,0,0,2,1,30,2,35,7,1,2,0
79,2,348123375,0,2,0,0,3,0,30,1,22,20,0,3,0
79,3,3454092227,0,3,0,0,0,1,30,3,35,7,1,4,0
79,4,3118032646,0,0,0,0,1,0,30,4,27,15,0,5,0
79,5,1929034202,0,1,0,0,2,1,30,4,29,13,0,5,1
79,6,787653771,0,2,0,0,3,0,30,5,17,25,0,6,1
79,7,451594190,0,3,0,0,0,1,30,1,36,6,1,7,1
80,0,1181205836,0,0,0,0,1,0,30,2,0,42,1,0,1
80,1,2992629903,0,1,0,0,2,1,30,5,11,31,0,0,2
80,2,2656570322,0,2,0,0,3,0,30,6,18,24,0,1,2
80,3,662251028,0,3,0,0,0,1,30,1,1,41,0,1,3
80,4,326191447,0,0,0,0,1,0,30,5,41,1,0,2,3
80,5,3432160299,0,1,0,0,2,1,30,4,22,20,0,2,4
80,6,3096100718,0,2,0,0,3,0,30,5,12,30,1,2,5
80,7,1101781424,0,3,0,0,0,1,30,5,25,17,0,2,6
80,8,765721843,0,0,0,0,1,0,30,5,18,24,0,3,6
80,9,429662262,0,1,0,0,2,1,30,5,31,11,1,4,6
80,10,3535631114,0,2,0,0,3,0,30,0,30,12,0,5,6
80,11,2394250683,0,3,0,0,0,1,30,5,42,0,1,6,6
80,12,1205252239,0,0,0,0,1,0,30,1,17,25,0,7,6
81,0,2614527810,0,0,0,0,1,0,30,4,35,7,0,1,0
81,1,3573013014,0,1,0,0,2,1,30,4,18,24,0,1,1
81,2,2431632583,0,2,0,0,3,0,30,6,40,2,0,2,1
81,3,1242634139,0,3,0,0,0,1,30,4,16,26,0,2,2
81,4,906574558,0,0,0,0,1,0,30,4,39,3,0,3,2
81,5,2717998625,0,1,0,0,2,1,30,6,13,29,0,3,3
81,6,2871162979,0,2,0,0,3,0,30,5,18,24,0,4,3
81,7,387619750,0,3,0,0,0,1,30,6,29,13,0,4,4
81,8,1346104954,0,0,0,0,1,0,30,1,13,29,0,5,4
81,9,3157529021,0,1,0,0,2,1,30,4,24,18,0,5,5
81,10,3310693375,0,2,0,0,3,0,30,4,22,20,0,6,5
81,11,827150146,0,3,0,0,0,1,30,4,40,2,1,7,5
82,0,1701070432,0,0,0,0,1,0,30,5,17,25,0,1,0
82,1,1365010851,0,1,0,0,2,1,30,1,19,23,0,1,1
82,2,3665658853,0,2,0,0,3,0,30,5,34,8,0,2,1
82,3,1082776737,0,3,0,0,0,1,30,1,36,6,1,3,1
82,4,2894200804,0,0,0,0,1,0,30,4,1,41,1,3,2
82,5,1804541247,0,1,0,0,2,1,30,4,3,39,0,3,3
82,6,3615965314,0,2,0,0,3,0,30,6,16,26,0,4,3
82,7,3769129668,0,3,0,0,0,1,30,5,42,0,1,5,3
82,8,3333731200,0,0,0,0,1,0,30,2,1,41,1,5,4
82,9,2997671619,0,1,0,0,2,1,30,4,25,17,0,5,5
82,10,4055495710,0,2,0,0,3,0,30,6,25,17,0,6,5
82,11,667292744,0,3,0,0,0,1,30,5,35,7,1,7,5
83,0,986908758,0,0,0,0,1,0,30,4,8,34,1,0,1
83,1,3287556760,0,1,0,0,2,1,30,5,9,33,0,0,2
83,2,2951497179,0,2,0,0,3,0,30,4,40,2,0,1,2
83,3,1762498735,0,3,0,0,0,1,30,4,13,29,0,1,3
83,4,1426439154,0,0,0,0,1,0,30,4,23,19,0,2,3
83,5,237440710,0,1,0,0,2,1,30,4,36,6,1,3,3
83,6,3391027575,0,2,0,0,3,0,30,1,20,22,0,4,3
83,7,3054967994,0,3,0,0,0,1,30,4,31,11,1,5,3
83,8,1865969550,0,0,0,0,1,0,30,6,7,35,1,5,4
83,9,1529909969,0,1,0,0,2,1,30,4,11,31,0,5,5
83,10,3830557971,0,2,0,0,3,0,30,6,27,15,0,6,5
83,11,3494498390,0,3,0,0,0,1,30,3,42,0,1,7,5
84,0,1537757105,0,0,0,0,1,0,30,5,0,42,1,0,1
84,1,3349181172,0,1,0,0,2,1,30,5,42,0,1,1,1
84,2,3013121591,0,2,0,0,3,0,30,4,34,8,0,2,1
84,3,1018802297,0,3,0,0,0,1,30,3,8,34,0,2,2
84,4,682742716,0,0,0,0,1,0,30,3,13,29,0,3,2
84,5,3788711568,0,1,0,0,2,1,30,5,2,40,0,3,3
84,6,3452651987,0,2,0,0,3,0,30,3,19,23,0,4,3
84,7,2311271556,0,3,0,0,0,1,30,4,22,20,0,4,4
84,8,1122273112,0,0,0,0,1,0,30,4,22,20,0,5,4
84,9,786213531,0,1,0,0,2,1,30,4,24,18,0,5,5
84,10,3892182383,0,2,0,0,3,0,30,5,18,24,0,6,5
84,11,2750801952,0,3,0,0,0,1,30,0,17,25,0,6,6
84,12,1561803508,0,0,0,0,1,0,30,4,12,30,1,6,7
85,0,3040883202,0,0,0,0,1,0,30,4,1,41,1,0,1
85,1,557339973,0,1,0,0,2,1,30,5,31,11,1,1,1
85,2,221280392,0,2,0,0,3,0,30,1,6,36,1,1,2
85,3,3327249244,0,3,0,0,0,1,30,5,3,39,0,1,3
85,4,2185868813,0,0,0,0,1,0,30,5,24,18,0,2,3
85,5,996870369,0,1,0,0,2,1,30,5,29,13,0,2,4
85,6,660810788,0,2,0,0,3,0,30,5,18,24,0,3,4
85,7,3766779640,0,3,0,0,0,1,30,3,14,28,0,3,5
85,8,2625399209,0,0,0,0,1,0,30,4,18,24,0,4,5
85,9,2289339628,0,1,0,0,2,1,30,4,13,29,0,4,6
85,10,1100341184,0,2,0,0,3,0,30,5,29,13,0,5,6
85,11,764281603,0,3,0,0,0,1,30,4,41,1,1,6,6
85,12,3870250455,0,0,0,0,1,0,30,6,12,30,1,6,7
86,0,2057621701,0,0,0,0,1,0,30,5,23,19,0,1,0
86,1,3869045768,0,1,0,0,2,1,30,4,13,29,0,1,1
86,2,2727665337,0,2,0,0,3,0,30,5,24,18,0,2,1
86,3,3686150541,0,3,0,0,0,1,30,2,26,16,0,2,2
86,4,1202607312,0,0,0,0,1,0,30,3,0,42,1,2,3
86,5,2161092516,0,1,0,0,2,1,30,3,17,25,0,2,4
86,6,3167195733,0,2,0,0,3,0,30,4,7,35,1,2,5
86,7,4125680937,0,3,0,0,0,1,30,4,27,15,0,2,6
86,8,1642137708,0,0,0,0,1,0,30,5,6,36,1,2,7
87,0,3560747798,0,0,0,0,1,0,30,4,1,41,1,0,1
87,1,3224688217,0,1,0,0,2,1,30,4,2,40,0,0,2
87,2,2035689773,0,2,0,0,3,0,30,4,31,11,0,1,2
87,3,3847113840,0,3,0,0,0,1,30,5,35,7,1,2,2
87,4,458910874,0,0,0,0,1,0,30,4,12,30,1,2,3
87,5,3664218613,0,1,0,0,2,1,30,5,36,6,1,3,3
87,6,1180675384,0,2,0,0,3,0,30,5,12,30,1,3,4
87,7,2139160588,0,3,0,0,0,1,30,6,23,19,0,3,5
87,8,3145263805,0,0,0,0,1,0,30,4,23,19,0,4,5
87,9,562381689,0,1,0,0,2,1,30,4,39,3,1,5,5
87,10,1620205780,0,2,0,0,3,0,30,2,30,12,0,6,5
87,11,1284146199,0,3,0,0,0,1,30,5,7,35,0,6,6
87,12,1437310553,0,0,0,0,1,0,30,5,19,23,0,7,6
88,0,2846586124,0,0,0,0,1,0,30,4,24,18,0,1,0
88,1,1657587680,0,1,0,0,2,1,30,4,20,22,0,1,1
88,2,1321528099,0,2,0,0,3,0,30,5,17,25,0,2,1
88,3,3622176101,0,3,0,0,0,1,30,5,17,25,0,2,2
88,4,3286116520,0,0,0,0,1,0,30,4,31,11,0,3,2
88,5,2097118076,0,1,0,0,2,1,30,5,16,26,0,3,3
88,6,1761058495,0,2,0,0,3,0,30,0,42,0,0,4,3
88,7,619678064,0,3,0,0,0,1,30,5,19,23,0,4,4
88,8,3725646916,0,0,0,0,1,0,30,4,19,23,0,5,4
88,9,3389587335,0,1,0,0,2,1,30,0,24,18,0,5,5
88,10,2200588891,0,2,0,0,3,0,30,4,11,31,1,5,6
88,11,1059208460,0,3,0,0,0,1,30,4,13,29,0,5,7
89,0,3397434471,0,0,0,0,1,0,30,4,15,27,0,1,0
89,1,913891242,0,1,0,0,2,1,30,0,13,29,0,1,1
89,2,577831661,0,2,0,0,3,0,30,6,11,31,1,1,2
89,3,1635655752,0,3,0,0,0,1,30,1,30,12,1,2,2
89,4,2542420082,0,0,0,0,1,0,30,4,11,31,1,2,3
89,5,1353421638,0,1,0,0,2,1,30,2,26,16,0,2,4
89,6,1017362057,0,2,0,0,3,0,30,4,6,36,1,2,5
89,7,681302476,0,3,0,0,0,1,30,4,9,33,0,2,6
89,8,2981950478,0,0,0,0,1,0,30,5,29,13,0,3,6
89,9,2645890897,0,1,0,0,2,1,30,4,18,24,0,3,7
90,0,3336915956,0,0,0,0,1,0,30,4,35,7,0,1,0
90,1,3000856375,0,1,0,0,2,1,30,4,30,12,1,2,0
90,2,1811857931,0,2,0,0,3,0,30,5,3,39,1,2,1
90,3,1475798350,0,3,0,0,0,1,30,4,18,24,0,2,2
90,4,3776446352,0,0,0,0,1,0,30,4,29,13,0,3,2
90,5,3440386771,0,1,0,0,2,1,30,5,13,29,0,3,3
90,6,3104327190,0,2,0,0,3,0,30,6,25,17,0,4,3
90,7,1915328746,0,3,0,0,0,1,30,6,18,24,0,4,4
90,8,1579269165,0,0,0,0,1,0,30,3,1,41,1,4,5
90,9,3879917167,0,1,0,0,2,1,30,2,36,6,1,5,5
90,10,3543857586,0,2,0,0,3,0,30,4,17,25,0,6,5
90,11,1060314357,0,3,0,0,0,1,30,4,2,40,0,6,6
90,12,2018799561,0,0,0,0,1,0,30,4,17,25,0,7,6
91,0,3917299067,0,0,0,0,1,0,30,4,35,7,0,1,0
91,1,1433755838,0,1,0,0,2,1,30,5,18,24,0,1,1
91,2,1097696257,0,2,0,0,3,0,30,4,29,13,0,2,1
91,3,1250860611,0,3,0,0,0,1,30,4,18,24,0,2,2
91,4,3062284678,0,0,0,0,1,0,30,5,30,12,0,3,2
91,5,4020769882,0,1,0,0,2,1,30,4,31,11,1,4,2
91,6,1537226653,0,2,0,0,3,0,30,4,12,30,1,4,3
91,7,348228209,0,3,0,0,0,1,30,5,12,30,0,4,4
91,8,3501815074,0,0,0,0,1,0,30,4,35,7,0,5,4
91,9,3165755493,0,1,0,0,2,1,30,5,17,25,0,5,5
91,10,1976757049,0,2,0,0,3,0,30,4,17,25,0,6,5
91,11,1640697468,0,3,0,0,0,1,30,5,41,1,1,7,5
92,0,1930778718,0,0,0,0,1,0,30,4,17,25,0,1,0
92,1,789398287,0,1,0,0,2,1,30,6,42,0,1,2,0
92,2,3895367139,0,2,0,0,3,0,30,4,18,24,0,3,0
92,3,3559307558,0,3,0,0,0,1,30,5,19,23,0,3,1
92,4,1075764329,0,0,0,0,1,0,30,4,24,18,0,4,1
92,5,1228928683,0,1,0,0,2,1,30,4,17,25,0,4,2
92,6,3040352750,0,2,0,0,3,0,30,4,35,7,0,5,2
92,7,3998837954,0,3,0,0,0,1,30,6,35,7,1,6,2
92,8,1515294725,0,0,0,0,1,0,30,4,19,23,0,7,2
93,0,411296194,0,0,0,0,1,0,30,4,18,24,0,1,0
93,1,3517265046,0,1,0,0,2,1,30,5,18,24,0,1,1
93,2,3181205465,0,2,0,0,3,0,30,0,6,36,1,1,2
93,3,1992207021,0,3,0,0,0,1,30,5,25,17,0,1,3
93,4,850826590,0,0,0,0,1,0,30,0,1,41,1,1,4
93,5,3956795442,0,1,0,0,2,1,30,5,13,29,0,1,5
93,6,3620735861,0,2,0,0,3,0,30,5,1,41,1,1,6
93,7,1137192632,0,3,0,0,0,1,30,2,42,0,1,2,6
93,8,1290356986,0,0,0,0,1,0,30,3,8,34,1,2,7
94,0,1866804278,0,0,0,0,1,0,30,5,34,8,0,1,0
94,1,2773568608,0,1,0,0,2,1,30,4,6,36,0,1,1
94,2,2437509027,0,2,0,0,3,0,30,4,41,1,0,2,1
94,3,3495333118,0,3,0,0,0,1,30,6,25,17,0,2,2
94,4,3159273537,0,0,0,0,1,0,30,3,18,24,0,3,2
94,5,3213099004,0,1,0,0,2,1,30,4,19,23,0,3,3
94,6,2877039423,0,2,0,0,3,0,30,5,25,17,0,4,3
94,7,2540979842,0,3,0,0,0,1,30,3,25,17,0,4,4
94,8,3598803933,0,0,0,0,1,0,30,4,19,23,0,5,4
94,9,210600967,0,1,0,0,2,1,30,4,22,20,0,5,5
94,10,3316569819,0,2,0,0,3,0,30,5,35,7,0,6,5
94,11,2980510238,0,3,0,0,0,1,30,4,26,16,0,6,6
94,12,4038334329,0,0,0,0,1,0,30,5,13,29,0,7,6
95,0,2225705575,0,0,0,0,1,0,30,4,25,17,0,1,0
95,1,4037129642,0,1,0,0,2,1,30,4,35,7,1,2,0
95,2,3701070061,0,2,0,0,3,0,30,4,25,17,0,3,0
95,3,3854234415,0,3,0,0,0,1,30,4,18,24,0,3,1
95,4,1370691186,0,0,0,0,1,0,30,4,29,13,0,4,1
95,5,181692742,0,1,0,0,2,1,30,2,26,16,0,4,2
95,6,4140600457,0,2,0,0,3,0,30,4,36,6,0,5,2
95,7,4293764811,0,3,0,0,0,1,30,5,30,12,1,6,2
95,8,1810221582,0,0,0,0,1,0,30,4,14,28,0,7,2
96,0,1482009137,0,0,0,0,1,0,30,6,2,40,1,0,1
96,1,3293433204,0,1,0,0,2,1,30,6,24,18,0,0,2
96,2,2957373623,0,2,0,0,3,0,30,4,28,14,0,1,2
96,3,1768375179,0,3,0,0,0,1,30,3,42,0,1,2,2
96,4,1432315598,0,0,0,0,1,0,30,5,7,35,1,2,3
96,5,1585479952,0,1,0,0,2,1,30,4,9,33,0,2,4
96,6,3396904019,0,2,0,0,3,0,30,4,24,18,0,3,4
96,7,2207905575,0,3,0,0,0,1,30,4,36,6,1,4,4
96,8,1871845994,0,0,0,0,1,0,30,2,7,35,1,4,5
96,9,730465563,0,1,0,0,2,1,30,5,18,24,0,4,6
96,10,3836434415,0,2,0,0,3,0,30,5,23,19,0,5,6
96,11,3500374834,0,3,0,0,0,1,30,5,18,24,0,5,7
97,0,3790456084,0,0,0,0,1,0,30,6,0,42,1,0,1
97,1,1306912855,0,1,0,0,2,1,30,3,40,2,1,1,1
97,2,1460077209,0,2,0,0,3,0,30,6,11,31,1,1,2
97,3,1124017628,0,3,0,0,0,1,30,6,16,26,0,1,3
97,4,2935441695,0,0,0,0,1,0,30,4,19,23,0,2,3
97,5,1746443251,0,1,0,0,2,1,30,4,21,21,0,2,4
97,6,605062820,0,2,0,0,3,0,30,4,6,36,1,2,5
97,7,1563548024,0,3,0,0,0,1,30,0,13,29,0,2,6
97,8,3374972091,0,0,0,0,1,0,30,1,12,30,1,2,7
98,0,3076294410,0,0,0,0,1,0,30,4,11,31,1,0,1
98,1,1081975116,0,1,0,0,2,1,30,0,24,18,0,0,2
98,2,745915535,0,2,0,0,3,0,30,4,19,23,0,1,2
98,3,3851884387,0,3,0,0,0,1,30,4,7,35,0,1,3
98,4,3515824806,0,0,0,0,1,0,30,5,19,23,0,2,3
98,5,1521505512,0,1,0,0,2,1,30,5,19,23,0,2,4
98,6,1185445931,0,2,0,0,3,0,30,5,29,13,0,3,4
98,7,2996869998,0,3,0,0,0,1,30,4,19,23,0,3,5
98,8,3955355202,0,0,0,0,1,0,30,6,12,30,1,3,6
98,9,2813974771,0,1,0,0,2,1,30,1,19,23,0,3,7
99,0,15353384,0,0,0,0,1,0,30,4,1,41,1,0,1
99,1,922117714,0,1,0,0,2,1,30,4,18,24,0,0,2
99,2,1979941805,0,2,0,0,3,0,30,5,13,29,0,1,2
99,3,1643882224,0,3,0,0,0,1,30,0,25,17,0,1,3
99,4,1208483756,0,0,0,0,1,0,30,4,26,16,0,2,3
99,5,1361648110,0,1,0,0,2,1,30,4,0,42,0,2,4
99,6,1025588529,0,2,0,0,3,0,30,2,18,24,0,3,4
99,7,2083412620,0,3,0,0,0,1,30,5,30,12,1,4,4
99,8,1747353039,0,0,0,0,1,0,30,4,18,24,0,5,4
99,9,558354595,0,1,0,0,2,1,30,3,24,18,0,5,5
99,10,1465118925,0,2,0,0,3,0,30,4,24,18,0,6,5
99,11,3276542992,0,3,0,0,0,1,30,1,35,7,1,7,5
100,0,4085382941,0,0,0,0,1,0,30,5,12,30,1,0,1
100,1,1601839712,0,1,0,0,2,1,30,6,23,19,0,0,2
100,2,1265780131,0,2,0,0,3,0,30,4,41,1,0,1,2
100,3,76781687,0,3,0,0,0,1,30,5,31,11,1,2,2
100,4,3230368552,0,0,0,0,1,0,30,4,32,10,0,3,2
100,5,2041370108,0,1,0,0,2,1,30,4,35,7,1,4,2
100,6,1705310527,0,2,0,0,3,0,30,5,41,1,0,5,2
100,7,516312083,0,3,0,0,0,1,30,5,35,7,1,6,2
100,8,3669898948,0,0,0,0,1,0,30,4,0,42,1,6,3
100,9,3333839367,0,1,0,0,2,1,30,4,18,24,0,6,4
100,10,2144840923,0,2,0,0,3,0,30,4,7,35,1,6,5
100,11,1808781342,0,3,0,0,0,1,30,4,19,23,0,6,6
100,12,619782898,0,0,0,0,1,0,30,4,0,42,1,6,7
101,0,4147007353,0,0,0,0,1,0,30,0,6,36,1,0,1
101,1,1663464124,0,1,0,0,2,1,30,1,40,2,1,1,1
101,2,522083693,0,2,0,0,3,0,30,5,20,22,0,2,1
101,3,3628052545,0,3,0,0,0,1,30,4,41,1,1,3,1
101,4,3291992964,0,0,0,0,1,0,30,5,11,31,1,3,2
101,5,2102994520,0,1,0,0,2,1,30,3,34,8,1,4,2
101,6,961614089,0,2,0,0,3,0,30,5,12,30,1,4,3
101,7,4067582941,0,3,0,0,0,1,30,5,23,19,0,4,4
101,8,3731523360,0,0,0,0,1,0,30,5,6,36,1,4,5
101,9,3395463779,0,1,0,0,2,1,30,5,32,10,1,5,5
101,10,1401144485,0,2,0,0,3,0,30,0,9,33,1,5,6
101,11,1065084904,0,3,0,0,0,1,30,5,24,18,0,5,7
102,0,3532184566,0,0,0,0,1,0,30,4,0,42,1,0,1
102,1,3685348920,0,1,0,0,2,1,30,5,7,35,0,0,2
102,2,1102466804,0,2,0,0,3,0,30,5,19,23,0,1,2
102,3,2160290895,0,3,0,0,0,1,30,5,6,36,0,1,3
102,4,1824231314,0,0,0,0,1,0,30,4,18,24,0,2,3
102,5,4124879316,0,1,0,0,2,1,30,5,20,22,0,2,4
102,6,3788819735,0,2,0,0,3,0,30,5,23,19,0,3,4
102,7,1305276506,0,3,0,0,0,1,30,4,18,24,0,3,5
102,8,2263761710,0,0,0,0,1,0,30,4,35,7,0,4,5
102,9,1023042392,0,1,0,0,2,1,30,5,24,18,0,4,6
102,10,4228350131,0,2,0,0,3,0,30,6,1,41,1,4,7
103,0,371904653,0,0,0,0,1,0,30,6,31,11,0,1,0
103,1,3525491518,0,1,0,0,2,1,30,2,20,22,0,1,1
103,2,2336493074,0,2,0,0,3,0,30,5,34,8,0,2,1
103,3,2000433493,0,3,0,0,0,1,30,5,34,8,1,3,1
103,4,3811857560,0,0,0,0,1,0,30,5,23,19,0,4,1
103,5,3965021914,0,1,0,0,2,1,30,4,40,2,1,5,1
103,6,3628962333,0,2,0,0,3,0,30,6,0,42,1,5,2
103,7,2439963889,0,3,0,0,0,1,30,5,26,16,0,5,3
103,8,4251387956,0,0,0,0,1,0,30,1,22,20,0,6,3
103,9,109585014,0,1,0,0,2,1,30,5,25,17,0,6,4
103,10,4068492729,0,2,0,0,3,0,30,5,17,25,0,7,4
104,0,1875030750,0,0,0,0,1,0,30,4,41,1,0,1,0
104,1,1538971169,0,1,0,0,2,1,30,4,24,18,0,1,1
104,2,3839619171,0,2,0,0,3,0,30,5,30,12,0,2,1
104,3,3503559590,0,3,0,0,0,1,30,4,41,1,1,3,1
104,4,3068161122,0,0,0,0,1,0,30,6,31,11,0,4,1
104,5,1978501565,0,1,0,0,2,1,30,5,36,6,1,5,1
104,6,3789925632,0,2,0,0,3,0,30,3,35,7,0,6,1
104,7,3943089986,0,3,0,0,0,1,30,4,36,6,1,7,1
105,0,2455413861,0,0,0,0,1,0,30,4,41,1,0,1,0
105,1,3461517078,0,1,0,0,2,1,30,4,36,6,1,2,0
105,2,3125457497,0,2,0,0,3,0,30,1,34,8,0,3,0
105,3,1936459053,0,3,0,0,0,1,30,2,35,7,1,4,0
105,4,1600399472,0,0,0,0,1,0,30,1,12,30,1,4,1
105,5,411401028,0,1,0,0,2,1,30,4,18,24,0,4,2
105,6,3564987893,0,2,0,0,3,0,30,6,0,42,1,4,3
105,7,2375989449,0,3,0,0,0,1,30,4,14,28,0,4,4
105,8,2039929868,0,0,0,0,1,0,30,4,34,8,0,5,4
105,9,1703870287,0,1,0,0,2,1,30,5,18,24,0,5,5
105,10,4004518289,0,2,0,0,3,0,30,4,2,40,1,5,6
105,11,3668458708,0,3,0,0,0,1,30,5,15,27,0,5,7
106,0,1711717423,0,0,0,0,1,0,30,5,11,31,1,0,1
106,1,3523141490,0,1,0,0,2,1,30,3,42,0,1,1,1
106,2,3187081909,0,2,0,0,3,0,30,4,41,1,0,2,1
106,3,1192762615,0,3,0,0,0,1,30,3,21,21,0,2,2
106,4,856703034,0,0,0,0,1,0,30,5,0,42,1,2,3
106,5,3962671886,0,1,0,0,2,1,30,4,8,34,0,2,4
106,6,3626612305,0,2,0,0,3,0,30,4,16,26,0,3,4
106,7,3779776659,0,3,0,0,0,1,30,5,39,3,1,4,4
106,8,1296233430,0,0,0,0,1,0,30,6,34,8,0,5,4
106,9,960173849,0,1,0,0,2,1,30,6,28,14,0,5,5
106,10,4066142701,0,2,0,0,3,0,30,5,7,35,1,5,6
106,11,2924762270,0,3,0,0,0,1,30,5,35,7,1,6,6
106,12,1735763826,0,0,0,0,1,0,30,5,17,25,0,7,6
107,0,2975278457,0,0,0,0,1,0,30,1,19,23,0,1,0
107,1,3882042787,0,1,0,0,2,1,30,2,34,8,1,2,0
107,2,644899582,0,2,0,0,3,0,30,0,13,29,0,3,0
107,3,308840001,0,3,0,0,0,1,30,4,25,17,0,3,1
107,4,2120264068,0,0,0,0,1,0,30,4,41,1,0,4,1
107,5,2273428422,0,1,0,0,2,1,30,0,35,7,1,5,1
107,6,1838029954,0,2,0,0,3,0,30,5,41,1,0,6,1
107,7,748370397,0,3,0,0,0,1,30,6,34,8,1,7,1
108,0,2231582019,0,0,0,0,1,0,30,4,18,24,0,1,0
108,1,1895522438,0,1,0,0,2,1,30,5,29,13,0,1,1
108,2,4196170440,0,2,0,0,3,0,30,4,41,1,0,2,1
108,3,3860110859,0,3,0,0,0,1,30,4,24,18,0,2,2
108,4,1376567630,0,0,0,0,1,0,30,3,1,41,1,2,3
108,5,2335052834,0,1,0,0,2,1,30,5,39,3,1,3,3
108,6,1193672403,0,2,0,0,3,0,30,4,36,6,0,4,3
108,7,4673959,0,3,0,0,0,1,30,4,40,2,1,5,3
108,8,1816098026,0,0,0,0,1,0,30,6,34,8,0,6,3
108,9,2774583230,0,1,0,0,2,1,30,2,18,24,0,6,4
108,10,291040001,0,2,0,0,3,0,30,1,20,22,0,7,4
109,0,3734708116,0,0,0,0,1,0,30,2,16,26,0,1,0
109,1,3398648535,0,1,0,0,2,1,30,5,24,18,0,1,1
109,2,2209650091,0,2,0,0,3,0,30,4,13,29,0,2,1
109,3,1873590510,0,3,0,0,0,1,30,5,36,6,1,3,1
109,4,2780354840,0,0,0,0,1,0,30,6,1,41,1,3,2
109,5,3838178931,0,1,0,0,2,1,30,4,29,13,0,3,3
109,6,1354635702,0,2,0,0,3,0,30,1,20,22,0,4,3
109,7,2313120906,0,3,0,0,0,1,30,4,28,14,0,4,4
109,8,1171740475,0,0,0,0,1,0,30,5,33,9,0,5,4
109,9,4277709327,0,1,0,0,2,1,30,2,34,8,1,6,4
109,10,1794166098,0,2,0,0,3,0,30,5,23,19,0,7,4
110,0,20123931,0,0,0,0,1,0,30,5,42,0,0,1,0
110,1,1831547998,0,1,0,0,2,1,30,4,42,0,1,2,0
110,2,1495488417,0,2,0,0,3,0,30,4,30,12,0,3,0
110,3,3796136419,0,3,0,0,0,1,30,5,25,17,0,3,1
110,4,3460076838,0,0,0,0,1,0,30,5,12,30,1,3,2
110,5,2271078394,0,1,0,0,2,1,30,3,19,23,0,3,3
110,6,1935018813,0,2,0,0,3,0,30,5,18,24,0,4,3
110,7,4235666815,0,3,0,0,0,1,30,5,30,12,1,5,3
110,8,3899607234,0,0,0,0,1,0,30,1,17,25,0,6,3
110,9,3563547653,0,1,0,0,2,1,30,5,20,22,0,6,4
110,10,2374549209,0,2,0,0,3,0,30,5,35,7,0,7,4
111,0,2007750177,0,0,0,0,1,0,30,4,12,30,1,0,1
111,1,1671690596,0,1,0,0,2,1,30,6,18,24,0,0,2
111,2,2729514687,0,2,0,0,3,0,30,4,34,8,0,1,2
111,3,3636279017,0,3,0,0,0,1,30,4,42,0,1,2,2
111,4,2447280573,0,0,0,0,1,0,30,5,42,0,0,3,2
111,5,2111220992,0,1,0,0,2,1,30,4,3,39,0,3,3
111,6,1775161411,0,2,0,0,3,0,30,4,25,17,0,4,3
111,7,4075809413,0,3,0,0,0,1,30,4,19,23,0,4,4
111,8,3739749832,0,0,0,0,1,0,30,5,30,12,0,5,4
111,9,2550751388,0,1,0,0,2,1,30,2,25,17,0,5,5
111,10,2214691807,0,2,0,0,3,0,30,4,17,25,0,6,5
111,11,1073311376,0,3,0,0,0,1,30,4,41,1,1,7,5
112,0,539988527,0,0,0,0,1,0,30,4,22,20,0,1,0
112,1,2351412594,0,1,0,0,2,1,30,2,35,7,1,2,0
112,2,3258176924,0,2,0,0,3,0,30,4,24,18,0,3,0
112,3,2168517367,0,3,0,0,0,1,30,5,31,11,1,4,0
112,4,3979941434,0,0,0,0,1,0,30,5,16,26,0,5,0
112,5,643459342,0,1,0,0,2,1,30,6,24,18,0,5,1
112,6,3697707320,0,2,0,0,3,0,30,4,1,41,1,5,2
112,7,2608047763,0,3,0,0,0,1,30,0,36,6,1,6,2
112,8,124504534,0,0,0,0,1,0,30,5,29,13,0,7,2
113,0,4091259385,0,0,0,0,1,0,30,4,0,42,1,0,1
113,1,3755199804,0,1,0,0,2,1,30,4,19,23,0,0,2
113,2,2566201360,0,2,0,0,3,0,30,4,23,19,0,1,2
113,3,1424820929,0,3,0,0,0,1,30,6,36,6,1,2,2
113,4,3236244996,0,0,0,0,1,0,30,4,31,11,0,3,2
113,5,4194730200,0,1,0,0,2,1,30,6,42,0,1,4,2
113,6,1711186971,0,2,0,0,3,0,30,5,12,30,1,4,3
113,7,2669672175,0,3,0,0,0,1,30,5,14,28,0,4,4
113,8,3675775392,0,0,0,0,1,0,30,2,20,22,0,5,4
113,9,3339715811,0,1,0,0,2,1,30,5,24,18,0,5,5
113,10,2150717367,0,2,0,0,3,0,30,5,0,42,1,5,6
113,11,1814657786,0,3,0,0,0,1,30,5,24,18,0,5,7
114,0,476014087,0,0,0,0,1,0,30,2,16,26,0,1,0
114,1,139954506,0,1,0,0,2,1,30,4,42,0,1,2,0
114,2,1046718836,0,2,0,0,3,0,30,4,18,24,0,3,0
114,3,4152687688,0,3,0,0,0,1,30,4,24,18,0,3,1
114,4,3816628107,0,0,0,0,1,0,30,6,24,18,0,4,1
114,5,579484902,0,1,0,0,2,1,30,4,42,0,1,5,1
114,6,1486249232,0,2,0,0,3,0,30,5,12,30,1,5,2
114,7,1150189651,0,3,0,0,0,1,30,4,29,13,0,5,3
114,8,4256158503,0,0,0,0,1,0,30,4,0,42,1,5,4
114,9,3920098922,0,1,0,0,2,1,30,0,40,2,1,6,4
114,10,682955717,0,2,0,0,3,0,30,4,23,19,0,7,4
115,0,316156685,0,0,0,0,1,0,30,5,13,29,0,1,0
115,1,4275064400,0,1,0,0,2,1,30,4,7,35,0,1,1
115,2,3086065956,0,2,0,0,3,0,30,4,29,13,0,2,1
115,3,1944685525,0,3,0,0,0,1,30,1,29,13,0,2,2
115,4,1608625944,0,0,0,0,1,0,30,4,20,22,0,3,2
115,5,419627500,0,1,0,0,2,1,30,6,33,9,1,4,2
115,6,83567919,0,2,0,0,3,0,30,6,1,41,1,4,3
115,7,2384215921,0,3,0,0,0,1,30,5,34,8,1,5,3
115,8,2048156340,0,0,0,0,1,0,30,5,13,29,0,6,3
115,9,859157896,0,1,0,0,2,1,30,4,35,7,1,7,3
116,0,3867427543,0,0,0,0,1,0,30,6,6,36,1,0,1
116,1,3531367962,0,1,0,0,2,1,30,5,28,14,0,0,2
116,2,294224757,0,2,0,0,3,0,30,3,0,42,1,0,3
116,3,4253132472,0,3,0,0,0,1,30,4,25,17,0,0,4
116,4,11990643,0,0,0,0,1,0,30,4,25,17,0,1,4
116,5,3970898358,0,1,0,0,2,1,30,5,22,20,0,1,5
116,6,3634838777,0,2,0,0,3,0,30,4,33,9,0,2,5
116,7,397695572,0,3,0,0,0,1,30,5,31,11,1,3,5
116,8,1304459902,0,0,0,0,1,0,30,3,0,42,1,3,6
116,9,115461458,0,1,0,0,2,1,30,4,13,29,0,3,7
117,0,2399665893,0,0,0,0,1,0,30,2,11,31,1,0,1
117,1,4211089960,0,1,0,0,2,1,30,6,41,1,1,1,1
117,2,3875030379,0,2,0,0,3,0,30,4,31,11,0,2,1
117,3,4028194733,0,3,0,0,0,1,30,4,28,14,0,2,2
117,4,1544651504,0,0,0,0,1,0,30,4,0,42,1,2,3
117,5,2503136708,0,1,0,0,2,1,30,4,42,0,1,3,3
117,6,19593479,0,2,0,0,3,0,30,1,18,24,0,4,3
117,7,172757833,0,3,0,0,0,1,30,5,7,35,0,4,4
117,8,1984181900,0,0,0,0,1,0,30,5,23,19,0,5,4
117,9,1648122319,0,1,0,0,2,1,30,4,20,22,0,5,5
117,10,459123875,0,2,0,0,3,0,30,5,39,3,0,6,5
117,11,1365888205,0,3,0,0,0,1,30,0,14,28,0,6,6
117,12,2423712296,0,0,0,0,1,0,30,5,23,19,0,7,6
118,0,1655969455,0,0,0,0,1,0,30,2,6,36,1,0,1
118,1,1319909874,0,1,0,0,2,1,30,0,34,8,1,1,1
118,2,130911430,0,2,0,0,3,0,30,6,8,34,1,1,2
118,3,4089819145,0,3,0,0,0,1,30,0,31,11,1,2,2
118,4,1606275916,0,0,0,0,1,0,30,4,28,14,0,3,2
118,5,1759440270,0,1,0,0,2,1,30,4,29,13,0,3,3
118,6,3570864337,0,2,0,0,3,0,30,5,33,9,0,4,3
118,7,234382245,0,3,0,0,0,1,30,5,23,19,0,4,4
118,8,2045806312,0,0,0,0,1,0,30,5,29,13,0,5,4
118,9,904425881,0,1,0,0,2,1,30,1,36,6,1,6,4
118,10,4010394733,0,2,0,0,3,0,30,4,13,29,0,7,4
119,0,941807781,0,0,0,0,1,0,30,0,22,20,0,1,0
119,1,1999631872,0,1,0,0,2,1,30,6,35,7,1,2,0
119,2,1663572291,0,2,0,0,3,0,30,4,28,14,0,3,0
119,3,474573847,0,3,0,0,0,1,30,4,0,42,0,3,1
119,4,1381338177,0,0,0,0,1,0,30,4,24,18,0,4,1
119,5,2439162268,0,1,0,0,2,1,30,5,30,12,1,5,1
119,6,2103102687,0,2,0,0,3,0,30,5,2,40,1,5,2
119,7,3914526754,0,3,0,0,0,1,30,5,7,35,0,5,3
119,8,1820868573,0,0,0,0,1,0,30,0,11,31,1,5,4
119,9,1484808992,0,1,0,0,2,1,30,4,41,1,1,6,4
119,10,2542633083,0,2,0,0,3,0,30,5,41,1,0,7,4
120,0,2175834051,0,0,0,0,1,0,30,4,9,33,1,0,1
120,1,1839774470,0,1,0,0,2,1,30,0,13,29,0,0,2
120,2,650776026,0,2,0,0,3,0,30,0,18,24,0,1,2
120,3,314716445,0,3,0,0,0,1,30,4,12,30,0,1,3
120,4,3468303310,0,0,0,0,1,0,30,5,12,30,1,1,4
120,5,2279304866,0,1,0,0,2,1,30,4,29,13,0,1,5
120,6,1943245285,0,2,0,0,3,0,30,4,19,23,0,2,5
120,7,754246841,0,3,0,0,0,1,30,2,24,18,0,2,6
120,8,3907833706,0,0,0,0,1,0,30,4,40,2,0,3,6
120,9,2718835262,0,1,0,0,2,1,30,4,25,17,0,3,7
121,0,2756217162,0,0,0,0,1,0,30,5,24,18,0,1,0
121,1,272673933,0,1,0,0,2,1,30,5,20,22,0,1,1
121,2,4231581648,0,2,0,0,3,0,30,4,17,25,0,2,1
121,3,89778706,0,3,0,0,0,1,30,1,20,22,0,2,2
121,4,1901202773,0,0,0,0,1,0,30,4,42,0,0,3,2
121,5,712204329,0,1,0,0,2,1,30,1,36,6,1,4,2
121,6,376144748,0,2,0,0,3,0,30,5,26,16,0,5,2
121,7,529309102,0,3,0,0,0,1,30,5,25,17,0,5,3
121,8,2340733169,0,0,0,0,1,0,30,5,14,28,0,6,3
121,9,2004673588,0,1,0,0,2,1,30,5,6,36,0,6,4
121,10,815675144,0,2,0,0,3,0,30,6,1,41,1,6,5
121,11,3969262009,0,3,0,0,0,1,30,5,11,31,0,6,6
121,12,2780263565,0,0,0,0,1,0,30,5,35,7,0,7,6
122,0,4259343259,0,0,0,0,1,0,30,4,20,22,0,1,0
122,1,1775800030,0,1,0,0,2,1,30,4,0,42,0,1,1
122,2,1439740449,0,2,0,0,3,0,30,5,0,42,1,1,2
122,3,250742005,0,3,0,0,0,1,30,5,23,19,0,1,3
122,4,3404328870,0,0,0,0,1,0,30,4,41,1,0,2,3
122,5,67846778,0,1,0,0,2,1,30,0,41,1,1,3,3
122,6,1879270845,0,2,0,0,3,0,30,4,18,24,0,4,3
122,7,690272401,0,3,0,0,0,1,30,6,30,12,1,5,3
122,8,354212820,0,0,0,0,1,0,30,4,20,22,0,6,3
122,9,3507799685,0,1,0,0,2,1,30,6,6,36,0,6,4
122,10,2318801241,0,2,0,0,3,0,30,4,13,29,0,7,4
123,0,26000375,0,0,0,0,1,0,30,4,25,17,0,1,0
123,1,1837424442,0,1,0,0,2,1,30,1,40,2,1,2,0
123,2,1990588796,0,2,0,0,3,0,30,4,25,17,0,3,0
123,3,1654529215,0,3,0,0,0,1,30,4,42,0,1,4,0
123,4,3465953282,0,0,0,0,1,0,30,5,33,9,0,5,0
123,5,228810077,0,1,0,0,2,1,30,5,15,27,0,5,1
123,6,1135574407,0,2,0,0,3,0,30,4,13,29,0,6,1
123,7,2094059611,0,3,0,0,0,1,30,4,34,8,1,7,1
124,0,484240559,0,0,0,0,1,0,30,4,12,30,1,0,1
124,1,2196325739,0,1,0,0,2,1,30,5,40,2,1,1,1
124,2,3254149830,0,2,0,0,3,0,30,5,18,24,0,2,1
124,3,2918090249,0,3,0,0,0,1,30,1,25,17,0,2,2
124,4,3824854579,0,0,0,0,1,0,30,6,16,26,0,3,2
124,5,587711374,0,1,0,0,2,1,30,4,29,13,0,3,3
124,6,152312906,0,2,0,0,3,0,30,4,13,29,0,4,3
124,7,3357620645,0,3,0,0,0,1,30,4,16,26,0,4,4
124,8,4264384975,0,0,0,0,1,0,30,4,7,35,1,4,5
124,9,1027241770,0,1,0,0,2,1,30,5,18,24,0,4,6
124,10,691182189,0,2,0,0,3,0,30,4,8,34,1,4,7
125,0,545864971,0,0,0,0,1,0,30,6,1,41,1,0,1
125,1,3699451836,0,1,0,0,2,1,30,5,18,24,0,0,2
125,2,2510453392,0,2,0,0,3,0,30,4,41,1,0,1,2
125,3,2174393811,0,3,0,0,0,1,30,5,9,33,0,1,3
125,4,3985817878,0,0,0,0,1,0,30,6,22,20,0,2,3
125,5,4138982232,0,1,0,0,2,1,30,5,30,12,1,3,3
125,6,3802922651,0,2,0,0,3,0,30,6,18,24,0,4,3
125,7,2613924207,0,3,0,0,0,1,30,5,28,14,0,4,4
125,8,2277864626,0,0,0,0,1,0,30,4,0,42,1,4,5
125,9,283545332,0,1,0,0,2,1,30,1,41,1,1,5,5
125,10,4242453047,0,2,0,0,3,0,30,4,18,24,0,6,5
125,11,1758909818,0,3,0,0,0,1,30,5,11,31,0,6,6
125,12,2717395022,0,0,0,0,1,0,30,5,12,30,1,6,7
126,0,320927232,0,0,0,0,1,0,30,5,18,24,0,1,0
126,1,2132351299,0,1,0,0,2,1,30,4,12,30,0,1,1
126,2,1796291718,0,2,0,0,3,0,30,5,25,17,0,2,1
126,3,607293274,0,3,0,0,0,1,30,5,0,42,0,2,2
126,4,3760880139,0,0,0,0,1,0,30,5,34,8,0,3,2
126,5,2571881695,0,1,0,0,2,1,30,5,8,34,0,3,3
126,6,2235822114,0,2,0,0,3,0,30,5,22,20,0,4,3
126,7,1046823670,0,3,0,0,0,1,30,4,26,16,0,4,4
126,8,4200410535,0,0,0,0,1,0,30,4,0,42,1,4,5
126,9,3864350954,0,1,0,0,2,1,30,6,29,13,0,4,6
126,10,2675352510,0,2,0,0,3,0,30,4,34,8,0,5,6
126,11,2339292929,0,3,0,0,0,1,30,6,16,26,0,5,7
127,0,2629374179,0,0,0,0,1,0,30,4,42,0,0,1,0
127,1,1487993748,0,1,0,0,2,1,30,5,6,36,0,1,1
127,2,3299417815,0,2,0,0,3,0,30,4,20,22,0,2,1
127,3,2110419371,0,3,0,0,0,1,30,5,19,23,0,2,2
127,4,1774359790,0,0,0,0,1,0,30,4,41,1,0,3,2
127,5,585361346,0,1,0,0,2,1,30,1,30,12,1,4,2
127,6,3738948211,0,2,0,0,3,0,30,2,6,36,1,4,3
127,7,2549949767,0,3,0,0,0,1,30,4,1,41,0,4,4
127,8,2213890186,0,0,0,0,1,0,30,4,41,1,0,5,4
127,9,1877830605,0,1,0,0,2,1,30,5,40,2,1,6,4
127,10,4178478607,0,2,0,0,3,0,30,2,24,18,0,7,4
128,0,840791828,0,0,0,0,1,0,30,5,2,40,1,0,1
128,1,504732247,0,1,0,0,2,1,30,5,26,16,0,0,2
128,2,3610701099,0,2,0,0,3,0,30,2,0,42,1,0,3
128,3,2469320668,0,3,0,0,0,1,30,6,9,33,0,0,4
128,4,4280744735,0,0,0,0,1,0,30,4,12,30,1,0,5
128,5,944262643,0,1,0,0,2,1,30,5,29,13,0,0,6
128,6,2755686710,0,2,0,0,3,0,30,5,11,31,1,0,7
129,0,3149238775,0,0,0,0,1,0,30,1,11,31,1,0,1
129,1,4056003105,0,1,0,0,2,1,30,2,15,27,0,0,2
129,2,818859900,0,2,0,0,3,0,30,5,36,6,0,1,2
129,3,482800319,0,3,0,0,0,1,30,4,25,17,0,1,3
129,4,2294224386,0,0,0,0,1,0,30,1,1,41,1,1,4
129,5,2447388740,0,1,0,0,2,1,30,4,13,29,0,1,5
129,6,4159473920,0,2,0,0,3,0,30,4,9,33,1,1,6
129,7,922330715,0,3,0,0,0,1,30,5,22,20,0,1,7
130,0,2405542337,0,0,0,0,1,0,30,4,19,23,0,1,0
130,1,2069482756,0,1,0,0,2,1,30,5,1,41,0,1,1
130,2,75163462,0,2,0,0,3,0,30,6,0,42,1,1,2
130,3,4034071177,0,3,0,0,0,1,30,5,14,28,0,1,3
130,4,1550527948,0,0,0,0,1,0,30,6,0,42,1,1,4
130,5,2509013152,0,1,0,0,2,1,30,6,31,11,1,2,4
130,6,1367632721,0,2,0,0,3,0,30,4,12,30,1,2,5
130,7,178634277,0,3,0,0,0,1,30,6,17,25,0,2,6
130,8,4137541992,0,0,0,0,1,0,30,5,22,20,0,3,6
130,9,2948543548,0,1,0,0,2,1,30,4,9,33,0,3,7
131,0,937780687,0,0,0,0,1,0,30,4,7,35,1,0,1
131,1,3992028665,0,1,0,0,2,1,30,4,1,41,0,0,2
131,2,3655969084,0,2,0,0,3,0,30,1,1,41,1,0,3
131,3,2466970640,0,3,0,0,0,1,30,5,13,29,0,0,4
131,4,2130911059,0,0,0,0,1,0,30,6,1,41,1,0,5
131,5,136591765,0,1,0,0,2,1,30,3,41,1,1,1,5
131,6,4095499480,0,2,0,0,3,0,30,6,13,29,0,2,5
131,7,858356275,0,3,0,0,0,1,30,5,28,14,0,2,6
131,8,2570441455,0,0,0,0,1,0,30,4,18,24,0,3,6
131,9,1429061024,0,1,0,0,2,1,30,1,14,28,0,3,7
132,0,2925406933,0,0,0,0,1,0,30,4,16,26,0,1,0
132,1,2589347352,0,1,0,0,2,1,30,4,19,23,0,1,1
132,2,595028058,0,2,0,0,3,0,30,2,30,12,0,2,1
132,3,258968477,0,3,0,0,0,1,30,1,31,11,1,3,1
132,4,3364937329,0,0,0,0,1,0,30,3,31,11,0,4,1
132,5,3028877748,0,1,0,0,2,1,30,3,41,1,1,5,1
132,6,1887497317,0,2,0,0,3,0,30,4,23,19,0,6,1
132,7,698498873,0,3,0,0,0,1,30,5,36,6,1,7,1
133,0,2700469194,0,0,0,0,1,0,30,5,22,20,0,1,0
133,1,2364409613,0,1,0,0,2,1,30,4,24,18,0,1,1
133,2,1175411169,0,2,0,0,3,0,30,1,0,42,1,1,2
133,3,839351588,0,3,0,0,0,1,30,4,8,34,0,1,3
133,4,2650775655,0,0,0,0,1,0,30,0,23,19,0,2,3
133,5,2803940009,0,1,0,0,2,1,30,5,0,42,0,2,4
133,6,320396780,0,2,0,0,3,0,30,4,16,26,0,3,4
133,7,1278881984,0,3,0,0,0,1,30,2,24,18,0,3,5
133,8,3090306051,0,0,0,0,1,0,30,1,23,19,0,4,5
133,9,1948925620,0,1,0,0,2,1,30,4,33,9,1,5,5
133,10,759927176,0,2,0,0,3,0,30,4,16,26,0,6,5
133,11,423867595,0,3,0,0,0,1,30,4,30,12,1,7,5
134,0,713948845,0,0,0,0,1,0,30,5,19,23,0,1,0
134,1,377889264,0,1,0,0,2,1,30,6,42,0,1,2,0
134,2,2678537266,0,2,0,0,3,0,30,4,12,30,1,2,1
134,3,2342477685,0,3,0,0,0,1,30,6,23,19,0,2,2
134,4,4153901752,0,0,0,0,1,0,30,5,41,1,0,3,2
134,5,817419660,0,1,0,0,2,1,30,3,35,7,1,4,2
134,6,3971006525,0,2,0,0,3,0,30,5,6,36,1,4,3
134,7,2782008081,0,3,0,0,0,1,30,0,42,0,1,5,3
134,8,298464852,0,0,0,0,1,0,30,5,31,11,0,6,3
134,9,1256950056,0,1,0,0,2,1,30,4,39,3,1,7,3
135,0,4265219703,0,0,0,0,1,0,30,4,17,25,0,1,0
135,1,3929160122,0,1,0,0,2,1,30,4,25,17,0,1,1
135,2,2740161678,0,2,0,0,3,0,30,5,42,0,0,2,1
135,3,1598781247,0,3,0,0,0,1,30,3,18,24,0,2,2
135,4,1262721666,0,0,0,0,1,0,30,5,16,26,0,3,2
135,5,73723222,0,1,0,0,2,1,30,5,17,25,0,3,3
135,6,1885147289,0,2,0,0,3,0,30,0,18,24,0,4,3
135,7,2843632493,0,3,0,0,0,1,30,3,28,14,0,4,4
135,8,1702252062,0,0,0,0,1,0,30,5,25,17,0,5,4
135,9,513253618,0,1,0,0,2,1,30,1,20,22,0,5,5
135,10,2324677685,0,2,0,0,3,0,30,5,34,8,0,6,5
135,11,1988618104,0,3,0,0,0,1,30,6,33,9,1,7,5
136,0,1233813441,0,0,0,0,1,0,30,4,0,42,1,0,1
136,1,2140577771,0,1,0,0,2,1,30,5,41,1,1,1,1
136,2,951579327,0,2,0,0,3,0,30,4,28,14,0,2,1
136,3,615519746,0,3,0,0,0,1,30,5,6,36,0,2,2
136,4,1673343837,0,0,0,0,1,0,30,4,16,26,0,3,2
136,5,1337284256,0,1,0,0,2,1,30,5,0,42,0,3,3
136,6,2244048586,0,2,0,0,3,0,30,1,25,17,0,4,3
136,7,1055050142,0,3,0,0,0,1,30,5,31,11,1,5,3
136,8,718990561,0,0,0,0,1,0,30,4,36,6,0,6,3
136,9,1776814652,0,1,0,0,2,1,30,5,26,16,0,6,4
136,10,2683578982,0,2,0,0,3,0,30,4,12,30,1,6,5
136,11,2347519401,0,3,0,0,0,1,30,4,22,20,0,6,6
136,12,1158520957,0,0,0,0,1,0,30,4,34,8,0,7,6
137,0,490117003,0,0,0,0,1,0,30,4,17,25,0,1,0
137,1,154057422,0,1,0,0,2,1,30,4,0,42,0,1,1
137,2,3260026274,0,2,0,0,3,0,30,3,22,20,0,2,1
137,3,2118645843,0,3,0,0,0,1,30,5,29,13,0,2,2
137,4,929647399,0,0,0,0,1,0,30,4,34,8,0,3,2
137,5,593587818,0,1,0,0,2,1,30,5,31,11,1,4,2
137,6,257528237,0,2,0,0,3,0,30,4,3,39,1,4,3
137,7,2558176239,0,3,0,0,0,1,30,4,0,42,0,4,4
137,8,2222116658,0,0,0,0,1,0,30,1,7,35,1,4,5
137,9,1033118214,0,1,0,0,2,1,30,5,23,19,0,4,6
137,10,697058633,0,2,0,0,3,0,30,4,0,42,1,4,7
138,0,1070500114,0,0,0,0,1,0,30,2,24,18,0,1,0
138,1,2881924181,0,1,0,0,2,1,30,3,20,22,0,1,1
138,2,3035088535,0,2,0,0,3,0,30,5,14,28,0,2,1
138,3,2699028954,0,3,0,0,0,1,30,5,24,18,0,2,2
138,4,215485725,0,0,0,0,1,0,30,5,41,1,0,3,2
138,5,1173970929,0,1,0,0,2,1,30,0,29,13,0,3,3
138,6,2180074146,0,2,0,0,3,0,30,4,39,3,0,4,3
138,7,3138559350,0,3,0,0,0,1,30,6,35,7,1,5,3
138,8,655016121,0,0,0,0,1,0,30,5,42,0,0,6,3
138,9,318956540,0,1,0,0,2,1,30,1,11,31,0,6,4
138,10,2619604542,0,2,0,0,3,0,30,5,11,31,1,6,5
138,11,2283544961,0,3,0,0,0,1,30,5,19,23,0,6,6
138,12,1094546517,0,0,0,0,1,0,30,1,17,25,0,7,6
139,0,2573626211,0,0,0,0,1,0,30,5,29,13,0,1,0
139,1,2237566630,0,1,0,0,2,1,30,6,1,41,0,1,1
139,2,1048568186,0,2,0,0,3,0,30,5,11,31,1,1,2
139,3,4202155051,0,3,0,0,0,1,30,5,30,12,1,2,2
139,4,1718611822,0,0,0,0,1,0,30,5,28,14,0,3,2
139,5,2677097026,0,1,0,0,2,1,30,4,31,11,1,4,2
139,6,193553797,0,2,0,0,3,0,30,4,35,7,0,5,2
139,7,346718151,0,3,0,0,0,1,30,3,18,24,0,5,3
139,8,2158142218,0,0,0,0,1,0,30,6,0,42,1,5,4
139,9,3116627422,0,1,0,0,2,1,30,5,30,12,1,6,4
139,10,633084193,0,2,0,0,3,0,30,5,24,18,0,7,4
140,0,1590364710,0,0,0,0,1,0,30,4,0,42,1,0,1
140,1,448984279,0,1,0,0,2,1,30,5,0,42,0,0,2
140,2,3554953131,0,2,0,0,3,0,30,4,20,22,0,1,2
140,3,3218893550,0,3,0,0,0,1,30,4,42,0,1,2,2
140,4,2882833969,0,0,0,0,1,0,30,6,41,1,0,3,2
140,5,888514675,0,1,0,0,2,1,30,6,19,23,0,3,3
140,6,552455094,0,2,0,0,3,0,30,5,29,13,0,4,3
140,7,3658423946,0,3,0,0,0,1,30,5,2,40,0,4,4
140,8,3322364365,0,0,0,0,1,0,30,4,0,42,1,4,5
140,9,1328045071,0,1,0,0,2,1,30,5,14,28,0,4,6
140,10,991985490,0,2,0,0,3,0,30,4,24,18,0,5,6
140,11,2803409557,0,3,0,0,0,1,30,6,35,7,1,6,6
140,12,3761894761,0,0,0,0,1,0,30,5,24,18,0,7,6
141,0,3093490807,0,0,0,0,1,0,30,3,22,20,0,1,0
141,1,510608691,0,1,0,0,2,1,30,5,42,0,1,2,0
141,2,1568432782,0,2,0,0,3,0,30,4,7,35,1,2,1
141,3,2475197112,0,3,0,0,0,1,30,6,24,18,0,2,2
141,4,3533021203,0,0,0,0,1,0,30,2,6,36,1,2,3
141,5,3196961622,0,1,0,0,2,1,30,6,2,40,0,2,4
141,6,614079506,0,2,0,0,3,0,30,2,2,40,1,2,5
141,7,2914727508,0,3,0,0,0,1,30,6,19,23,0,2,6
141,8,2578667927,0,0,0,0,1,0,30,5,12,30,1,2,7
142,0,2349794369,0,0,0,0,1,0,30,0,1,41,1,0,1
142,1,2013734788,0,1,0,0,2,1,30,4,7,35,0,0,2
142,2,824736344,0,2,0,0,3,0,30,6,23,19,0,1,2
142,3,488676763,0,3,0,0,0,1,30,4,15,27,0,1,3
142,4,2789324765,0,0,0,0,1,0,30,6,7,35,1,1,4
142,5,2453265184,0,1,0,0,2,1,30,2,35,7,1,2,4
142,6,2117205603,0,2,0,0,3,0,30,5,36,6,0,3,4
142,7,928207159,0,3,0,0,0,1,30,5,41,1,1,4,4
142,8,4081794024,0,0,0,0,1,0,30,4,2,40,1,4,5
142,9,2892795580,0,1,0,0,2,1,30,4,31,11,1,5,5
142,10,2556735999,0,2,0,0,3,0,30,2,8,34,1,5,6
142,11,1367737555,0,3,0,0,0,1,30,0,28,14,0,5,7
143,0,2930177480,0,0,0,0,1,0,30,2,1,41,1,0,1
143,1,446634251,0,1,0,0,2,1,30,6,34,8,1,1,1
143,2,3651941990,0,2,0,0,3,0,30,5,26,16,0,2,1
143,3,263739024,0,3,0,0,0,1,30,5,24,18,0,2,2
143,4,2075163091,0,0,0,0,1,0,30,4,23,19,0,3,2
143,5,3033648295,0,1,0,0,2,1,30,4,35,7,1,4,2
143,6,550105066,0,2,0,0,3,0,30,6,14,28,0,5,2
143,7,703269420,0,3,0,0,0,1,30,4,25,17,0,5,3
143,8,2514693487,0,0,0,0,1,0,30,6,24,18,0,6,3
143,9,2178633906,0,1,0,0,2,1,30,5,17,25,0,6,4
143,10,989635462,0,2,0,0,3,0,30,5,33,9,0,7,4
144,0,138336281,0,0,0,0,1,0,30,1,24,18,0,1,0
144,1,4097243996,0,1,0,0,2,1,30,2,31,11,1,2,0
144,2,2908245552,0,2,0,0,3,0,30,5,30,12,0,3,0
144,3,2572185971,0,3,0,0,0,1,30,2,35,7,1,4,0
144,4,3578289188,0,0,0,0,1,0,30,3,17,25,0,5,0
144,5,241807096,0,1,0,0,2,1,30,5,41,1,1,6,0
144,6,2053231163,0,2,0,0,3,0,30,1,0,42,1,6,1
144,7,3011716367,0,3,0,0,0,1,30,5,18,24,0,6,2
144,8,528173138,0,0,0,0,1,0,30,4,1,41,1,6,3
144,9,681337492,0,1,0,0,2,1,30,2,1,41,0,6,4
144,10,2492761559,0,2,0,0,3,0,30,2,12,30,1,6,5
144,11,2156701978,0,3,0,0,0,1,30,4,35,7,1,7,5
145,0,3450042076,0,0,0,0,1,0,30,5,34,8,0,1,0
145,1,3113982495,0,1,0,0,2,1,30,4,31,11,1,2,0
145,2,1119663201,0,2,0,0,3,0,30,4,31,11,0,3,0
145,3,783603620,0,3,0,0,0,1,30,4,34,8,1,4,0
145,4,447544039,0,0,0,0,1,0,30,1,13,29,0,5,0
145,5,3553512891,0,1,0,0,2,1,30,5,2,40,0,5,1
145,6,2412132460,0,2,0,0,3,0,30,4,24,18,0,6,1
145,7,1223134016,0,3,0,0,0,1,30,4,9,33,0,6,2
145,8,887074435,0,0,0,0,1,0,30,4,40,2,0,7,2
146,0,658200877,0,0,0,0,1,0,30,2,1,41,1,0,1
146,1,322141296,0,1,0,0,2,1,30,4,34,8,1,1,1
146,2,3428110148,0,2,0,0,3,0,30,2,35,7,0,2,1
146,3,3092050567,0,3,0,0,0,1,30,4,8,34,0,2,2
146,4,1097731273,0,0,0,0,1,0,30,6,17,25,0,3,2
146,5,761671692,0,1,0,0,2,1,30,5,26,16,0,3,3
146,6,425612111,0,2,0,0,3,0,30,4,35,7,0,4,3
146,7,3531580963,0,3,0,0,0,1,30,6,27,15,0,4,4
146,8,143377997,0,0,0,0,1,0,30,4,6,36,1,4,5
146,9,1201202088,0,1,0,0,2,1,30,5,31,11,1,5,5
146,10,865142507,0,2,0,0,3,0,30,4,6,36,1,5,6
146,11,2676566574,0,3,0,0,0,1,30,4,29,13,0,5,7
147,0,1238583988,0,0,0,0,1,0,30,4,23,19,0,1,0
147,1,3050008055,0,1,0,0,2,1,30,5,42,0,1,2,0
147,2,2713948474,0,2,0,0,3,0,30,4,34,8,0,3,0
147,3,2867112828,0,3,0,0,0,1,30,6,42,0,1,4,0
147,4,383569599,0,0,0,0,1,0,30,1,23,19,0,5,0
147,5,3489538451,0,1,0,0,2,1,30,5,41,1,1,6,0
147,6,3153478870,0,2,0,0,3,0,30,5,22,20,0,7,0
148,0,494887550,0,0,0,0,1,0,30,5,35,7,0,1,0
148,1,158827969,0,1,0,0,2,1,30,4,18,24,0,1,1
148,2,1216652060,0,2,0,0,3,0,30,4,18,24,0,2,1
148,3,781253592,0,3,0,0,0,1,30,5,22,20,0,2,2
148,4,3934840457,0,0,0,0,1,0,30,3,6,36,1,2,3
148,5,598358365,0,1,0,0,2,1,30,5,14,28,0,2,4
148,6,2409782432,0,2,0,0,3,0,30,4,42,0,0,3,4
148,7,3467606523,0,3,0,0,0,1,30,6,20,22,0,3,5
148,8,79403557,0,0,0,0,1,0,30,4,23,19,0,4,5
148,9,4038311272,0,1,0,0,2,1,30,2,31,11,1,5,5
148,10,2849312828,0,2,0,0,3,0,30,3,1,41,1,5,6
148,11,2513253247,0,3,0,0,0,1,30,4,30,12,1,6,6
148,12,518933953,0,0,0,0,1,0,30,6,19,23,0,7,6
149,0,2581852683,0,0,0,0,1,0,30,4,34,8,0,1,0
149,1,98309454,0,1,0,0,2,1,30,5,23,19,0,1,1
149,2,1056794658,0,2,0,0,3,0,30,0,11,31,1,1,2
149,3,2868218725,0,3,0,0,0,1,30,5,29,13,0,1,3
149,4,1679220281,0,0,0,0,1,0,30,5,30,12,0,2,3
149,5,537839850,0,1,0,0,2,1,30,5,7,35,0,2,4
149,6,1496325054,0,2,0,0,3,0,30,4,0,42,1,2,5
149,7,3307749121,0,3,0,0,0,1,30,0,19,23,0,2,6
149,8,2971689540,0,0,0,0,1,0,30,4,11,31,1,2,7
150,0,1014752146,0,0,0,0,1,0,30,0,16,26,0,1,0
150,1,678692565,0,1,0,0,2,1,30,6,42,0,1,2,0
150,2,3784661417,0,2,0,0,3,0,30,5,17,25,0,3,0
150,3,2643280986,0,3,0,0,0,1,30,5,16,26,0,3,1
150,4,2307221405,0,0,0,0,1,0,30,5,9,33,1,3,2
150,5,1118222961,0,1,0,0,2,1,30,1,41,1,1,4,2
150,6,2929647028,0,2,0,0,3,0,30,4,35,7,0,5,2
150,7,3888132232,0,3,0,0,0,1,30,3,41,1,1,6,2
150,8,2746751801,0,0,0,0,1,0,30,4,3,39,1,6,3
150,9,1557753357,0,1,0,0,2,1,30,3,40,2,1,7,3
151,0,3323199093,0,0,0,0,1,0,30,4,28,14,0,1,0
151,1,2181818662,0,1,0,0,2,1,30,4,0,42,0,1,1
151,2,992820218,0,2,0,0,3,0,30,5,29,13,0,2,1
151,3,656760637,0,3,0,0,0,1,30,5,42,0,1,3,1
151,4,3762729489,0,0,0,0,1,0,30,3,0,42,1,3,2
151,5,2621349058,0,1,0,0,2,1,30,4,12,30,0,3,3
151,6,2285289477,0,2,0,0,3,0,30,4,12,30,1,3,4
151,7,1096291033,0,3,0,0,0,1,30,5,41,1,1,4,4
151,8,760231452,0,0,0,0,1,0,30,4,0,42,1,4,5
151,9,3060879454,0,1,0,0,2,1,30,5,24,18,0,4,6
151,10,2724819873,0,2,0,0,3,0,30,5,16,26,0,5,6
151,11,241276644,0,3,0,0,0,1,30,6,40,2,1,6,6
151,12,1199761848,0,0,0,0,1,0,30,4,30,12,0,7,6
152,0,3098261354,0,0,0,0,1,0,30,3,1,41,1,0,1
152,1,614718125,0,1,0,0,2,1,30,4,1,41,0,0,2
152,2,278658544,0,2,0,0,3,0,30,4,0,42,1,0,3
152,3,3384627396,0,3,0,0,0,1,30,6,29,13,0,0,4
152,4,2243246965,0,0,0,0,1,0,30,4,24,18,0,1,4
152,5,1054248521,0,1,0,0,2,1,30,3,42,0,1,2,4
152,6,718188940,0,2,0,0,3,0,30,0,17,25,0,3,4
152,7,3824157792,0,3,0,0,0,1,30,5,1,41,0,3,5
152,8,2682777361,0,0,0,0,1,0,30,5,24,18,0,4,5
152,9,2346717780,0,1,0,0,2,1,30,5,24,18,0,4,6
152,10,1157719336,0,2,0,0,3,0,30,0,29,13,0,5,6
152,11,821659755,0,3,0,0,0,1,30,4,19,23,0,5,7
153,0,2938403952,0,0,0,0,1,0,30,0,0,42,1,0,1
153,1,454860723,0,1,0,0,2,1,30,5,30,12,1,1,1
153,2,3560829575,0,2,0,0,3,0,30,4,28,14,0,2,1
153,3,3224769994,0,3,0,0,0,1,30,5,0,42,0,2,2
153,4,3377934348,0,0,0,0,1,0,30,4,24,18,0,3,2
153,5,894391119,0,1,0,0,2,1,30,4,29,13,0,3,3
153,6,558331538,0,2,0,0,3,0,30,5,17,25,0,4,3
153,7,3664300390,0,3,0,0,0,1,30,5,19,23,0,4,4
153,8,2522919959,0,0,0,0,1,0,30,4,7,35,1,4,5
153,9,1333921515,0,1,0,0,2,1,30,4,42,0,1,5,5
153,10,997861934,0,2,0,0,3,0,30,4,41,1,0,6,5
153,11,4103830786,0,3,0,0,0,1,30,5,20,22,0,6,6
153,12,3767771205,0,0,0,0,1,0,30,4,26,16,0,7,6
154,0,3099367251,0,0,0,0,1,0,30,5,41,1,0,1,0
154,1,2763307670,0,1,0,0,2,1,30,4,6,36,0,1,1
154,2,2916472024,0,2,0,0,3,0,30,4,1,41,1,1,2
154,3,432928795,0,3,0,0,0,1,30,2,11,31,0,1,3
154,4,1391413999,0,0,0,0,1,0,30,5,24,18,0,2,3
154,5,3202838066,0,1,0,0,2,1,30,4,29,13,0,2,4
154,6,2061457635,0,2,0,0,3,0,30,5,19,23,0,3,4
154,7,872459191,0,3,0,0,0,1,30,5,1,41,0,3,5
154,8,536399610,0,0,0,0,1,0,30,5,0,42,1,3,6
154,9,3642368462,0,1,0,0,2,1,30,6,26,16,0,3,7
155,0,3679750362,0,0,0,0,1,0,30,4,23,19,0,1,0
155,1,2538369931,0,1,0,0,2,1,30,4,0,42,0,1,1
155,2,1349371487,0,2,0,0,3,0,30,5,23,19,0,2,1
155,3,1013311906,0,3,0,0,0,1,30,4,1,41,0,2,2
155,4,2824735973,0,0,0,0,1,0,30,4,23,19,0,3,2
155,5,2977900327,0,1,0,0,2,1,30,4,36,6,1,4,2
155,6,2641840746,0,2,0,0,3,0,30,5,0,42,1,4,3
155,7,1452842302,0,3,0,0,0,1,30,2,4,38,0,4,4
155,8,3264266369,0,0,0,0,1,0,30,4,24,18,0,5,4
155,9,3417430723,0,1,0,0,2,1,30,0,14,28,0,5,5
155,10,3081371142,0,2,0,0,3,0,30,6,30,12,0,6,5
155,11,597827913,0,3,0,0,0,1,30,4,41,1,1,7,5
156,0,887909163,0,0,0,0,1,0,30,5,34,8,0,1,0
156,1,551849582,0,1,0,0,2,1,30,4,12,30,0,1,1
156,2,2852497584,0,2,0,0,3,0,30,5,22,20,0,2,1
156,3,2516438003,0,3,0,0,0,1,30,2,31,11,1,3,1
156,4,1327439559,0,0,0,0,1,0,30,1,11,31,1,3,2
156,5,991379978,0,1,0,0,2,1,30,4,9,33,0,3,3
156,6,4144966843,0,2,0,0,3,0,30,6,7,35,1,3,4
156,7,2955968399,0,3,0,0,0,1,30,4,35,7,1,4,4
156,8,2619908818,0,0,0,0,1,0,30,4,41,1,0,5,4
156,9,1430910374,0,1,0,0,2,1,30,5,8,34,0,5,5
156,10,289529943,0,2,0,0,3,0,30,4,25,17,0,6,5
156,11,2100954010,0,3,0,0,0,1,30,6,24,18,0,6,6
156,12,3059439214,0,0,0,0,1,0,30,5,40,2,0,7,6
157,0,3394294108,0,0,0,0,1,0,30,5,0,42,1,0,1
157,1,3058234527,0,1,0,0,2,1,30,5,1,41,0,0,2
157,2,1869236083,0,2,0,0,3,0,30,6,0,42,1,0,3
157,3,1533176502,0,3,0,0,0,1,30,4,31,11,1,1,3
157,4,1686340856,0,0,0,0,1,0,30,4,13,29,0,2,3
157,5,3497764923,0,1,0,0,2,1,30,3,11,31,0,2,4
157,6,3161705342,0,2,0,0,3,0,30,4,18,24,0,3,4
157,7,1972706898,0,3,0,0,0,1,30,2,26,16,0,3,5
157,8,831326467,0,0,0,0,1,0,30,6,1,41,1,3,6
157,9,3937295319,0,1,0,0,2,1,30,5,19,23,0,3,7
158,0,1407773759,0,0,0,0,1,0,30,4,41,1,0,1,0
158,1,2314538089,0,1,0,0,2,1,30,6,19,23,0,1,1
158,2,1125539645,0,2,0,0,3,0,30,6,12,30,1,1,2
158,3,789480064,0,3,0,0,0,1,30,4,20,22,0,1,3
158,4,1847304155,0,0,0,0,1,0,30,6,16,26,0,2,3
158,5,1511244574,0,1,0,0,2,1,30,4,23,19,0,2,4
158,6,2418008904,0,2,0,0,3,0,30,4,39,3,0,3,4
158,7,1229010460,0,3,0,0,0,1,30,6,25,17,0,3,5
158,8,892950879,0,0,0,0,1,0,30,2,0,42,1,3,6
158,9,1950774970,0,1,0,0,2,1,30,0,22,20,0,3,7
159,0,1182836020,0,0,0,0,1,0,30,4,29,13,0,1,0
159,1,846776439,0,1,0,0,2,1,30,5,13,29,0,1,1
159,2,3952745291,0,2,0,0,3,0,30,4,11,31,1,1,2
159,3,3616685710,0,3,0,0,0,1,30,5,40,2,1,2,2
159,4,2375966392,0,0,0,0,1,0,30,4,19,23,0,3,2
159,5,1286306835,0,1,0,0,2,1,30,4,28,14,0,3,3
159,6,3097730902,0,2,0,0,3,0,30,4,35,7,0,4,3
159,7,4056216106,0,3,0,0,0,1,30,4,30,12,1,5,3
159,8,1572672877,0,0,0,0,1,0,30,1,18,24,0,6,3
159,9,1725837231,0,1,0,0,2,1,30,5,41,1,1,7,3
160,0,1244460432,0,0,0,0,1,0,30,4,35,7,0,1,0
160,1,908400851,0,1,0,0,2,1,30,5,25,17,0,1,1
160,2,3209048853,0,2,0,0,3,0,30,2,16,26,0,2,1
160,3,2872989272,0,3,0,0,0,1,30,4,25,17,0,2,2
160,4,389446043,0,0,0,0,1,0,30,5,33,9,0,3,2
160,5,1347931247,0,1,0,0,2,1,30,5,25,17,0,3,3
160,6,206550816,0,2,0,0,3,0,30,2,1,41,1,3,4
160,7,3312519668,0,3,0,0,0,1,30,4,1,41,0,3,5
160,8,828976439,0,0,0,0,1,0,30,4,35,7,0,4,5
160,9,1787461643,0,1,0,0,2,1,30,4,19,23,0,4,6
160,10,646081212,0,2,0,0,3,0,30,5,17,25,0,5,6
160,11,2457505279,0,3,0,0,0,1,30,3,12,30,0,5,7
161,0,3331425565,0,0,0,0,1,0,30,5,23,19,0,1,0
161,1,847882336,0,1,0,0,2,1,30,6,41,1,1,2,0
161,2,1001046690,0,2,0,0,3,0,30,5,14,28,0,3,0
161,3,664987109,0,3,0,0,0,1,30,0,20,22,0,3,1
161,4,3770955961,0,0,0,0,1,0,30,4,1,41,1,3,2
161,5,1287412732,0,1,0,0,2,1,30,5,19,23,0,3,3
161,6,1440577086,0,2,0,0,3,0,30,5,28,14,0,4,3
161,7,1104517505,0,3,0,0,0,1,30,5,14,28,0,4,4
161,8,2915941572,0,0,0,0,1,0,30,6,42,0,0,5,4
161,9,3874426776,0,1,0,0,2,1,30,1,25,17,0,5,5
161,10,1390883547,0,2,0,0,3,0,30,6,25,17,0,6,5
161,11,1544047901,0,3,0,0,0,1,30,6,18,24,0,6,6
161,12,3355471968,0,0,0,0,1,0,30,6,7,35,1,6,7
162,0,1764325028,0,0,0,0,1,0,30,4,0,42,1,0,1
162,1,622944597,0,1,0,0,2,1,30,3,28,14,0,0,2
162,2,3728913449,0,2,0,0,3,0,30,6,34,8,0,1,2
162,3,3392853868,0,3,0,0,0,1,30,5,24,18,0,1,3
162,4,2203855424,0,0,0,0,1,0,30,4,19,23,0,2,3
162,5,1062474993,0,1,0,0,2,1,30,4,14,28,0,2,4
162,6,726415412,0,2,0,0,3,0,30,4,35,7,0,3,4
162,7,3832384264,0,3,0,0,0,1,30,4,26,16,0,3,5
162,8,3496324683,0,0,0,0,1,0,30,4,19,23,0,4,5
162,9,1502005389,0,1,0,0,2,1,30,2,24,18,0,4,6
162,10,1165945808,0,2,0,0,3,0,30,5,29,13,0,5,6
162,11,4271914660,0,3,0,0,0,1,30,5,20,22,0,5,7
163,0,3267451125,0,0,0,0,1,0,30,6,23,19,0,1,0
163,1,2931391544,0,1,0,0,2,1,30,4,40,2,1,2,0
163,2,1742393100,0,2,0,0,3,0,30,1,1,41,1,2,1
163,3,2649157430,0,3,0,0,0,1,30,6,26,16,0,2,2
163,4,3706981521,0,0,0,0,1,0,30,5,18,24,0,3,2
163,5,3370921940,0,1,0,0,2,1,30,4,18,24,0,3,3
163,6,3034862359,0,2,0,0,3,0,30,3,12,30,1,3,4
163,7,3088687826,0,3,0,0,0,1,30,5,36,6,1,4,4
163,8,2752628245,0,0,0,0,1,0,30,4,2,40,1,4,5
163,9,3810452336,0,1,0,0,2,1,30,5,0,42,0,4,6
163,10,3474392755,0,2,0,0,3,0,30,5,28,14,0,5,6
163,11,1480073461,0,3,0,0,0,1,30,4,6,36,0,5,7
164,0,3847834236,0,0,0,0,1,0,30,2,0,42,1,0,1
164,1,2706453805,0,1,0,0,2,1,30,1,36,6,1,1,1
164,2,1517455361,0,2,0,0,3,0,30,4,17,25,0,2,1
164,3,1181395780,0,3,0,0,0,1,30,5,2,40,0,2,2
164,4,2992819847,0,0,0,0,1,0,30,4,22,20,0,3,2
164,5,3951305051,0,1,0,0,2,1,30,4,29,13,0,3,3
164,6,662440972,0,2,0,0,3,0,30,4,25,17,0,4,3
164,7,1620926176,0,3,0,0,0,1,30,0,35,7,1,5,3
164,8,3432350243,0,0,0,0,1,0,30,1,15,27,0,6,3
164,9,95868151,0,1,0,0,2,1,30,5,36,6,1,7,3
165,0,3104137798,0,0,0,0,1,0,30,5,18,24,0,1,0
165,1,2768078217,0,1,0,0,2,1,30,5,12,30,0,1,1
165,2,3825902308,0,2,0,0,3,0,30,6,18,24,0,2,1
165,3,437699342,0,3,0,0,0,1,30,5,42,0,1,3,1
165,4,2249123409,0,0,0,0,1,0,30,3,17,25,0,4,1
165,5,3207608613,0,1,0,0,2,1,30,5,19,23,0,4,2
165,6,724065384,0,2,0,0,3,0,30,4,7,35,1,4,3
165,7,877229738,0,3,0,0,0,1,30,2,42,0,1,5,3
165,8,2688653805,0,0,0,0,1,0,30,5,19,23,0,6,3
165,9,3647139009,0,1,0,0,2,1,30,5,41,1,1,7,3
166,0,72731536,0,0,0,0,1,0,30,5,25,17,0,1,0
166,1,979495866,0,1,0,0,2,1,30,5,14,28,0,1,1
166,2,2037319957,0,2,0,0,3,0,30,1,12,30,1,1,2
166,3,1701260376,0,3,0,0,0,1,30,5,2,40,0,1,3
166,4,512261932,0,0,0,0,1,0,30,4,1,41,1,1,4
166,5,1419026262,0,1,0,0,2,1,30,1,26,16,0,1,5
166,6,1082966681,0,2,0,0,3,0,30,5,18,24,0,2,5
166,7,2140790772,0,3,0,0,0,1,30,4,34,8,1,3,5
166,8,1804731191,0,0,0,0,1,0,30,5,40,2,0,4,5
166,9,1858556658,0,1,0,0,2,1,30,5,18,24,0,4,6
166,10,1522497077,0,2,0,0,3,0,30,5,24,18,0,5,6
166,11,3333921144,0,3,0,0,0,1,30,2,30,12,1,6,6
166,12,2244261587,0,0,0,0,1,0,30,4,7,35,1,6,7
167,0,3624002394,0,0,0,0,1,0,30,4,24,18,0,1,0
167,1,3287942813,0,1,0,0,2,1,30,5,0,42,0,1,1
167,2,1293623519,0,2,0,0,3,0,30,6,19,23,0,2,1
167,3,957563938,0,3,0,0,0,1,30,5,36,6,1,3,1
167,4,4063532790,0,0,0,0,1,0,30,5,0,42,1,3,2
167,5,3727473209,0,1,0,0,2,1,30,0,42,0,1,4,2
167,6,2586092778,0,2,0,0,3,0,30,5,1,41,1,4,3
167,7,1397094334,0,3,0,0,0,1,30,4,23,19,0,4,4
167,8,1061034753,0,0,0,0,1,0,30,2,6,36,1,4,5
167,9,4167003605,0,1,0,0,2,1,30,5,23,19,0,4,6
167,10,3830944024,0,2,0,0,3,0,30,5,0,42,1,4,7
168,0,832161195,0,0,0,0,1,0,30,4,8,34,1,0,1
168,1,496101614,0,1,0,0,2,1,30,2,31,11,1,1,1
168,2,3602070466,0,2,0,0,3,0,30,5,34,8,0,2,1
168,3,3266010885,0,3,0,0,0,1,30,6,25,17,0,2,2
168,4,1271691591,0,0,0,0,1,0,30,4,1,41,1,2,3
168,5,935632010,0,1,0,0,2,1,30,5,30,12,1,3,3
168,6,599572429,0,2,0,0,3,0,30,4,17,25,0,4,3
168,7,3705541281,0,3,0,0,0,1,30,5,11,31,0,4,4
168,8,317338315,0,0,0,0,1,0,30,4,26,16,0,5,4
168,9,1375162406,0,1,0,0,2,1,30,4,40,2,1,6,4
168,10,1039102825,0,2,0,0,3,0,30,4,42,0,0,7,4
169,0,1412544306,0,0,0,0,1,0,30,1,7,35,1,0,1
169,1,3223968373,0,1,0,0,2,1,30,4,18,24,0,0,2
169,2,4182453577,0,2,0,0,3,0,30,2,0,42,1,0,3
169,3,3041073146,0,3,0,0,0,1,30,4,25,17,0,0,4
169,4,557529917,0,0,0,0,1,0,30,5,1,41,1,0,5
169,5,1516015121,0,1,0,0,2,1,30,6,25,17,0,0,6
169,6,3327439188,0,2,0,0,3,0,30,5,24,18,0,1,6
169,7,3480603542,0,3,0,0,0,1,30,4,8,34,0,1,7
170,0,1252686904,0,0,0,0,1,0,30,4,1,41,1,0,1
170,1,3064110971,0,1,0,0,2,1,30,5,20,22,0,0,2
170,2,4022596175,0,2,0,0,3,0,30,4,11,31,1,0,3
170,3,733732096,0,3,0,0,0,1,30,1,20,22,0,0,4
170,4,1692217300,0,0,0,0,1,0,30,5,30,12,0,1,4
170,5,3503641367,0,1,0,0,2,1,30,3,23,19,0,1,5
170,6,167159275,0,2,0,0,3,0,30,4,30,12,0,2,5
170,7,3320746140,0,3,0,0,0,1,30,3,18,24,0,2,6
170,8,837202911,0,0,0,0,1,0,30,4,25,17,0,3,6
170,9,3943171763,0,1,0,0,2,1,30,3,28,14,0,3,7
171,0,1932408902,0,0,0,0,1,0,30,5,25,17,0,1,0
171,1,1596349321,0,1,0,0,2,1,30,0,42,0,1,2,0
171,2,3896997323,0,2,0,0,3,0,30,5,29,13,0,3,0
171,3,3560937742,0,3,0,0,0,1,30,4,25,17,0,3,1
171,4,978055626,0,0,0,0,1,0,30,6,6,36,1,3,2
171,5,2035879717,0,1,0,0,2,1,30,5,40,2,1,4,2
171,6,2942644047,0,2,0,0,3,0,30,2,18,24,0,5,2
171,7,4000468138,0,3,0,0,0,1,30,6,12,30,0,5,3
171,8,3664408557,0,0,0,0,1,0,30,4,25,17,0,6,3
171,9,2475410113,0,1,0,0,2,1,30,4,42,0,1,7,3
172,0,1188712464,0,0,0,0,1,0,30,5,0,42,1,0,1
172,1,852652883,0,1,0,0,2,1,30,5,7,35,0,0,2
172,2,3958621735,0,2,0,0,3,0,30,4,13,29,0,1,2
172,3,3622562154,0,3,0,0,0,1,30,6,36,6,1,2,2
172,4,1628242860,0,0,0,0,1,0,30,5,24,18,0,3,2
172,5,1292183279,0,1,0,0,2,1,30,2,36,6,1,4,2
172,6,956123698,0,2,0,0,3,0,30,2,19,23,0,5,2
172,7,4062092550,0,3,0,0,0,1,30,5,1,41,0,5,3
172,8,2920712119,0,0,0,0,1,0,30,5,28,14,0,6,3
172,9,1731713675,0,1,0,0,2,1,30,5,24,18,0,6,4
172,10,1395654094,0,2,0,0,3,0,30,2,7,35,1,6,5
172,11,3207078161,0,3,0,0,0,1,30,4,14,28,0,6,6
172,12,3360242515,0,0,0,0,1,0,30,5,33,9,0,7,6
173,0,1769095575,0,0,0,0,1,0,30,4,33,9,0,1,0
173,1,3580519642,0,1,0,0,2,1,30,5,42,0,1,2,0
173,2,3733683996,0,2,0,0,3,0,30,4,13,29,0,3,0
173,3,3397624415,0,3,0,0,0,1,30,4,26,16,0,3,1
173,4,914081186,0,0,0,0,1,0,30,4,24,18,0,4,1
173,5,4020050038,0,1,0,0,2,1,30,4,14,28,0,4,2
173,6,3683990457,0,2,0,0,3,0,30,4,6,36,1,4,3
173,7,3837154811,0,3,0,0,0,1,30,4,6,36,0,4,4
173,8,1353611582,0,0,0,0,1,0,30,4,14,28,0,5,4
173,9,1017552001,0,1,0,0,2,1,30,5,25,17,0,5,5
173,10,4123520853,0,2,0,0,3,0,30,4,36,6,0,6,5
173,11,2982140422,0,3,0,0,0,1,30,4,24,18,0,6,6
173,12,1793141978,0,0,0,0,1,0,30,5,18,24,0,7,6
174,0,3856060708,0,0,0,0,1,0,30,2,17,25,0,1,0
174,1,1372517479,0,1,0,0,2,1,30,2,12,30,0,1,1
174,2,183519035,0,2,0,0,3,0,30,5,28,14,0,2,1
174,3,3337105900,0,3,0,0,0,1,30,4,40,2,1,3,1
174,4,623808,0,0,0,0,1,0,30,5,30,12,0,4,1
174,5,1812047875,0,1,0,0,2,1,30,6,7,35,0,4,2
174,6,1475988294,0,2,0,0,3,0,30,5,18,24,0,5,2
174,7,3776636296,0,3,0,0,0,1,30,5,12,30,0,5,3
174,8,3440576715,0,0,0,0,1,0,30,5,11,31,1,5,4
174,9,2251578271,0,1,0,0,2,1,30,5,20,22,0,5,5
174,10,1915518690,0,2,0,0,3,0,30,5,13,29,0,6,5
174,11,4216166692,0,3,0,0,0,1,30,4,16,26,0,6,6
174,12,3880107111,0,0,0,0,1,0,30,4,22,20,0,7,6
175,0,3112364270,0,0,0,0,1,0,30,0,16,26,0,1,0
175,1,628821041,0,1,0,0,2,1,30,6,22,20,0,1,1
175,2,1587306245,0,2,0,0,3,0,30,2,0,42,1,1,2
175,3,3398730312,0,3,0,0,0,1,30,4,24,18,0,1,3
175,4,3551894666,0,0,0,0,1,0,30,4,34,8,0,2,3
175,5,1068351437,0,1,0,0,2,1,30,5,1,41,0,2,4
175,6,4273659176,0,2,0,0,3,0,30,5,22,20,0,3,4
175,7,3838260708,0,3,0,0,0,1,30,4,25,17,0,3,5
175,8,3502201127,0,0,0,0,1,0,30,4,25,17,0,4,5
175,9,1507881833,0,1,0,0,2,1,30,6,36,6,1,5,5
175,10,1171822252,0,2,0,0,3,0,30,2,13,29,0,6,5
175,11,2229646343,0,3,0,0,0,1,30,2,30,12,1,7,5
176,0,3792086268,0,0,0,0,1,0,30,0,0,42,1,0,1
176,1,3456026687,0,1,0,0,2,1,30,4,2,40,0,0,2
176,2,2267028243,0,2,0,0,3,0,30,5,11,31,1,0,3
176,3,1125647812,0,3,0,0,0,1,30,4,36,6,1,1,3
176,4,2837732992,0,0,0,0,1,0,30,4,25,17,0,2,3
176,5,3895557083,0,1,0,0,2,1,30,4,41,1,1,3,3
176,6,3559497502,0,2,0,0,3,0,30,5,7,35,1,3,4
176,7,1565178208,0,3,0,0,0,1,30,5,25,17,0,3,5
176,8,1229118627,0,0,0,0,1,0,30,6,28,14,0,4,5
176,9,40120183,0,1,0,0,2,1,30,5,41,1,1,5,5
176,10,3999027898,0,2,0,0,3,0,30,4,29,13,0,6,5
176,11,1515484669,0,3,0,0,0,1,30,3,42,0,1,7,5
177,0,3853710680,0,0,0,0,1,0,30,5,0,42,1,0,1
177,1,2712330249,0,1,0,0,2,1,30,3,42,0,1,1,1
177,2,1523331805,0,2,0,0,3,0,30,3,0,42,1,1,2
177,3,1187272224,0,3,0,0,0,1,30,3,30,12,1,2,2
177,4,4293241076,0,0,0,0,1,0,30,5,17,25,0,3,2
177,5,3151860645,0,1,0,0,2,1,30,0,24,18,0,3,3
177,6,2815801064,0,2,0,0,3,0,30,4,15,27,0,4,3
177,7,1626802620,0,3,0,0,0,1,30,5,35,7,1,5,3
177,8,1290743039,0,0,0,0,1,0,30,5,29,13,0,6,3
177,9,3591391041,0,1,0,0,2,1,30,6,21,21,0,6,4
177,10,3255331460,0,2,0,0,3,0,30,6,17,25,0,7,4
178,0,2065128329,0,0,0,0,1,0,30,4,41,1,0,1,0
178,1,1729068748,0,1,0,0,2,1,30,3,26,16,0,1,1
178,2,2786892839,0,2,0,0,3,0,30,5,36,6,0,2,1
178,3,3693657169,0,3,0,0,0,1,30,5,12,30,0,2,2
178,4,2504658725,0,0,0,0,1,0,30,4,18,24,0,3,2
178,5,2168599144,0,1,0,0,2,1,30,4,23,19,0,3,3
178,6,1832539563,0,2,0,0,3,0,30,2,1,41,1,3,4
178,7,4133187565,0,3,0,0,0,1,30,4,25,17,0,3,5
178,8,3797127984,0,0,0,0,1,0,30,6,34,8,0,4,5
178,9,2608129540,0,1,0,0,2,1,30,4,36,6,1,5,5
178,10,2272069959,0,2,0,0,3,0,30,0,3,39,1,5,6
178,11,277750665,0,3,0,0,0,1,30,4,8,34,0,5,7
179,0,1420770778,0,0,0,0,1,0,30,4,23,19,0,1,0
179,1,3232194845,0,1,0,0,2,1,30,5,13,29,0,1,1
179,2,2043196401,0,2,0,0,3,0,30,5,18,24,0,2,1
179,3,1707136820,0,3,0,0,0,1,30,3,25,17,0,2,2
179,4,1860301174,0,0,0,0,1,0,30,4,0,42,1,2,3
179,5,3671725241,0,1,0,0,2,1,30,1,34,8,1,3,3
179,6,3335665660,0,2,0,0,3,0,30,5,40,2,0,4,3
179,7,2146667216,0,3,0,0,0,1,30,6,8,34,0,4,4
179,8,1005286785,0,0,0,0,1,0,30,4,13,29,0,5,4
179,9,4111255637,0,1,0,0,2,1,30,4,42,0,1,6,4
179,10,3775196056,0,2,0,0,3,0,30,6,14,28,0,7,4
180,0,1581734077,0,0,0,0,1,0,30,4,36,6,0,1,0
180,1,2488498407,0,1,0,0,2,1,30,5,1,41,0,1,1
180,2,3446983611,0,2,0,0,3,0,30,1,13,29,0,2,1
180,3,963440382,0,3,0,0,0,1,30,4,14,28,0,2,2
180,4,4168748121,0,0,0,0,1,0,30,4,41,1,0,3,2
180,5,1685204892,0,1,0,0,2,1,30,6,7,35,0,3,3
180,6,1838369246,0,2,0,0,3,0,30,4,42,0,0,4,3
180,7,1402970778,0,3,0,0,0,1,30,4,35,7,1,5,3
180,8,1066911197,0,0,0,0,1,0,30,5,27,15,0,6,3
180,9,2124735288,0,1,0,0,2,1,30,4,18,24,0,6,4
180,10,3031499618,0,2,0,0,3,0,30,4,19,23,0,7,4
181,0,1356796338,0,0,0,0,1,0,30,6,6,36,1,0,1
181,1,1020736757,0,1,0,0,2,1,30,5,29,13,0,0,2
181,2,4126705609,0,2,0,0,3,0,30,5,24,18,0,1,2
181,3,3790646028,0,3,0,0,0,1,30,5,26,16,0,1,3
181,4,402443062,0,0,0,0,1,0,30,4,26,16,0,2,3
181,5,1460267153,0,1,0,0,2,1,30,5,25,17,0,2,4
181,6,1124207572,0,2,0,0,3,0,30,4,18,24,0,3,4
181,7,4230176424,0,3,0,0,0,1,30,5,19,23,0,3,5
181,8,1746633195,0,0,0,0,1,0,30,5,28,14,0,4,5
181,9,1899797549,0,1,0,0,2,1,30,2,18,24,0,4,6
181,10,1563737968,0,2,0,0,3,0,30,6,41,1,0,5,6
181,11,3375162035,0,3,0,0,0,1,30,3,36,6,1,6,6
181,12,2186163591,0,0,0,0,1,0,30,4,30,12,0,7,6
182,0,2002259786,0,0,0,0,1,0,30,4,41,1,0,1,0
182,1,7940492,0,1,0,0,2,1,30,4,7,35,0,1,1
182,2,3966848207,0,2,0,0,3,0,30,4,40,2,0,2,1
182,3,3630788626,0,3,0,0,0,1,30,4,29,13,0,2,2
182,4,2441790182,0,0,0,0,1,0,30,4,12,30,1,2,3
182,5,1300409751,0,1,0,0,2,1,30,5,24,18,0,2,4
182,6,111411307,0,2,0,0,3,0,30,4,18,24,0,3,4
182,7,4070319022,0,3,0,0,0,1,30,5,40,2,1,4,4
182,8,1586775793,0,0,0,0,1,0,30,5,41,1,0,5,4
182,9,1739940147,0,1,0,0,2,1,30,2,35,7,1,6,4
182,10,3551364214,0,2,0,0,3,0,30,6,0,42,1,6,5
182,11,214882122,0,3,0,0,0,1,30,5,19,23,0,6,6
182,12,2026306189,0,0,0,0,1,0,30,4,39,3,0,7,6
183,0,3924805695,0,0,0,0,1,0,30,5,22,20,0,1,0
183,1,3588746114,0,1,0,0,2,1,30,5,42,0,1,2,0
183,2,351602909,0,2,0,0,3,0,30,6,36,6,0,3,0
183,3,15543328,0,3,0,0,0,1,30,4,34,8,1,4,0
183,4,2216852443,0,0,0,0,1,0,30,4,18,24,0,5,0
183,5,4028276510,0,1,0,0,2,1,30,6,26,16,0,5,1
183,6,3692216929,0,2,0,0,3,0,30,5,35,7,0,6,1
183,7,455073724,0,3,0,0,0,1,30,5,28,14,0,6,2
183,8,1361838054,0,0,0,0,1,0,30,4,8,34,1,6,3
183,9,172839610,0,1,0,0,2,1,30,4,11,31,0,6,4
183,10,4131747325,0,2,0,0,3,0,30,5,12,30,1,6,5
183,11,894604120,0,3,0,0,0,1,30,5,19,23,0,6,6
183,12,1801368450,0,0,0,0,1,0,30,4,28,14,0,7,6
184,0,1938285346,0,0,0,0,1,0,30,4,11,31,1,0,1
184,1,796904915,0,1,0,0,2,1,30,4,7,35,0,0,2
184,2,3902873767,0,2,0,0,3,0,30,4,0,42,1,0,3
184,3,3566814186,0,3,0,0,0,1,30,4,30,12,1,1,3
184,4,2377815742,0,0,0,0,1,0,30,5,12,30,1,1,4
184,5,1236435311,0,1,0,0,2,1,30,5,41,1,1,2,4
184,6,900375730,0,2,0,0,3,0,30,5,41,1,0,3,4
184,7,4006344582,0,3,0,0,0,1,30,4,35,7,1,4,4
184,8,3670285001,0,0,0,0,1,0,30,2,2,40,1,4,5
184,9,1675965707,0,1,0,0,2,1,30,6,11,31,0,4,6
184,10,1339906126,0,2,0,0,3,0,30,5,36,6,0,5,6
184,11,150907682,0,3,0,0,0,1,30,0,12,30,0,5,7
185,0,1713347607,0,0,0,0,1,0,30,0,1,41,1,0,1
185,1,1377288026,0,1,0,0,2,1,30,4,24,18,0,0,2
185,2,188289582,0,2,0,0,3,0,30,2,35,7,0,1,2
185,3,4147197297,0,3,0,0,0,1,30,5,18,24,0,1,3
185,4,858333218,0,0,0,0,1,0,30,1,0,42,1,1,4
185,5,1816818422,0,1,0,0,2,1,30,6,42,0,1,2,4
185,6,3628242489,0,2,0,0,3,0,30,4,13,29,0,3,4
185,7,291760397,0,3,0,0,0,1,30,5,19,23,0,3,5
185,8,3445347262,0,0,0,0,1,0,30,4,16,26,0,4,5
185,9,2256348818,0,1,0,0,2,1,30,0,30,12,1,5,5
185,10,4067772885,0,2,0,0,3,0,30,5,6,36,1,5,6
185,11,3731713304,0,3,0,0,0,1,30,5,42,0,1,6,6
185,12,2542714860,0,0,0,0,1,0,30,0,29,13,0,7,6
186,0,3800312740,0,0,0,0,1,0,30,4,34,8,0,1,0
186,1,3464253159,0,1,0,0,2,1,30,6,31,11,1,2,0
186,2,2275254715,0,2,0,0,3,0,30,4,33,9,0,3,0
186,3,4086678782,0,3,0,0,0,1,30,6,36,6,1,4,0
186,4,750196690,0,0,0,0,1,0,30,6,11,31,1,4,1
186,5,3903783555,0,1,0,0,2,1,30,4,24,18,0,4,2
186,6,2714785111,0,2,0,0,3,0,30,5,0,42,1,4,3
186,7,231241882,0,3,0,0,0,1,30,1,40,2,1,5,3
186,8,4190149597,0,0,0,0,1,0,30,3,30,12,0,6,3
186,9,48346655,0,1,0,0,2,1,30,2,25,17,0,6,4
186,10,1859770722,0,2,0,0,3,0,30,6,19,23,0,7,4
187,0,3861937152,0,0,0,0,1,0,30,5,0,42,1,0,1
187,1,624793947,0,1,0,0,2,1,30,6,33,9,1,1,1
187,2,1531558277,0,2,0,0,3,0,30,5,30,12,0,2,1
187,3,1195498696,0,3,0,0,0,1,30,1,19,23,0,2,2
187,4,6500252,0,0,0,0,1,0,30,2,1,41,1,2,3
187,5,1817924319,0,1,0,0,2,1,30,4,18,24,0,2,4
187,6,1971088673,0,2,0,0,3,0,30,5,23,19,0,3,4
187,7,1635029092,0,3,0,0,0,1,30,4,41,1,1,4,4
187,8,3446453159,0,0,0,0,1,0,30,1,11,31,1,4,5
187,9,109971067,0,1,0,0,2,1,30,5,17,25,0,4,6
187,10,1116074284,0,2,0,0,3,0,30,5,30,12,0,5,6
187,11,2074559488,0,3,0,0,0,1,30,5,29,13,0,5,7
188,0,246691854,0,0,0,0,1,0,30,3,0,42,1,0,1
188,1,1153456184,0,1,0,0,2,1,30,2,13,29,0,0,2
188,2,2211280275,0,2,0,0,3,0,30,4,29,13,0,1,2
188,3,1875220694,0,3,0,0,0,1,30,5,35,7,1,2,2
188,4,686222250,0,0,0,0,1,0,30,0,12,30,1,2,3
188,5,1592986580,0,1,0,0,2,1,30,6,35,7,1,3,3
188,6,1256926999,0,2,0,0,3,0,30,4,28,14,0,4,3
188,7,2314751090,0,3,0,0,0,1,30,3,25,17,0,4,4
188,8,1978691509,0,0,0,0,1,0,30,6,8,34,1,4,5
188,9,2032516976,0,1,0,0,2,1,30,5,24,18,0,4,6
188,10,1696457395,0,2,0,0,3,0,30,4,26,16,0,5,6
188,11,2754281486,0,3,0,0,0,1,30,4,34,8,1,6,6
188,12,2418221905,0,0,0,0,1,0,30,4,1,41,1,6,7
189,0,3797962712,0,0,0,0,1,0,30,0,0,42,1,0,1
189,1,3461903131,0,1,0,0,2,1,30,2,19,23,0,0,2
189,2,3615067485,0,2,0,0,3,0,30,3,34,8,0,1,2
189,3,1131524256,0,3,0,0,0,1,30,3,30,12,1,2,2
189,4,4237493108,0,0,0,0,1,0,30,4,7,35,1,2,3
189,5,3901433527,0,1,0,0,2,1,30,2,0,42,0,2,4
189,6,3565373946,0,2,0,0,3,0,30,4,23,19,0,3,4
189,7,1571054652,0,3,0,0,0,1,30,2,35,7,1,4,4
189,8,1234995071,0,0,0,0,1,0,30,5,0,42,1,4,5
189,9,45996627,0,1,0,0,2,1,30,1,18,24,0,4,6
189,10,4004904342,0,2,0,0,3,0,30,5,27,15,0,5,6
189,11,2010585048,0,3,0,0,0,1,30,4,2,40,0,5,7
190,0,83378527,0,0,0,0,1,0,30,4,13,29,0,1,0
190,1,3236965392,0,1,0,0,2,1,30,2,41,1,1,2,0
190,2,2047966948,0,2,0,0,3,0,30,3,2,40,1,2,1
190,3,1711907367,0,3,0,0,0,1,30,4,42,0,1,3,1
190,4,3523331434,0,0,0,0,1,0,30,4,18,24,0,4,1
190,5,3676495788,0,1,0,0,2,1,30,4,17,25,0,4,2
190,6,1192952559,0,2,0,0,3,0,30,4,7,35,1,4,3
190,7,2151437763,0,3,0,0,0,1,30,1,25,17,0,4,4
190,8,3962861830,0,0,0,0,1,0,30,3,35,7,0,5,4
190,9,2873202273,0,1,0,0,2,1,30,5,1,41,0,5,5
190,10,1632482955,0,2,0,0,3,0,30,3,17,25,0,6,5
190,11,1296423374,0,3,0,0,0,1,30,6,36,6,1,7,5
191,0,2170343660,0,0,0,0,1,0,30,5,29,13,0,1,0
191,1,3981767727,0,1,0,0,2,1,30,4,17,25,0,1,1
191,2,4134932081,0,2,0,0,3,0,30,4,35,7,0,2,1
191,3,1651388852,0,3,0,0,0,1,30,5,24,18,0,2,2
191,4,2609874056,0,0,0,0,1,0,30,0,17,25,0,3,2
191,5,126330827,0,1,0,0,2,1,30,4,14,28,0,3,3
191,6,279495181,0,2,0,0,3,0,30,6,12,30,1,3,4
191,7,4238402896,0,3,0,0,0,1,30,2,31,11,1,4,4
191,8,1754859667,0,0,0,0,1,0,30,2,28,14,0,5,4
191,9,565861223,0,1,0,0,2,1,30,4,2,40,0,5,5
191,10,3719448088,0,2,0,0,3,0,30,0,25,17,0,6,5
191,11,382965996,0,3,0,0,0,1,30,3,26,16,0,6,6
191,12,2194390063,0,0,0,0,1,0,30,4,33,9,0,7,6
192,0,603243123,0,0,0,0,1,0,30,0,25,17,0,1,0
192,1,3756829988,0,1,0,0,2,1,30,4,42,0,1,2,0
192,2,2567831544,0,2,0,0,3,0,30,3,19,23,0,3,0
192,3,2231771963,0,3,0,0,0,1,30,4,42,0,1,4,0
192,4,1042773519,0,0,0,0,1,0,30,4,42,0,0,5,0
192,5,4196360384,0,1,0,0,2,1,30,5,7,35,0,5,1
192,6,3860300803,0,2,0,0,3,0,30,2,6,36,1,5,2
192,7,2671302359,0,3,0,0,0,1,30,3,25,17,0,5,3
192,8,2335242778,0,0,0,0,1,0,30,6,13,29,0,6,3
192,9,340923484,0,1,0,0,2,1,30,5,42,0,1,7,3
193,0,2106369220,0,0,0,0,1,0,30,1,19,23,0,1,0
193,1,1770309639,0,1,0,0,2,1,30,0,41,1,1,2,0
193,2,4070957641,0,2,0,0,3,0,30,4,41,1,0,3,0
193,3,3734898060,0,3,0,0,0,1,30,4,35,7,1,4,0
193,4,2545899616,0,0,0,0,1,0,30,5,19,23,0,5,0
193,5,2209840035,0,1,0,0,2,1,30,3,40,2,1,6,0
193,6,3116604365,0,2,0,0,3,0,30,5,6,36,1,6,1
193,7,4174428456,0,3,0,0,0,1,30,5,29,13,0,6,2
193,8,3838368875,0,0,0,0,1,0,30,4,6,36,1,6,3
193,9,2649370431,0,1,0,0,2,1,30,4,36,6,1,7,3
194,0,1362672782,0,0,0,0,1,0,30,5,25,17,0,1,0
194,1,1026613201,0,1,0,0,2,1,30,2,0,42,0,1,1
194,2,4132582053,0,2,0,0,3,0,30,4,40,2,0,2,1
194,3,3796522472,0,3,0,0,0,1,30,5,9,33,0,2,2
194,4,1802203178,0,0,0,0,1,0,30,5,17,25,0,3,2
194,5,1466143597,0,1,0,0,2,1,30,6,15,27,0,3,3
194,6,1130084016,0,2,0,0,3,0,30,0,11,31,1,3,4
194,7,4236052868,0,3,0,0,0,1,30,5,13,29,0,3,5
194,8,3094672437,0,0,0,0,1,0,30,3,23,19,0,4,5
194,9,1905673993,0,1,0,0,2,1,30,1,36,6,1,5,5
194,10,1569614412,0,2,0,0,3,0,30,0,0,42,1,5,6
194,11,380615968,0,3,0,0,0,1,30,1,12,30,0,5,7
195,0,2526894929,0,0,0,0,1,0,30,4,18,24,0,1,0
195,1,3532998146,0,1,0,0,2,1,30,0,30,12,1,2,0
195,2,196516054,0,2,0,0,3,0,30,2,8,34,1,2,1
195,3,2007940121,0,3,0,0,0,1,30,0,24,18,0,2,2
195,4,2966425325,0,0,0,0,1,0,30,2,13,29,0,3,2
195,5,482882096,0,1,0,0,2,1,30,0,16,26,0,3,3
195,6,636046450,0,2,0,0,3,0,30,4,25,17,0,4,3
195,7,2447470517,0,3,0,0,0,1,30,0,36,6,1,5,3
195,8,2111410936,0,0,0,0,1,0,30,5,6,36,1,5,4
195,9,922412492,0,1,0,0,2,1,30,5,30,12,1,6,4
195,10,4075999357,0,2,0,0,3,0,30,4,11,31,1,6,5
195,11,2887000913,0,3,0,0,0,1,30,1,19,23,0,6,6
195,12,2550941332,0,0,0,0,1,0,30,6,0,42,1,6,7
196,0,4030021026,0,0,0,0,1,0,30,5,42,0,0,1,0
196,1,1546477797,0,1,0,0,2,1,30,5,42,0,1,2,0
196,2,2504963001,0,2,0,0,3,0,30,3,18,24,0,3,0
196,3,3511066218,0,3,0,0,0,1,30,4,12,30,0,3,1
196,4,174584126,0,0,0,0,1,0,30,5,30,12,0,4,1
196,5,1986008193,0,1,0,0,2,1,30,5,34,8,1,5,1
196,6,2944493397,0,2,0,0,3,0,30,4,35,7,0,6,1
196,7,1803112966,0,3,0,0,0,1,30,5,22,20,0,6,2
196,8,3614537033,0,0,0,0,1,0,30,5,40,2,0,7,2
197,0,2462920489,0,0,0,0,1,0,30,5,41,1,0,1,0
197,1,2126860908,0,1,0,0,2,1,30,4,19,23,0,1,1
197,2,132541614,0,2,0,0,3,0,30,5,13,29,0,2,1
197,3,4091449329,0,3,0,0,0,1,30,6,36,6,1,3,1
197,4,2902450885,0,0,0,0,1,0,30,4,12,30,1,3,2
197,5,2566391304,0,1,0,0,2,1,30,5,21,21,0,3,3
197,6,1425010873,0,2,0,0,3,0,30,5,12,30,1,3,4
197,7,236012429,0,3,0,0,0,1,30,3,26,16,0,3,5
197,8,4194920144,0,0,0,0,1,0,30,4,41,1,0,4,5
197,9,3005921700,0,1,0,0,2,1,30,1,31,11,1,5,5
197,10,1864541269,0,2,0,0,3,0,30,5,2,40,1,5,6
197,11,3675965336,0,3,0,0,0,1,30,4,20,22,0,5,7
198,0,3966046586,0,0,0,0,1,0,30,6,0,42,1,0,1
198,1,3629987005,0,1,0,0,2,1,30,4,30,12,1,1,1
198,2,2440988561,0,2,0,0,3,0,30,3,27,15,0,2,1
198,3,1299608130,0,3,0,0,0,1,30,5,42,0,1,3,1
198,4,110609686,0,0,0,0,1,0,30,4,13,29,0,4,1
198,5,4069517401,0,1,0,0,2,1,30,5,30,12,1,5,1
198,6,3733457820,0,2,0,0,3,0,30,5,26,16,0,6,1
198,7,1739138526,0,3,0,0,0,1,30,3,14,28,0,6,2
198,8,1403078945,0,0,0,0,1,0,30,5,33,9,0,7,2
199,0,3806189184,0,0,0,0,1,0,30,4,34,8,0,1,0
199,1,2617190740,0,1,0,0,2,1,30,4,1,41,0,1,1
199,2,2281131159,0,2,0,0,3,0,30,4,40,2,0,2,1
199,3,1945071578,0,3,0,0,0,1,30,0,25,17,0,2,2
199,4,4245719580,0,0,0,0,1,0,30,4,16,26,0,3,2
199,5,3909659999,0,1,0,0,2,1,30,1,25,17,0,3,3
199,6,2720661555,0,2,0,0,3,0,30,4,14,28,0,4,3
199,7,2384601974,0,3,0,0,0,1,30,4,24,18,0,4,4
199,8,390282680,0,0,0,0,1,0,30,5,11,31,1,4,5
199,9,54223099,0,1,0,0,2,1,30,4,17,25,0,4,6
199,10,4013130814,0,2,0,0,3,0,30,1,27,15,0,5,6
199,11,2824132370,0,3,0,0,0,1,30,4,29,13,0,5,7
200,0,91604999,0,0,0,0,1,0,30,4,7,35,1,0,1
200,1,1903029066,0,1,0,0,2,1,30,5,29,13,0,0,2
200,2,2960853157,0,2,0,0,3,0,30,4,12,30,1,0,3
200,3,3867617487,0,3,0,0,0,1,30,5,17,25,0,0,4
200,4,531135395,0,0,0,0,1,0,30,4,7,35,1,0,5
200,5,2342559462,0,1,0,0,2,1,30,3,31,11,1,1,5
200,6,1252899905,0,2,0,0,3,0,30,4,7,35,1,1,6
200,7,12180587,0,3,0,0,0,1,30,5,30,12,1,2,6
200,8,3971088302,0,0,0,0,1,0,30,5,0,42,1,2,7
201,0,1594731096,0,0,0,0,1,0,30,1,0,42,1,0,1
201,1,3406155163,0,1,0,0,2,1,30,5,40,2,1,1,1
201,2,69673071,0,2,0,0,3,0,30,6,17,25,0,2,1
201,3,1881097138,0,3,0,0,0,1,30,6,36,6,1,3,1
201,4,2034261492,0,0,0,0,1,0,30,6,29,13,0,4,1
201,5,3845685559,0,1,0,0,2,1,30,6,28,14,0,4,2
201,6,509203467,0,2,0,0,3,0,30,1,34,8,0,5,2
201,7,2320627534,0,3,0,0,0,1,30,4,12,30,0,5,3
201,8,1179247103,0,0,0,0,1,0,30,1,7,35,1,5,4
201,9,4285215955,0,1,0,0,2,1,30,3,42,0,1,6,4
201,10,3949156374,0,2,0,0,3,0,30,0,1,41,1,6,5
201,11,2760157930,0,3,0,0,0,1,30,3,41,1,1,7,5
202,0,27630559,0,0,0,0,1,0,30,1,1,41,1,0,1
202,1,3986538274,0,1,0,0,2,1,30,3,22,20,0,0,2
202,2,2797539830,0,2,0,0,3,0,30,1,18,24,0,1,2
202,3,1656159399,0,3,0,0,0,1,30,4,29,13,0,1,3
202,4,467160955,0,0,0,0,1,0,30,5,41,1,0,2,3
202,5,131101374,0,1,0,0,2,1,30,2,18,24,0,2,4
202,6,4090009089,0,2,0,0,3,0,30,6,17,25,0,3,4
202,7,2095689795,0,3,0,0,0,1,30,1,22,20,0,3,5
202,8,1759630214,0,0,0,0,1,0,30,1,16,26,0,4,5
202,9,570631770,0,1,0,0,2,1,30,4,35,7,1,5,5
202,10,234572189,0,2,0,0,3,0,30,3,23,19,0,6,5
202,11,1240675406,0,3,0,0,0,1,30,5,13,29,0,6,6
202,12,2199160610,0,0,0,0,1,0,30,3,1,41,1,6,7
203,0,2114595692,0,0,0,0,1,0,30,4,2,40,1,0,1
203,1,925597248,0,1,0,0,2,1,30,4,26,16,0,0,2
203,2,589537667,0,2,0,0,3,0,30,6,40,2,0,1,2
203,3,1496301997,0,3,0,0,0,1,30,6,17,25,0,1,3
203,4,2554126088,0,0,0,0,1,0,30,6,12,30,1,1,4
203,5,2218066507,0,1,0,0,2,1,30,5,24,18,0,1,5
203,6,1029068063,0,2,0,0,3,0,30,5,13,29,0,2,5
203,7,693008482,0,3,0,0,0,1,30,1,40,2,1,3,5
203,8,2993656484,0,0,0,0,1,0,30,2,19,23,0,4,5
203,9,2657596903,0,1,0,0,2,1,30,4,40,2,1,5,5
203,10,174053674,0,2,0,0,3,0,30,6,0,42,1,5,6
203,11,1132538878,0,3,0,0,0,1,30,4,36,6,1,6,6
203,12,4286125743,0,0,0,0,1,0,30,6,11,31,1,6,7
204,0,547495155,0,0,0,0,1,0,30,5,28,14,0,1,0
204,1,211435574,0,1,0,0,2,1,30,4,24,18,0,1,1
204,2,364599928,0,2,0,0,3,0,30,0,12,30,1,1,2
204,3,2176023995,0,3,0,0,0,1,30,6,42,0,1,2,2
204,4,3134509199,0,0,0,0,1,0,30,1,0,42,1,2,3
204,5,650965970,0,1,0,0,2,1,30,4,22,20,0,2,4
204,6,314906389,0,2,0,0,3,0,30,4,11,31,1,2,5
204,7,2615554391,0,3,0,0,0,1,30,6,29,13,0,2,6
204,8,2279494810,0,0,0,0,1,0,30,4,2,40,1,2,7
205,0,1951282365,0,0,0,0,1,0,30,4,28,14,0,1,0
205,1,3762706432,0,1,0,0,2,1,30,5,28,14,0,1,1
205,2,525563227,0,2,0,0,3,0,30,5,9,33,1,1,2
205,3,189503646,0,3,0,0,0,1,30,4,40,2,1,2,2
205,4,2390812761,0,0,0,0,1,0,30,2,1,41,1,2,3
205,5,4202236828,0,1,0,0,2,1,30,4,18,24,0,2,4
205,6,3112577271,0,2,0,0,3,0,30,3,2,40,1,2,5
205,7,629034042,0,3,0,0,0,1,30,1,28,14,0,2,6
205,8,1535798372,0,0,0,0,1,0,30,2,41,1,0,3,6
205,9,346799928,0,1,0,0,2,1,30,5,42,0,1,4,6
205,10,10740347,0,2,0,0,3,0,30,5,16,26,0,5,6
205,11,1068564438,0,3,0,0,0,1,30,6,20,22,0,5,7
206,0,2112245664,0,0,0,0,1,0,30,4,7,35,1,0,1
206,1,970865233,0,1,0,0,2,1,30,4,19,23,0,0,2
206,2,1929350437,0,2,0,0,3,0,30,5,12,30,1,0,3
206,3,3740774504,0,3,0,0,0,1,30,4,28,14,0,0,4
206,4,404292412,0,0,0,0,1,0,30,5,0,42,1,0,5
206,5,1410395629,0,1,0,0,2,1,30,5,8,34,0,0,6
206,6,2368880833,0,2,0,0,3,0,30,3,1,41,1,0,7
207,0,2471146961,0,0,0,0,1,0,30,1,18,24,0,1,0
207,1,2135087380,0,1,0,0,2,1,30,1,20,22,0,1,1
207,2,946088936,0,2,0,0,3,0,30,5,36,6,0,2,1
207,3,4099675801,0,3,0,0,0,1,30,5,19,23,0,2,2
207,4,2910677357,0,0,0,0,1,0,30,3,24,18,0,3,2
207,5,2574617776,0,1,0,0,2,1,30,5,25,17,0,3,3
207,6,1385619332,0,2,0,0,3,0,30,5,7,35,1,3,4
207,7,244238901,0,3,0,0,0,1,30,0,34,8,1,4,4
207,8,2055662968,0,0,0,0,1,0,30,4,17,25,0,5,4
207,9,3014148172,0,1,0,0,2,1,30,0,42,0,1,6,4
207,10,530604943,0,2,0,0,3,0,30,6,18,24,0,7,4
208,0,484626612,0,0,0,0,1,0,30,5,23,19,0,1,0
208,1,2785274614,0,1,0,0,2,1,30,4,17,25,0,1,1
208,2,2449215033,0,2,0,0,3,0,30,5,18,24,0,2,1
208,3,2113155452,0,3,0,0,0,1,30,5,24,18,0,2,2
208,4,924157008,0,0,0,0,1,0,30,1,17,25,0,3,2
208,5,4077743873,0,1,0,0,2,1,30,5,0,42,0,3,3
208,6,2888745429,0,2,0,0,3,0,30,6,11,31,1,3,4
208,7,2552685848,0,3,0,0,0,1,30,3,41,1,1,4,4
208,8,69142619,0,0,0,0,1,0,30,5,34,8,0,5,4
208,9,222306973,0,1,0,0,2,1,30,1,30,12,1,6,4
208,10,2033731040,0,2,0,0,3,0,30,3,2,40,1,6,5
208,11,2992216244,0,3,0,0,0,1,30,5,19,23,0,6,6
208,12,508673015,0,0,0,0,1,0,30,4,41,1,0,7,6
209,0,2407172521,0,0,0,0,1,0,30,6,2,40,1,0,1
209,1,2071112940,0,1,0,0,2,1,30,5,24,18,0,0,2
209,2,882114496,0,2,0,0,3,0,30,5,23,19,0,1,2
209,3,546054915,0,3,0,0,0,1,30,4,0,42,0,1,3
209,4,699219269,0,0,0,0,1,0,30,4,24,18,0,2,3
209,5,2510643336,0,1,0,0,2,1,30,3,29,13,0,2,4
209,6,2174583755,0,2,0,0,3,0,30,3,29,13,0,3,4
209,7,985585311,0,3,0,0,0,1,30,0,36,6,1,4,4
209,8,4139172176,0,0,0,0,1,0,30,5,0,42,1,4,5
209,9,2950173732,0,1,0,0,2,1,30,3,20,22,0,4,6
209,10,2614114151,0,2,0,0,3,0,30,4,17,25,0,5,6
209,11,1425115707,0,3,0,0,0,1,30,2,41,1,1,6,6
209,12,283735276,0,0,0,0,1,0,30,5,30,12,0,7,6
210,0,420652172,0,0,0,0,1,0,30,6,19,23,0,1,0
210,1,1327416502,0,1,0,0,2,1,30,5,42,0,1,2,0
210,2,237756945,0,2,0,0,3,0,30,4,12,30,1,2,1
210,3,2049181012,0,3,0,0,0,1,30,5,13,29,0,2,2
210,4,860182568,0,0,0,0,1,0,30,3,0,42,1,2,3
210,5,1766946898,0,1,0,0,2,1,30,5,21,21,0,2,4
210,6,677287341,0,2,0,0,3,0,30,1,30,12,0,3,4
210,7,2488711408,0,3,0,0,0,1,30,5,18,24,0,3,5
210,8,2152651827,0,0,0,0,1,0,30,5,0,42,1,3,6
210,9,158332533,0,1,0,0,2,1,30,3,23,19,0,3,7
211,0,779553469,0,0,0,0,1,0,30,4,23,19,0,1,0
211,1,2590977536,0,1,0,0,2,1,30,5,41,1,1,2,0
211,2,3549462740,0,2,0,0,3,0,30,6,35,7,0,3,0
211,3,2408082309,0,3,0,0,0,1,30,6,25,17,0,3,1
211,4,1219083865,0,0,0,0,1,0,30,1,0,42,1,3,2
211,5,3030507932,0,1,0,0,2,1,30,5,13,29,0,3,3
211,6,3988993136,0,2,0,0,3,0,30,6,34,8,0,4,3
211,7,2847612705,0,3,0,0,0,1,30,5,35,7,1,5,3
211,8,364069476,0,0,0,0,1,0,30,4,18,24,0,6,3
211,9,1322554680,0,1,0,0,2,1,30,5,18,24,0,6,4
211,10,3133978747,0,2,0,0,3,0,30,5,0,42,1,6,5
211,11,3287143101,0,3,0,0,0,1,30,0,42,0,1,7,5
212,0,35857031,0,0,0,0,1,0,30,4,17,25,0,1,0
212,1,3994764746,0,1,0,0,2,1,30,4,14,28,0,1,1
212,2,2805766302,0,2,0,0,3,0,30,5,17,25,0,2,1
212,3,322223073,0,3,0,0,0,1,30,5,6,36,0,2,2
212,4,475387427,0,0,0,0,1,0,30,2,13,29,0,3,2
212,5,139327846,0,1,0,0,2,1,30,5,24,18,0,3,3
212,6,3245296698,0,2,0,0,3,0,30,5,22,20,0,4,3
212,7,761753469,0,3,0,0,0,1,30,5,18,24,0,4,4
212,8,425693888,0,0,0,0,1,0,30,5,31,11,0,5,4
212,9,578858242,0,1,0,0,2,1,30,4,18,24,0,5,5
212,10,2390282309,0,2,0,0,3,0,30,0,7,35,1,5,6
212,11,3348767513,0,3,0,0,0,1,30,5,30,12,1,6,6
212,12,865224284,0,0,0,0,1,0,30,0,28,14,0,7,6
213,0,2344303978,0,0,0,0,1,0,30,1,25,17,0,1,0
213,1,1155305534,0,1,0,0,2,1,30,3,31,11,1,2,0
213,2,13925103,0,2,0,0,3,0,30,5,40,2,0,3,0
213,3,3972832818,0,3,0,0,0,1,30,6,42,0,1,4,0
213,4,2783834374,0,0,0,0,1,0,30,5,33,9,0,5,0
213,5,300291145,0,1,0,0,2,1,30,5,42,0,1,6,0
213,6,453455499,0,2,0,0,3,0,30,4,13,29,0,7,0
214,0,777203441,0,0,0,0,1,0,30,4,26,16,0,1,0
214,1,3930790306,0,1,0,0,2,1,30,4,14,28,0,1,1
214,2,2741791862,0,2,0,0,3,0,30,4,11,31,1,1,2
214,3,2405732281,0,3,0,0,0,1,30,4,24,18,0,1,3
214,4,1216733837,0,0,0,0,1,0,30,4,40,2,0,2,3
214,5,75353406,0,1,0,0,2,1,30,4,0,42,0,2,4
214,6,4034261121,0,2,0,0,3,0,30,5,23,19,0,3,4
214,7,2845262677,0,3,0,0,0,1,30,4,29,13,0,3,5
214,8,2509203096,0,0,0,0,1,0,30,4,0,42,1,3,6
214,9,514883802,0,1,0,0,2,1,30,5,36,6,1,4,6
214,10,178824221,0,2,0,0,3,0,30,4,23,19,0,5,6
214,11,3284793073,0,3,0,0,0,1,30,3,42,0,1,6,6
214,12,2948733492,0,0,0,0,1,0,30,4,13,29,0,7,6
215,0,2280329538,0,0,0,0,1,0,30,4,7,35,1,0,1
215,1,1944269957,0,1,0,0,2,1,30,1,14,28,0,0,2
215,2,2097434311,0,2,0,0,3,0,30,3,41,1,0,1,2
215,3,3908858378,0,3,0,0,0,1,30,5,42,0,1,2,2
215,4,2719859934,0,0,0,0,1,0,30,5,7,35,1,2,3
215,5,2383800353,0,1,0,0,2,1,30,4,31,11,1,3,3
215,6,3290564683,0,2,0,0,3,0,30,1,8,34,1,3,4
215,7,53421478,0,3,0,0,0,1,30,4,24,18,0,3,5
215,8,4012329193,0,0,0,0,1,0,30,5,39,3,0,4,5
215,9,2823330749,0,1,0,0,2,1,30,4,30,12,1,5,5
215,10,3730095079,0,2,0,0,3,0,30,4,22,20,0,6,5
215,11,492951874,0,3,0,0,0,1,30,5,35,7,1,7,5
216,0,2639230835,0,0,0,0,1,0,30,4,17,25,0,1,0
216,1,155687606,0,1,0,0,2,1,30,5,7,35,0,1,1
216,2,1114172810,0,2,0,0,3,0,30,4,24,18,0,2,1
216,3,2925596877,0,3,0,0,0,1,30,2,11,31,0,2,2
216,4,3078761231,0,0,0,0,1,0,30,6,24,18,0,3,2
216,5,595218002,0,1,0,0,2,1,30,4,25,17,0,3,3
216,6,1553703206,0,2,0,0,3,0,30,4,18,24,0,4,3
216,7,3365127273,0,3,0,0,0,1,30,4,23,19,0,4,4
216,8,2223746842,0,0,0,0,1,0,30,4,30,12,0,5,4
216,9,3182232046,0,1,0,0,2,1,30,5,7,35,0,5,5
216,10,698688817,0,2,0,0,3,0,30,4,6,36,1,5,6
216,11,3804657669,0,3,0,0,0,1,30,6,29,13,0,5,7
217,0,2700855247,0,0,0,0,1,0,30,3,7,35,1,0,1
217,1,1559474816,0,1,0,0,2,1,30,5,11,31,0,0,2
217,2,370476372,0,2,0,0,3,0,30,1,17,25,0,1,2
217,3,2181900439,0,3,0,0,0,1,30,4,8,34,0,1,3
217,4,3140385643,0,0,0,0,1,0,30,5,25,17,0,2,3
217,5,656842414,0,1,0,0,2,1,30,4,41,1,1,3,3
217,6,810006768,0,2,0,0,3,0,30,4,24,18,0,4,3
217,7,473947187,0,3,0,0,0,1,30,3,35,7,1,5,3
217,8,2285371254,0,0,0,0,1,0,30,1,24,18,0,6,3
217,9,1096372810,0,1,0,0,2,1,30,4,30,12,1,7,3
218,0,2575256395,0,0,0,0,1,0,30,6,42,0,0,1,0
218,1,2239196814,0,1,0,0,2,1,30,6,31,11,1,2,0
218,2,1050198370,0,2,0,0,3,0,30,4,13,29,0,3,0
218,3,714138789,0,3,0,0,0,1,30,3,29,13,0,3,1
218,4,3820107641,0,0,0,0,1,0,30,4,13,29,0,4,1
218,5,2678727210,0,1,0,0,2,1,30,5,35,7,1,5,1
218,6,2342667629,0,2,0,0,3,0,30,4,20,22,0,6,1
218,7,1153669185,0,3,0,0,0,1,30,3,13,29,0,6,2
218,8,817609604,0,0,0,0,1,0,30,4,28,14,0,7,2
219,0,2636880807,0,0,0,0,1,0,30,1,6,36,1,0,1
219,1,2300821226,0,1,0,0,2,1,30,4,16,26,0,0,2
219,2,306501932,0,2,0,0,3,0,30,6,24,18,0,1,2
219,3,4265409647,0,3,0,0,0,1,30,4,14,28,0,1,3
219,4,3076411203,0,0,0,0,1,0,30,5,16,26,0,2,3
219,5,2740351622,0,1,0,0,2,1,30,5,41,1,1,3,3
219,6,1598971191,0,2,0,0,3,0,30,4,0,42,1,3,4
219,7,409972747,0,3,0,0,0,1,30,4,23,19,0,3,5
219,8,73913166,0,0,0,0,1,0,30,2,20,22,0,4,5
219,9,3179882018,0,1,0,0,2,1,30,4,36,6,1,5,5
219,10,2038501587,0,2,0,0,3,0,30,4,30,12,0,6,5
219,11,849503143,0,3,0,0,0,1,30,5,2,40,0,6,6
219,12,513443562,0,0,0,0,1,0,30,4,7,35,1,6,7
220,0,428878644,0,0,0,0,1,0,30,4,29,13,0,1,0
220,1,3534847496,0,1,0,0,2,1,30,5,12,30,0,1,1
220,2,2393467065,0,2,0,0,3,0,30,5,41,1,0,2,1
220,3,4105552245,0,3,0,0,0,1,30,4,30,12,1,3,1
220,4,868409040,0,0,0,0,1,0,30,4,22,20,0,4,1
220,5,532349459,0,1,0,0,2,1,30,4,36,6,1,5,1
220,6,2832997461,0,2,0,0,3,0,30,4,18,24,0,6,1
220,7,2496937880,0,3,0,0,0,1,30,5,31,11,1,7,1
221,0,1009261755,0,0,0,0,1,0,30,6,17,25,0,1,0
221,1,2015364972,0,1,0,0,2,1,30,5,29,13,0,1,1
221,2,2973850176,0,2,0,0,3,0,30,4,3,39,1,1,2
221,3,490306947,0,3,0,0,0,1,30,6,24,18,0,1,3
221,4,1448792151,0,0,0,0,1,0,30,5,0,42,1,1,4
221,5,2454895368,0,1,0,0,2,1,30,4,0,42,0,1,5
221,6,3413380572,0,2,0,0,3,0,30,3,23,19,0,2,5
221,7,929837343,0,3,0,0,0,1,30,4,41,1,1,3,5
221,8,593777762,0,0,0,0,1,0,30,5,7,35,1,3,6
221,9,3699746614,0,1,0,0,2,1,30,4,28,14,0,3,7
222,0,265565317,0,0,0,0,1,0,30,2,0,42,1,0,1
222,1,2076989384,0,1,0,0,2,1,30,4,25,17,0,0,2
222,2,987329827,0,2,0,0,3,0,30,4,36,6,0,1,2
222,3,4041577805,0,3,0,0,0,1,30,1,30,12,1,2,2
222,4,2951918248,0,0,0,0,1,0,30,4,19,23,0,3,2
222,5,2516519780,0,1,0,0,2,1,30,5,24,18,0,3,3
222,6,1426860223,0,2,0,0,3,0,30,6,13,29,0,4,3
222,7,2333624553,0,3,0,0,0,1,30,6,30,12,1,5,3
222,8,4145048620,0,0,0,0,1,0,30,6,18,24,0,6,3
222,9,907905415,0,1,0,0,2,1,30,5,3,39,0,6,4
222,10,2619990595,0,2,0,0,3,0,30,2,2,40,1,6,5
222,11,2773154949,0,3,0,0,0,1,30,4,19,23,0,6,6
222,12,289611720,0,0,0,0,1,0,30,4,6,36,1,6,7
223,0,945287315,0,0,0,0,1,0,30,4,25,17,0,1,0
223,1,609227734,0,1,0,0,2,1,30,4,42,0,1,2,0
223,2,2909875736,0,2,0,0,3,0,30,6,0,42,1,2,1
223,3,2573816155,0,3,0,0,0,1,30,4,6,36,0,2,2
223,4,1384817711,0,0,0,0,1,0,30,4,34,8,0,3,2
223,5,1048758130,0,1,0,0,2,1,30,5,33,9,1,4,2
223,6,4202344995,0,2,0,0,3,0,30,4,18,24,0,5,2
223,7,3013346551,0,3,0,0,0,1,30,5,36,6,1,6,2
223,8,2677286970,0,0,0,0,1,0,30,4,24,18,0,7,2
224,0,785429913,0,0,0,0,1,0,30,3,22,20,0,1,0
224,1,3891398765,0,1,0,0,2,1,30,4,42,0,1,2,0
224,2,2750018334,0,2,0,0,3,0,30,5,23,19,0,3,0
224,3,2413958753,0,3,0,0,0,1,30,2,41,1,1,4,0
224,4,1224960309,0,0,0,0,1,0,30,2,14,28,0,5,0
224,5,888900728,0,1,0,0,2,1,30,6,7,35,0,5,1
224,6,3189548730,0,2,0,0,3,0,30,4,19,23,0,6,1
224,7,2853489149,0,3,0,0,0,1,30,1,30,12,1,7,1
225,0,2288556010,0,0,0,0,1,0,30,4,2,40,1,0,1
225,1,1099557566,0,1,0,0,2,1,30,4,2,40,0,0,2
225,2,763497985,0,2,0,0,3,0,30,5,34,8,0,1,2
225,3,427438404,0,3,0,0,0,1,30,5,24,18,0,1,3
225,4,2728086406,0,0,0,0,1,0,30,4,23,19,0,2,3
225,5,2392026825,0,1,0,0,2,1,30,2,20,22,0,2,4
225,6,1203028381,0,2,0,0,3,0,30,4,17,25,0,3,4
225,7,866968800,0,3,0,0,0,1,30,5,13,29,0,3,5
225,8,3167616802,0,0,0,0,1,0,30,4,25,17,0,4,5
225,9,2831557221,0,1,0,0,2,1,30,4,2,40,0,4,6
225,10,2495497640,0,2,0,0,3,0,30,5,12,30,1,4,7
226,0,2868939121,0,0,0,0,1,0,30,2,17,25,0,1,0
226,1,385395892,0,1,0,0,2,1,30,4,0,42,0,1,1
226,2,538560246,0,2,0,0,3,0,30,4,26,16,0,2,1
226,3,2349984313,0,3,0,0,0,1,30,5,36,6,1,3,1
226,4,3308469517,0,0,0,0,1,0,30,5,34,8,0,4,1
226,5,824926288,0,1,0,0,2,1,30,5,30,12,1,5,1
226,6,1783411492,0,2,0,0,3,0,30,5,23,19,0,6,1
226,7,2789514709,0,3,0,0,0,1,30,4,42,0,1,7,1
227,0,2125242683,0,0,0,0,1,0,30,4,6,36,1,0,1
227,1,3936666750,0,1,0,0,2,1,30,4,30,12,1,1,1
227,2,2847007193,0,2,0,0,3,0,30,5,8,34,1,1,2
227,3,363463964,0,3,0,0,0,1,30,4,24,18,0,1,3
227,4,516628318,0,0,0,0,1,0,30,4,29,13,0,2,3
227,5,81229850,0,1,0,0,2,1,30,4,42,0,1,3,3
227,6,3286537589,0,2,0,0,3,0,30,4,7,35,1,3,4
227,7,802994360,0,3,0,0,0,1,30,5,7,35,0,3,5
227,8,1709758690,0,0,0,0,1,0,30,4,10,32,1,3,6
227,9,2767582781,0,1,0,0,2,1,30,6,33,9,1,4,6
227,10,184700665,0,2,0,0,3,0,30,5,41,1,0,5,6
227,11,1242524756,0,3,0,0,0,1,30,5,36,6,1,6,6
227,12,2149289086,0,0,0,0,1,0,30,5,12,30,1,6,7
228,0,3388803717,0,0,0,0,1,0,30,2,18,24,0,1,0
228,1,2199805273,0,1,0,0,2,1,30,5,31,11,1,2,0
228,2,1058424842,0,2,0,0,3,0,30,5,11,31,1,2,1
228,3,722365261,0,3,0,0,0,1,30,2,25,17,0,2,2
228,4,3828334113,0,0,0,0,1,0,30,4,38,4,0,3,2
228,5,3492274532,0,1,0,0,2,1,30,6,14,28,0,3,3
228,6,1497955238,0,2,0,0,3,0,30,5,6,36,1,3,4
228,7,1161895657,0,3,0,0,0,1,30,5,2,40,0,3,5
228,8,2973319724,0,0,0,0,1,0,30,4,18,24,0,4,5
228,9,3931804928,0,1,0,0,2,1,30,4,35,7,1,5,5
228,10,543601962,0,2,0,0,3,0,30,5,24,18,0,6,5
228,11,1601426053,0,3,0,0,0,1,30,6,34,8,1,7,5
229,0,2645107279,0,0,0,0,1,0,30,6,26,16,0,1,0
229,1,1456108835,0,1,0,0,2,1,30,2,29,13,0,1,1
229,2,1120049254,0,2,0,0,3,0,30,4,1,41,1,1,2
229,3,4273636119,0,3,0,0,0,1,30,5,42,0,1,2,2
229,4,3084637675,0,0,0,0,1,0,30,4,8,34,1,2,3
229,5,2748578094,0,1,0,0,2,1,30,6,36,6,1,3,3
229,6,1559579650,0,2,0,0,3,0,30,4,1,41,1,3,4
229,7,418199219,0,3,0,0,0,1,30,4,42,0,1,4,4
229,8,3524168071,0,0,0,0,1,0,30,6,0,42,1,4,5
229,9,3188108490,0,1,0,0,2,1,30,5,26,16,0,4,6
229,10,704565261,0,2,0,0,3,0,30,5,17,25,0,5,6
229,11,1663050465,0,3,0,0,0,1,30,5,36,6,1,6,6
229,12,521670034,0,0,0,0,1,0,30,4,35,7,0,7,6
230,0,3324829277,0,0,0,0,1,0,30,2,24,18,0,1,0
230,1,2988769696,0,1,0,0,2,1,30,3,15,27,0,1,1
230,2,895111515,0,2,0,0,3,0,30,4,17,25,0,2,1
230,3,2706535582,0,3,0,0,0,1,30,4,14,28,0,2,2
230,4,1616876025,0,0,0,0,1,0,30,3,17,25,0,3,2
230,5,3428300092,0,1,0,0,2,1,30,5,2,40,0,3,3
230,6,40097126,0,2,0,0,3,0,30,0,12,30,1,3,4
230,7,3146065978,0,3,0,0,0,1,30,5,7,35,0,3,5
230,8,2810006397,0,0,0,0,1,0,30,2,18,24,0,4,5
230,9,3867830488,0,1,0,0,2,1,30,6,13,29,0,4,6
230,10,479627522,0,2,0,0,3,0,30,5,17,25,0,5,6
230,11,1537451613,0,3,0,0,0,1,30,2,29,13,0,5,7
231,0,433649191,0,0,0,0,1,0,30,6,33,9,0,1,0
231,1,2245073258,0,1,0,0,2,1,30,3,29,13,0,1,1
231,2,1056074814,0,2,0,0,3,0,30,6,23,19,0,2,1
231,3,720015233,0,3,0,0,0,1,30,4,41,1,1,3,1
231,4,873179587,0,0,0,0,1,0,30,2,18,24,0,4,1
231,5,2684603654,0,1,0,0,2,1,30,4,1,41,0,4,2
231,6,3643088858,0,2,0,0,3,0,30,5,14,28,0,5,2
231,7,1159545629,0,3,0,0,0,1,30,1,19,23,0,5,3
231,8,18165198,0,0,0,0,1,0,30,2,29,13,0,6,3
231,9,3124134050,0,1,0,0,2,1,30,0,41,1,1,7,3
232,0,2421275437,0,0,0,0,1,0,30,4,41,1,0,1,0
232,1,1331615880,0,1,0,0,2,1,30,2,42,0,1,2,0
232,2,3143039947,0,2,0,0,3,0,30,4,16,26,0,3,0
232,3,4101525151,0,3,0,0,0,1,30,4,9,33,0,3,1
232,4,2860805833,0,0,0,0,1,0,30,5,30,12,0,4,1
232,5,2524746252,0,1,0,0,2,1,30,4,0,42,0,4,2
232,6,3582570343,0,2,0,0,3,0,30,5,30,12,0,5,2
232,7,3246510762,0,3,0,0,0,1,30,2,17,25,0,5,3
232,8,1152852581,0,0,0,0,1,0,30,6,23,19,0,6,3
232,9,2964276648,0,1,0,0,2,1,30,2,31,11,1,7,3
233,0,953513787,0,0,0,0,1,0,30,5,29,13,0,1,0
233,1,4059482639,0,1,0,0,2,1,30,6,36,6,1,2,0
233,2,3723423058,0,2,0,0,3,0,30,4,1,41,1,2,1
233,3,2582042627,0,3,0,0,0,1,30,5,25,17,0,2,2
233,4,1393044183,0,0,0,0,1,0,30,5,26,16,0,3,2
233,5,1056984602,0,1,0,0,2,1,30,2,35,7,1,4,2
233,6,4162953454,0,2,0,0,3,0,30,5,14,28,0,5,2
233,7,3021573023,0,3,0,0,0,1,30,6,42,0,1,6,2
233,8,538029794,0,0,0,0,1,0,30,5,25,17,0,7,2
234,0,209817349,0,0,0,0,1,0,30,5,11,31,1,0,1
234,1,3315786201,0,1,0,0,2,1,30,5,1,41,0,0,2
234,2,2979726620,0,2,0,0,3,0,30,5,34,8,0,1,2
234,3,2643667039,0,3,0,0,0,1,30,0,31,11,1,2,2
234,4,649347745,0,0,0,0,1,0,30,4,2,40,1,2,3
234,5,313288164,0,1,0,0,2,1,30,0,41,1,1,3,3
234,6,3419257016,0,2,0,0,3,0,30,3,17,25,0,4,3
234,7,3083197435,0,3,0,0,0,1,30,4,11,31,0,4,4
234,8,4141021526,0,0,0,0,1,0,30,4,17,25,0,5,4
234,9,752818560,0,1,0,0,2,1,30,6,26,16,0,5,5
234,10,2564242627,0,2,0,0,3,0,30,5,29,13,0,6,5
234,11,3522727831,0,3,0,0,0,1,30,4,42,0,1,7,5
235,0,889539347,0,0,0,0,1,0,30,4,42,0,0,1,0
235,1,553479766,0,1,0,0,2,1,30,3,3,39,0,1,1
235,2,3659448618,0,2,0,0,3,0,30,5,22,20,0,2,1
235,3,271245652,0,3,0,0,0,1,30,5,18,24,0,2,2
235,4,3476553391,0,0,0,0,1,0,30,1,0,42,1,2,3
235,5,993010162,0,1,0,0,2,1,30,6,40,2,1,3,3
235,6,656950581,0,2,0,0,3,0,30,3,9,33,1,3,4
235,7,3762919433,0,3,0,0,0,1,30,4,21,21,0,3,5
235,8,374716467,0,0,0,0,1,0,30,4,11,31,1,3,6
235,9,1432540558,0,1,0,0,2,1,30,5,34,8,1,4,6
235,10,1096480977,0,2,0,0,3,0,30,4,25,17,0,5,6
235,11,4202449829,0,3,0,0,0,1,30,4,29,13,0,5,7
236,0,951163759,0,0,0,0,1,0,30,4,36,6,0,1,0
236,1,4104750624,0,1,0,0,2,1,30,4,36,6,1,2,0
236,2,768268532,0,2,0,0,3,0,30,4,32,10,0,3,0
236,3,2579692599,0,3,0,0,0,1,30,4,18,24,0,3,1
236,4,1390694155,0,0,0,0,1,0,30,5,0,42,1,3,2
236,5,249313724,0,1,0,0,2,1,30,2,14,28,0,3,3
236,6,1207798928,0,2,0,0,3,0,30,5,0,42,1,3,4
236,7,3019222995,0,3,0,0,0,1,30,5,31,11,1,4,4
236,8,2683163414,0,0,0,0,1,0,30,2,0,42,1,4,5
236,9,688844120,0,1,0,0,2,1,30,2,41,1,1,5,5
236,10,352784539,0,2,0,0,3,0,30,6,12,30,1,5,6
236,11,3458753391,0,3,0,0,0,1,30,4,36,6,1,6,6
236,12,3122693810,0,0,0,0,1,0,30,4,22,20,0,7,6
237,0,1310065056,0,0,0,0,1,0,30,4,2,40,1,0,1
237,1,3121489123,0,1,0,0,2,1,30,4,12,30,0,0,2
237,2,4079974327,0,2,0,0,3,0,30,5,13,29,0,1,2
237,3,2938593896,0,3,0,0,0,1,30,4,13,29,0,1,3
237,4,1749595452,0,0,0,0,1,0,30,5,41,1,0,2,3
237,5,3561019519,0,1,0,0,2,1,30,4,7,35,0,2,4
237,6,224537427,0,2,0,0,3,0,30,4,2,40,1,2,5
237,7,3378124292,0,3,0,0,0,1,30,4,42,0,1,3,5
237,8,894581063,0,0,0,0,1,0,30,5,11,31,1,3,6
237,9,1853066267,0,1,0,0,2,1,30,4,24,18,0,3,7
238,0,2813191153,0,0,0,0,1,0,30,4,13,29,0,1,0
238,1,1624192709,0,1,0,0,2,1,30,6,12,30,0,1,1
238,2,1288133128,0,2,0,0,3,0,30,6,0,42,1,1,2
238,3,3099557195,0,3,0,0,0,1,30,4,16,26,0,1,3
238,4,3252721549,0,0,0,0,1,0,30,4,17,25,0,2,3
238,5,2916661968,0,1,0,0,2,1,30,5,13,29,0,2,4
238,6,1727663524,0,2,0,0,3,0,30,6,0,42,1,2,5
238,7,1391603943,0,3,0,0,0,1,30,5,20,22,0,2,6
238,8,2397707160,0,0,0,0,1,0,30,4,2,40,1,2,7
239,0,2874815565,0,0,0,0,1,0,30,5,36,6,0,1,0
239,1,880496271,0,1,0,0,2,1,30,6,8,34,0,1,1
239,2,544436690,0,2,0,0,3,0,30,0,11,31,1,1,2
239,3,208377109,0,3,0,0,0,1,30,4,42,0,1,2,2
239,4,1266201200,0,0,0,0,1,0,30,1,24,18,0,3,2
239,5,830802732,0,1,0,0,2,1,30,4,42,0,1,4,2
239,6,983967086,0,2,0,0,3,0,30,4,1,41,1,4,3
239,7,647907505,0,3,0,0,0,1,30,5,0,42,0,4,4
239,8,1705731596,0,0,0,0,1,0,30,5,36,6,0,5,4
239,9,1369672015,0,1,0,0,2,1,30,5,41,1,1,6,4
239,10,128952697,0,2,0,0,3,0,30,3,6,36,1,6,5
239,11,1087437901,0,3,0,0,0,1,30,4,23,19,0,6,6
239,12,2898861968,0,0,0,0,1,0,30,4,35,7,0,7,6
240,0,2749216713,0,0,0,0,1,0,30,5,34,8,0,1,0
240,1,2413157132,0,1,0,0,2,1,30,3,23,19,0,1,1
240,2,1224158688,0,2,0,0,3,0,30,4,13,29,0,2,1
240,3,888099107,0,3,0,0,0,1,30,4,18,24,0,2,2
240,4,3994067959,0,0,0,0,1,0,30,5,25,17,0,3,2
240,5,2852687528,0,1,0,0,2,1,30,4,27,15,0,3,3
240,6,2516627947,0,2,0,0,3,0,30,4,25,17,0,4,3
240,7,1327629503,0,3,0,0,0,1,30,5,34,8,1,5,3
240,8,991569922,0,0,0,0,1,0,30,4,3,39,1,5,4
240,9,3292217924,0,1,0,0,2,1,30,4,41,1,1,6,4
240,10,2956158343,0,2,0,0,3,0,30,5,27,15,0,7,4
241,0,3394680161,0,0,0,0,1,0,30,4,18,24,0,1,0
241,1,3547844515,0,1,0,0,2,1,30,3,35,7,1,2,0
241,2,1064301286,0,2,0,0,3,0,30,0,1,41,1,2,1
241,3,4170270138,0,3,0,0,0,1,30,4,1,41,0,2,2
241,4,3834210557,0,0,0,0,1,0,30,5,29,13,0,3,2
241,5,2692830126,0,1,0,0,2,1,30,5,7,35,0,3,3
241,6,1503831682,0,2,0,0,3,0,30,4,14,28,0,4,3
241,7,1167772101,0,3,0,0,0,1,30,5,25,17,0,4,4
241,8,4273740953,0,0,0,0,1,0,30,0,40,2,0,5,4
241,9,3132360522,0,1,0,0,2,1,30,5,8,34,0,5,5
241,10,2796300941,0,2,0,0,3,0,30,5,16,26,0,6,5
241,11,1607302497,0,3,0,0,0,1,30,4,25,17,0,6,6
241,12,1271242916,0,0,0,0,1,0,30,5,41,1,0,7,6
242,0,3169742422,0,0,0,0,1,0,30,4,26,16,0,1,0
242,1,686199193,0,1,0,0,2,1,30,1,36,6,1,2,0
242,2,1644684397,0,2,0,0,3,0,30,3,12,30,1,2,1
242,3,3456108464,0,3,0,0,0,1,30,5,25,17,0,2,2
242,4,3609272818,0,0,0,0,1,0,30,4,33,9,0,3,2
242,5,1125729589,0,1,0,0,2,1,30,4,42,0,1,4,2
242,6,36070032,0,2,0,0,3,0,30,0,7,35,1,4,3
242,7,3895638860,0,3,0,0,0,1,30,4,16,26,0,4,4
242,8,2754258429,0,0,0,0,1,0,30,5,24,18,0,5,4
242,9,3712743633,0,1,0,0,2,1,30,0,24,18,0,5,5
242,10,1229200404,0,2,0,0,3,0,30,3,6,36,1,5,6
242,11,2287024495,0,3,0,0,0,1,30,6,0,42,0,5,7
243,0,1183222073,0,0,0,0,1,0,30,0,6,36,1,0,1
243,1,3483870075,0,1,0,0,2,1,30,4,40,2,1,1,1
243,2,3147810494,0,2,0,0,3,0,30,4,6,36,1,1,2
243,3,664267265,0,3,0,0,0,1,30,5,24,18,0,1,3
243,4,1622752469,0,0,0,0,1,0,30,5,18,24,0,2,3
243,5,481372038,0,1,0,0,2,1,30,6,42,0,1,3,3
243,6,3587340890,0,2,0,0,3,0,30,1,35,7,0,4,3
243,7,3251281309,0,3,0,0,0,1,30,1,14,28,0,4,4
243,8,767738080,0,0,0,0,1,0,30,4,0,42,1,4,5
243,9,3873706932,0,1,0,0,2,1,30,5,36,6,1,5,5
243,10,2732326501,0,2,0,0,3,0,30,4,24,18,0,6,5
243,11,3690811705,0,3,0,0,0,1,30,6,20,22,0,6,6
243,12,1207268476,0,0,0,0,1,0,30,4,1,41,1,6,7
244,0,439525635,0,0,0,0,1,0,30,1,1,41,1,0,1
244,1,1497349726,0,1,0,0,2,1,30,4,41,1,1,1,1
244,2,1161290145,0,2,0,0,3,0,30,4,34,8,0,2,1
244,3,2068054475,0,3,0,0,0,1,30,1,41,1,1,3,1
244,4,3125878566,0,0,0,0,1,0,30,4,18,24,0,4,1
244,5,542996450,0,1,0,0,2,1,30,0,36,6,1,5,1
244,6,1600820541,0,2,0,0,3,0,30,5,13,29,0,6,1
244,7,2507584871,0,3,0,0,0,1,30,4,13,29,0,6,2
244,8,3565408962,0,0,0,0,1,0,30,4,33,9,0,7,2
245,0,1703086669,0,0,0,0,1,0,30,5,25,17,0,1,0
245,1,4003734671,0,1,0,0,2,1,30,5,40,2,1,2,0
245,2,3667675090,0,2,0,0,3,0,30,1,1,41,1,2,1
245,3,3331615509,0,3,0,0,0,1,30,5,17,25,0,2,2
245,4,2142617065,0,0,0,0,1,0,30,1,30,12,0,3,2
245,5,1001236634,0,1,0,0,2,1,30,4,13,29,0,3,3
245,6,4107205486,0,2,0,0,3,0,30,4,41,1,0,4,3
245,7,3771145905,0,3,0,0,0,1,30,4,25,17,0,4,4
245,8,2582147461,0,0,0,0,1,0,30,6,2,40,1,4,5
245,9,1440767030,0,1,0,0,2,1,30,1,30,12,1,5,5
245,10,1104707449,0,2,0,0,3,0,30,3,18,24,0,6,5
245,11,4210676301,0,3,0,0,0,1,30,5,1,41,0,6,6
245,12,3874616720,0,0,0,0,1,0,30,5,11,31,1,6,7
246,0,959390231,0,0,0,0,1,0,30,4,19,23,0,1,0
246,1,4065359083,0,1,0,0,2,1,30,6,25,17,0,1,1
246,2,2923978652,0,2,0,0,3,0,30,5,24,18,0,2,1
246,3,1734980208,0,3,0,0,0,1,30,5,28,14,0,2,2
246,4,1398920627,0,0,0,0,1,0,30,4,13,29,0,3,2
246,5,1062861046,0,1,0,0,2,1,30,4,19,23,0,3,3
246,6,3363509048,0,2,0,0,3,0,30,4,40,2,0,4,3
246,7,3027449467,0,3,0,0,0,1,30,2,19,23,0,4,4
246,8,1838451023,0,0,0,0,1,0,30,6,16,26,0,5,4
246,9,1502391442,0,1,0,0,2,1,30,6,18,24,0,5,5
246,10,361011011,0,2,0,0,3,0,30,4,18,24,0,6,5
246,11,3466979863,0,3,0,0,0,1,30,4,35,7,1,7,5
247,0,3786595877,0,0,0,0,1,0,30,4,39,3,0,1,0
247,1,2545876559,0,1,0,0,2,1,30,4,25,17,0,1,1
247,2,3504361763,0,2,0,0,3,0,30,5,13,29,0,2,1
247,3,1020818534,0,3,0,0,0,1,30,4,23,19,0,2,2
247,4,4226126273,0,0,0,0,1,0,30,5,12,30,1,2,3
247,5,2985406955,0,1,0,0,2,1,30,2,34,8,1,3,3
247,6,1895747398,0,2,0,0,3,0,30,5,25,17,0,4,3
247,7,1460348930,0,3,0,0,0,1,30,5,20,22,0,4,4
247,8,1124289349,0,0,0,0,1,0,30,4,1,41,1,4,5
247,9,1277453703,0,1,0,0,2,1,30,4,35,7,1,5,5
247,10,3088877770,0,2,0,0,3,0,30,0,0,42,1,5,6
247,11,4146701861,0,3,0,0,0,1,30,5,35,7,1,6,6
247,12,1563819745,0,0,0,0,1,0,30,5,1,41,1,6,7
248,0,3042899439,0,0,0,0,1,0,30,4,23,19,0,1,0
248,1,1853900995,0,1,0,0,2,1,30,0,31,11,1,2,0
248,2,712520564,0,2,0,0,3,0,30,4,28,14,0,3,0
248,3,2523944631,0,3,0,0,0,1,30,5,7,35,0,3,1
248,4,3482429835,0,0,0,0,1,0,30,4,8,34,1,3,2
248,5,998886606,0,1,0,0,2,1,30,4,0,42,0,3,3
248,6,1957371810,0,2,0,0,3,0,30,4,25,17,0,4,3
248,7,815991379,0,3,0,0,0,1,30,4,2,40,0,4,4
248,8,2627415446,0,0,0,0,1,0,30,5,24,18,0,5,4
248,9,1438417002,0,1,0,0,2,1,30,0,23,19,0,5,5
248,10,1102357421,0,2,0,0,3,0,30,4,6,36,1,5,6
248,11,1255521775,0,3,0,0,0,1,30,5,9,33,0,5,7
249,0,1254317088,0,0,0,0,1,0,30,5,19,23,0,1,0
249,1,65318644,0,1,0,0,2,1,30,2,24,18,0,1,1
249,2,4024226359,0,2,0,0,3,0,30,0,1,41,1,1,2
249,3,3688166778,0,3,0,0,0,1,30,6,9,33,0,1,3
249,4,2499168334,0,0,0,0,1,0,30,6,24,18,0,2,3
249,5,1357787903,0,1,0,0,2,1,30,4,34,8,1,3,3
249,6,168789459,0,2,0,0,3,0,30,6,31,11,0,4,3
249,7,4127697174,0,3,0,0,0,1,30,4,29,13,0,4,4
249,8,2938698730,0,0,0,0,1,0,30,4,7,35,1,4,5
249,9,1797318299,0,1,0,0,2,1,30,2,40,2,1,5,5
249,10,3608742366,0,2,0,0,3,0,30,4,1,41,1,5,6
249,11,272260274,0,3,0,0,0,1,30,4,3,39,0,5,7
250,0,3562764035,0,0,0,0,1,0,30,5,29,13,0,1,0
250,1,2373765591,0,1,0,0,2,1,30,4,41,1,1,2,0
250,2,1232385160,0,2,0,0,3,0,30,4,0,42,1,2,1
250,3,896325579,0,3,0,0,0,1,30,4,7,35,0,2,2
250,4,4002294431,0,0,0,0,1,0,30,3,28,14,0,3,2
250,5,3666234850,0,1,0,0,2,1,30,1,31,11,1,4,2
250,6,1671915556,0,2,0,0,3,0,30,4,19,23,0,5,2
250,7,1335855975,0,3,0,0,0,1,30,5,12,30,0,5,3
250,8,146857531,0,0,0,0,1,0,30,0,12,30,1,5,4
250,9,4105765246,0,1,0,0,2,1,30,5,25,17,0,5,5
250,10,2964384815,0,2,0,0,3,0,30,5,12,30,1,5,6
250,11,1775386371,0,3,0,0,0,1,30,4,20,22,0,5,7
251,0,2819067597,0,0,0,0,1,0,30,5,23,19,0,1,0
251,1,1630069153,0,1,0,0,2,1,30,4,42,0,1,2,0
251,2,1294009572,0,2,0,0,3,0,30,4,12,30,1,2,1
251,3,1447173926,0,3,0,0,0,1,30,5,7,35,0,2,2
251,4,3258597993,0,0,0,0,1,0,30,6,7,35,1,2,3
251,5,2922538412,0,1,0,0,2,1,30,5,20,22,0,2,4
251,6,1733539968,0,2,0,0,3,0,30,4,39,3,0,3,4
251,7,592159537,0,3,0,0,0,1,30,6,42,0,1,4,4
251,8,3698128389,0,0,0,0,1,0,30,4,17,25,0,5,4
251,9,3362068808,0,1,0,0,2,1,30,4,24,18,0,5,5
251,10,3026009227,0,2,0,0,3,0,30,5,13,29,0,6,5
251,11,1837010783,0,3,0,0,0,1,30,5,41,1,1,7,5
252,0,1351305947,0,0,0,0,1,0,30,5,18,24,0,1,0
252,1,3162730014,0,1,0,0,2,1,30,4,11,31,0,1,1
252,2,1069071833,0,2,0,0,3,0,30,4,41,1,0,2,1
252,3,2880495900,0,3,0,0,0,1,30,2,42,0,1,3,1
252,4,1790836343,0,0,0,0,1,0,30,4,34,8,0,4,1
252,5,3602260410,0,1,0,0,2,1,30,6,36,6,1,5,1
252,6,3755424764,0,2,0,0,3,0,30,5,29,13,0,6,1
252,7,3320026296,0,3,0,0,0,1,30,5,29,13,0,6,2
252,8,2983966715,0,0,0,0,1,0,30,5,22,20,0,7,2
253,0,3338932193,0,0,0,0,1,0,30,6,2,40,1,0,1
253,1,2450101,0,1,0,0,2,1,30,0,42,0,1,1,1
253,2,1813874168,0,2,0,0,3,0,30,5,18,24,0,2,1
253,3,1967038522,0,3,0,0,0,1,30,5,22,20,0,2,2
253,4,3778462589,0,0,0,0,1,0,30,4,22,20,0,3,2
253,5,3442403008,0,1,0,0,2,1,30,4,36,6,1,4,2
253,6,2253404564,0,2,0,0,3,0,30,5,34,8,0,5,2
253,7,1112024133,0,3,0,0,0,1,30,2,13,29,0,5,3
253,8,2070509337,0,0,0,0,1,0,30,4,30,12,0,6,3
253,9,3881933404,0,1,0,0,2,1,30,4,9,33,0,6,4
253,10,2692934960,0,2,0,0,3,0,30,4,20,22,0,7,4
254,0,3919315304,0,0,0,0,1,0,30,4,8,34,1,0,1
254,1,682172099,0,1,0,0,2,1,30,3,31,11,1,1,1
254,2,1588936429,0,2,0,0,3,0,30,4,40,2,0,2,1
254,3,1252876848,0,3,0,0,0,1,30,4,24,18,0,2,2
254,4,63878404,0,0,0,0,1,0,30,5,7,35,1,2,3
254,5,4022786119,0,1,0,0,2,1,30,5,19,23,0,2,4
254,6,2028466825,0,2,0,0,3,0,30,4,0,42,1,2,5
254,7,1692407244,0,3,0,0,0,1,30,4,36,6,1,3,5
254,8,503408800,0,0,0,0,1,0,30,3,16,26,0,4,5
254,9,167349219,0,1,0,0,2,1,30,5,25,17,0,4,6
254,10,3320936084,0,2,0,0,3,0,30,4,39,3,0,5,6
254,11,2131937640,0,3,0,0,0,1,30,5,1,41,0,5,7
255,0,1127474105,0,0,0,0,1,0,30,5,35,7,0,1,0
255,1,4233442957,0,1,0,0,2,1,30,4,24,18,0,1,1
255,2,3897383376,0,2,0,0,3,0,30,5,20,22,0,2,1
255,3,2756002945,0,3,0,0,0,1,30,4,41,1,1,3,1
255,4,1567004501,0,0,0,0,1,0,30,4,36,6,0,4,1
255,5,1230944920,0,1,0,0,2,1,30,6,26,16,0,4,2
255,6,41946476,0,2,0,0,3,0,30,5,28,14,0,5,2
255,7,3195533341,0,3,0,0,0,1,30,1,42,0,1,6,2
255,8,2006534897,0,0,0,0,1,0,30,5,7,35,1,6,3
255,9,1670475316,0,1,0,0,2,1,30,3,30,12,1,7,3
0,0,1871551216,1,0,0,0,1,1,30,4,7,35,0,0,1
0,1,682552772,1,1,0,0,2,0,30,4,31,11,0,1,1
0,2,346493191,1,2,0,0,3,1,30,4,12,30,0,1,2
0,3,1404317282,1,3,0,0,0,0,30,4,41,1,0,2,2
0,4,2311081612,1,0,0,0,1,1,30,5,42,0,1,3,2
0,5,4122505679,1,1,0,0,2,0,30,3,16,26,0,4,2
0,6,786023587,1,2,0,0,3,1,30,4,36,6,1,5,2
0,7,2597447654,1,3,0,0,0,0,30,6,40,2,0,6,2
0,8,1507788097,1,0,0,0,1,1,30,4,25,17,0,6,3
0,9,267068779,1,1,0,0,2,0,30,4,18,24,0,7,3
1,0,2551273214,1,0,0,0,1,1,30,6,1,41,0,0,1
1,1,1362274770,1,1,0,0,2,0,30,2,11,31,1,0,2
1,2,1026215189,1,2,0,0,3,1,30,5,34,8,1,1,2
1,3,1932979519,1,3,0,0,0,0,30,4,29,13,0,2,2
1,4,2990803610,1,0,0,0,1,1,30,2,36,6,1,3,2
1,5,2654744029,1,1,0,0,2,0,30,5,0,42,1,3,3
1,6,1465745585,1,2,0,0,3,1,30,5,12,30,0,3,4
1,7,2372509915,1,3,0,0,0,0,30,6,41,1,0,4,4
1,8,3430334006,1,0,0,0,1,1,30,4,30,12,1,5,4
1,9,3094274425,1,1,0,0,2,0,30,5,41,1,0,6,4
1,10,2758214844,1,2,0,0,3,1,30,4,18,24,0,6,5
1,11,1569216400,1,3,0,0,0,0,30,5,29,13,0,7,5
2,0,2612897626,1,0,0,0,1,1,30,5,18,24,0,0,1
2,1,2766061980,1,1,0,0,2,0,30,2,11,31,1,0,2
2,2,282518751,1,2,0,0,3,1,30,4,26,16,0,0,3
2,3,3388487603,1,3,0,0,0,0,30,1,1,41,1,0,4
2,4,3052428022,1,0,0,0,1,1,30,4,8,34,0,0,5
2,5,1911047591,1,1,0,0,2,0,30,0,0,42,1,0,6
2,6,722049147,1,2,0,0,3,1,30,5,17,25,0,0,7
3,0,824315275,1,0,0,0,1,1,30,4,23,19,0,0,1
3,1,1782800479,1,1,0,0,2,0,30,0,24,18,0,1,1
3,2,3594224546,1,2,0,0,3,1,30,4,14,28,0,1,2
3,3,3747388900,1,3,0,0,0,0,30,5,42,0,0,2,2
3,4,3411329319,1,0,0,0,1,1,30,4,24,18,0,2,3
3,5,927786090,1,1,0,0,2,0,30,6,2,40,1,2,4
3,6,4033754942,1,2,0,0,3,1,30,6,6,36,0,2,5
3,7,2892374511,1,3,0,0,0,0,30,4,24,18,0,3,5
3,8,3850859715,1,0,0,0,1,1,30,0,3,39,0,3,6
3,9,1367316486,1,1,0,0,2,0,30,1,12,30,1,3,7
4,0,179957724,1,0,0,0,1,1,30,3,23,19,0,0,1
4,1,3285926576,1,1,0,0,2,0,30,5,13,29,0,1,1
4,2,2949866995,1,2,0,0,3,1,30,4,41,1,1,2,1
4,3,1760868551,1,3,0,0,0,0,30,5,35,7,0,3,1
4,4,619488120,1,0,0,0,1,1,30,2,29,13,0,3,2
4,5,2430912187,1,1,0,0,2,0,30,4,23,19,0,4,2
4,6,3389397391,1,2,0,0,3,1,30,2,42,0,1,5,2
4,7,905854162,1,3,0,0,0,0,30,4,2,40,1,5,3
4,8,1059018516,1,0,0,0,1,1,30,4,23,19,0,5,4
4,9,2870442583,1,1,0,0,2,0,30,5,34,8,0,6,4
4,10,3828927787,1,2,0,0,3,1,30,1,16,26,0,6,5
4,11,1345384558,1,3,0,0,0,0,30,4,27,15,0,7,5
5,0,2907824483,1,0,0,0,1,1,30,4,40,2,1,1,0
5,1,1718826039,1,1,0,0,2,0,30,6,16,26,0,2,0
5,2,1382766458,1,2,0,0,3,1,30,5,14,28,0,2,1
5,3,241386027,1,3,0,0,0,0,30,2,18,24,0,3,1
5,4,3347354879,1,0,0,0,1,1,30,6,31,11,1,4,1
5,5,3011295298,1,1,0,0,2,0,30,4,29,13,0,5,1
5,6,1822296854,1,2,0,0,3,1,30,4,19,23,0,5,2
5,7,680916423,1,3,0,0,0,0,30,5,1,41,1,5,3
5,8,3786885275,1,0,0,0,1,1,30,5,1,41,0,5,4
5,9,3450825694,1,1,0,0,2,0,30,4,1,41,1,5,5
5,10,967282465,1,2,0,0,3,1,30,6,40,2,1,6,5
5,11,1120446819,1,3,0,0,0,0,30,5,2,40,1,6,6
5,12,784387238,1,0,0,0,1,1,30,6,31,11,1,7,6
6,0,115983284,1,0,0,0,1,1,30,5,25,17,0,0,1
6,1,3221952136,1,1,0,0,2,0,30,5,34,8,0,1,1
6,2,2885892555,1,2,0,0,3,1,30,6,12,30,0,1,2
6,3,2549832974,1,3,0,0,0,0,30,4,30,12,0,2,2
6,4,1360834530,1,0,0,0,1,1,30,0,33,9,1,3,2
6,5,219454099,1,1,0,0,2,0,30,2,7,35,1,3,3
6,6,3325422951,1,2,0,0,3,1,30,3,36,6,1,4,3
6,7,2989363370,1,3,0,0,0,0,30,5,24,18,0,5,3
6,8,1800364926,1,0,0,0,1,1,30,6,18,24,0,5,4
6,9,658984495,1,1,0,0,2,0,30,4,42,0,0,6,4
6,10,322924914,1,2,0,0,3,1,30,5,12,30,0,6,5
6,11,3428893766,1,3,0,0,0,0,30,1,1,41,1,6,6
6,12,3092834185,1,0,0,0,1,1,30,4,31,11,1,7,6
7,0,761446732,1,0,0,0,1,1,30,4,42,0,1,1,0
7,1,3062094734,1,1,0,0,2,0,30,4,12,30,1,1,1
7,2,2726035153,1,2,0,0,3,1,30,5,8,34,0,1,2
7,3,1537036709,1,3,0,0,0,0,30,5,29,13,0,2,2
7,4,1200977128,1,0,0,0,1,1,30,6,31,11,1,3,2
7,5,3501625130,1,1,0,0,2,0,30,2,19,23,0,4,2
7,6,3165565549,1,2,0,0,3,1,30,0,42,0,1,5,2
7,7,2829505968,1,3,0,0,0,0,30,4,23,19,0,6,2
7,8,1640507524,1,0,0,0,1,1,30,4,13,29,0,6,3
7,9,499127093,1,1,0,0,2,0,30,3,23,19,0,7,3
8,0,2683992641,1,0,0,0,1,1,30,4,9,33,0,0,1
8,1,1594333084,1,1,0,0,2,0,30,5,28,14,0,1,1
8,2,1158934616,1,2,0,0,3,1,30,6,36,6,1,2,1
8,3,69275059,1,3,0,0,0,0,30,4,18,24,0,3,1
8,4,976039389,1,0,0,0,1,1,30,4,6,36,0,3,2
8,5,2787463456,1,1,0,0,2,0,30,4,13,29,0,4,2
8,6,3845287547,1,2,0,0,3,1,30,2,42,0,1,5,2
8,7,1262405431,1,3,0,0,0,0,30,4,34,8,0,6,2
8,8,1415569785,1,0,0,0,1,1,30,3,41,1,1,7,2
9,0,697472292,1,0,0,0,1,1,30,4,1,41,0,0,1
9,1,850636646,1,1,0,0,2,0,30,6,0,42,1,0,2
9,2,514577065,1,2,0,0,3,1,30,4,2,40,0,0,3
9,3,3620545917,1,3,0,0,0,0,30,4,11,31,1,0,4
9,4,1137002688,1,0,0,0,1,1,30,4,19,23,0,0,5
9,5,4290589553,1,1,0,0,2,0,30,3,14,28,0,1,5
9,6,954107461,1,2,0,0,3,1,30,4,18,24,0,1,6
9,7,2765531528,1,3,0,0,0,0,30,6,14,28,0,2,6
9,8,3724016732,1,0,0,0,1,1,30,4,41,1,1,3,6
9,9,1240473503,1,1,0,0,2,0,30,6,1,41,1,3,7
10,0,472534553,1,0,0,0,1,1,30,3,41,1,1,1,0
10,1,3578503405,1,1,0,0,2,0,30,0,34,8,0,2,0
10,2,3242443824,1,2,0,0,3,1,30,4,8,34,0,2,1
10,3,2906384243,1,3,0,0,0,0,30,6,23,19,0,3,1
10,4,912064949,1,0,0,0,1,1,30,0,19,23,0,3,2
10,5,576005368,1,1,0,0,2,0,30,2,7,35,1,3,3
10,6,3681974220,1,2,0,0,3,1,30,4,23,19,0,3,4
10,7,3345914639,1,3,0,0,0,0,30,5,36,6,0,4,4
10,8,1351595345,1,0,0,0,1,1,30,4,20,22,0,4,5
10,9,1015535764,1,1,0,0,2,0,30,6,17,25,0,5,5
10,10,679476183,1,2,0,0,3,1,30,5,12,30,0,5,6
10,11,3785445035,1,3,0,0,0,0,30,6,23,19,0,6,6
10,12,1301901806,1,0,0,0,1,1,30,0,26,16,0,6,7
11,0,3364820536,1,0,0,0,1,1,30,5,23,19,0,0,1
11,1,1370501242,1,1,0,0,2,0,30,1,0,42,1,0,2
11,2,1034441661,1,2,0,0,3,1,30,5,15,27,0,0,3
11,3,4140410513,1,3,0,0,0,0,30,4,23,19,0,1,3
11,4,3804350932,1,0,0,0,1,1,30,5,6,36,0,1,4
11,5,1810031638,1,1,0,0,2,0,30,5,0,42,1,1,5
11,6,1473972057,1,2,0,0,3,1,30,5,36,6,1,2,5
11,7,1137912476,1,3,0,0,0,0,30,4,7,35,1,2,6
11,8,4243881328,1,0,0,0,1,1,30,4,24,18,0,2,7
12,0,992399149,1,0,0,0,1,1,30,5,27,15,0,0,1
12,1,1950884353,1,1,0,0,2,0,30,4,2,40,1,0,2
12,2,3762308420,1,2,0,0,3,1,30,0,35,7,1,1,2
12,3,425826328,1,3,0,0,0,0,30,1,0,42,1,1,3
12,4,1431929545,1,0,0,0,1,1,30,4,23,19,0,1,4
12,5,1095869964,1,1,0,0,2,0,30,1,14,28,0,2,4
12,6,4201838816,1,2,0,0,3,1,30,5,20,22,0,2,5
12,7,3865779235,1,3,0,0,0,0,30,2,18,24,0,3,5
12,8,1871459941,1,0,0,0,1,1,30,3,13,29,0,3,6
12,9,1535400360,1,1,0,0,2,0,30,5,18,24,0,4,6
12,10,1199340779,1,2,0,0,3,1,30,2,41,1,1,5,6
12,11,10342335,1,3,0,0,0,0,30,4,36,6,0,6,6
12,12,3163929200,1,0,0,0,1,1,30,1,36,6,1,7,6
13,0,3300846096,1,0,0,0,1,1,30,4,12,30,0,0,1
13,1,3454010450,1,1,0,0,2,0,30,2,41,1,0,1,1
13,2,3018611982,1,2,0,0,3,1,30,4,8,34,0,1,2
13,3,1928952425,1,3,0,0,0,0,30,4,0,42,1,1,3
13,4,3740376492,1,0,0,0,1,1,30,4,2,40,0,1,4
13,5,352173526,1,1,0,0,2,0,30,5,3,39,1,1,5
13,6,1409997617,1,2,0,0,3,1,30,4,42,0,1,2,5
13,7,3122082797,1,3,0,0,0,0,30,4,36,6,0,3,5
13,8,4179906888,1,0,0,0,1,1,30,4,36,6,1,4,5
13,9,791703922,1,1,0,0,2,0,30,3,17,25,0,5,5
13,10,3997011661,1,2,0,0,3,1,30,4,35,7,1,6,5
13,11,1513468432,1,3,0,0,0,0,30,6,24,18,0,7,5
14,0,2557149658,1,0,0,0,1,1,30,4,31,11,1,1,0
14,1,3515634862,1,1,0,0,2,0,30,4,0,42,1,1,1
14,2,2374254431,1,2,0,0,3,1,30,4,19,23,0,1,2
14,3,1185255987,1,3,0,0,0,0,30,4,7,35,1,1,3
14,4,2996680054,1,0,0,0,1,1,30,5,3,39,0,1,4
14,5,2660620473,1,1,0,0,2,0,30,5,24,18,0,2,4
14,6,1471622029,1,2,0,0,3,1,30,5,31,11,1,3,4
14,7,330241598,1,3,0,0,0,0,30,4,24,18,0,4,4
14,8,1288726802,1,0,0,0,1,1,30,4,22,20,0,4,5
14,9,3100150869,1,1,0,0,2,0,30,5,19,23,0,5,5
14,10,1911152425,1,2,0,0,3,1,30,5,6,36,0,5,6
14,11,769771994,1,3,0,0,0,0,30,5,16,26,0,6,6
14,12,433712413,1,0,0,0,1,1,30,4,1,41,0,6,7
15,0,2916050955,1,0,0,0,1,1,30,4,36,6,1,1,0
15,1,1727052511,1,1,0,0,2,0,30,4,7,35,1,1,1
15,2,1390992930,1,2,0,0,3,1,30,3,9,33,0,1,2
15,3,201994486,1,3,0,0,0,0,30,5,25,17,0,2,2
15,4,3355581351,1,0,0,0,1,1,30,3,31,11,1,3,2
15,5,872038122,1,1,0,0,2,0,30,1,13,29,0,4,2
15,6,1830523326,1,2,0,0,3,1,30,4,35,7,1,5,2
15,7,3641947393,1,3,0,0,0,0,30,5,42,0,0,6,2
15,8,305465301,1,0,0,0,1,1,30,4,1,41,0,6,3
15,9,3459052166,1,1,0,0,2,0,30,4,22,20,0,7,3
16,0,929530606,1,0,0,0,1,1,30,4,34,8,1,1,0
16,1,4035499458,1,1,0,0,2,0,30,4,41,1,0,2,0
16,2,2894119027,1,2,0,0,3,1,30,5,8,34,0,2,1
16,3,1705120583,1,3,0,0,0,0,30,5,34,8,0,3,1
16,4,1369061002,1,0,0,0,1,1,30,5,25,17,0,3,2
16,5,180062558,1,1,0,0,2,0,30,4,22,20,0,4,2
16,6,3333649423,1,2,0,0,3,1,30,3,18,24,0,4,3
16,7,2997589842,1,3,0,0,0,0,30,4,0,42,1,4,4
16,8,1808591398,1,0,0,0,1,1,30,5,34,8,1,5,4
16,9,3620015465,1,1,0,0,2,0,30,5,23,19,0,6,4
16,10,3773179819,1,2,0,0,3,1,30,6,26,16,0,6,5
16,11,3437120238,1,3,0,0,0,0,30,0,11,31,1,6,6
16,12,953577009,1,0,0,0,1,1,30,6,42,0,1,7,6
17,0,3657397365,1,0,0,0,1,1,30,5,18,24,0,0,1
17,1,3810561719,1,1,0,0,2,0,30,1,33,9,0,1,1
17,2,1327018490,1,2,0,0,3,1,30,3,35,7,1,2,1
17,3,990958909,1,3,0,0,0,0,30,5,23,19,0,3,1
17,4,4096927761,1,0,0,0,1,1,30,4,23,19,0,3,2
17,5,2955547330,1,1,0,0,2,0,30,1,20,22,0,4,2
17,6,1766548886,1,2,0,0,3,1,30,0,15,27,0,4,3
17,7,1430489305,1,3,0,0,0,0,30,5,35,7,0,5,3
17,8,241490861,1,0,0,0,1,1,30,5,39,3,1,6,3
17,9,3395077726,1,1,0,0,2,0,30,4,29,13,0,7,3
18,0,865556166,1,0,0,0,1,1,30,6,42,0,1,1,0
18,1,1824041370,1,1,0,0,2,0,30,4,18,24,0,2,0
18,2,583322052,1,2,0,0,3,1,30,4,13,29,0,2,1
18,3,3788629791,1,3,0,0,0,0,30,4,18,24,0,3,1
18,4,1305086562,1,0,0,0,1,1,30,4,12,30,0,3,2
18,5,969026981,1,1,0,0,2,0,30,5,2,40,1,3,3
18,6,3269674983,1,2,0,0,3,1,30,4,29,13,0,3,4
18,7,686792867,1,3,0,0,0,0,30,1,6,36,1,3,5
18,8,1744616958,1,0,0,0,1,1,30,4,19,23,0,3,6
18,9,1408557377,1,1,0,0,2,0,30,5,41,1,0,4,6
18,10,2315321707,1,2,0,0,3,1,30,3,20,22,0,4,7
19,0,2000243549,1,0,0,0,1,1,30,5,8,34,0,0,1
19,1,3811667616,1,1,0,0,2,0,30,4,7,35,1,0,2
19,2,3475608035,1,2,0,0,3,1,30,4,25,17,0,0,3
19,3,3628772389,1,3,0,0,0,0,30,5,35,7,0,1,3
19,4,1145229160,1,0,0,0,1,1,30,1,36,6,1,2,3
19,5,4251198012,1,1,0,0,2,0,30,5,31,11,0,3,3
19,6,3915138431,1,2,0,0,3,1,30,4,19,23,0,3,4
19,7,4068302785,1,3,0,0,0,0,30,5,40,2,0,4,4
19,8,1584759556,1,0,0,0,1,1,30,1,42,0,1,5,4
19,9,1248699975,1,1,0,0,2,0,30,2,2,40,1,5,5
19,10,59701531,1,2,0,0,3,1,30,4,34,8,1,6,5
19,11,3213288396,1,3,0,0,0,0,30,5,28,14,0,7,5
20,0,1286081875,1,0,0,0,1,1,30,4,7,35,0,0,1
20,1,3586729877,1,1,0,0,2,0,30,4,23,19,0,1,1
20,2,3250670296,1,2,0,0,3,1,30,5,11,31,0,1,2
20,3,2061671852,1,3,0,0,0,0,30,1,0,42,1,1,3
20,4,1725612271,1,0,0,0,1,1,30,4,23,19,0,1,4
20,5,3537036338,1,1,0,0,2,0,30,6,13,29,0,2,4
20,6,3690200692,1,2,0,0,3,1,30,3,30,12,1,3,4
20,7,1206657463,1,3,0,0,0,0,30,0,29,13,0,4,4
20,8,2165142667,1,0,0,0,1,1,30,6,13,29,0,4,5
20,9,3976566734,1,1,0,0,2,0,30,5,12,30,1,4,6
20,10,4129731088,1,2,0,0,3,1,30,5,23,19,0,4,7
21,0,2789207972,1,0,0,0,1,1,30,5,24,18,0,0,1
21,1,1600209528,1,1,0,0,2,0,30,1,2,40,1,0,2
21,2,1264149947,1,2,0,0,3,1,30,5,8,34,0,0,3
21,3,3564797949,1,3,0,0,0,0,30,4,28,14,0,1,3
21,4,3228738368,1,0,0,0,1,1,30,6,41,1,1,2,3
21,5,2039739924,1,1,0,0,2,0,30,5,2,40,1,2,4
21,6,1703680343,1,2,0,0,3,1,30,5,24,18,0,2,5
21,7,562299912,1,3,0,0,0,0,30,4,36,6,0,3,5
21,8,3668268764,1,0,0,0,1,1,30,4,42,0,1,4,5
21,9,1184725535,1,1,0,0,2,0,30,6,11,31,1,4,6
21,10,2143210739,1,2,0,0,3,1,30,4,24,18,0,4,7
22,0,1222107435,1,0,0,0,1,1,30,4,16,26,0,0,1
22,1,33108991,1,1,0,0,2,0,30,5,0,42,1,0,2
22,2,3186695856,1,2,0,0,3,1,30,4,40,2,1,1,2
22,3,2850636275,1,3,0,0,0,0,30,5,16,26,0,2,2
22,4,1661637831,1,0,0,0,1,1,30,4,31,11,1,3,2
22,5,1325578250,1,1,0,0,2,0,30,2,6,36,1,3,3
22,6,3626226252,1,2,0,0,3,1,30,4,31,11,1,4,3
22,7,3290166671,1,3,0,0,0,0,30,2,24,18,0,5,3
22,8,2101168227,1,0,0,0,1,1,30,4,35,7,1,6,3
22,9,1765108646,1,1,0,0,2,0,30,4,30,12,0,7,3
23,0,2725233532,1,0,0,0,1,1,30,5,34,8,1,1,0
23,1,3683718736,1,1,0,0,2,0,30,3,29,13,0,2,0
23,2,1200175507,1,2,0,0,3,1,30,4,16,26,0,2,1
23,3,1353339861,1,3,0,0,0,0,30,2,18,24,0,3,1
23,4,3164763928,1,0,0,0,1,1,30,6,22,20,0,3,2
23,5,2828704347,1,1,0,0,2,0,30,4,17,25,0,4,2
23,6,1639705903,1,2,0,0,3,1,30,3,36,6,1,5,2
23,7,2546470233,1,3,0,0,0,0,30,5,12,30,1,5,3
23,8,3604294324,1,0,0,0,1,1,30,5,4,38,0,5,4
23,9,3268234743,1,1,0,0,2,0,30,0,18,24,0,6,4
23,10,2932175162,1,2,0,0,3,1,30,5,25,17,0,6,5
23,11,1743176718,1,3,0,0,0,0,30,5,41,1,0,7,5
24,0,1741972031,1,0,0,0,1,1,30,5,41,1,1,1,0
24,1,1895136385,1,1,0,0,2,0,30,5,12,30,1,1,1
24,2,1559076804,1,2,0,0,3,1,30,0,29,13,0,1,2
24,3,370078360,1,3,0,0,0,0,30,6,31,11,0,2,2
24,4,34018779,1,0,0,0,1,1,30,4,1,41,0,2,3
24,5,1040121996,1,1,0,0,2,0,30,4,7,35,1,2,4
24,6,1998607200,1,2,0,0,3,1,30,5,13,29,0,2,5
24,7,3810031267,1,3,0,0,0,0,30,6,6,36,1,2,6
24,8,473549175,1,0,0,0,1,1,30,4,18,24,0,2,7
25,0,3145759241,1,0,0,0,1,1,30,6,42,0,1,1,0
25,1,4203583332,1,1,0,0,2,0,30,1,8,34,1,1,1
25,2,3768184864,1,2,0,0,3,1,30,5,42,0,1,2,1
25,3,3921349218,1,3,0,0,0,0,30,4,11,31,1,2,2
25,4,3585289637,1,0,0,0,1,1,30,6,23,19,0,2,3
25,5,1101746408,1,1,0,0,2,0,30,5,0,42,1,2,4
25,6,12086851,1,2,0,0,3,1,30,2,25,17,0,2,5
25,7,3066334829,1,3,0,0,0,0,30,4,7,35,1,2,6
25,8,4024820033,1,0,0,0,1,1,30,5,1,41,0,2,7
26,0,353918042,1,0,0,0,1,1,30,6,42,0,1,1,0
26,1,3459886894,1,1,0,0,2,0,30,4,0,42,1,1,1
26,2,3123827313,1,2,0,0,3,1,30,1,41,1,1,2,1
26,3,1934828869,1,3,0,0,0,0,30,4,12,30,1,2,2
26,4,793448438,1,0,0,0,1,1,30,1,29,13,0,2,3
26,5,3899417290,1,1,0,0,2,0,30,4,31,11,0,3,3
26,6,3563357709,1,2,0,0,3,1,30,0,41,1,1,4,3
26,7,1079814480,1,3,0,0,0,0,30,5,18,24,0,5,3
26,8,1232978834,1,0,0,0,1,1,30,4,36,6,1,6,3
26,9,3044402901,1,1,0,0,2,0,30,4,17,25,0,7,3
27,0,3081784801,1,0,0,0,1,1,30,4,25,17,0,0,1
27,1,1892786357,1,1,0,0,2,0,30,5,33,9,0,1,1
27,2,1556726776,1,2,0,0,3,1,30,6,33,9,1,2,1
27,3,415346345,1,3,0,0,0,0,30,4,42,0,0,3,1
27,4,3521315197,1,0,0,0,1,1,30,1,42,0,1,4,1
27,5,3185255616,1,1,0,0,2,0,30,0,12,30,1,4,2
27,6,1996257172,1,2,0,0,3,1,30,4,2,40,0,4,3
27,7,854876741,1,3,0,0,0,0,30,4,24,18,0,5,3
27,8,3960845593,1,0,0,0,1,1,30,6,42,0,1,6,3
27,9,3624786012,1,1,0,0,2,0,30,4,25,17,0,7,3
28,0,2168327423,1,0,0,0,1,1,30,2,36,6,1,1,0
28,1,3979751490,1,1,0,0,2,0,30,5,30,12,0,2,0
28,2,3643691909,1,2,0,0,3,1,30,0,28,14,0,2,1
28,3,2454693465,1,3,0,0,0,0,30,5,13,29,0,3,1
28,4,1313313034,1,0,0,0,1,1,30,1,35,7,1,4,1
28,5,124314590,1,1,0,0,2,0,30,3,18,24,0,5,1
28,6,4083222305,1,2,0,0,3,1,30,4,35,7,1,6,1
28,7,3747162724,1,3,0,0,0,0,30,6,13,29,0,7,1
29,0,3601649397,1,0,0,0,1,1,30,1,30,12,1,1,0
29,1,265167305,1,1,0,0,2,0,30,5,40,2,0,2,0
29,2,3418754170,1,2,0,0,3,1,30,4,29,13,0,2,1
29,3,2229755726,1,3,0,0,0,0,30,6,25,17,0,3,1
29,4,1893696145,1,0,0,0,1,1,30,6,14,28,0,3,2
29,5,3705120212,1,1,0,0,2,0,30,4,31,11,0,4,2
29,6,2516121768,1,2,0,0,3,1,30,4,19,23,0,4,3
29,7,1374741337,1,3,0,0,0,0,30,5,11,31,1,4,4
29,8,2333226541,1,0,0,0,1,1,30,1,31,11,1,5,4
29,9,4144650608,1,1,0,0,2,0,30,0,6,36,1,5,5
29,10,808168516,1,2,0,0,3,1,30,4,18,24,0,5,6
29,11,1814271733,1,3,0,0,0,0,30,4,28,14,0,6,6
29,12,1478212152,1,0,0,0,1,1,30,4,25,17,0,6,7
30,0,710469311,1,0,0,0,1,1,30,4,1,41,0,0,1
30,1,1768293402,1,1,0,0,2,0,30,6,6,36,1,0,2
30,2,3480378582,1,2,0,0,3,1,30,4,19,23,0,0,3
30,3,243235377,1,3,0,0,0,0,30,4,13,29,0,1,3
30,4,1149999707,1,0,0,0,1,1,30,4,28,14,0,1,4
30,5,2961423774,1,1,0,0,2,0,30,6,0,42,1,1,5
30,6,1871764217,1,2,0,0,3,1,30,4,36,6,1,2,5
30,7,1436365749,1,3,0,0,0,0,30,4,39,3,0,3,5
30,8,1589530103,1,0,0,0,1,1,30,5,41,1,1,4,5
30,9,3400954170,1,1,0,0,2,0,30,4,1,41,1,4,6
30,10,2311294613,1,2,0,0,3,1,30,3,42,0,1,5,6
30,11,4122718680,1,3,0,0,0,0,30,4,12,30,1,5,7
31,0,1390191309,1,0,0,0,1,1,30,1,41,1,1,1,0
31,1,201192865,1,1,0,0,2,0,30,5,6,36,1,1,1
31,2,4160100580,1,2,0,0,3,1,30,0,39,3,1,2,1
31,3,3018720149,1,3,0,0,0,0,30,5,34,8,0,3,1
31,4,1829721705,1,0,0,0,1,1,30,6,14,28,0,3,2
31,5,1493662124,1,1,0,0,2,0,30,5,24,18,0,4,2
31,6,304663680,1,2,0,0,3,1,30,5,13,29,0,4,3
31,7,3458250545,1,3,0,0,0,0,30,1,17,25,0,5,3
31,8,2269252101,1,0,0,0,1,1,30,6,6,36,0,5,4
31,9,1933192520,1,1,0,0,2,0,30,4,14,28,0,6,4
31,10,3744616587,1,2,0,0,3,1,30,4,18,24,0,6,5
31,11,3897780941,1,3,0,0,0,0,30,5,31,11,0,7,5
32,0,1230333907,1,0,0,0,1,1,30,4,13,29,0,0,1
32,1,41335463,1,1,0,0,2,0,30,5,33,9,0,1,1
32,2,4000243178,1,2,0,0,3,1,30,3,41,1,1,2,1
32,3,2005923884,1,3,0,0,0,0,30,6,0,42,1,2,2
32,4,1669864303,1,0,0,0,1,1,30,5,8,34,0,2,3
32,5,480865859,1,1,0,0,2,0,30,4,0,42,1,2,4
32,6,144806278,1,2,0,0,3,1,30,4,35,7,1,3,4
32,7,3298393143,1,3,0,0,0,0,30,1,31,11,0,4,4
32,8,2109394699,1,0,0,0,1,1,30,0,29,13,0,4,5
32,9,1773335118,1,1,0,0,2,0,30,4,19,23,0,5,5
32,10,584336674,1,2,0,0,3,1,30,1,42,0,1,6,5
32,11,248277093,1,3,0,0,0,0,30,0,27,15,0,7,5
33,0,2685841991,1,0,0,0,1,1,30,5,0,42,0,0,1
33,1,1544461560,1,1,0,0,2,0,30,5,28,14,0,1,1
33,2,1208401979,1,2,0,0,3,1,30,4,28,14,0,1,2
33,3,19403535,1,3,0,0,0,0,30,5,2,40,1,1,3
33,4,3978311250,1,0,0,0,1,1,30,5,13,29,0,1,4
33,5,1983991956,1,1,0,0,2,0,30,3,30,12,0,2,4
33,6,1647932375,1,2,0,0,3,1,30,1,13,29,0,2,5
33,7,1311872794,1,3,0,0,0,0,30,5,12,30,1,2,6
33,8,122874350,1,0,0,0,1,1,30,6,29,13,0,2,7
34,0,1166359467,1,0,0,0,1,1,30,4,1,41,0,0,1
34,1,2124844671,1,1,0,0,2,0,30,0,19,23,0,1,1
34,2,3936268738,1,2,0,0,3,1,30,4,24,18,0,1,2
34,3,599786646,1,3,0,0,0,0,30,4,2,40,1,1,3
34,4,3753373511,1,0,0,0,1,1,30,4,8,34,0,1,4
34,5,1269830282,1,1,0,0,2,0,30,4,18,24,0,2,4
34,6,80831838,1,2,0,0,3,1,30,4,24,18,0,2,5
34,7,4039739553,1,3,0,0,0,0,30,5,21,21,0,3,5
34,8,4192903907,1,0,0,0,1,1,30,4,31,11,1,4,5
34,9,1709360678,1,1,0,0,2,0,30,3,7,35,1,4,6
34,10,2667845882,1,2,0,0,3,1,30,4,6,36,0,4,7
35,0,3474806414,1,0,0,0,1,1,30,4,18,24,0,0,1
35,1,3627970768,1,1,0,0,2,0,30,6,31,11,0,1,1
35,2,1045088652,1,2,0,0,3,1,30,4,42,0,1,2,1
35,3,2102912743,1,3,0,0,0,0,30,4,1,41,1,2,2
35,4,3914336810,1,0,0,0,1,1,30,5,1,41,0,2,3
35,5,526133844,1,1,0,0,2,0,30,4,18,24,0,3,3
35,6,3731441583,1,2,0,0,3,1,30,4,24,18,0,3,4
35,7,1247898354,1,3,0,0,0,0,30,5,22,20,0,4,4
35,8,2206383558,1,0,0,0,1,1,30,4,40,2,1,5,4
35,9,965664240,1,1,0,0,2,0,30,4,11,31,1,5,5
35,10,4170971979,1,2,0,0,3,1,30,5,35,7,1,6,5
35,11,1687428750,1,3,0,0,0,0,30,4,20,22,0,7,5
36,0,3833707711,1,0,0,0,1,1,30,4,17,25,0,0,1
36,1,2644709267,1,1,0,0,2,0,30,5,30,12,0,1,1
36,2,2308649686,1,2,0,0,3,1,30,3,24,18,0,1,2
36,3,314330392,1,3,0,0,0,0,30,4,2,40,1,1,3
36,4,4273238107,1,0,0,0,1,1,30,5,13,29,0,1,4
36,5,3084239663,1,1,0,0,2,0,30,5,24,18,0,2,4
36,6,2748180082,1,2,0,0,3,1,30,5,24,18,0,2,5
36,7,1606799651,1,3,0,0,0,0,30,6,1,41,1,2,6
36,8,417801207,1,0,0,0,1,1,30,3,35,7,1,3,6
36,9,81741626,1,1,0,0,2,0,30,0,0,42,1,3,7
37,0,3090011273,1,0,0,0,1,1,30,4,24,18,0,0,1
37,1,1901012829,1,1,0,0,2,0,30,1,0,42,1,0,2
37,2,1564953248,1,2,0,0,3,1,30,5,23,19,0,0,3
37,3,375954804,1,3,0,0,0,0,30,4,8,34,1,0,4
37,4,3529541669,1,0,0,0,1,1,30,0,41,1,1,1,4
37,5,2340543225,1,1,0,0,2,0,30,3,23,19,0,2,4
37,6,2004483644,1,2,0,0,3,1,30,5,12,30,0,2,5
37,7,1668424063,1,3,0,0,0,0,30,5,0,42,1,2,6
37,8,479425619,1,0,0,0,1,1,30,4,36,6,1,3,6
37,9,3633012484,1,1,0,0,2,0,30,5,21,21,0,4,6
37,10,2444014040,1,2,0,0,3,1,30,5,25,17,0,4,7
38,0,1522910736,1,0,0,0,1,1,30,4,36,6,1,1,0
38,1,433251179,1,1,0,0,2,0,30,4,8,34,1,1,1
38,2,2244675246,1,2,0,0,3,1,30,5,28,14,0,1,2
38,3,2397839600,1,3,0,0,0,0,30,5,36,6,0,2,2
38,4,1962441132,1,0,0,0,1,1,30,5,33,9,1,3,2
38,5,1626381551,1,1,0,0,2,0,30,4,42,0,0,4,2
38,6,2684205642,1,2,0,0,3,1,30,6,33,9,1,5,2
38,7,2348146061,1,3,0,0,0,0,30,5,23,19,0,6,2
38,8,2501310415,1,0,0,0,1,1,30,4,36,6,1,7,2
39,0,3831357683,1,0,0,0,1,1,30,5,12,30,0,0,1
39,1,3984522037,1,1,0,0,2,0,30,5,1,41,1,0,2
39,2,1500978808,1,2,0,0,3,1,30,4,34,8,1,1,2
39,3,2459464012,1,3,0,0,0,0,30,5,17,25,0,2,2
39,4,4270888079,1,0,0,0,1,1,30,4,42,0,1,3,2
39,5,3129507648,1,1,0,0,2,0,30,4,13,29,0,4,2
39,6,1940509204,1,2,0,0,3,1,30,3,36,6,1,5,2
39,7,1604449623,1,3,0,0,0,0,30,3,19,23,0,6,2
39,8,415451179,1,0,0,0,1,1,30,5,25,17,0,6,3
39,9,3569038044,1,1,0,0,2,0,30,4,25,17,0,7,3
40,0,2917900305,1,0,0,0,1,1,30,4,34,8,1,1,0
40,1,3824664635,1,1,0,0,2,0,30,4,9,33,1,1,1
40,2,1341121406,1,2,0,0,3,1,30,4,1,41,0,1,2
40,3,251461849,1,3,0,0,0,0,30,5,34,8,0,2,2
40,4,2062885916,1,0,0,0,1,1,30,3,42,0,1,3,2
40,5,2216050270,1,1,0,0,2,0,30,5,8,34,1,3,3
40,6,1780651802,1,2,0,0,3,1,30,4,29,13,0,3,4
40,7,690992245,1,3,0,0,0,0,30,4,13,29,0,4,4
40,8,2502416312,1,0,0,0,1,1,30,2,19,23,0,4,5
40,9,3409180642,1,1,0,0,2,0,30,4,33,9,0,5,5
40,10,172037437,1,2,0,0,3,1,30,4,28,14,0,5,6
40,11,1884122617,1,3,0,0,0,0,30,5,36,6,0,6,6
40,12,2941946708,1,0,0,0,1,1,30,1,25,17,0,6,7
41,0,1398417781,1,0,0,0,1,1,30,6,42,0,1,1,0
41,1,209419337,1,1,0,0,2,0,30,4,8,34,1,1,1
41,2,4168327052,1,2,0,0,3,1,30,5,25,17,0,1,2
41,3,2979328608,1,3,0,0,0,0,30,4,30,12,0,2,2
41,4,1837948177,1,0,0,0,1,1,30,4,1,41,0,2,3
41,5,648949733,1,1,0,0,2,0,30,4,30,12,0,3,3
41,6,312890152,1,2,0,0,3,1,30,2,28,14,0,3,4
41,7,2124314219,1,3,0,0,0,0,30,4,9,33,1,3,5
41,8,2277478573,1,0,0,0,1,1,30,5,25,17,0,3,6
41,9,1941418992,1,1,0,0,2,0,30,4,36,6,0,4,6
41,10,752420548,1,2,0,0,3,1,30,4,42,0,1,5,6
41,11,2563844615,1,3,0,0,0,0,30,3,1,41,1,5,7
42,0,1460042193,1,0,0,0,1,1,30,5,30,12,1,1,0
42,1,2517866284,1,1,0,0,2,0,30,4,19,23,0,2,0
42,2,3424630614,1,2,0,0,3,1,30,5,7,35,0,2,1
42,3,2235632170,1,3,0,0,0,0,30,4,30,12,0,3,1
42,4,1899572589,1,0,0,0,1,1,30,5,0,42,0,3,2
42,5,2957396680,1,1,0,0,2,0,30,1,29,13,0,4,2
42,6,3864161010,1,2,0,0,3,1,30,6,29,13,0,4,3
42,7,3528101429,1,3,0,0,0,0,30,5,18,24,0,5,3
42,8,2339102985,1,0,0,0,1,1,30,0,28,14,0,5,4
42,9,4150527052,1,1,0,0,2,0,30,4,18,24,0,6,4
42,10,8724110,1,2,0,0,3,1,30,5,24,18,0,6,5
42,11,3967631825,1,3,0,0,0,0,30,4,0,42,1,6,6
42,12,2778633381,1,0,0,0,1,1,30,4,23,19,0,6,7
43,0,3382588102,1,0,0,0,1,1,30,4,13,29,0,0,1
43,1,2292928545,1,1,0,0,2,0,30,1,25,17,0,1,1
43,2,4104352612,1,2,0,0,3,1,30,2,40,2,1,2,1
43,3,767870520,1,3,0,0,0,0,30,4,35,7,0,3,1
43,4,2579294587,1,0,0,0,1,1,30,2,1,41,0,3,2
43,5,3486058917,1,1,0,0,2,0,30,6,14,28,0,4,2
43,6,248915712,1,2,0,0,3,1,30,5,1,41,0,4,3
43,7,4207823427,1,3,0,0,0,0,30,4,17,25,0,5,3
43,8,3018824983,1,0,0,0,1,1,30,5,22,20,0,5,4
43,9,1877444552,1,1,0,0,2,0,30,0,12,30,1,5,5
43,10,3589529732,1,2,0,0,3,1,30,5,25,17,0,5,6
43,11,352386527,1,3,0,0,0,0,30,4,12,30,1,5,7
44,0,3274451574,1,0,0,0,1,1,30,6,26,16,0,0,1
44,1,4280554791,1,1,0,0,2,0,30,0,24,18,0,1,1
44,2,3944495210,1,2,0,0,3,1,30,2,19,23,0,1,2
44,3,2755496766,1,3,0,0,0,0,30,5,0,42,1,1,3
44,4,2419437185,1,0,0,0,1,1,30,3,15,27,0,1,4
44,5,2572601539,1,1,0,0,2,0,30,6,31,11,0,2,4
44,6,89058310,1,2,0,0,3,1,30,4,35,7,1,3,4
44,7,3195027162,1,3,0,0,0,0,30,6,0,42,1,3,5
44,8,2858967581,1,0,0,0,1,1,30,4,8,34,0,3,6
44,9,1717587150,1,1,0,0,2,0,30,6,0,42,1,3,7
45,0,482610375,1,0,0,0,1,1,30,4,34,8,1,1,0
45,1,2294034442,1,1,0,0,2,0,30,4,24,18,0,2,0
45,2,3200798772,1,2,0,0,3,1,30,3,12,30,0,2,1
45,3,2111139215,1,3,0,0,0,0,30,4,0,42,1,2,2
45,4,3922563282,1,0,0,0,1,1,30,4,19,23,0,2,3
45,5,2733564838,1,1,0,0,2,0,30,6,7,35,1,2,4
45,6,2397505257,1,2,0,0,3,1,30,6,41,1,1,3,4
45,7,2550669611,1,3,0,0,0,0,30,5,17,25,0,4,4
45,8,67126382,1,0,0,0,1,1,30,5,41,1,1,5,4
45,9,4026034097,1,1,0,0,2,0,30,4,18,24,0,6,4
45,10,2837035653,1,2,0,0,3,1,30,5,41,1,1,7,4
46,0,4063415997,1,0,0,0,1,1,30,5,42,0,1,1,0
46,1,2069096703,1,1,0,0,2,0,30,4,25,17,0,2,0
46,2,1733037122,1,2,0,0,3,1,30,5,31,11,1,3,0
46,3,544038678,1,3,0,0,0,0,30,6,0,42,1,3,1
46,4,207979097,1,0,0,0,1,1,30,5,20,22,0,3,2
46,5,2508627099,1,1,0,0,2,0,30,5,38,4,0,4,2
46,6,2172567518,1,2,0,0,3,1,30,2,35,7,1,5,2
46,7,3983991585,1,3,0,0,0,0,30,5,23,19,0,6,2
46,8,647509493,1,0,0,0,1,1,30,6,34,8,1,7,2
47,0,3319719559,1,0,0,0,1,1,30,1,35,7,1,1,0
47,1,82576354,1,1,0,0,2,0,30,4,17,25,0,2,0
47,2,1794661534,1,2,0,0,3,1,30,4,25,17,0,2,1
47,3,4095309536,1,3,0,0,0,0,30,5,35,7,0,3,1
47,4,3759249955,1,0,0,0,1,1,30,1,35,7,1,4,1
47,5,522106750,1,1,0,0,2,0,30,4,36,6,0,5,1
47,6,186047169,1,2,0,0,3,1,30,4,24,18,0,5,2
47,7,1092811499,1,3,0,0,0,0,30,6,6,36,1,5,3
47,8,4198780351,1,0,0,0,1,1,30,6,13,29,0,5,4
47,9,1715237122,1,1,0,0,2,0,30,4,33,9,0,6,4
47,10,625577565,1,2,0,0,3,1,30,5,2,40,0,6,5
47,11,1532341895,1,3,0,0,0,0,30,5,16,26,0,7,5
48,0,3999441557,1,0,0,0,1,1,30,4,36,6,1,1,0
48,1,2810443113,1,1,0,0,2,0,30,3,0,42,1,1,1
48,2,1669062682,1,2,0,0,3,1,30,4,12,30,0,1,2
48,3,2627547886,1,3,0,0,0,0,30,5,25,17,0,2,2
48,4,144004657,1,0,0,0,1,1,30,6,36,6,1,3,2
48,5,4102912372,1,1,0,0,2,0,30,5,23,19,0,4,2
48,6,2108593078,1,2,0,0,3,1,30,0,12,30,0,4,3
48,7,1772533497,1,3,0,0,0,0,30,0,0,42,1,4,4
48,8,583535053,1,0,0,0,1,1,30,5,29,13,0,4,5
48,9,247475472,1,1,0,0,2,0,30,3,17,25,0,5,5
48,10,1154239802,1,2,0,0,3,1,30,4,0,42,0,5,6
48,11,2212063893,1,3,0,0,0,0,30,4,1,41,1,5,7
49,0,839161644,1,0,0,0,1,1,30,4,30,12,1,1,0
49,1,2650585711,1,1,0,0,2,0,30,5,8,34,1,1,1
49,2,1509205280,1,2,0,0,3,1,30,5,29,13,0,1,2
49,3,320206836,1,3,0,0,0,0,30,4,31,11,0,2,2
49,4,4279114551,1,0,0,0,1,1,30,6,22,20,0,2,3
49,5,3090116107,1,1,0,0,2,0,30,4,39,3,0,3,3
49,6,1948735676,1,2,0,0,3,1,30,4,23,19,0,3,4
49,7,759737232,1,3,0,0,0,0,30,4,34,8,0,4,4
49,8,423677651,1,0,0,0,1,1,30,2,42,0,1,5,4
49,9,87618070,1,1,0,0,2,0,30,6,27,15,0,6,4
49,10,2388266072,1,2,0,0,3,1,30,0,35,7,1,7,4
50,0,2272483618,1,0,0,0,1,1,30,3,41,1,1,1,0
50,1,2425647972,1,1,0,0,2,0,30,5,19,23,0,2,0
50,2,2089588391,1,2,0,0,3,1,30,1,34,8,1,3,0
50,3,3147412482,1,3,0,0,0,0,30,5,0,42,1,3,1
50,4,564530366,1,0,0,0,1,1,30,2,29,13,0,3,2
50,5,1570633583,1,1,0,0,2,0,30,5,11,31,1,3,3
50,6,2529118787,1,2,0,0,3,1,30,4,31,11,1,4,3
50,7,45575558,1,3,0,0,0,0,30,3,31,11,0,5,3
50,8,3250883297,1,0,0,0,1,1,30,4,29,13,0,5,4
50,9,2010163979,1,1,0,0,2,0,30,4,2,40,1,5,5
50,10,2968649183,1,2,0,0,3,1,30,6,42,0,1,6,5
50,11,485105954,1,3,0,0,0,0,30,4,35,7,0,7,5
51,0,1628126067,1,0,0,0,1,1,30,5,6,36,0,0,1
51,1,439127623,1,1,0,0,2,0,30,5,27,15,0,1,1
51,2,3592714488,1,2,0,0,3,1,30,4,42,0,1,2,1
51,3,2403716044,1,3,0,0,0,0,30,4,35,7,0,3,1
51,4,2067656463,1,0,0,0,1,1,30,3,35,7,1,4,1
51,5,878658019,1,1,0,0,2,0,30,4,40,2,0,5,1
51,6,542598438,1,2,0,0,3,1,30,5,41,1,1,6,1
51,7,1548701655,1,3,0,0,0,0,30,4,29,13,0,7,1
52,0,884429629,1,0,0,0,1,1,30,3,36,6,1,1,0
52,1,1942253720,1,1,0,0,2,0,30,0,0,42,1,1,1
52,2,1606194139,1,2,0,0,3,1,30,6,35,7,1,2,1
52,3,417195695,1,3,0,0,0,0,30,5,24,18,0,3,1
52,4,1323960025,1,0,0,0,1,1,30,5,6,36,0,3,2
52,5,2381784116,1,1,0,0,2,0,30,5,24,18,0,4,2
52,6,2045724535,1,2,0,0,3,1,30,3,19,23,0,4,3
52,7,3857148602,1,3,0,0,0,0,30,6,34,8,0,5,3
52,8,1763490421,1,0,0,0,1,1,30,5,20,22,0,5,4
52,9,3574914488,1,1,0,0,2,0,30,4,14,28,0,6,4
52,10,2485254931,1,2,0,0,3,1,30,6,19,23,0,6,5
52,11,1711702,1,3,0,0,0,0,30,5,19,23,0,7,5
53,0,1295051800,1,0,0,0,1,1,30,5,36,6,1,1,0
53,1,958992219,1,1,0,0,2,0,30,5,28,14,0,2,0
53,2,4112579084,1,2,0,0,3,1,30,4,22,20,0,2,1
53,3,2923580640,1,3,0,0,0,0,30,4,17,25,0,3,1
53,4,2587521059,1,0,0,0,1,1,30,4,34,8,1,4,1
53,5,1398522615,1,1,0,0,2,0,30,5,24,18,0,5,1
53,6,257142184,1,2,0,0,3,1,30,4,41,1,1,6,1
53,7,4216049899,1,3,0,0,0,0,30,4,35,7,0,7,1
54,0,2698839010,1,0,0,0,1,1,30,4,6,36,0,0,1
54,1,215295781,1,1,0,0,2,0,30,5,7,35,1,0,2
54,2,4174203496,1,2,0,0,3,1,30,5,8,34,0,0,3
54,3,2179884202,1,3,0,0,0,0,30,4,23,19,0,1,3
54,4,1843824621,1,0,0,0,1,1,30,6,23,19,0,1,4
54,5,654826177,1,1,0,0,2,0,30,2,6,36,1,1,5
54,6,318766596,1,2,0,0,3,1,30,4,29,13,0,1,6
54,7,2619414598,1,3,0,0,0,0,30,5,22,20,0,2,6
54,8,2283355017,1,0,0,0,1,1,30,2,35,7,1,3,6
54,9,1947295436,1,1,0,0,2,0,30,1,19,23,0,4,6
54,10,758296992,1,2,0,0,3,1,30,6,25,17,0,4,7
55,0,4132160984,1,0,0,0,1,1,30,4,22,20,0,0,1
55,1,3042501427,1,1,0,0,2,0,30,4,2,40,1,0,2
55,2,3949265757,1,2,0,0,3,1,30,5,7,35,0,0,3
55,3,712122552,1,3,0,0,0,0,30,0,18,24,0,1,3
55,4,376062971,1,0,0,0,1,1,30,5,13,29,0,1,4
55,5,4235631799,1,1,0,0,2,0,30,5,42,0,0,2,4
55,6,93828857,1,2,0,0,3,1,30,4,36,6,1,3,4
55,7,1905252924,1,3,0,0,0,0,30,4,35,7,0,4,4
55,8,815593367,1,0,0,0,1,1,30,5,14,28,0,4,5
55,9,2627017434,1,1,0,0,2,0,30,5,42,0,0,5,5
55,10,3585502638,1,2,0,0,3,1,30,0,26,16,0,5,6
55,11,2344783320,1,3,0,0,0,0,30,4,1,41,1,5,7
56,0,3487803433,1,0,0,0,1,1,30,5,13,29,0,0,1
56,1,2298804989,1,1,0,0,2,0,30,4,35,7,0,1,1
56,2,1962745408,1,2,0,0,3,1,30,4,34,8,1,2,1
56,3,773746964,1,3,0,0,0,0,30,5,16,26,0,3,1
56,4,3927333829,1,0,0,0,1,1,30,5,17,25,0,3,2
56,5,2738335385,1,1,0,0,2,0,30,5,30,12,0,4,2
56,6,2402275804,1,2,0,0,3,1,30,6,25,17,0,4,3
56,7,4213699871,1,3,0,0,0,0,30,5,35,7,0,5,3
56,8,71896929,1,0,0,0,1,1,30,5,7,35,0,5,4
56,9,1883320996,1,1,0,0,2,0,30,1,11,31,1,5,5
56,10,2841806200,1,2,0,0,3,1,30,4,11,31,0,5,6
56,11,358262971,1,3,0,0,0,0,30,6,2,40,1,5,7
57,0,2504541932,1,0,0,0,1,1,30,4,6,36,0,0,1
57,1,1315543488,1,1,0,0,2,0,30,1,25,17,0,1,1
57,2,174163057,1,2,0,0,3,1,30,5,35,7,1,2,1
57,3,3280131909,1,3,0,0,0,0,30,5,29,13,0,3,1
57,4,2944072328,1,0,0,0,1,1,30,6,11,31,0,3,2
57,5,1755073884,1,1,0,0,2,0,30,4,28,14,0,4,2
57,6,613693453,1,2,0,0,3,1,30,5,42,0,1,5,2
57,7,277633872,1,3,0,0,0,0,30,4,7,35,1,5,3
57,8,3383602724,1,0,0,0,1,1,30,4,19,23,0,5,4
57,9,3047543143,1,1,0,0,2,0,30,0,28,14,0,6,4
57,10,1053223849,1,2,0,0,3,1,30,2,26,16,0,6,5
57,11,717164268,1,3,0,0,0,0,30,5,18,24,0,7,5
58,0,4007668029,1,0,0,0,1,1,30,0,17,25,0,0,1
58,1,2818669585,1,1,0,0,2,0,30,4,18,24,0,1,1
58,2,2482610004,1,2,0,0,3,1,30,5,11,31,0,1,2
58,3,488290710,1,3,0,0,0,0,30,6,30,12,0,2,2
58,4,152231129,1,0,0,0,1,1,30,2,19,23,0,2,3
58,5,3258199981,1,1,0,0,2,0,30,3,17,25,0,3,3
58,6,2922140400,1,2,0,0,3,1,30,4,18,24,0,3,4
58,7,1780759969,1,3,0,0,0,0,30,4,35,7,0,4,4
58,8,591761525,1,0,0,0,1,1,30,5,9,33,0,4,5
58,9,255701944,1,1,0,0,2,0,30,4,12,30,1,4,6
58,10,3361670796,1,2,0,0,3,1,30,5,40,2,1,5,6
58,11,2220290365,1,3,0,0,0,0,30,4,17,25,0,6,6
58,12,1031291921,1,0,0,0,1,1,30,6,34,8,1,7,6
59,0,263549080,1,0,0,0,1,1,30,5,42,0,1,1,0
59,1,2074973147,1,1,0,0,2,0,30,5,1,41,1,1,1
59,2,1738913566,1,2,0,0,3,1,30,0,29,13,0,1,2
59,3,549915122,1,3,0,0,0,0,30,6,33,9,0,2,2
59,4,213855541,1,0,0,0,1,1,30,4,40,2,1,3,2
59,5,2514503543,1,1,0,0,2,0,30,4,7,35,1,3,3
59,6,2178443962,1,2,0,0,3,1,30,4,42,0,1,4,3
59,7,1842384381,1,3,0,0,0,0,30,3,17,25,0,5,3
59,8,653385937,1,0,0,0,1,1,30,0,6,36,0,5,4
59,9,3806972802,1,1,0,0,2,0,30,3,28,14,0,6,4
59,10,2617974358,1,2,0,0,3,1,30,4,7,35,0,6,5
59,11,2281914777,1,3,0,0,0,0,30,4,17,25,0,7,5
60,0,1696871054,1,0,0,0,1,1,30,4,34,8,1,1,0
60,1,607211497,1,1,0,0,2,0,30,5,35,7,0,2,0
60,2,2418635564,1,2,0,0,3,1,30,4,17,25,0,2,1
60,3,2571799918,1,3,0,0,0,0,30,4,7,35,1,2,2
60,4,2235740337,1,0,0,0,1,1,30,5,2,40,0,2,3
60,5,1800341869,1,1,0,0,2,0,30,4,0,42,1,2,4
60,6,2858165960,1,2,0,0,3,1,30,2,24,18,0,2,5
60,7,2522106379,1,3,0,0,0,0,30,4,0,42,1,2,6
60,8,2675270733,1,0,0,0,1,1,30,4,23,19,0,2,7
61,0,783413676,1,0,0,0,1,1,30,4,30,12,1,1,0
61,1,447354095,1,1,0,0,2,0,30,6,24,18,0,2,0
61,2,2258778162,1,2,0,0,3,1,30,4,18,24,0,2,1
61,3,1069779718,1,3,0,0,0,0,30,5,35,7,0,3,1
61,4,4223366583,1,0,0,0,1,1,30,5,18,24,0,3,2
61,5,886884491,1,1,0,0,2,0,30,5,7,35,1,3,3
61,6,2698308558,1,2,0,0,3,1,30,6,41,1,1,4,3
61,7,3656793762,1,3,0,0,0,0,30,5,17,25,0,5,3
61,8,367929683,1,0,0,0,1,1,30,4,24,18,0,5,4
61,9,31870102,1,1,0,0,2,0,30,1,0,42,1,5,5
61,10,3137838954,1,2,0,0,3,1,30,4,24,18,0,5,6
61,11,2801779373,1,3,0,0,0,0,30,5,23,19,0,6,6
61,12,2954943727,1,0,0,0,1,1,30,3,7,35,0,6,7
62,0,69252002,1,0,0,0,1,1,30,4,25,17,0,0,1
62,1,3175220854,1,1,0,0,2,0,30,5,0,42,1,0,2
62,2,2839161273,1,2,0,0,3,1,30,1,25,17,0,0,3
62,3,844841979,1,3,0,0,0,0,30,5,13,29,0,1,3
62,4,508782398,1,0,0,0,1,1,30,4,18,24,0,1,4
62,5,3614751250,1,1,0,0,2,0,30,5,7,35,1,1,5
62,6,3278691669,1,2,0,0,3,1,30,5,18,24,0,1,6
62,7,2137311238,1,3,0,0,0,0,30,4,12,30,1,1,7
63,0,1572378099,1,0,0,0,1,1,30,4,28,14,0,0,1
63,1,383379655,1,1,0,0,2,0,30,1,8,34,1,0,2
63,2,47320074,1,2,0,0,3,1,30,3,42,0,1,1,2
63,3,3153288926,1,3,0,0,0,0,30,5,34,8,0,2,2
63,4,2011908495,1,0,0,0,1,1,30,5,13,29,0,2,3
63,5,822910051,1,1,0,0,2,0,30,1,22,20,0,3,3
63,6,486850470,1,2,0,0,3,1,30,3,29,13,0,3,4
63,7,150790889,1,3,0,0,0,0,30,4,2,40,1,3,5
63,8,2451438891,1,0,0,0,1,1,30,4,0,42,0,3,6
63,9,2115379310,1,1,0,0,2,0,30,5,29,13,0,4,6
63,10,926380866,1,2,0,0,3,1,30,5,18,24,0,4,7
64,0,3027886183,1,0,0,0,1,1,30,3,23,19,0,0,1
64,1,2691826602,1,1,0,0,2,0,30,5,32,10,0,1,1
64,2,3598590932,1,2,0,0,3,1,30,2,19,23,0,1,2
64,3,2409592488,1,3,0,0,0,0,30,5,30,12,0,2,2
64,4,2073532907,1,0,0,0,1,1,30,4,28,14,0,2,3
64,5,3131356998,1,1,0,0,2,0,30,6,8,34,1,2,4
64,6,4038121328,1,2,0,0,3,1,30,4,31,11,1,3,4
64,7,3702061747,1,3,0,0,0,0,30,4,0,42,1,3,5
64,8,2513063303,1,0,0,0,1,1,30,3,17,25,0,3,6
64,9,2177003722,1,1,0,0,2,0,30,5,23,19,0,4,6
64,10,182684428,1,2,0,0,3,1,30,3,34,8,1,5,6
64,11,4141592143,1,3,0,0,0,0,30,5,35,7,0,6,6
64,12,904448938,1,0,0,0,1,1,30,4,28,14,0,6,7
65,0,3386787480,1,0,0,0,1,1,30,4,41,1,1,1,0
65,1,903244251,1,1,0,0,2,0,30,6,0,42,1,1,1
65,2,567184670,1,2,0,0,3,1,30,5,20,22,0,1,2
65,3,3673153522,1,3,0,0,0,0,30,4,25,17,0,2,2
65,4,284950556,1,0,0,0,1,1,30,5,41,1,1,3,2
65,5,3490258295,1,1,0,0,2,0,30,4,28,14,0,4,2
65,6,1006715066,1,2,0,0,3,1,30,3,13,29,0,4,3
65,7,4112683918,1,3,0,0,0,0,30,4,19,23,0,5,3
65,8,724480952,1,0,0,0,1,1,30,0,41,1,1,6,3
65,9,388421371,1,1,0,0,2,0,30,0,6,36,1,6,4
65,10,1446245462,1,2,0,0,3,1,30,4,40,2,1,7,4
66,0,3448411892,1,0,0,0,1,1,30,4,1,41,0,0,1
66,1,2307031461,1,1,0,0,2,0,30,5,17,25,0,1,1
66,2,4118455528,1,2,0,0,3,1,30,5,24,18,0,1,2
66,3,781973436,1,3,0,0,0,0,30,4,35,7,0,2,2
66,4,2593397503,1,0,0,0,1,1,30,5,23,19,0,2,3
66,5,2746561857,1,1,0,0,2,0,30,4,24,18,0,3,3
66,6,263018628,1,2,0,0,3,1,30,5,30,12,1,4,3
66,7,1221503832,1,3,0,0,0,0,30,4,29,13,0,5,3
66,8,3032927899,1,0,0,0,1,1,30,5,24,18,0,5,4
66,9,1891547468,1,1,0,0,2,0,30,0,17,25,0,6,4
66,10,702549024,1,2,0,0,3,1,30,2,36,6,1,7,4
67,0,1928929368,1,0,0,0,1,1,30,4,3,39,0,0,1
67,1,739930924,1,1,0,0,2,0,30,1,7,35,1,0,2
67,2,403871343,1,2,0,0,3,1,30,4,1,41,0,0,3
67,3,1461695434,1,3,0,0,0,0,30,5,19,23,0,1,3
67,4,2368459764,1,0,0,0,1,1,30,3,18,24,0,1,4
67,5,1179461320,1,1,0,0,2,0,30,5,28,14,0,2,4
67,6,843401739,1,2,0,0,3,1,30,4,13,29,0,2,5
67,7,2654825806,1,3,0,0,0,0,30,6,16,26,0,3,5
67,8,2807990160,1,0,0,0,1,1,30,3,24,18,0,3,6
67,9,2471930579,1,1,0,0,2,0,30,5,24,18,0,4,6
67,10,1282932135,1,2,0,0,3,1,30,5,15,27,0,4,7
68,0,4237376315,1,0,0,0,1,1,30,4,29,13,0,0,1
68,1,2243057021,1,1,0,0,2,0,30,4,29,13,0,1,1
68,2,1906997440,1,2,0,0,3,1,30,4,18,24,0,1,2
68,3,717998996,1,3,0,0,0,0,30,6,16,26,0,2,2
68,4,381939415,1,0,0,0,1,1,30,4,19,23,0,2,3
68,5,2682587417,1,1,0,0,2,0,30,4,18,24,0,3,3
68,6,2346527836,1,2,0,0,3,1,30,5,26,16,0,3,4
68,7,2010468255,1,3,0,0,0,0,30,5,11,31,1,3,5
68,8,821469811,1,0,0,0,1,1,30,2,12,30,0,3,6
68,9,2632893878,1,1,0,0,2,0,30,1,0,42,1,3,7
69,0,3743338749,1,0,0,0,1,1,30,5,17,25,0,0,1
69,1,1259795520,1,1,0,0,2,0,30,5,41,1,0,1,1
69,2,923735939,1,2,0,0,3,1,30,5,25,17,0,1,2
69,3,1076900293,1,3,0,0,0,0,30,4,38,4,0,2,2
69,4,2888324360,1,0,0,0,1,1,30,1,24,18,0,2,3
69,5,1699325916,1,1,0,0,2,0,30,4,23,19,0,3,3
69,6,1363266335,1,2,0,0,3,1,30,4,41,1,1,4,3
69,7,1027206754,1,3,0,0,0,0,30,5,30,12,0,5,3
69,8,3327854756,1,0,0,0,1,1,30,1,34,8,1,6,3
69,9,2991795175,1,1,0,0,2,0,30,6,16,26,0,7,3
70,0,1756818400,1,0,0,0,1,1,30,5,30,12,1,1,0
70,1,2762921617,1,1,0,0,2,0,30,5,23,19,0,2,0
70,2,2426862036,1,2,0,0,3,1,30,6,42,0,1,3,0
70,3,1237863592,1,3,0,0,0,0,30,2,1,41,1,3,1
70,4,901804011,1,0,0,0,1,1,30,5,20,22,0,3,2
70,5,1054968365,1,1,0,0,2,0,30,4,18,24,0,4,2
70,6,2866392432,1,2,0,0,3,1,30,5,7,35,0,4,3
70,7,1677393988,1,3,0,0,0,0,30,2,18,24,0,5,3
70,8,1341334407,1,0,0,0,1,1,30,6,19,23,0,5,4
70,9,2248098737,1,1,0,0,2,0,30,4,3,39,1,5,5
70,10,3305922828,1,2,0,0,3,1,30,5,2,40,0,5,6
70,11,2969863247,1,3,0,0,0,0,30,1,13,29,0,6,6
70,12,1780864803,1,0,0,0,1,1,30,5,40,2,1,7,6
71,0,1013121962,1,0,0,0,1,1,30,5,36,6,1,1,0
71,1,2824546029,1,1,0,0,2,0,30,4,18,24,0,2,0
71,2,1683165598,1,2,0,0,3,1,30,4,42,0,1,3,0
71,3,2641650802,1,3,0,0,0,0,30,5,0,42,1,3,1
71,4,158107573,1,0,0,0,1,1,30,4,42,0,1,4,1
71,5,3264076425,1,1,0,0,2,0,30,4,41,1,0,5,1
71,6,2122695994,1,2,0,0,3,1,30,1,42,0,1,6,1
71,7,3081181198,1,3,0,0,0,0,30,4,2,40,1,6,2
71,8,597637969,1,0,0,0,1,1,30,3,42,0,1,7,2
72,0,298960288,1,0,0,0,1,1,30,5,34,8,1,1,0
72,1,2599608290,1,1,0,0,2,0,30,5,1,41,1,1,1
72,2,2263548709,1,2,0,0,3,1,30,4,40,2,1,2,1
72,3,3321372800,1,3,0,0,0,0,30,4,23,19,0,3,1
72,4,2985313219,1,0,0,0,1,1,30,1,19,23,0,3,2
72,5,3039138686,1,1,0,0,2,0,30,4,42,0,0,4,2
72,6,2703079105,1,2,0,0,3,1,30,4,21,21,0,4,3
72,7,219535876,1,3,0,0,0,0,30,4,12,30,1,4,4
72,8,3424843615,1,0,0,0,1,1,30,5,0,42,0,4,5
72,9,36640649,1,1,0,0,2,0,30,5,28,14,0,5,5
72,10,3142609501,1,2,0,0,3,1,30,3,7,35,0,5,6
72,11,2806549920,1,3,0,0,0,0,30,5,1,41,1,5,7
73,0,1802086385,1,0,0,0,1,1,30,4,35,7,1,1,0
73,1,613087941,1,1,0,0,2,0,30,5,22,20,0,2,0
73,2,3766674806,1,2,0,0,3,1,30,0,30,12,1,3,0
73,3,2577676362,1,3,0,0,0,0,30,2,1,41,1,3,1
73,4,2241616781,1,0,0,0,1,1,30,5,7,35,0,3,2
73,5,1052618337,1,1,0,0,2,0,30,4,8,34,1,3,3
73,6,716558756,1,2,0,0,3,1,30,5,18,24,0,3,4
73,7,3870145621,1,3,0,0,0,0,30,4,18,24,0,4,4
73,8,2681147177,1,0,0,0,1,1,30,5,24,18,0,4,5
73,9,197603948,1,1,0,0,2,0,30,4,23,19,0,5,5
73,10,1156089152,1,2,0,0,3,1,30,4,7,35,0,5,6
73,11,14708721,1,3,0,0,0,0,30,5,31,11,0,6,6
73,12,3120677573,1,0,0,0,1,1,30,6,35,7,1,7,6
74,0,1308048819,1,0,0,0,1,1,30,5,7,35,0,0,1
74,1,3119472886,1,1,0,0,2,0,30,5,17,25,0,1,1
74,2,2783413305,1,2,0,0,3,1,30,4,42,0,1,2,1
74,3,1594414861,1,3,0,0,0,0,30,5,24,18,0,3,1
74,4,1258355280,1,0,0,0,1,1,30,0,24,18,0,3,2
74,5,3559003282,1,1,0,0,2,0,30,4,12,30,1,3,3
74,6,3222943701,1,2,0,0,3,1,30,6,30,12,1,4,3
74,7,2886884120,1,3,0,0,0,0,30,1,0,42,1,4,4
74,8,1697885676,1,0,0,0,1,1,30,5,41,1,1,5,4
74,9,556505245,1,1,0,0,2,0,30,5,7,35,1,5,5
74,10,3662474097,1,2,0,0,3,1,30,4,24,18,0,5,6
74,11,3326414516,1,3,0,0,0,0,30,6,18,24,0,6,6
74,12,2137416072,1,0,0,0,1,1,30,5,29,13,0,6,7
75,0,3616495766,1,0,0,0,1,1,30,0,29,13,0,0,1
75,1,1132952537,1,1,0,0,2,0,30,5,19,23,0,1,1
75,2,4286539402,1,2,0,0,3,1,30,4,19,23,0,1,2
75,3,3097540958,1,3,0,0,0,0,30,4,11,31,1,1,3
75,4,2761481377,1,0,0,0,1,1,30,5,25,17,0,1,4
75,5,1572482933,1,1,0,0,2,0,30,5,40,2,0,2,4
75,6,431102502,1,2,0,0,3,1,30,1,41,1,1,3,4
75,7,3537071354,1,3,0,0,0,0,30,3,12,30,1,3,5
75,8,3201011773,1,0,0,0,1,1,30,5,6,36,0,3,6
75,9,2864952192,1,1,0,0,2,0,30,5,1,41,1,3,7
76,0,754850444,1,0,0,0,1,1,30,6,35,7,1,1,0
76,1,908014798,1,1,0,0,2,0,30,6,30,12,0,2,0
76,2,571955217,1,2,0,0,3,1,30,4,2,40,0,2,1
76,3,3677924069,1,3,0,0,0,0,30,4,6,36,1,2,2
76,4,3341864488,1,0,0,0,1,1,30,6,25,17,0,2,3
76,5,53000409,1,1,0,0,2,0,30,6,31,11,0,3,3
76,6,1011485613,1,2,0,0,3,1,30,4,17,25,0,3,4
76,7,2822909680,1,3,0,0,0,0,30,5,0,42,1,3,5
76,8,3781394884,1,0,0,0,1,1,30,6,9,33,0,3,6
76,9,492530805,1,1,0,0,2,0,30,3,12,30,1,3,7
77,0,2158637654,1,0,0,0,1,1,30,5,25,17,0,0,1
77,1,3216461745,1,1,0,0,2,0,30,1,12,30,1,0,2
77,2,4123226075,1,2,0,0,3,1,30,4,30,12,1,1,2
77,3,886082870,1,3,0,0,0,0,30,4,20,22,0,2,2
77,4,550023289,1,0,0,0,1,1,30,5,24,18,0,2,3
77,5,3655992141,1,1,0,0,2,0,30,5,30,12,0,3,3
77,6,267789175,1,2,0,0,3,1,30,5,31,11,1,4,3
77,7,2079213242,1,3,0,0,0,0,30,4,12,30,1,4,4
77,8,989553685,1,0,0,0,1,1,30,5,42,0,1,5,4
77,9,2800977752,1,1,0,0,2,0,30,5,22,20,0,6,4
77,10,3759462956,1,2,0,0,3,1,30,2,35,7,1,7,4
78,0,3392663924,1,0,0,0,1,1,30,1,14,28,0,0,1
78,1,3056604343,1,1,0,0,2,0,30,4,41,1,0,1,1
78,2,1867605899,1,2,0,0,3,1,30,6,14,28,0,1,2
78,3,726225468,1,3,0,0,0,0,30,5,35,7,0,2,2
78,4,2537649535,1,0,0,0,1,1,30,4,17,25,0,2,3
78,5,3496134739,1,1,0,0,2,0,30,4,22,20,0,3,3
78,6,1012591510,1,2,0,0,3,1,30,5,31,11,1,4,3
78,7,1165755864,1,3,0,0,0,0,30,5,2,40,1,4,4
78,8,829696283,1,0,0,0,1,1,30,5,31,11,1,5,4
78,9,3935665135,1,1,0,0,2,0,30,6,0,42,1,5,5
78,10,1452121906,1,2,0,0,3,1,30,5,14,28,0,5,6
78,11,310741475,1,3,0,0,0,0,30,4,21,21,0,6,6
78,12,1269226679,1,0,0,0,1,1,30,4,36,6,1,7,6
79,0,3973047035,1,0,0,0,1,1,30,3,34,8,1,1,0
79,1,1489503806,1,1,0,0,2,0,30,2,1,41,1,1,1
79,2,348123375,1,2,0,0,3,1,30,1,20,22,0,1,2
79,3,3454092227,1,3,0,0,0,0,30,3,7,35,1,1,3
79,4,3118032646,1,0,0,0,1,1,30,4,8,34,0,1,4
79,5,1929034202,1,1,0,0,2,0,30,4,13,29,0,2,4
79,6,787653771,1,2,0,0,3,1,30,5,31,11,1,3,4
79,7,451594190,1,3,0,0,0,0,30,1,0,42,1,3,5
79,8,3557563042,1,0,0,0,1,1,30,4,17,25,0,3,6
79,9,3221503461,1,1,0,0,2,0,30,5,11,31,1,3,7
80,0,1181205836,1,0,0,0,1,1,30,2,40,2,1,1,0
80,1,2992629903,1,1,0,0,2,0,30,5,31,11,0,2,0
80,2,2656570322,1,2,0,0,3,1,30,6,19,23,0,2,1
80,3,662251028,1,3,0,0,0,0,30,1,36,6,0,3,1
80,4,326191447,1,0,0,0,1,1,30,5,21,21,0,3,2
80,5,3432160299,1,1,0,0,2,0,30,4,26,16,0,4,2
80,6,3096100718,1,2,0,0,3,1,30,5,12,30,0,4,3
80,7,1101781424,1,3,0,0,0,0,30,5,21,21,0,5,3
80,8,765721843,1,0,0,0,1,1,30,5,18,24,0,5,4
80,9,429662262,1,1,0,0,2,0,30,5,22,20,0,6,4
80,10,3535631114,1,2,0,0,3,1,30,0,18,24,0,6,5
80,11,2394250683,1,3,0,0,0,0,30,5,0,42,1,6,6
80,12,1205252239,1,0,0,0,1,1,30,1,30,12,1,7,6
81,0,2614527810,1,0,0,0,1,1,30,4,20,22,0,0,1
81,1,3573013014,1,1,0,0,2,0,30,4,24,18,0,1,1
81,2,2431632583,1,2,0,0,3,1,30,6,2,40,0,1,2
81,3,1242634139,1,3,0,0,0,0,30,4,31,11,0,2,2
81,4,906574558,1,0,0,0,1,1,30,4,19,23,0,2,3
81,5,2717998625,1,1,0,0,2,0,30,6,20,22,0,3,3
81,6,2871162979,1,2,0,0,3,1,30,5,14,28,0,3,4
81,7,387619750,1,3,0,0,0,0,30,6,30,12,0,4,4
81,8,1346104954,1,0,0,0,1,1,30,1,24,18,0,4,5
81,9,3157529021,1,1,0,0,2,0,30,4,28,14,0,5,5
81,10,3310693375,1,2,0,0,3,1,30,4,36,6,1,6,5
81,11,827150146,1,3,0,0,0,0,30,4,1,41,1,6,6
81,12,491090565,1,0,0,0,1,1,30,5,9,33,0,6,7
82,0,1701070432,1,0,0,0,1,1,30,5,9,33,0,0,1
82,1,1365010851,1,1,0,0,2,0,30,1,20,22,0,1,1
82,2,3665658853,1,2,0,0,3,1,30,5,14,28,0,1,2
82,3,1082776737,1,3,0,0,0,0,30,1,6,36,1,1,3
82,4,2894200804,1,0,0,0,1,1,30,4,35,7,1,2,3
82,5,1804541247,1,1,0,0,2,0,30,4,33,9,0,3,3
82,6,3615965314,1,2,0,0,3,1,30,6,31,11,1,4,3
82,7,3769129668,1,3,0,0,0,0,30,5,0,42,1,4,4
82,8,3333731200,1,0,0,0,1,1,30,2,26,16,0,4,5
82,9,2997671619,1,1,0,0,2,0,30,4,17,25,0,5,5
82,10,4055495710,1,2,0,0,3,1,30,6,27,15,0,5,6
82,11,667292744,1,3,0,0,0,0,30,5,13,29,0,6,6
82,12,1725116835,1,0,0,0,1,1,30,4,6,36,0,6,7
83,0,986908758,1,0,0,0,1,1,30,4,36,6,1,1,0
83,1,3287556760,1,1,0,0,2,0,30,5,28,14,0,2,0
83,2,2951497179,1,2,0,0,3,1,30,4,3,39,0,2,1
83,3,1762498735,1,3,0,0,0,0,30,4,23,19,0,3,1
83,4,1426439154,1,0,0,0,1,1,30,4,18,24,0,3,2
83,5,237440710,1,1,0,0,2,0,30,4,9,33,1,3,3
83,6,3391027575,1,2,0,0,3,1,30,1,23,19,0,3,4
83,7,3054967994,1,3,0,0,0,0,30,4,11,31,1,3,5
83,8,1865969550,1,0,0,0,1,1,30,6,29,13,0,3,6
83,9,1529909969,1,1,0,0,2,0,30,4,41,1,0,4,6
83,10,3830557971,1,2,0,0,3,1,30,6,14,28,0,4,7
84,0,1537757105,1,0,0,0,1,1,30,5,42,0,1,1,0
84,1,3349181172,1,1,0,0,2,0,30,5,0,42,1,1,1
84,2,3013121591,1,2,0,0,3,1,30,4,2,40,0,1,2
84,3,1018802297,1,3,0,0,0,0,30,3,30,12,0,2,2
84,4,682742716,1,0,0,0,1,1,30,3,26,16,0,2,3
84,5,3788711568,1,1,0,0,2,0,30,5,34,8,0,3,3
84,6,3452651987,1,2,0,0,3,1,30,3,22,20,0,3,4
84,7,2311271556,1,3,0,0,0,0,30,4,24,18,0,4,4
84,8,1122273112,1,0,0,0,1,1,30,4,23,19,0,4,5
84,9,786213531,1,1,0,0,2,0,30,4,22,20,0,5,5
84,10,3892182383,1,2,0,0,3,1,30,5,34,8,1,6,5
84,11,2750801952,1,3,0,0,0,0,30,0,30,12,0,7,5
85,0,3040883202,1,0,0,0,1,1,30,4,40,2,1,1,0
85,1,557339973,1,1,0,0,2,0,30,5,17,25,0,2,0
85,2,221280392,1,2,0,0,3,1,30,1,30,12,1,3,0
85,3,3327249244,1,3,0,0,0,0,30,5,40,2,0,4,0
85,4,2185868813,1,0,0,0,1,1,30,5,12,30,0,4,1
85,5,996870369,1,1,0,0,2,0,30,5,14,28,0,5,1
85,6,660810788,1,2,0,0,3,1,30,5,19,23,0,5,2
85,7,3766779640,1,3,0,0,0,0,30,3,18,24,0,6,2
85,8,2625399209,1,0,0,0,1,1,30,4,35,7,1,7,2
86,0,2057621701,1,0,0,0,1,1,30,5,18,24,0,0,1
86,1,3869045768,1,1,0,0,2,0,30,4,13,29,0,1,1
86,2,2727665337,1,2,0,0,3,1,30,5,9,33,0,1,2
86,3,3686150541,1,3,0,0,0,0,30,2,6,36,1,1,3
86,4,1202607312,1,0,0,0,1,1,30,3,42,0,1,2,3
86,5,2161092516,1,1,0,0,2,0,30,3,22,20,0,3,3
86,6,3167195733,1,2,0,0,3,1,30,4,41,1,1,4,3
86,7,4125680937,1,3,0,0,0,0,30,4,36,6,0,5,3
86,8,1642137708,1,0,0,0,1,1,30,5,42,0,1,6,3
86,9,1306078127,1,1,0,0,2,0,30,5,25,17,0,7,3
87,0,3560747798,1,0,0,0,1,1,30,4,42,0,1,1,0
87,1,3224688217,1,1,0,0,2,0,30,4,40,2,0,2,0
87,2,2035689773,1,2,0,0,3,1,30,4,19,23,0,2,1
87,3,3847113840,1,3,0,0,0,0,30,5,6,36,1,2,2
87,4,458910874,1,0,0,0,1,1,30,4,25,17,0,2,3
87,5,3664218613,1,1,0,0,2,0,30,5,0,42,1,2,4
87,6,1180675384,1,2,0,0,3,1,30,5,26,16,0,2,5
87,7,2139160588,1,3,0,0,0,0,30,6,14,28,0,3,5
87,8,3145263805,1,0,0,0,1,1,30,4,3,39,0,3,6
87,9,562381689,1,1,0,0,2,0,30,4,3,39,1,3,7
88,0,2846586124,1,0,0,0,1,1,30,4,13,29,0,0,1
88,1,1657587680,1,1,0,0,2,0,30,4,29,13,0,1,1
88,2,1321528099,1,2,0,0,3,1,30,5,14,28,0,1,2
88,3,3622176101,1,3,0,0,0,0,30,5,40,2,0,2,2
88,4,3286116520,1,0,0,0,1,1,30,4,22,20,0,2,3
88,5,2097118076,1,1,0,0,2,0,30,5,25,17,0,3,3
88,6,1761058495,1,2,0,0,3,1,30,0,34,8,1,4,3
88,7,619678064,1,3,0,0,0,0,30,5,18,24,0,5,3
88,8,3725646916,1,0,0,0,1,1,30,4,19,23,0,5,4
88,9,3389587335,1,1,0,0,2,0,30,0,8,34,1,5,5
88,10,2200588891,1,2,0,0,3,1,30,4,18,24,0,5,6
88,11,1059208460,1,3,0,0,0,0,30,4,29,13,0,6,6
88,12,4165177312,1,0,0,0,1,1,30,4,6,36,0,6,7
89,0,3397434471,1,0,0,0,1,1,30,4,27,15,0,0,1
89,1,913891242,1,1,0,0,2,0,30,0,29,13,0,1,1
89,2,577831661,1,2,0,0,3,1,30,6,42,0,1,2,1
89,3,1635655752,1,3,0,0,0,0,30,1,0,42,1,2,2
89,4,2542420082,1,0,0,0,1,1,30,4,31,11,1,3,2
89,5,1353421638,1,1,0,0,2,0,30,2,16,26,0,4,2
89,6,1017362057,1,2,0,0,3,1,30,4,42,0,1,5,2
89,7,681302476,1,3,0,0,0,0,30,4,30,12,0,6,2
89,8,2981950478,1,0,0,0,1,1,30,5,24,18,0,6,3
89,9,2645890897,1,1,0,0,2,0,30,4,23,19,0,7,3
90,0,3336915956,1,0,0,0,1,1,30,4,7,35,0,0,1
90,1,3000856375,1,1,0,0,2,0,30,4,23,19,0,1,1
90,2,1811857931,1,2,0,0,3,1,30,5,39,3,1,2,1
90,3,1475798350,1,3,0,0,0,0,30,4,29,13,0,3,1
90,4,3776446352,1,0,0,0,1,1,30,4,7,35,0,3,2
90,5,3440386771,1,1,0,0,2,0,30,5,22,20,0,4,2
90,6,3104327190,1,2,0,0,3,1,30,6,28,14,0,4,3
90,7,1915328746,1,3,0,0,0,0,30,6,13,29,0,5,3
90,8,1579269165,1,0,0,0,1,1,30,3,39,3,1,6,3
90,9,3879917167,1,1,0,0,2,0,30,2,11,31,1,6,4
90,10,3543857586,1,2,0,0,3,1,30,4,30,12,1,7,4
91,0,3917299067,1,0,0,0,1,1,30,4,12,30,0,0,1
91,1,1433755838,1,1,0,0,2,0,30,5,18,24,0,1,1
91,2,1097696257,1,2,0,0,3,1,30,4,2,40,0,1,2
91,3,1250860611,1,3,0,0,0,0,30,4,25,17,0,2,2
91,4,3062284678,1,0,0,0,1,1,30,5,22,20,0,2,3
91,5,4020769882,1,1,0,0,2,0,30,4,11,31,1,2,4
91,6,1537226653,1,2,0,0,3,1,30,4,35,7,1,3,4
91,7,348228209,1,3,0,0,0,0,30,5,41,1,0,4,4
91,8,3501815074,1,0,0,0,1,1,30,4,7,35,0,4,5
91,9,3165755493,1,1,0,0,2,0,30,5,28,14,0,5,5
91,10,1976757049,1,2,0,0,3,1,30,4,36,6,1,6,5
91,11,1640697468,1,3,0,0,0,0,30,5,1,41,1,6,6
91,12,3941345470,1,0,0,0,1,1,30,5,11,31,0,6,7
92,0,1930778718,1,0,0,0,1,1,30,4,19,23,0,0,1
92,1,789398287,1,1,0,0,2,0,30,6,1,41,1,0,2
92,2,3895367139,1,2,0,0,3,1,30,4,19,23,0,0,3
92,3,3559307558,1,3,0,0,0,0,30,5,23,19,0,1,3
92,4,1075764329,1,0,0,0,1,1,30,4,42,0,1,2,3
92,5,1228928683,1,1,0,0,2,0,30,4,9,33,1,2,4
92,6,3040352750,1,2,0,0,3,1,30,4,23,19,0,2,5
92,7,3998837954,1,3,0,0,0,0,30,6,6,36,1,2,6
92,8,1515294725,1,0,0,0,1,1,30,4,34,8,1,3,6
92,9,2422059055,1,1,0,0,2,0,30,5,18,24,0,4,6
92,10,3479883146,1,2,0,0,3,1,30,3,36,6,1,5,6
92,11,3143823565,1,3,0,0,0,0,30,6,6,36,1,5,7
93,0,411296194,1,0,0,0,1,1,30,4,25,17,0,0,1
93,1,3517265046,1,1,0,0,2,0,30,5,20,22,0,1,1
93,2,3181205465,1,2,0,0,3,1,30,0,30,12,1,2,1
93,3,1992207021,1,3,0,0,0,0,30,5,34,8,0,3,1
93,4,850826590,1,0,0,0,1,1,30,0,30,12,1,4,1
93,5,3956795442,1,1,0,0,2,0,30,5,31,11,0,5,1
93,6,3620735861,1,2,0,0,3,1,30,5,41,1,1,6,1
93,7,1137192632,1,3,0,0,0,0,30,2,0,42,1,6,2
93,8,1290356986,1,0,0,0,1,1,30,3,33,9,1,7,2
94,0,1866804278,1,0,0,0,1,1,30,5,8,34,0,0,1
94,1,2773568608,1,1,0,0,2,0,30,4,35,7,0,1,1
94,2,2437509027,1,2,0,0,3,1,30,4,23,19,0,1,2
94,3,3495333118,1,3,0,0,0,0,30,6,7,35,1,1,3
94,4,3159273537,1,0,0,0,1,1,30,3,25,17,0,1,4
94,5,3213099004,1,1,0,0,2,0,30,4,29,13,0,2,4
94,6,2877039423,1,2,0,0,3,1,30,5,18,24,0,2,5
94,7,2540979842,1,3,0,0,0,0,30,3,14,28,0,3,5
94,8,3598803933,1,0,0,0,1,1,30,4,30,12,1,4,5
94,9,210600967,1,1,0,0,2,0,30,4,20,22,0,5,5
94,10,3316569819,1,2,0,0,3,1,30,5,14,28,0,5,6
94,11,2980510238,1,3,0,0,0,0,30,4,1,41,1,5,7
95,0,2225705575,1,0,0,0,1,1,30,4,16,26,0,0,1
95,1,4037129642,1,1,0,0,2,0,30,4,32,10,0,1,1
95,2,3701070061,1,2,0,0,3,1,30,4,28,14,0,1,2
95,3,3854234415,1,3,0,0,0,0,30,4,8,34,1,1,3
95,4,1370691186,1,0,0,0,1,1,30,4,12,30,0,1,4
95,5,181692742,1,1,0,0,2,0,30,2,21,21,0,2,4
95,6,4140600457,1,2,0,0,3,1,30,4,1,41,0,2,5
95,7,4293764811,1,3,0,0,0,0,30,5,23,19,0,3,5
95,8,1810221582,1,0,0,0,1,1,30,4,29,13,0,3,6
95,9,1474162001,1,1,0,0,2,0,30,4,39,3,0,4,6
95,10,285163557,1,2,0,0,3,1,30,2,2,40,0,4,7
96,0,1482009137,1,0,0,0,1,1,30,6,41,1,1,1,0
96,1,3293433204,1,1,0,0,2,0,30,6,11,31,1,1,1
96,2,2957373623,1,2,0,0,3,1,30,4,13,29,0,1,2
96,3,1768375179,1,3,0,0,0,0,30,3,0,42,1,1,3
96,4,1432315598,1,0,0,0,1,1,30,5,20,22,0,1,4
96,5,1585479952,1,1,0,0,2,0,30,4,28,14,0,2,4
96,6,3396904019,1,2,0,0,3,1,30,4,24,18,0,2,5
96,7,2207905575,1,3,0,0,0,0,30,4,7,35,1,2,6
96,8,1871845994,1,0,0,0,1,1,30,2,23,19,0,2,7
97,0,3790456084,1,0,0,0,1,1,30,6,42,0,1,1,0
97,1,1306912855,1,1,0,0,2,0,30,3,17,25,0,2,0
97,2,1460077209,1,2,0,0,3,1,30,6,24,18,0,2,1
97,3,1124017628,1,3,0,0,0,0,30,6,42,0,0,3,1
97,4,2935441695,1,0,0,0,1,1,30,4,7,35,0,3,2
97,5,1746443251,1,1,0,0,2,0,30,4,20,22,0,4,2
97,6,605062820,1,2,0,0,3,1,30,4,36,6,1,5,2
97,7,1563548024,1,3,0,0,0,0,30,0,13,29,0,6,2
97,8,3374972091,1,0,0,0,1,1,30,1,41,1,1,7,2
98,0,3076294410,1,0,0,0,1,1,30,4,40,2,1,1,0
98,1,1081975116,1,1,0,0,2,0,30,0,22,20,0,2,0
98,2,745915535,1,2,0,0,3,1,30,4,24,18,0,2,1
98,3,3851884387,1,3,0,0,0,0,30,4,35,7,0,3,1
98,4,3515824806,1,0,0,0,1,1,30,5,19,23,0,3,2
98,5,1521505512,1,1,0,0,2,0,30,5,18,24,0,4,2
98,6,1185445931,1,2,0,0,3,1,30,5,14,28,0,4,3
98,7,2996869998,1,3,0,0,0,0,30,4,29,13,0,5,3
98,8,3955355202,1,0,0,0,1,1,30,6,9,33,0,5,4
98,9,2813974771,1,1,0,0,2,0,30,1,40,2,0,6,4
98,10,1624976327,1,2,0,0,3,1,30,5,11,31,0,6,5
98,11,1288916746,1,3,0,0,0,0,30,4,6,36,1,6,6
98,12,99918302,1,0,0,0,1,1,30,2,31,11,1,7,6
99,0,15353384,1,0,0,0,1,1,30,4,30,12,1,1,0
99,1,922117714,1,1,0,0,2,0,30,4,19,23,0,2,0
99,2,1979941805,1,2,0,0,3,1,30,5,25,17,0,2,1
99,3,1643882224,1,3,0,0,0,0,30,0,6,36,1,2,2
99,4,1208483756,1,0,0,0,1,1,30,4,33,9,1,3,2
99,5,1361648110,1,1,0,0,2,0,30,4,41,1,0,4,2
99,6,1025588529,1,2,0,0,3,1,30,2,8,34,0,4,3
99,7,2083412620,1,3,0,0,0,0,30,5,11,31,1,4,4
99,8,1747353039,1,0,0,0,1,1,30,4,9,33,0,4,5
99,9,558354595,1,1,0,0,2,0,30,3,17,25,0,5,5
99,10,1465118925,1,2,0,0,3,1,30,4,8,34,0,5,6
99,11,3276542992,1,3,0,0,0,0,30,1,12,30,1,5,7
100,0,4085382941,1,0,0,0,1,1,30,5,30,12,1,1,0
100,1,1601839712,1,1,0,0,2,0,30,6,19,23,0,2,0
100,2,1265780131,1,2,0,0,3,1,30,4,7,35,0,2,1
100,3,76781687,1,3,0,0,0,0,30,5,27,15,0,3,1
100,4,3230368552,1,0,0,0,1,1,30,4,29,13,0,3,2
100,5,2041370108,1,1,0,0,2,0,30,4,7,35,1,3,3
100,6,1705310527,1,2,0,0,3,1,30,5,1,41,0,3,4
100,7,516312083,1,3,0,0,0,0,30,5,13,29,0,4,4
100,8,3669898948,1,0,0,0,1,1,30,4,36,6,1,5,4
100,9,3333839367,1,1,0,0,2,0,30,4,24,18,0,6,4
100,10,2144840923,1,2,0,0,3,1,30,4,35,7,1,7,4
101,0,4147007353,1,0,0,0,1,1,30,0,36,6,1,1,0
101,1,1663464124,1,1,0,0,2,0,30,1,8,34,1,1,1
101,2,522083693,1,2,0,0,3,1,30,5,30,12,1,2,1
101,3,3628052545,1,3,0,0,0,0,30,4,14,28,0,3,1
101,4,3291992964,1,0,0,0,1,1,30,5,31,11,1,4,1
101,5,2102994520,1,1,0,0,2,0,30,3,18,24,0,5,1
101,6,961614089,1,2,0,0,3,1,30,5,30,12,1,6,1
101,7,4067582941,1,3,0,0,0,0,30,5,17,25,0,7,1
102,0,3532184566,1,0,0,0,1,1,30,4,42,0,1,1,0
102,1,3685348920,1,1,0,0,2,0,30,5,36,6,0,2,0
102,2,1102466804,1,2,0,0,3,1,30,5,24,18,0,2,1
102,3,2160290895,1,3,0,0,0,0,30,5,30,12,0,3,1
102,4,1824231314,1,0,0,0,1,1,30,4,24,18,0,3,2
102,5,4124879316,1,1,0,0,2,0,30,5,21,21,0,4,2
102,6,3788819735,1,2,0,0,3,1,30,5,14,28,0,4,3
102,7,1305276506,1,3,0,0,0,0,30,4,24,18,0,5,3
102,8,2263761710,1,0,0,0,1,1,30,4,4,38,0,5,4
102,9,1023042392,1,1,0,0,2,0,30,5,30,12,0,6,4
102,10,4228350131,1,2,0,0,3,1,30,6,42,0,1,7,4
103,0,371904653,1,0,0,0,1,1,30,6,24,18,0,0,1
103,1,3525491518,1,1,0,0,2,0,30,2,22,20,0,1,1
103,2,2336493074,1,2,0,0,3,1,30,5,17,25,0,1,2
103,3,2000433493,1,3,0,0,0,0,30,5,19,23,0,2,2
103,4,3811857560,1,0,0,0,1,1,30,5,13,29,0,2,3
103,5,3965021914,1,1,0,0,2,0,30,4,1,41,1,2,4
103,6,3628962333,1,2,0,0,3,1,30,6,42,0,1,3,4
103,7,2439963889,1,3,0,0,0,0,30,5,16,26,0,4,4
103,8,4251387956,1,0,0,0,1,1,30,1,25,17,0,4,5
103,9,109585014,1,1,0,0,2,0,30,5,11,31,1,4,6
103,10,4068492729,1,2,0,0,3,1,30,5,21,21,0,4,7
104,0,1875030750,1,0,0,0,1,1,30,4,1,41,0,0,1
104,1,1538971169,1,1,0,0,2,0,30,4,27,15,0,1,1
104,2,3839619171,1,2,0,0,3,1,30,5,15,27,0,1,2
104,3,3503559590,1,3,0,0,0,0,30,4,2,40,1,1,3
104,4,3068161122,1,0,0,0,1,1,30,6,16,26,0,1,4
104,5,1978501565,1,1,0,0,2,0,30,5,12,30,1,1,5
104,6,3789925632,1,2,0,0,3,1,30,3,23,19,0,1,6
104,7,3943089986,1,3,0,0,0,0,30,4,6,36,1,1,7
105,0,2455413861,1,0,0,0,1,1,30,4,13,29,0,0,1
105,1,3461517078,1,1,0,0,2,0,30,4,11,31,1,0,2
105,2,3125457497,1,2,0,0,3,1,30,1,8,34,0,0,3
105,3,1936459053,1,3,0,0,0,0,30,2,17,25,0,1,3
105,4,1600399472,1,0,0,0,1,1,30,1,31,11,1,2,3
105,5,411401028,1,1,0,0,2,0,30,4,30,12,0,3,3
105,6,3564987893,1,2,0,0,3,1,30,6,42,0,1,4,3
105,7,2375989449,1,3,0,0,0,0,30,4,28,14,0,5,3
105,8,2039929868,1,0,0,0,1,1,30,4,18,24,0,5,4
105,9,1703870287,1,1,0,0,2,0,30,5,23,19,0,6,4
105,10,4004518289,1,2,0,0,3,1,30,4,40,2,1,7,4
106,0,1711717423,1,0,0,0,1,1,30,5,36,6,1,1,0
106,1,3523141490,1,1,0,0,2,0,30,3,1,41,1,1,1
106,2,3187081909,1,2,0,0,3,1,30,4,6,36,0,1,2
106,3,1192762615,1,3,0,0,0,0,30,3,17,25,0,2,2
106,4,856703034,1,0,0,0,1,1,30,5,41,1,1,3,2
106,5,3962671886,1,1,0,0,2,0,30,4,19,23,0,4,2
106,6,3626612305,1,2,0,0,3,1,30,4,36,6,1,5,2
106,7,3779776659,1,3,0,0,0,0,30,5,19,23,0,6,2
106,8,1296233430,1,0,0,0,1,1,30,6,9,33,0,6,3
106,9,960173849,1,1,0,0,2,0,30,6,31,11,0,7,3
107,0,2975278457,1,0,0,0,1,1,30,1,34,8,1,1,0
107,1,3882042787,1,1,0,0,2,0,30,2,22,20,0,2,0
107,2,644899582,1,2,0,0,3,1,30,0,29,13,0,2,1
107,3,308840001,1,3,0,0,0,0,30,4,33,9,0,3,1
107,4,2120264068,1,0,0,0,1,1,30,4,1,41,0,3,2
107,5,2273428422,1,1,0,0,2,0,30,0,1,41,1,3,3
107,6,1838029954,1,2,0,0,3,1,30,5,19,23,0,3,4
107,7,748370397,1,3,0,0,0,0,30,6,18,24,0,4,4
107,8,2559794464,1,0,0,0,1,1,30,5,14,28,0,4,5
107,9,3466558794,1,1,0,0,2,0,30,4,24,18,0,5,5
107,10,229415589,1,2,0,0,3,1,30,4,30,12,1,6,5
107,11,1941500769,1,3,0,0,0,0,30,3,1,41,1,6,6
107,12,2999324860,1,0,0,0,1,1,30,6,16,26,0,6,7
108,0,2231582019,1,0,0,0,1,1,30,4,25,17,0,0,1
108,1,1895522438,1,1,0,0,2,0,30,5,8,34,1,0,2
108,2,4196170440,1,2,0,0,3,1,30,4,2,40,0,0,3
108,3,3860110859,1,3,0,0,0,0,30,4,8,34,1,0,4
108,4,1376567630,1,0,0,0,1,1,30,3,41,1,1,1,4
108,5,2335052834,1,1,0,0,2,0,30,5,7,35,1,1,5
108,6,1193672403,1,2,0,0,3,1,30,4,6,36,0,1,6
108,7,4673959,1,3,0,0,0,0,30,4,2,40,1,1,7
109,0,3734708116,1,0,0,0,1,1,30,2,26,16,0,0,1
109,1,3398648535,1,1,0,0,2,0,30,5,17,25,0,1,1
109,2,2209650091,1,2,0,0,3,1,30,4,34,8,1,2,1
109,3,1873590510,1,3,0,0,0,0,30,5,7,35,1,2,2
109,4,2780354840,1,0,0,0,1,1,30,6,30,12,1,3,2
109,5,3838178931,1,1,0,0,2,0,30,4,8,34,1,3,3
109,6,1354635702,1,2,0,0,3,1,30,1,17,25,0,3,4
109,7,2313120906,1,3,0,0,0,0,30,4,2,40,1,3,5
109,8,1171740475,1,0,0,0,1,1,30,5,13,29,0,3,6
109,9,4277709327,1,1,0,0,2,0,30,2,28,14,0,4,6
109,10,1794166098,1,2,0,0,3,1,30,5,19,23,0,4,7
110,0,20123931,1,0,0,0,1,1,30,5,6,36,0,0,1
110,1,1831547998,1,1,0,0,2,0,30,4,0,42,1,0,2
110,2,1495488417,1,2,0,0,3,1,30,4,7,35,0,0,3
110,3,3796136419,1,3,0,0,0,0,30,5,24,18,0,1,3
110,4,3460076838,1,0,0,0,1,1,30,5,19,23,0,1,4
110,5,2271078394,1,1,0,0,2,0,30,3,17,25,0,2,4
110,6,1935018813,1,2,0,0,3,1,30,5,19,23,0,2,5
110,7,4235666815,1,3,0,0,0,0,30,5,23,19,0,3,5
110,8,3899607234,1,0,0,0,1,1,30,1,20,22,0,3,6
110,9,3563547653,1,1,0,0,2,0,30,5,22,20,0,4,6
110,10,2374549209,1,2,0,0,3,1,30,5,19,23,0,4,7
111,0,2007750177,1,0,0,0,1,1,30,4,20,22,0,0,1
111,1,1671690596,1,1,0,0,2,0,30,6,33,9,0,1,1
111,2,2729514687,1,2,0,0,3,1,30,4,24,18,0,1,2
111,3,3636279017,1,3,0,0,0,0,30,4,0,42,1,1,3
111,4,2447280573,1,0,0,0,1,1,30,5,0,42,0,1,4
111,5,2111220992,1,1,0,0,2,0,30,4,29,13,0,2,4
111,6,1775161411,1,2,0,0,3,1,30,4,17,25,0,2,5
111,7,4075809413,1,3,0,0,0,0,30,4,25,17,0,3,5
111,8,3739749832,1,0,0,0,1,1,30,5,22,20,0,3,6
111,9,2550751388,1,1,0,0,2,0,30,2,21,21,0,4,6
111,10,2214691807,1,2,0,0,3,1,30,4,35,7,1,5,6
111,11,1073311376,1,3,0,0,0,0,30,4,0,42,1,5,7
112,0,539988527,1,0,0,0,1,1,30,4,21,21,0,0,1
112,1,2351412594,1,1,0,0,2,0,30,2,12,30,1,0,2
112,2,3258176924,1,2,0,0,3,1,30,4,6,36,0,0,3
112,3,2168517367,1,3,0,0,0,0,30,5,24,18,0,1,3
112,4,3979941434,1,0,0,0,1,1,30,5,21,21,0,1,4
112,5,643459342,1,1,0,0,2,0,30,6,23,19,0,2,4
112,6,3697707320,1,2,0,0,3,1,30,4,36,6,1,3,4
112,7,2608047763,1,3,0,0,0,0,30,0,12,30,1,3,5
112,8,124504534,1,0,0,0,1,1,30,5,12,30,0,3,6
112,9,4083412249,1,1,0,0,2,0,30,5,12,30,1,3,7
113,0,4091259385,1,0,0,0,1,1,30,4,42,0,1,1,0
113,1,3755199804,1,1,0,0,2,0,30,4,23,19,0,2,0
113,2,2566201360,1,2,0,0,3,1,30,4,10,32,0,2,1
113,3,1424820929,1,3,0,0,0,0,30,6,7,35,1,2,2
113,4,3236244996,1,0,0,0,1,1,30,4,0,42,0,2,3
113,5,4194730200,1,1,0,0,2,0,30,6,0,42,1,2,4
113,6,1711186971,1,2,0,0,3,1,30,5,24,18,0,2,5
113,7,2669672175,1,3,0,0,0,0,30,5,27,15,0,3,5
113,8,3675775392,1,0,0,0,1,1,30,2,19,23,0,3,6
113,9,3339715811,1,1,0,0,2,0,30,5,18,24,0,4,6
113,10,2150717367,1,2,0,0,3,1,30,5,42,0,1,5,6
113,11,1814657786,1,3,0,0,0,0,30,5,18,24,0,6,6
113,12,1967822140,1,0,0,0,1,1,30,2,14,28,0,6,7
114,0,476014087,1,0,0,0,1,1,30,2,26,16,0,0,1
114,1,139954506,1,1,0,0,2,0,30,4,6,36,1,0,2
114,2,1046718836,1,2,0,0,3,1,30,4,33,9,1,1,2
114,3,4152687688,1,3,0,0,0,0,30,4,13,29,0,2,2
114,4,3816628107,1,0,0,0,1,1,30,6,8,34,0,2,3
114,5,579484902,1,1,0,0,2,0,30,4,0,42,1,2,4
114,6,1486249232,1,2,0,0,3,1,30,5,30,12,1,3,4
114,7,1150189651,1,3,0,0,0,0,30,4,6,36,1,3,5
114,8,4256158503,1,0,0,0,1,1,30,4,42,0,1,4,5
114,9,3920098922,1,1,0,0,2,0,30,0,2,40,1,4,6
114,10,682955717,1,2,0,0,3,1,30,4,18,24,0,4,7
115,0,316156685,1,0,0,0,1,1,30,5,25,17,0,0,1
115,1,4275064400,1,1,0,0,2,0,30,4,30,12,0,1,1
115,2,3086065956,1,2,0,0,3,1,30,4,20,22,0,1,2
115,3,1944685525,1,3,0,0,0,0,30,1,30,12,0,2,2
115,4,1608625944,1,0,0,0,1,1,30,4,29,13,0,2,3
115,5,419627500,1,1,0,0,2,0,30,6,19,23,0,3,3
115,6,83567919,1,2,0,0,3,1,30,6,41,1,1,4,3
115,7,2384215921,1,3,0,0,0,0,30,5,8,34,1,4,4
115,8,2048156340,1,0,0,0,1,1,30,5,39,3,1,5,4
115,9,859157896,1,1,0,0,2,0,30,4,1,41,1,5,5
115,10,523098315,1,2,0,0,3,1,30,5,23,19,0,5,6
115,11,3676685180,1,3,0,0,0,0,30,1,12,30,1,5,7
116,0,3867427543,1,0,0,0,1,1,30,6,36,6,1,1,0
116,1,3531367962,1,1,0,0,2,0,30,5,14,28,0,2,0
116,2,294224757,1,2,0,0,3,1,30,3,42,0,1,3,0
116,3,4253132472,1,3,0,0,0,0,30,4,17,25,0,4,0
116,4,11990643,1,0,0,0,1,1,30,4,18,24,0,4,1
116,5,3970898358,1,1,0,0,2,0,30,5,25,17,0,5,1
116,6,3634838777,1,2,0,0,3,1,30,4,31,11,1,6,1
116,7,397695572,1,3,0,0,0,0,30,5,18,24,0,7,1
117,0,2399665893,1,0,0,0,1,1,30,2,20,22,0,0,1
117,1,4211089960,1,1,0,0,2,0,30,6,23,19,0,1,1
117,2,3875030379,1,2,0,0,3,1,30,4,0,42,0,1,2
117,3,4028194733,1,3,0,0,0,0,30,4,18,24,0,2,2
117,4,1544651504,1,0,0,0,1,1,30,4,42,0,1,3,2
117,5,2503136708,1,1,0,0,2,0,30,4,0,42,1,3,3
117,6,19593479,1,2,0,0,3,1,30,1,29,13,0,3,4
117,7,172757833,1,3,0,0,0,0,30,5,28,14,0,4,4
117,8,1984181900,1,0,0,0,1,1,30,5,25,17,0,4,5
117,9,1648122319,1,1,0,0,2,0,30,4,35,7,0,5,5
117,10,459123875,1,2,0,0,3,1,30,5,3,39,0,5,6
117,11,1365888205,1,3,0,0,0,0,30,0,13,29,0,6,6
117,12,2423712296,1,0,0,0,1,1,30,5,36,6,1,7,6
118,0,1655969455,1,0,0,0,1,1,30,2,20,22,0,0,1
118,1,1319909874,1,1,0,0,2,0,30,0,8,34,1,0,2
118,2,130911430,1,2,0,0,3,1,30,6,41,1,1,1,2
118,3,4089819145,1,3,0,0,0,0,30,0,11,31,1,1,3
118,4,1606275916,1,0,0,0,1,1,30,4,18,24,0,1,4
118,5,1759440270,1,1,0,0,2,0,30,4,14,28,0,2,4
118,6,3570864337,1,2,0,0,3,1,30,5,3,39,0,2,5
118,7,234382245,1,3,0,0,0,0,30,5,18,24,0,3,5
118,8,2045806312,1,0,0,0,1,1,30,5,18,24,0,3,6
118,9,904425881,1,1,0,0,2,0,30,1,11,31,1,3,7
119,0,941807781,1,0,0,0,1,1,30,0,31,11,1,1,0
119,1,1999631872,1,1,0,0,2,0,30,6,1,41,1,1,1
119,2,1663572291,1,2,0,0,3,1,30,4,14,28,0,1,2
119,3,474573847,1,3,0,0,0,0,30,4,42,0,0,2,2
119,4,1381338177,1,0,0,0,1,1,30,4,18,24,0,2,3
119,5,2439162268,1,1,0,0,2,0,30,5,2,40,1,2,4
119,6,2103102687,1,2,0,0,3,1,30,5,29,13,0,2,5
119,7,3914526754,1,3,0,0,0,0,30,5,36,6,0,3,5
119,8,1820868573,1,0,0,0,1,1,30,0,31,11,1,4,5
119,9,1484808992,1,1,0,0,2,0,30,4,0,42,1,4,6
119,10,2542633083,1,2,0,0,3,1,30,5,3,39,0,4,7
120,0,2175834051,1,0,0,0,1,1,30,4,30,12,1,1,0
120,1,1839774470,1,1,0,0,2,0,30,0,28,14,0,2,0
120,2,650776026,1,2,0,0,3,1,30,0,24,18,0,2,1
120,3,314716445,1,3,0,0,0,0,30,4,20,22,0,3,1
120,4,3468303310,1,0,0,0,1,1,30,5,30,12,1,4,1
120,5,2279304866,1,1,0,0,2,0,30,4,14,28,0,5,1
120,6,1943245285,1,2,0,0,3,1,30,4,23,19,0,5,2
120,7,754246841,1,3,0,0,0,0,30,2,8,34,1,5,3
120,8,3907833706,1,0,0,0,1,1,30,4,2,40,0,5,4
120,9,2718835262,1,1,0,0,2,0,30,4,13,29,0,6,4
120,10,2382775681,1,2,0,0,3,1,30,4,7,35,0,6,5
120,11,4194199748,1,3,0,0,0,0,30,4,39,3,0,7,5
121,0,2756217162,1,0,0,0,1,1,30,5,24,18,0,0,1
121,1,272673933,1,1,0,0,2,0,30,5,22,20,0,1,1
121,2,4231581648,1,2,0,0,3,1,30,4,29,13,0,1,2
121,3,89778706,1,3,0,0,0,0,30,1,17,25,0,2,2
121,4,1901202773,1,0,0,0,1,1,30,4,1,41,0,2,3
121,5,712204329,1,1,0,0,2,0,30,1,22,20,0,3,3
121,6,376144748,1,2,0,0,3,1,30,5,17,25,0,3,4
121,7,529309102,1,3,0,0,0,0,30,5,7,35,1,3,5
121,8,2340733169,1,0,0,0,1,1,30,5,28,14,0,3,6
121,9,2004673588,1,1,0,0,2,0,30,5,31,11,0,4,6
121,10,815675144,1,2,0,0,3,1,30,6,42,0,1,5,6
121,11,3969262009,1,3,0,0,0,0,30,5,20,22,0,6,6
121,12,2780263565,1,0,0,0,1,1,30,5,18,24,0,6,7
122,0,4259343259,1,0,0,0,1,1,30,4,29,13,0,0,1
122,1,1775800030,1,1,0,0,2,0,30,4,20,22,0,1,1
122,2,1439740449,1,2,0,0,3,1,30,5,25,17,0,1,2
122,3,250742005,1,3,0,0,0,0,30,5,30,12,0,2,2
122,4,3404328870,1,0,0,0,1,1,30,4,1,41,0,2,3
122,5,67846778,1,1,0,0,2,0,30,0,23,19,0,3,3
122,6,1879270845,1,2,0,0,3,1,30,4,24,18,0,3,4
122,7,690272401,1,3,0,0,0,0,30,6,12,30,1,3,5
122,8,354212820,1,0,0,0,1,1,30,4,22,20,0,3,6
122,9,3507799685,1,1,0,0,2,0,30,6,35,7,0,4,6
122,10,2318801241,1,2,0,0,3,1,30,4,24,18,0,4,7
123,0,26000375,1,0,0,0,1,1,30,4,34,8,1,1,0
123,1,1837424442,1,1,0,0,2,0,30,1,17,25,0,2,0
123,2,1990588796,1,2,0,0,3,1,30,4,18,24,0,2,1
123,3,1654529215,1,3,0,0,0,0,30,4,0,42,1,2,2
123,4,3465953282,1,0,0,0,1,1,30,5,14,28,0,2,3
123,5,228810077,1,1,0,0,2,0,30,5,17,25,0,3,3
123,6,1135574407,1,2,0,0,3,1,30,4,24,18,0,3,4
123,7,2094059611,1,3,0,0,0,0,30,4,19,23,0,4,4
123,8,3905483678,1,0,0,0,1,1,30,4,34,8,1,5,4
123,9,3569424097,1,1,0,0,2,0,30,5,0,42,1,5,5
123,10,1575104803,1,2,0,0,3,1,30,5,7,35,0,5,6
123,11,1239045222,1,3,0,0,0,0,30,4,13,29,0,6,6
123,12,50046778,1,0,0,0,1,1,30,4,1,41,0,6,7
124,0,484240559,1,0,0,0,1,1,30,4,34,8,1,1,0
124,1,2196325739,1,1,0,0,2,0,30,5,3,39,1,1,1
124,2,3254149830,1,2,0,0,3,1,30,5,29,13,0,1,2
124,3,2918090249,1,3,0,0,0,0,30,1,23,19,0,2,2
124,4,3824854579,1,0,0,0,1,1,30,6,41,1,1,3,2
124,5,587711374,1,1,0,0,2,0,30,4,14,28,0,4,2
124,6,152312906,1,2,0,0,3,1,30,4,24,18,0,4,3
124,7,3357620645,1,3,0,0,0,0,30,4,32,10,0,5,3
124,8,4264384975,1,0,0,0,1,1,30,4,31,11,1,6,3
124,9,1027241770,1,1,0,0,2,0,30,5,29,13,0,7,3
125,0,545864971,1,0,0,0,1,1,30,6,40,2,1,1,0
125,1,3699451836,1,1,0,0,2,0,30,5,29,13,0,2,0
125,2,2510453392,1,2,0,0,3,1,30,4,13,29,0,2,1
125,3,2174393811,1,3,0,0,0,0,30,5,34,8,0,3,1
125,4,3985817878,1,0,0,0,1,1,30,6,15,27,0,3,2
125,5,4138982232,1,1,0,0,2,0,30,5,8,34,1,3,3
125,6,3802922651,1,2,0,0,3,1,30,6,19,23,0,3,4
125,7,2613924207,1,3,0,0,0,0,30,5,2,40,1,3,5
125,8,2277864626,1,0,0,0,1,1,30,4,42,0,1,4,5
125,9,283545332,1,1,0,0,2,0,30,1,1,41,1,4,6
125,10,4242453047,1,2,0,0,3,1,30,4,25,17,0,4,7
126,0,320927232,1,0,0,0,1,1,30,5,16,26,0,0,1
126,1,2132351299,1,1,0,0,2,0,30,4,24,18,0,1,1
126,2,1796291718,1,2,0,0,3,1,30,5,0,42,0,1,2
126,3,607293274,1,3,0,0,0,0,30,5,31,11,0,2,2
126,4,3760880139,1,0,0,0,1,1,30,5,15,27,0,2,3
126,5,2571881695,1,1,0,0,2,0,30,5,25,17,0,3,3
126,6,2235822114,1,2,0,0,3,1,30,5,9,33,0,3,4
126,7,1046823670,1,3,0,0,0,0,30,4,16,26,0,4,4
126,8,4200410535,1,0,0,0,1,1,30,4,42,0,1,5,4
126,9,3864350954,1,1,0,0,2,0,30,6,7,35,1,5,5
126,10,2675352510,1,2,0,0,3,1,30,4,18,24,0,5,6
126,11,2339292929,1,3,0,0,0,0,30,6,25,17,0,6,6
126,12,344973635,1,0,0,0,1,1,30,4,18,24,0,6,7
127,0,2629374179,1,0,0,0,1,1,30,4,6,36,0,0,1
127,1,1487993748,1,1,0,0,2,0,30,5,36,6,0,1,1
127,2,3299417815,1,2,0,0,3,1,30,4,24,18,0,1,2
127,3,2110419371,1,3,0,0,0,0,30,5,34,8,0,2,2
127,4,1774359790,1,0,0,0,1,1,30,4,17,25,0,2,3
127,5,585361346,1,1,0,0,2,0,30,1,7,35,1,2,4
127,6,3738948211,1,2,0,0,3,1,30,2,42,0,1,3,4
127,7,2549949767,1,3,0,0,0,0,30,4,41,1,0,4,4
127,8,2213890186,1,0,0,0,1,1,30,4,23,19,0,4,5
127,9,1877830605,1,1,0,0,2,0,30,5,19,23,0,5,5
127,10,4178478607,1,2,0,0,3,1,30,2,25,17,0,5,6
127,11,3842419026,1,3,0,0,0,0,30,5,36,6,0,6,6
127,12,2653420582,1,0,0,0,1,1,30,0,23,19,0,6,7
128,0,840791828,1,0,0,0,1,1,30,5,34,8,1,1,0
128,1,504732247,1,1,0,0,2,0,30,5,17,25,0,2,0
128,2,3610701099,1,2,0,0,3,1,30,2,42,0,1,3,0
128,3,2469320668,1,3,0,0,0,0,30,6,17,25,0,4,0
128,4,4280744735,1,0,0,0,1,1,30,4,36,6,1,5,0
128,5,944262643,1,1,0,0,2,0,30,5,7,35,1,5,1
128,6,2755686710,1,2,0,0,3,1,30,5,20,22,0,5,2
128,7,3714171914,1,3,0,0,0,0,30,6,12,30,1,5,3
128,8,2572791483,1,0,0,0,1,1,30,4,20,22,0,5,4
128,9,89248254,1,1,0,0,2,0,30,6,0,42,1,5,5
128,10,3195217106,1,2,0,0,3,1,30,4,3,39,0,5,6
128,11,2859157525,1,3,0,0,0,0,30,5,28,14,0,6,6
128,12,3012321879,1,0,0,0,1,1,30,5,31,11,1,7,6
129,0,3149238775,1,0,0,0,1,1,30,1,36,6,1,1,0
129,1,4056003105,1,1,0,0,2,0,30,2,22,20,0,2,0
129,2,818859900,1,2,0,0,3,1,30,5,12,30,0,2,1
129,3,482800319,1,3,0,0,0,0,30,4,28,14,0,3,1
129,4,2294224386,1,0,0,0,1,1,30,1,35,7,1,4,1
129,5,2447388740,1,1,0,0,2,0,30,4,28,14,0,5,1
129,6,4159473920,1,2,0,0,3,1,30,4,23,19,0,5,2
129,7,922330715,1,3,0,0,0,0,30,5,19,23,0,6,2
129,8,2733754782,1,0,0,0,1,1,30,5,24,18,0,6,3
129,9,2886919136,1,1,0,0,2,0,30,5,19,23,0,7,3
130,0,2405542337,1,0,0,0,1,1,30,4,2,40,0,0,1
130,1,2069482756,1,1,0,0,2,0,30,5,13,29,0,1,1
130,2,75163462,1,2,0,0,3,1,30,6,42,0,1,2,1
130,3,4034071177,1,3,0,0,0,0,30,5,28,14,0,3,1
130,4,1550527948,1,0,0,0,1,1,30,6,26,16,0,3,2
130,5,2509013152,1,1,0,0,2,0,30,6,0,42,1,3,3
130,6,1367632721,1,2,0,0,3,1,30,4,29,13,0,3,4
130,7,178634277,1,3,0,0,0,0,30,6,24,18,0,4,4
130,8,4137541992,1,0,0,0,1,1,30,5,19,23,0,4,5
130,9,2948543548,1,1,0,0,2,0,30,4,40,2,0,5,5
130,10,465000319,1,2,0,0,3,1,30,6,13,29,0,5,6
130,11,3618587184,1,3,0,0,0,0,30,4,24,18,0,6,6
130,12,282105092,1,0,0,0,1,1,30,6,22,20,0,6,7
131,0,937780687,1,0,0,0,1,1,30,4,22,20,0,0,1
131,1,3992028665,1,1,0,0,2,0,30,4,36,6,0,1,1
131,2,3655969084,1,2,0,0,3,1,30,1,25,17,0,1,2
131,3,2466970640,1,3,0,0,0,0,30,5,30,12,0,2,2
131,4,2130911059,1,0,0,0,1,1,30,6,40,2,1,3,2
131,5,136591765,1,1,0,0,2,0,30,3,0,42,1,3,3
131,6,4095499480,1,2,0,0,3,1,30,6,29,13,0,3,4
131,7,858356275,1,3,0,0,0,0,30,5,30,12,0,4,4
131,8,2570441455,1,0,0,0,1,1,30,4,25,17,0,4,5
131,9,1429061024,1,1,0,0,2,0,30,1,2,40,1,4,6
131,10,240062580,1,2,0,0,3,1,30,3,31,11,1,5,6
131,11,4198970295,1,3,0,0,0,0,30,6,40,2,0,6,6
131,12,961827090,1,0,0,0,1,1,30,0,41,1,1,7,6
132,0,2925406933,1,0,0,0,1,1,30,4,26,16,0,0,1
132,1,2589347352,1,1,0,0,2,0,30,4,29,13,0,1,1
132,2,595028058,1,2,0,0,3,1,30,2,23,19,0,1,2
132,3,258968477,1,3,0,0,0,0,30,1,12,30,1,1,3
132,4,3364937329,1,0,0,0,1,1,30,3,33,9,1,2,3
132,5,3028877748,1,1,0,0,2,0,30,3,8,34,1,2,4
132,6,1887497317,1,2,0,0,3,1,30,4,12,30,0,2,5
132,7,698498873,1,3,0,0,0,0,30,5,17,25,0,3,5
132,8,362439292,1,0,0,0,1,1,30,3,29,13,0,3,6
132,9,3468408144,1,1,0,0,2,0,30,5,23,19,0,4,6
132,10,2327027713,1,2,0,0,3,1,30,5,8,34,0,4,7
133,0,2700469194,1,0,0,0,1,1,30,5,25,17,0,0,1
133,1,2364409613,1,1,0,0,2,0,30,4,18,24,0,1,1
133,2,1175411169,1,2,0,0,3,1,30,1,36,6,1,2,1
133,3,839351588,1,3,0,0,0,0,30,4,18,24,0,3,1
133,4,2650775655,1,0,0,0,1,1,30,0,19,23,0,3,2
133,5,2803940009,1,1,0,0,2,0,30,5,29,13,0,4,2
133,6,320396780,1,2,0,0,3,1,30,4,21,21,0,4,3
133,7,1278881984,1,3,0,0,0,0,30,2,6,36,1,4,4
133,8,3090306051,1,0,0,0,1,1,30,1,29,13,0,4,5
133,9,1948925620,1,1,0,0,2,0,30,4,8,34,1,4,6
133,10,759927176,1,2,0,0,3,1,30,4,30,12,1,5,6
133,11,423867595,1,3,0,0,0,0,30,4,22,20,0,6,6
133,12,3529836447,1,0,0,0,1,1,30,5,25,17,0,6,7
134,0,713948845,1,0,0,0,1,1,30,5,23,19,0,0,1
134,1,377889264,1,1,0,0,2,0,30,6,0,42,1,0,2
134,2,2678537266,1,2,0,0,3,1,30,4,41,1,1,1,2
134,3,2342477685,1,3,0,0,0,0,30,6,9,33,1,1,3
134,4,4153901752,1,0,0,0,1,1,30,5,6,36,0,1,4
134,5,817419660,1,1,0,0,2,0,30,3,7,35,1,1,5
134,6,3971006525,1,2,0,0,3,1,30,5,41,1,1,2,5
134,7,2782008081,1,3,0,0,0,0,30,0,0,42,1,2,6
134,8,298464852,1,0,0,0,1,1,30,5,0,42,0,2,7
135,0,4265219703,1,0,0,0,1,1,30,4,18,24,0,0,1
135,1,3929160122,1,1,0,0,2,0,30,4,17,25,0,1,1
135,2,2740161678,1,2,0,0,3,1,30,5,6,36,0,1,2
135,3,1598781247,1,3,0,0,0,0,30,3,7,35,1,1,3
135,4,1262721666,1,0,0,0,1,1,30,5,25,17,0,1,4
135,5,73723222,1,1,0,0,2,0,30,5,25,17,0,2,4
135,6,1885147289,1,2,0,0,3,1,30,0,19,23,0,2,5
135,7,2843632493,1,3,0,0,0,0,30,3,2,40,1,2,6
135,8,1702252062,1,0,0,0,1,1,30,5,28,14,0,2,7
136,0,1233813441,1,0,0,0,1,1,30,4,42,0,1,1,0
136,1,2140577771,1,1,0,0,2,0,30,5,1,41,1,1,1
136,2,951579327,1,2,0,0,3,1,30,4,23,19,0,1,2
136,3,615519746,1,3,0,0,0,0,30,5,25,17,0,2,2
136,4,1673343837,1,0,0,0,1,1,30,4,25,17,0,2,3
136,5,1337284256,1,1,0,0,2,0,30,5,35,7,0,3,3
136,6,2244048586,1,2,0,0,3,1,30,1,22,20,0,3,4
136,7,1055050142,1,3,0,0,0,0,30,5,11,31,1,3,5
136,8,718990561,1,0,0,0,1,1,30,4,12,30,0,3,6
136,9,1776814652,1,1,0,0,2,0,30,5,16,26,0,4,6
136,10,2683578982,1,2,0,0,3,1,30,4,30,12,1,5,6
136,11,2347519401,1,3,0,0,0,0,30,4,31,11,0,6,6
136,12,1158520957,1,0,0,0,1,1,30,4,19,23,0,6,7
137,0,490117003,1,0,0,0,1,1,30,4,21,21,0,0,1
137,1,154057422,1,1,0,0,2,0,30,4,36,6,0,1,1
137,2,3260026274,1,2,0,0,3,1,30,3,20,22,0,1,2
137,3,2118645843,1,3,0,0,0,0,30,5,12,30,1,1,3
137,4,929647399,1,0,0,0,1,1,30,4,6,36,0,1,4
137,5,593587818,1,1,0,0,2,0,30,5,24,18,0,2,4
137,6,257528237,1,2,0,0,3,1,30,4,42,0,1,3,4
137,7,2558176239,1,3,0,0,0,0,30,4,41,1,0,4,4
137,8,2222116658,1,0,0,0,1,1,30,1,19,23,0,4,5
137,9,1033118214,1,1,0,0,2,0,30,5,29,13,0,5,5
137,10,697058633,1,2,0,0,3,1,30,4,42,0,1,6,5
137,11,2997706635,1,3,0,0,0,0,30,4,23,19,0,7,5
138,0,1070500114,1,0,0,0,1,1,30,2,35,7,1,1,0
138,1,2881924181,1,1,0,0,2,0,30,3,7,35,1,1,1
138,2,3035088535,1,2,0,0,3,1,30,5,28,14,0,1,2
138,3,2699028954,1,3,0,0,0,0,30,5,22,20,0,2,2
138,4,215485725,1,0,0,0,1,1,30,5,1,41,0,2,3
138,5,1173970929,1,1,0,0,2,0,30,0,14,28,0,3,3
138,6,2180074146,1,2,0,0,3,1,30,4,15,27,0,3,4
138,7,3138559350,1,3,0,0,0,0,30,6,7,35,1,3,5
138,8,655016121,1,0,0,0,1,1,30,5,0,42,0,3,6
138,9,318956540,1,1,0,0,2,0,30,1,41,1,0,4,6
138,10,2619604542,1,2,0,0,3,1,30,5,42,0,1,5,6
138,11,2283544961,1,3,0,0,0,0,30,5,13,29,0,6,6
138,12,1094546517,1,0,0,0,1,1,30,1,25,17,0,6,7
139,0,2573626211,1,0,0,0,1,1,30,5,13,29,0,0,1
139,1,2237566630,1,1,0,0,2,0,30,6,25,17,0,1,1
139,2,1048568186,1,2,0,0,3,1,30,5,41,1,1,2,1
139,3,4202155051,1,3,0,0,0,0,30,5,17,25,0,3,1
139,4,1718611822,1,0,0,0,1,1,30,5,25,17,0,3,2
139,5,2677097026,1,1,0,0,2,0,30,4,1,41,1,3,3
139,6,193553797,1,2,0,0,3,1,30,4,18,24,0,3,4
139,7,346718151,1,3,0,0,0,0,30,3,27,15,0,4,4
139,8,2158142218,1,0,0,0,1,1,30,6,42,0,1,5,4
139,9,3116627422,1,1,0,0,2,0,30,5,1,41,1,5,5
139,10,633084193,1,2,0,0,3,1,30,5,22,20,0,5,6
139,11,297024612,1,3,0,0,0,0,30,4,22,20,0,6,6
139,12,450188966,1,0,0,0,1,1,30,0,42,0,1,7,6
140,0,1590364710,1,0,0,0,1,1,30,4,42,0,1,1,0
140,1,448984279,1,1,0,0,2,0,30,5,35,7,0,2,0
140,2,3554953131,1,2,0,0,3,1,30,4,27,15,0,2,1
140,3,3218893550,1,3,0,0,0,0,30,4,1,41,1,2,2
140,4,2882833969,1,0,0,0,1,1,30,6,17,25,0,2,3
140,5,888514675,1,1,0,0,2,0,30,6,8,34,1,2,4
140,6,552455094,1,2,0,0,3,1,30,5,13,29,0,2,5
140,7,3658423946,1,3,0,0,0,0,30,5,24,18,0,3,5
140,8,3322364365,1,0,0,0,1,1,30,4,42,0,1,4,5
140,9,1328045071,1,1,0,0,2,0,30,5,18,24,0,5,5
140,10,991985490,1,2,0,0,3,1,30,4,24,18,0,5,6
140,11,2803409557,1,3,0,0,0,0,30,6,12,30,1,5,7
141,0,3093490807,1,0,0,0,1,1,30,3,20,22,0,0,1
141,1,510608691,1,1,0,0,2,0,30,5,18,24,0,1,1
141,2,1568432782,1,2,0,0,3,1,30,4,41,1,1,2,1
141,3,2475197112,1,3,0,0,0,0,30,6,18,24,0,3,1
141,4,3533021203,1,0,0,0,1,1,30,2,36,6,1,4,1
141,5,3196961622,1,1,0,0,2,0,30,6,40,2,0,5,1
141,6,614079506,1,2,0,0,3,1,30,2,25,17,0,5,2
141,7,2914727508,1,3,0,0,0,0,30,6,24,18,0,6,2
141,8,2578667927,1,0,0,0,1,1,30,5,31,11,1,7,2
142,0,2349794369,1,0,0,0,1,1,30,0,36,6,1,1,0
142,1,2013734788,1,1,0,0,2,0,30,4,29,13,0,2,0
142,2,824736344,1,2,0,0,3,1,30,6,9,33,0,2,1
142,3,488676763,1,3,0,0,0,0,30,4,33,9,0,3,1
142,4,2789324765,1,0,0,0,1,1,30,6,42,0,1,4,1
142,5,2453265184,1,1,0,0,2,0,30,2,13,29,0,5,1
142,6,2117205603,1,2,0,0,3,1,30,5,14,28,0,5,2
142,7,928207159,1,3,0,0,0,0,30,5,1,41,1,5,3
142,8,4081794024,1,0,0,0,1,1,30,4,23,19,0,5,4
142,9,2892795580,1,1,0,0,2,0,30,4,17,25,0,6,4
142,10,2556735999,1,2,0,0,3,1,30,2,18,24,0,6,5
142,11,1367737555,1,3,0,0,0,0,30,0,13,29,0,7,5
143,0,2930177480,1,0,0,0,1,1,30,2,31,11,1,1,0
143,1,446634251,1,1,0,0,2,0,30,6,14,28,0,2,0
143,2,3651941990,1,2,0,0,3,1,30,5,24,18,0,2,1
143,3,263739024,1,3,0,0,0,0,30,5,12,30,1,2,2
143,4,2075163091,1,0,0,0,1,1,30,4,19,23,0,2,3
143,5,3033648295,1,1,0,0,2,0,30,4,24,18,0,3,3
143,6,550105066,1,2,0,0,3,1,30,6,16,26,0,3,4
143,7,703269420,1,3,0,0,0,0,30,4,12,30,1,3,5
143,8,2514693487,1,0,0,0,1,1,30,6,18,24,0,3,6
143,9,2178633906,1,1,0,0,2,0,30,5,41,1,0,4,6
143,10,989635462,1,2,0,0,3,1,30,5,8,34,0,4,7
144,0,138336281,1,0,0,0,1,1,30,1,12,30,0,0,1
144,1,4097243996,1,1,0,0,2,0,30,2,34,8,0,1,1
144,2,2908245552,1,2,0,0,3,1,30,5,3,39,0,1,2
144,3,2572185971,1,3,0,0,0,0,30,2,16,26,0,2,2
144,4,3578289188,1,0,0,0,1,1,30,3,30,12,1,3,2
144,5,241807096,1,1,0,0,2,0,30,5,6,36,1,3,3
144,6,2053231163,1,2,0,0,3,1,30,1,31,11,1,4,3
144,7,3011716367,1,3,0,0,0,0,30,5,29,13,0,5,3
144,8,528173138,1,0,0,0,1,1,30,4,41,1,1,6,3
144,9,681337492,1,1,0,0,2,0,30,2,35,7,0,7,3
145,0,3450042076,1,0,0,0,1,1,30,5,15,27,0,0,1
145,1,3113982495,1,1,0,0,2,0,30,4,0,42,1,0,2
145,2,1119663201,1,2,0,0,3,1,30,4,14,28,0,0,3
145,3,783603620,1,3,0,0,0,0,30,4,2,40,1,0,4
145,4,447544039,1,0,0,0,1,1,30,1,19,23,0,0,5
145,5,3553512891,1,1,0,0,2,0,30,5,35,7,0,1,5
145,6,2412132460,1,2,0,0,3,1,30,4,7,35,0,1,6
145,7,1223134016,1,3,0,0,0,0,30,4,33,9,0,2,6
145,8,887074435,1,0,0,0,1,1,30,4,8,34,0,2,7
146,0,658200877,1,0,0,0,1,1,30,2,42,0,1,1,0
146,1,322141296,1,1,0,0,2,0,30,4,28,14,0,2,0
146,2,3428110148,1,2,0,0,3,1,30,2,8,34,0,2,1
146,3,3092050567,1,3,0,0,0,0,30,4,39,3,0,3,1
146,4,1097731273,1,0,0,0,1,1,30,6,14,28,0,3,2
146,5,761671692,1,1,0,0,2,0,30,5,11,31,1,3,3
146,6,425612111,1,2,0,0,3,1,30,4,13,29,0,3,4
146,7,3531580963,1,3,0,0,0,0,30,6,26,16,0,4,4
146,8,143377997,1,0,0,0,1,1,30,4,36,6,1,5,4
146,9,1201202088,1,1,0,0,2,0,30,5,0,42,1,5,5
146,10,865142507,1,2,0,0,3,1,30,4,41,1,1,6,5
146,11,2676566574,1,3,0,0,0,0,30,4,23,19,0,7,5
147,0,1238583988,1,0,0,0,1,1,30,4,14,28,0,0,1
147,1,3050008055,1,1,0,0,2,0,30,5,1,41,1,0,2
147,2,2713948474,1,2,0,0,3,1,30,4,7,35,0,0,3
147,3,2867112828,1,3,0,0,0,0,30,6,17,25,0,1,3
147,4,383569599,1,0,0,0,1,1,30,1,9,33,0,1,4
147,5,3489538451,1,1,0,0,2,0,30,5,7,35,1,1,5
147,6,3153478870,1,2,0,0,3,1,30,5,13,29,0,1,6
147,7,3306643224,1,3,0,0,0,0,30,6,2,40,1,1,7
148,0,494887550,1,0,0,0,1,1,30,5,7,35,0,0,1
148,1,158827969,1,1,0,0,2,0,30,4,30,12,0,1,1
148,2,1216652060,1,2,0,0,3,1,30,4,25,17,0,1,2
148,3,781253592,1,3,0,0,0,0,30,5,20,22,0,2,2
148,4,3934840457,1,0,0,0,1,1,30,3,42,0,1,3,2
148,5,598358365,1,1,0,0,2,0,30,5,23,19,0,4,2
148,6,2409782432,1,2,0,0,3,1,30,4,11,31,0,4,3
148,7,3467606523,1,3,0,0,0,0,30,6,11,31,1,4,4
148,8,79403557,1,0,0,0,1,1,30,4,35,7,1,5,4
148,9,4038311272,1,1,0,0,2,0,30,2,18,24,0,6,4
148,10,2849312828,1,2,0,0,3,1,30,3,42,0,1,7,4
149,0,2581852683,1,0,0,0,1,1,30,4,6,36,0,0,1
149,1,98309454,1,1,0,0,2,0,30,5,22,20,0,1,1
149,2,1056794658,1,2,0,0,3,1,30,0,42,0,1,2,1
149,3,2868218725,1,3,0,0,0,0,30,5,12,30,1,2,2
149,4,1679220281,1,0,0,0,1,1,30,5,12,30,0,2,3
149,5,537839850,1,1,0,0,2,0,30,5,41,1,0,3,3
149,6,1496325054,1,2,0,0,3,1,30,4,42,0,1,4,3
149,7,3307749121,1,3,0,0,0,0,30,0,16,26,0,5,3
149,8,2971689540,1,0,0,0,1,1,30,4,24,18,0,5,4
149,9,977370246,1,1,0,0,2,0,30,4,29,13,0,6,4
149,10,641310665,1,2,0,0,3,1,30,5,30,12,1,7,4
150,0,1014752146,1,0,0,0,1,1,30,0,42,0,1,1,0
150,1,678692565,1,1,0,0,2,0,30,6,17,25,0,2,0
150,2,3784661417,1,2,0,0,3,1,30,5,25,17,0,2,1
150,3,2643280986,1,3,0,0,0,0,30,5,30,12,0,3,1
150,4,2307221405,1,0,0,0,1,1,30,5,28,14,0,3,2
150,5,1118222961,1,1,0,0,2,0,30,1,13,29,0,4,2
150,6,2929647028,1,2,0,0,3,1,30,4,2,40,0,4,3
150,7,3888132232,1,3,0,0,0,0,30,3,1,41,1,4,4
150,8,2746751801,1,0,0,0,1,1,30,4,30,12,1,5,4
150,9,1557753357,1,1,0,0,2,0,30,3,23,19,0,6,4
150,10,1221693776,1,2,0,0,3,1,30,4,0,42,0,6,5
150,11,3033117843,1,3,0,0,0,0,30,6,29,13,0,7,5
151,0,3323199093,1,0,0,0,1,1,30,4,19,23,0,0,1
151,1,2181818662,1,1,0,0,2,0,30,4,42,0,0,1,1
151,2,992820218,1,2,0,0,3,1,30,5,13,29,0,1,2
151,3,656760637,1,3,0,0,0,0,30,5,0,42,1,1,3
151,4,3762729489,1,0,0,0,1,1,30,3,42,0,1,2,3
151,5,2621349058,1,1,0,0,2,0,30,4,31,11,0,3,3
151,6,2285289477,1,2,0,0,3,1,30,4,34,8,1,4,3
151,7,1096291033,1,3,0,0,0,0,30,5,0,42,1,4,4
151,8,760231452,1,0,0,0,1,1,30,4,41,1,1,5,4
151,9,3060879454,1,1,0,0,2,0,30,5,12,30,1,5,5
151,10,2724819873,1,2,0,0,3,1,30,5,26,16,0,5,6
151,11,241276644,1,3,0,0,0,0,30,6,8,34,1,5,7
152,0,3098261354,1,0,0,0,1,1,30,3,41,1,1,1,0
152,1,614718125,1,1,0,0,2,0,30,4,41,1,0,2,0
152,2,278658544,1,2,0,0,3,1,30,4,42,0,1,3,0
152,3,3384627396,1,3,0,0,0,0,30,6,8,34,1,3,1
152,4,2243246965,1,0,0,0,1,1,30,4,18,24,0,3,2
152,5,1054248521,1,1,0,0,2,0,30,3,6,36,1,3,3
152,6,718188940,1,2,0,0,3,1,30,0,25,17,0,3,4
152,7,3824157792,1,3,0,0,0,0,30,5,40,2,0,4,4
152,8,2682777361,1,0,0,0,1,1,30,5,12,30,0,4,5
152,9,2346717780,1,1,0,0,2,0,30,5,24,18,0,5,5
152,10,1157719336,1,2,0,0,3,1,30,0,23,19,0,5,6
152,11,821659755,1,3,0,0,0,0,30,4,29,13,0,6,6
152,12,3122307757,1,0,0,0,1,1,30,4,18,24,0,6,7
153,0,2938403952,1,0,0,0,1,1,30,0,42,0,1,1,0
153,1,454860723,1,1,0,0,2,0,30,5,23,19,0,2,0
153,2,3560829575,1,2,0,0,3,1,30,4,24,18,0,2,1
153,3,3224769994,1,3,0,0,0,0,30,5,42,0,0,3,1
153,4,3377934348,1,0,0,0,1,1,30,4,24,18,0,3,2
153,5,894391119,1,1,0,0,2,0,30,4,25,17,0,4,2
153,6,558331538,1,2,0,0,3,1,30,5,20,22,0,4,3
153,7,3664300390,1,3,0,0,0,0,30,5,22,20,0,5,3
153,8,2522919959,1,0,0,0,1,1,30,4,14,28,0,5,4
153,9,1333921515,1,1,0,0,2,0,30,4,1,41,1,5,5
153,10,997861934,1,2,0,0,3,1,30,4,1,41,0,5,6
153,11,4103830786,1,3,0,0,0,0,30,5,34,8,0,6,6
153,12,3767771205,1,0,0,0,1,1,30,4,42,0,1,7,6
154,0,3099367251,1,0,0,0,1,1,30,5,1,41,0,0,1
154,1,2763307670,1,1,0,0,2,0,30,4,36,6,0,1,1
154,2,2916472024,1,2,0,0,3,1,30,4,42,0,1,2,1
154,3,432928795,1,3,0,0,0,0,30,2,14,28,0,3,1
154,4,1391413999,1,0,0,0,1,1,30,5,18,24,0,3,2
154,5,3202838066,1,1,0,0,2,0,30,4,17,25,0,4,2
154,6,2061457635,1,2,0,0,3,1,30,5,12,30,0,4,3
154,7,872459191,1,3,0,0,0,0,30,5,35,7,0,5,3
154,8,536399610,1,0,0,0,1,1,30,5,42,0,1,6,3
154,9,3642368462,1,1,0,0,2,0,30,6,16,26,0,7,3
155,0,3679750362,1,0,0,0,1,1,30,4,13,29,0,0,1
155,1,2538369931,1,1,0,0,2,0,30,4,42,0,0,1,1
155,2,1349371487,1,2,0,0,3,1,30,5,1,41,0,1,2
155,3,1013311906,1,3,0,0,0,0,30,4,35,7,0,2,2
155,4,2824735973,1,0,0,0,1,1,30,4,19,23,0,2,3
155,5,2977900327,1,1,0,0,2,0,30,4,24,18,0,3,3
155,6,2641840746,1,2,0,0,3,1,30,5,42,0,1,4,3
155,7,1452842302,1,3,0,0,0,0,30,2,34,8,0,5,3
155,8,3264266369,1,0,0,0,1,1,30,4,23,19,0,5,4
155,9,3417430723,1,1,0,0,2,0,30,0,12,30,1,5,5
155,10,3081371142,1,2,0,0,3,1,30,6,19,23,0,5,6
155,11,597827913,1,3,0,0,0,0,30,4,6,36,1,5,7
156,0,887909163,1,0,0,0,1,1,30,5,19,23,0,0,1
156,1,551849582,1,1,0,0,2,0,30,4,41,1,0,1,1
156,2,2852497584,1,2,0,0,3,1,30,5,30,12,1,2,1
156,3,2516438003,1,3,0,0,0,0,30,2,11,31,1,2,2
156,4,1327439559,1,0,0,0,1,1,30,1,31,11,1,3,2
156,5,991379978,1,1,0,0,2,0,30,4,32,10,0,4,2
156,6,4144966843,1,2,0,0,3,1,30,6,41,1,1,5,2
156,7,2955968399,1,3,0,0,0,0,30,4,6,36,1,5,3
156,8,2619908818,1,0,0,0,1,1,30,4,6,36,0,5,4
156,9,1430910374,1,1,0,0,2,0,30,5,24,18,0,6,4
156,10,289529943,1,2,0,0,3,1,30,4,3,39,0,6,5
156,11,2100954010,1,3,0,0,0,0,30,6,18,24,0,7,5
157,0,3394294108,1,0,0,0,1,1,30,5,42,0,1,1,0
157,1,3058234527,1,1,0,0,2,0,30,5,36,6,0,2,0
157,2,1869236083,1,2,0,0,3,1,30,6,42,0,1,3,0
157,3,1533176502,1,3,0,0,0,0,30,4,11,31,1,3,1
157,4,1686340856,1,0,0,0,1,1,30,4,29,13,0,3,2
157,5,3497764923,1,1,0,0,2,0,30,3,13,29,0,4,2
157,6,3161705342,1,2,0,0,3,1,30,4,34,8,1,5,2
157,7,1972706898,1,3,0,0,0,0,30,2,26,16,0,6,2
157,8,831326467,1,0,0,0,1,1,30,6,36,6,1,7,2
158,0,1407773759,1,0,0,0,1,1,30,4,1,41,0,0,1
158,1,2314538089,1,1,0,0,2,0,30,6,23,19,0,1,1
158,2,1125539645,1,2,0,0,3,1,30,6,26,16,0,1,2
158,3,789480064,1,3,0,0,0,0,30,4,6,36,1,1,3
158,4,1847304155,1,0,0,0,1,1,30,6,42,0,1,2,3
158,5,1511244574,1,1,0,0,2,0,30,4,24,18,0,3,3
158,6,2418008904,1,2,0,0,3,1,30,4,2,40,0,3,4
158,7,1229010460,1,3,0,0,0,0,30,6,0,42,1,3,5
158,8,892950879,1,0,0,0,1,1,30,2,42,0,1,4,5
158,9,1950774970,1,1,0,0,2,0,30,0,13,29,0,5,5
158,10,2857539300,1,2,0,0,3,1,30,5,34,8,1,6,5
158,11,3915363391,1,3,0,0,0,0,30,5,13,29,0,7,5
159,0,1182836020,1,0,0,0,1,1,30,4,29,13,0,0,1
159,1,846776439,1,1,0,0,2,0,30,5,12,30,1,0,2
159,2,3952745291,1,2,0,0,3,1,30,4,29,13,0,0,3
159,3,3616685710,1,3,0,0,0,0,30,5,0,42,1,0,4
159,4,2375966392,1,0,0,0,1,1,30,4,30,12,1,1,4
159,5,1286306835,1,1,0,0,2,0,30,4,20,22,0,2,4
159,6,3097730902,1,2,0,0,3,1,30,4,0,42,0,2,5
159,7,4056216106,1,3,0,0,0,0,30,4,6,36,1,2,6
159,8,1572672877,1,0,0,0,1,1,30,1,14,28,0,2,7
160,0,1244460432,1,0,0,0,1,1,30,4,7,35,0,0,1
160,1,908400851,1,1,0,0,2,0,30,5,22,20,0,1,1
160,2,3209048853,1,2,0,0,3,1,30,2,20,22,0,1,2
160,3,2872989272,1,3,0,0,0,0,30,4,17,25,0,2,2
160,4,389446043,1,0,0,0,1,1,30,5,4,38,0,2,3
160,5,1347931247,1,1,0,0,2,0,30,5,34,8,0,3,3
160,6,206550816,1,2,0,0,3,1,30,2,41,1,1,4,3
160,7,3312519668,1,3,0,0,0,0,30,4,41,1,0,5,3
160,8,828976439,1,0,0,0,1,1,30,4,6,36,0,5,4
160,9,1787461643,1,1,0,0,2,0,30,4,24,18,0,6,4
160,10,646081212,1,2,0,0,3,1,30,5,20,22,0,6,5
160,11,2457505279,1,3,0,0,0,0,30,3,14,28,0,7,5
161,0,3331425565,1,0,0,0,1,1,30,5,41,1,1,1,0
161,1,847882336,1,1,0,0,2,0,30,6,0,42,1,1,1
161,2,1001046690,1,2,0,0,3,1,30,5,30,12,1,2,1
161,3,664987109,1,3,0,0,0,0,30,0,8,34,1,2,2
161,4,3770955961,1,0,0,0,1,1,30,4,41,1,1,3,2
161,5,1287412732,1,1,0,0,2,0,30,5,28,14,0,4,2
161,6,1440577086,1,2,0,0,3,1,30,5,29,13,0,4,3
161,7,1104517505,1,3,0,0,0,0,30,5,29,13,0,5,3
161,8,2915941572,1,0,0,0,1,1,30,6,6,36,0,5,4
161,9,3874426776,1,1,0,0,2,0,30,1,17,25,0,6,4
161,10,1390883547,1,2,0,0,3,1,30,6,17,25,0,6,5
161,11,1544047901,1,3,0,0,0,0,30,6,24,18,0,7,5
162,0,1764325028,1,0,0,0,1,1,30,4,41,1,1,1,0
162,1,622944597,1,1,0,0,2,0,30,3,30,12,0,2,0
162,2,3728913449,1,2,0,0,3,1,30,6,2,40,0,2,1
162,3,3392853868,1,3,0,0,0,0,30,5,28,14,0,3,1
162,4,2203855424,1,0,0,0,1,1,30,4,24,18,0,3,2
162,5,1062474993,1,1,0,0,2,0,30,4,28,14,0,4,2
162,6,726415412,1,2,0,0,3,1,30,4,17,25,0,4,3
162,7,3832384264,1,3,0,0,0,0,30,4,0,42,1,4,4
162,8,3496324683,1,0,0,0,1,1,30,4,23,19,0,4,5
162,9,1502005389,1,1,0,0,2,0,30,2,12,30,1,4,6
162,10,1165945808,1,2,0,0,3,1,30,5,18,24,0,4,7
163,0,3267451125,1,0,0,0,1,1,30,6,17,25,0,0,1
163,1,2931391544,1,1,0,0,2,0,30,4,1,41,1,0,2
163,2,1742393100,1,2,0,0,3,1,30,1,30,12,1,1,2
163,3,2649157430,1,3,0,0,0,0,30,6,0,42,1,1,3
163,4,3706981521,1,0,0,0,1,1,30,5,18,24,0,1,4
163,5,3370921940,1,1,0,0,2,0,30,4,24,18,0,2,4
163,6,3034862359,1,2,0,0,3,1,30,3,20,22,0,2,5
163,7,3088687826,1,3,0,0,0,0,30,5,1,41,1,2,6
163,8,2752628245,1,0,0,0,1,1,30,4,41,1,1,3,6
163,9,3810452336,1,1,0,0,2,0,30,5,42,0,0,4,6
163,10,3474392755,1,2,0,0,3,1,30,5,19,23,0,4,7
164,0,3847834236,1,0,0,0,1,1,30,2,42,0,1,1,0
164,1,2706453805,1,1,0,0,2,0,30,1,6,36,1,1,1
164,2,1517455361,1,2,0,0,3,1,30,4,31,11,1,2,1
164,3,1181395780,1,3,0,0,0,0,30,5,36,6,0,3,1
164,4,2992819847,1,0,0,0,1,1,30,4,14,28,0,3,2
164,5,3951305051,1,1,0,0,2,0,30,4,13,29,0,4,2
164,6,662440972,1,2,0,0,3,1,30,4,17,25,0,4,3
164,7,1620926176,1,3,0,0,0,0,30,0,29,13,0,5,3
164,8,3432350243,1,0,0,0,1,1,30,1,40,2,1,6,3
164,9,95868151,1,1,0,0,2,0,30,5,6,36,1,6,4
164,10,1101971368,1,2,0,0,3,1,30,4,30,12,1,7,4
165,0,3104137798,1,0,0,0,1,1,30,5,24,18,0,0,1
165,1,2768078217,1,1,0,0,2,0,30,5,39,3,0,1,1
165,2,3825902308,1,2,0,0,3,1,30,6,40,2,1,2,1
165,3,437699342,1,3,0,0,0,0,30,5,1,41,1,2,2
165,4,2249123409,1,0,0,0,1,1,30,3,25,17,0,2,3
165,5,3207608613,1,1,0,0,2,0,30,5,17,25,0,3,3
165,6,724065384,1,2,0,0,3,1,30,4,28,14,0,3,4
165,7,877229738,1,3,0,0,0,0,30,2,0,42,1,3,5
165,8,2688653805,1,0,0,0,1,1,30,5,29,13,0,3,6
165,9,3647139009,1,1,0,0,2,0,30,5,8,34,1,3,7
166,0,72731536,1,0,0,0,1,1,30,5,18,24,0,0,1
166,1,979495866,1,1,0,0,2,0,30,5,28,14,0,1,1
166,2,2037319957,1,2,0,0,3,1,30,1,36,6,1,2,1
166,3,1701260376,1,3,0,0,0,0,30,5,39,3,0,3,1
166,4,512261932,1,0,0,0,1,1,30,4,36,6,1,4,1
166,5,1419026262,1,1,0,0,2,0,30,1,17,25,0,5,1
166,6,1082966681,1,2,0,0,3,1,30,5,29,13,0,5,2
166,7,2140790772,1,3,0,0,0,0,30,4,24,18,0,6,2
166,8,1804731191,1,0,0,0,1,1,30,5,2,40,0,6,3
166,9,1858556658,1,1,0,0,2,0,30,5,24,18,0,7,3
167,0,3624002394,1,0,0,0,1,1,30,4,18,24,0,0,1
167,1,3287942813,1,1,0,0,2,0,30,5,42,0,0,1,1
167,2,1293623519,1,2,0,0,3,1,30,6,24,18,0,1,2
167,3,957563938,1,3,0,0,0,0,30,5,11,31,1,1,3
167,4,4063532790,1,0,0,0,1,1,30,5,42,0,1,2,3
167,5,3727473209,1,1,0,0,2,0,30,0,0,42,1,2,4
167,6,2586092778,1,2,0,0,3,1,30,5,40,2,1,3,4
167,7,1397094334,1,3,0,0,0,0,30,4,40,2,0,4,4
167,8,1061034753,1,0,0,0,1,1,30,2,35,7,1,5,4
167,9,4167003605,1,1,0,0,2,0,30,5,19,23,0,6,4
167,10,3830944024,1,2,0,0,3,1,30,5,42,0,1,7,4
168,0,832161195,1,0,0,0,1,1,30,4,19,23,0,0,1
168,1,496101614,1,1,0,0,2,0,30,2,13,29,0,1,1
168,2,3602070466,1,2,0,0,3,1,30,5,9,33,0,1,2
168,3,3266010885,1,3,0,0,0,0,30,6,17,25,0,2,2
168,4,1271691591,1,0,0,0,1,1,30,4,42,0,1,3,2
168,5,935632010,1,1,0,0,2,0,30,5,40,2,0,4,2
168,6,599572429,1,2,0,0,3,1,30,4,13,29,0,4,3
168,7,3705541281,1,3,0,0,0,0,30,5,31,11,0,5,3
168,8,317338315,1,0,0,0,1,1,30,4,17,25,0,5,4
168,9,1375162406,1,1,0,0,2,0,30,4,1,41,1,5,5
168,10,1039102825,1,2,0,0,3,1,30,4,6,36,0,5,6
168,11,4145071677,1,3,0,0,0,0,30,2,27,15,0,6,6
168,12,756868711,1,0,0,0,1,1,30,5,13,29,0,6,7
169,0,1412544306,1,0,0,0,1,1,30,1,30,12,1,1,0
169,1,3223968373,1,1,0,0,2,0,30,4,25,17,0,2,0
169,2,4182453577,1,2,0,0,3,1,30,2,25,17,0,2,1
169,3,3041073146,1,3,0,0,0,0,30,4,17,25,0,3,1
169,4,557529917,1,0,0,0,1,1,30,5,40,2,1,4,1
169,5,1516015121,1,1,0,0,2,0,30,6,0,42,1,4,2
169,6,3327439188,1,2,0,0,3,1,30,5,8,34,0,4,3
169,7,3480603542,1,3,0,0,0,0,30,4,34,8,0,5,3
169,8,997060313,1,0,0,0,1,1,30,4,19,23,0,5,4
169,9,1955545517,1,1,0,0,2,0,30,5,18,24,0,6,4
169,10,3766969584,1,2,0,0,3,1,30,4,20,22,0,6,5
169,11,2625589153,1,3,0,0,0,0,30,0,1,41,1,6,6
169,12,1436590709,1,0,0,0,1,1,30,0,40,2,1,7,6
170,0,1252686904,1,0,0,0,1,1,30,4,36,6,1,1,0
170,1,3064110971,1,1,0,0,2,0,30,5,17,25,0,2,0
170,2,4022596175,1,2,0,0,3,1,30,4,30,12,1,3,0
170,3,733732096,1,3,0,0,0,0,30,1,1,41,1,3,1
170,4,1692217300,1,0,0,0,1,1,30,5,31,11,1,4,1
170,5,3503641367,1,1,0,0,2,0,30,3,29,13,0,5,1
170,6,167159275,1,2,0,0,3,1,30,4,28,14,0,5,2
170,7,3320746140,1,3,0,0,0,0,30,3,14,28,0,6,2
170,8,837202911,1,0,0,0,1,1,30,4,2,40,0,6,3
170,9,3943171763,1,1,0,0,2,0,30,3,19,23,0,7,3
171,0,1932408902,1,0,0,0,1,1,30,5,17,25,0,0,1
171,1,1596349321,1,1,0,0,2,0,30,0,0,42,1,0,2
171,2,3896997323,1,2,0,0,3,1,30,5,12,30,0,0,3
171,3,3560937742,1,3,0,0,0,0,30,4,8,34,1,0,4
171,4,978055626,1,0,0,0,1,1,30,6,35,7,1,1,4
171,5,2035879717,1,1,0,0,2,0,30,5,7,35,1,1,5
171,6,2942644047,1,2,0,0,3,1,30,2,25,17,0,1,6
171,7,4000468138,1,3,0,0,0,0,30,6,23,19,0,2,6
171,8,3664408557,1,0,0,0,1,1,30,4,16,26,0,2,7
172,0,1188712464,1,0,0,0,1,1,30,5,42,0,1,1,0
172,1,852652883,1,1,0,0,2,0,30,5,30,12,0,2,0
172,2,3958621735,1,2,0,0,3,1,30,4,28,14,0,2,1
172,3,3622562154,1,3,0,0,0,0,30,6,6,36,1,2,2
172,4,1628242860,1,0,0,0,1,1,30,5,23,19,0,2,3
172,5,1292183279,1,1,0,0,2,0,30,2,6,36,1,2,4
172,6,956123698,1,2,0,0,3,1,30,2,35,7,1,3,4
172,7,4062092550,1,3,0,0,0,0,30,5,35,7,0,4,4
172,8,2920712119,1,0,0,0,1,1,30,5,14,28,0,4,5
172,9,1731713675,1,1,0,0,2,0,30,5,8,34,1,4,6
172,10,1395654094,1,2,0,0,3,1,30,2,35,7,1,5,6
172,11,3207078161,1,3,0,0,0,0,30,4,23,19,0,6,6
172,12,3360242515,1,0,0,0,1,1,30,5,8,34,0,6,7
173,0,1769095575,1,0,0,0,1,1,30,4,19,23,0,0,1
173,1,3580519642,1,1,0,0,2,0,30,5,1,41,1,0,2
173,2,3733683996,1,2,0,0,3,1,30,4,34,8,1,1,2
173,3,3397624415,1,3,0,0,0,0,30,4,8,34,1,1,3
173,4,914081186,1,0,0,0,1,1,30,4,10,32,0,1,4
173,5,4020050038,1,1,0,0,2,0,30,4,28,14,0,2,4
173,6,3683990457,1,2,0,0,3,1,30,4,30,12,1,3,4
173,7,3837154811,1,3,0,0,0,0,30,4,36,6,0,4,4
173,8,1353611582,1,0,0,0,1,1,30,4,28,14,0,4,5
173,9,1017552001,1,1,0,0,2,0,30,5,17,25,0,5,5
173,10,4123520853,1,2,0,0,3,1,30,4,6,36,0,5,6
173,11,2982140422,1,3,0,0,0,0,30,4,19,23,0,6,6
173,12,1793141978,1,0,0,0,1,1,30,5,15,27,0,6,7
174,0,3856060708,1,0,0,0,1,1,30,2,19,23,0,0,1
174,1,1372517479,1,1,0,0,2,0,30,2,30,12,0,1,1
174,2,183519035,1,2,0,0,3,1,30,5,28,14,0,1,2
174,3,3337105900,1,3,0,0,0,0,30,4,1,41,1,1,3
174,4,623808,1,0,0,0,1,1,30,5,3,39,0,1,4
174,5,1812047875,1,1,0,0,2,0,30,6,23,19,0,2,4
174,6,1475988294,1,2,0,0,3,1,30,5,24,18,0,2,5
174,7,3776636296,1,3,0,0,0,0,30,5,24,18,0,3,5
174,8,3440576715,1,0,0,0,1,1,30,5,41,1,1,4,5
174,9,2251578271,1,1,0,0,2,0,30,5,11,31,1,4,6
174,10,1915518690,1,2,0,0,3,1,30,5,20,22,0,4,7
175,0,3112364270,1,0,0,0,1,1,30,0,26,16,0,0,1
175,1,628821041,1,1,0,0,2,0,30,6,30,12,0,1,1
175,2,1587306245,1,2,0,0,3,1,30,2,42,0,1,2,1
175,3,3398730312,1,3,0,0,0,0,30,4,14,28,0,3,1
175,4,3551894666,1,0,0,0,1,1,30,4,9,33,0,3,2
175,5,1068351437,1,1,0,0,2,0,30,5,41,1,0,4,2
175,6,4273659176,1,2,0,0,3,1,30,5,15,27,0,4,3
175,7,3838260708,1,3,0,0,0,0,30,4,17,25,0,5,3
175,8,3502201127,1,0,0,0,1,1,30,4,17,25,0,5,4
175,9,1507881833,1,1,0,0,2,0,30,6,6,36,1,5,5
175,10,1171822252,1,2,0,0,3,1,30,2,29,13,0,5,6
175,11,2229646343,1,3,0,0,0,0,30,2,11,31,1,5,7
176,0,3792086268,1,0,0,0,1,1,30,0,42,0,1,1,0
176,1,3456026687,1,1,0,0,2,0,30,4,30,12,0,2,0
176,2,2267028243,1,2,0,0,3,1,30,5,31,11,1,3,0
176,3,1125647812,1,3,0,0,0,0,30,4,1,41,1,3,1
176,4,2837732992,1,0,0,0,1,1,30,4,17,25,0,3,2
176,5,3895557083,1,1,0,0,2,0,30,4,7,35,1,3,3
176,6,3559497502,1,2,0,0,3,1,30,5,19,23,0,3,4
176,7,1565178208,1,3,0,0,0,0,30,5,2,40,1,3,5
176,8,1229118627,1,0,0,0,1,1,30,6,14,28,0,3,6
176,9,40120183,1,1,0,0,2,0,30,5,6,36,1,3,7
177,0,3853710680,1,0,0,0,1,1,30,5,42,0,1,1,0
177,1,2712330249,1,1,0,0,2,0,30,3,0,42,1,1,1
177,2,1523331805,1,2,0,0,3,1,30,3,42,0,1,2,1
177,3,1187272224,1,3,0,0,0,0,30,3,23,19,0,3,1
177,4,4293241076,1,0,0,0,1,1,30,5,36,6,1,4,1
177,5,3151860645,1,1,0,0,2,0,30,0,1,41,1,4,2
177,6,2815801064,1,2,0,0,3,1,30,4,34,8,1,5,2
177,7,1626802620,1,3,0,0,0,0,30,5,17,25,0,6,2
177,8,1290743039,1,0,0,0,1,1,30,5,25,17,0,6,3
177,9,3591391041,1,1,0,0,2,0,30,6,22,20,0,7,3
178,0,2065128329,1,0,0,0,1,1,30,4,1,41,0,0,1
178,1,1729068748,1,1,0,0,2,0,30,3,16,26,0,1,1
178,2,2786892839,1,2,0,0,3,1,30,5,13,29,0,1,2
178,3,3693657169,1,3,0,0,0,0,30,5,22,20,0,2,2
178,4,2504658725,1,0,0,0,1,1,30,4,24,18,0,2,3
178,5,2168599144,1,1,0,0,2,0,30,4,18,24,0,3,3
178,6,1832539563,1,2,0,0,3,1,30,2,35,7,1,4,3
178,7,4133187565,1,3,0,0,0,0,30,4,11,31,1,4,4
178,8,3797127984,1,0,0,0,1,1,30,6,19,23,0,4,5
178,9,2608129540,1,1,0,0,2,0,30,4,1,41,1,4,6
178,10,2272069959,1,2,0,0,3,1,30,0,23,19,0,4,7
179,0,1420770778,1,0,0,0,1,1,30,4,19,23,0,0,1
179,1,3232194845,1,1,0,0,2,0,30,5,29,13,0,1,1
179,2,2043196401,1,2,0,0,3,1,30,5,42,0,1,2,1
179,3,1707136820,1,3,0,0,0,0,30,3,12,30,1,2,2
179,4,1860301174,1,0,0,0,1,1,30,4,35,7,1,3,2
179,5,3671725241,1,1,0,0,2,0,30,1,8,34,1,3,3
179,6,3335665660,1,2,0,0,3,1,30,5,2,40,0,3,4
179,7,2146667216,1,3,0,0,0,0,30,6,34,8,0,4,4
179,8,1005286785,1,0,0,0,1,1,30,4,18,24,0,4,5
179,9,4111255637,1,1,0,0,2,0,30,4,0,42,1,4,6
179,10,3775196056,1,2,0,0,3,1,30,6,23,19,0,4,7
180,0,1581734077,1,0,0,0,1,1,30,4,0,42,0,0,1
180,1,2488498407,1,1,0,0,2,0,30,5,41,1,0,1,1
180,2,3446983611,1,2,0,0,3,1,30,1,29,13,0,1,2
180,3,963440382,1,3,0,0,0,0,30,4,28,14,0,2,2
180,4,4168748121,1,0,0,0,1,1,30,4,1,41,0,2,3
180,5,1685204892,1,1,0,0,2,0,30,6,34,8,0,3,3
180,6,1838369246,1,2,0,0,3,1,30,4,0,42,0,3,4
180,7,1402970778,1,3,0,0,0,0,30,4,0,42,1,3,5
180,8,1066911197,1,0,0,0,1,1,30,5,14,28,0,3,6
180,9,2124735288,1,1,0,0,2,0,30,4,23,19,0,4,6
180,10,3031499618,1,2,0,0,3,1,30,4,22,20,0,4,7
181,0,1356796338,1,0,0,0,1,1,30,6,35,7,1,1,0
181,1,1020736757,1,1,0,0,2,0,30,5,14,28,0,2,0
181,2,4126705609,1,2,0,0,3,1,30,5,18,24,0,2,1
181,3,3790646028,1,3,0,0,0,0,30,5,0,42,1,2,2
181,4,402443062,1,0,0,0,1,1,30,4,17,25,0,2,3
181,5,1460267153,1,1,0,0,2,0,30,5,17,25,0,3,3
181,6,1124207572,1,2,0,0,3,1,30,4,23,19,0,3,4
181,7,4230176424,1,3,0,0,0,0,30,5,17,25,0,4,4
181,8,1746633195,1,0,0,0,1,1,30,5,19,23,0,4,5
181,9,1899797549,1,1,0,0,2,0,30,2,19,23,0,5,5
181,10,1563737968,1,2,0,0,3,1,30,6,1,41,0,5,6
181,11,3375162035,1,3,0,0,0,0,30,3,6,36,1,5,7
182,0,2002259786,1,0,0,0,1,1,30,4,7,35,0,0,1
182,1,7940492,1,1,0,0,2,0,30,4,35,7,0,1,1
182,2,3966848207,1,2,0,0,3,1,30,4,8,34,0,1,2
182,3,3630788626,1,3,0,0,0,0,30,4,18,24,0,2,2
182,4,2441790182,1,0,0,0,1,1,30,4,31,11,1,3,2
182,5,1300409751,1,1,0,0,2,0,30,5,17,25,0,4,2
182,6,111411307,1,2,0,0,3,1,30,4,24,18,0,4,3
182,7,4070319022,1,3,0,0,0,0,30,5,12,30,1,4,4
182,8,1586775793,1,0,0,0,1,1,30,5,1,41,0,4,5
182,9,1739940147,1,1,0,0,2,0,30,2,0,42,1,4,6
182,10,3551364214,1,2,0,0,3,1,30,6,42,0,1,5,6
182,11,214882122,1,3,0,0,0,0,30,5,42,0,0,6,6
182,12,2026306189,1,0,0,0,1,1,30,4,28,14,0,6,7
183,0,3924805695,1,0,0,0,1,1,30,5,8,34,0,0,1
183,1,3588746114,1,1,0,0,2,0,30,5,0,42,1,0,2
183,2,351602909,1,2,0,0,3,1,30,6,28,14,0,0,3
183,3,15543328,1,3,0,0,0,0,30,4,2,40,1,0,4
183,4,2216852443,1,0,0,0,1,1,30,4,35,7,1,1,4
183,5,4028276510,1,1,0,0,2,0,30,6,17,25,0,2,4
183,6,3692216929,1,2,0,0,3,1,30,5,12,30,0,2,5
183,7,455073724,1,3,0,0,0,0,30,5,14,28,0,3,5
183,8,1361838054,1,0,0,0,1,1,30,4,18,24,0,3,6
183,9,172839610,1,1,0,0,2,0,30,4,40,2,0,4,6
183,10,4131747325,1,2,0,0,3,1,30,5,23,19,0,4,7
184,0,1938285346,1,0,0,0,1,1,30,4,25,17,0,0,1
184,1,796904915,1,1,0,0,2,0,30,4,35,7,0,1,1
184,2,3902873767,1,2,0,0,3,1,30,4,42,0,1,2,1
184,3,3566814186,1,3,0,0,0,0,30,4,18,24,0,3,1
184,4,2377815742,1,0,0,0,1,1,30,5,41,1,1,4,1
184,5,1236435311,1,1,0,0,2,0,30,5,0,42,1,4,2
184,6,900375730,1,2,0,0,3,1,30,5,17,25,0,4,3
184,7,4006344582,1,3,0,0,0,0,30,4,1,41,1,4,4
184,8,3670285001,1,0,0,0,1,1,30,2,34,8,1,5,4
184,9,1675965707,1,1,0,0,2,0,30,6,29,13,0,6,4
184,10,1339906126,1,2,0,0,3,1,30,5,6,36,0,6,5
184,11,150907682,1,3,0,0,0,0,30,0,30,12,0,7,5
185,0,1713347607,1,0,0,0,1,1,30,0,41,1,1,1,0
185,1,1377288026,1,1,0,0,2,0,30,4,7,35,1,1,1
185,2,188289582,1,2,0,0,3,1,30,2,18,24,0,1,2
185,3,4147197297,1,3,0,0,0,0,30,5,14,28,0,2,2
185,4,858333218,1,0,0,0,1,1,30,1,42,0,1,3,2
185,5,1816818422,1,1,0,0,2,0,30,6,0,42,1,3,3
185,6,3628242489,1,2,0,0,3,1,30,4,40,2,1,4,3
185,7,291760397,1,3,0,0,0,0,30,5,23,19,0,5,3
185,8,3445347262,1,0,0,0,1,1,30,4,26,16,0,5,4
185,9,2256348818,1,1,0,0,2,0,30,0,12,30,1,5,5
185,10,4067772885,1,2,0,0,3,1,30,5,41,1,1,6,5
185,11,3731713304,1,3,0,0,0,0,30,5,1,41,1,6,6
185,12,2542714860,1,0,0,0,1,1,30,0,18,24,0,6,7
186,0,3800312740,1,0,0,0,1,1,30,4,2,40,0,0,1
186,1,3464253159,1,1,0,0,2,0,30,6,12,30,1,0,2
186,2,2275254715,1,2,0,0,3,1,30,4,14,28,0,0,3
186,3,4086678782,1,3,0,0,0,0,30,6,0,42,1,0,4
186,4,750196690,1,0,0,0,1,1,30,6,10,32,0,0,5
186,5,3903783555,1,1,0,0,2,0,30,4,19,23,0,1,5
186,6,2714785111,1,2,0,0,3,1,30,5,42,0,1,2,5
186,7,231241882,1,3,0,0,0,0,30,1,1,41,1,2,6
186,8,4190149597,1,0,0,0,1,1,30,3,23,19,0,2,7
187,0,3861937152,1,0,0,0,1,1,30,5,42,0,1,1,0
187,1,624793947,1,1,0,0,2,0,30,6,8,34,1,1,1
187,2,1531558277,1,2,0,0,3,1,30,5,12,30,0,1,2
187,3,1195498696,1,3,0,0,0,0,30,1,29,13,0,2,2
187,4,6500252,1,0,0,0,1,1,30,2,41,1,1,3,2
187,5,1817924319,1,1,0,0,2,0,30,4,35,7,0,4,2
187,6,1971088673,1,2,0,0,3,1,30,5,24,18,0,4,3
187,7,1635029092,1,3,0,0,0,0,30,4,1,41,1,4,4
187,8,3446453159,1,0,0,0,1,1,30,1,41,1,1,5,4
187,9,109971067,1,1,0,0,2,0,30,5,36,6,0,6,4
187,10,1116074284,1,2,0,0,3,1,30,5,0,42,0,6,5
187,11,2074559488,1,3,0,0,0,0,30,5,13,29,0,7,5
188,0,246691854,1,0,0,0,1,1,30,3,42,0,1,1,0
188,1,1153456184,1,1,0,0,2,0,30,2,29,13,0,2,0
188,2,2211280275,1,2,0,0,3,1,30,4,17,25,0,2,1
188,3,1875220694,1,3,0,0,0,0,30,5,12,30,1,2,2
188,4,686222250,1,0,0,0,1,1,30,0,40,2,1,3,2
188,5,1592986580,1,1,0,0,2,0,30,6,7,35,1,3,3
188,6,1256926999,1,2,0,0,3,1,30,4,15,27,0,3,4
188,7,2314751090,1,3,0,0,0,0,30,3,23,19,0,4,4
188,8,1978691509,1,0,0,0,1,1,30,6,28,14,0,4,5
188,9,2032516976,1,1,0,0,2,0,30,5,22,20,0,5,5
188,10,1696457395,1,2,0,0,3,1,30,4,17,25,0,5,6
188,11,2754281486,1,3,0,0,0,0,30,4,8,34,1,5,7
189,0,3797962712,1,0,0,0,1,1,30,0,42,0,1,1,0
189,1,3461903131,1,1,0,0,2,0,30,2,2,40,1,1,1
189,2,3615067485,1,2,0,0,3,1,30,3,29,13,0,1,2
189,3,1131524256,1,3,0,0,0,0,30,3,15,27,0,2,2
189,4,4237493108,1,0,0,0,1,1,30,4,40,2,1,3,2
189,5,3901433527,1,1,0,0,2,0,30,2,26,16,0,4,2
189,6,3565373946,1,2,0,0,3,1,30,4,14,28,0,4,3
189,7,1571054652,1,3,0,0,0,0,30,2,7,35,1,4,4
189,8,1234995071,1,0,0,0,1,1,30,5,36,6,1,5,4
189,9,45996627,1,1,0,0,2,0,30,1,20,22,0,6,4
189,10,4004904342,1,2,0,0,3,1,30,5,15,27,0,6,5
189,11,2010585048,1,3,0,0,0,0,30,4,24,18,0,7,5
190,0,83378527,1,0,0,0,1,1,30,4,25,17,0,0,1
190,1,3236965392,1,1,0,0,2,0,30,2,0,42,1,0,2
190,2,2047966948,1,2,0,0,3,1,30,3,34,8,1,1,2
190,3,1711907367,1,3,0,0,0,0,30,4,2,40,1,1,3
190,4,3523331434,1,0,0,0,1,1,30,4,34,8,1,2,3
190,5,3676495788,1,1,0,0,2,0,30,4,24,18,0,3,3
190,6,1192952559,1,2,0,0,3,1,30,4,25,17,0,3,4
190,7,2151437763,1,3,0,0,0,0,30,1,11,31,1,3,5
190,8,3962861830,1,0,0,0,1,1,30,3,17,25,0,3,6
190,9,2873202273,1,1,0,0,2,0,30,5,35,7,0,4,6
190,10,1632482955,1,2,0,0,3,1,30,3,40,2,1,5,6
190,11,1296423374,1,3,0,0,0,0,30,6,6,36,1,5,7
191,0,2170343660,1,0,0,0,1,1,30,5,28,14,0,0,1
191,1,3981767727,1,1,0,0,2,0,30,4,25,17,0,1,1
191,2,4134932081,1,2,0,0,3,1,30,4,7,35,0,1,2
191,3,1651388852,1,3,0,0,0,0,30,5,1,41,1,1,3
191,4,2609874056,1,0,0,0,1,1,30,0,19,23,0,1,4
191,5,126330827,1,1,0,0,2,0,30,4,27,15,0,2,4
191,6,279495181,1,2,0,0,3,1,30,6,23,19,0,2,5
191,7,4238402896,1,3,0,0,0,0,30,2,0,42,1,2,6
191,8,1754859667,1,0,0,0,1,1,30,2,13,29,0,2,7
192,0,603243123,1,0,0,0,1,1,30,0,17,25,0,0,1
192,1,3756829988,1,1,0,0,2,0,30,4,6,36,1,0,2
192,2,2567831544,1,2,0,0,3,1,30,3,28,14,0,0,3
192,3,2231771963,1,3,0,0,0,0,30,4,0,42,1,0,4
192,4,1042773519,1,0,0,0,1,1,30,4,1,41,0,0,5
192,5,4196360384,1,1,0,0,2,0,30,5,35,7,0,1,5
192,6,3860300803,1,2,0,0,3,1,30,2,36,6,1,2,5
192,7,2671302359,1,3,0,0,0,0,30,3,27,15,0,3,5
192,8,2335242778,1,0,0,0,1,1,30,6,34,8,1,4,5
192,9,340923484,1,1,0,0,2,0,30,5,0,42,1,4,6
192,10,4863903,1,2,0,0,3,1,30,1,42,0,1,5,6
192,11,1816287970,1,3,0,0,0,0,30,5,1,41,1,5,7
193,0,2106369220,1,0,0,0,1,1,30,1,40,2,1,1,0
193,1,1770309639,1,1,0,0,2,0,30,0,7,35,1,1,1
193,2,4070957641,1,2,0,0,3,1,30,4,2,40,0,1,2
193,3,3734898060,1,3,0,0,0,0,30,4,2,40,1,1,3
193,4,2545899616,1,0,0,0,1,1,30,5,35,7,1,2,3
193,5,2209840035,1,1,0,0,2,0,30,3,18,24,0,3,3
193,6,3116604365,1,2,0,0,3,1,30,5,36,6,1,4,3
193,7,4174428456,1,3,0,0,0,0,30,5,12,30,1,4,4
193,8,3838368875,1,0,0,0,1,1,30,4,41,1,1,5,4
193,9,2649370431,1,1,0,0,2,0,30,4,0,42,1,5,5
193,10,3556134761,1,2,0,0,3,1,30,3,34,8,1,6,5
193,11,318991556,1,3,0,0,0,0,30,6,23,19,0,7,5
194,0,1362672782,1,0,0,0,1,1,30,5,19,23,0,0,1
194,1,1026613201,1,1,0,0,2,0,30,2,24,18,0,1,1
194,2,4132582053,1,2,0,0,3,1,30,4,14,28,0,1,2
194,3,3796522472,1,3,0,0,0,0,30,5,22,20,0,2,2
194,4,1802203178,1,0,0,0,1,1,30,5,24,18,0,2,3
194,5,1466143597,1,1,0,0,2,0,30,6,34,8,0,3,3
194,6,1130084016,1,2,0,0,3,1,30,0,36,6,1,4,3
194,7,4236052868,1,3,0,0,0,0,30,5,34,8,0,5,3
194,8,3094672437,1,0,0,0,1,1,30,3,19,23,0,5,4
194,9,1905673993,1,1,0,0,2,0,30,1,12,30,1,5,5
194,10,1569614412,1,2,0,0,3,1,30,0,42,0,1,6,5
194,11,380615968,1,3,0,0,0,0,30,1,34,8,0,7,5
195,0,2526894929,1,0,0,0,1,1,30,4,24,18,0,0,1
195,1,3532998146,1,1,0,0,2,0,30,0,17,25,0,1,1
195,2,196516054,1,2,0,0,3,1,30,2,41,1,1,2,1
195,3,2007940121,1,3,0,0,0,0,30,0,24,18,0,3,1
195,4,2966425325,1,0,0,0,1,1,30,2,40,2,1,4,1
195,5,482882096,1,1,0,0,2,0,30,0,16,26,0,5,1
195,6,636046450,1,2,0,0,3,1,30,4,12,30,0,5,2
195,7,2447470517,1,3,0,0,0,0,30,0,6,36,1,5,3
195,8,2111410936,1,0,0,0,1,1,30,5,35,7,1,6,3
195,9,922412492,1,1,0,0,2,0,30,5,1,41,1,6,4
195,10,4075999357,1,2,0,0,3,1,30,4,42,0,1,7,4
196,0,4030021026,1,0,0,0,1,1,30,5,1,41,0,0,1
196,1,1546477797,1,1,0,0,2,0,30,5,0,42,1,0,2
196,2,2504963001,1,2,0,0,3,1,30,3,7,35,0,0,3
196,3,3511066218,1,3,0,0,0,0,30,4,29,13,0,1,3
196,4,174584126,1,0,0,0,1,1,30,5,12,30,0,1,4
196,5,1986008193,1,1,0,0,2,0,30,5,8,34,1,1,5
196,6,2944493397,1,2,0,0,3,1,30,4,18,24,0,1,6
196,7,1803112966,1,3,0,0,0,0,30,5,25,17,0,2,6
196,8,3614537033,1,0,0,0,1,1,30,5,8,34,0,2,7
197,0,2462920489,1,0,0,0,1,1,30,5,6,36,0,0,1
197,1,2126860908,1,1,0,0,2,0,30,4,24,18,0,1,1
197,2,132541614,1,2,0,0,3,1,30,5,29,13,0,1,2
197,3,4091449329,1,3,0,0,0,0,30,6,1,41,1,1,3
197,4,2902450885,1,0,0,0,1,1,30,4,35,7,1,2,3
197,5,2566391304,1,1,0,0,2,0,30,5,12,30,1,2,4
197,6,1425010873,1,2,0,0,3,1,30,5,25,17,0,2,5
197,7,236012429,1,3,0,0,0,0,30,3,17,25,0,3,5
197,8,4194920144,1,0,0,0,1,1,30,4,2,40,0,3,6
197,9,3005921700,1,1,0,0,2,0,30,1,1,41,1,3,7
198,0,3966046586,1,0,0,0,1,1,30,6,41,1,1,1,0
198,1,3629987005,1,1,0,0,2,0,30,4,8,34,1,1,1
198,2,2440988561,1,2,0,0,3,1,30,3,20,22,0,1,2
198,3,1299608130,1,3,0,0,0,0,30,5,1,41,1,1,3
198,4,110609686,1,0,0,0,1,1,30,4,29,13,0,1,4
198,5,4069517401,1,1,0,0,2,0,30,5,19,23,0,2,4
198,6,3733457820,1,2,0,0,3,1,30,5,24,18,0,2,5
198,7,1739138526,1,3,0,0,0,0,30,3,0,42,1,2,6
198,8,1403078945,1,0,0,0,1,1,30,5,9,33,0,2,7
199,0,3806189184,1,0,0,0,1,1,30,4,7,35,0,0,1
199,1,2617190740,1,1,0,0,2,0,30,4,19,23,0,1,1
199,2,2281131159,1,2,0,0,3,1,30,4,13,29,0,1,2
199,3,1945071578,1,3,0,0,0,0,30,0,18,24,0,2,2
199,4,4245719580,1,0,0,0,1,1,30,4,35,7,1,3,2
199,5,3909659999,1,1,0,0,2,0,30,1,22,20,0,4,2
199,6,2720661555,1,2,0,0,3,1,30,4,8,34,0,4,3
199,7,2384601974,1,3,0,0,0,0,30,4,18,24,0,5,3
199,8,390282680,1,0,0,0,1,1,30,5,42,0,1,6,3
199,9,54223099,1,1,0,0,2,0,30,4,35,7,0,7,3
200,0,91604999,1,0,0,0,1,1,30,4,41,1,1,1,0
200,1,1903029066,1,1,0,0,2,0,30,5,23,19,0,2,0
200,2,2960853157,1,2,0,0,3,1,30,4,40,2,1,3,0
200,3,3867617487,1,3,0,0,0,0,30,5,23,19,0,4,0
200,4,531135395,1,0,0,0,1,1,30,4,35,7,1,5,0
200,5,2342559462,1,1,0,0,2,0,30,3,11,31,1,5,1
200,6,1252899905,1,2,0,0,3,1,30,4,18,24,0,5,2
200,7,12180587,1,3,0,0,0,0,30,5,12,30,1,5,3
200,8,3971088302,1,0,0,0,1,1,30,5,42,0,1,6,3
200,9,2782089858,1,1,0,0,2,0,30,5,23,19,0,7,3
201,0,1594731096,1,0,0,0,1,1,30,1,42,0,1,1,0
201,1,3406155163,1,1,0,0,2,0,30,5,3,39,1,1,1
201,2,69673071,1,2,0,0,3,1,30,6,24,18,0,1,2
201,3,1881097138,1,3,0,0,0,0,30,6,6,36,1,1,3
201,4,2034261492,1,0,0,0,1,1,30,6,14,28,0,1,4
201,5,3845685559,1,1,0,0,2,0,30,6,6,36,1,1,5
201,6,509203467,1,2,0,0,3,1,30,1,23,19,0,1,6
201,7,2320627534,1,3,0,0,0,0,30,4,30,12,0,2,6
201,8,1179247103,1,0,0,0,1,1,30,1,36,6,1,3,6
201,9,4285215955,1,1,0,0,2,0,30,3,0,42,1,3,7
202,0,27630559,1,0,0,0,1,1,30,1,42,0,1,1,0
202,1,3986538274,1,1,0,0,2,0,30,3,20,22,0,2,0
202,2,2797539830,1,2,0,0,3,1,30,1,24,18,0,2,1
202,3,1656159399,1,3,0,0,0,0,30,4,17,25,0,3,1
202,4,467160955,1,0,0,0,1,1,30,5,3,39,0,3,2
202,5,131101374,1,1,0,0,2,0,30,2,22,20,0,4,2
202,6,4090009089,1,2,0,0,3,1,30,6,42,0,1,5,2
202,7,2095689795,1,3,0,0,0,0,30,1,9,33,1,5,3
202,8,1759630214,1,0,0,0,1,1,30,1,31,11,1,6,3
202,9,570631770,1,1,0,0,2,0,30,4,7,35,1,6,4
202,10,234572189,1,2,0,0,3,1,30,3,8,34,0,6,5
202,11,1240675406,1,3,0,0,0,0,30,5,28,14,0,7,5
203,0,2114595692,1,0,0,0,1,1,30,4,23,19,0,0,1
203,1,925597248,1,1,0,0,2,0,30,4,36,6,0,1,1
203,2,589537667,1,2,0,0,3,1,30,6,12,30,0,1,2
203,3,1496301997,1,3,0,0,0,0,30,6,25,17,0,2,2
203,4,2554126088,1,0,0,0,1,1,30,6,29,13,0,2,3
203,5,2218066507,1,1,0,0,2,0,30,5,24,18,0,3,3
203,6,1029068063,1,2,0,0,3,1,30,5,29,13,0,3,4
203,7,693008482,1,3,0,0,0,0,30,1,7,35,1,3,5
203,8,2993656484,1,0,0,0,1,1,30,2,14,28,0,3,6
203,9,2657596903,1,1,0,0,2,0,30,4,8,34,1,3,7
204,0,547495155,1,0,0,0,1,1,30,5,23,19,0,0,1
204,1,211435574,1,1,0,0,2,0,30,4,14,28,0,1,1
204,2,364599928,1,2,0,0,3,1,30,0,40,2,1,2,1
204,3,2176023995,1,3,0,0,0,0,30,6,0,42,1,2,2
204,4,3134509199,1,0,0,0,1,1,30,1,42,0,1,3,2
204,5,650965970,1,1,0,0,2,0,30,4,29,13,0,4,2
204,6,314906389,1,2,0,0,3,1,30,4,26,16,0,4,3
204,7,2615554391,1,3,0,0,0,0,30,6,17,25,0,5,3
204,8,2279494810,1,0,0,0,1,1,30,4,41,1,1,6,3
204,9,1090496366,1,1,0,0,2,0,30,4,42,0,0,7,3
205,0,1951282365,1,0,0,0,1,1,30,4,25,17,0,0,1
205,1,3762706432,1,1,0,0,2,0,30,5,24,18,0,1,1
205,2,525563227,1,2,0,0,3,1,30,5,12,30,0,1,2
205,3,189503646,1,3,0,0,0,0,30,4,12,30,1,1,3
205,4,2390812761,1,0,0,0,1,1,30,2,42,0,1,2,3
205,5,4202236828,1,1,0,0,2,0,30,4,24,18,0,3,3
205,6,3112577271,1,2,0,0,3,1,30,3,30,12,1,4,3
205,7,629034042,1,3,0,0,0,0,30,1,13,29,0,5,3
205,8,1535798372,1,0,0,0,1,1,30,2,1,41,0,5,4
205,9,346799928,1,1,0,0,2,0,30,5,0,42,1,5,5
205,10,10740347,1,2,0,0,3,1,30,5,26,16,0,5,6
205,11,1068564438,1,3,0,0,0,0,30,6,28,14,0,6,6
205,12,1975328768,1,0,0,0,1,1,30,5,28,14,0,6,7
206,0,2112245664,1,0,0,0,1,1,30,4,28,14,0,0,1
206,1,970865233,1,1,0,0,2,0,30,4,18,24,0,1,1
206,2,1929350437,1,2,0,0,3,1,30,5,31,11,1,2,1
206,3,3740774504,1,3,0,0,0,0,30,4,9,33,1,2,2
206,4,404292412,1,0,0,0,1,1,30,5,36,6,1,3,2
206,5,1410395629,1,1,0,0,2,0,30,5,35,7,0,4,2
206,6,2368880833,1,2,0,0,3,1,30,3,23,19,0,4,3
206,7,4180304900,1,3,0,0,0,0,30,2,6,36,1,4,4
206,8,3844245319,1,0,0,0,1,1,30,6,24,18,0,4,5
206,9,1849926025,1,1,0,0,2,0,30,2,41,1,0,5,5
206,10,1513866444,1,2,0,0,3,1,30,4,20,22,0,5,6
206,11,324868000,1,3,0,0,0,0,30,3,34,8,0,6,6
206,12,4283775715,1,0,0,0,1,1,30,0,16,26,0,6,7
207,0,2471146961,1,0,0,0,1,1,30,1,35,7,1,1,0
207,1,2135087380,1,1,0,0,2,0,30,1,23,19,0,2,0
207,2,946088936,1,2,0,0,3,1,30,5,1,41,0,2,1
207,3,4099675801,1,3,0,0,0,0,30,5,42,0,0,3,1
207,4,2910677357,1,0,0,0,1,1,30,3,24,18,0,3,2
207,5,2574617776,1,1,0,0,2,0,30,5,12,30,1,3,3
207,6,1385619332,1,2,0,0,3,1,30,5,35,7,1,4,3
207,7,244238901,1,3,0,0,0,0,30,0,2,40,1,4,4
207,8,2055662968,1,0,0,0,1,1,30,4,24,18,0,4,5
207,9,3014148172,1,1,0,0,2,0,30,0,11,31,1,4,6
207,10,530604943,1,2,0,0,3,1,30,6,13,29,0,4,7
208,0,484626612,1,0,0,0,1,1,30,5,9,33,0,0,1
208,1,2785274614,1,1,0,0,2,0,30,4,24,18,0,1,1
208,2,2449215033,1,2,0,0,3,1,30,5,2,40,0,1,2
208,3,2113155452,1,3,0,0,0,0,30,5,28,14,0,2,2
208,4,924157008,1,0,0,0,1,1,30,1,14,28,0,2,3
208,5,4077743873,1,1,0,0,2,0,30,5,14,28,0,3,3
208,6,2888745429,1,2,0,0,3,1,30,6,31,11,1,4,3
208,7,2552685848,1,3,0,0,0,0,30,3,1,41,1,4,4
208,8,69142619,1,0,0,0,1,1,30,5,2,40,0,4,5
208,9,222306973,1,1,0,0,2,0,30,1,12,30,1,4,6
208,10,2033731040,1,2,0,0,3,1,30,3,34,8,1,5,6
208,11,2992216244,1,3,0,0,0,0,30,5,16,26,0,6,6
208,12,508673015,1,0,0,0,1,1,30,4,1,41,0,6,7
209,0,2407172521,1,0,0,0,1,1,30,6,40,2,1,1,0
209,1,2071112940,1,1,0,0,2,0,30,5,29,13,0,2,0
209,2,882114496,1,2,0,0,3,1,30,5,24,18,0,2,1
209,3,546054915,1,3,0,0,0,0,30,4,42,0,0,3,1
209,4,699219269,1,0,0,0,1,1,30,4,19,23,0,3,2
209,5,2510643336,1,1,0,0,2,0,30,3,11,31,1,3,3
209,6,2174583755,1,2,0,0,3,1,30,3,19,23,0,3,4
209,7,985585311,1,3,0,0,0,0,30,0,6,36,1,3,5
209,8,4139172176,1,0,0,0,1,1,30,5,40,2,1,4,5
209,9,2950173732,1,1,0,0,2,0,30,3,22,20,0,5,5
209,10,2614114151,1,2,0,0,3,1,30,4,24,18,0,5,6
209,11,1425115707,1,3,0,0,0,0,30,2,1,41,1,5,7
210,0,420652172,1,0,0,0,1,1,30,6,17,25,0,0,1
210,1,1327416502,1,1,0,0,2,0,30,5,6,36,1,0,2
210,2,237756945,1,2,0,0,3,1,30,4,30,12,1,1,2
210,3,2049181012,1,3,0,0,0,0,30,5,29,13,0,2,2
210,4,860182568,1,0,0,0,1,1,30,3,42,0,1,3,2
210,5,1766946898,1,1,0,0,2,0,30,5,0,42,1,3,3
210,6,677287341,1,2,0,0,3,1,30,1,12,30,0,3,4
210,7,2488711408,1,3,0,0,0,0,30,5,35,7,0,4,4
210,8,2152651827,1,0,0,0,1,1,30,5,41,1,1,5,4
210,9,158332533,1,1,0,0,2,0,30,3,29,13,0,6,4
210,10,1870417713,1,2,0,0,3,1,30,3,16,26,0,6,5
210,11,2928241804,1,3,0,0,0,0,30,5,36,6,0,7,5
211,0,779553469,1,0,0,0,1,1,30,4,24,18,0,0,1
211,1,2590977536,1,1,0,0,2,0,30,5,1,41,1,0,2
211,2,3549462740,1,2,0,0,3,1,30,6,18,24,0,0,3
211,3,2408082309,1,3,0,0,0,0,30,6,12,30,1,0,4
211,4,1219083865,1,0,0,0,1,1,30,1,42,0,1,1,4
211,5,3030507932,1,1,0,0,2,0,30,5,24,18,0,2,4
211,6,3988993136,1,2,0,0,3,1,30,6,18,24,0,2,5
211,7,2847612705,1,3,0,0,0,0,30,5,7,35,1,2,6
211,8,364069476,1,0,0,0,1,1,30,4,24,18,0,2,7
212,0,35857031,1,0,0,0,1,1,30,4,16,26,0,0,1
212,1,3994764746,1,1,0,0,2,0,30,4,27,15,0,1,1
212,2,2805766302,1,2,0,0,3,1,30,5,25,17,0,1,2
212,3,322223073,1,3,0,0,0,0,30,5,36,6,0,2,2
212,4,475387427,1,0,0,0,1,1,30,2,20,22,0,2,3
212,5,139327846,1,1,0,0,2,0,30,5,29,13,0,3,3
212,6,3245296698,1,2,0,0,3,1,30,5,25,17,0,3,4
212,7,761753469,1,3,0,0,0,0,30,5,25,17,0,4,4
212,8,425693888,1,0,0,0,1,1,30,5,6,36,0,4,5
212,9,578858242,1,1,0,0,2,0,30,4,39,3,0,5,5
212,10,2390282309,1,2,0,0,3,1,30,0,35,7,1,6,5
212,11,3348767513,1,3,0,0,0,0,30,5,13,29,0,7,5
213,0,2344303978,1,0,0,0,1,1,30,1,22,20,0,0,1
213,1,1155305534,1,1,0,0,2,0,30,3,0,42,1,0,2
213,2,13925103,1,2,0,0,3,1,30,5,1,41,0,0,3
213,3,3972832818,1,3,0,0,0,0,30,6,11,31,1,0,4
213,4,2783834374,1,0,0,0,1,1,30,5,17,25,0,0,5
213,5,300291145,1,1,0,0,2,0,30,5,6,36,1,0,6
213,6,453455499,1,2,0,0,3,1,30,4,27,15,0,0,7
214,0,777203441,1,0,0,0,1,1,30,4,11,31,0,0,1
214,1,3930790306,1,1,0,0,2,0,30,4,17,25,0,1,1
214,2,2741791862,1,2,0,0,3,1,30,4,31,11,1,2,1
214,3,2405732281,1,3,0,0,0,0,30,4,11,31,1,2,2
214,4,1216733837,1,0,0,0,1,1,30,4,7,35,0,2,3
214,5,75353406,1,1,0,0,2,0,30,4,41,1,0,3,3
214,6,4034261121,1,2,0,0,3,1,30,5,31,11,1,4,3
214,7,2845262677,1,3,0,0,0,0,30,4,7,35,1,4,4
214,8,2509203096,1,0,0,0,1,1,30,4,31,11,1,5,4
214,9,514883802,1,1,0,0,2,0,30,5,0,42,1,5,5
214,10,178824221,1,2,0,0,3,1,30,4,6,36,0,5,6
214,11,3284793073,1,3,0,0,0,0,30,3,0,42,1,5,7
215,0,2280329538,1,0,0,0,1,1,30,4,35,7,1,1,0
215,1,1944269957,1,1,0,0,2,0,30,1,24,18,0,2,0
215,2,2097434311,1,2,0,0,3,1,30,3,16,26,0,2,1
215,3,3908858378,1,3,0,0,0,0,30,5,22,20,0,3,1
215,4,2719859934,1,0,0,0,1,1,30,5,41,1,1,4,1
215,5,2383800353,1,1,0,0,2,0,30,4,20,22,0,5,1
215,6,3290564683,1,2,0,0,3,1,30,1,34,8,1,6,1
215,7,53421478,1,3,0,0,0,0,30,4,3,39,1,6,2
215,8,4012329193,1,0,0,0,1,1,30,5,14,28,0,6,3
215,9,2823330749,1,1,0,0,2,0,30,4,2,40,1,6,4
215,10,3730095079,1,2,0,0,3,1,30,4,20,22,0,6,5
215,11,492951874,1,3,0,0,0,0,30,5,6,36,1,6,6
215,12,156892293,1,0,0,0,1,1,30,4,18,24,0,6,7
216,0,2639230835,1,0,0,0,1,1,30,4,25,17,0,0,1
216,1,155687606,1,1,0,0,2,0,30,5,29,13,0,1,1
216,2,1114172810,1,2,0,0,3,1,30,4,24,18,0,1,2
216,3,2925596877,1,3,0,0,0,0,30,2,30,12,0,2,2
216,4,3078761231,1,0,0,0,1,1,30,6,23,19,0,2,3
216,5,595218002,1,1,0,0,2,0,30,4,16,26,0,3,3
216,6,1553703206,1,2,0,0,3,1,30,4,25,17,0,3,4
216,7,3365127273,1,3,0,0,0,0,30,4,18,24,0,4,4
216,8,2223746842,1,0,0,0,1,1,30,4,17,25,0,4,5
216,9,3182232046,1,1,0,0,2,0,30,5,35,7,0,5,5
216,10,698688817,1,2,0,0,3,1,30,4,36,6,1,6,5
216,11,3804657669,1,3,0,0,0,0,30,6,7,35,1,6,6
216,12,3468598088,1,0,0,0,1,1,30,4,41,1,1,7,6
217,0,2700855247,1,0,0,0,1,1,30,3,34,8,1,1,0
217,1,1559474816,1,1,0,0,2,0,30,5,41,1,0,2,0
217,2,370476372,1,2,0,0,3,1,30,1,30,12,1,3,0
217,3,2181900439,1,3,0,0,0,0,30,4,34,8,0,4,0
217,4,3140385643,1,0,0,0,1,1,30,5,27,15,0,4,1
217,5,656842414,1,1,0,0,2,0,30,4,7,35,1,4,2
217,6,810006768,1,2,0,0,3,1,30,4,18,24,0,4,3
217,7,473947187,1,3,0,0,0,0,30,3,7,35,1,4,4
217,8,2285371254,1,0,0,0,1,1,30,1,23,19,0,4,5
217,9,1096372810,1,1,0,0,2,0,30,4,27,15,0,5,5
217,10,4249959675,1,2,0,0,3,1,30,3,41,1,1,6,5
217,11,913477583,1,3,0,0,0,0,30,5,24,18,0,7,5
218,0,2575256395,1,0,0,0,1,1,30,6,0,42,0,0,1
218,1,2239196814,1,1,0,0,2,0,30,6,17,25,0,1,1
218,2,1050198370,1,2,0,0,3,1,30,4,24,18,0,1,2
218,3,714138789,1,3,0,0,0,0,30,3,14,28,0,2,2
218,4,3820107641,1,0,0,0,1,1,30,4,14,28,0,2,3
218,5,2678727210,1,1,0,0,2,0,30,5,18,24,0,3,3
218,6,2342667629,1,2,0,0,3,1,30,4,29,13,0,3,4
218,7,1153669185,1,3,0,0,0,0,30,3,19,23,0,4,4
218,8,817609604,1,0,0,0,1,1,30,4,20,22,0,4,5
218,9,3118257606,1,1,0,0,2,0,30,5,0,42,1,4,6
218,10,2782198025,1,2,0,0,3,1,30,4,24,18,0,4,7
219,0,2636880807,1,0,0,0,1,1,30,1,24,18,0,0,1
219,1,2300821226,1,1,0,0,2,0,30,4,19,23,0,1,1
219,2,306501932,1,2,0,0,3,1,30,6,25,17,0,1,2
219,3,4265409647,1,3,0,0,0,0,30,4,23,19,0,2,2
219,4,3076411203,1,0,0,0,1,1,30,5,30,12,1,3,2
219,5,2740351622,1,1,0,0,2,0,30,5,12,30,1,3,3
219,6,1598971191,1,2,0,0,3,1,30,4,42,0,1,4,3
219,7,409972747,1,3,0,0,0,0,30,4,16,26,0,5,3
219,8,73913166,1,0,0,0,1,1,30,2,17,25,0,5,4
219,9,3179882018,1,1,0,0,2,0,30,4,2,40,1,5,5
219,10,2038501587,1,2,0,0,3,1,30,4,12,30,0,5,6
219,11,849503143,1,3,0,0,0,0,30,5,41,1,0,6,6
219,12,513443562,1,0,0,0,1,1,30,4,18,24,0,6,7
220,0,428878644,1,0,0,0,1,1,30,4,13,29,0,0,1
220,1,3534847496,1,1,0,0,2,0,30,5,31,11,0,1,1
220,2,2393467065,1,2,0,0,3,1,30,5,7,35,0,1,2
220,3,4105552245,1,3,0,0,0,0,30,4,7,35,1,1,3
220,4,868409040,1,0,0,0,1,1,30,4,13,29,0,1,4
220,5,532349459,1,1,0,0,2,0,30,4,6,36,1,1,5
220,6,2832997461,1,2,0,0,3,1,30,4,23,19,0,1,6
220,7,2496937880,1,3,0,0,0,0,30,5,16,26,0,2,6
220,8,1307939436,1,0,0,0,1,1,30,5,2,40,0,2,7
221,0,1009261755,1,0,0,0,1,1,30,6,36,6,1,1,0
221,1,2015364972,1,1,0,0,2,0,30,5,11,31,1,1,1
221,2,2973850176,1,2,0,0,3,1,30,4,40,2,1,2,1
221,3,490306947,1,3,0,0,0,0,30,6,1,41,1,2,2
221,4,1448792151,1,0,0,0,1,1,30,5,42,0,1,3,2
221,5,2454895368,1,1,0,0,2,0,30,4,25,17,0,4,2
221,6,3413380572,1,2,0,0,3,1,30,3,19,23,0,4,3
221,7,929837343,1,3,0,0,0,0,30,4,7,35,1,4,4
221,8,593777762,1,0,0,0,1,1,30,5,19,23,0,4,5
221,9,3699746614,1,1,0,0,2,0,30,4,22,20,0,5,5
221,10,2558366183,1,2,0,0,3,1,30,4,30,12,1,6,5
221,11,1369367739,1,3,0,0,0,0,30,5,23,19,0,7,5
222,0,265565317,1,0,0,0,1,1,30,2,42,0,1,1,0
222,1,2076989384,1,1,0,0,2,0,30,4,17,25,0,2,0
222,2,987329827,1,2,0,0,3,1,30,4,0,42,0,2,1
222,3,4041577805,1,3,0,0,0,0,30,1,1,41,1,2,2
222,4,2951918248,1,0,0,0,1,1,30,4,7,35,0,2,3
222,5,2516519780,1,1,0,0,2,0,30,5,34,8,0,3,3
222,6,1426860223,1,2,0,0,3,1,30,6,29,13,0,3,4
222,7,2333624553,1,3,0,0,0,0,30,6,19,23,0,4,4
222,8,4145048620,1,0,0,0,1,1,30,6,12,30,0,4,5
222,9,907905415,1,1,0,0,2,0,30,5,18,24,0,5,5
222,10,2619990595,1,2,0,0,3,1,30,2,41,1,1,6,5
222,11,2773154949,1,3,0,0,0,0,30,4,24,18,0,7,5
223,0,945287315,1,0,0,0,1,1,30,4,17,25,0,0,1
223,1,609227734,1,1,0,0,2,0,30,4,27,15,0,1,1
223,2,2909875736,1,2,0,0,3,1,30,6,42,0,1,2,1
223,3,2573816155,1,3,0,0,0,0,30,4,19,23,0,3,1
223,4,1384817711,1,0,0,0,1,1,30,4,12,30,0,3,2
223,5,1048758130,1,1,0,0,2,0,30,5,9,33,1,3,3
223,6,4202344995,1,2,0,0,3,1,30,4,28,14,0,3,4
223,7,3013346551,1,3,0,0,0,0,30,5,11,31,1,3,5
223,8,2677286970,1,0,0,0,1,1,30,4,23,19,0,3,6
223,9,1488288526,1,1,0,0,2,0,30,5,18,24,0,4,6
223,10,346908095,1,2,0,0,3,1,30,5,12,30,0,4,7
224,0,785429913,1,0,0,0,1,1,30,3,25,17,0,0,1
224,1,3891398765,1,1,0,0,2,0,30,4,6,36,1,0,2
224,2,2750018334,1,2,0,0,3,1,30,5,19,23,0,0,3
224,3,2413958753,1,3,0,0,0,0,30,2,1,41,1,0,4
224,4,1224960309,1,0,0,0,1,1,30,2,29,13,0,0,5
224,5,888900728,1,1,0,0,2,0,30,6,28,14,0,1,5
224,6,3189548730,1,2,0,0,3,1,30,4,22,20,0,1,6
224,7,2853489149,1,3,0,0,0,0,30,1,12,30,1,1,7
225,0,2288556010,1,0,0,0,1,1,30,4,35,7,1,1,0
225,1,1099557566,1,1,0,0,2,0,30,4,40,2,0,2,0
225,2,763497985,1,2,0,0,3,1,30,5,9,33,0,2,1
225,3,427438404,1,3,0,0,0,0,30,5,18,24,0,3,1
225,4,2728086406,1,0,0,0,1,1,30,4,29,13,0,3,2
225,5,2392026825,1,1,0,0,2,0,30,2,12,30,1,3,3
225,6,1203028381,1,2,0,0,3,1,30,4,15,27,0,3,4
225,7,866968800,1,3,0,0,0,0,30,5,31,11,0,4,4
225,8,3167616802,1,0,0,0,1,1,30,4,2,40,0,4,5
225,9,2831557221,1,1,0,0,2,0,30,4,34,8,0,5,5
225,10,2495497640,1,2,0,0,3,1,30,5,30,12,1,6,5
225,11,1306499196,1,3,0,0,0,0,30,4,11,31,1,6,6
225,12,165118765,1,0,0,0,1,1,30,5,36,6,1,7,6
226,0,2868939121,1,0,0,0,1,1,30,2,13,29,0,0,1
226,1,385395892,1,1,0,0,2,0,30,4,20,22,0,1,1
226,2,538560246,1,2,0,0,3,1,30,4,0,42,0,1,2
226,3,2349984313,1,3,0,0,0,0,30,5,6,36,1,1,3
226,4,3308469517,1,0,0,0,1,1,30,5,9,33,0,1,4
226,5,824926288,1,1,0,0,2,0,30,5,1,41,1,1,5
226,6,1783411492,1,2,0,0,3,1,30,5,23,19,0,1,6
226,7,2789514709,1,3,0,0,0,0,30,4,0,42,1,1,7
227,0,2125242683,1,0,0,0,1,1,30,4,42,0,1,1,0
227,1,3936666750,1,1,0,0,2,0,30,4,12,30,1,1,1
227,2,2847007193,1,2,0,0,3,1,30,5,34,8,1,2,1
227,3,363463964,1,3,0,0,0,0,30,4,34,8,0,3,1
227,4,516628318,1,0,0,0,1,1,30,4,24,18,0,3,2
227,5,81229850,1,1,0,0,2,0,30,4,0,42,1,3,3
227,6,3286537589,1,2,0,0,3,1,30,4,36,6,1,4,3
227,7,802994360,1,3,0,0,0,0,30,5,24,18,0,5,3
227,8,1709758690,1,0,0,0,1,1,30,4,22,20,0,5,4
227,9,2767582781,1,1,0,0,2,0,30,6,20,22,0,6,4
227,10,184700665,1,2,0,0,3,1,30,5,1,41,0,6,5
227,11,1242524756,1,3,0,0,0,0,30,5,1,41,1,6,6
227,12,2149289086,1,0,0,0,1,1,30,5,26,16,0,6,7
228,0,3388803717,1,0,0,0,1,1,30,2,8,34,0,0,1
228,1,2199805273,1,1,0,0,2,0,30,5,6,36,1,0,2
228,2,1058424842,1,2,0,0,3,1,30,5,36,6,1,1,2
228,3,722365261,1,3,0,0,0,0,30,2,18,24,0,2,2
228,4,3828334113,1,0,0,0,1,1,30,4,8,34,0,2,3
228,5,3492274532,1,1,0,0,2,0,30,6,22,20,0,3,3
228,6,1497955238,1,2,0,0,3,1,30,5,36,6,1,4,3
228,7,1161895657,1,3,0,0,0,0,30,5,18,24,0,5,3
228,8,2973319724,1,0,0,0,1,1,30,4,14,28,0,5,4
228,9,3931804928,1,1,0,0,2,0,30,4,40,2,0,6,4
228,10,543601962,1,2,0,0,3,1,30,5,23,19,0,6,5
228,11,1601426053,1,3,0,0,0,0,30,6,24,18,0,7,5
229,0,2645107279,1,0,0,0,1,1,30,6,16,26,0,0,1
229,1,1456108835,1,1,0,0,2,0,30,2,14,28,0,1,1
229,2,1120049254,1,2,0,0,3,1,30,4,16,26,0,1,2
229,3,4273636119,1,3,0,0,0,0,30,5,0,42,1,1,3
229,4,3084637675,1,0,0,0,1,1,30,4,29,13,0,1,4
229,5,2748578094,1,1,0,0,2,0,30,6,23,19,0,2,4
229,6,1559579650,1,2,0,0,3,1,30,4,42,0,1,3,4
229,7,418199219,1,3,0,0,0,0,30,4,0,42,1,3,5
229,8,3524168071,1,0,0,0,1,1,30,6,42,0,1,4,5
229,9,3188108490,1,1,0,0,2,0,30,5,7,35,1,4,6
229,10,704565261,1,2,0,0,3,1,30,5,24,18,0,4,7
230,0,3324829277,1,0,0,0,1,1,30,2,29,13,0,0,1
230,1,2988769696,1,1,0,0,2,0,30,3,17,25,0,1,1
230,2,895111515,1,2,0,0,3,1,30,4,30,12,1,2,1
230,3,2706535582,1,3,0,0,0,0,30,4,28,14,0,3,1
230,4,1616876025,1,0,0,0,1,1,30,3,36,6,1,4,1
230,5,3428300092,1,1,0,0,2,0,30,5,34,8,0,5,1
230,6,40097126,1,2,0,0,3,1,30,0,35,7,1,6,1
230,7,3146065978,1,3,0,0,0,0,30,5,11,31,1,6,2
230,8,2810006397,1,0,0,0,1,1,30,2,36,6,1,7,2
231,0,433649191,1,0,0,0,1,1,30,6,40,2,1,1,0
231,1,2245073258,1,1,0,0,2,0,30,3,30,12,0,2,0
231,2,1056074814,1,2,0,0,3,1,30,6,25,17,0,2,1
231,3,720015233,1,3,0,0,0,0,30,4,0,42,1,2,2
231,4,873179587,1,0,0,0,1,1,30,2,21,21,0,2,3
231,5,2684603654,1,1,0,0,2,0,30,4,40,2,0,3,3
231,6,3643088858,1,2,0,0,3,1,30,5,19,23,0,3,4
231,7,1159545629,1,3,0,0,0,0,30,1,18,24,0,4,4
231,8,18165198,1,0,0,0,1,1,30,2,24,18,0,4,5
231,9,3124134050,1,1,0,0,2,0,30,0,1,41,1,4,6
231,10,2788074469,1,2,0,0,3,1,30,1,40,2,1,5,6
231,11,1599076025,1,3,0,0,0,0,30,1,23,19,0,6,6
231,12,457695594,1,0,0,0,1,1,30,4,19,23,0,6,7
232,0,2421275437,1,0,0,0,1,1,30,4,18,24,0,0,1
232,1,1331615880,1,1,0,0,2,0,30,2,0,42,1,0,2
232,2,3143039947,1,2,0,0,3,1,30,4,31,11,1,1,2
232,3,4101525151,1,3,0,0,0,0,30,4,23,19,0,2,2
232,4,2860805833,1,0,0,0,1,1,30,5,13,29,0,2,3
232,5,2524746252,1,1,0,0,2,0,30,4,42,0,0,3,3
232,6,3582570343,1,2,0,0,3,1,30,5,12,30,0,3,4
232,7,3246510762,1,3,0,0,0,0,30,2,7,35,1,3,5
232,8,1152852581,1,0,0,0,1,1,30,6,29,13,0,3,6
232,9,2964276648,1,1,0,0,2,0,30,2,22,20,0,4,6
232,10,4022100739,1,2,0,0,3,1,30,0,35,7,1,5,6
232,11,3686041158,1,3,0,0,0,0,30,6,0,42,1,5,7
233,0,953513787,1,0,0,0,1,1,30,5,7,35,0,0,1
233,1,4059482639,1,1,0,0,2,0,30,6,16,26,0,1,1
233,2,3723423058,1,2,0,0,3,1,30,4,30,12,1,2,1
233,3,2582042627,1,3,0,0,0,0,30,5,21,21,0,3,1
233,4,1393044183,1,0,0,0,1,1,30,5,16,26,0,3,2
233,5,1056984602,1,1,0,0,2,0,30,2,7,35,1,3,3
233,6,4162953454,1,2,0,0,3,1,30,5,28,14,0,3,4
233,7,3021573023,1,3,0,0,0,0,30,6,1,41,1,3,5
233,8,538029794,1,0,0,0,1,1,30,5,12,30,0,3,6
233,9,1496514998,1,1,0,0,2,0,30,2,11,31,1,3,7
234,0,209817349,1,0,0,0,1,1,30,5,14,28,0,0,1
234,1,3315786201,1,1,0,0,2,0,30,5,41,1,0,1,1
234,2,2979726620,1,2,0,0,3,1,30,5,8,34,0,1,2
234,3,2643667039,1,3,0,0,0,0,30,0,1,41,1,1,3
234,4,649347745,1,0,0,0,1,1,30,4,41,1,1,2,3
234,5,313288164,1,1,0,0,2,0,30,0,22,20,0,3,3
234,6,3419257016,1,2,0,0,3,1,30,3,25,17,0,3,4
234,7,3083197435,1,3,0,0,0,0,30,4,24,18,0,4,4
234,8,4141021526,1,0,0,0,1,1,30,4,41,1,1,5,4
234,9,752818560,1,1,0,0,2,0,30,6,6,36,1,5,5
234,10,2564242627,1,2,0,0,3,1,30,5,13,29,0,5,6
234,11,3522727831,1,3,0,0,0,0,30,4,0,42,1,5,7
235,0,889539347,1,0,0,0,1,1,30,4,6,36,0,0,1
235,1,553479766,1,1,0,0,2,0,30,3,24,18,0,1,1
235,2,3659448618,1,2,0,0,3,1,30,5,25,17,0,1,2
235,3,271245652,1,3,0,0,0,0,30,5,10,32,1,1,3
235,4,3476553391,1,0,0,0,1,1,30,1,42,0,1,2,3
235,5,993010162,1,1,0,0,2,0,30,6,7,35,1,2,4
235,6,656950581,1,2,0,0,3,1,30,3,29,13,0,2,5
235,7,3762919433,1,3,0,0,0,0,30,4,0,42,1,2,6
235,8,374716467,1,0,0,0,1,1,30,4,31,11,1,3,6
235,9,1432540558,1,1,0,0,2,0,30,5,19,23,0,4,6
235,10,1096480977,1,2,0,0,3,1,30,4,17,25,0,4,7
236,0,951163759,1,0,0,0,1,1,30,4,12,30,0,0,1
236,1,4104750624,1,1,0,0,2,0,30,4,7,35,1,0,2
236,2,768268532,1,2,0,0,3,1,30,4,10,32,0,0,3
236,3,2579692599,1,3,0,0,0,0,30,4,18,24,0,1,3
236,4,1390694155,1,0,0,0,1,1,30,5,42,0,1,2,3
236,5,249313724,1,1,0,0,2,0,30,2,23,19,0,3,3
236,6,1207798928,1,2,0,0,3,1,30,5,42,0,1,4,3
236,7,3019222995,1,3,0,0,0,0,30,5,11,31,1,4,4
236,8,2683163414,1,0,0,0,1,1,30,2,36,6,1,5,4
236,9,688844120,1,1,0,0,2,0,30,2,0,42,1,5,5
236,10,352784539,1,2,0,0,3,1,30,6,31,11,1,6,5
236,11,3458753391,1,3,0,0,0,0,30,4,12,30,1,6,6
236,12,3122693810,1,0,0,0,1,1,30,4,26,16,0,6,7
237,0,1310065056,1,0,0,0,1,1,30,4,26,16,0,0,1
237,1,3121489123,1,1,0,0,2,0,30,4,30,12,0,1,1
237,2,4079974327,1,2,0,0,3,1,30,5,24,18,0,1,2
237,3,2938593896,1,3,0,0,0,0,30,4,24,18,0,2,2
237,4,1749595452,1,0,0,0,1,1,30,5,23,19,0,2,3
237,5,3561019519,1,1,0,0,2,0,30,4,40,2,0,3,3
237,6,224537427,1,2,0,0,3,1,30,4,40,2,1,4,3
237,7,3378124292,1,3,0,0,0,0,30,4,0,42,1,4,4
237,8,894581063,1,0,0,0,1,1,30,5,31,11,1,5,4
237,9,1853066267,1,1,0,0,2,0,30,4,24,18,0,6,4
237,10,3664490334,1,2,0,0,3,1,30,4,41,1,1,7,4
238,0,2813191153,1,0,0,0,1,1,30,4,29,13,0,0,1
238,1,1624192709,1,1,0,0,2,0,30,6,19,23,0,1,1
238,2,1288133128,1,2,0,0,3,1,30,6,31,11,1,2,1
238,3,3099557195,1,3,0,0,0,0,30,4,26,16,0,3,1
238,4,3252721549,1,0,0,0,1,1,30,4,14,28,0,3,2
238,5,2916661968,1,1,0,0,2,0,30,5,35,7,0,4,2
238,6,1727663524,1,2,0,0,3,1,30,6,42,0,1,5,2
238,7,1391603943,1,3,0,0,0,0,30,5,19,23,0,6,2
238,8,2397707160,1,0,0,0,1,1,30,4,42,0,1,7,2
239,0,2874815565,1,0,0,0,1,1,30,5,6,36,0,0,1
239,1,880496271,1,1,0,0,2,0,30,6,34,8,0,1,1
239,2,544436690,1,2,0,0,3,1,30,0,42,0,1,2,1
239,3,208377109,1,3,0,0,0,0,30,4,0,42,1,2,2
239,4,1266201200,1,0,0,0,1,1,30,1,13,29,0,2,3
239,5,830802732,1,1,0,0,2,0,30,4,0,42,1,2,4
239,6,983967086,1,2,0,0,3,1,30,4,36,6,1,3,4
239,7,647907505,1,3,0,0,0,0,30,5,41,1,0,4,4
239,8,1705731596,1,0,0,0,1,1,30,5,6,36,0,4,5
239,9,1369672015,1,1,0,0,2,0,30,5,1,41,1,4,6
239,10,128952697,1,2,0,0,3,1,30,3,35,7,1,5,6
239,11,1087437901,1,3,0,0,0,0,30,4,29,13,0,6,6
239,12,2898861968,1,0,0,0,1,1,30,4,6,36,0,6,7
240,0,2749216713,1,0,0,0,1,1,30,5,2,40,0,0,1
240,1,2413157132,1,1,0,0,2,0,30,3,33,9,0,1,1
240,2,1224158688,1,2,0,0,3,1,30,4,23,19,0,1,2
240,3,888099107,1,3,0,0,0,0,30,4,24,18,0,2,2
240,4,3994067959,1,0,0,0,1,1,30,5,22,20,0,2,3
240,5,2852687528,1,1,0,0,2,0,30,4,14,28,0,3,3
240,6,2516627947,1,2,0,0,3,1,30,4,9,33,0,3,4
240,7,1327629503,1,3,0,0,0,0,30,5,7,35,1,3,5
240,8,991569922,1,0,0,0,1,1,30,4,34,8,1,4,5
240,9,3292217924,1,1,0,0,2,0,30,4,17,25,0,5,5
240,10,2956158343,1,2,0,0,3,1,30,5,14,28,0,5,6
240,11,1767159899,1,3,0,0,0,0,30,0,15,27,0,6,6
240,12,1431100318,1,0,0,0,1,1,30,0,36,6,1,7,6
241,0,3394680161,1,0,0,0,1,1,30,4,30,12,1,1,0
241,1,3547844515,1,1,0,0,2,0,30,3,17,25,0,2,0
241,2,1064301286,1,2,0,0,3,1,30,0,40,2,1,3,0
241,3,4170270138,1,3,0,0,0,0,30,4,35,7,0,4,0
241,4,3834210557,1,0,0,0,1,1,30,5,13,29,0,4,1
241,5,2692830126,1,1,0,0,2,0,30,5,41,1,0,5,1
241,6,1503831682,1,2,0,0,3,1,30,4,34,8,1,6,1
241,7,1167772101,1,3,0,0,0,0,30,5,11,31,1,6,2
241,8,4273740953,1,0,0,0,1,1,30,0,22,20,0,6,3
241,9,3132360522,1,1,0,0,2,0,30,5,39,3,0,7,3
242,0,3169742422,1,0,0,0,1,1,30,4,16,26,0,0,1
242,1,686199193,1,1,0,0,2,0,30,1,0,42,1,0,2
242,2,1644684397,1,2,0,0,3,1,30,3,9,33,0,0,3
242,3,3456108464,1,3,0,0,0,0,30,5,28,14,0,1,3
242,4,3609272818,1,0,0,0,1,1,30,4,24,18,0,1,4
242,5,1125729589,1,1,0,0,2,0,30,4,11,31,1,1,5
242,6,36070032,1,2,0,0,3,1,30,0,35,7,1,2,5
242,7,3895638860,1,3,0,0,0,0,30,4,26,16,0,3,5
242,8,2754258429,1,0,0,0,1,1,30,5,12,30,0,3,6
242,9,3712743633,1,1,0,0,2,0,30,0,18,24,0,4,6
242,10,1229200404,1,2,0,0,3,1,30,3,36,6,1,5,6
242,11,2287024495,1,3,0,0,0,0,30,6,42,0,0,6,6
242,12,3193788825,1,0,0,0,1,1,30,4,40,2,1,7,6
243,0,1183222073,1,0,0,0,1,1,30,0,31,11,1,1,0
243,1,3483870075,1,1,0,0,2,0,30,4,29,13,0,2,0
243,2,3147810494,1,2,0,0,3,1,30,4,41,1,1,3,0
243,3,664267265,1,3,0,0,0,0,30,5,18,24,0,4,0
243,4,1622752469,1,0,0,0,1,1,30,5,19,23,0,4,1
243,5,481372038,1,1,0,0,2,0,30,6,0,42,1,4,2
243,6,3587340890,1,2,0,0,3,1,30,1,2,40,0,4,3
243,7,3251281309,1,3,0,0,0,0,30,1,19,23,0,5,3
243,8,767738080,1,0,0,0,1,1,30,4,42,0,1,6,3
243,9,3873706932,1,1,0,0,2,0,30,5,1,41,1,6,4
243,10,2732326501,1,2,0,0,3,1,30,4,8,34,0,6,5
243,11,3690811705,1,3,0,0,0,0,30,6,28,14,0,7,5
244,0,439525635,1,0,0,0,1,1,30,1,42,0,1,1,0
244,1,1497349726,1,1,0,0,2,0,30,4,18,24,0,2,0
244,2,1161290145,1,2,0,0,3,1,30,4,7,35,0,2,1
244,3,2068054475,1,3,0,0,0,0,30,1,11,31,1,2,2
244,4,3125878566,1,0,0,0,1,1,30,4,24,18,0,2,3
244,5,542996450,1,1,0,0,2,0,30,0,6,36,1,2,4
244,6,1600820541,1,2,0,0,3,1,30,5,30,12,1,3,4
244,7,2507584871,1,3,0,0,0,0,30,4,18,24,0,4,4
244,8,3565408962,1,0,0,0,1,1,30,4,30,12,1,5,4
244,9,3229349381,1,1,0,0,2,0,30,3,0,42,1,5,5
244,10,2793950913,1,2,0,0,3,1,30,4,29,13,0,5,6
244,11,2947115267,1,3,0,0,0,0,30,5,28,14,0,6,6
244,12,463572038,1,0,0,0,1,1,30,5,24,18,0,6,7
245,0,1703086669,1,0,0,0,1,1,30,5,22,20,0,0,1
245,1,4003734671,1,1,0,0,2,0,30,5,7,35,1,0,2
245,2,3667675090,1,2,0,0,3,1,30,1,41,1,1,1,2
245,3,3331615509,1,3,0,0,0,0,30,5,24,18,0,2,2
245,4,2142617065,1,0,0,0,1,1,30,1,18,24,0,2,3
245,5,1001236634,1,1,0,0,2,0,30,4,17,25,0,3,3
245,6,4107205486,1,2,0,0,3,1,30,4,2,40,0,3,4
245,7,3771145905,1,3,0,0,0,0,30,4,8,34,1,3,5
245,8,2582147461,1,0,0,0,1,1,30,6,31,11,1,4,5
245,9,1440767030,1,1,0,0,2,0,30,1,12,30,1,4,6
245,10,1104707449,1,2,0,0,3,1,30,3,22,20,0,4,7
246,0,959390231,1,0,0,0,1,1,30,4,12,30,0,0,1
246,1,4065359083,1,1,0,0,2,0,30,6,7,35,1,0,2
246,2,2923978652,1,2,0,0,3,1,30,5,18,24,0,0,3
246,3,1734980208,1,3,0,0,0,0,30,5,9,33,1,0,4
246,4,1398920627,1,0,0,0,1,1,30,4,18,24,0,0,5
246,5,1062861046,1,1,0,0,2,0,30,4,0,42,1,0,6
246,6,3363509048,1,2,0,0,3,1,30,4,7,35,0,0,7
247,0,3786595877,1,0,0,0,1,1,30,4,14,28,0,0,1
247,1,2545876559,1,1,0,0,2,0,30,4,6,36,1,0,2
247,2,3504361763,1,2,0,0,3,1,30,5,29,13,0,0,3
247,3,1020818534,1,3,0,0,0,0,30,4,35,7,0,1,3
247,4,4226126273,1,0,0,0,1,1,30,5,30,12,1,2,3
247,5,2985406955,1,1,0,0,2,0,30,2,6,36,1,2,4
247,6,1895747398,1,2,0,0,3,1,30,5,17,25,0,2,5
247,7,1460348930,1,3,0,0,0,0,30,5,11,31,1,2,6
247,8,1124289349,1,0,0,0,1,1,30,4,40,2,1,3,6
247,9,1277453703,1,1,0,0,2,0,30,4,13,29,0,4,6
247,10,3088877770,1,2,0,0,3,1,30,0,42,0,1,5,6
247,11,4146701861,1,3,0,0,0,0,30,5,2,40,1,5,7
248,0,3042899439,1,0,0,0,1,1,30,4,19,23,0,0,1
248,1,1853900995,1,1,0,0,2,0,30,0,11,31,1,0,2
248,2,712520564,1,2,0,0,3,1,30,4,14,28,0,0,3
248,3,2523944631,1,3,0,0,0,0,30,5,39,3,0,1,3
248,4,3482429835,1,0,0,0,1,1,30,4,35,7,1,2,3
248,5,998886606,1,1,0,0,2,0,30,4,42,0,0,3,3
248,6,1957371810,1,2,0,0,3,1,30,4,16,26,0,3,4
248,7,815991379,1,3,0,0,0,0,30,4,40,2,0,4,4
248,8,2627415446,1,0,0,0,1,1,30,5,19,23,0,4,5
248,9,1438417002,1,1,0,0,2,0,30,0,7,35,1,4,6
248,10,1102357421,1,2,0,0,3,1,30,4,42,0,1,5,6
248,11,1255521775,1,3,0,0,0,0,30,5,23,19,0,6,6
248,12,3066945842,1,0,0,0,1,1,30,5,13,29,0,6,7
249,0,1254317088,1,0,0,0,1,1,30,5,24,18,0,0,1
249,1,65318644,1,1,0,0,2,0,30,2,19,23,0,1,1
249,2,4024226359,1,2,0,0,3,1,30,0,26,16,0,1,2
249,3,3688166778,1,3,0,0,0,0,30,6,22,20,0,2,2
249,4,2499168334,1,0,0,0,1,1,30,6,23,19,0,2,3
249,5,1357787903,1,1,0,0,2,0,30,4,2,40,1,2,4
249,6,168789459,1,2,0,0,3,1,30,6,11,31,0,2,5
249,7,4127697174,1,3,0,0,0,0,30,4,1,41,1,2,6
249,8,2938698730,1,0,0,0,1,1,30,4,24,18,0,2,7
250,0,3562764035,1,0,0,0,1,1,30,5,24,18,0,0,1
250,1,2373765591,1,1,0,0,2,0,30,4,1,41,1,0,2
250,2,1232385160,1,2,0,0,3,1,30,4,42,0,1,1,2
250,3,896325579,1,3,0,0,0,0,30,4,33,9,0,2,2
250,4,4002294431,1,0,0,0,1,1,30,3,29,13,0,2,3
250,5,3666234850,1,1,0,0,2,0,30,1,0,42,1,2,4
250,6,1671915556,1,2,0,0,3,1,30,4,19,23,0,2,5
250,7,1335855975,1,3,0,0,0,0,30,5,25,17,0,3,5
250,8,146857531,1,0,0,0,1,1,30,0,35,7,1,4,5
250,9,4105765246,1,1,0,0,2,0,30,5,29,13,0,5,5
250,10,2964384815,1,2,0,0,3,1,30,5,30,12,1,6,5
250,11,1775386371,1,3,0,0,0,0,30,4,23,19,0,7,5
251,0,2819067597,1,0,0,0,1,1,30,5,29,13,0,0,1
251,1,1630069153,1,1,0,0,2,0,30,4,0,42,1,0,2
251,2,1294009572,1,2,0,0,3,1,30,4,25,17,0,0,3
251,3,1447173926,1,3,0,0,0,0,30,5,25,17,0,1,3
251,4,3258597993,1,0,0,0,1,1,30,6,25,17,0,1,4
251,5,2922538412,1,1,0,0,2,0,30,5,28,14,0,2,4
251,6,1733539968,1,2,0,0,3,1,30,4,3,39,0,2,5
251,7,592159537,1,3,0,0,0,0,30,6,0,42,1,2,6
251,8,3698128389,1,0,0,0,1,1,30,4,14,28,0,2,7
252,0,1351305947,1,0,0,0,1,1,30,5,23,19,0,0,1
252,1,3162730014,1,1,0,0,2,0,30,4,31,11,0,1,1
252,2,1069071833,1,2,0,0,3,1,30,4,0,42,0,1,2
252,3,2880495900,1,3,0,0,0,0,30,2,0,42,1,1,3
252,4,1790836343,1,0,0,0,1,1,30,4,23,19,0,1,4
252,5,3602260410,1,1,0,0,2,0,30,6,0,42,1,1,5
252,6,3755424764,1,2,0,0,3,1,30,5,17,25,0,1,6
252,7,3320026296,1,3,0,0,0,0,30,5,28,14,0,2,6
252,8,2983966715,1,0,0,0,1,1,30,5,14,28,0,2,7
253,0,3338932193,1,0,0,0,1,1,30,6,40,2,1,1,0
253,1,2450101,1,1,0,0,2,0,30,0,0,42,1,1,1
253,2,1813874168,1,2,0,0,3,1,30,5,23,19,0,1,2
253,3,1967038522,1,3,0,0,0,0,30,5,18,24,0,2,2
253,4,3778462589,1,0,0,0,1,1,30,4,12,30,0,2,3
253,5,3442403008,1,1,0,0,2,0,30,4,7,35,1,2,4
253,6,2253404564,1,2,0,0,3,1,30,5,1,41,0,2,5
253,7,1112024133,1,3,0,0,0,0,30,2,7,35,1,2,6
253,8,2070509337,1,0,0,0,1,1,30,4,12,30,0,2,7
254,0,3919315304,1,0,0,0,1,1,30,4,40,2,1,1,0
254,1,682172099,1,1,0,0,2,0,30,3,0,42,1,1,1
254,2,1588936429,1,2,0,0,3,1,30,4,2,40,0,1,2
254,3,1252876848,1,3,0,0,0,0,30,4,12,30,1,1,3
254,4,63878404,1,0,0,0,1,1,30,5,35,7,1,2,3
254,5,4022786119,1,1,0,0,2,0,30,5,34,8,0,3,3
254,6,2028466825,1,2,0,0,3,1,30,4,36,6,1,4,3
254,7,1692407244,1,3,0,0,0,0,30,4,0,42,1,4,4
254,8,503408800,1,0,0,0,1,1,30,3,42,0,1,5,4
254,9,167349219,1,1,0,0,2,0,30,5,16,26,0,6,4
254,10,3320936084,1,2,0,0,3,1,30,4,8,34,0,6,5
254,11,2131937640,1,3,0,0,0,0,30,5,34,8,0,7,5
255,0,1127474105,1,0,0,0,1,1,30,5,13,29,0,0,1
255,1,4233442957,1,1,0,0,2,0,30,4,18,24,0,1,1
255,2,3897383376,1,2,0,0,3,1,30,5,12,30,0,1,2
255,3,2756002945,1,3,0,0,0,0,30,4,7,35,1,1,3
255,4,1567004501,1,0,0,0,1,1,30,4,12,30,0,1,4
255,5,1230944920,1,1,0,0,2,0,30,6,26,16,0,2,4
255,6,41946476,1,2,0,0,3,1,30,5,14,28,0,2,5
255,7,3195533341,1,3,0,0,0,0,30,1,0,42,1,2,6
255,8,2006534897,1,0,0,0,1,1,30,5,41,1,1,3,6
255,9,1670475316,1,1,0,0,2,0,30,3,12,30,1,3,7
