game_idx,hand_idx,seed,a_team,dealer,redeals,forced,bidder,bidder_is_a,bid_value,decl_id,team_a_pts,team_b_pts,made,marks_a_after,marks_b_after
0,0,1528626745,0,1,1,0,2,1,30,2,21,21,0,0,1
0,1,767852945,0,2,0,0,3,0,30,2,1,41,1,0,2
0,2,51186733,0,0,1,0,0,1,32,4,34,8,1,1,2
0,3,3537762216,0,1,0,0,1,0,32,5,1,41,1,1,3
0,4,3201702635,0,2,0,0,3,0,30,2,0,42,1,1,4
0,5,1207383341,0,3,0,0,2,1,31,0,30,12,0,1,5
0,6,490717129,0,1,1,0,2,1,30,4,41,1,1,2,5
0,7,3977292612,0,2,0,0,0,1,31,6,14,28,0,2,6
0,8,3641233031,0,3,0,0,2,1,31,3,31,11,1,3,6
0,9,2499852600,0,0,0,0,1,0,30,3,0,42,1,3,7
1,0,3412359473,0,0,0,0,1,0,30,4,8,34,1,0,1
1,1,3076299892,0,1,0,0,3,0,31,5,16,26,0,1,1
1,2,3983064222,0,2,0,0,0,1,31,5,40,2,1,2,1
1,3,745921017,0,3,0,0,2,1,30,1,41,1,1,3,1
1,4,409861436,0,0,0,0,3,0,31,0,2,40,1,3,2
1,5,3515830288,0,1,0,0,3,0,31,1,6,36,1,3,3
1,6,3179770707,0,2,0,0,2,1,31,1,25,17,0,3,4
1,7,1185451413,0,3,0,0,1,0,30,1,0,42,1,3,5
1,8,849391832,0,0,0,0,0,1,31,4,41,1,1,4,5
1,9,2660815899,0,1,0,0,1,0,31,5,18,24,0,5,5
1,10,3619301103,0,2,0,0,2,1,32,6,41,1,1,6,5
1,11,231098137,0,3,0,0,1,0,30,2,1,41,1,6,6
1,12,1288922228,0,0,0,0,0,1,31,4,42,0,1,7,6
2,0,2668663035,0,0,0,0,0,1,31,2,29,13,0,0,1
2,1,2332603454,0,1,0,0,0,1,31,6,34,8,1,1,1
2,2,1143605010,0,2,0,0,2,1,31,6,35,7,1,2,1
2,3,807545429,0,3,0,0,2,1,31,4,40,2,1,3,1
2,4,3961132294,0,0,0,0,2,1,31,0,31,11,1,4,1
2,5,2772133850,0,1,0,0,1,0,31,1,22,20,0,5,1
2,6,2436074269,0,2,0,0,0,1,30,1,30,12,1,6,1
2,7,1247075825,0,3,0,0,3,0,31,4,29,13,0,7,1
3,0,1954501361,0,0,0,0,0,1,31,0,26,16,0,0,1
3,1,864841804,0,1,0,0,1,0,31,3,6,36,1,0,2
3,2,2676265871,0,2,0,0,0,1,30,2,18,24,0,0,3
3,3,582607690,0,3,0,0,1,0,30,2,6,36,1,0,4
3,4,2394031757,0,0,0,0,0,1,31,1,18,24,0,0,5
3,5,1304372200,0,1,0,0,2,1,30,5,24,18,0,0,6
3,6,3115796267,0,2,0,0,2,1,31,3,15,27,0,0,7
4,0,1041043983,0,0,0,0,0,1,31,1,42,0,1,1,0
4,1,2852468050,0,1,0,0,0,1,31,1,42,0,1,2,0
4,2,3810953254,0,2,0,0,1,0,31,2,16,26,0,3,0
4,3,522089175,0,3,0,0,2,1,31,6,25,17,0,3,1
4,4,186029594,0,0,0,0,0,1,31,0,19,23,0,3,2
4,5,3291998446,0,1,0,0,3,0,30,3,7,35,1,3,3
4,6,2955938865,0,2,0,0,2,1,30,5,42,0,1,4,3
4,7,3109103219,0,3,0,0,0,1,30,4,28,14,0,4,4
4,8,625559990,0,0,0,0,1,0,30,4,0,42,1,4,5
4,9,3731528842,0,1,0,0,1,0,31,1,33,9,0,5,5
4,10,3395469261,0,2,0,0,2,1,31,4,28,14,0,5,6
4,11,3059409680,0,3,0,0,3,0,32,6,0,42,1,5,7
5,0,3768910742,0,0,0,0,0,1,31,6,41,1,1,1,0
5,1,3432851161,0,1,0,0,0,1,31,3,31,11,1,2,0
5,2,2291470730,0,2,0,0,2,1,30,6,42,0,1,3,0
5,3,1102472286,0,3,0,0,0,1,30,2,40,2,1,4,0
5,4,766412705,0,0,0,0,1,0,30,3,0,42,1,4,1
5,5,3872381557,0,1,0,0,1,0,30,6,1,41,1,4,2
5,6,2731001126,0,2,0,0,1,0,30,4,12,30,1,4,3
5,7,1542002682,0,3,0,0,2,1,31,1,34,8,1,5,3
5,8,1205943101,0,0,0,0,2,1,30,3,41,1,1,6,3
5,9,3017367168,0,1,0,0,3,0,31,5,12,30,0,7,3
6,0,977069543,0,0,0,0,3,0,31,2,6,36,1,0,1
6,1,641009962,0,1,0,0,1,0,31,0,13,29,0,1,1
6,2,304950381,0,2,0,0,2,1,31,2,25,17,0,1,2
6,3,3410919233,0,3,0,0,2,1,31,4,18,24,0,1,3
6,4,2269538802,0,0,0,0,0,1,31,6,25,17,0,1,4
6,5,1080540358,0,1,0,0,0,1,31,3,31,11,1,2,4
6,6,744480777,0,2,0,0,0,1,30,0,31,11,1,3,4
6,7,3850449629,0,3,0,0,2,1,30,6,31,11,1,4,4
6,8,2709069198,0,0,0,0,3,0,31,2,27,15,0,5,4
6,9,225525969,0,1,0,0,0,1,30,6,13,29,0,5,5
6,10,1184011173,0,2,0,0,3,0,30,1,23,19,0,6,5
6,11,2995435240,0,3,0,0,3,0,30,6,17,25,0,7,5
7,0,262907869,0,0,0,0,2,1,30,1,42,0,1,1,0
7,1,3368876721,0,1,0,0,0,1,31,1,30,12,0,1,1
7,2,2227496290,0,2,0,0,0,1,31,4,42,0,1,2,1
7,3,3185981494,0,3,0,0,3,0,30,1,0,42,1,2,2
7,4,702438265,0,0,0,0,0,1,32,0,31,11,0,2,3
7,5,3808407117,0,1,0,0,3,0,31,1,2,40,1,2,4
7,6,3472347536,0,2,0,0,2,1,32,3,20,22,0,2,5
7,7,2330967105,0,3,0,0,2,1,30,9,34,8,1,3,5
7,8,1141968661,0,0,0,0,3,0,30,0,8,34,1,3,6
7,9,805909080,0,1,0,0,0,1,30,0,31,11,1,4,6
7,10,3911877932,0,2,0,0,2,1,32,0,25,17,0,4,7
8,0,3644417787,0,0,0,0,2,1,30,3,17,25,0,0,1
8,1,3209019319,0,1,0,0,0,1,31,6,26,16,0,0,2
8,2,4266843410,0,2,0,0,0,1,31,5,42,0,1,1,2
8,3,878640444,0,3,0,0,3,0,32,2,1,41,1,1,3
8,4,542580863,0,0,0,0,3,0,31,3,0,42,1,1,4
8,5,1600404954,0,1,0,0,2,1,30,0,19,23,0,1,5
8,6,3312490134,0,2,0,0,2,1,31,1,41,1,1,2,5
8,7,1318170840,0,3,0,0,0,1,30,6,25,17,0,2,6
8,8,982111259,0,0,0,0,0,1,31,1,35,7,1,3,6
8,9,2039935350,0,1,0,0,0,1,32,4,42,0,1,4,6
8,10,1703875769,0,2,0,0,3,0,30,1,19,23,0,5,6
8,11,2610640099,0,3,0,0,1,0,30,0,8,34,1,5,7
9,0,2900721349,0,0,0,0,0,1,31,3,40,2,1,1,0
9,1,417178120,0,1,0,0,0,1,32,3,42,0,1,2,0
9,2,1375663324,0,2,0,0,1,0,30,1,1,41,1,2,1
9,3,3187087391,0,3,0,0,0,1,30,5,42,0,1,3,1
9,4,2045706960,0,0,0,0,0,1,31,4,36,6,1,4,1
9,5,856708516,0,1,0,0,0,1,30,6,41,1,1,5,1
9,6,520648935,0,2,0,0,1,0,31,6,1,41,1,5,2
9,7,3626617787,0,3,0,0,0,1,30,4,42,0,1,6,2
9,8,3290558206,0,0,0,0,2,1,31,5,23,19,0,6,3
9,9,1296238912,0,1,0,0,3,0,30,0,1,41,1,6,4
9,10,960179331,0,2,0,0,0,1,30,0,42,0,1,7,4
10,0,1333620812,0,0,0,0,1,0,30,2,11,31,1,0,1
10,1,997561231,0,1,0,0,0,1,31,2,29,13,0,0,2
10,2,2808985298,0,2,0,0,3,0,30,2,2,40,1,0,3
10,3,2962149652,0,3,0,0,1,0,30,2,0,42,1,0,4
10,4,2626090071,0,0,0,0,0,1,31,2,41,1,1,1,4
10,5,1437091627,0,1,0,0,2,1,30,1,42,0,1,2,4
10,6,1101032046,0,2,0,0,2,1,31,2,34,8,1,3,4
10,7,3401680048,0,3,0,0,3,0,31,6,0,42,1,3,5
10,8,3065620467,0,0,0,0,2,1,31,4,19,23,0,3,6
10,9,582077238,0,1,0,0,0,1,31,4,37,5,1,4,6
10,10,1540562442,0,2,0,0,0,1,31,4,17,25,0,4,7
11,0,3642067759,0,0,0,0,0,1,30,6,8,34,0,0,1
11,1,4168225458,0,2,1,0,0,1,30,5,25,17,0,0,2
11,2,2164627747,0,3,0,0,0,1,30,4,42,0,1,1,2
11,3,975629303,0,0,0,0,1,0,30,0,17,25,0,2,2
11,4,639569722,0,1,0,0,1,0,31,5,1,41,1,2,3
11,5,2940217724,0,2,0,0,2,1,30,6,9,33,0,2,4
11,6,2604158143,0,3,0,0,0,1,30,3,36,6,1,3,4
11,7,1415159699,0,0,0,0,2,1,31,3,31,11,1,4,4
11,8,1079100118,0,1,0,0,1,0,31,5,11,31,1,4,5
11,9,2085203335,0,2,0,0,2,1,32,5,42,0,1,5,5
11,10,3043688539,0,3,0,0,0,1,30,2,42,0,1,6,5
11,11,80199792,0,1,1,0,0,1,30,0,14,28,0,6,6
11,12,1518630514,0,2,0,0,0,1,30,4,25,17,0,6,7
12,0,2122585235,0,0,0,0,2,1,30,6,36,6,1,1,0
12,1,933586791,0,1,0,0,0,1,31,5,18,24,0,1,1
12,2,597527210,0,2,0,0,2,1,31,0,31,11,1,2,1
12,3,3703496062,0,3,0,0,3,0,30,1,19,23,0,3,1
12,4,2562115631,0,0,0,0,0,1,31,0,29,13,0,3,2
12,5,1373117187,0,1,0,0,1,0,31,4,18,24,0,4,2
12,6,1037057606,0,2,0,0,2,1,31,4,40,2,1,5,2
12,7,700998025,0,3,0,0,3,0,31,5,6,36,1,5,3
12,8,3001646027,0,0,0,0,2,1,31,3,30,12,0,5,4
12,9,2665586446,0,1,0,0,3,0,31,2,6,36,1,5,5
12,10,1476588002,0,2,0,0,2,1,30,4,40,2,1,6,5
12,11,1140528421,0,3,0,0,2,1,31,3,40,2,1,7,5
13,0,1209127857,0,0,0,0,2,1,30,6,18,24,0,0,1
13,1,773729389,0,1,0,0,0,1,30,2,19,23,0,0,2
13,2,3979037128,0,2,0,0,2,1,32,3,29,13,0,0,3
13,3,3163032029,0,0,1,0,2,1,31,5,28,14,0,0,4
13,4,2402258229,0,1,0,0,3,0,30,4,7,35,1,0,5
13,5,2980136802,0,3,1,0,0,1,30,1,39,3,1,1,5
13,6,877200204,0,0,0,0,2,1,30,1,42,0,1,2,5
13,7,1935024295,0,1,0,0,1,0,30,0,0,42,1,2,6
13,8,2841788625,0,2,0,0,1,0,30,0,17,25,0,3,6
13,9,3899612716,0,3,0,0,0,1,30,6,41,1,1,4,6
13,10,3563553135,0,0,0,0,0,1,31,2,25,17,0,4,7
14,0,3936994616,0,0,0,0,0,1,31,4,24,18,0,0,1
14,1,3600935035,0,1,0,0,0,1,31,2,41,1,1,1,1
14,2,1117391806,0,2,0,0,2,1,30,6,35,7,1,2,1
14,3,1270556160,0,3,0,0,2,1,30,0,30,12,1,3,1
14,4,934496579,0,0,0,0,0,1,31,1,42,0,1,4,1
14,5,4040465431,0,1,0,0,0,1,31,4,41,1,1,5,1
14,6,1556922202,0,2,0,0,2,1,31,2,34,8,1,6,1
14,7,415541771,0,3,0,0,2,1,30,3,25,17,0,6,2
14,8,1374026975,0,0,0,0,3,0,30,5,12,30,1,6,3
14,9,3185451042,0,1,0,0,1,0,30,2,16,26,0,7,3
15,0,3193298178,0,0,0,0,1,0,30,4,6,36,1,0,1
15,1,2857238597,0,1,0,0,2,1,30,5,28,14,0,0,2
15,2,373695368,0,2,0,0,2,1,31,0,18,24,0,0,3
15,3,1332180572,0,3,0,0,2,1,31,4,41,1,1,1,3
15,4,190800141,0,0,0,0,0,1,31,5,30,12,0,1,4
15,5,3296768993,0,1,0,0,3,0,31,4,0,42,1,1,5
15,6,2960709412,0,2,0,0,1,0,30,3,0,42,1,1,6
15,7,4018533503,0,3,0,0,2,1,31,1,42,0,1,2,6
15,8,3583135035,0,0,0,0,1,0,30,0,17,25,0,3,6
15,9,2441754604,0,1,0,0,2,1,30,5,42,0,1,4,6
15,10,3400239808,0,2,0,0,1,0,30,5,17,25,0,5,6
15,11,916696579,0,3,0,0,2,1,31,2,24,18,0,5,7
16,0,1206777829,0,0,0,0,3,0,31,5,12,30,0,1,0
16,1,870718248,0,1,0,0,3,0,30,0,6,36,1,1,1
16,2,4024305113,0,2,0,0,2,1,30,5,20,22,0,1,2
16,3,2835306669,0,3,0,0,2,1,31,0,36,6,1,2,2
16,4,2499247088,0,0,0,0,0,1,31,6,27,15,0,2,3
16,5,1310248644,0,1,0,0,1,0,31,5,0,42,1,2,4
16,6,168868213,0,2,0,0,1,0,31,4,15,27,0,3,4
16,7,3274837065,0,3,0,0,2,1,31,6,42,0,1,4,4
16,8,2938777484,0,0,0,0,2,1,31,3,15,27,0,4,5
16,9,455234255,0,1,0,0,0,1,30,4,36,6,1,5,5
16,10,608398609,0,2,0,0,1,0,31,4,3,39,1,5,6
16,11,2419822676,0,3,0,0,0,1,30,4,30,12,1,6,6
16,12,3378307880,0,0,0,0,3,0,31,0,22,20,0,7,6
17,0,3713162774,0,0,0,0,0,1,31,6,35,7,1,1,0
17,1,3377103193,0,1,0,0,1,0,31,0,22,20,0,2,0
17,2,2188104749,0,2,0,0,2,1,31,1,20,22,0,2,1
17,3,1852045168,0,3,0,0,3,0,31,5,2,40,1,2,2
17,4,710664737,0,0,0,0,1,0,30,0,7,35,1,2,3
17,5,3816633589,0,1,0,0,0,1,31,5,39,3,1,3,3
17,6,3480574008,0,2,0,0,0,1,30,0,41,1,1,4,3
17,7,2291575564,0,3,0,0,0,1,30,2,31,11,1,5,3
17,8,1150195133,0,0,0,0,0,1,31,6,24,18,0,5,4
17,9,814135552,0,1,0,0,2,1,30,5,31,11,1,6,4
17,10,3920104404,0,2,0,0,3,0,30,2,0,42,1,6,5
17,11,3584044823,0,3,0,0,2,1,31,6,36,6,1,7,5
18,0,1726642425,0,0,0,0,0,1,32,4,42,0,1,1,0
18,1,2633406755,0,1,0,0,3,0,30,0,7,35,1,1,1
18,2,1543747198,0,2,0,0,3,0,30,5,0,42,1,1,2
18,3,3355171265,0,3,0,0,0,1,30,0,7,35,0,1,3
18,4,3019111684,0,0,0,0,3,0,31,5,21,21,0,2,3
18,5,1024792390,0,1,0,0,0,1,30,0,36,6,1,3,3
18,6,2736877570,0,2,0,0,2,1,30,9,42,0,1,4,3
18,7,3794701661,0,3,0,0,3,0,32,0,12,30,0,5,3
18,8,3458642080,0,0,0,0,0,1,30,4,33,9,1,6,3
18,9,2269643636,0,1,0,0,0,1,31,1,30,12,0,6,4
18,10,1128263205,0,2,0,0,3,0,30,6,13,29,0,7,4
19,0,1501704686,0,0,0,0,0,1,31,0,42,0,1,1,0
19,1,1165645105,0,1,0,0,3,0,30,6,0,42,1,1,1
19,2,2497123654,0,3,1,0,2,1,31,0,14,28,0,1,2
19,3,3935554376,0,0,0,0,0,1,31,0,36,6,1,2,2
19,4,2794173945,0,1,0,0,1,0,31,4,2,40,1,2,3
19,5,1605175501,0,2,0,0,1,0,31,0,1,41,1,2,4
19,6,3416599568,0,3,0,0,0,1,30,1,15,27,0,2,5
19,7,3080539987,0,0,0,0,1,0,30,4,7,35,1,2,6
19,8,3233704341,0,1,0,0,0,1,31,2,35,7,1,3,6
19,9,750161112,0,2,0,0,2,1,31,0,36,6,1,4,6
19,10,3856129964,0,3,0,0,3,0,30,2,8,34,1,4,7
20,0,3810151633,0,0,0,0,0,1,30,5,42,0,1,1,0
20,1,3474092052,0,1,0,0,3,0,30,6,0,42,1,1,1
20,2,85889086,0,2,0,0,0,1,30,2,36,6,1,2,1
20,3,3191857938,0,3,0,0,3,0,32,4,17,25,0,3,1
20,4,708314709,0,0,0,0,0,1,31,3,42,0,1,4,1
20,5,3913622448,0,1,0,0,3,0,31,0,6,36,1,4,2
20,6,525419482,0,2,0,0,0,1,30,0,42,0,1,5,2
20,7,1583243573,0,3,0,0,2,1,31,1,40,2,1,6,2
20,8,1147845105,0,0,0,0,0,1,31,5,36,6,1,7,2
21,0,3650294231,0,0,0,0,0,1,31,3,30,12,0,0,1
21,1,1166751002,0,1,0,0,0,1,31,1,42,0,1,1,1
21,2,1319915356,0,2,0,0,0,1,30,6,31,11,1,2,1
21,3,983855775,0,3,0,0,0,1,30,3,24,18,0,2,2
21,4,4089824627,0,0,0,0,3,0,30,3,6,36,1,2,3
21,5,3753765046,0,1,0,0,0,1,31,2,30,12,0,2,4
21,6,464900967,0,2,0,0,2,1,31,5,41,1,1,3,4
21,7,1423386171,0,3,0,0,1,0,30,4,23,19,0,4,4
21,8,3234810238,0,0,0,0,0,1,31,0,42,0,1,5,4
21,9,4193295442,0,1,0,0,0,1,30,3,2,40,0,5,5
21,10,904431363,0,2,0,0,3,0,30,2,0,42,1,5,6
21,11,1862916567,0,3,0,0,0,1,30,4,41,1,1,6,6
21,12,3674340634,0,0,0,0,0,1,31,3,40,2,1,7,6
22,0,2083193694,0,0,0,0,0,1,31,1,35,7,1,1,0
22,1,941813263,0,1,0,0,0,1,31,4,36,6,1,2,0
22,2,4047782115,0,2,0,0,2,1,31,0,30,12,0,2,1
22,3,3711722534,0,3,0,0,2,1,31,4,36,6,1,3,1
22,4,3375662953,0,0,0,0,0,1,30,1,42,0,1,4,1
22,5,1381343659,0,1,0,0,3,0,30,2,0,42,1,4,2
22,6,1045284078,0,2,0,0,2,1,30,5,35,7,1,5,2
22,7,4151252930,0,3,0,0,2,1,31,4,17,25,0,5,3
22,8,3815193349,0,0,0,0,1,0,30,4,6,36,1,5,4
22,9,2673812918,0,1,0,0,1,0,31,0,11,31,1,5,5
22,10,1484814474,0,2,0,0,0,1,30,5,42,0,1,6,5
22,11,1148754893,0,3,0,0,3,0,31,5,0,42,1,6,6
22,12,4254723745,0,0,0,0,1,0,30,2,7,35,1,6,7
23,0,3586319791,0,0,0,0,0,1,31,0,39,3,1,1,0
23,1,3250260210,0,1,0,0,1,0,31,4,1,41,1,1,1
23,2,3403424564,0,2,0,0,2,1,31,4,41,1,1,2,1
23,3,919881335,0,3,0,0,3,0,31,4,3,39,1,2,2
23,4,583821754,0,0,0,0,0,1,31,4,42,0,1,3,2
23,5,3689790606,0,1,0,0,0,1,31,9,25,17,0,3,3
23,6,3353731025,0,2,0,0,0,1,30,0,26,16,0,3,4
23,7,1359411731,0,3,0,0,1,0,31,1,1,41,1,3,5
23,8,1023352150,0,0,0,0,0,1,30,0,25,17,0,3,6
23,9,4129321002,0,1,0,0,1,0,32,4,1,41,1,3,7
24,0,4166702902,0,0,0,0,2,1,31,0,20,22,0,0,1
24,1,3025322471,0,1,0,0,0,1,30,5,41,1,1,1,1
24,2,541779242,0,2,0,0,1,0,30,9,0,42,1,1,2
24,3,1500264446,0,3,0,0,0,1,30,6,41,1,1,2,2
24,4,3311688513,0,0,0,0,0,1,32,4,18,24,0,2,3
24,5,3464852867,0,1,0,0,1,0,31,2,16,26,0,3,3
24,6,501364120,0,3,1,0,1,0,30,9,0,42,1,3,4
24,7,645250057,0,0,0,0,3,0,31,5,0,42,1,3,5
24,8,3751218909,0,1,0,0,0,1,30,4,35,7,1,4,5
24,9,3415159328,0,2,0,0,2,1,31,5,42,0,1,5,5
24,10,3568323682,0,3,0,0,3,0,31,1,0,42,1,5,6
24,11,1084780453,0,0,0,0,2,1,31,0,35,7,1,6,6
24,12,4190749305,0,1,0,0,0,1,30,1,42,0,1,7,6
25,0,1958700739,0,0,0,0,3,0,31,0,0,42,1,0,1
25,1,1523302271,0,1,0,0,2,1,30,4,40,2,1,1,1
25,2,1676466625,0,2,0,0,2,1,31,2,42,0,1,2,1
25,3,3487890692,0,3,0,0,3,0,30,5,7,35,1,2,2
25,4,3151831111,0,0,0,0,0,1,31,4,42,0,1,3,2
25,5,4209655202,0,1,0,0,2,1,30,5,42,0,1,4,2
25,6,821452236,0,2,0,0,2,1,31,6,40,2,1,5,2
25,7,1779937440,0,3,0,0,2,1,31,4,36,6,1,6,2
25,8,3210754876,0,1,1,0,1,0,31,4,1,41,1,6,3
25,9,354218302,0,2,0,0,1,0,31,3,11,31,1,6,4
25,10,1260982632,0,3,0,0,3,0,31,4,0,42,1,6,5
25,11,924923051,0,0,0,0,0,1,31,0,41,1,1,7,5
26,0,391600202,0,0,0,0,0,1,31,0,42,0,1,1,0
26,1,3545187067,0,1,0,0,1,0,30,6,0,42,1,1,1
26,2,3209127486,0,2,0,0,0,1,31,4,23,19,0,1,2
26,3,2020129042,0,3,0,0,2,1,30,4,40,2,1,2,2
26,4,1684069461,0,0,0,0,0,1,30,2,42,0,1,3,2
26,5,3984717463,0,1,0,0,0,1,31,3,42,0,1,4,2
26,6,3648657882,0,2,0,0,2,1,30,5,36,6,1,5,2
26,7,2459659438,0,3,0,0,2,1,31,9,36,6,1,6,2
26,8,2123599857,0,0,0,0,1,0,30,6,20,22,0,7,2
27,0,3942871060,0,0,0,0,0,1,31,6,42,0,1,1,0
27,1,3606811479,0,1,0,0,2,1,30,1,24,18,0,1,1
27,2,1612492185,0,2,0,0,1,0,31,2,1,41,1,1,2
27,3,1276432604,0,3,0,0,3,0,30,3,2,40,1,1,3
27,4,940373023,0,0,0,0,1,0,30,1,33,9,0,2,3
27,5,4046341875,0,1,0,0,2,1,30,3,41,1,1,3,3
27,6,2904961444,0,2,0,0,2,1,30,3,24,18,0,3,4
27,7,1715963000,0,3,0,0,2,1,31,4,31,11,1,4,4
27,8,1379903419,0,0,0,0,0,1,30,2,14,28,0,4,5
27,9,3191327486,0,1,0,0,0,1,31,4,28,14,0,4,6
27,10,3344491840,0,2,0,0,0,1,30,2,39,3,1,5,6
27,11,3008432259,0,3,0,0,0,1,30,0,29,13,0,5,7
28,0,1151029861,0,0,0,0,0,1,31,0,42,0,1,1,0
28,1,814970280,0,1,0,0,0,1,31,0,12,30,0,1,1
28,2,3920939132,0,2,0,0,2,1,31,4,27,15,0,1,2
28,3,3584879551,0,3,0,0,1,0,31,4,8,34,1,1,3
28,4,2443499120,0,0,0,0,3,0,31,0,18,24,0,2,3
28,5,1254500676,0,1,0,0,0,1,30,1,25,17,0,2,4
28,6,918441095,0,2,0,0,0,1,31,4,35,7,1,3,4
28,7,4024409947,0,3,0,0,2,1,31,4,38,4,1,4,4
28,8,2883029516,0,0,0,0,0,1,30,4,18,24,0,4,5
28,9,1694031072,0,1,0,0,1,0,31,4,1,41,1,4,6
28,10,1357971491,0,2,0,0,2,1,31,1,41,1,1,5,6
28,11,3169395558,0,3,0,0,1,0,31,3,6,36,1,5,7
29,0,2315252008,0,0,0,0,0,1,31,9,35,7,1,1,0
29,1,3321355225,0,1,0,0,0,1,31,0,35,7,1,2,0
29,2,4279840429,0,2,0,0,2,1,31,2,36,6,1,3,0
29,3,1796297200,0,3,0,0,1,0,30,5,12,30,1,3,1
29,4,1460237619,0,0,0,0,2,1,31,3,42,0,1,4,1
29,5,2038116192,0,2,1,0,2,1,31,3,35,7,1,5,1
29,6,3424826040,0,3,0,0,0,1,30,4,35,7,1,6,1
29,7,2235827596,0,0,0,0,1,0,30,1,11,31,1,6,2
29,8,1899768015,0,1,0,0,3,0,30,5,17,25,0,7,2
30,0,3818378105,0,0,0,0,2,1,30,6,42,0,1,1,0
30,1,3382979637,0,1,0,0,2,1,30,6,42,0,1,2,0
30,2,2293320080,0,2,0,0,2,1,30,4,41,1,1,3,0
30,3,1052600762,0,3,0,0,1,0,31,6,11,31,1,3,1
30,4,716541181,0,0,0,0,0,1,31,5,26,16,0,3,2
30,5,1774365272,0,1,0,0,0,1,31,3,34,8,1,4,2
30,6,3486450452,0,2,0,0,3,0,30,5,11,31,1,4,3
30,7,3639614806,0,3,0,0,0,1,30,2,31,11,1,5,3
30,8,1156071577,0,0,0,0,2,1,31,6,24,18,0,5,4
30,9,2213895668,0,1,0,0,0,1,31,3,21,21,0,5,5
30,10,1877836087,0,2,0,0,2,1,30,9,19,23,0,5,6
30,11,2784600417,0,3,0,0,2,1,31,5,40,2,1,6,6
30,12,1595601973,0,0,0,0,0,1,32,0,29,13,0,6,7
31,0,2251277568,0,0,0,0,0,1,30,6,42,0,1,1,0
31,1,1915217987,0,1,0,0,3,0,30,5,11,31,1,1,1
31,2,773837556,0,2,0,0,2,1,31,2,42,0,1,2,1
31,3,3879806408,0,3,0,0,2,1,30,3,36,6,1,3,1
31,4,916317661,0,1,1,0,1,0,32,5,19,23,0,4,1
31,5,2354748383,0,2,0,0,2,1,32,0,29,13,0,4,2
31,6,1213367952,0,3,0,0,0,1,30,4,24,18,0,4,3
31,7,24369508,0,0,0,0,1,0,30,3,0,42,1,4,4
31,8,3983277223,0,1,0,0,0,1,31,4,29,13,0,4,5
31,9,1499733994,0,2,0,0,2,1,30,0,42,0,1,5,5
31,10,1652898348,0,3,0,0,2,1,30,1,31,11,1,6,5
31,11,3464322415,0,0,0,0,2,1,30,2,26,16,0,6,6
31,12,127840323,0,1,0,0,2,1,30,4,29,13,0,6,7
32,0,1507581130,0,0,0,0,3,0,31,4,1,41,1,0,1
32,1,1171521549,0,1,0,0,0,1,31,3,36,6,1,1,1
32,2,835461968,0,2,0,0,0,1,31,2,42,0,1,2,1
32,3,3136109970,0,3,0,0,2,1,30,6,25,17,0,2,2
32,4,2800050389,0,0,0,0,0,1,32,3,26,16,0,2,3
32,5,1611051945,0,1,0,0,1,0,30,5,0,42,1,2,4
32,6,1274992364,0,2,0,0,2,1,30,3,41,1,1,3,4
32,7,3575640366,0,3,0,0,2,1,32,5,41,1,1,4,4
32,8,3239580785,0,0,0,0,0,1,31,0,35,7,1,5,4
32,9,756037556,0,1,0,0,0,1,30,5,36,6,1,6,4
32,10,1714522760,0,2,0,0,0,1,31,4,42,0,1,7,4
33,0,2771142164,0,0,0,0,0,1,31,1,35,7,1,1,0
33,1,3677906494,0,1,0,0,0,1,31,1,31,11,1,2,0
33,2,2588246937,0,2,0,0,1,0,30,4,0,42,1,2,1
33,3,1772241838,0,0,1,0,3,0,30,5,0,42,1,2,2
33,4,1816788888,0,1,0,0,1,0,31,1,17,25,0,3,2
33,5,4117436890,0,2,0,0,0,1,30,9,19,23,0,3,3
33,6,3781377309,0,3,0,0,3,0,31,5,11,31,1,3,4
33,7,544234104,0,0,0,0,0,1,30,6,42,0,1,4,4
33,8,2256319284,0,1,0,0,0,1,31,2,42,0,1,5,4
33,9,3314143375,0,2,0,0,0,1,31,5,13,29,0,5,5
33,10,4220907705,0,3,0,0,0,1,30,1,36,6,1,6,5
33,11,3504241493,0,1,1,0,0,1,31,0,42,0,1,7,5
34,0,4174929374,0,0,0,0,2,1,30,1,35,7,1,1,0
34,1,1691386145,0,1,0,0,0,1,31,6,36,6,1,2,0
34,2,502387701,0,2,0,0,2,1,31,0,24,18,0,2,1
34,3,3655974566,0,3,0,0,0,1,30,0,40,2,1,3,1
34,4,3319914985,0,0,0,0,2,1,30,1,19,23,0,3,2
34,5,2130916541,0,1,0,0,2,1,30,1,18,24,0,3,3
34,6,1794856960,0,2,0,0,2,1,32,1,9,33,0,3,4
34,7,1567414683,0,0,1,0,3,0,31,1,2,40,1,3,5
34,8,3759445381,0,1,0,0,1,0,31,0,11,31,1,3,6
34,9,42356658,0,3,1,0,1,0,31,1,2,40,1,3,7
35,0,3050626305,0,1,1,0,0,1,31,3,42,0,1,1,0
35,1,3194512242,0,2,0,0,1,0,31,4,1,41,1,1,1
35,2,4152997446,0,3,0,0,3,0,30,4,0,42,1,1,2
35,3,1669454217,0,0,0,0,0,1,31,4,42,0,1,2,2
35,4,2576218547,0,1,0,0,0,1,30,1,19,23,0,2,3
35,5,3634042638,0,2,0,0,2,1,31,2,36,6,1,3,3
35,6,3297983057,0,3,0,0,0,1,30,0,15,27,0,3,4
35,7,2108984613,0,0,0,0,1,0,30,4,1,41,1,3,5
35,8,3015748943,0,1,0,0,0,1,32,1,29,13,0,3,6
35,9,4073573034,0,2,0,0,1,0,31,2,11,31,1,3,7
36,0,4110954934,0,0,0,0,0,1,32,4,28,14,0,0,1
36,1,3774895353,0,1,0,0,3,0,30,6,8,34,1,0,2
36,2,811406606,0,3,1,0,0,1,30,0,31,11,1,1,2
36,3,1444516478,0,0,0,0,1,0,30,2,0,42,1,1,3
36,4,1108456897,0,1,0,0,3,0,31,4,1,41,1,1,4
36,5,4214425749,0,2,0,0,1,0,30,6,28,14,0,2,4
36,6,3878366168,0,3,0,0,2,1,30,9,28,14,0,2,5
36,7,1884046874,0,0,0,0,3,0,31,2,0,42,1,2,6
36,8,1547987293,0,1,0,0,3,0,30,6,7,35,1,2,7
37,0,3367258496,0,0,0,0,2,1,30,5,24,18,0,0,1
37,1,2650592284,0,2,1,0,2,1,31,4,34,8,1,1,1
37,2,2695139334,0,3,0,0,0,1,30,1,19,23,0,1,2
37,3,1506140890,0,0,0,0,1,0,30,6,13,29,0,2,2
37,4,1170081309,0,1,0,0,0,1,30,6,42,0,1,3,2
37,5,3470729311,0,2,0,0,2,1,31,2,41,1,1,4,2
37,6,3134669730,0,3,0,0,2,1,31,2,31,11,1,5,2
37,7,4192493821,0,0,0,0,0,1,32,1,26,16,0,5,3
37,8,1609611705,0,1,0,0,3,0,31,1,0,42,1,5,4
37,9,2615714922,0,2,0,0,3,0,30,1,12,30,1,5,5
37,10,3574200126,0,3,0,0,3,0,32,6,17,25,0,6,5
37,11,1090656897,0,0,0,0,1,0,30,4,7,35,1,6,6
37,12,997340,0,1,0,0,0,1,31,1,41,1,1,7,6
38,0,335852234,0,0,0,0,3,0,30,0,11,31,1,0,1
38,1,4294759949,0,1,0,0,1,0,32,4,18,24,0,1,1
38,2,152957007,0,2,0,0,2,1,31,9,42,0,1,2,1
38,3,4012525835,0,3,0,0,2,1,31,3,29,13,0,2,2
38,4,3676466254,0,0,0,0,3,0,31,4,11,31,1,2,3
38,5,439323049,0,1,0,0,0,1,31,4,36,6,1,3,3
38,6,103263468,0,2,0,0,1,0,31,0,0,42,1,3,4
38,7,1923965952,0,0,1,0,0,1,31,6,20,22,0,3,5
38,8,2067851889,0,1,0,0,0,1,30,5,30,12,1,4,5
38,9,878853445,0,2,0,0,2,1,30,3,34,8,1,5,5
38,10,542793864,0,3,0,0,1,0,30,3,18,24,0,6,5
38,11,1449558194,0,0,0,0,2,1,30,2,36,6,1,7,5
39,0,1359032813,0,1,1,0,0,1,31,0,29,13,0,0,1
39,1,3551063511,0,2,0,0,2,1,31,4,34,8,1,1,1
39,2,214581419,0,3,0,0,2,1,31,4,28,14,0,1,2
39,3,2026005486,0,0,0,0,3,0,31,5,0,42,1,1,3
39,4,884625055,0,1,0,0,2,1,30,5,42,0,1,2,3
39,5,3990593907,0,2,0,0,3,0,30,4,6,36,1,2,4
39,6,3654534326,0,3,0,0,1,0,30,2,2,40,1,2,5
39,7,2465535882,0,0,0,0,0,1,32,2,35,7,1,3,5
39,8,1324155451,0,1,0,0,0,1,31,6,42,0,1,4,5
39,9,135157007,0,2,0,0,2,1,32,6,40,2,1,5,5
39,10,4094064722,0,3,0,0,2,1,31,3,41,1,1,6,5
39,11,3758005141,0,0,0,0,0,1,32,6,31,11,0,6,6
39,12,1763685847,0,1,0,0,0,1,30,4,41,1,1,7,6
40,0,172538907,0,0,0,0,2,1,30,9,30,12,1,1,0
40,1,4131446622,0,1,0,0,1,0,32,1,12,30,0,2,0
40,2,1647903393,0,2,0,0,1,0,31,5,17,25,0,3,0
40,3,1801067747,0,3,0,0,1,0,30,6,0,42,1,3,1
40,4,1465008166,0,0,0,0,2,1,31,3,42,0,1,4,1
40,5,276009722,0,1,0,0,1,0,31,5,11,31,1,4,2
40,6,2087433789,0,2,0,0,3,0,30,1,12,30,1,4,3
40,7,1859991512,0,0,1,0,0,1,32,2,42,0,1,5,3
40,8,1904538562,0,1,0,0,0,1,31,5,42,0,1,6,3
40,9,3715962629,0,2,0,0,3,0,30,0,6,36,1,6,4
40,10,2526964185,0,3,0,0,2,1,31,3,31,11,1,7,4
41,0,1675665004,0,0,0,0,1,0,30,4,3,39,1,0,1
41,1,1339605423,0,1,0,0,2,1,30,2,24,18,0,0,2
41,2,3151029490,0,2,0,0,2,1,31,6,23,19,0,0,3
41,3,4109514694,0,3,0,0,2,1,31,1,40,2,1,1,3
41,4,2968134263,0,0,0,0,0,1,31,6,29,13,0,1,4
41,5,1779135819,0,1,0,0,0,1,31,5,18,24,0,1,5
41,6,1443076238,0,2,0,0,1,0,31,6,7,35,1,1,6
41,7,254077794,0,3,0,0,2,1,32,0,42,0,1,2,6
41,8,780235493,0,1,1,0,0,1,32,0,30,12,0,2,7
42,0,272983691,0,0,0,0,2,1,31,4,28,14,0,0,1
42,1,1179748021,0,1,0,0,1,0,31,1,11,31,1,0,2
42,2,4285716873,0,2,0,0,2,1,31,4,35,7,1,1,2
42,3,3949657292,0,3,0,0,2,1,31,6,13,29,0,1,3
42,4,712514087,0,0,0,0,0,1,31,9,19,23,0,1,4
42,5,1619278417,0,1,0,0,2,1,30,1,41,1,1,2,4
42,6,3430702484,0,2,0,0,2,1,31,3,29,13,0,2,5
42,7,94220392,0,3,0,0,2,1,30,4,42,0,1,3,5
42,8,1905644459,0,0,0,0,0,1,31,3,42,0,1,4,5
42,9,2058808813,0,1,0,0,2,1,30,1,39,3,1,5,5
42,10,3870232880,0,2,0,0,0,1,31,3,19,23,0,5,6
42,11,533750788,0,3,0,0,3,0,31,3,6,36,1,5,7
43,0,2195529600,0,0,0,0,0,1,31,2,41,1,1,1,0
43,1,1859470019,0,1,0,0,0,1,31,5,34,8,1,2,0
43,2,670471575,0,2,0,0,2,1,30,1,24,18,0,2,1
43,3,334411994,0,3,0,0,2,1,30,9,42,0,1,3,1
43,4,1241176324,0,0,0,0,0,1,31,2,42,0,1,4,1
43,5,2299000415,0,1,0,0,3,0,31,6,8,34,1,4,2
43,6,1962940834,0,2,0,0,2,1,31,3,30,12,0,4,3
43,7,2441480520,0,0,1,0,0,1,31,3,33,9,1,5,3
43,8,3927529255,0,1,0,0,0,1,30,0,31,11,1,6,3
43,9,1344647139,0,2,0,0,2,1,30,9,25,17,0,6,4
43,10,2402471230,0,3,0,0,2,1,31,9,42,0,1,7,4
44,0,2257154012,0,0,0,0,0,1,31,2,36,6,1,1,0
44,1,1115773581,0,1,0,0,3,0,30,3,22,20,0,2,0
44,2,2074258785,0,2,0,0,3,0,30,6,17,25,0,3,0
44,3,3885682852,0,3,0,0,3,0,31,4,0,42,1,3,1
44,4,3549623271,0,0,0,0,1,0,30,1,7,35,1,3,2
44,5,1555303977,0,1,0,0,0,1,31,1,29,13,0,3,3
44,6,1219244396,0,2,0,0,2,1,31,0,36,6,1,4,3
44,7,30245952,0,3,0,0,1,0,31,0,6,36,1,4,4
44,8,3989153667,0,0,0,0,2,1,30,3,20,22,0,4,5
44,9,1994834373,0,1,0,0,1,0,32,2,11,31,0,5,5
44,10,1658774792,0,2,0,0,2,1,31,0,42,0,1,6,5
44,11,1322715211,0,3,0,0,2,1,31,3,15,27,0,6,6
44,12,133716767,0,0,0,0,0,1,31,9,42,0,1,7,6
45,0,2032216273,0,0,0,0,3,0,31,4,1,41,1,0,1
45,1,1696156692,0,1,0,0,0,1,31,6,35,7,1,1,1
45,2,3507580759,0,2,0,0,2,1,31,4,35,7,1,2,1
45,3,2417921202,0,3,0,0,2,1,31,4,22,20,0,2,2
45,4,3324685532,0,0,0,0,3,0,31,4,0,42,1,2,3
45,5,2135687088,0,1,0,0,1,0,31,0,7,35,1,2,4
45,6,3947111155,0,2,0,0,1,0,31,3,0,42,1,2,5
45,7,2857451598,0,3,0,0,1,0,31,4,0,42,1,2,6
45,8,3764215928,0,0,0,0,0,1,31,2,41,1,1,3,6
45,9,1280672699,0,1,0,0,2,1,30,3,42,0,1,4,6
45,10,2239157903,0,2,0,0,1,0,30,1,17,25,0,5,6
45,11,4050581970,0,3,0,0,3,0,31,2,17,25,0,6,6
45,12,4203746324,0,0,0,0,3,0,31,2,12,30,0,7,6
46,0,4119181406,0,0,0,0,2,1,31,1,41,1,1,1,0
46,1,3783121825,0,1,0,0,0,1,30,4,30,12,1,2,0
46,2,2594123381,0,2,0,0,0,1,31,0,26,16,0,2,1
46,3,110580152,0,3,0,0,2,1,30,9,42,0,1,3,1
46,4,263744506,0,0,0,0,2,1,30,1,36,6,1,4,1
46,5,4222652221,0,1,0,0,1,0,31,5,0,42,1,4,2
46,6,1739108992,0,2,0,0,0,1,30,5,30,12,1,5,2
46,7,2697594196,0,3,0,0,3,0,30,2,12,30,1,5,3
46,8,214050967,0,0,0,0,0,1,30,2,30,12,1,6,3
46,9,367215321,0,1,0,0,1,0,33,0,0,42,1,6,4
46,10,2178639388,0,2,0,0,2,1,31,6,42,0,1,7,4
47,0,2132661057,0,0,0,0,0,1,31,0,39,3,1,1,0
47,1,3944085124,0,1,0,0,0,1,31,3,42,0,1,2,0
47,2,1850426943,0,2,0,0,0,1,31,0,35,7,1,3,0
47,3,1514367362,0,3,0,0,1,0,30,1,13,29,0,4,0
47,4,2572191453,0,0,0,0,0,1,31,5,24,18,0,4,1
47,5,2236131872,0,1,0,0,3,0,30,4,7,35,1,4,2
47,6,995412554,0,2,0,0,0,1,31,4,30,12,0,4,3
47,7,1953897758,0,3,0,0,1,0,31,3,7,35,1,4,4
47,8,3765321825,0,0,0,0,3,0,31,0,22,20,0,5,4
47,9,2675662268,0,1,0,0,0,1,30,6,30,12,1,6,4
47,10,1434942950,0,2,0,0,0,1,30,3,42,0,1,7,4
48,0,565560520,0,0,0,0,2,1,31,0,41,1,1,1,0
48,1,3719147385,0,1,0,0,0,1,31,5,41,1,1,2,0
48,2,2530148941,0,2,0,0,1,0,30,1,12,30,1,2,1
48,3,2194089360,0,3,0,0,2,1,31,6,36,6,1,3,1
48,4,1858029779,0,0,0,0,3,0,32,6,1,41,1,3,2
48,5,4158677781,0,1,0,0,2,1,30,5,41,1,1,4,2
48,6,1195189034,0,3,1,0,3,0,31,1,14,28,0,5,2
48,7,2633619756,0,0,0,0,3,0,31,5,12,30,0,6,2
48,8,2297560175,0,1,0,0,3,0,31,5,0,42,1,6,3
48,9,3204324505,0,2,0,0,2,1,31,4,21,21,0,6,4
48,10,4262148596,0,3,0,0,0,1,30,5,30,12,1,7,4
49,0,4116831378,0,0,0,0,0,1,31,5,42,0,1,1,0
49,1,3780771797,0,1,0,0,0,1,30,2,35,7,1,2,0
49,2,3933936151,0,2,0,0,2,1,31,2,41,1,1,3,0
49,3,1450392922,0,3,0,0,3,0,31,5,3,39,1,3,1
49,4,1114333341,0,0,0,0,0,1,32,5,36,6,1,4,1
49,5,4220302193,0,1,0,0,2,1,30,4,26,16,0,4,2
49,6,3078921762,0,2,0,0,2,1,30,3,42,0,1,5,2
49,7,1889923318,0,3,0,0,2,1,31,3,29,13,0,5,3
49,8,1553863737,0,0,0,0,3,0,31,1,1,41,1,5,4
49,9,364865293,0,1,0,0,0,1,31,4,24,18,0,5,5
49,10,3518452158,0,2,0,0,0,1,30,1,25,17,0,5,6
49,11,3182392577,0,3,0,0,2,1,31,9,42,0,1,6,6
49,12,1993394133,0,0,0,0,2,1,30,6,35,7,1,7,6
50,0,4095126044,0,1,1,0,0,1,31,4,42,0,1,1,0
50,1,1992189446,0,2,0,0,2,1,31,5,41,1,1,2,0
50,2,902529889,0,3,0,0,3,0,30,1,34,8,0,3,0
50,3,467131421,0,0,0,0,0,1,31,4,24,18,0,3,1
50,4,3620718286,0,1,0,0,1,0,32,6,12,30,0,4,1
50,5,2431719842,0,2,0,0,1,0,31,6,1,41,1,4,2
50,6,2095660261,0,3,0,0,3,0,32,5,12,30,0,5,2
50,7,3153484352,0,0,0,0,0,1,31,3,28,14,0,5,3
50,8,4060248682,0,1,0,0,2,1,30,5,26,16,0,5,4
50,9,723766590,0,2,0,0,1,0,30,4,7,35,1,5,5
50,10,2535190657,0,3,0,0,2,1,31,2,31,11,1,6,5
50,11,2199131076,0,0,0,0,0,1,31,0,39,3,1,7,5
51,0,2489212326,0,0,0,0,2,1,30,9,42,0,1,1,0
51,1,5669097,0,1,0,0,3,0,30,2,28,14,0,2,0
51,2,158833451,0,2,0,0,2,1,32,0,35,7,1,3,0
51,3,1970257518,0,3,0,0,0,1,30,3,18,24,0,3,1
51,4,2928742722,0,0,0,0,3,0,31,4,1,41,1,3,2
51,5,445199493,0,1,0,0,3,0,31,2,6,36,1,3,3
51,6,3598786358,0,2,0,0,0,1,30,1,25,17,0,3,4
51,7,262304266,0,3,0,0,1,0,30,0,22,20,0,4,4
51,8,2073728333,0,0,0,0,0,1,30,3,15,27,0,4,5
51,9,884729889,0,1,0,0,2,1,30,9,42,0,1,5,5
51,10,4038316754,0,2,0,0,1,0,31,5,6,36,1,5,6
51,11,3702257173,0,3,0,0,2,1,31,0,29,13,0,5,7
52,0,116790939,0,0,0,0,0,1,31,4,31,11,1,1,0
52,1,4075698654,0,1,0,0,3,0,31,5,0,42,1,1,1
52,2,3739639073,0,2,0,0,0,1,30,0,41,1,1,2,1
52,3,2550640629,0,3,0,0,3,0,30,5,1,41,1,2,2
52,4,2214581048,0,0,0,0,2,1,31,2,34,8,1,3,2
52,5,220261754,0,1,0,0,0,1,31,9,24,18,0,3,3
52,6,4179169469,0,2,0,0,2,1,31,9,35,7,1,4,3
52,7,2990171025,0,3,0,0,3,0,31,0,17,25,0,5,3
52,8,2654111444,0,0,0,0,3,0,30,4,13,29,0,6,3
52,9,1512731013,0,1,0,0,3,0,31,2,16,26,0,7,3
53,0,2425237886,0,0,0,0,2,1,31,5,42,0,1,1,0
53,1,2089178305,0,1,0,0,1,0,31,5,7,35,1,1,1
53,2,94859011,0,2,0,0,3,0,30,0,1,41,1,1,2
53,3,4053766726,0,3,0,0,1,0,30,5,12,30,1,1,3
53,4,3717707145,0,0,0,0,1,0,30,5,11,31,1,1,4
53,5,2528708701,0,1,0,0,0,1,31,3,17,25,0,1,5
53,6,1387328270,0,2,0,0,3,0,30,2,1,41,1,1,6
53,7,198329826,0,3,0,0,1,0,31,5,12,30,0,2,6
53,8,4157237541,0,0,0,0,0,1,31,4,11,31,0,2,7
54,0,2265380484,0,0,0,0,0,1,30,2,35,7,1,1,0
54,1,1929320903,0,1,0,0,1,0,32,4,17,25,0,2,0
54,2,4229968905,0,2,0,0,2,1,31,5,35,7,1,3,0
54,3,3893909324,0,3,0,0,0,1,30,1,41,1,1,4,0
54,4,2704910880,0,0,0,0,0,1,31,4,36,6,1,5,0
54,5,2368851299,0,1,0,0,2,1,30,0,35,7,1,6,0
54,6,1179852855,0,2,0,0,2,1,30,1,31,11,1,7,0
55,0,797618834,0,0,0,0,0,1,31,1,41,1,1,1,0
55,1,3851866812,0,1,0,0,0,1,31,4,28,14,0,1,1
55,2,2762207255,0,2,0,0,3,0,30,0,7,35,1,1,2
55,3,278664026,0,3,0,0,3,0,33,3,7,35,1,1,3
55,4,1990749206,0,0,0,0,3,0,30,5,2,40,1,1,4
55,5,2143913560,0,1,0,0,0,1,30,0,13,29,0,1,5
55,6,3955337627,0,2,0,0,0,1,31,6,36,6,1,2,5
55,7,718194422,0,3,0,0,0,1,30,3,31,11,1,3,5
55,8,382134841,0,0,0,0,0,1,31,5,30,12,0,3,6
55,9,3488103693,0,1,0,0,3,0,31,1,2,40,1,3,7
56,0,53922396,0,0,0,0,0,1,31,1,8,34,0,0,1
56,1,1865346463,0,1,0,0,3,0,31,2,23,19,0,1,1
56,2,2823831667,0,2,0,0,2,1,31,3,20,22,0,1,2
56,3,3829934884,0,3,0,0,0,1,30,5,33,9,1,2,2
56,4,493452792,0,0,0,0,3,0,31,6,12,30,0,3,2
56,5,2304876859,0,1,0,0,3,0,31,5,16,26,0,4,2
56,6,1968817278,0,2,0,0,1,0,31,0,0,42,1,4,3
56,7,2121981632,0,3,0,0,0,1,30,5,29,13,0,4,4
56,8,3933405699,0,0,0,0,3,0,30,5,7,35,1,4,5
56,9,2744407255,0,1,0,0,2,1,30,3,14,28,0,4,6
56,10,2408347674,0,2,0,0,3,0,30,5,22,20,0,5,6
56,11,1266967243,0,3,0,0,0,1,30,6,30,12,1,6,6
56,12,77968799,0,0,0,0,0,1,30,4,41,1,1,7,6
57,0,2781789155,0,0,0,0,1,0,30,1,0,42,1,0,1
57,1,2445729574,0,1,0,0,3,0,30,4,0,42,1,0,2
57,2,1304349143,0,2,0,0,0,1,31,6,36,6,1,1,2
57,3,115350699,0,3,0,0,1,0,30,5,11,31,1,1,3
57,4,4074258414,0,0,0,0,2,1,31,4,40,2,1,2,3
57,5,2885259970,0,1,0,0,3,0,30,2,0,42,1,2,4
57,6,1743879539,0,2,0,0,1,0,31,5,0,42,1,2,5
57,7,554881095,0,3,0,0,2,1,31,5,35,7,1,3,5
57,8,218821514,0,0,0,0,2,1,31,4,35,7,1,4,5
57,9,2030245581,0,1,0,0,0,1,30,1,34,8,1,5,5
57,10,2183409935,0,2,0,0,1,0,31,2,7,35,1,5,6
57,11,3994834002,0,3,0,0,2,1,30,7,20,22,0,5,7
58,0,4284915252,0,0,0,0,0,1,31,0,40,2,1,1,0
58,1,3948855671,0,1,0,0,0,1,31,1,39,3,1,2,0
58,2,2759857227,0,2,0,0,1,0,31,0,8,34,1,2,1
58,3,1618476796,0,3,0,0,3,0,30,9,12,30,1,2,2
58,4,1282417215,0,0,0,0,3,0,31,2,1,41,1,2,3
58,5,93418771,0,1,0,0,2,1,30,4,35,7,1,3,3
58,6,4052326486,0,2,0,0,3,0,30,3,8,34,1,3,4
58,7,2058007192,0,3,0,0,3,0,31,4,0,42,1,3,5
58,8,1721947611,0,0,0,0,0,1,32,4,41,1,1,4,5
58,9,3533371678,0,1,0,0,2,1,30,1,23,19,0,4,6
58,10,196889586,0,2,0,0,2,1,31,6,35,7,1,5,6
58,11,3350476451,0,3,0,0,2,1,31,4,23,19,0,5,7
59,0,3301653751,0,0,0,0,3,0,31,5,6,36,1,0,1
59,1,2160273320,0,1,0,0,0,1,31,3,35,7,1,1,1
59,2,3118758524,0,2,0,0,0,1,30,3,35,7,1,2,1
59,3,635215295,0,3,0,0,0,1,30,2,36,6,1,3,1
59,4,299155714,0,0,0,0,1,0,30,4,8,34,1,3,2
59,5,2599803716,0,1,0,0,0,1,31,1,30,12,0,3,3
59,6,2263744135,0,2,0,0,0,1,30,3,42,0,1,4,3
59,7,1074745691,0,3,0,0,2,1,30,5,41,1,1,5,3
59,8,358079479,0,1,1,0,0,1,31,4,30,12,0,5,4
59,9,3039334112,0,2,0,0,1,0,30,4,0,42,1,5,5
59,10,2703274531,0,3,0,0,1,0,30,2,13,29,0,6,5
59,11,2367214950,0,0,0,0,0,1,31,2,31,11,1,7,5
60,0,2657296200,0,0,0,0,2,1,31,2,42,0,1,1,0
60,1,173752971,0,1,0,0,0,1,31,6,23,19,0,1,1
60,2,326917325,0,2,0,0,1,0,31,1,8,34,1,1,2
60,3,2138341392,0,3,0,0,0,1,30,6,35,7,1,2,2
60,4,3850426572,0,0,0,0,0,1,31,2,36,6,1,3,2
60,5,613283367,0,1,0,0,0,1,31,3,24,18,0,3,3
60,6,277223786,0,2,0,0,0,1,30,6,33,9,1,4,3
60,7,2577871788,0,3,0,0,2,1,31,6,41,1,1,5,3
60,8,2241812207,0,0,0,0,3,0,31,3,6,36,1,5,4
60,9,1052813763,0,1,0,0,1,0,30,0,1,41,1,5,5
60,10,716754182,0,2,0,0,2,1,32,3,42,0,1,6,5
60,11,1623518512,0,3,0,0,1,0,31,0,0,42,1,6,6
60,12,2681342603,0,0,0,0,0,1,32,6,42,0,1,7,6
61,0,1913599762,0,0,0,0,3,0,30,5,24,18,0,1,0
61,1,3725023829,0,1,0,0,0,1,30,9,41,1,1,2,0
61,2,388541737,0,2,0,0,1,0,31,0,0,42,1,2,1
61,3,2199965804,0,3,0,0,3,0,30,5,17,25,0,3,1
61,4,1972523527,0,1,1,0,0,1,31,0,24,18,0,3,2
61,5,4164554225,0,2,0,0,0,1,30,1,41,1,1,4,2
61,6,3828494644,0,3,0,0,1,0,30,4,0,42,1,4,3
61,7,2639496200,0,0,0,0,0,1,30,4,41,1,1,5,3
61,8,1498115769,0,1,0,0,0,1,31,6,30,12,0,5,4
61,9,309117325,0,2,0,0,2,1,30,1,30,12,1,6,4
61,10,4268025040,0,3,0,0,2,1,30,0,20,22,0,6,5
61,11,3931965459,0,0,0,0,0,1,32,9,41,1,1,7,5
62,0,346499225,0,0,0,0,1,0,30,1,0,42,1,0,1
62,1,10439644,0,1,0,0,1,0,32,2,1,41,1,0,2
62,2,1821863711,0,2,0,0,1,0,31,4,18,24,0,1,2
62,3,1975028065,0,3,0,0,2,1,31,1,25,17,0,1,3
62,4,1638968484,0,0,0,0,2,1,30,4,33,9,1,2,3
62,5,449970040,0,1,0,0,2,1,30,5,30,12,1,3,3
62,6,113910459,0,2,0,0,0,1,30,9,29,13,0,3,4
62,7,2414558461,0,3,0,0,2,1,30,2,31,11,1,4,4
62,8,2078498880,0,0,0,0,2,1,30,5,30,12,1,5,4
62,9,3889922947,0,1,0,0,1,0,32,5,18,24,0,6,4
62,10,2800263390,0,2,0,0,3,0,30,0,11,31,1,6,5
62,11,1559544072,0,3,0,0,3,0,31,4,6,36,1,6,6
62,12,2518029276,0,0,0,0,0,1,31,4,42,0,1,7,6
63,0,2433464358,0,0,0,0,0,1,31,5,42,0,1,1,0
63,1,2097404777,0,1,0,0,0,1,31,1,21,21,0,1,1
63,2,908406333,0,2,0,0,2,1,31,2,28,14,0,1,2
63,3,4061993198,0,3,0,0,2,1,31,4,42,0,1,2,2
63,4,2872994754,0,0,0,0,1,0,30,4,0,42,1,2,3
63,5,2536935173,0,1,0,0,1,0,30,6,7,35,1,2,4
63,6,53391944,0,2,0,0,3,0,30,1,23,19,0,3,4
63,7,206556298,0,3,0,0,2,1,30,6,42,0,1,4,4
63,8,4165464013,0,0,0,0,3,0,31,0,1,41,1,4,5
63,9,2976465569,0,1,0,0,3,0,30,2,1,41,1,4,6
63,10,492922340,0,2,0,0,1,0,30,1,12,30,1,4,7
64,0,866363821,0,0,0,0,3,0,31,2,8,34,1,0,1
64,1,530304240,0,1,0,0,2,1,30,5,42,0,1,1,1
64,2,683468594,0,2,0,0,2,1,30,9,42,0,1,2,1
64,3,2494892661,0,3,0,0,1,0,30,3,6,36,1,2,2
64,4,2158833080,0,0,0,0,0,1,31,5,42,0,1,3,2
64,5,969834636,0,1,0,0,3,0,31,3,6,36,1,3,3
64,6,4123421501,0,2,0,0,3,0,30,2,0,42,1,3,4
64,7,2934423057,0,3,0,0,1,0,31,5,17,25,0,4,4
64,8,2598363476,0,0,0,0,2,1,30,1,30,12,1,5,4
64,9,1409365032,0,1,0,0,2,1,30,4,35,7,1,6,4
64,10,1073305451,0,2,0,0,2,1,31,6,41,1,1,7,4
65,0,222006270,0,0,0,0,0,1,31,4,34,8,1,1,0
65,1,2033430337,0,1,0,0,1,0,30,6,0,42,1,1,1
65,2,2991915541,0,2,0,0,0,1,30,2,42,0,1,2,1
65,3,508372312,0,3,0,0,3,0,31,1,18,24,0,3,1
65,4,1415136642,0,0,0,0,1,0,30,0,0,42,1,3,2
65,5,1993015215,0,2,1,0,0,1,30,4,36,6,1,4,2
65,6,2136901152,0,3,0,0,2,1,31,9,42,0,1,5,2
65,7,947902708,0,0,0,0,1,0,30,2,17,25,0,6,2
65,8,4101489573,0,1,0,0,3,0,31,4,0,42,1,6,3
65,9,2912491129,0,2,0,0,2,1,31,1,41,1,1,7,3
66,0,2431114330,0,0,0,0,3,0,31,6,16,26,0,1,0
66,1,1289733899,0,1,0,0,2,1,30,4,40,2,1,2,0
66,2,2248219103,0,2,0,0,3,0,30,6,0,42,1,2,1
66,3,4059643170,0,3,0,0,2,1,32,4,41,1,1,3,1
66,4,723161078,0,0,0,0,3,0,30,5,0,42,1,3,2
66,5,1729264295,0,1,0,0,0,1,32,0,30,12,0,3,3
66,6,1393204714,0,2,0,0,1,0,30,5,7,35,1,3,4
66,7,204206270,0,3,0,0,0,1,30,6,29,13,0,3,5
66,8,4163113985,0,0,0,0,0,1,32,5,31,11,0,3,6
66,9,21311043,0,1,0,0,0,1,31,2,40,2,1,4,6
66,10,1832735110,0,2,0,0,2,1,31,3,30,12,0,4,7
67,0,2790015627,0,0,0,0,3,0,30,2,18,24,0,1,0
67,1,2453956046,0,1,0,0,1,0,30,2,2,40,1,1,1
67,2,3511780137,0,2,0,0,1,0,30,9,9,33,1,1,2
67,3,123577171,0,3,0,0,2,1,31,6,20,22,0,1,3
67,4,3229546023,0,0,0,0,0,1,31,1,34,8,1,2,3
67,5,2893486442,0,1,0,0,2,1,30,4,41,1,1,3,3
67,6,409943213,0,2,0,0,0,1,31,5,42,0,1,4,3
67,7,563107567,0,3,0,0,0,1,30,0,42,0,1,5,3
67,8,2374531634,0,0,0,0,0,1,31,2,25,17,0,5,4
67,9,3333016838,0,1,0,0,2,1,30,3,41,1,1,6,4
67,10,849473609,0,2,0,0,2,1,31,1,20,22,0,6,5
67,11,1002637963,0,3,0,0,2,1,30,5,25,17,0,6,6
67,12,2814062030,0,0,0,0,0,1,31,2,31,11,1,7,6
68,0,4293141724,0,0,0,0,0,1,31,6,41,1,1,1,0
68,1,3957082143,0,1,0,0,0,1,31,1,42,0,1,2,0
68,2,2768083699,0,2,0,0,3,0,30,5,0,42,1,2,1
68,3,2432024118,0,3,0,0,2,1,31,4,25,17,0,2,2
68,4,437704824,0,0,0,0,0,1,31,5,26,16,0,2,3
68,5,101645243,0,1,0,0,3,0,31,6,0,42,1,2,4
68,6,1913069310,0,2,0,0,2,1,31,1,3,39,0,2,5
68,7,2871554514,0,3,0,0,2,1,31,0,41,1,1,3,5
68,8,388011285,0,0,0,0,2,1,31,0,25,17,0,3,6
68,9,541175639,0,1,0,0,3,0,30,2,7,35,1,3,7
69,0,2726041187,0,0,0,0,1,0,30,4,6,36,1,0,1
69,1,2389981606,0,1,0,0,0,1,30,5,42,0,1,1,1
69,2,1200983162,0,2,0,0,0,1,31,1,42,0,1,2,1
69,3,59602731,0,3,0,0,2,1,31,4,8,34,0,2,2
69,4,4018510446,0,0,0,0,0,1,30,9,42,0,1,3,2
69,5,2829512002,0,1,0,0,2,1,30,5,40,2,1,4,2
69,6,2493452421,0,2,0,0,2,1,30,2,41,1,1,5,2
69,7,1304453977,0,3,0,0,0,1,30,3,42,0,1,6,2
69,8,163073546,0,0,0,0,2,1,31,5,24,18,0,6,3
69,9,3269042398,0,1,0,0,2,1,30,3,13,29,0,6,4
69,10,2932982817,0,2,0,0,0,1,30,2,30,12,1,7,4
70,0,739520838,0,0,0,0,0,1,31,6,40,2,1,1,0
70,1,3893107703,0,1,0,0,0,1,31,1,28,14,0,1,1
70,2,556625611,0,2,0,0,2,1,31,4,19,23,0,1,2
70,3,2368049678,0,3,0,0,2,1,31,0,42,0,1,2,2
70,4,2031990097,0,0,0,0,2,1,30,3,30,12,1,3,2
70,5,37670803,0,1,0,0,1,0,32,0,0,42,1,3,3
70,6,3996578518,0,2,0,0,0,1,31,4,30,12,0,3,4
70,7,2807580074,0,3,0,0,0,1,30,1,30,12,1,4,4
70,8,2471520493,0,0,0,0,2,1,30,5,35,7,1,5,4
70,9,477201199,0,1,0,0,1,0,31,3,11,31,1,5,5
70,10,141141618,0,2,0,0,2,1,30,1,31,11,1,6,5
70,11,4100049333,0,3,0,0,2,1,31,4,24,18,0,6,6
70,12,283621723,0,1,1,0,0,1,32,5,22,20,0,6,7
71,0,1098422135,0,0,0,0,0,1,30,5,33,9,1,1,0
71,1,2909846202,0,1,0,0,3,0,30,2,11,31,1,1,1
71,2,3868331406,0,2,0,0,3,0,30,5,12,30,1,1,2
71,3,2726950975,0,3,0,0,1,0,31,5,7,35,1,1,3
71,4,1537952531,0,0,0,0,2,1,30,3,14,28,0,1,4
71,5,3349376598,0,1,0,0,0,1,31,0,42,0,1,2,4
71,6,3013317017,0,2,0,0,2,1,31,4,30,12,0,2,5
71,7,3166481371,0,3,0,0,2,1,30,4,42,0,1,3,5
71,8,682938142,0,0,0,0,2,1,31,0,31,11,1,4,5
71,9,1641423346,0,1,0,0,2,1,30,4,35,7,1,5,5
71,10,3452847413,0,2,0,0,1,0,31,4,7,35,1,5,6
71,11,2311466982,0,3,0,0,1,0,30,6,18,24,0,6,6
71,12,1122468538,0,0,0,0,0,1,30,4,41,1,1,7,6
72,0,354725697,0,0,0,0,1,0,30,4,7,35,1,0,1
72,1,18666116,0,1,0,0,3,0,30,5,6,36,1,0,2
72,2,1076490207,0,2,0,0,2,1,31,5,42,0,1,1,2
72,3,2887914274,0,3,0,0,1,0,30,6,23,19,0,2,2
72,4,794256093,0,0,0,0,1,0,30,1,2,40,1,2,3
72,5,458196512,0,1,0,0,1,0,31,2,2,40,1,2,4
72,6,2269620579,0,2,0,0,0,1,30,4,35,7,1,3,4
72,7,1179961022,0,3,0,0,0,1,30,4,38,4,1,4,4
72,8,4234209000,0,0,0,0,2,1,30,5,42,0,1,5,4
72,9,897726908,0,1,0,0,0,1,31,3,36,6,1,6,4
72,10,2709150975,0,2,0,0,0,1,31,4,34,8,1,7,4
73,0,2663172644,0,0,0,0,1,0,30,0,1,41,1,0,1
73,1,179629415,0,1,0,0,0,1,30,9,31,11,1,1,1
73,2,332793769,0,2,0,0,2,1,31,3,42,0,1,2,1
73,3,4291701484,0,3,0,0,1,0,30,4,0,42,1,2,2
73,4,3102703040,0,0,0,0,2,1,30,3,25,17,0,2,3
73,5,2766643459,0,1,0,0,3,0,30,1,6,36,1,2,4
73,6,3772746676,0,2,0,0,2,1,31,2,34,8,1,3,4
73,7,436264584,0,3,0,0,2,1,31,1,30,12,0,3,5
73,8,2247688651,0,0,0,0,0,1,31,0,42,0,1,4,5
73,9,3206173855,0,1,0,0,0,1,32,3,35,7,1,5,5
73,10,4212277072,0,2,0,0,2,1,31,5,26,16,0,5,6
73,11,875794980,0,3,0,0,3,0,31,6,24,18,0,6,6
73,12,2687219047,0,0,0,0,1,0,30,3,7,35,1,6,7
74,0,2057628274,0,1,1,0,1,0,32,6,7,35,1,0,1
74,1,4249658972,0,2,0,0,2,1,31,3,30,12,0,0,2
74,2,3060660528,0,3,0,0,2,1,31,5,25,17,0,0,3
74,3,2724600947,0,0,0,0,2,1,31,6,42,0,1,1,3
74,4,2388541366,0,1,0,0,0,1,31,0,19,23,0,1,4
74,5,394222072,0,2,0,0,2,1,31,2,17,25,0,1,5
74,6,58162491,0,3,0,0,1,0,31,0,18,24,0,2,5
74,7,3164131343,0,0,0,0,2,1,30,1,31,11,1,3,5
74,8,2828071762,0,1,0,0,0,1,31,1,31,11,1,4,5
74,9,833752468,0,2,0,0,2,1,31,4,42,0,1,5,5
74,10,497692887,0,3,0,0,2,1,30,0,42,0,1,6,5
74,11,161633306,0,0,0,0,0,1,31,4,34,8,1,7,5
75,0,3183037240,0,0,0,0,3,0,30,5,23,19,0,1,0
75,1,2041656809,0,1,0,0,1,0,31,4,1,41,1,1,1
75,2,852658365,0,2,0,0,1,0,31,2,11,31,1,1,2
75,3,516598784,0,3,0,0,2,1,31,6,41,1,1,2,2
75,4,995138470,0,1,1,0,1,0,31,1,6,36,1,2,3
75,5,2481187205,0,2,0,0,1,0,31,4,1,41,1,2,4
75,6,1292188761,0,3,0,0,2,1,30,5,30,12,1,3,4
75,7,956129180,0,0,0,0,0,1,31,6,34,8,1,4,4
75,8,620069599,0,1,0,0,2,1,30,2,33,9,1,5,4
75,9,2920717601,0,2,0,0,2,1,30,4,42,0,1,6,4
75,10,2584658020,0,3,0,0,1,0,31,4,16,26,0,7,4
76,0,2958099501,0,0,0,0,0,1,31,4,42,0,1,1,0
76,1,474556272,0,1,0,0,0,1,31,4,35,7,1,2,0
76,2,1433041476,0,2,0,0,2,1,31,1,42,0,1,3,0
76,3,3244465543,0,3,0,0,0,1,30,9,42,0,1,4,0
76,4,3397629897,0,0,0,0,1,0,30,3,1,41,1,4,1
76,5,3061570316,0,1,0,0,0,1,30,3,41,1,1,5,1
76,6,578027087,0,2,0,0,1,0,31,1,0,42,1,5,2
76,7,3683995939,0,3,0,0,2,1,31,6,34,8,1,6,2
76,8,2542615508,0,0,0,0,0,1,31,4,25,17,0,6,3
76,9,3501100712,0,1,0,0,1,0,30,2,0,42,1,6,4
76,10,1017557483,0,2,0,0,2,1,31,2,41,1,1,7,4
77,0,971579152,0,0,0,0,0,1,32,1,42,0,1,1,0
77,1,1878343482,0,1,0,0,1,0,32,4,7,35,1,1,1
77,2,2936167573,0,2,0,0,2,1,31,6,18,24,0,1,2
77,3,452624344,0,3,0,0,3,0,31,5,11,31,1,1,3
77,4,1411109548,0,0,0,0,2,1,30,1,42,0,1,2,3
77,5,2317873878,0,1,0,0,0,1,31,1,30,12,0,2,4
77,6,4129297945,0,2,0,0,3,0,30,4,17,25,0,3,4
77,7,3039638388,0,3,0,0,0,1,30,6,34,8,1,4,4
77,8,556095159,0,0,0,0,0,1,30,6,41,1,1,5,4
77,9,3662064011,0,1,0,0,3,0,31,0,6,36,1,5,5
77,10,273861045,0,2,0,0,2,1,32,2,42,0,1,6,5
77,11,3479168784,0,3,0,0,1,0,30,1,17,25,0,7,5
78,0,2894125061,0,0,0,0,2,1,30,4,31,11,1,1,0
78,1,2558065480,0,1,0,0,0,1,31,0,41,1,1,2,0
78,2,1369067036,0,2,0,0,2,1,30,6,34,8,1,3,0
78,3,1033007455,0,3,0,0,2,1,31,4,36,6,1,4,0
78,4,4186594320,0,0,0,0,3,0,31,5,6,36,1,4,1
78,5,2997595876,0,1,0,0,0,1,30,2,35,7,1,5,1
78,6,2661536295,0,2,0,0,2,1,31,5,29,13,0,5,2
78,7,1472537851,0,3,0,0,1,0,31,5,2,40,1,5,3
78,8,1136478270,0,0,0,0,2,1,31,5,35,7,1,6,3
78,9,4290065135,0,1,0,0,3,0,30,5,0,42,1,6,4
78,10,3101066691,0,2,0,0,1,0,30,3,13,29,0,7,4
79,0,3539588509,0,0,0,0,0,1,31,2,24,18,0,0,1
79,1,2398208078,0,1,0,0,0,1,31,6,22,20,0,0,2
79,2,1209209634,0,2,0,0,2,1,30,5,31,11,1,1,2
79,3,873150053,0,3,0,0,3,0,31,0,24,18,0,2,2
79,4,3979118905,0,0,0,0,2,1,30,1,41,1,1,3,2
79,5,2837738474,0,1,0,0,0,1,31,4,41,1,1,4,2
79,6,2501678893,0,2,0,0,2,1,31,4,29,13,0,4,3
79,7,1312680449,0,3,0,0,2,1,31,1,30,12,0,4,4
79,8,3124104516,0,0,0,0,0,1,31,1,13,29,0,4,5
79,9,3277268870,0,1,0,0,1,0,31,6,0,42,1,4,6
79,10,2941209289,0,2,0,0,0,1,30,3,40,2,1,5,6
79,11,1752210845,0,3,0,0,2,1,30,4,34,8,1,6,6
79,12,1035544633,0,1,1,0,0,1,31,5,24,18,0,6,7
80,0,747747310,0,0,0,0,0,1,30,9,42,0,1,1,0
80,1,411687729,0,1,0,0,2,1,30,4,25,17,0,1,1
80,2,2712335731,0,2,0,0,2,1,31,9,41,1,1,2,1
80,3,2376276150,0,3,0,0,3,0,30,4,0,42,1,2,2
80,4,1187277706,0,0,0,0,0,1,31,1,36,6,1,3,2
80,5,851218125,0,1,0,0,2,1,30,2,21,21,0,3,3
80,6,3151866127,0,2,0,0,2,1,32,5,41,1,1,4,3
80,7,2815806546,0,3,0,0,2,1,31,1,42,0,1,5,3
80,8,2479746965,0,0,0,0,3,0,31,3,12,30,0,6,3
80,9,1290748521,0,1,0,0,0,1,31,5,36,6,1,7,3
81,0,1328130421,0,0,0,0,0,1,31,5,41,1,1,1,0
81,1,2334233638,0,1,0,0,1,0,31,1,11,31,1,1,1
81,2,3292718842,0,2,0,0,2,1,31,2,39,3,1,2,1
81,3,809175613,0,3,0,0,2,1,32,0,42,0,1,3,1
81,4,1767660817,0,0,0,0,1,0,30,4,3,39,1,3,2
81,5,626280386,0,1,0,0,1,0,31,9,11,31,1,3,3
81,6,2437704453,0,2,0,0,3,0,30,6,11,31,1,3,4
81,7,3015583026,0,0,1,0,0,1,31,3,31,11,1,4,4
81,8,912646428,0,1,0,0,2,1,30,4,29,13,0,4,5
81,9,1065810782,0,2,0,0,0,1,31,6,42,0,1,5,5
81,10,2877234849,0,3,0,0,0,1,30,6,18,24,0,5,6
81,11,2541175268,0,0,0,0,0,1,31,2,15,27,0,5,7
82,0,2831256518,0,0,0,0,0,1,31,4,42,0,1,1,0
82,1,347713289,0,1,0,0,0,1,30,3,18,24,0,1,1
82,2,500877643,0,2,0,0,3,0,30,3,17,25,0,2,1
82,3,164818062,0,3,0,0,2,1,31,0,42,0,1,3,1
82,4,3270786914,0,0,0,0,0,1,31,4,41,1,1,4,1
82,5,787243685,0,1,0,0,2,1,30,6,27,15,0,4,2
82,6,451184104,0,2,0,0,1,0,31,4,6,36,1,4,3
82,7,604348458,0,3,0,0,2,1,32,3,15,27,0,4,4
82,8,2415772525,0,0,0,0,1,0,30,4,7,35,1,4,5
82,9,1226774081,0,1,0,0,0,1,31,4,19,23,0,4,6
82,10,2558252630,0,3,1,0,1,0,32,4,9,33,1,4,7
83,0,1264155981,0,0,0,0,0,1,31,0,42,0,1,1,0
83,1,122775550,0,1,0,0,1,0,31,2,0,42,1,1,1
83,2,3228744402,0,2,0,0,2,1,31,4,40,2,1,2,1
83,3,2892684821,0,3,0,0,1,0,31,2,16,26,0,3,1
83,4,2556625240,0,0,0,0,2,1,30,2,25,17,0,3,2
83,5,1367626796,0,1,0,0,2,1,30,0,17,25,0,3,3
83,6,226246365,0,2,0,0,2,1,31,0,11,31,0,3,4
83,7,3332215217,0,3,0,0,3,0,31,4,12,30,0,4,4
83,8,2996155636,0,0,0,0,0,1,31,0,31,11,1,5,4
83,9,512612407,0,1,0,0,3,0,31,3,11,31,1,5,5
83,10,665776761,0,2,0,0,2,1,31,0,20,22,0,5,6
83,11,2477200828,0,3,0,0,3,0,30,2,11,31,1,5,7
84,0,1104298579,0,0,0,0,2,1,30,4,36,6,1,1,0
84,1,768238998,0,1,0,0,1,0,31,0,12,30,0,2,0
84,2,3068887000,0,2,0,0,1,0,31,1,11,31,1,2,1
84,3,2732827419,0,3,0,0,3,0,31,5,6,36,1,2,2
84,4,1543828975,0,0,0,0,0,1,31,1,12,30,0,2,3
84,5,1207769394,0,1,0,0,3,0,30,5,11,31,1,2,4
84,6,66388963,0,2,0,0,1,0,31,5,6,36,1,2,5
84,7,3172357815,0,3,0,0,3,0,32,4,6,36,1,2,6
84,8,2836298234,0,0,0,0,0,1,31,4,42,0,1,3,6
84,9,1647299790,0,1,0,0,1,0,32,2,0,42,1,3,7
85,0,1784020577,0,0,0,0,1,0,30,3,17,25,0,1,0
85,1,2690784907,0,1,0,0,3,0,30,6,6,36,1,1,1
85,2,1601125350,0,2,0,0,0,1,30,6,35,7,1,2,1
85,3,3412549417,0,3,0,0,2,1,31,0,25,17,0,2,2
85,4,3076489836,0,0,0,0,0,1,31,2,30,12,0,2,3
85,5,1082170542,0,1,0,0,0,1,31,0,23,19,0,2,4
85,6,2794255722,0,2,0,0,2,1,31,4,32,10,1,3,4
85,7,3852079813,0,3,0,0,3,0,31,2,0,42,1,3,5
85,8,3516020232,0,0,0,0,1,0,30,1,6,36,1,3,6
85,9,1521700938,0,1,0,0,3,0,30,1,23,19,0,4,6
85,10,1185641357,0,2,0,0,2,1,32,6,36,6,1,5,6
85,11,849581776,0,3,0,0,1,0,30,4,12,30,1,5,7
86,0,3187807787,0,0,0,0,0,1,31,2,30,12,0,0,1
86,1,704264558,0,1,0,0,0,1,31,3,42,0,1,1,1
86,2,857428912,0,2,0,0,1,0,31,5,17,25,0,2,1
86,3,2668852979,0,3,0,0,2,1,31,5,41,1,1,3,1
86,4,3627338183,0,0,0,0,2,1,30,4,35,7,1,4,1
86,5,1143794954,0,1,0,0,1,0,30,6,8,34,1,4,2
86,6,2414523,0,2,0,0,2,1,31,9,42,0,1,5,2
86,7,3108383375,0,3,0,0,3,0,32,4,12,30,0,6,2
86,8,2772323794,0,0,0,0,0,1,31,0,24,18,0,6,3
86,9,1583325350,0,1,0,0,2,1,30,4,40,2,1,7,3
87,0,395966588,0,0,0,0,1,0,30,4,28,14,0,1,0
87,1,2207390655,0,1,0,0,0,1,31,4,42,0,1,2,0
87,2,3165875859,0,2,0,0,1,0,31,2,12,30,0,3,0
87,3,682332630,0,3,0,0,3,0,32,1,1,41,1,3,1
87,4,835496984,0,0,0,0,2,1,31,9,41,1,1,4,1
87,5,2646921051,0,1,0,0,3,0,30,1,11,31,1,4,2
87,6,2310861470,0,2,0,0,0,1,30,2,36,6,1,5,2
87,7,1121863026,0,3,0,0,1,0,30,1,12,30,1,5,3
87,8,4275449891,0,0,0,0,1,0,30,1,0,42,1,5,4
87,9,3086451447,0,1,0,0,2,1,30,0,42,0,1,6,4
87,10,2750391866,0,2,0,0,1,0,32,0,0,42,1,6,5
87,11,2414332285,0,3,0,0,2,1,31,2,30,12,0,6,6
87,12,420012991,0,0,0,0,2,1,30,4,36,6,1,7,6
88,0,3707672383,0,0,0,0,3,0,31,5,23,19,0,1,0
88,1,3371612802,0,1,0,0,0,1,31,2,42,0,1,2,0
88,2,1377293508,0,2,0,0,3,0,30,5,17,25,0,3,0
88,3,1041233927,0,3,0,0,2,1,31,2,23,19,0,3,1
88,4,4147202779,0,0,0,0,0,1,31,3,36,6,1,4,1
88,5,3811143198,0,1,0,0,0,1,31,2,42,0,1,5,1
88,6,522279119,0,2,0,0,2,1,32,9,41,1,1,6,1
88,7,1480764323,0,3,0,0,1,0,30,3,0,42,1,6,2
88,8,3292188390,0,0,0,0,3,0,31,4,0,42,1,6,3
88,9,4250673594,0,1,0,0,0,1,31,2,29,13,0,6,4
88,10,3109293163,0,2,0,0,3,0,30,1,17,25,0,7,4
89,0,2583369314,0,1,1,0,1,0,31,1,11,31,1,0,1
89,1,2627916364,0,2,0,0,2,1,31,0,23,19,0,0,2
89,2,3685740455,0,3,0,0,1,0,30,5,11,31,1,0,3
89,3,297537489,0,0,0,0,0,1,31,4,42,0,1,1,3
89,4,3403506341,0,1,0,0,0,1,31,1,42,0,1,2,3
89,5,3067446760,0,2,0,0,3,0,30,3,11,31,1,2,4
89,6,583903531,0,3,0,0,2,1,30,1,18,24,0,2,5
89,7,737067885,0,0,0,0,0,1,31,5,42,0,1,3,5
89,8,401008304,0,1,0,0,0,1,31,5,42,0,1,4,5
89,9,3506977156,0,2,0,0,2,1,32,0,24,18,0,4,6
89,10,1023433927,0,3,0,0,0,1,30,4,42,0,1,5,6
89,11,1176598281,0,0,0,0,1,0,30,5,27,15,0,6,6
89,12,840538700,0,1,0,0,0,1,30,9,25,17,0,6,7
90,0,3643697943,0,0,0,0,0,1,31,9,42,0,1,1,0
90,1,3307638362,0,1,0,0,3,0,31,5,2,40,1,1,1
90,2,3460802716,0,2,0,0,3,0,30,6,17,25,0,2,1
90,3,977259487,0,3,0,0,0,1,30,1,25,17,0,2,2
90,4,641199906,0,0,0,0,0,1,31,0,29,13,0,2,3
90,5,3747168758,0,1,0,0,0,1,30,1,41,1,1,3,3
90,6,2605788327,0,2,0,0,2,1,32,1,30,12,0,3,4
90,7,1416789883,0,3,0,0,0,1,30,4,35,7,1,4,4
90,8,1080730302,0,0,0,0,0,1,31,2,41,1,1,5,4
90,9,4186699154,0,1,0,0,3,0,31,4,2,40,1,5,5
90,10,3045318723,0,2,0,0,2,1,31,4,34,8,1,6,5
90,11,2709259142,0,3,0,0,0,1,30,5,29,13,0,6,6
90,12,1520260698,0,0,0,0,0,1,31,4,42,0,1,7,6
91,0,752517857,0,0,0,0,1,0,30,5,18,24,0,1,0
91,1,2563941924,0,1,0,0,3,0,31,9,12,30,0,2,0
91,2,3522427128,0,2,0,0,2,1,31,0,41,1,1,3,0
91,3,233563049,0,3,0,0,3,0,30,0,24,18,0,4,0
91,4,4192470764,0,0,0,0,0,1,30,5,26,16,0,4,1
91,5,3003472320,0,1,0,0,0,1,31,6,41,1,1,5,1
91,6,2667412739,0,2,0,0,2,1,31,3,41,1,1,6,1
91,7,1478414295,0,3,0,0,2,1,31,0,42,0,1,7,1
92,0,691999342,0,0,0,0,3,0,31,1,6,36,1,0,1
92,1,3318022676,0,2,1,0,2,1,32,6,41,1,1,1,1
92,2,3461908613,0,3,0,0,0,1,30,6,30,12,1,2,1
92,3,3125849032,0,0,0,0,1,0,30,1,11,31,1,2,2
92,4,1131529738,0,1,0,0,3,0,31,6,6,36,1,2,3
92,5,795470157,0,2,0,0,3,0,30,5,7,35,1,2,4
92,6,3901439009,0,3,0,0,2,1,32,6,31,11,0,2,5
92,7,3565379428,0,0,0,0,0,1,31,5,41,1,1,3,5
92,8,177176462,0,1,0,0,1,0,32,5,13,29,0,4,5
92,9,1235000553,0,2,0,0,2,1,31,5,25,17,0,4,6
92,10,898940972,0,3,0,0,0,1,30,3,24,18,0,4,7
93,0,1272382453,0,0,0,0,3,0,31,9,2,40,1,0,1
93,1,936322872,0,1,0,0,3,0,30,1,22,20,0,1,1
93,2,4042291724,0,2,0,0,1,0,30,4,18,24,0,2,1
93,3,2900911293,0,3,0,0,3,0,30,1,3,39,1,2,2
93,4,1711912849,0,0,0,0,0,1,32,1,26,16,0,2,3
93,5,1375853268,0,1,0,0,1,0,32,0,0,42,1,2,4
93,6,3187277335,0,2,0,0,2,1,31,5,42,0,1,3,4
93,7,3340441689,0,3,0,0,3,0,31,1,0,42,1,3,5
93,8,856898460,0,0,0,0,3,0,30,4,15,27,0,4,5
93,9,1815383664,0,1,0,0,2,1,30,2,31,11,1,5,5
93,10,3626807731,0,2,0,0,1,0,30,1,11,31,1,5,6
93,11,3779972085,0,3,0,0,3,0,31,1,17,25,0,6,6
93,12,1296428856,0,0,0,0,3,0,30,1,12,30,1,6,7
94,0,528686015,0,0,0,0,1,0,30,5,20,22,0,1,0
94,1,192626434,0,1,0,0,2,1,30,6,19,23,0,1,1
94,2,1250450525,0,2,0,0,1,0,30,1,0,42,1,1,2
94,3,914390944,0,3,0,0,2,1,31,0,35,7,1,2,2
94,4,968216411,0,0,0,0,2,1,30,9,25,17,0,2,3
94,5,632156830,0,1,0,0,2,1,30,0,31,11,1,3,3
94,6,2443580897,0,2,0,0,2,1,31,3,35,7,1,4,3
94,7,1353921340,0,3,0,0,2,1,32,3,25,17,0,4,4
94,8,2260685670,0,0,0,0,2,1,30,4,25,17,0,4,5
94,9,3318509761,0,1,0,0,0,1,31,3,42,0,1,5,5
94,10,2883111293,0,2,0,0,2,1,31,4,23,19,0,5,6
94,11,1793451736,0,3,0,0,2,1,32,1,42,0,1,6,6
94,12,3604875803,0,0,0,0,1,0,30,1,2,40,1,6,7
95,0,1208408013,0,0,0,0,2,1,30,0,42,0,1,1,0
95,1,872348432,0,1,0,0,0,1,31,0,42,0,1,2,0
95,2,3978317284,0,2,0,0,2,1,30,2,22,20,0,2,1
95,3,2836936853,0,3,0,0,2,1,30,1,42,0,1,3,1
95,4,2500877272,0,0,0,0,2,1,31,5,42,0,1,4,1
95,5,1311878828,0,1,0,0,1,0,31,2,2,40,1,4,2
95,6,975819247,0,2,0,0,1,0,31,4,6,36,1,4,3
95,7,3276467249,0,3,0,0,3,0,31,5,0,42,1,4,4
95,8,2940407668,0,0,0,0,0,1,32,3,31,11,0,4,5
95,9,1751409224,0,1,0,0,3,0,30,0,12,30,1,4,6
95,10,1415349643,0,2,0,0,2,1,32,0,42,0,1,5,6
95,11,1079290062,0,3,0,0,0,1,30,0,20,22,0,5,7
96,0,1048550611,0,0,0,0,3,0,31,6,6,36,1,0,1
96,1,712491030,0,1,0,0,3,0,30,9,14,28,0,1,1
96,2,3818459882,0,2,0,0,2,1,31,5,26,16,0,1,2
96,3,3482400301,0,3,0,0,2,1,30,4,35,7,1,2,2
96,4,3254958024,0,1,1,0,3,0,30,3,0,42,1,2,3
96,5,1152021426,0,2,0,0,2,1,31,4,42,0,1,3,3
96,6,4257990278,0,3,0,0,2,1,31,1,42,0,1,4,3
96,7,3921930697,0,0,0,0,1,0,30,6,0,42,1,4,4
96,8,2780550266,0,1,0,0,0,1,31,4,36,6,1,5,4
96,9,1591551822,0,2,0,0,2,1,31,4,31,11,1,6,4
96,10,1255492241,0,3,0,0,2,1,30,6,25,17,0,6,5
96,11,66493797,0,0,0,0,0,1,31,3,41,1,1,7,5
97,0,3875756257,0,0,0,0,0,1,31,5,18,24,0,0,1
97,1,3440357789,0,1,0,0,0,1,31,3,41,1,1,1,1
97,2,2350698232,0,2,0,0,1,0,31,3,17,25,0,2,1
97,3,3257462562,0,3,0,0,3,0,31,1,0,42,1,2,2
97,4,20319357,0,0,0,0,0,1,31,4,35,7,1,3,2
97,5,1831743424,0,1,0,0,3,0,30,4,6,36,1,3,3
97,6,3543828604,0,2,0,0,1,0,31,9,14,28,0,4,3
97,7,3696992958,0,3,0,0,3,0,30,1,12,30,1,4,4
97,8,1213449729,0,0,0,0,0,1,31,4,42,0,1,5,4
97,9,1791328302,0,2,1,0,0,1,31,0,42,0,1,6,4
97,10,1935214239,0,3,0,0,2,1,30,4,35,7,1,7,4
98,0,3132059819,0,0,0,0,0,1,31,3,11,31,0,0,1
98,1,2796000238,0,1,0,0,3,0,30,2,22,20,0,1,1
98,2,1607001794,0,2,0,0,3,0,30,9,0,42,1,1,2
98,3,3418425861,0,3,0,0,2,1,32,6,40,2,1,2,2
98,4,3571590215,0,0,0,0,0,1,32,0,25,17,0,2,3
98,5,3235530634,0,1,0,0,0,1,31,5,24,18,0,2,4
98,6,751987405,0,2,0,0,2,1,31,6,23,19,0,2,5
98,7,1710472609,0,3,0,0,2,1,31,1,20,22,0,2,6
98,8,2716575826,0,0,0,0,2,1,31,4,35,7,1,3,6
98,9,3675061030,0,1,0,0,1,0,30,4,6,36,1,3,7
99,0,1145539470,0,0,0,0,3,0,30,4,2,40,1,0,1
99,1,2052303800,0,1,0,0,1,0,31,0,17,25,0,1,1
99,2,3110127891,0,2,0,0,2,1,31,2,35,7,1,2,1
99,3,2774068310,0,3,0,0,2,1,30,9,41,1,1,3,1
99,4,1585069866,0,0,0,0,3,0,31,2,7,35,1,3,2
99,5,2491834196,0,1,0,0,1,0,31,1,12,30,0,4,2
99,6,8290967,0,2,0,0,3,0,30,6,2,40,1,4,3
99,7,3213598706,0,3,0,0,1,0,30,5,1,41,1,4,4
99,8,730055477,0,0,0,0,2,1,31,4,31,11,1,5,4
99,9,1688540681,0,1,0,0,0,1,30,1,31,11,1,6,4
99,10,447821363,0,2,0,0,2,1,31,0,42,0,1,7,4
100,0,3651924415,0,0,0,0,1,0,30,5,14,28,0,1,0
100,1,3315864834,0,1,0,0,1,0,31,2,0,42,1,1,1
100,2,2126866390,0,2,0,0,2,1,30,9,31,11,1,2,1
100,3,985485959,0,3,0,0,0,1,30,1,23,19,0,2,2
100,4,4091454811,0,0,0,0,3,0,30,9,1,41,1,2,3
100,5,3755395230,0,1,0,0,0,1,31,5,24,18,0,2,4
100,6,2566396786,0,2,0,0,2,1,31,4,18,24,0,2,5
100,7,2230337205,0,3,0,0,1,0,30,2,32,10,0,3,5
100,8,1088956774,0,0,0,0,3,0,30,5,7,35,1,3,6
100,9,4194925626,0,1,0,0,0,1,31,0,41,1,1,4,6
100,10,3858866045,0,2,0,0,0,1,30,4,42,0,1,5,6
100,11,2669867601,0,3,0,0,2,1,30,2,24,18,0,5,7
101,0,3713548827,0,0,0,0,0,1,30,5,42,0,1,1,0
101,1,2572168396,0,1,0,0,2,1,30,1,34,8,1,2,0
101,2,1383169952,0,2,0,0,3,0,30,3,0,42,1,2,1
101,3,1047110371,0,3,0,0,2,1,31,0,30,12,0,2,2
101,4,4153079223,0,0,0,0,3,0,31,2,9,33,1,2,3
101,5,3011698792,0,1,0,0,0,1,30,4,41,1,1,3,3
101,6,1822700348,0,2,0,0,2,1,31,3,25,17,0,3,4
101,7,1486640767,0,3,0,0,0,1,30,1,36,6,1,4,4
101,8,1150581186,0,0,0,0,0,1,31,6,26,16,0,4,5
101,9,3451229188,0,1,0,0,2,1,30,6,35,7,1,5,5
101,10,3115169607,0,2,0,0,2,1,33,1,42,0,1,6,5
101,11,1926171163,0,3,0,0,2,1,30,2,25,17,0,6,6
101,12,1590111582,0,0,0,0,0,1,30,6,26,16,0,6,7
102,0,1440466327,0,0,0,0,0,1,31,0,20,22,0,0,1
102,1,3251890394,0,1,0,0,0,1,30,4,35,7,1,1,1
102,2,4210375598,0,2,0,0,2,1,30,5,19,23,0,1,2
102,3,1726832369,0,3,0,0,2,1,31,4,31,11,1,2,2
102,4,1879996723,0,0,0,0,0,1,31,0,19,23,0,2,3
102,5,1543937142,0,1,0,0,0,1,31,3,42,0,1,3,3
102,6,3355361209,0,2,0,0,2,1,31,6,20,22,0,3,4
102,7,2166362765,0,3,0,0,2,1,31,5,42,0,1,4,4
102,8,3073127095,0,0,0,0,3,0,31,6,0,42,1,4,5
102,9,3651005668,0,2,1,0,2,1,31,6,41,1,1,5,5
102,10,3794891605,0,3,0,0,2,1,31,6,26,16,0,5,6
102,11,3458832024,0,0,0,0,0,1,30,1,41,1,1,6,6
102,12,3512657491,0,1,0,0,1,0,31,2,12,30,0,7,6
103,0,1502090739,0,0,0,0,0,1,31,6,24,18,0,0,1
103,1,360710308,0,1,0,0,3,0,30,0,3,39,1,0,2
103,2,3466679160,0,2,0,0,0,1,31,3,42,0,1,1,2
103,3,983135931,0,3,0,0,2,1,31,0,29,13,0,1,3
103,4,1941621135,0,0,0,0,0,1,32,5,25,17,0,1,4
103,5,800240704,0,1,0,0,0,1,31,5,34,8,1,2,4
103,6,2611664771,0,2,0,0,3,0,30,1,13,29,0,3,4
103,7,3570149975,0,3,0,0,3,0,31,1,12,30,0,4,4
103,8,1086606746,0,0,0,0,3,0,30,2,16,26,0,5,4
103,9,1239771100,0,1,0,0,0,1,31,9,42,0,1,6,4
103,10,3051195167,0,2,0,0,2,1,31,3,42,0,1,7,4
104,0,4008475684,0,0,0,0,2,1,30,5,35,7,1,1,0
104,1,3672416103,0,1,0,0,3,0,30,0,7,35,1,1,1
104,2,2483417659,0,2,0,0,0,1,31,1,42,0,1,2,1
104,3,1342037228,0,3,0,0,3,0,31,4,12,30,0,3,1
104,4,153038784,0,0,0,0,3,0,31,6,16,26,0,4,1
104,5,4111946499,0,1,0,0,0,1,30,5,42,0,1,5,1
104,6,1628403270,0,2,0,0,2,1,31,0,25,17,0,5,2
104,7,1400960993,0,0,1,0,0,1,31,0,20,22,0,5,3
104,8,1445508043,0,1,0,0,0,1,31,4,31,11,1,6,3
104,9,256509599,0,2,0,0,2,1,31,4,23,19,0,6,4
104,10,4215417314,0,3,0,0,2,1,31,2,42,0,1,7,4
105,0,1216634485,0,0,0,0,0,1,31,2,41,1,1,1,0
105,1,880574904,0,1,0,0,0,1,30,3,40,2,1,2,0
105,2,3986543756,0,2,0,0,1,0,31,4,15,27,0,3,0
105,3,3650484175,0,3,0,0,0,1,30,5,18,24,0,3,1
105,4,2461485731,0,0,0,0,2,1,30,5,34,8,1,4,1
105,5,1320105300,0,1,0,0,3,0,30,2,23,19,0,5,1
105,6,131106856,0,2,0,0,2,1,31,2,36,6,1,6,1
105,7,4090014571,0,3,0,0,2,1,30,1,42,0,1,7,1
106,0,1278258897,0,0,0,0,0,1,31,0,24,18,0,0,1
106,1,942199316,0,1,0,0,3,0,31,0,1,41,1,0,2
106,2,3242847318,0,2,0,0,2,1,31,2,29,13,0,0,3
106,3,2906787737,0,3,0,0,2,1,30,9,18,24,0,0,4
106,4,1717789293,0,0,0,0,0,1,30,5,14,28,0,0,5
106,5,1381729712,0,1,0,0,0,1,31,5,34,8,1,1,5
106,6,3682377714,0,2,0,0,2,1,32,0,31,11,0,1,6
106,7,3346318133,0,3,0,0,3,0,30,4,12,30,1,1,7
107,0,1097428746,0,2,2,0,0,1,30,1,36,6,1,1,0
107,1,816600464,0,3,0,0,2,1,32,0,20,22,0,1,1
107,2,1775085668,0,0,0,0,0,1,31,6,29,13,0,1,2
107,3,3586509735,0,1,0,0,1,0,31,1,7,35,1,1,3
107,4,250027643,0,2,0,0,2,1,31,4,0,42,0,1,4
107,5,3403614508,0,3,0,0,2,1,31,0,7,35,0,1,5
107,6,920071279,0,0,0,0,2,1,30,4,34,8,1,2,5
107,7,4026040131,0,1,0,0,0,1,31,5,35,7,1,3,5
107,8,3689980550,0,2,0,0,2,1,31,4,19,23,0,3,6
107,9,3843144904,0,3,0,0,3,0,30,0,6,36,1,3,7
108,0,3361768105,0,0,0,0,1,0,30,4,13,29,0,1,0
108,1,878224876,0,1,0,0,0,1,32,2,41,1,1,2,0
108,2,650782599,0,3,1,0,0,1,30,1,35,7,1,3,0
108,3,695329649,0,0,0,0,3,0,31,1,17,25,0,4,0
108,4,3801298501,0,1,0,0,0,1,31,4,40,2,1,5,0
108,5,1317755272,0,2,0,0,0,1,30,5,42,0,1,6,0
108,6,176374841,0,3,0,0,3,0,31,4,0,42,1,6,1
108,7,1134860045,0,0,0,0,0,1,31,3,25,17,0,6,2
108,8,2946284112,0,1,0,0,1,0,33,1,0,42,1,6,3
108,9,1757285668,0,2,0,0,2,1,32,6,40,2,1,7,3
109,0,1573185754,0,0,0,0,0,1,31,2,30,12,0,0,1
109,1,1237126173,0,1,0,0,1,0,31,4,17,25,0,1,1
109,2,48127729,0,2,0,0,2,1,32,5,19,23,0,1,2
109,3,4007035444,0,3,0,0,2,1,30,1,35,7,1,2,2
109,4,2012716150,0,0,0,0,0,1,32,5,25,17,0,2,3
109,5,1676656569,0,1,0,0,0,1,31,6,41,1,1,3,3
109,6,3488080636,0,2,0,0,0,1,30,0,31,11,1,4,3
109,7,151598544,0,3,0,0,2,1,31,1,35,7,1,5,3
109,8,3305185409,0,0,0,0,0,1,31,9,41,1,1,6,3
109,9,2116186965,0,1,0,0,0,1,30,4,25,17,0,6,4
109,10,1780127384,0,2,0,0,3,0,30,2,28,14,0,7,4
110,0,3881632701,0,0,0,0,1,0,30,4,7,35,1,0,1
110,1,3545573120,0,1,0,0,0,1,30,3,35,7,1,1,1
110,2,1551253826,0,2,0,0,0,1,30,3,30,12,1,2,1
110,3,1215194245,0,3,0,0,2,1,30,0,25,17,0,2,2
110,4,26195801,0,0,0,0,0,1,34,2,41,1,1,3,2
110,5,3985103516,0,1,0,0,1,0,32,2,0,42,1,3,3
110,6,1990784222,0,2,0,0,2,1,31,3,31,11,1,4,3
110,7,1654724641,0,3,0,0,2,1,31,5,25,17,0,4,4
110,8,1318665060,0,0,0,0,0,1,31,4,41,1,1,5,4
110,9,129666616,0,1,0,0,3,0,30,5,19,23,0,6,4
110,10,3283253481,0,2,0,0,1,0,31,1,0,42,1,6,5
110,11,2094255037,0,3,0,0,0,1,30,5,29,13,0,6,6
110,12,1758195456,0,0,0,0,2,1,30,3,42,0,1,7,6
111,0,3137936263,0,0,0,0,2,1,30,2,40,2,1,1,0
111,1,2801876682,0,1,0,0,2,1,30,4,41,1,1,2,0
111,2,3859700773,0,2,0,0,2,1,30,4,26,16,0,2,1
111,3,471497807,0,3,0,0,3,0,31,2,0,42,1,2,2
111,4,1529321898,0,0,0,0,0,1,31,2,36,6,1,3,2
111,5,3241407078,0,1,0,0,1,0,32,4,2,40,1,3,3
111,6,4263873,0,2,0,0,0,1,31,2,24,18,0,3,4
111,7,911028203,0,3,0,0,2,1,31,0,20,22,0,3,5
111,8,574968622,0,0,0,0,1,0,30,5,0,42,1,3,6
111,9,1632792713,0,1,0,0,0,1,30,0,40,2,1,4,6
111,10,3344877893,0,2,0,0,3,0,30,2,1,41,1,4,7
112,0,1670174613,0,0,0,0,3,0,30,0,12,30,1,0,1
112,1,3481598680,0,1,0,0,0,1,31,1,24,18,0,0,2
112,2,3634763034,0,2,0,0,0,1,30,0,35,7,1,1,2
112,3,1151219805,0,3,0,0,1,0,30,3,16,26,0,2,2
112,4,2109705009,0,0,0,0,0,1,31,1,42,0,1,3,2
112,5,3921129076,0,1,0,0,2,1,30,9,24,18,0,3,3
112,6,2779748645,0,2,0,0,1,0,32,4,3,39,1,3,4
112,7,1590750201,0,3,0,0,1,0,31,1,12,30,0,4,4
112,8,1254690620,0,0,0,0,2,1,30,4,26,16,0,4,5
112,9,65692176,0,1,0,0,2,1,30,4,14,28,0,4,6
112,10,3219279041,0,2,0,0,0,1,30,1,42,0,1,5,6
112,11,2883219460,0,3,0,0,3,0,31,6,7,35,1,5,7
113,0,3657800859,0,0,0,0,3,0,31,1,12,30,0,1,0
113,1,321318767,0,1,0,0,0,1,31,5,40,2,1,2,0
113,2,3474905632,0,2,0,0,1,0,30,5,6,36,1,2,1
113,3,991362403,0,3,0,0,3,0,31,4,6,36,1,2,2
113,4,4097331255,0,0,0,0,2,1,31,2,36,6,1,3,2
113,5,3761271674,0,1,0,0,0,1,31,4,36,6,1,4,2
113,6,2572273230,0,2,0,0,3,0,30,5,17,25,0,5,2
113,7,1430892799,0,3,0,0,2,1,31,9,30,12,0,5,3
113,8,3676309502,0,2,2,0,0,1,30,3,41,1,1,6,3
113,9,4200802070,0,3,0,0,2,1,31,4,29,13,0,6,4
113,10,3864742489,0,0,0,0,2,1,30,2,42,0,1,7,4
114,0,2190039209,0,0,0,0,0,1,31,5,34,8,1,1,0
114,1,3096803539,0,1,0,0,0,1,31,0,36,6,1,2,0
114,2,1907805095,0,2,0,0,2,1,30,1,29,13,0,2,1
114,3,1571745514,0,3,0,0,1,0,30,3,23,19,0,3,1
114,4,2629569605,0,0,0,0,0,1,31,4,33,9,1,4,1
114,5,2293510024,0,1,0,0,3,0,30,2,18,24,0,5,1
114,6,1052790706,0,2,0,0,1,0,31,0,17,25,0,6,1
114,7,2011275910,0,3,0,0,0,1,30,1,40,2,1,7,1
115,0,1446342771,0,0,0,0,2,1,31,1,42,0,1,1,0
115,1,1110283190,0,1,0,0,2,1,30,1,41,1,1,2,0
115,2,4216252042,0,2,0,0,0,1,30,0,14,28,0,2,1
115,3,3074871611,0,3,0,0,1,0,31,2,1,41,1,2,2
115,4,1885873167,0,0,0,0,1,0,30,2,17,25,0,3,2
115,5,1549813586,0,1,0,0,0,1,31,2,41,1,1,4,2
115,6,360815142,0,2,0,0,1,0,30,5,8,34,1,4,3
115,7,3514402007,0,3,0,0,0,1,30,2,31,11,1,5,3
115,8,3178342426,0,0,0,0,3,0,31,2,7,35,1,5,4
115,9,1989343982,0,1,0,0,2,1,30,4,41,1,1,6,4
115,10,3800768049,0,2,0,0,2,1,30,3,42,0,1,7,4
116,0,4174209530,0,0,0,0,0,1,31,2,40,2,1,1,0
116,1,3838149949,0,1,0,0,2,1,30,4,23,19,0,1,1
116,2,3991314303,0,2,0,0,2,1,31,2,4,38,0,1,2
116,3,1507771074,0,3,0,0,2,1,30,2,36,6,1,2,2
116,4,1171711493,0,0,0,0,0,1,31,0,42,0,1,3,2
116,5,4277680345,0,1,0,0,2,1,30,2,42,0,1,4,2
116,6,3136299914,0,2,0,0,0,1,31,9,25,17,0,4,3
116,7,1947301470,0,3,0,0,1,0,30,6,11,31,1,4,4
116,8,1611241889,0,0,0,0,0,1,32,2,40,2,1,5,4
116,9,422243445,0,1,0,0,1,0,31,1,2,40,1,5,5
116,10,3575830310,0,2,0,0,2,1,31,4,31,11,1,6,5
116,11,3239770729,0,3,0,0,2,1,31,0,42,0,1,7,5
117,0,1966207367,0,0,0,0,0,1,31,2,42,0,1,1,0
117,1,2924692571,0,1,0,0,2,1,30,3,42,0,1,2,0
117,2,3930795788,0,2,0,0,0,1,30,3,30,12,1,3,0
117,3,3594736207,0,3,0,0,3,0,31,1,1,41,1,3,1
117,4,2405737763,0,0,0,0,0,1,32,6,40,2,1,4,1
117,5,2069678182,0,1,0,0,3,0,31,3,21,21,0,5,1
117,6,2222842536,0,2,0,0,1,0,31,2,12,30,0,6,1
117,7,4034266603,0,3,0,0,3,0,31,5,7,35,1,6,2
117,8,3698207022,0,0,0,0,1,0,30,2,11,31,1,6,3
117,9,2509208578,0,1,0,0,3,0,30,5,2,40,1,6,4
117,10,2173148997,0,2,0,0,3,0,30,0,7,35,1,6,5
117,11,178829703,0,3,0,0,3,0,32,0,17,25,0,7,5
118,0,1222510929,0,0,0,0,0,1,31,4,36,6,1,1,0
118,1,2180996133,0,1,0,0,3,0,31,6,23,19,0,2,0
118,2,3992420200,0,2,0,0,2,1,33,5,42,0,1,3,0
118,3,3656360619,0,3,0,0,2,1,31,6,42,0,1,4,0
118,4,1662041325,0,0,0,0,0,1,32,6,42,0,1,5,0
118,5,1325981744,0,1,0,0,0,1,31,4,39,3,1,6,0
118,6,136983300,0,2,0,0,0,1,31,0,24,18,0,6,1
118,7,3715284384,0,0,1,0,0,1,30,2,40,2,1,7,1
119,0,4049716575,0,0,0,0,3,0,30,1,1,41,1,0,1
119,1,3713656994,0,1,0,0,0,1,30,1,41,1,1,1,1
119,2,2524658550,0,2,0,0,3,0,30,2,14,28,0,2,1
119,3,3431422880,0,3,0,0,2,1,31,0,20,22,0,2,2
119,4,194279675,0,0,0,0,0,1,31,2,35,7,1,3,2
119,5,4153187390,0,1,0,0,0,1,30,1,42,0,1,4,2
119,6,1669644161,0,2,0,0,2,1,31,5,24,18,0,4,3
119,7,3870953276,0,3,0,0,3,0,31,5,7,35,1,4,4
119,8,1387410047,0,0,0,0,0,1,31,0,36,6,1,5,4
119,9,297750490,0,1,0,0,0,1,31,2,26,16,0,5,5
119,10,2109174557,0,2,0,0,3,0,30,6,2,40,1,5,6
119,11,2262338911,0,3,0,0,2,1,31,0,28,14,0,5,7
120,0,3306020137,0,0,0,0,0,1,30,1,41,1,1,1,0
120,1,2969960556,0,1,0,0,0,1,32,6,19,23,0,1,1
120,2,1780962112,0,2,0,0,3,0,30,6,13,29,0,2,1
120,3,1444902531,0,3,0,0,2,1,31,4,42,0,1,3,1
120,4,3745550533,0,0,0,0,0,1,31,1,31,11,1,4,1
120,5,3409490952,0,1,0,0,1,0,32,4,0,42,1,4,2
120,6,2220492508,0,2,0,0,1,0,31,4,18,24,0,5,2
120,7,1884432927,0,3,0,0,2,1,31,6,41,1,1,6,2
120,8,743052496,0,0,0,0,2,1,30,0,31,11,1,7,2
121,0,2322758636,0,0,0,0,0,1,31,4,26,16,0,0,1
121,1,1986699055,0,1,0,0,0,1,30,5,36,6,1,1,1
121,2,4287347057,0,2,0,0,1,0,31,1,11,31,1,1,2
121,3,3951287476,0,3,0,0,2,1,31,2,42,0,1,2,2
121,4,2762289032,0,0,0,0,2,1,31,2,42,0,1,3,2
121,5,2426229451,0,1,0,0,1,0,31,0,2,40,1,3,3
121,6,431910157,0,2,0,0,2,1,30,0,29,13,0,3,4
121,7,95850576,0,3,0,0,1,0,30,9,0,42,1,3,5
121,8,3674151660,0,1,1,0,1,0,32,4,18,24,0,4,5
121,9,2865759847,0,2,0,0,2,1,31,4,2,40,0,4,6
121,10,1724379416,0,3,0,0,0,1,30,0,42,0,1,5,6
121,11,535380972,0,0,0,0,2,1,30,4,41,1,1,6,6
121,12,199321391,0,1,0,0,0,1,31,3,31,11,1,7,6
122,0,3825884733,0,0,0,0,0,1,31,5,26,16,0,0,1
122,1,108796010,0,2,1,0,2,1,31,4,34,8,1,1,1
122,2,2300826708,0,3,0,0,2,1,31,4,35,7,1,2,1
122,3,1159446277,0,0,0,0,0,1,31,2,20,22,0,2,2
122,4,4265415129,0,1,0,0,0,1,32,4,23,19,0,2,3
122,5,3929355548,0,2,0,0,3,0,30,6,17,25,0,3,3
122,6,2740357104,0,3,0,0,1,0,31,1,13,29,0,4,3
122,7,2404297523,0,0,0,0,1,0,30,4,2,40,1,4,4
122,8,1262917092,0,1,0,0,3,0,31,4,2,40,1,4,5
122,9,73918648,0,2,0,0,2,1,31,0,31,11,1,5,5
122,10,4032826363,0,3,0,0,2,1,30,5,42,0,1,6,5
122,11,2843827919,0,0,0,0,2,1,30,9,42,0,1,7,5
123,0,111300548,0,0,0,0,3,0,31,5,2,40,1,0,1
123,1,1922724615,0,1,0,0,3,0,31,5,1,41,1,0,2
123,2,2075888969,0,2,0,0,0,1,30,4,41,1,1,1,2
123,3,1359222757,0,0,1,0,0,1,31,9,26,16,0,1,3
123,4,550830944,0,1,0,0,0,1,31,0,42,0,1,2,3
123,5,2362255011,0,2,0,0,0,1,31,2,14,28,0,2,4
123,6,1220874580,0,3,0,0,0,1,30,0,30,12,1,3,4
123,7,2179359784,0,0,0,0,2,1,30,2,13,29,0,3,5
123,8,3990783851,0,1,0,0,3,0,30,0,18,24,0,4,5
123,9,654301759,0,2,0,0,3,0,30,3,7,35,1,4,6
123,10,2465725826,0,3,0,0,3,0,31,2,29,13,0,5,6
123,11,2618890180,0,0,0,0,0,1,31,2,36,6,1,6,6
123,12,135346951,0,1,0,0,3,0,30,0,17,25,0,7,6
124,0,1614426645,0,0,0,0,2,1,30,0,42,0,1,1,0
124,1,1278367064,0,1,0,0,2,1,30,4,28,14,0,1,1
124,2,1756906750,0,3,1,0,2,1,31,3,7,35,0,1,2
124,3,1900792687,0,0,0,0,3,0,31,5,6,36,1,1,3
124,4,2053957041,0,1,0,0,0,1,30,0,20,22,0,1,4
124,5,1717897460,0,2,0,0,1,0,31,5,0,42,1,1,5
124,6,3529321527,0,3,0,0,3,0,33,4,1,41,1,1,6
124,7,192839435,0,0,0,0,1,0,30,5,0,42,1,1,7
125,0,1454569243,0,0,0,0,0,1,30,6,30,12,1,1,0
125,1,265570799,0,1,0,0,3,0,30,9,17,25,0,2,0
125,2,4224478514,0,2,0,0,2,1,32,3,42,0,1,3,0
125,3,1740935285,0,3,0,0,2,1,31,3,42,0,1,4,0
125,4,1894099639,0,0,0,0,0,1,31,4,42,0,1,5,0
125,5,3705523706,0,1,0,0,3,0,31,6,2,40,1,5,1
125,6,369041614,0,2,0,0,0,1,30,5,40,2,1,6,1
125,7,2180465681,0,3,0,0,3,0,32,5,0,42,1,6,2
125,8,2333630035,0,0,0,0,0,1,31,1,31,11,1,7,2
126,0,4182436002,0,0,0,0,1,0,30,3,13,29,0,1,0
126,1,3846376421,0,1,0,0,0,1,30,0,42,0,1,2,0
126,2,2657377977,0,2,0,0,3,0,30,2,1,41,1,2,1
126,3,1515997546,0,3,0,0,2,1,31,6,36,6,1,3,1
126,4,326999102,0,0,0,0,0,1,31,5,24,18,0,3,2
126,5,4285906817,0,1,0,0,0,1,31,2,19,23,0,3,3
126,6,1048763612,0,2,0,0,2,1,30,9,42,0,1,4,3
126,7,1955527942,0,3,0,0,3,0,33,4,2,40,1,4,4
126,8,1238861730,0,1,1,0,0,1,31,4,42,0,1,5,4
126,9,430469917,0,2,0,0,1,0,30,1,13,29,0,6,4
126,10,94410336,0,3,0,0,2,1,31,3,41,1,1,7,4
127,0,1390594803,0,0,0,0,0,1,31,0,31,11,1,1,0
127,1,1054535222,0,1,0,0,3,0,31,6,6,36,1,1,1
127,2,4160504074,0,2,0,0,1,0,31,1,23,19,0,2,1
127,3,3824444493,0,3,0,0,3,0,31,2,6,36,1,2,2
127,4,2635446049,0,0,0,0,1,0,30,4,23,19,0,3,2
127,5,1494065618,0,1,0,0,1,0,30,5,1,41,1,3,3
127,6,305067174,0,2,0,0,0,1,30,4,36,6,1,4,3
127,7,4263974889,0,3,0,0,2,1,30,2,41,1,1,5,3
127,8,3927915308,0,0,0,0,1,0,30,0,3,39,1,5,4
127,9,1933596014,0,1,0,0,1,0,31,1,18,24,0,6,4
127,10,1597536433,0,2,0,0,3,0,30,9,19,23,0,7,4
128,0,1970977914,0,0,0,0,0,1,31,3,34,8,1,1,0
128,1,3782401981,0,1,0,0,2,1,30,0,41,1,1,2,0
128,2,65313258,0,3,1,0,2,1,31,2,25,17,0,2,1
128,3,3218900123,0,1,1,0,3,0,31,2,17,25,0,3,1
128,4,2029901679,0,3,1,0,1,0,30,5,11,31,1,3,2
128,5,2074448729,0,0,0,0,0,1,32,0,31,11,0,3,3
128,6,3505266165,0,2,1,0,1,0,30,1,1,41,1,3,4
128,7,2696874352,0,3,0,0,1,0,30,0,8,34,1,3,5
128,8,1555493921,0,0,0,0,0,1,30,2,23,19,0,3,6
128,9,2513979125,0,1,0,0,2,1,30,5,23,19,0,3,7
129,0,4279424861,0,0,0,0,0,1,31,2,36,6,1,1,0
129,1,3138044430,0,1,0,0,0,1,31,2,36,6,1,2,0
129,2,1949045986,0,2,0,0,2,1,31,4,41,1,1,3,0
129,3,3760470053,0,3,0,0,2,1,31,6,35,7,1,4,0
129,4,423987961,0,0,0,0,0,1,31,5,19,23,0,4,1
129,5,3577574826,0,1,0,0,0,1,31,4,28,14,0,4,2
129,6,1094031597,0,2,0,0,2,1,31,4,29,13,0,4,3
129,7,2052516801,0,3,0,0,1,0,30,4,29,13,0,5,3
129,8,3863940868,0,0,0,0,0,1,31,3,19,23,0,5,4
129,9,4017105222,0,1,0,0,2,1,30,5,30,12,1,6,4
129,10,1533561993,0,2,0,0,2,1,32,4,17,25,0,6,5
129,11,2492047197,0,3,0,0,1,0,30,4,1,41,1,6,6
129,12,3823525746,0,1,1,0,3,0,30,0,16,26,0,7,6
130,0,2490842510,0,0,0,0,0,1,31,5,35,7,1,1,0
130,1,2154782929,0,1,0,0,3,0,31,1,1,41,1,1,1
130,2,965784485,0,2,0,0,2,1,31,2,42,0,1,2,1
130,3,4119371350,0,3,0,0,2,1,31,0,31,11,1,3,1
130,4,2930372906,0,0,0,0,0,1,31,0,26,16,0,3,2
130,5,2594313325,0,1,0,0,0,1,31,4,42,0,1,4,2
130,6,1405314881,0,2,0,0,2,1,30,1,42,0,1,5,2
130,7,263934450,0,3,0,0,3,0,31,1,17,25,0,6,2
130,8,4222842165,0,0,0,0,0,1,31,4,42,0,1,7,2
131,0,1747146072,0,0,0,0,3,0,31,1,0,42,1,0,1
131,1,1411086491,0,1,0,0,0,1,30,9,36,6,1,1,1
131,2,222088047,0,2,0,0,3,0,30,3,7,35,1,1,2
131,3,4180995762,0,3,0,0,3,0,30,1,7,35,1,1,3
131,4,2186676468,0,0,0,0,3,0,30,3,0,42,1,1,4
131,5,1850616887,0,1,0,0,0,1,31,1,39,3,1,2,4
131,6,2908440978,0,2,0,0,0,1,30,0,31,11,1,3,4
131,7,325558862,0,3,0,0,1,0,30,0,18,24,0,4,4
131,8,2136982929,0,0,0,0,2,1,30,9,41,1,1,5,4
131,9,2290147283,0,1,0,0,1,0,31,0,27,15,0,6,4
131,10,1954087702,0,2,0,0,3,0,30,2,0,42,1,6,5
131,11,3011911793,0,3,0,0,0,1,30,2,25,17,0,6,6
131,12,429029677,0,0,0,0,0,1,31,4,29,13,0,6,7
132,0,4055593019,0,0,0,0,2,1,31,4,41,1,1,1,0
132,1,3719533438,0,1,0,0,0,1,31,1,10,32,0,1,1
132,2,1725214144,0,2,0,0,2,1,31,3,24,18,0,1,2
132,3,1389154563,0,3,0,0,0,1,30,0,41,1,1,2,2
132,4,200156119,0,0,0,0,0,1,31,0,36,6,1,3,2
132,5,4159063834,0,1,0,0,0,1,32,4,30,12,0,3,3
132,6,2164744540,0,2,0,0,1,0,30,6,23,19,0,4,3
132,7,1828684959,0,3,0,0,2,1,31,6,42,0,1,5,3
132,8,1492625378,0,0,0,0,3,0,30,6,2,40,1,5,4
132,9,303626934,0,1,0,0,2,1,30,1,19,23,0,5,5
132,10,3457213799,0,2,0,0,2,1,30,5,36,6,1,6,5
132,11,2268215355,0,3,0,0,2,1,31,6,25,17,0,6,6
132,12,1932155774,0,0,0,0,2,1,30,4,20,22,0,6,7
133,0,341008834,0,0,0,0,1,0,30,5,18,24,0,1,0
133,1,1347112051,0,1,0,0,3,0,31,2,11,31,1,1,1
133,2,2305597255,0,2,0,0,1,0,31,9,24,18,0,2,1
133,3,4117021322,0,3,0,0,2,1,30,6,35,7,1,3,1
133,4,780539230,0,0,0,0,2,1,30,1,30,12,1,4,1
133,5,3934126095,0,1,0,0,3,0,31,3,2,40,1,4,2
133,6,1450582866,0,2,0,0,2,1,32,5,20,22,0,4,3
133,7,261584422,0,3,0,0,3,0,32,3,0,42,1,4,4
133,8,4220492137,0,0,0,0,0,1,31,1,30,12,0,4,5
133,9,78689195,0,1,0,0,0,1,31,0,36,6,1,5,5
133,10,1890113262,0,2,0,0,2,1,30,9,42,0,1,6,5
133,11,2848598466,0,3,0,0,2,1,31,3,42,0,1,7,5
134,0,280490319,0,0,0,0,1,0,30,6,0,42,1,0,1
134,1,433654673,0,1,0,0,0,1,31,1,31,11,1,1,1
134,2,97595092,0,2,0,0,1,0,31,0,0,42,1,1,2
134,3,1909019159,0,3,0,0,2,1,31,4,42,0,1,2,2
134,4,720020715,0,0,0,0,0,1,32,2,25,17,0,2,3
134,5,3873607580,0,1,0,0,3,0,30,3,1,41,1,2,4
134,6,537125488,0,2,0,0,2,1,30,6,25,17,0,2,5
134,7,2348549555,0,3,0,0,0,1,30,1,15,27,0,2,6
134,8,3307034759,0,0,0,0,1,0,30,5,1,41,1,2,7
135,0,55552580,0,0,0,0,3,0,31,0,23,19,0,1,0
135,1,4014460295,0,1,0,0,1,0,31,0,18,24,0,2,0
135,2,2825461851,0,2,0,0,0,1,31,3,25,17,0,2,1
135,3,2489402270,0,3,0,0,3,0,31,1,17,25,0,3,1
135,4,495082976,0,0,0,0,0,1,31,2,24,18,0,3,2
135,5,159023395,0,1,0,0,2,1,30,4,42,0,1,4,2
135,6,3264992247,0,2,0,0,2,1,31,0,41,1,1,5,2
135,7,2928932666,0,3,0,0,2,1,31,2,20,22,0,5,3
135,8,1787552235,0,0,0,0,2,1,30,4,13,29,0,5,4
135,9,598553791,0,1,0,0,0,1,32,6,42,0,1,6,4
135,10,262494210,0,2,0,0,2,1,31,3,25,17,0,6,5
135,11,3368463062,0,3,0,0,2,1,31,4,19,23,0,6,6
135,12,2227082631,0,0,0,0,1,0,30,1,0,42,1,6,7
136,0,2363999527,0,0,0,0,2,1,30,9,25,17,0,0,1
136,1,3270763857,0,1,0,0,2,1,30,0,41,1,1,1,1
136,2,2081765413,0,2,0,0,1,0,31,5,0,42,1,1,2
136,3,1745705832,0,3,0,0,1,0,30,4,18,24,0,2,2
136,4,2803529923,0,0,0,0,3,0,32,4,6,36,1,2,3
136,5,2467470342,0,1,0,0,0,1,32,1,25,17,0,2,4
136,6,473151048,0,2,0,0,2,1,31,1,34,8,1,3,4
136,7,2185236228,0,3,0,0,1,0,30,4,1,41,1,3,5
136,8,1849176647,0,0,0,0,0,1,32,0,42,0,1,4,5
136,9,2907000738,0,1,0,0,0,1,31,2,26,16,0,4,6
136,10,3433158437,0,3,1,0,2,1,31,0,42,0,1,5,6
136,11,576621863,0,0,0,0,0,1,31,4,42,0,1,6,6
136,12,2288707043,0,1,0,0,0,1,30,9,42,0,1,7,6
137,0,1620303089,0,0,0,0,0,1,31,3,31,11,1,1,0
137,1,1284243508,0,1,0,0,3,0,31,2,16,26,0,2,0
137,2,95245064,0,2,0,0,1,0,30,4,0,42,1,2,1
137,3,3248831929,0,3,0,0,0,1,30,5,31,11,1,3,1
137,4,2059833485,0,0,0,0,0,1,31,0,26,16,0,3,2
137,5,1723773904,0,1,0,0,1,0,31,0,0,42,1,3,3
137,6,534775460,0,2,0,0,0,1,30,1,40,2,1,4,3
137,7,3688362325,0,3,0,0,0,1,30,2,25,17,0,4,4
137,8,3352302744,0,0,0,0,0,1,31,1,30,12,0,4,5
137,9,2163304300,0,1,0,0,2,1,30,2,36,6,1,5,5
137,10,1827244719,0,2,0,0,2,1,30,1,31,11,1,6,5
137,11,4127892721,0,3,0,0,2,1,31,3,24,18,0,6,6
137,12,3791833140,0,0,0,0,0,1,30,1,24,18,0,6,7
138,0,637041588,0,0,0,0,0,1,31,0,42,0,1,1,0
138,1,790205942,0,1,0,0,2,1,30,6,32,10,1,2,0
138,2,2601630009,0,2,0,0,2,1,31,4,42,0,1,3,0
138,3,2265570428,0,3,0,0,0,1,30,9,25,17,0,3,1
138,4,1076571984,0,0,0,0,0,1,31,2,23,19,0,3,2
138,5,4230158849,0,1,0,0,3,0,30,2,23,19,0,4,2
138,6,893676757,0,2,0,0,2,1,30,4,30,12,1,5,2
138,7,2705100824,0,3,0,0,2,1,31,6,42,0,1,6,2
138,8,2369041243,0,0,0,0,0,1,31,4,30,12,0,6,3
138,9,374721949,0,1,0,0,2,1,30,0,42,0,1,7,3
139,0,2140167685,0,0,0,0,0,1,32,0,13,29,0,0,1
139,1,3098652889,0,1,0,0,0,1,31,4,42,0,1,1,1
139,2,1957272458,0,2,0,0,2,1,31,4,42,0,1,2,1
139,3,3768696525,0,3,0,0,2,1,31,4,42,0,1,3,1
139,4,2579698081,0,0,0,0,0,1,31,5,41,1,1,4,1
139,5,2243638500,0,1,0,0,3,0,31,4,7,35,1,4,2
139,6,2396802854,0,2,0,0,2,1,32,0,34,8,1,5,2
139,7,4208226921,0,3,0,0,2,1,31,4,42,0,1,6,2
139,8,2539282959,0,1,1,0,2,1,30,2,31,11,1,7,2
140,0,2720550796,0,0,0,0,2,1,31,1,42,0,1,1,0
140,1,1579170365,0,1,0,0,3,0,30,4,12,30,1,1,1
140,2,390171921,0,2,0,0,0,1,31,4,26,16,0,1,2
140,3,54112340,0,3,0,0,2,1,31,2,42,0,1,2,2
140,4,3160081192,0,0,0,0,0,1,30,0,36,6,1,3,2
140,5,2018700761,0,1,0,0,1,0,31,4,18,24,0,4,2
140,6,829702317,0,2,0,0,2,1,31,5,30,12,0,4,3
140,7,493642736,0,3,0,0,2,1,32,3,21,21,0,4,4
140,8,2305066803,0,0,0,0,2,1,30,4,36,6,1,5,4
140,9,2077624526,0,2,1,0,2,1,32,4,36,6,1,6,4
140,10,2122171576,0,3,0,0,2,1,31,0,42,0,1,7,4
141,0,4223676893,0,0,0,0,2,1,31,4,33,9,1,1,0
141,1,3887617312,0,1,0,0,3,0,31,3,6,36,1,1,1
141,2,2698618868,0,2,0,0,0,1,30,0,34,8,1,2,1
141,3,3605383198,0,3,0,0,2,1,31,3,42,0,1,3,1
141,4,368239993,0,0,0,0,0,1,31,0,42,0,1,4,1
141,5,32180412,0,1,0,0,2,1,30,1,24,18,0,4,2
141,6,3138149264,0,2,0,0,1,0,30,4,12,30,1,4,3
141,7,4044913594,0,3,0,0,2,1,30,5,42,0,1,5,3
141,8,3708854013,0,0,0,0,0,1,31,3,31,11,1,6,3
141,9,471710808,0,1,0,0,1,0,31,4,0,42,1,6,4
141,10,2283134875,0,2,0,0,0,1,31,5,19,23,0,6,5
141,11,2436299229,0,3,0,0,2,1,31,0,26,16,0,6,6
141,12,2100239648,0,0,0,0,0,1,30,6,17,25,0,6,7
142,0,2435094542,0,0,0,0,2,1,31,0,29,13,0,0,1
142,1,2099034961,0,1,0,0,1,0,30,5,11,31,1,0,2
142,2,910036517,0,2,0,0,2,1,31,5,19,23,0,0,3
142,3,573976936,0,3,0,0,2,1,31,4,34,8,1,1,3
142,4,3679945788,0,0,0,0,2,1,30,2,42,0,1,2,3
142,5,2538565357,0,1,0,0,0,1,30,3,40,2,1,3,3
142,6,1349566913,0,2,0,0,2,1,30,6,42,0,1,4,3
142,7,1013507332,0,3,0,0,2,1,31,0,31,11,1,5,3
142,8,677447751,0,0,0,0,0,1,30,4,36,6,1,6,3
142,9,2978095753,0,1,0,0,3,0,31,5,11,31,1,6,4
142,10,2642036172,0,2,0,0,2,1,31,4,42,0,1,7,4
143,0,2496718954,0,0,0,0,2,1,30,4,31,11,1,1,0
143,1,1407059397,0,1,0,0,0,1,30,4,23,19,0,1,1
143,2,166340079,0,2,0,0,2,1,31,2,35,7,1,2,1
143,3,4125247794,0,3,0,0,2,1,30,5,36,6,1,3,1
143,4,2936249350,0,0,0,0,1,0,30,6,0,42,1,3,2
143,5,2600189769,0,1,0,0,0,1,31,6,41,1,1,4,2
143,6,2753354123,0,2,0,0,2,1,31,4,41,1,1,5,2
143,7,4184171559,0,0,1,0,0,1,31,6,21,21,0,5,3
143,8,4228718609,0,1,0,0,0,1,30,0,23,19,0,5,4
143,9,3039720165,0,2,0,0,1,0,30,2,27,15,0,6,4
143,10,1898339734,0,3,0,0,1,0,31,2,7,35,1,6,5
143,11,709341290,0,0,0,0,3,0,31,1,0,42,1,6,6
143,12,373281709,0,1,0,0,0,1,31,3,7,35,0,6,7
144,0,3999845051,0,0,0,0,0,1,31,6,42,0,1,1,0
144,1,663362959,0,1,0,0,0,1,31,0,8,34,0,1,1
144,2,2474787026,0,2,0,0,0,1,30,4,30,12,1,2,1
144,3,1333406595,0,3,0,0,2,1,32,6,42,0,1,3,1
144,4,2291891799,0,0,0,0,0,1,31,0,41,1,1,4,1
144,5,4103315866,0,1,0,0,2,1,30,2,18,24,0,4,2
144,6,2914317422,0,2,0,0,1,0,31,6,28,14,0,5,2
144,7,2578257841,0,3,0,0,0,1,30,2,42,0,1,6,2
144,8,2731422195,0,0,0,0,0,1,31,0,36,6,1,7,2
145,0,285260866,0,0,0,0,0,1,31,4,30,12,0,0,1
145,1,4244168581,0,1,0,0,1,0,30,5,23,19,0,1,1
145,2,2249849287,0,2,0,0,2,1,31,1,42,0,1,2,1
145,3,1913789706,0,3,0,0,2,1,30,1,23,19,0,2,2
145,4,724791262,0,0,0,0,2,1,30,5,31,11,1,3,2
145,5,388731681,0,1,0,0,0,1,31,3,42,0,1,4,2
145,6,3542318546,0,2,0,0,3,0,30,3,12,30,1,4,3
145,7,2353320102,0,3,0,0,3,0,31,5,11,31,1,4,4
145,8,4164744169,0,0,0,0,2,1,31,9,20,22,0,4,5
145,9,828262077,0,1,0,0,1,0,32,1,17,25,0,5,5
145,10,2639686144,0,2,0,0,2,1,31,1,28,14,0,5,6
145,11,2792850498,0,3,0,0,2,1,30,2,30,12,1,6,6
145,12,309307269,0,0,0,0,1,0,30,3,1,41,1,6,7
146,0,2372225999,0,0,0,0,0,1,31,1,25,17,0,0,1
146,1,1183227555,0,1,0,0,2,1,30,4,42,0,1,1,1
146,2,847167974,0,2,0,0,2,1,31,1,30,12,0,1,2
146,3,3147815976,0,3,0,0,3,0,30,4,0,42,1,1,3
146,4,2811756395,0,0,0,0,1,0,30,2,0,42,1,1,4
146,5,328213166,0,1,0,0,0,1,31,4,41,1,1,2,4
146,6,1286698370,0,2,0,0,0,1,31,4,36,6,1,3,4
146,7,2193462700,0,3,0,0,0,1,30,6,19,23,0,3,5
146,8,3251286791,0,0,0,0,1,0,30,5,1,41,1,3,6
146,9,2915227210,0,1,0,0,1,0,31,5,0,42,1,3,7
147,0,805125462,0,0,0,0,0,1,32,1,36,6,1,1,0
147,1,469065881,0,1,0,0,1,0,31,0,0,42,1,1,1
147,2,2769713883,0,2,0,0,2,1,30,9,24,18,0,1,2
147,3,2433654302,0,3,0,0,2,1,31,6,30,12,0,1,3
147,4,1244655858,0,0,0,0,3,0,31,5,18,24,0,2,3
147,5,908596277,0,1,0,0,1,0,32,2,7,35,1,2,4
147,6,3209244279,0,2,0,0,2,1,32,3,30,12,0,2,5
147,7,2873184698,0,3,0,0,3,0,30,5,14,28,0,3,5
147,8,2537125117,0,0,0,0,0,1,31,2,18,24,0,3,6
147,9,1348126673,0,1,0,0,1,0,31,4,11,31,1,3,7
148,0,61429024,0,0,0,0,0,1,31,4,42,0,1,1,0
148,1,3266736763,0,1,0,0,1,0,32,2,17,25,0,2,0
148,2,2831338295,0,2,0,0,1,0,30,2,6,36,1,2,1
148,3,1689957864,0,3,0,0,0,1,30,6,42,0,1,3,1
148,4,500959420,0,0,0,0,1,0,30,4,9,33,1,3,2
148,5,164899839,0,1,0,0,0,1,31,9,40,2,1,4,2
148,6,1222723930,0,2,0,0,2,1,31,4,18,24,0,4,3
148,7,2129488260,0,3,0,0,2,1,31,6,41,1,1,5,3
148,8,1793428679,0,0,0,0,1,0,30,3,0,42,1,5,4
148,9,604430235,0,1,0,0,2,1,30,9,42,0,1,6,4
148,10,268370654,0,2,0,0,2,1,32,0,42,0,1,7,4
149,0,2888634670,0,0,0,0,0,1,32,4,35,7,1,1,0
149,1,405091441,0,1,0,0,0,1,30,6,19,23,0,1,1
149,2,558255795,0,2,0,0,0,1,31,6,42,0,1,2,1
149,3,222196214,0,3,0,0,0,1,30,5,19,23,0,2,2
149,4,3328165066,0,0,0,0,1,0,30,2,12,30,1,2,3
149,5,2992105485,0,1,0,0,2,1,30,4,35,7,1,3,3
149,6,1751386167,0,2,0,0,1,0,31,0,1,41,1,3,4
149,7,661726610,0,3,0,0,3,0,31,5,7,35,1,3,5
149,8,2473150677,0,0,0,0,2,1,31,4,23,19,0,3,6
149,9,3431635881,0,1,0,0,2,1,30,2,29,13,0,3,7
150,0,2728777268,0,0,0,0,3,0,30,0,15,27,0,1,0
150,1,1539778824,0,1,0,0,0,1,30,9,35,7,1,2,0
150,2,1203719243,0,2,0,0,3,0,30,6,6,36,1,2,1
150,3,2209822460,0,3,0,0,1,0,30,4,14,28,0,3,1
150,4,3168307664,0,0,0,0,1,0,30,1,16,26,0,4,1
150,5,684764435,0,1,0,0,2,1,30,2,25,17,0,4,2
150,6,1643249639,0,2,0,0,2,1,31,2,25,17,0,4,3
150,7,2649352856,0,3,0,0,3,0,30,1,0,42,1,4,4
150,8,3607838060,0,0,0,0,0,1,31,4,18,24,0,4,5
150,9,1124294831,0,1,0,0,0,1,31,6,40,2,1,5,5
150,10,788235250,0,2,0,0,0,1,31,4,29,13,0,5,6
150,11,941399604,0,3,0,0,0,1,30,0,42,0,1,6,6
150,12,2752823671,0,0,0,0,2,1,30,1,36,6,1,7,6
151,0,4231903365,0,0,0,0,2,1,31,5,30,12,0,0,1
151,1,3042904921,0,1,0,0,1,0,30,4,0,42,1,0,2
151,2,2706845340,0,2,0,0,2,1,31,4,25,17,0,0,3
151,3,1517846896,0,3,0,0,0,1,30,4,30,12,1,1,3
151,4,376466465,0,0,0,0,0,1,31,4,34,8,1,2,3
151,5,2187890532,0,1,0,0,2,1,30,0,42,0,1,3,3
151,6,3146375736,0,2,0,0,2,1,31,4,24,18,0,3,4
151,7,662832507,0,3,0,0,0,1,30,3,23,19,0,3,5
151,8,815996861,0,0,0,0,0,1,30,0,39,3,1,4,5
151,9,479937280,0,1,0,0,0,1,30,2,41,1,1,5,5
151,10,2291361347,0,2,0,0,2,1,31,4,42,0,1,6,5
151,11,1102362903,0,3,0,0,1,0,31,5,13,29,0,7,5
152,0,2664802828,0,0,0,0,2,1,30,3,18,24,0,0,1
152,1,2328743247,0,1,0,0,1,0,32,2,2,40,1,0,2
152,2,1139744803,0,2,0,0,0,1,30,4,29,13,0,0,3
152,3,4293331668,0,3,0,0,3,0,30,6,3,39,1,0,4
152,4,3104333224,0,0,0,0,0,1,32,0,33,9,1,1,4
152,5,2768273643,0,1,0,0,3,0,30,2,1,41,1,1,5
152,6,1579275199,0,2,0,0,3,0,30,6,17,25,0,2,5
152,7,437894768,0,3,0,0,1,0,31,1,0,42,1,2,6
152,8,101835187,0,0,0,0,0,1,30,0,29,13,0,2,7
153,0,1921106390,0,0,0,0,0,1,31,0,24,18,0,0,1
153,1,831446833,0,1,0,0,1,0,30,4,0,42,1,0,2
153,2,396048365,0,2,0,0,3,0,30,4,13,29,0,1,2
153,3,3974349449,0,0,1,0,0,1,30,0,42,0,1,2,2
153,4,2360636786,0,1,0,0,3,0,31,4,24,18,0,3,2
153,5,2024577205,0,2,0,0,1,0,31,4,6,36,1,3,3
153,6,2602455778,0,0,1,0,3,0,31,3,0,42,1,3,4
153,7,499519180,0,1,0,0,2,1,30,0,30,12,1,4,4
153,8,163459599,0,2,0,0,0,1,30,6,35,7,1,5,4
153,9,2464107601,0,3,0,0,2,1,31,3,31,11,1,6,4
153,10,2128048020,0,0,0,0,0,1,31,0,42,0,1,7,4
154,0,453344740,0,0,0,0,0,1,31,4,41,1,1,1,0
154,1,2264768807,0,1,0,0,0,1,31,9,31,11,1,2,0
154,2,3223254011,0,2,0,0,0,1,30,6,36,6,1,3,0
154,3,3749411710,0,0,1,0,3,0,31,4,6,36,1,3,1
154,4,892875136,0,1,0,0,0,1,31,1,33,9,1,4,1
154,5,556815555,0,2,0,0,0,1,30,4,20,22,0,4,2
154,6,2368239622,0,3,0,0,0,1,30,4,42,0,1,5,2
154,7,2521403976,0,0,0,0,0,1,31,1,20,22,0,5,3
154,8,37860747,0,1,0,0,3,0,31,1,1,41,1,5,4
154,9,996345951,0,2,0,0,1,0,30,3,1,41,1,5,5
154,10,2807770018,0,3,0,0,0,1,30,3,26,16,0,5,6
154,11,1618771574,0,0,0,0,0,1,31,6,36,6,1,6,6
154,12,477391143,0,1,0,0,1,0,31,5,18,24,0,7,6
155,0,4207848003,0,1,1,0,2,1,30,1,36,6,1,1,0
155,1,3399456190,0,2,0,0,3,0,30,2,0,42,1,1,1
155,2,3063396609,0,3,0,0,1,0,31,5,12,30,0,2,1
155,3,579853380,0,0,0,0,2,1,31,6,35,7,1,3,1
155,4,733017734,0,1,0,0,1,0,32,4,0,42,1,3,2
155,5,2544441801,0,2,0,0,0,1,31,0,19,23,0,3,3
155,6,3502927005,0,3,0,0,2,1,31,4,36,6,1,4,3
155,7,1019383776,0,0,0,0,1,0,30,2,11,31,1,4,4
155,8,1172548130,0,1,0,0,3,0,31,5,0,42,1,4,5
155,9,2983972197,0,2,0,0,0,1,31,1,35,7,1,5,5
155,10,2647912616,0,3,0,0,2,1,30,3,25,17,0,5,6
155,11,1458914172,0,0,0,0,2,1,30,0,35,7,1,6,6
155,12,317533741,0,1,0,0,1,0,31,1,2,40,1,6,7
156,0,2601934285,0,0,0,0,0,1,32,5,41,1,1,1,0
156,1,607614991,0,1,0,0,1,0,31,4,1,41,1,1,1
156,2,271555410,0,2,0,0,0,1,30,1,24,18,0,1,2
156,3,3377524262,0,3,0,0,3,0,30,2,18,24,0,2,2
156,4,3041464681,0,0,0,0,0,1,31,5,19,23,0,2,3
156,5,4047567898,0,1,0,0,1,0,32,4,2,40,1,2,4
156,6,711085806,0,2,0,0,2,1,31,1,39,3,1,3,4
156,7,2522509873,0,3,0,0,2,1,30,0,21,21,0,3,5
156,8,3480995077,0,0,0,0,0,1,31,0,42,0,1,4,5
156,9,2339614646,0,1,0,0,2,1,30,3,18,24,0,4,6
156,10,4151038713,0,2,0,0,2,1,31,1,14,28,0,4,7
157,0,229512898,0,0,0,0,2,1,31,4,25,17,0,0,1
157,1,4188420613,0,1,0,0,1,0,31,0,29,13,0,1,1
157,2,2999422169,0,2,0,0,1,0,31,3,6,36,1,1,2
157,3,2663362588,0,3,0,0,1,0,30,5,0,42,1,1,3
157,4,669043294,0,0,0,0,0,1,31,2,21,21,0,1,4
157,5,332983713,0,1,0,0,2,1,30,4,36,6,1,2,4
157,6,3438952565,0,2,0,0,0,1,31,4,42,0,1,3,4
157,7,3102892984,0,3,0,0,3,0,30,1,11,31,1,3,5
157,8,1961512553,0,0,0,0,2,1,31,3,25,17,0,3,6
157,9,772514109,0,1,0,0,0,1,31,4,42,0,1,4,6
157,10,436454528,0,2,0,0,1,0,30,4,0,42,1,4,7
158,0,2537959845,0,0,0,0,0,1,31,6,31,11,1,1,0
158,1,2691124199,0,1,0,0,0,1,31,4,26,16,0,1,1
158,2,207580970,0,2,0,0,0,1,31,4,41,1,1,2,1
158,3,1919666150,0,3,0,0,1,0,30,5,13,29,0,3,1
158,4,2977490241,0,0,0,0,0,1,31,4,25,17,0,3,2
158,5,2641430660,0,1,0,0,3,0,31,0,0,42,1,3,3
158,6,647111366,0,2,0,0,0,1,31,4,40,2,1,4,3
158,7,311051785,0,3,0,0,2,1,31,4,26,16,0,4,4
158,8,2023136965,0,0,0,0,1,0,30,6,0,42,1,4,5
158,9,3080961056,0,1,0,0,0,1,32,3,35,7,1,5,5
158,10,3987725386,0,2,0,0,3,0,30,1,19,23,0,6,5
158,11,750582181,0,3,0,0,2,1,31,0,41,1,1,7,5
159,0,2896861142,0,0,0,0,0,1,31,1,31,11,1,1,0
159,1,1707862698,0,1,0,0,2,1,30,3,30,12,1,2,0
159,2,3519286765,0,2,0,0,1,0,31,5,17,25,0,3,0
159,3,131083799,0,3,0,0,3,0,32,4,6,36,1,3,1
159,4,3336391538,0,0,0,0,2,1,31,3,20,22,0,3,2
159,5,852848309,0,1,0,0,1,0,32,5,0,42,1,3,3
159,6,3958817161,0,2,0,0,0,1,30,3,42,0,1,4,3
159,7,3622757580,0,3,0,0,3,0,31,4,19,23,0,5,3
159,8,3775921934,0,0,0,0,1,0,30,5,18,24,0,6,3
159,9,1292378705,0,1,0,0,0,1,31,6,36,6,1,7,3
160,0,811001906,0,0,0,0,2,1,30,4,34,8,1,1,0
160,1,964166260,0,1,0,0,0,1,31,9,36,6,1,2,0
160,2,628106679,0,2,0,0,0,1,30,3,42,0,1,3,0
160,3,2439530746,0,3,0,0,2,1,31,4,25,17,0,3,1
160,4,1250532302,0,0,0,0,0,1,31,0,30,12,0,3,2
160,5,109151871,0,1,0,0,3,0,31,0,21,21,0,4,2
160,6,1067637075,0,2,0,0,2,1,31,1,35,7,1,5,2
160,7,2879061142,0,3,0,0,1,0,30,3,1,41,1,5,3
160,8,3837546346,0,0,0,0,2,1,30,9,18,24,0,5,4
160,9,548682267,0,1,0,0,0,1,31,1,42,0,1,6,4
160,10,212622686,0,2,0,0,0,1,30,5,20,22,0,6,5
160,11,3318591538,0,3,0,0,0,1,30,5,42,0,1,7,5
161,0,586064167,0,0,0,0,1,0,30,4,12,30,1,0,1
161,1,250004586,0,1,0,0,1,0,32,1,22,20,0,1,1
161,2,1307828677,0,2,0,0,3,0,30,2,0,42,1,1,2
161,3,971769096,0,3,0,0,3,0,30,5,12,30,1,1,3
161,4,1025594563,0,0,0,0,0,1,31,9,29,13,0,1,4
161,5,689534982,0,1,0,0,3,0,30,4,12,30,1,1,5
161,6,1747359073,0,2,0,0,2,1,31,4,21,21,0,1,6
161,7,1411299492,0,3,0,0,2,1,31,5,36,6,1,2,6
161,8,2318063822,0,0,0,0,0,1,31,4,40,2,1,3,6
161,9,3375887913,0,1,0,0,0,1,31,4,34,8,1,4,6
161,10,793005797,0,2,0,0,1,0,31,5,12,30,0,5,6
161,11,1850829888,0,3,0,0,2,1,31,0,30,12,0,5,7
162,0,2894511114,0,0,0,0,2,1,30,2,41,1,1,1,0
162,1,1753130683,0,1,0,0,1,0,30,4,1,41,1,1,1
162,2,564132239,0,2,0,0,2,1,32,1,42,0,1,2,1
162,3,4142433323,0,0,1,0,0,1,32,5,35,7,1,3,1
162,4,3334041510,0,1,0,0,2,1,30,5,35,7,1,4,1
162,5,2192661079,0,2,0,0,2,1,31,5,36,6,1,5,1
162,6,1003662635,0,3,0,0,2,1,32,3,42,0,1,6,1
162,7,667603054,0,0,0,0,0,1,31,4,39,3,1,7,1
163,0,686508951,0,0,0,0,1,0,30,2,28,14,0,1,0
163,1,3792477803,0,1,0,0,0,1,32,5,36,6,1,2,0
163,2,404274837,0,2,0,0,0,1,30,3,42,0,1,3,0
163,3,3129637058,0,0,1,0,3,0,30,6,6,36,1,3,1
163,4,1126039347,0,1,0,0,3,0,30,0,16,26,0,4,1
163,5,789979766,0,2,0,0,1,0,30,6,0,42,1,4,2
163,6,843805233,0,3,0,0,2,1,30,0,42,0,1,5,2
163,7,507745652,0,0,0,0,2,1,30,5,29,13,0,5,3
163,8,1565569743,0,1,0,0,0,1,31,0,25,17,0,5,4
163,9,1229510162,0,2,0,0,2,1,31,0,24,18,0,5,5
163,10,3530158164,0,3,0,0,2,1,30,2,30,12,1,6,5
163,11,947276048,0,0,0,0,1,0,30,6,18,24,0,7,5
164,0,3414375710,0,0,0,0,2,1,31,2,36,6,1,1,0
164,1,3567540064,0,1,0,0,3,0,31,0,6,36,1,1,1
164,2,1083996835,0,2,0,0,0,1,30,4,30,12,1,2,1
164,3,747937254,0,3,0,0,3,0,32,4,22,20,0,3,1
164,4,3853906106,0,0,0,0,0,1,32,0,42,0,1,4,1
164,5,2712525675,0,1,0,0,1,0,30,1,13,29,0,5,1
164,6,3671010879,0,2,0,0,2,1,32,2,36,6,1,6,1
164,7,1187467650,0,3,0,0,2,1,30,5,35,7,1,7,1
165,0,2670679272,0,0,0,0,3,0,31,6,1,41,1,0,1
165,1,1581019715,0,1,0,0,2,1,30,4,18,24,0,0,2
165,2,2487784045,0,2,0,0,2,1,31,6,42,0,1,1,2
165,3,4240816,0,3,0,0,1,0,30,2,16,26,0,2,2
165,4,3110209668,0,0,0,0,3,0,31,3,0,42,1,2,3
165,5,2774150087,0,1,0,0,2,1,30,6,13,29,0,2,4
165,6,2927314441,0,2,0,0,3,0,30,3,17,25,0,3,4
165,7,443771212,0,3,0,0,1,0,30,1,19,23,0,4,4
165,8,1402256416,0,0,0,0,0,1,31,3,36,6,1,5,4
165,9,3213680483,0,1,0,0,2,1,30,5,35,7,1,6,4
165,10,2072300052,0,2,0,0,2,1,30,5,35,7,1,7,4
166,0,1202917622,0,0,0,0,0,1,31,2,13,29,0,0,1
166,1,2109681952,0,1,0,0,1,0,30,1,17,25,0,1,1
166,2,3167506043,0,2,0,0,3,0,30,3,11,31,1,1,2
166,3,2831446462,0,3,0,0,1,0,31,9,13,29,0,2,2
166,4,1642448018,0,0,0,0,0,1,31,4,42,0,1,3,2
166,5,2549212348,0,1,0,0,2,1,30,6,42,0,1,4,2
166,6,3607036439,0,2,0,0,0,1,30,6,35,7,1,5,2
166,7,3270976858,0,3,0,0,3,0,32,1,6,36,1,5,3
166,8,787433629,0,0,0,0,2,1,30,6,35,7,1,6,3
166,9,940597983,0,1,0,0,0,1,31,0,42,0,1,7,3
167,0,1043060220,0,0,0,0,1,0,30,4,0,42,1,0,1
167,1,3343708222,0,1,0,0,0,1,31,4,14,28,0,0,2
167,2,3007648641,0,2,0,0,3,0,30,1,0,42,1,0,3
167,3,1818650197,0,3,0,0,1,0,31,4,13,29,0,1,3
167,4,1482590616,0,0,0,0,3,0,31,3,16,26,0,2,3
167,5,3294014683,0,1,0,0,1,0,30,1,1,41,1,2,4
167,6,3447179037,0,2,0,0,2,1,31,3,29,13,0,2,5
167,7,3111119456,0,3,0,0,3,0,31,3,7,35,1,2,6
167,8,1922121012,0,0,0,0,2,1,31,0,41,1,1,3,6
167,9,3733545079,0,1,0,0,3,0,31,5,7,35,1,3,7
168,0,2965606129,0,0,0,0,3,0,30,1,0,42,1,0,1
168,1,3924091333,0,1,0,0,0,1,32,5,28,14,0,0,2
168,2,1440548104,0,2,0,0,0,1,30,2,35,7,1,1,2
168,3,1104488523,0,3,0,0,3,0,31,5,0,42,1,1,3
168,4,877046246,0,1,1,0,3,0,31,0,12,30,0,2,3
168,5,3069076944,0,2,0,0,1,0,31,3,7,35,1,2,4
168,6,1880078500,0,3,0,0,2,1,31,0,31,11,1,3,4
168,7,1544018919,0,0,0,0,0,1,32,4,19,23,0,3,5
168,8,1207959338,0,1,0,0,1,0,31,1,1,41,1,3,6
168,9,3508607340,0,2,0,0,2,1,31,5,42,0,1,4,6
168,10,3172547759,0,3,0,0,1,0,30,2,12,30,1,4,7
169,0,979085780,0,0,0,0,0,1,32,3,42,0,1,1,0
169,1,1937570984,0,1,0,0,0,1,31,0,35,7,1,2,0
169,2,2943674201,0,2,0,0,0,1,30,4,30,12,1,3,0
169,3,2607614620,0,3,0,0,3,0,31,5,2,40,1,3,1
169,4,1418616176,0,0,0,0,1,0,30,1,2,40,1,3,2
169,5,1082556595,0,1,0,0,1,0,31,5,19,23,0,4,2
169,6,1235720949,0,2,0,0,2,1,30,4,34,8,1,5,2
169,7,3047145016,0,3,0,0,2,1,31,5,29,13,0,5,3
169,8,1858146572,0,0,0,0,2,1,31,4,30,12,0,5,4
169,9,1522086991,0,1,0,0,0,1,32,2,35,7,1,6,4
169,10,380706560,0,2,0,0,3,0,30,1,24,18,0,7,4
170,0,235389342,0,0,0,0,0,1,31,3,40,2,1,1,0
170,1,3440697081,0,1,0,0,3,0,31,4,0,42,1,1,1
170,2,957153852,0,2,0,0,2,1,31,0,31,11,1,2,1
170,3,1863918182,0,3,0,0,0,1,30,6,36,6,1,3,1
170,4,2822403386,0,0,0,0,0,1,30,6,42,0,1,4,1
170,5,338860157,0,1,0,0,0,1,31,1,24,18,0,4,2
170,6,1396684248,0,2,0,0,2,1,31,2,41,1,1,5,2
170,7,2303448578,0,3,0,0,2,1,31,4,30,12,0,5,3
170,8,3261933782,0,0,0,0,1,0,30,1,11,31,1,5,4
170,9,778390553,0,1,0,0,0,1,31,6,42,0,1,6,4
170,10,442330972,0,2,0,0,1,0,30,1,12,30,1,6,5
170,11,1500155063,0,3,0,0,1,0,30,3,0,42,1,6,6
170,12,2406919393,0,0,0,0,2,1,30,0,42,0,1,7,6
171,0,3646434024,0,0,0,0,2,1,30,4,41,1,1,1,0
171,1,1652114730,0,1,0,0,0,1,31,2,34,8,1,2,0
171,2,1316055149,0,2,0,0,2,1,31,5,24,18,0,2,1
171,3,127056705,0,3,0,0,0,1,30,0,31,11,1,3,1
171,4,4085964420,0,0,0,0,0,1,31,9,36,6,1,4,1
171,5,697761454,0,1,0,0,1,0,32,4,0,42,1,4,2
171,6,1755585545,0,2,0,0,2,1,31,9,29,13,0,4,3
171,7,3567009612,0,3,0,0,0,1,30,9,41,1,1,5,3
171,8,230527520,0,0,0,0,0,1,31,5,42,0,1,6,3
171,9,1137291850,0,1,0,0,0,1,31,4,30,12,0,6,4
171,10,2948715917,0,2,0,0,3,0,30,6,27,15,0,7,4
172,0,2902737586,0,0,0,0,2,1,30,4,30,12,1,1,0
172,1,1713739142,0,1,0,0,3,0,30,0,24,18,0,2,0
172,2,1377679561,0,2,0,0,2,1,31,0,42,0,1,3,0
172,3,3678327563,0,3,0,0,2,1,31,4,28,14,0,3,1
172,4,3342267982,0,0,0,0,1,0,30,2,0,42,1,3,2
172,5,858724753,0,1,0,0,3,0,30,0,1,41,1,3,3
172,6,1817209957,0,2,0,0,3,0,30,4,2,40,1,3,4
172,7,675829526,0,3,0,0,3,0,31,4,23,19,0,4,4
172,8,3401191747,0,1,1,0,0,1,31,3,42,0,1,5,4
172,9,3445738797,0,2,0,0,1,0,31,4,13,29,0,6,4
172,10,2256740353,0,3,0,0,0,1,30,5,41,1,1,7,4
173,0,955030418,0,1,1,0,0,1,31,6,42,0,1,1,0
173,1,1488801403,0,2,0,0,2,1,31,6,28,14,0,1,1
173,2,3300225470,0,3,0,0,3,0,32,4,20,22,0,2,1
173,3,2964165889,0,0,0,0,0,1,31,4,30,12,0,2,2
173,4,1775167445,0,1,0,0,0,1,30,0,30,12,1,3,2
173,5,1439107864,0,2,0,0,1,0,30,6,17,25,0,4,2
173,6,3739755866,0,3,0,0,2,1,31,6,35,7,1,5,2
173,7,3403696285,0,0,0,0,0,1,31,9,41,1,1,6,2
173,8,3067636704,0,1,0,0,3,0,31,1,6,36,1,6,3
173,9,4125460795,0,2,0,0,0,1,30,2,30,12,1,7,3
174,0,2838763146,0,0,0,0,0,1,31,6,24,18,0,0,1
174,1,3416641719,0,2,1,0,1,0,31,0,0,42,1,0,2
174,2,1313705121,0,3,0,0,3,0,31,3,0,42,1,0,3
174,3,172324690,0,0,0,0,0,1,30,6,25,17,0,0,4
174,4,3278293542,0,1,0,0,3,0,31,2,17,25,0,1,4
174,5,2942233961,0,2,0,0,0,1,30,1,20,22,0,1,5
174,6,1753235517,0,3,0,0,2,1,30,5,42,0,1,2,5
174,7,611855086,0,0,0,0,0,1,31,6,34,8,1,3,5
174,8,3717823938,0,1,0,0,1,0,31,1,25,17,0,4,5
174,9,3381764357,0,2,0,0,0,1,31,2,42,0,1,5,5
174,10,3045704776,0,3,0,0,2,1,31,1,25,17,0,5,6
174,11,1051385482,0,0,0,0,3,0,31,4,8,34,1,5,7
175,0,1855501645,0,0,0,0,0,1,31,1,13,29,0,0,1
175,1,2008665999,0,1,0,0,2,1,30,1,7,35,0,0,2
175,2,1672606418,0,2,0,0,2,1,31,5,42,0,1,1,2
175,3,3484030485,0,3,0,0,2,1,30,2,9,33,0,1,3
175,4,147548393,0,0,0,0,0,1,31,6,19,23,0,1,4
175,5,1153651610,0,1,0,0,1,0,31,6,24,18,0,2,4
175,6,2112136814,0,2,0,0,2,1,31,4,24,18,0,2,5
175,7,3923560881,0,3,0,0,3,0,32,6,0,42,1,2,6
175,8,587078789,0,0,0,0,0,1,32,4,41,1,1,3,6
175,9,3740665654,0,1,0,0,3,0,30,5,0,42,1,3,7
176,0,1211144094,0,0,0,0,2,1,31,0,42,0,1,1,0
176,1,22145650,0,1,0,0,0,1,30,5,42,0,1,2,0
176,2,3175732515,0,2,0,0,3,0,30,3,22,20,0,3,0
176,3,1986734071,0,3,0,0,3,0,30,1,1,41,1,3,1
176,4,1650674490,0,0,0,0,0,1,32,0,41,1,1,4,1
176,5,3462098557,0,1,0,0,1,0,33,3,11,31,0,5,1
176,6,3615262911,0,2,0,0,0,1,31,0,26,16,0,5,2
176,7,1131719682,0,3,0,0,0,1,30,3,42,0,1,6,2
176,8,3757743016,0,1,1,0,0,1,31,2,30,12,0,6,3
176,9,3901628953,0,2,0,0,2,1,30,4,31,11,1,7,3
177,0,467447656,0,0,0,0,3,0,30,0,34,8,0,1,0
177,1,3573416508,0,1,0,0,1,0,31,5,13,29,0,2,0
177,2,3237356927,0,2,0,0,2,1,31,0,25,17,0,2,1
177,3,2048358483,0,3,0,0,2,1,31,6,35,7,1,3,1
177,4,906978052,0,0,0,0,0,1,31,1,30,12,0,3,2
177,5,2718402119,0,1,0,0,2,1,30,5,31,11,1,4,2
177,6,3676887323,0,2,0,0,2,1,32,3,29,13,0,4,3
177,7,1193344094,0,3,0,0,2,1,31,2,42,0,1,5,3
177,8,1346508448,0,0,0,0,1,0,30,1,30,12,0,6,3
177,9,1010448867,0,1,0,0,1,0,32,5,6,36,1,6,4
177,10,4116417719,0,2,0,0,2,1,31,6,42,0,1,7,4
178,0,3195314415,0,0,0,0,0,1,31,9,42,0,1,1,0
178,1,4253138506,0,1,0,0,2,1,30,4,42,0,1,2,0
178,2,3917078925,0,2,0,0,0,1,30,3,40,2,1,3,0
178,3,528875959,0,3,0,0,2,1,32,4,34,8,1,4,0
178,4,1586700050,0,0,0,0,0,1,31,0,25,17,0,4,1
178,5,3298785230,0,1,0,0,0,1,32,3,42,0,1,5,1
178,6,61642025,0,2,0,0,2,1,31,6,39,3,1,6,1
178,7,968406355,0,3,0,0,2,1,30,2,42,0,1,7,1
179,0,403473216,0,0,0,0,2,1,30,4,42,0,1,1,0
179,1,1361958420,0,1,0,0,0,1,30,1,40,2,1,2,0
179,2,3173382487,0,2,0,0,2,1,31,1,36,6,1,3,0
179,3,2837322906,0,3,0,0,3,0,31,1,7,35,1,3,1
179,4,843003612,0,0,0,0,3,0,31,5,7,35,1,3,2
179,5,126337400,0,2,1,0,2,1,32,5,35,7,1,4,2
179,6,3612912883,0,3,0,0,2,1,31,2,35,7,1,5,2
179,7,3276853302,0,0,0,0,0,1,31,1,25,17,0,5,3
179,8,1282534008,0,1,0,0,3,0,31,4,1,41,1,5,4
179,9,946474427,0,2,0,0,1,0,30,5,7,35,1,5,5
179,10,610414846,0,3,0,0,1,0,31,6,0,42,1,5,6
179,11,3335777067,0,1,1,0,0,1,31,2,42,0,1,6,6
179,12,2575003267,0,2,0,0,3,0,30,4,12,30,1,6,7
180,0,1567695363,0,0,0,0,3,0,31,5,11,31,1,0,1
180,1,378696919,0,1,0,0,0,1,31,1,28,14,0,0,2
180,2,3532283784,0,2,0,0,2,1,31,0,40,2,1,1,2
180,3,1048740555,0,3,0,0,3,0,31,1,7,35,1,1,3
180,4,2007225759,0,0,0,0,0,1,31,3,29,13,0,1,4
180,5,3818649826,0,1,0,0,0,1,30,3,35,7,1,2,4
180,6,3971814180,0,2,0,0,0,1,30,4,18,24,0,2,5
180,7,1488270951,0,3,0,0,2,1,32,1,42,0,1,3,5
180,8,2446756155,0,0,0,0,2,1,30,3,39,3,1,4,5
180,9,4258180222,0,1,0,0,0,1,31,6,41,1,1,5,5
180,10,3116799791,0,2,0,0,2,1,31,3,25,17,0,5,6
180,11,1927801347,0,3,0,0,2,1,30,9,35,7,1,6,6
180,12,1591741766,0,0,0,0,0,1,31,4,35,7,1,7,6
181,0,3070821460,0,0,0,0,2,1,30,4,25,17,0,0,1
181,1,1881823016,0,1,0,0,3,0,30,6,18,24,0,1,1
181,2,1545763435,0,2,0,0,1,0,31,5,6,36,1,1,2
181,3,2551866652,0,3,0,0,2,1,31,5,30,12,0,1,3
181,4,3510351856,0,0,0,0,2,1,31,3,36,6,1,2,3
181,5,1026808627,0,1,0,0,0,1,31,3,41,1,1,3,3
181,6,3652831961,0,3,1,0,3,0,31,5,7,35,1,3,4
181,7,3796717898,0,0,0,0,3,0,32,6,11,31,0,4,4
181,8,3949882252,0,1,0,0,2,1,30,3,15,27,0,4,5
181,9,1466339023,0,2,0,0,0,1,30,0,30,12,1,5,5
181,10,1130279442,0,3,0,0,1,0,31,0,18,24,0,6,5
181,11,4236248294,0,0,0,0,3,0,30,1,0,42,1,6,6
181,12,3094867863,0,1,0,0,1,0,31,4,2,40,1,6,7
182,0,3132445872,0,0,0,0,0,1,32,5,36,6,1,1,0
182,1,1138126578,0,1,0,0,1,0,31,6,11,31,1,1,1
182,2,802066997,0,2,0,0,0,1,31,3,25,17,0,1,2
182,3,3908035849,0,3,0,0,2,1,31,2,25,17,0,1,3
182,4,3571976268,0,0,0,0,1,0,30,3,0,42,1,1,4
182,5,283112189,0,1,0,0,0,1,31,9,42,0,1,2,4
182,6,1241597393,0,2,0,0,2,1,31,6,42,0,1,3,4
182,7,3053021460,0,3,0,0,1,0,30,2,11,31,1,3,5
182,8,4011506664,0,0,0,0,0,1,32,5,42,0,1,4,5
182,9,2870126233,0,1,0,0,0,1,30,1,42,0,1,5,5
182,10,386583004,0,2,0,0,2,1,31,4,41,1,1,6,5
182,11,3492551856,0,3,0,0,1,0,30,5,0,42,1,6,6
182,12,3156492275,0,0,0,0,3,0,31,3,0,42,1,6,7
183,0,760024485,0,0,0,0,3,0,31,6,6,36,1,0,1
183,1,3965332224,0,1,0,0,1,0,31,3,0,42,1,0,2
183,2,1481788995,0,2,0,0,2,1,31,2,36,6,1,1,2
183,3,1145729414,0,3,0,0,3,0,30,2,0,42,1,1,3
183,4,3446377416,0,0,0,0,0,1,31,3,24,18,0,1,4
183,5,863495300,0,1,0,0,3,0,30,1,7,35,1,1,5
183,6,1921319391,0,2,0,0,2,1,31,9,42,0,1,2,5
183,7,1585259810,0,3,0,0,3,0,31,2,0,42,1,2,6
183,8,2492024140,0,0,0,0,3,0,30,5,12,30,1,2,7
184,0,2846989618,0,0,0,0,3,0,31,2,22,20,0,1,0
184,1,1657991174,0,1,0,0,0,1,31,1,41,1,1,2,0
184,2,1321931593,0,2,0,0,0,1,30,5,25,17,0,2,1
184,3,132933149,0,3,0,0,3,0,31,1,11,31,1,2,2
184,4,3286520014,0,0,0,0,0,1,30,6,24,18,0,2,3
184,5,2950460433,0,1,0,0,0,1,30,5,42,0,1,3,3
184,6,1761461989,0,2,0,0,0,1,30,4,41,1,1,4,3
184,7,1425402408,0,3,0,0,3,0,31,1,12,30,0,5,3
184,8,236403964,0,0,0,0,1,0,30,1,14,28,0,6,3
184,9,3389990829,0,1,0,0,3,0,30,5,0,42,1,6,4
184,10,2200992385,0,2,0,0,1,0,30,4,17,25,0,7,4
185,0,3427372729,0,0,0,0,3,0,30,4,13,29,0,1,0
185,1,2238374285,0,1,0,0,3,0,30,2,12,30,1,1,1
185,2,4049798352,0,2,0,0,2,1,32,5,42,0,1,2,1
185,3,2908417921,0,3,0,0,3,0,32,5,0,42,1,2,2
185,4,3866903125,0,0,0,0,2,1,30,6,23,19,0,2,3
185,5,1383359896,0,1,0,0,0,1,31,3,31,11,1,3,3
185,6,194361452,0,2,0,0,2,1,31,2,35,7,1,4,3
185,7,3347948317,0,3,0,0,3,0,31,4,6,36,1,4,4
185,8,11466225,0,0,0,0,3,0,31,6,1,41,1,4,5
185,9,1822890292,0,1,0,0,3,0,30,4,0,42,1,4,6
185,10,1106224080,0,3,1,0,2,1,31,0,24,18,0,4,7
186,0,3588336028,0,0,0,0,0,1,32,4,41,1,1,1,0
186,1,3741500382,0,1,0,0,0,1,31,6,24,18,0,1,1
186,2,3405440801,0,2,0,0,1,0,30,3,17,25,0,2,1
186,3,921897572,0,3,0,0,3,0,30,5,0,42,1,2,2
186,4,1499776145,0,1,1,0,0,1,31,0,39,3,1,3,2
186,5,2886485993,0,2,0,0,1,0,31,3,7,35,1,3,3
186,6,3844971197,0,3,0,0,2,1,30,1,31,11,1,4,3
186,7,1361427968,0,0,0,0,2,1,31,2,34,8,1,5,3
186,8,2319913172,0,1,0,0,3,0,31,3,2,40,1,5,4
186,9,3326016389,0,2,0,0,2,1,31,3,42,0,1,6,4
186,10,2989956808,0,3,0,0,2,1,31,4,42,0,1,7,4
187,0,3363398289,0,0,0,0,0,1,32,4,30,12,0,0,1
187,1,3027338708,0,1,0,0,1,0,31,1,0,42,1,0,2
187,2,1838340264,0,2,0,0,0,1,30,9,42,0,1,1,2
187,3,1502280683,0,3,0,0,3,0,31,3,0,42,1,1,3
187,4,3802928685,0,0,0,0,0,1,31,6,34,8,1,2,3
187,5,3466869104,0,1,0,0,1,0,32,2,11,31,0,3,3
187,6,2277870660,0,2,0,0,2,1,31,5,42,0,1,4,3
187,7,1941811079,0,3,0,0,3,0,30,2,0,42,1,4,4
187,8,800430648,0,0,0,0,0,1,31,2,26,16,0,4,5
187,9,3906399500,0,1,0,0,1,0,31,2,6,36,1,4,6
187,10,3570339919,0,2,0,0,2,1,31,0,17,25,0,4,7
188,0,3203540887,0,0,0,0,0,1,31,4,40,2,1,1,0
188,1,4261364978,0,1,0,0,2,1,30,0,41,1,1,2,0
188,2,3925305397,0,2,0,0,2,1,31,0,42,0,1,3,0
188,3,2736306953,0,3,0,0,2,1,31,3,19,23,0,3,1
188,4,3643071283,0,0,0,0,2,1,31,6,29,13,0,3,2
188,5,3307011702,0,1,0,0,3,0,31,5,6,36,1,3,3
188,6,69868497,0,2,0,0,0,1,30,4,23,19,0,3,4
188,7,4028776212,0,3,0,0,1,0,30,5,1,41,1,3,5
188,8,4082601679,0,0,0,0,0,1,31,5,42,0,1,4,5
188,9,3746542098,0,1,0,0,1,0,31,2,2,40,1,4,6
188,10,509398893,0,2,0,0,2,1,31,1,28,14,0,4,7
189,0,1217020538,0,0,0,0,1,0,30,3,0,42,1,0,1
189,1,3517668540,0,1,0,0,0,1,32,1,42,0,1,1,1
189,2,3181608959,0,2,0,0,2,1,31,2,26,16,0,1,2
189,3,1992610515,0,3,0,0,1,0,31,5,0,42,1,1,3
189,4,1656550934,0,0,0,0,0,1,31,2,19,23,0,1,4
189,5,1320491353,0,1,0,0,1,0,31,2,11,31,1,1,5
189,6,3621139355,0,2,0,0,2,1,31,2,40,2,1,2,5
189,7,2904473143,0,0,1,0,0,1,31,1,41,1,1,3,5
189,8,2096081330,0,1,0,0,3,0,31,3,16,26,0,4,5
189,9,1760021749,0,2,0,0,2,1,30,0,31,11,1,5,5
189,10,4060669751,0,3,0,0,3,0,32,4,0,42,1,5,6
189,11,3724610170,0,0,0,0,0,1,30,4,24,18,0,5,7
190,0,992082799,0,0,0,0,0,1,30,0,31,11,1,1,0
190,1,4098051651,0,1,0,0,0,1,30,4,30,12,1,2,0
190,2,1614508422,0,2,0,0,1,0,31,1,0,42,1,2,1
190,3,1278448841,0,3,0,0,0,1,30,5,23,19,0,2,2
190,4,1431613195,0,0,0,0,3,0,30,5,11,31,1,2,3
190,5,3243037262,0,1,0,0,0,1,31,6,41,1,1,3,3
190,6,4201522466,0,2,0,0,2,1,31,0,42,0,1,4,3
190,7,1717979237,0,3,0,0,3,0,31,4,7,35,1,4,4
190,8,2775803328,0,0,0,0,2,1,30,2,25,17,0,4,5
190,9,3682567658,0,1,0,0,3,0,30,4,18,24,0,5,5
190,10,2965901446,0,3,1,0,3,0,31,0,11,31,1,5,6
190,11,2157509633,0,0,0,0,0,1,31,2,20,22,0,5,7
191,0,1153046098,0,0,0,0,0,1,31,4,40,2,1,1,0
191,1,2111531302,0,1,0,0,3,0,30,3,13,29,0,2,0
191,2,970150871,0,2,0,0,1,0,31,4,18,24,0,3,0
191,3,2781574938,0,3,0,0,2,1,31,6,35,7,1,4,0
191,4,1592576494,0,0,0,0,2,1,31,4,41,1,1,5,0
191,5,1256516913,0,1,0,0,0,1,31,5,41,1,1,6,0
191,6,1409681267,0,2,0,0,2,1,30,4,41,1,1,7,0
192,0,1511947395,0,0,0,0,0,1,30,4,28,14,0,0,1
192,1,322948951,0,1,0,0,2,1,30,1,36,6,1,1,1
192,2,4281856666,0,2,0,0,1,0,30,1,17,25,0,2,1
192,3,3092858222,0,3,0,0,3,0,30,5,7,35,1,2,2
192,4,1951477791,0,0,0,0,0,1,31,1,41,1,1,3,2
192,5,1615418210,0,1,0,0,1,0,31,0,7,35,1,3,3
192,6,426419766,0,2,0,0,1,0,31,4,0,42,1,3,4
192,7,2237843833,0,3,0,0,3,0,31,5,6,36,1,3,5
192,8,2391008187,0,0,0,0,0,1,31,0,42,0,1,4,5
192,9,2054948606,0,1,0,0,2,1,30,5,31,11,1,5,5
192,10,865950162,0,2,0,0,3,0,30,5,1,41,1,5,6
192,11,529890581,0,3,0,0,1,0,30,5,0,42,1,5,7
193,0,3820394342,0,0,0,0,2,1,30,0,35,7,1,1,0
193,1,1826075048,0,1,0,0,2,1,30,6,35,7,1,2,0
193,2,1490015467,0,2,0,0,2,1,31,4,35,7,1,3,0
193,3,301017023,0,3,0,0,2,1,32,5,41,1,1,4,0
193,4,4259924738,0,0,0,0,0,1,31,2,18,24,0,4,1
193,5,871721772,0,1,0,0,0,1,31,3,30,12,0,4,2
193,6,1929545863,0,2,0,0,2,1,31,5,41,1,1,5,2
193,7,1593486282,0,3,0,0,2,1,31,3,26,16,0,5,3
193,8,404487838,0,0,0,0,0,1,31,4,35,7,1,6,3
193,9,1311252168,0,1,0,0,0,1,31,6,36,6,1,7,3
194,0,1447972955,0,0,0,0,0,1,31,1,31,11,1,1,0
194,1,2406458159,0,1,0,0,0,1,31,1,31,11,1,2,0
194,2,4217882226,0,2,0,0,2,1,31,4,31,11,1,3,0
194,3,3881822645,0,3,0,0,3,0,31,6,8,34,1,3,1
194,4,1887503351,0,0,0,0,0,1,31,0,30,12,0,3,2
194,5,1551443770,0,1,0,0,1,0,32,3,1,41,1,3,3
194,6,362445326,0,2,0,0,2,1,30,4,34,8,1,4,3
194,7,26385745,0,3,0,0,1,0,30,1,0,42,1,4,4
194,8,179550099,0,0,0,0,2,1,31,6,42,0,1,5,4
194,9,1990974166,0,1,0,0,1,0,33,1,12,30,0,6,4
194,10,1654914585,0,2,0,0,2,1,32,0,31,11,0,6,5
194,11,465916141,0,3,0,0,2,1,31,4,42,0,1,7,5
195,0,1509597367,0,0,0,0,3,0,31,6,6,36,1,0,1
195,1,1662761721,0,1,0,0,0,1,30,4,36,6,1,1,1
195,2,3474185788,0,2,0,0,1,0,30,0,24,18,0,2,1
195,3,3138126207,0,3,0,0,2,1,30,6,31,11,1,3,1
195,4,4195950298,0,0,0,0,3,0,30,1,0,42,1,3,2
195,5,1613068182,0,1,0,0,1,0,30,5,7,35,1,3,3
195,6,1766232536,0,2,0,0,0,1,31,2,31,11,1,4,3
195,7,3577656603,0,3,0,0,2,1,30,4,24,18,0,4,4
195,8,340513398,0,0,0,0,2,1,30,9,36,6,1,5,4
195,9,4453817,0,1,0,0,1,0,30,6,18,24,0,6,4
195,10,911218147,0,2,0,0,0,1,30,2,35,7,1,7,4
196,0,969133334,0,1,1,0,2,1,30,5,36,6,1,1,0
196,1,2407564056,0,2,0,0,2,1,31,6,35,7,1,2,0
196,2,1266183625,0,3,0,0,2,1,30,3,35,7,1,3,0
196,3,2224668829,0,0,0,0,0,1,31,4,25,17,0,3,1
196,4,4036092896,0,1,0,0,3,0,31,6,0,42,1,3,2
196,5,2847094452,0,2,0,0,3,0,30,7,2,40,1,3,3
196,6,1705714021,0,3,0,0,1,0,30,1,17,25,0,4,3
196,7,1369654440,0,0,0,0,1,0,30,0,23,19,0,5,3
196,8,180655996,0,1,0,0,2,1,30,5,42,0,1,6,3
196,9,4139563711,0,2,0,0,1,0,31,5,11,31,1,6,4
196,10,2145244417,0,3,0,0,0,1,30,1,13,29,0,6,5
196,11,1809184836,0,0,0,0,2,1,30,4,36,6,1,7,5
197,0,4176945611,0,0,0,0,0,1,31,2,31,11,1,1,0
197,1,2182626317,0,1,0,0,0,1,30,4,20,22,0,1,1
197,2,1846566736,0,2,0,0,2,1,31,4,41,1,1,2,1
197,3,657568292,0,3,0,0,3,0,30,4,2,40,1,2,2
197,4,321508711,0,0,0,0,0,1,31,1,42,0,1,3,2
197,5,3475095576,0,1,0,0,3,0,30,5,12,30,1,3,3
197,6,2286097132,0,2,0,0,2,1,31,3,15,27,0,3,4
197,7,4097521199,0,3,0,0,1,0,30,4,0,42,1,3,5
197,8,380432476,0,1,1,0,0,1,31,4,36,6,1,4,5
197,9,3914625972,0,2,0,0,2,1,31,1,42,0,1,5,5
197,10,1431082743,0,3,0,0,2,1,30,1,23,19,0,5,6
197,11,2389567947,0,0,0,0,0,1,31,0,19,23,0,5,7
198,0,1385104412,0,0,0,0,0,1,31,3,40,2,1,1,0
198,1,196105968,0,1,0,0,2,1,30,3,19,23,0,1,1
198,2,722263667,0,3,1,0,2,1,30,4,42,0,1,2,1
198,3,2160694389,0,0,0,0,0,1,31,5,28,14,0,2,2
198,4,1824634808,0,1,0,0,3,0,31,1,12,30,0,3,2
198,5,3636058875,0,2,0,0,3,0,30,6,0,42,1,3,3
198,6,3789223229,0,3,0,0,2,1,31,1,35,7,1,4,3
198,7,3453163648,0,0,0,0,0,1,31,6,33,9,1,5,3
198,8,2264165204,0,1,0,0,0,1,30,6,25,17,0,5,4
198,9,1928105623,0,2,0,0,0,1,30,2,40,2,1,6,4
198,10,739107179,0,3,0,0,0,1,30,6,42,0,1,7,4
199,0,4112971171,0,0,0,0,3,0,30,5,0,42,1,0,1
199,1,4266135525,0,1,0,0,0,1,31,4,41,1,1,1,1
199,2,1782592296,0,2,0,0,2,1,31,3,42,0,1,2,1
199,3,1446532715,0,3,0,0,2,1,31,4,31,11,1,3,1
199,4,257534271,0,0,0,0,2,1,30,4,41,1,1,4,1
199,5,3411121136,0,1,0,0,0,1,31,6,42,0,1,5,1
199,6,2222122692,0,2,0,0,2,1,32,4,42,0,1,6,1
199,7,1886063111,0,3,0,0,0,1,30,5,31,11,1,7,1
200,0,3369274733,0,0,0,0,3,0,30,1,16,26,0,1,0
200,1,2279615176,0,1,0,0,1,0,31,1,17,25,0,2,0
200,2,4091039243,0,2,0,0,2,1,31,4,31,11,1,3,0
200,3,702836277,0,3,0,0,1,0,30,3,0,42,1,3,1
200,4,1760660368,0,0,0,0,3,0,31,0,1,41,1,3,2
200,5,3472745548,0,1,0,0,1,0,31,4,0,42,1,3,3
200,6,235602343,0,2,0,0,0,1,31,4,12,30,0,3,4
200,7,1142366673,0,3,0,0,1,0,30,1,12,30,1,3,5
200,8,2200190764,0,0,0,0,0,1,30,6,30,12,1,4,5
200,9,1864131183,0,1,0,0,1,0,31,1,11,31,1,4,6
200,10,3576216363,0,2,0,0,0,1,30,4,25,17,0,4,7
201,0,1161272570,0,0,0,0,0,1,31,2,42,0,1,1,0
201,1,4267241422,0,1,0,0,0,1,30,4,42,0,1,2,0
201,2,3931181841,0,2,0,0,2,1,31,2,42,0,1,3,0
201,3,4084346195,0,3,0,0,1,0,30,5,6,36,1,3,1
201,4,3268341096,0,1,1,0,2,1,30,2,42,0,1,4,1
201,5,411804522,0,2,0,0,2,1,31,0,42,0,1,5,1
201,6,3990105606,0,0,1,0,3,0,30,1,12,30,1,5,2
201,7,3229331806,0,1,0,0,0,1,30,3,18,24,0,5,3
201,8,2040333362,0,2,0,0,2,1,31,4,30,12,0,5,4
201,9,1704273781,0,3,0,0,0,1,30,0,36,6,1,6,4
201,10,515275337,0,0,0,0,0,1,31,5,42,0,1,7,4
202,0,1741655681,0,0,0,0,0,1,30,9,35,7,1,1,0
202,1,552657237,0,1,0,0,1,0,31,4,0,42,1,1,1
202,2,3706244102,0,2,0,0,2,1,32,3,42,0,1,2,1
202,3,2517245658,0,3,0,0,1,0,31,1,0,42,1,2,2
202,4,2181186077,0,0,0,0,2,1,30,0,19,23,0,2,3
202,5,3992610144,0,1,0,0,3,0,30,1,1,41,1,2,4
202,6,4145774498,0,2,0,0,2,1,30,5,28,14,0,2,5
202,7,1662231269,0,3,0,0,1,0,30,5,7,35,1,2,6
202,8,2620716473,0,0,0,0,0,1,31,0,40,2,1,3,6
202,9,137173244,0,1,0,0,1,0,30,6,8,34,1,3,7
203,0,3244781778,0,0,0,0,3,0,31,3,1,41,1,0,1
203,1,2055783334,0,1,0,0,0,1,31,4,41,1,1,1,1
203,2,1719723753,0,2,0,0,1,0,31,5,6,36,1,1,2
203,3,530725309,0,3,0,0,3,0,31,2,12,30,0,2,2
203,4,3684312174,0,0,0,0,1,0,30,2,2,40,1,2,3
203,5,1200768945,0,1,0,0,2,1,30,1,14,28,0,2,4
203,6,2159254149,0,2,0,0,3,0,30,3,1,41,1,2,5
203,7,3970678216,0,3,0,0,2,1,31,3,41,1,1,3,5
203,8,4123842570,0,0,0,0,3,0,31,1,0,42,1,3,6
203,9,3787782989,0,1,0,0,3,0,30,4,14,28,0,4,6
203,10,2598784545,0,2,0,0,1,0,31,4,0,42,1,4,7
204,0,1677681241,0,0,0,0,0,1,31,3,41,1,1,1,0
204,1,488682797,0,1,0,0,0,1,31,6,26,16,0,1,1
204,2,3642269662,0,2,0,0,0,1,30,4,41,1,1,2,1
204,3,3306210081,0,3,0,0,1,0,31,1,17,25,0,3,1
204,4,2117211637,0,0,0,0,2,1,30,2,42,0,1,4,1
204,5,1781152056,0,1,0,0,2,1,30,3,40,2,1,5,1
204,6,592153612,0,2,0,0,0,1,31,3,30,12,0,5,2
204,7,3745740477,0,3,0,0,3,0,32,4,18,24,0,6,2
204,8,3409680896,0,0,0,0,0,1,30,2,40,2,1,7,2
205,0,1517823839,0,0,0,0,0,1,32,3,30,12,0,0,1
205,1,2575647930,0,1,0,0,0,1,30,4,42,0,1,1,1
205,2,2239588349,0,2,0,0,0,1,30,4,18,24,0,1,2
205,3,4060290833,0,0,1,0,0,1,30,3,30,12,1,2,2
205,4,1957354235,0,1,0,0,0,1,31,2,35,7,1,3,2
205,5,3015178326,0,2,0,0,3,0,30,5,2,40,1,3,3
205,6,2679118745,0,3,0,0,2,1,31,2,30,12,0,3,4
205,7,3585883075,0,0,0,0,3,0,31,5,1,41,1,3,5
205,8,348739870,0,1,0,0,2,1,30,4,35,7,1,4,5
205,9,2060825050,0,2,0,0,2,1,30,4,41,1,1,5,5
205,10,3118649141,0,3,0,0,0,1,30,5,42,0,1,6,5
205,11,4025413471,0,0,0,0,1,0,30,5,7,35,1,6,6
205,12,3689353890,0,1,0,0,0,1,31,4,42,0,1,7,6
206,0,50062189,0,0,0,0,0,1,30,1,42,0,1,1,0
206,1,3156031041,0,1,0,0,2,1,30,0,42,0,1,2,0
206,2,2014650610,0,2,0,0,2,1,31,2,30,12,0,2,1
206,3,3826074677,0,3,0,0,1,0,30,9,0,42,1,2,2
206,4,489592585,0,0,0,0,0,1,31,4,41,1,1,3,2
206,5,2301016652,0,1,0,0,1,0,31,1,0,42,1,3,3
206,6,2454181006,0,2,0,0,0,1,30,0,33,9,1,4,3
206,7,4265605073,0,3,0,0,1,0,31,2,2,40,1,4,4
206,8,929122981,0,0,0,0,1,0,30,5,17,25,0,5,4
206,9,2740547048,0,1,0,0,1,0,31,0,12,30,0,6,4
206,10,1599166617,0,2,0,0,1,0,30,6,14,28,0,7,4
207,0,3601333047,0,0,0,0,0,1,31,2,29,13,0,0,1
207,1,2412334603,0,1,0,0,2,1,30,4,42,0,1,1,1
207,2,2076275022,0,2,0,0,1,0,31,5,1,41,1,1,2
207,3,81955728,0,3,0,0,0,1,30,1,31,11,1,2,2
207,4,4040863443,0,0,0,0,0,1,32,1,41,1,1,3,2
207,5,1557320214,0,1,0,0,0,1,30,1,42,0,1,4,2
207,6,2515805418,0,2,0,0,2,1,31,4,31,11,1,5,2
207,7,1374424987,0,3,0,0,1,0,30,2,12,30,1,5,3
207,8,185426543,0,0,0,0,1,0,30,5,1,41,1,5,4
207,9,1996850610,0,1,0,0,0,1,30,0,21,21,0,5,5
207,10,1660791029,0,2,0,0,2,1,31,0,25,17,0,5,6
207,11,471792585,0,3,0,0,2,1,31,3,35,7,1,6,6
207,12,3625379450,0,0,0,0,3,0,31,1,12,30,0,7,6
208,0,1614812698,0,0,0,0,3,0,30,3,11,31,1,0,1
208,1,3915460700,0,1,0,0,2,1,30,4,41,1,1,1,1
208,2,3579401119,0,2,0,0,1,0,31,0,0,42,1,1,2
208,3,2390402675,0,3,0,0,0,1,30,9,42,0,1,2,2
208,4,2054343094,0,0,0,0,2,1,30,4,42,0,1,3,2
208,5,3060446311,0,1,0,0,0,1,30,2,20,22,0,3,3
208,6,4018931515,0,2,0,0,2,1,31,3,42,0,1,4,3
208,7,1535388286,0,3,0,0,2,1,31,4,42,0,1,5,3
208,8,2493873490,0,0,0,0,1,0,30,1,17,25,0,6,3
208,9,1352493059,0,1,0,0,2,1,30,1,24,18,0,6,4
208,10,163494615,0,2,0,0,0,1,30,5,42,0,1,7,4
209,0,4121197643,0,0,0,0,0,1,32,4,29,13,0,0,1
209,1,2932199199,0,1,0,0,0,1,31,1,36,6,1,1,1
209,2,2596139618,0,2,0,0,1,0,30,6,3,39,1,1,2
209,3,601820324,0,3,0,0,1,0,31,4,6,36,1,1,3
209,4,265760743,0,0,0,0,0,1,31,1,25,17,0,1,4
209,5,4224668458,0,1,0,0,1,0,32,5,18,24,0,2,4
209,6,3035670014,0,2,0,0,2,1,31,5,42,0,1,3,4
209,7,1894289583,0,3,0,0,0,1,30,4,24,18,0,3,5
209,8,705291139,0,0,0,0,3,0,30,4,22,20,0,4,5
209,9,369231558,0,1,0,0,2,1,30,5,42,0,1,5,5
209,10,3475200410,0,2,0,0,3,0,30,6,2,40,1,5,6
209,11,2333819979,0,3,0,0,0,1,30,1,31,11,1,6,6
209,12,3665298528,0,1,1,0,2,1,30,5,41,1,1,7,6
210,0,3377501205,0,0,0,0,3,0,32,0,1,41,1,0,1
210,1,140358000,0,1,0,0,3,0,31,2,7,35,1,0,2
210,2,4099265715,0,2,0,0,0,1,31,2,42,0,1,1,2
210,3,2910267271,0,3,0,0,2,1,31,2,42,0,1,2,2
210,4,3817031601,0,0,0,0,3,0,31,3,1,41,1,2,3
210,5,579888396,0,1,0,0,0,1,31,0,42,0,1,3,3
210,6,243828815,0,2,0,0,2,1,30,3,41,1,1,4,3
210,7,4202736530,0,3,0,0,2,1,30,5,41,1,1,5,3
210,8,2208417236,0,0,0,0,1,0,30,2,7,35,1,5,4
210,9,3539895785,0,2,1,0,2,1,31,3,41,1,1,6,4
210,10,683359211,0,3,0,0,2,1,31,0,24,18,0,6,5
210,11,347299630,0,0,0,0,0,1,31,1,34,8,1,7,5
211,0,1909739555,0,0,0,0,2,1,30,2,35,7,1,1,0
211,1,720741111,0,1,0,0,0,1,31,5,42,0,1,2,0
211,2,2532165178,0,2,0,0,2,1,32,0,42,0,1,3,0
211,3,1390784747,0,3,0,0,2,1,30,2,35,7,1,4,0
211,4,2349269951,0,0,0,0,2,1,31,3,24,18,0,4,1
211,5,4160694018,0,1,0,0,1,0,31,5,0,42,1,4,2
211,6,824211926,0,2,0,0,2,1,31,3,30,12,0,4,3
211,7,1830315143,0,3,0,0,1,0,31,5,23,19,0,5,3
211,8,2788800347,0,0,0,0,2,1,30,4,40,2,1,6,3
211,9,305257118,0,1,0,0,3,0,30,0,0,42,1,6,4
211,10,4264164833,0,2,0,0,2,1,31,0,31,11,1,7,4
212,0,1166043117,0,0,0,0,0,1,30,5,35,7,1,1,0
212,1,4272011969,0,1,0,0,1,0,31,2,16,26,0,2,0
212,2,3935952388,0,2,0,0,1,0,32,4,23,19,0,3,0
212,3,698809183,0,3,0,0,2,1,31,2,30,12,0,3,1
212,4,1605573513,0,0,0,0,2,1,30,1,20,22,0,3,2
212,5,3416997580,0,1,0,0,2,1,30,4,31,11,1,4,2
212,6,80515488,0,2,0,0,2,1,30,1,25,17,0,4,3
212,7,1891939555,0,3,0,0,2,1,31,9,36,6,1,5,3
212,8,802279998,0,0,0,0,0,1,31,2,31,11,1,6,3
212,9,3856527976,0,1,0,0,0,1,30,3,40,2,1,7,3
213,0,2429604151,0,0,0,0,0,1,31,3,41,1,1,1,0
213,1,2908143837,0,2,1,0,3,0,30,9,6,36,1,1,1
213,2,2147370037,0,3,0,0,2,1,31,5,36,6,1,2,1
213,3,3205194128,0,0,0,0,2,1,31,5,25,17,0,2,2
213,4,2869134547,0,1,0,0,0,1,31,6,36,6,1,3,2
213,5,2533074966,0,2,0,0,0,1,30,4,41,1,1,4,2
213,6,1344076522,0,3,0,0,1,0,30,2,0,42,1,4,3
213,7,2250840852,0,0,0,0,2,1,30,2,30,12,1,5,3
213,8,3308664943,0,1,0,0,2,1,30,2,30,12,1,6,3
213,9,2972605362,0,2,0,0,2,1,32,4,30,12,0,6,4
213,10,1783606918,0,3,0,0,0,1,30,4,24,18,0,6,5
213,11,2690371248,0,0,0,0,1,0,30,5,17,25,0,7,5
214,0,1685907713,0,0,0,0,2,1,30,9,24,18,0,0,1
214,1,496909269,0,1,0,0,1,0,32,4,2,40,1,0,2
214,2,160849688,0,2,0,0,0,1,31,0,41,1,1,1,2
214,3,3266818540,0,3,0,0,3,0,30,0,8,34,1,1,3
214,4,2125438109,0,0,0,0,2,1,30,0,24,18,0,1,4
214,5,1789378528,0,1,0,0,0,1,31,2,35,7,1,2,4
214,6,600380084,0,2,0,0,2,1,32,3,41,1,1,3,4
214,7,264320503,0,3,0,0,2,1,31,3,20,22,0,3,5
214,8,2564968505,0,0,0,0,3,0,31,9,0,42,1,3,6
214,9,2228908924,0,1,0,0,2,1,30,0,30,12,1,4,6
214,10,1039910480,0,2,0,0,3,0,30,9,6,36,1,4,7
215,0,3994354660,0,0,0,0,0,1,31,5,41,1,1,1,0
215,1,2000035366,0,1,0,0,2,1,30,4,24,18,0,1,1
215,2,1663975785,0,2,0,0,2,1,31,1,42,0,1,2,1
215,3,474977341,0,3,0,0,2,1,31,6,40,2,1,3,1
215,4,138917760,0,0,0,0,1,0,30,1,1,41,1,3,2
215,5,2439565762,0,1,0,0,1,0,31,5,19,23,0,4,2
215,6,2103506181,0,2,0,0,1,0,33,4,14,28,0,5,2
215,7,1767446600,0,3,0,0,2,1,30,6,19,23,0,5,3
215,8,578448156,0,0,0,0,2,1,30,0,35,7,1,6,3
215,9,1485212486,0,1,0,0,0,1,31,6,42,0,1,7,3
216,0,3769416921,0,0,0,0,0,1,30,4,35,7,1,1,0
216,1,2580418477,0,1,0,0,3,0,30,0,13,29,0,2,0
216,2,96875248,0,2,0,0,3,0,30,4,0,42,1,2,1
216,3,4055782963,0,3,0,0,2,1,31,6,36,6,1,3,1
216,4,4208947317,0,0,0,0,0,1,32,3,34,8,1,4,1
216,5,1725404088,0,1,0,0,0,1,31,4,13,29,0,4,2
216,6,2683889292,0,2,0,0,2,1,30,9,26,16,0,4,3
216,7,200346063,0,3,0,0,0,1,30,5,41,1,1,5,3
216,8,353510417,0,0,0,0,2,1,31,2,36,6,1,6,3
216,9,2164934484,0,1,0,0,0,1,31,3,25,17,0,6,4
216,10,3496413033,0,3,1,0,0,1,30,4,40,2,1,7,4
217,0,1513796745,0,0,0,0,0,1,30,4,35,7,1,1,0
217,1,2420561075,0,1,0,0,0,1,31,3,40,2,1,2,0
217,2,4231985142,0,2,0,0,1,0,30,3,22,20,0,3,0
217,3,3142325585,0,3,0,0,2,1,32,2,31,11,0,3,1
217,4,2706927117,0,0,0,0,2,1,30,2,42,0,1,4,1
217,5,2860091471,0,1,0,0,0,1,31,3,42,0,1,5,1
217,6,376548242,0,2,0,0,0,1,30,0,34,8,1,6,1
217,7,40488661,0,3,0,0,3,0,31,9,1,41,1,6,2
217,8,1098312752,0,0,0,0,2,1,30,0,30,12,1,7,2
218,0,4289281517,0,0,0,0,0,1,31,6,29,13,0,0,1
218,1,3100283073,0,1,0,0,2,1,30,6,41,1,1,1,1
218,2,2764223492,0,2,0,0,1,0,30,3,0,42,1,1,2
218,3,1575225048,0,3,0,0,2,1,31,4,30,12,0,1,3
218,4,433844617,0,0,0,0,3,0,30,2,0,42,1,1,4
218,5,97785036,0,1,0,0,0,1,30,1,39,3,1,2,4
218,6,3203753888,0,2,0,0,0,1,30,0,20,22,0,2,5
218,7,720210659,0,3,0,0,2,1,31,3,35,7,1,3,5
218,8,873375013,0,0,0,0,0,1,31,6,33,9,1,4,5
218,9,537315432,0,1,0,0,3,0,30,0,12,30,1,4,6
218,10,3643284284,0,2,0,0,2,1,31,3,29,13,0,4,7
219,0,55938633,0,0,0,0,0,1,32,0,42,0,1,1,0
219,1,2356586635,0,1,0,0,1,0,32,5,8,34,1,1,1
219,2,2020527054,0,2,0,0,2,1,32,1,26,16,0,1,2
219,3,831528610,0,3,0,0,1,0,30,5,19,23,0,2,2
219,4,1782400528,0,2,2,0,1,0,30,6,6,36,1,2,3
219,5,3649055894,0,3,0,0,2,1,32,6,42,0,1,3,3
219,6,2460057450,0,0,0,0,0,1,31,4,35,7,1,4,3
219,7,2123997869,0,1,0,0,0,1,31,3,36,6,1,5,3
219,8,934999425,0,2,0,0,0,1,31,2,42,0,1,6,3
219,9,4088586290,0,3,0,0,0,1,30,1,24,18,0,6,4
219,10,2899587846,0,0,0,0,0,1,30,5,20,22,0,6,5
219,11,2563528265,0,1,0,0,3,0,31,0,2,40,1,6,6
219,12,79985036,0,2,0,0,2,1,31,1,25,17,0,6,7
220,0,1978484542,0,0,0,0,2,1,31,4,27,15,0,0,1
220,1,888824985,0,1,0,0,2,1,30,1,29,13,0,0,2
220,2,453426517,0,2,0,0,1,0,31,1,23,19,0,1,2
220,3,117366936,0,3,0,0,2,1,31,3,36,6,1,2,2
220,4,2418014938,0,0,0,0,0,1,31,5,31,11,1,3,2
220,5,2081955357,0,1,0,0,0,1,31,3,36,6,1,4,2
220,6,3139779448,0,2,0,0,2,1,31,3,26,16,0,4,3
220,7,556897332,0,3,0,0,0,1,30,2,30,12,1,5,3
220,8,710061686,0,0,0,0,0,1,30,0,19,23,0,5,4
220,9,2521485753,0,1,0,0,0,1,30,1,12,30,0,5,5
220,10,1804819541,0,3,1,0,0,1,30,1,19,23,0,5,6
220,11,3243250263,0,0,0,0,1,0,30,2,12,30,1,5,7
221,0,4065449675,0,0,0,0,3,0,30,5,31,11,0,1,0
221,1,728967583,0,1,0,0,1,0,32,4,0,42,1,1,1
221,2,2540391650,0,2,0,0,1,0,31,2,11,31,1,1,2
221,3,1351393206,0,3,0,0,0,1,30,5,28,14,0,1,3
221,4,210012775,0,0,0,0,2,1,30,4,24,18,0,1,4
221,5,1168497979,0,1,0,0,2,1,30,2,41,1,1,2,4
221,6,2979922046,0,2,0,0,3,0,30,3,1,41,1,2,5
221,7,2643862465,0,3,0,0,2,1,30,5,31,11,1,3,5
221,8,1454864021,0,0,0,0,3,0,30,2,0,42,1,3,6
221,9,313483590,0,1,0,0,0,1,32,6,18,24,0,3,7
222,0,4127074087,0,0,0,0,3,0,30,5,1,41,1,0,1
222,1,889930882,0,1,0,0,2,1,30,2,20,22,0,0,2
222,2,1796695212,0,2,0,0,2,1,31,3,42,0,1,1,2
222,3,707035655,0,3,0,0,2,1,30,6,18,24,0,1,3
222,4,271637187,0,0,0,0,0,1,31,3,41,1,1,2,3
222,5,1329461278,0,1,0,0,3,0,30,4,12,30,1,2,4
222,6,2236225608,0,2,0,0,0,1,30,0,42,0,1,3,4
222,7,1900166027,0,3,0,0,3,0,31,2,12,30,0,4,4
222,8,2957990118,0,0,0,0,1,0,30,2,2,40,1,4,5
222,9,375108002,0,1,0,0,1,0,31,9,0,42,1,4,6
222,10,2675756004,0,2,0,0,2,1,32,4,39,3,1,5,6
222,11,2339696423,0,3,0,0,2,1,30,2,41,1,1,6,6
222,12,3397520514,0,0,0,0,2,1,31,5,30,12,0,6,7
223,0,2659312437,0,0,0,0,0,1,32,2,40,2,1,1,0
223,1,664993143,0,1,0,0,0,1,31,2,39,3,1,2,0
223,2,328933562,0,2,0,0,0,1,31,3,30,12,0,2,1
223,3,3434902414,0,3,0,0,2,1,31,0,35,7,1,3,1
223,4,3098842833,0,0,0,0,0,1,31,5,20,22,0,3,2
223,5,1957462402,0,1,0,0,3,0,30,6,7,35,1,3,3
223,6,768463958,0,2,0,0,2,1,30,4,39,3,1,4,3
223,7,2579888025,0,3,0,0,2,1,30,5,29,13,0,4,4
223,8,3538373229,0,0,0,0,1,0,30,0,0,42,1,4,5
223,9,2396992798,0,1,0,0,2,1,30,4,17,25,0,4,6
223,10,1207994354,0,2,0,0,1,0,32,4,2,40,1,4,7
224,0,1915615999,0,0,0,0,1,0,30,5,0,42,1,0,1
224,1,726617555,0,1,0,0,0,1,31,4,35,7,1,1,1
224,2,3880204420,0,2,0,0,2,1,31,6,36,6,1,2,1
224,3,2310599345,0,0,1,0,3,0,30,3,8,34,1,2,2
224,4,2355146395,0,1,0,0,1,0,30,0,11,31,1,2,3
224,5,4166570462,0,2,0,0,1,0,31,5,0,42,1,2,4
224,6,24767520,0,3,0,0,2,1,31,1,29,13,0,2,5
224,7,3983675235,0,0,0,0,2,1,30,4,8,34,0,2,6
224,8,2794676791,0,1,0,0,2,1,30,5,35,7,1,3,6
224,9,2458617210,0,2,0,0,0,1,31,3,30,12,0,3,7
225,0,2595337997,0,0,0,0,0,1,31,2,25,17,0,0,1
225,1,2748502351,0,1,0,0,1,0,31,4,7,35,1,0,2
225,2,264959122,0,2,0,0,2,1,31,0,23,19,0,0,3
225,3,1977044302,0,3,0,0,3,0,33,4,12,30,0,1,3
225,4,3034868393,0,0,0,0,0,1,32,5,29,13,0,1,4
225,5,3941632723,0,1,0,0,0,1,31,0,23,19,0,1,5
225,6,704489518,0,2,0,0,2,1,31,2,42,0,1,2,5
225,7,368429937,0,3,0,0,3,0,33,1,1,41,1,2,6
225,8,3474398789,0,0,0,0,0,1,32,0,42,0,1,3,6
225,9,86195823,0,1,0,0,3,0,30,4,17,25,0,4,6
225,10,4045103538,0,2,0,0,1,0,30,4,8,34,1,4,7
226,0,2435480595,0,0,0,0,3,0,31,5,18,24,0,1,0
226,1,2588644949,0,1,0,0,3,0,31,2,0,42,1,1,1
226,2,105101720,0,2,0,0,2,1,30,5,40,2,1,2,1
226,3,3211070572,0,3,0,0,3,0,31,1,7,35,1,2,2
226,4,2875010991,0,0,0,0,3,0,30,1,12,30,1,2,3
226,5,1686012547,0,1,0,0,3,0,31,5,6,36,1,2,4
226,6,544632116,0,2,0,0,2,1,31,2,25,17,0,2,5
226,7,208572535,0,3,0,0,0,1,30,4,24,18,0,2,6
226,8,3314541387,0,0,0,0,2,1,31,2,30,12,0,2,7
227,0,1691784157,0,0,0,0,0,1,31,6,34,8,1,1,0
227,1,2749608248,0,1,0,0,1,0,31,0,0,42,1,1,1
227,2,2413548667,0,2,0,0,1,0,30,1,0,42,1,1,2
227,3,2566713021,0,3,0,0,0,1,30,4,28,14,0,1,3
227,4,2131314553,0,0,0,0,0,1,31,0,31,11,1,2,3
227,5,3189138644,0,1,0,0,3,0,31,5,12,30,0,3,3
227,6,2853079063,0,2,0,0,2,1,31,1,42,0,1,4,3
227,7,3759843393,0,3,0,0,2,1,30,6,42,0,1,5,3
227,8,522700188,0,0,0,0,3,0,31,1,6,36,1,5,4
227,9,2234785368,0,1,0,0,0,1,31,1,29,13,0,5,5
227,10,3292609459,0,2,0,0,2,1,30,3,30,12,1,6,5
227,11,4199373789,0,3,0,0,0,1,30,4,34,8,1,7,5
228,0,224022507,0,0,0,0,2,1,30,3,30,12,1,1,0
228,1,3329991359,0,1,0,0,3,0,30,2,24,18,0,2,0
228,2,2188610928,0,2,0,0,0,1,30,3,31,11,1,3,0
228,3,999612484,0,3,0,0,2,1,30,1,31,11,1,4,0
228,4,663552903,0,0,0,0,2,1,30,1,42,0,1,5,0
228,5,2474976970,0,1,0,0,0,1,31,4,40,2,1,6,0
228,6,712158,0,3,1,0,3,0,31,1,11,31,1,6,1
228,7,144598095,0,0,0,0,0,1,31,0,34,8,1,7,1
229,0,3775293365,0,0,0,0,1,0,30,4,13,29,0,1,0
229,1,2586294921,0,1,0,0,0,1,30,5,25,17,0,1,1
229,2,2250235340,0,2,0,0,1,0,31,5,16,26,0,2,1
229,3,255916046,0,3,0,0,0,1,30,1,14,28,0,2,2
229,4,4214823761,0,0,0,0,0,1,30,4,29,13,0,2,3
229,5,1731280532,0,1,0,0,1,0,31,4,18,24,0,3,3
229,6,2689765736,0,2,0,0,2,1,31,2,42,0,1,4,3
229,7,1548385305,0,3,0,0,2,1,31,6,29,13,0,4,4
229,8,359386861,0,0,0,0,0,1,30,5,35,7,1,5,4
229,9,23327280,0,1,0,0,0,1,31,4,29,13,0,5,5
229,10,1081151371,0,2,0,0,0,1,30,2,14,28,0,5,6
229,11,645752903,0,3,0,0,3,0,31,4,0,42,1,5,7
230,0,743887103,0,0,0,0,0,1,31,0,34,8,1,1,0
230,1,797712570,0,1,0,0,2,1,30,6,25,17,0,1,1
230,2,461652989,0,2,0,0,2,1,31,6,35,7,1,2,1
230,3,1519477080,0,3,0,0,2,1,31,4,34,8,1,3,1
230,4,1183417499,0,0,0,0,0,1,31,4,19,23,0,3,2
230,5,3484065501,0,1,0,0,2,1,30,6,36,6,1,4,2
230,6,901183385,0,2,0,0,0,1,31,2,36,6,1,5,2
230,7,565123804,0,3,0,0,2,1,31,3,41,1,1,6,2
230,8,1622947895,0,0,0,0,0,1,31,1,31,11,1,7,2
231,0,190665,0,0,0,0,0,1,31,3,25,17,0,0,1
231,1,3106159517,0,1,0,0,2,1,30,2,35,7,1,1,1
231,2,2770099936,0,2,0,0,2,1,31,4,36,6,1,2,1
231,3,775780642,0,3,0,0,2,1,30,2,35,7,1,3,1
231,4,439721061,0,0,0,0,2,1,30,0,42,0,1,4,1
231,5,3545689913,0,1,0,0,2,1,30,6,33,9,1,5,1
231,6,3209630332,0,2,0,0,2,1,31,0,42,0,1,6,1
231,7,2068249901,0,3,0,0,1,0,31,5,0,42,1,6,2
231,8,879251457,0,0,0,0,0,1,32,5,25,17,0,6,3
231,9,543191876,0,1,0,0,3,0,30,0,27,15,0,7,3
232,0,580573776,0,0,0,0,0,1,30,9,29,13,0,0,1
232,1,1638397867,0,1,0,0,0,1,31,0,28,14,0,0,2
232,2,2545162197,0,2,0,0,2,1,31,0,25,17,0,0,3
232,3,1356163753,0,3,0,0,3,0,31,0,6,36,1,0,4
232,4,1020104172,0,0,0,0,0,1,30,4,42,0,1,1,4
232,5,2831528239,0,1,0,0,3,0,31,4,2,40,1,1,5
232,6,2984692593,0,2,0,0,2,1,30,2,25,17,0,1,6
232,7,501149364,0,3,0,0,1,0,30,6,1,41,1,1,7
233,0,2083699873,0,0,0,0,0,1,31,4,24,18,0,0,1
233,1,894701429,0,1,0,0,0,1,31,3,41,1,1,1,1
233,2,558641848,0,2,0,0,2,1,32,6,41,1,1,2,1
233,3,2859289850,0,3,0,0,2,1,31,5,31,11,1,3,1
233,4,2523230269,0,0,0,0,0,1,31,0,26,16,0,3,2
233,5,39687040,0,1,0,0,3,0,30,5,7,35,1,3,3
233,6,998172244,0,2,0,0,2,1,31,5,41,1,1,4,3
233,7,4151759109,0,3,0,0,1,0,31,1,6,36,1,4,4
233,8,2962760665,0,0,0,0,0,1,31,3,42,0,1,5,4
233,9,479217436,0,1,0,0,2,1,30,1,25,17,0,5,5
233,10,1437702640,0,2,0,0,2,1,32,1,42,0,1,6,5
233,11,1963860339,0,0,1,0,0,1,31,1,29,13,0,6,6
233,12,2107746276,0,1,0,0,2,1,30,5,34,8,1,7,6
234,0,1070903608,0,0,0,0,2,1,31,2,14,28,0,0,1
234,1,734844027,0,1,0,0,0,1,31,5,31,11,1,1,1
234,2,2546268094,0,2,0,0,1,0,30,5,0,42,1,1,2
234,3,1456608537,0,3,0,0,2,1,30,6,34,8,1,2,2
234,4,2363372867,0,0,0,0,0,1,31,4,40,2,1,3,2
234,5,1174374423,0,1,0,0,2,1,30,1,42,0,1,4,2
234,6,2985798490,0,2,0,0,2,1,31,5,25,17,0,4,3
234,7,1896138933,0,3,0,0,2,1,31,4,42,0,1,5,3
234,8,2802903263,0,0,0,0,0,1,32,4,25,17,0,5,4
234,9,319360034,0,1,0,0,2,1,30,4,42,0,1,6,4
234,10,1277845238,0,2,0,0,2,1,32,4,30,12,0,6,5
234,11,3089269305,0,3,0,0,1,0,30,3,1,41,1,6,6
234,12,3242433659,0,0,0,0,0,1,31,1,34,8,1,7,6
235,0,2603564469,0,0,0,0,0,1,31,4,31,11,1,1,0
235,1,1414566025,0,1,0,0,1,0,32,5,13,29,0,2,0
235,2,2321330355,0,2,0,0,2,1,30,9,23,19,0,2,1
235,3,3379154446,0,3,0,0,2,1,31,4,26,16,0,2,2
235,4,3043094865,0,0,0,0,3,0,31,4,0,42,1,2,3
235,5,1854096421,0,1,0,0,3,0,30,0,0,42,1,2,4
235,6,1518036840,0,2,0,0,2,1,31,6,35,7,1,3,4
235,7,2424801170,0,3,0,0,2,1,31,2,41,1,1,4,4
235,8,3482625261,0,0,0,0,0,1,31,6,42,0,1,5,4
235,9,3146565680,0,1,0,0,2,1,30,4,41,1,1,6,4
235,10,1957567236,0,2,0,0,2,1,31,5,36,6,1,7,4
236,0,1859868031,0,0,0,0,0,1,31,1,19,23,0,0,1
236,1,670869587,0,1,0,0,3,0,30,6,11,31,1,0,2
236,2,334810006,0,2,0,0,1,0,30,2,11,31,1,0,3
236,3,3440778858,0,3,0,0,0,1,30,0,19,23,0,0,4
236,4,2299398427,0,0,0,0,0,1,31,1,35,7,1,1,4
236,5,1110399983,0,1,0,0,3,0,31,4,13,29,0,2,4
236,6,774340402,0,2,0,0,0,1,31,0,36,6,1,3,4
236,7,438280821,0,3,0,0,2,1,31,5,31,11,1,4,4
236,8,2738928823,0,0,0,0,3,0,30,0,1,41,1,4,5
236,9,2402869242,0,1,0,0,1,0,31,0,17,25,0,5,5
236,10,1213870798,0,2,0,0,1,0,31,4,0,42,1,5,6
236,11,877811217,0,3,0,0,3,0,31,4,13,29,0,6,6
236,12,3178459219,0,0,0,0,2,1,30,0,19,23,0,6,7
237,0,2440251142,0,0,0,0,0,1,31,0,34,8,1,1,0
237,1,3498075233,0,1,0,0,3,0,30,6,0,42,1,1,1
237,2,1014532004,0,2,0,0,1,0,32,4,22,20,0,2,1
237,3,3215841119,0,3,0,0,0,1,30,1,7,35,0,2,2
237,4,2879781538,0,0,0,0,0,1,32,1,42,0,1,3,2
237,5,396238309,0,1,0,0,3,0,31,6,7,35,1,3,3
237,6,3601546048,0,2,0,0,2,1,30,6,39,3,1,4,3
237,7,2360826730,0,3,0,0,2,1,31,5,24,18,0,4,4
237,8,3319311934,0,0,0,0,2,1,30,0,42,0,1,5,4
237,9,835768705,0,1,0,0,0,1,31,5,35,7,1,6,4
237,10,499709124,0,2,0,0,2,1,31,1,24,18,0,6,5
237,11,2800357126,0,3,0,0,0,1,30,1,41,1,1,7,5
238,0,3674277412,0,0,0,0,1,0,30,2,6,36,1,0,1
238,1,3338217831,0,1,0,0,2,1,30,3,31,11,1,1,1
238,2,854674602,0,2,0,0,2,1,31,6,42,0,1,2,1
238,3,1007838956,0,3,0,0,1,0,30,9,6,36,1,2,2
238,4,2819263023,0,0,0,0,0,1,30,0,36,6,1,3,2
238,5,3777748227,0,1,0,0,0,1,30,9,42,0,1,4,2
238,6,3061082015,0,3,1,0,0,1,30,2,24,18,0,4,3
238,7,152824567,0,0,0,0,3,0,31,3,0,42,1,4,4
238,8,3258793419,0,1,0,0,1,0,31,5,1,41,1,4,5
238,9,2922733838,0,2,0,0,2,1,31,4,29,13,0,4,6
238,10,1733735394,0,3,0,0,1,0,30,9,17,25,0,5,6
238,11,1397675813,0,0,0,0,1,0,30,2,17,25,0,6,6
238,12,1550840167,0,1,0,0,1,0,31,3,1,41,1,6,7
239,0,2960115738,0,0,0,0,0,1,31,2,35,7,1,1,0
239,1,1771117294,0,1,0,0,0,1,31,3,42,0,1,2,0
239,2,629736863,0,2,0,0,2,1,31,2,12,30,0,2,1
239,3,3735705715,0,3,0,0,1,0,31,0,0,42,1,2,2
239,4,3399646134,0,0,0,0,0,1,31,4,34,8,1,3,2
239,5,3063586553,0,1,0,0,0,1,31,1,35,7,1,4,2
239,6,1069267259,0,2,0,0,1,0,30,5,7,35,1,4,3
239,7,733207678,0,3,0,0,2,1,31,2,41,1,1,5,3
239,8,3839176530,0,0,0,0,3,0,31,4,0,42,1,5,4
239,9,3503116949,0,1,0,0,1,0,31,3,11,31,1,5,5
239,10,1508797655,0,2,0,0,2,1,31,3,42,0,1,6,5
239,11,1172738074,0,3,0,0,0,1,30,5,42,0,1,7,5
240,0,168274539,0,0,0,0,3,0,30,5,7,35,1,0,1
240,1,3274243391,0,1,0,0,2,1,30,9,36,6,1,1,1
240,2,2938183810,0,2,0,0,0,1,31,3,42,0,1,2,1
240,3,1749185366,0,3,0,0,3,0,31,4,18,24,0,3,1
240,4,607804935,0,0,0,0,1,0,30,3,13,29,0,4,1
240,5,271745354,0,1,0,0,0,1,30,2,23,19,0,4,2
240,6,3377714206,0,2,0,0,1,0,31,1,11,31,1,4,3
240,7,3041654625,0,3,0,0,3,0,31,1,0,42,1,4,4
240,8,1047335331,0,0,0,0,0,1,32,0,25,17,0,4,5
240,9,711275750,0,1,0,0,1,0,31,5,12,30,0,5,5
240,10,3817244602,0,2,0,0,2,1,31,5,33,9,1,6,5
240,11,853755855,0,0,1,0,1,0,30,4,2,40,1,6,6
240,12,92982055,0,1,0,0,1,0,31,4,1,41,1,6,7
241,0,229898951,0,0,0,0,0,1,31,2,41,1,1,1,0
241,1,2530546953,0,1,0,0,0,1,31,0,29,13,0,1,1
241,2,2194487372,0,2,0,0,2,1,30,0,34,8,1,2,1
241,3,1005488928,0,3,0,0,2,1,31,1,20,22,0,2,2
241,4,669429347,0,0,0,0,0,1,31,6,36,6,1,3,2
241,5,2970077349,0,1,0,0,0,1,31,4,40,2,1,4,2
241,6,2634017768,0,2,0,0,0,1,31,4,19,23,0,4,3
241,7,2297958187,0,3,0,0,2,1,30,4,42,0,1,5,3
241,8,1108959743,0,0,0,0,2,1,30,4,42,0,1,6,3
241,9,4262546608,0,1,0,0,1,0,31,5,6,36,1,6,4
241,10,3073548164,0,2,0,0,1,0,31,1,1,41,1,6,5
241,11,2737488583,0,3,0,0,2,1,31,4,35,7,1,7,5
242,0,2736283896,0,0,0,0,0,1,31,4,39,3,1,1,0
242,1,3694769100,0,1,0,0,0,1,30,6,42,0,1,2,0
242,2,1211225871,0,2,0,0,2,1,31,2,19,23,0,2,1
242,3,1364390225,0,3,0,0,0,1,30,6,42,0,1,3,1
242,4,647724013,0,1,1,0,0,1,31,4,35,7,1,4,1
242,5,2086154735,0,2,0,0,3,0,30,1,18,24,0,5,1
242,6,1650756267,0,3,0,0,0,1,30,2,42,0,1,6,1
242,7,509375836,0,0,0,0,0,1,32,4,30,12,0,6,2
242,8,3615344688,0,1,0,0,0,1,31,2,25,17,0,6,3
242,9,3279285107,0,2,0,0,2,1,31,3,42,0,1,7,3
243,0,1238987482,0,0,0,0,0,1,31,3,35,7,1,1,0
243,1,902927901,0,1,0,0,2,1,30,1,29,13,0,1,1
243,2,2714351968,0,2,0,0,2,1,31,3,41,1,1,2,1
243,3,3672837172,0,3,0,0,0,1,30,5,41,1,1,3,1
243,4,383973093,0,0,0,0,0,1,31,2,42,0,1,4,1
243,5,1342458297,0,1,0,0,0,1,31,5,42,0,1,5,1
243,6,3153882364,0,2,0,0,3,0,30,4,8,34,1,5,2
243,7,2817822783,0,3,0,0,2,1,31,4,30,12,0,5,3
243,8,1628824339,0,0,0,0,2,1,30,9,42,0,1,6,3
243,9,487443908,0,1,0,0,0,1,31,4,42,0,1,7,3
244,0,524825808,0,0,0,0,2,1,30,2,42,0,1,1,0
244,1,3630794660,0,1,0,0,0,1,30,9,30,12,1,2,0
244,2,3294735079,0,2,0,0,2,1,30,3,14,28,0,2,1
244,3,1300415785,0,3,0,0,1,0,31,3,2,40,1,2,2
244,4,964356204,0,0,0,0,0,1,31,5,41,1,1,3,2
244,5,628296623,0,1,0,0,2,1,30,4,30,12,1,4,2
244,6,3734265475,0,2,0,0,3,0,30,0,6,36,1,4,3
244,7,1250722246,0,3,0,0,2,1,31,0,31,11,1,5,3
244,8,1403886600,0,0,0,0,0,1,32,0,30,12,0,5,4
244,9,1067827019,0,1,0,0,0,1,30,4,21,21,0,5,5
244,10,4173795871,0,2,0,0,2,1,31,4,41,1,1,6,5
244,11,3837736290,0,3,0,0,2,1,30,3,25,17,0,6,6
244,12,548872211,0,0,0,0,2,1,31,0,31,11,1,7,6
245,0,2833272755,0,0,0,0,2,1,30,6,20,22,0,0,1
245,1,838953461,0,1,0,0,0,1,30,2,41,1,1,1,1
245,2,502893880,0,2,0,0,3,0,30,2,17,25,0,2,1
245,3,3608862732,0,3,0,0,2,1,30,6,13,29,0,2,2
245,4,3272803151,0,0,0,0,0,1,32,1,28,14,0,2,3
245,5,2131422720,0,1,0,0,2,1,30,1,36,6,1,3,3
245,6,942424276,0,2,0,0,1,0,30,0,28,14,0,4,3
245,7,606364695,0,3,0,0,3,0,31,9,0,42,1,4,4
245,8,3712333547,0,0,0,0,2,1,30,9,12,30,0,4,5
245,9,2570953116,0,1,0,0,2,1,30,5,36,6,1,5,5
245,10,1381954672,0,2,0,0,1,0,32,4,1,41,1,5,6
245,11,1045895091,0,3,0,0,1,0,31,2,18,24,0,6,6
245,12,2857319158,0,0,0,0,2,1,30,0,25,17,0,6,7
246,0,1820476490,0,0,0,0,1,0,30,4,6,36,1,0,1
246,1,679096059,0,1,0,0,0,1,31,6,34,8,1,1,1
246,2,3785064911,0,2,0,0,1,0,31,4,0,42,1,1,2
246,3,3449005330,0,3,0,0,2,1,31,4,41,1,1,2,2
246,4,3112945749,0,0,0,0,3,0,31,6,7,35,1,2,3
246,5,1118626455,0,1,0,0,3,0,31,0,0,42,1,2,4
246,6,782566874,0,2,0,0,2,1,32,3,28,14,0,2,5
246,7,3888535726,0,3,0,0,0,1,30,4,42,0,1,3,5
246,8,3552476145,0,0,0,0,2,1,31,1,31,11,1,4,5
246,9,2411095714,0,1,0,0,3,0,31,5,11,31,1,4,6
246,10,1222097270,0,2,0,0,0,1,30,2,41,1,1,5,6
246,11,3033521337,0,3,0,0,3,0,33,1,1,41,1,5,7
247,0,300993966,0,0,0,0,0,1,31,1,13,29,0,0,1
247,1,1259479170,0,1,0,0,0,1,31,5,36,6,1,1,1
247,2,3070903237,0,2,0,0,2,1,30,0,42,0,1,2,1
247,3,4128727328,0,3,0,0,2,1,31,3,35,7,1,3,1
247,4,740524362,0,0,0,0,1,0,30,0,11,31,1,3,2
247,5,3945832101,0,1,0,0,0,1,31,6,24,18,0,3,3
247,6,3510433633,0,2,0,0,0,1,31,4,31,11,1,4,3
247,7,3174374052,0,3,0,0,3,0,31,2,2,40,1,4,4
247,8,1180054758,0,0,0,0,0,1,31,4,41,1,1,5,4
247,9,843995177,0,1,0,0,0,1,30,3,19,23,0,5,5
247,10,1901819268,0,2,0,0,2,1,31,4,42,0,1,6,5
247,11,3613904448,0,3,0,0,1,0,30,9,7,35,1,6,6
247,12,376761243,0,0,0,0,1,0,30,4,11,31,1,6,7
248,0,3903985698,0,0,0,0,2,1,30,2,25,17,0,0,1
248,1,2762605267,0,1,0,0,0,1,31,6,40,2,1,1,1
248,2,279062038,0,2,0,0,1,0,32,1,7,35,1,1,2
248,3,1237547242,0,3,0,0,3,0,31,0,29,13,0,2,2
248,4,3048971309,0,0,0,0,0,1,30,9,29,13,0,2,3
248,5,3626849882,0,2,1,0,2,1,31,4,31,11,1,3,3
248,6,718592434,0,3,0,0,2,1,30,4,19,23,0,3,4
248,7,382532853,0,0,0,0,0,1,31,1,42,0,1,4,4
248,8,3488501705,0,1,0,0,1,0,31,5,7,35,1,4,5
248,9,3152442124,0,2,0,0,2,1,31,4,16,26,0,4,6
248,10,1158122830,0,3,0,0,3,0,32,9,11,31,0,5,6
248,11,822063249,0,0,0,0,0,1,30,5,42,0,1,6,6
248,12,3928032101,0,1,0,0,1,0,31,1,7,35,1,6,7
249,0,2384503174,0,0,0,0,0,1,31,9,19,23,0,0,1
249,1,1195504730,0,1,0,0,0,1,31,0,20,22,0,0,2
249,2,859445149,0,2,0,0,0,1,31,4,23,19,0,0,3
249,3,3965414001,0,3,0,0,0,1,30,0,42,0,1,1,3
249,4,3629354420,0,0,0,0,1,0,30,9,0,42,1,1,4
249,5,2487973989,0,1,0,0,2,1,30,3,42,0,1,2,4
249,6,1298975545,0,2,0,0,3,0,30,1,17,25,0,3,4
249,7,3110399612,0,3,0,0,3,0,31,0,7,35,1,3,5
249,8,4068884816,0,0,0,0,2,1,30,2,36,6,1,4,5
249,9,2927504385,0,1,0,0,2,1,30,1,36,6,1,5,5
249,10,1738505941,0,2,0,0,0,1,31,4,21,21,0,5,6
249,11,1402446360,0,3,0,0,2,1,31,6,30,12,0,5,7
250,0,397982825,0,0,0,0,0,1,31,5,35,7,1,1,0
250,1,3503951677,0,1,0,0,0,1,31,6,13,29,0,1,1
250,2,2362571246,0,2,0,0,2,1,31,0,42,0,1,2,1
250,3,1173572802,0,3,0,0,3,0,32,5,11,31,0,3,1
250,4,837513221,0,0,0,0,0,1,31,6,34,8,1,4,1
250,5,2648937288,0,1,0,0,3,0,30,1,15,27,0,5,1
250,6,2802101642,0,2,0,0,2,1,31,2,42,0,1,6,1
250,7,2466042061,0,3,0,0,0,1,30,6,34,8,1,7,1
251,0,2904367770,0,0,0,0,3,0,31,5,2,40,1,0,1
251,1,1715369326,0,1,0,0,0,1,31,0,8,34,0,0,2
251,2,1379309745,0,2,0,0,3,0,30,1,1,41,1,0,3
251,3,190311301,0,3,0,0,3,0,32,4,19,23,0,1,3
251,4,3343898166,0,0,0,0,2,1,30,5,42,0,1,2,3
251,5,2154899722,0,1,0,0,1,0,31,4,1,41,1,2,4
251,6,1818840141,0,2,0,0,2,1,31,3,26,16,0,2,5
251,7,1482780560,0,3,0,0,0,1,30,9,42,0,1,3,5
251,8,3783428562,0,0,0,0,0,1,32,1,42,0,1,4,5
251,9,3447368981,0,1,0,0,2,1,30,0,41,1,1,5,5
251,10,2258370537,0,2,0,0,2,1,31,0,29,13,0,5,6
251,11,1922310956,0,3,0,0,1,0,30,5,22,20,0,6,6
251,12,2448468655,0,1,1,0,1,0,32,3,7,35,1,6,7
252,0,917847421,0,0,0,0,0,1,30,3,41,1,1,1,0
252,1,3119156536,0,1,0,0,0,1,31,2,36,6,1,2,0
252,2,635613307,0,2,0,0,1,0,31,2,6,36,1,2,1
252,3,1693437398,0,3,0,0,1,0,31,4,0,42,1,2,2
252,4,1357377817,0,0,0,0,3,0,31,3,0,42,1,2,3
252,5,1510542171,0,1,0,0,1,0,31,1,3,39,1,2,4
252,6,1075143703,0,2,0,0,3,0,30,0,0,42,1,2,5
252,7,739084122,0,3,0,0,1,0,30,9,12,30,1,2,6
252,8,1796908213,0,0,0,0,2,1,30,4,29,13,0,2,7
253,0,1468695768,0,0,0,0,3,0,30,3,17,25,0,1,0
253,1,3280119835,0,1,0,0,1,0,30,4,14,28,0,2,0
253,2,2944060254,0,2,0,0,0,1,30,3,31,11,1,3,0
253,3,3097224608,0,3,0,0,2,1,31,2,31,11,1,4,0
253,4,613681379,0,0,0,0,0,1,31,0,31,11,1,5,0
253,5,3719650231,0,1,0,0,2,1,30,1,20,22,0,5,1
253,6,3383590650,0,2,0,0,2,1,32,1,42,0,1,6,1
253,7,2242210219,0,3,0,0,2,1,30,9,23,19,0,6,2
253,8,2820088792,0,1,1,0,0,1,31,1,35,7,1,7,2
254,0,754534094,0,0,0,0,0,1,32,5,40,2,1,1,0
254,1,1812358185,0,1,0,0,0,1,30,5,31,11,1,2,0
254,2,2719122515,0,2,0,0,0,1,31,1,25,17,0,2,1
254,3,1530124071,0,3,0,0,2,1,30,0,36,6,1,3,1
254,4,1194064490,0,0,0,0,0,1,31,9,19,23,0,3,2
254,5,3005488557,0,1,0,0,1,0,31,1,0,42,1,3,3
254,6,3158652911,0,2,0,0,2,1,32,5,36,6,1,4,3
254,7,675109682,0,3,0,0,0,1,30,0,19,23,0,4,4
254,8,1633594886,0,0,0,0,3,0,30,3,0,42,1,4,5
254,9,3445018953,0,1,0,0,0,1,31,4,42,0,1,5,5
254,10,3598183307,0,2,0,0,0,1,31,0,19,23,0,5,6
254,11,3262123726,0,3,0,0,2,1,31,3,25,17,0,5,7
255,0,1988560364,0,0,0,0,2,1,30,2,35,7,1,1,0
255,1,1652500783,0,1,0,0,0,1,31,3,25,17,0,1,1
255,2,511120352,0,2,0,0,2,1,31,0,31,11,1,2,1
255,3,3617089204,0,3,0,0,2,1,31,3,41,1,1,3,1
255,4,3281029623,0,0,0,0,2,1,30,5,34,8,1,4,1
255,5,2092031179,0,1,0,0,0,1,31,4,42,0,1,5,1
255,6,950650748,0,2,0,0,0,1,30,6,30,12,1,6,1
255,7,4056619600,0,3,0,0,2,1,30,5,41,1,1,7,1
0,0,1909233376,1,0,0,0,3,1,30,3,25,17,0,0,1
0,1,767852945,1,1,0,0,3,1,30,2,41,1,1,1,1
0,2,431793364,1,2,0,0,2,0,30,1,23,19,0,2,1
0,3,3537762216,1,3,0,0,1,1,30,5,42,0,1,3,1
0,4,3201702635,1,0,0,0,3,1,31,2,42,0,1,4,1
0,5,1207383341,1,1,0,0,1,1,31,6,18,24,0,4,2
0,6,871323760,1,2,0,0,3,1,30,2,23,19,0,4,3
0,7,3977292612,1,3,0,0,3,1,31,3,20,22,0,4,4
0,8,3641233031,1,0,0,0,3,1,30,5,19,23,0,4,5
0,9,2499852600,1,1,0,0,1,1,31,3,42,0,1,5,5
0,10,1310854156,1,2,0,0,0,0,31,0,6,36,1,5,6
0,11,3122278223,1,3,0,0,2,0,32,1,2,40,1,5,7
1,0,3412359473,1,0,0,0,3,1,31,5,42,0,1,1,0
1,1,3076299892,1,1,0,0,1,1,32,2,30,12,0,1,1
1,2,3983064222,1,2,0,0,3,1,30,6,20,22,0,1,2
1,3,745921017,1,3,0,0,3,1,31,2,21,21,0,1,3
1,4,409861436,1,0,0,0,3,1,31,0,34,8,1,2,3
1,5,3515830288,1,1,0,0,3,1,31,1,36,6,1,3,3
1,6,3179770707,1,2,0,0,1,1,30,2,35,7,1,4,3
1,7,1185451413,1,3,0,0,1,1,30,1,42,0,1,5,3
1,8,849391832,1,0,0,0,0,0,32,4,0,42,1,5,4
1,9,2660815899,1,1,0,0,1,1,30,5,29,13,0,5,5
1,10,3619301103,1,2,0,0,0,0,31,0,28,14,0,6,5
1,11,231098137,1,3,0,0,3,1,31,3,25,17,0,6,6
1,12,1288922228,1,0,0,0,0,0,31,4,0,42,1,6,7
2,0,2668663035,1,0,0,0,0,0,31,5,23,19,0,1,0
2,1,2332603454,1,1,0,0,2,0,30,2,2,40,1,1,1
2,2,1143605010,1,2,0,0,2,0,30,6,7,35,1,1,2
2,3,807545429,1,3,0,0,0,0,30,5,8,34,1,1,3
2,4,3961132294,1,0,0,0,2,0,30,0,23,19,0,2,3
2,5,2772133850,1,1,0,0,1,1,31,1,20,22,0,2,4
2,6,2436074269,1,2,0,0,1,1,31,0,25,17,0,2,5
2,7,1247075825,1,3,0,0,3,1,30,4,23,19,0,2,6
2,8,105695394,1,0,0,0,0,0,31,1,13,29,0,3,6
2,9,4064603109,1,1,0,0,1,1,31,4,41,1,1,4,6
2,10,2875604665,1,2,0,0,0,0,31,6,11,31,1,4,7
3,0,1954501361,1,0,0,0,3,1,31,2,20,22,0,0,1
3,1,864841804,1,1,0,0,1,1,31,3,35,7,1,1,1
3,2,2676265871,1,2,0,0,1,1,31,1,35,7,1,2,1
3,3,582607690,1,3,0,0,3,1,31,1,40,2,1,3,1
3,4,2394031757,1,0,0,0,3,1,31,3,35,7,1,4,1
3,5,1304372200,1,1,0,0,1,1,31,4,41,1,1,5,1
3,6,3115796267,1,2,0,0,0,0,30,0,0,42,1,5,2
3,7,4022560597,1,3,0,0,3,1,31,5,34,8,1,6,2
3,8,2833562153,1,0,0,0,0,0,31,1,0,42,1,6,3
3,9,2497502572,1,1,0,0,0,0,30,2,1,41,1,6,4
3,10,3555326663,1,2,0,0,1,1,31,4,42,0,1,7,4
4,0,1041043983,1,0,0,0,0,0,30,1,1,41,1,0,1
4,1,2852468050,1,1,0,0,0,0,31,1,0,42,1,0,2
4,2,3810953254,1,2,0,0,1,1,31,2,26,16,0,0,3
4,3,522089175,1,3,0,0,0,0,30,0,12,30,1,0,4
4,4,186029594,1,0,0,0,0,0,31,0,24,18,0,1,4
4,5,3291998446,1,1,0,0,3,1,30,2,35,7,1,2,4
4,6,2955938865,1,2,0,0,2,0,30,5,0,42,1,2,5
4,7,3109103219,1,3,0,0,0,0,30,1,0,42,1,2,6
4,8,625559990,1,0,0,0,3,1,31,9,42,0,1,3,6
4,9,3731528842,1,1,0,0,1,1,30,4,40,2,1,4,6
4,10,3395469261,1,2,0,0,2,0,31,4,24,18,0,5,6
4,11,3059409680,1,3,0,0,3,1,31,6,42,0,1,6,6
4,12,1065090386,1,0,0,0,2,0,30,5,19,23,0,7,6
5,0,3768910742,1,0,0,0,0,0,31,6,2,40,1,0,1
5,1,3432851161,1,1,0,0,2,0,30,2,11,31,1,0,2
5,2,2291470730,1,2,0,0,2,0,31,6,0,42,1,0,3
5,3,1102472286,1,3,0,0,0,0,30,2,3,39,1,0,4
5,4,766412705,1,0,0,0,1,1,30,3,35,7,1,1,4
5,5,3872381557,1,1,0,0,1,1,31,6,36,6,1,2,4
5,6,2731001126,1,2,0,0,1,1,31,4,30,12,0,2,5
5,7,1542002682,1,3,0,0,2,0,31,1,2,40,1,2,6
5,8,1205943101,1,0,0,0,3,1,31,0,30,12,0,2,7
6,0,977069543,1,0,0,0,3,1,31,2,42,0,1,1,0
6,1,641009962,1,1,0,0,1,1,32,0,14,28,0,1,1
6,2,304950381,1,2,0,0,1,1,30,4,29,13,0,1,2
6,3,3410919233,1,3,0,0,3,1,31,0,30,12,0,1,3
6,4,2269538802,1,0,0,0,3,1,31,0,18,24,0,1,4
6,5,1080540358,1,1,0,0,0,0,31,3,1,41,1,1,5
6,6,744480777,1,2,0,0,3,1,30,4,33,9,1,2,5
6,7,3850449629,1,3,0,0,1,1,30,0,35,7,1,3,5
6,8,2709069198,1,0,0,0,3,1,31,2,36,6,1,4,5
6,9,225525969,1,1,0,0,0,0,30,1,11,31,1,4,6
6,10,1184011173,1,2,0,0,1,1,31,2,42,0,1,5,6
6,11,2995435240,1,3,0,0,3,1,31,6,30,12,0,5,7
7,0,262907869,1,0,0,0,2,0,31,1,12,30,0,1,0
7,1,3368876721,1,1,0,0,1,1,31,2,40,2,1,2,0
7,2,2227496290,1,2,0,0,1,1,32,1,36,6,1,3,0
7,3,3185981494,1,3,0,0,3,1,31,6,42,0,1,4,0
7,4,702438265,1,0,0,0,1,1,30,2,25,17,0,4,1
7,5,3808407117,1,1,0,0,3,1,31,1,40,2,1,5,1
7,6,3472347536,1,2,0,0,1,1,31,5,30,12,0,5,2
7,7,2330967105,1,3,0,0,1,1,30,2,40,2,1,6,2
7,8,1141968661,1,0,0,0,3,1,30,0,39,3,1,7,2
8,0,3644417787,1,0,0,0,2,0,30,3,14,28,0,1,0
8,1,3209019319,1,1,0,0,0,0,31,0,21,21,0,2,0
8,2,4266843410,1,2,0,0,0,0,31,5,0,42,1,2,1
8,3,878640444,1,3,0,0,3,1,31,2,42,0,1,3,1
8,4,542580863,1,0,0,0,3,1,31,3,42,0,1,4,1
8,5,1600404954,1,1,0,0,2,0,30,0,12,30,1,4,2
8,6,3312490134,1,2,0,0,2,0,31,1,1,41,1,4,3
8,7,1318170840,1,3,0,0,0,0,30,6,17,25,0,5,3
8,8,982111259,1,0,0,0,0,0,31,1,1,41,1,5,4
8,9,2039935350,1,1,0,0,0,0,32,9,0,42,1,5,5
8,10,1703875769,1,2,0,0,1,1,31,3,42,0,1,6,5
8,11,2610640099,1,3,0,0,3,1,31,4,36,6,1,7,5
9,0,2900721349,1,0,0,0,0,0,30,3,12,30,1,0,1
9,1,417178120,1,1,0,0,3,1,31,9,42,0,1,1,1
9,2,1375663324,1,2,0,0,1,1,30,1,40,2,1,2,1
9,3,3187087391,1,3,0,0,1,1,31,0,41,1,1,3,1
9,4,2045706960,1,0,0,0,1,1,30,1,41,1,1,4,1
9,5,856708516,1,1,0,0,0,0,30,6,7,35,1,4,2
9,6,520648935,1,2,0,0,1,1,31,6,34,8,1,5,2
9,7,3626617787,1,3,0,0,3,1,30,2,19,23,0,5,3
9,8,3290558206,1,0,0,0,1,1,30,4,41,1,1,6,3
9,9,1296238912,1,1,0,0,3,1,30,0,41,1,1,7,3
10,0,1333620812,1,0,0,0,1,1,30,0,15,27,0,0,1
10,1,997561231,1,1,0,0,0,0,30,2,19,23,0,1,1
10,2,2808985298,1,2,0,0,0,0,31,5,0,42,1,1,2
10,3,2962149652,1,3,0,0,3,1,31,3,41,1,1,2,2
10,4,2626090071,1,0,0,0,0,0,31,2,1,41,1,2,3
10,5,1437091627,1,1,0,0,3,1,31,4,41,1,1,3,3
10,6,1101032046,1,2,0,0,2,0,32,5,0,42,1,3,4
10,7,3401680048,1,3,0,0,3,1,30,9,42,0,1,4,4
10,8,3065620467,1,0,0,0,1,1,30,5,42,0,1,5,4
10,9,582077238,1,1,0,0,2,0,30,5,7,35,1,5,5
10,10,1540562442,1,2,0,0,1,1,31,0,36,6,1,6,5
10,11,3351986509,1,3,0,0,0,0,30,4,16,26,0,7,5
11,0,3642067759,1,0,0,0,0,0,31,6,28,14,0,1,0
11,1,2500687328,1,1,0,0,1,1,30,4,17,25,0,1,1
11,2,2164627747,1,2,0,0,0,0,30,4,21,21,0,2,1
11,3,975629303,1,3,0,0,1,1,30,0,20,22,0,2,2
11,4,639569722,1,0,0,0,1,1,30,6,41,1,1,3,2
11,5,2940217724,1,1,0,0,1,1,31,6,18,24,0,3,3
11,6,2604158143,1,2,0,0,3,1,30,4,18,24,0,3,4
11,7,1415159699,1,3,0,0,3,1,33,1,42,0,1,4,4
11,8,1079100118,1,0,0,0,3,1,31,4,28,14,0,4,5
11,9,2085203335,1,1,0,0,3,1,31,3,41,1,1,5,5
11,10,3043688539,1,2,0,0,0,0,30,2,1,41,1,5,6
11,11,80199792,1,0,1,0,1,1,30,3,34,8,1,6,6
11,12,1518630514,1,1,0,0,3,1,30,3,41,1,1,7,6
12,0,2122585235,1,0,0,0,1,1,30,4,24,18,0,0,1
12,1,933586791,1,1,0,0,3,1,30,4,42,0,1,1,1
12,2,597527210,1,2,0,0,2,0,32,4,18,24,0,2,1
12,3,3703496062,1,3,0,0,3,1,30,5,17,25,0,2,2
12,4,2562115631,1,0,0,0,3,1,31,1,19,23,0,2,3
12,5,1373117187,1,1,0,0,1,1,31,4,24,18,0,2,4
12,6,1037057606,1,2,0,0,1,1,31,2,36,6,1,3,4
12,7,700998025,1,3,0,0,1,1,31,6,35,7,1,4,4
12,8,3001646027,1,0,0,0,1,1,30,2,42,0,1,5,4
12,9,2665586446,1,1,0,0,3,1,31,2,25,17,0,5,5
12,10,1476588002,1,2,0,0,2,0,32,4,2,40,1,5,6
12,11,1140528421,1,3,0,0,2,0,31,3,1,41,1,5,7
13,0,2876665987,1,1,1,0,1,1,30,0,14,28,0,0,1
13,1,773729389,1,2,0,0,1,1,31,2,17,25,0,0,2
13,2,3979037128,1,3,0,0,3,1,31,0,31,11,1,1,2
13,3,1495493899,1,0,0,0,3,1,31,4,28,14,0,1,3
13,4,2402258229,1,1,0,0,3,1,30,4,35,7,1,2,3
13,5,3460082320,1,2,0,0,1,1,30,4,34,8,1,3,3
13,6,877200204,1,3,0,0,2,0,30,1,0,42,1,3,4
13,7,1935024295,1,0,0,0,3,1,31,2,20,22,0,3,5
13,8,2841788625,1,1,0,0,1,1,31,0,30,12,0,3,6
13,9,3899612716,1,2,0,0,1,1,31,1,24,18,0,3,7
14,0,3936994616,1,0,0,0,3,1,31,3,34,8,1,1,0
14,1,3600935035,1,1,0,0,0,0,30,2,0,42,1,1,1
14,2,1117391806,1,2,0,0,2,0,31,2,17,25,0,2,1
14,3,2938094290,1,0,1,0,0,0,31,4,6,36,1,2,2
14,4,934496579,1,1,0,0,0,0,31,1,0,42,1,2,3
14,5,4040465431,1,2,0,0,1,1,31,2,36,6,1,3,3
14,6,1556922202,1,3,0,0,3,1,31,0,42,0,1,4,3
14,7,415541771,1,0,0,0,2,0,30,3,23,19,0,5,3
14,8,1374026975,1,1,0,0,3,1,30,5,29,13,0,5,4
14,9,3185451042,1,2,0,0,1,1,30,2,36,6,1,6,4
14,10,1996452598,1,3,0,0,2,0,32,1,14,28,0,7,4
15,0,3193298178,1,0,0,0,1,1,30,4,15,27,0,0,1
15,1,2857238597,1,1,0,0,3,1,31,3,42,0,1,1,1
15,2,373695368,1,2,0,0,2,0,32,5,8,34,1,1,2
15,3,1332180572,1,3,0,0,3,1,31,0,30,12,0,1,3
15,4,190800141,1,0,0,0,0,0,31,5,2,40,1,1,4
15,5,3296768993,1,1,0,0,3,1,30,4,42,0,1,2,4
15,6,2960709412,1,2,0,0,1,1,30,3,42,0,1,3,4
15,7,4018533503,1,3,0,0,3,1,32,2,42,0,1,4,4
15,8,3583135035,1,0,0,0,1,1,30,0,29,13,0,4,5
15,9,2441754604,1,1,0,0,2,0,30,1,0,42,1,4,6
15,10,3400239808,1,2,0,0,1,1,31,6,41,1,1,5,6
15,11,916696579,1,3,0,0,1,1,30,0,41,1,1,6,6
15,12,4122004318,1,0,0,0,0,0,31,4,0,42,1,6,7
16,0,1206777829,1,0,0,0,3,1,31,5,36,6,1,1,0
16,1,870718248,1,1,0,0,1,1,31,2,42,0,1,2,0
16,2,4024305113,1,2,0,0,2,0,30,5,22,20,0,3,0
16,3,2835306669,1,3,0,0,2,0,31,0,6,36,1,3,1
16,4,4166785218,1,1,1,0,1,1,31,2,20,22,0,3,2
16,5,1310248644,1,2,0,0,1,1,30,5,31,11,1,4,2
16,6,168868213,1,3,0,0,3,1,31,3,39,3,1,5,2
16,7,3274837065,1,0,0,0,0,0,31,2,0,42,1,5,3
16,8,2938777484,1,1,0,0,1,1,31,6,42,0,1,6,3
16,9,455234255,1,2,0,0,0,0,30,4,1,41,1,6,4
16,10,608398609,1,3,0,0,3,1,31,5,39,3,1,7,4
17,0,1185072495,1,1,1,0,3,1,31,3,41,1,1,1,0
17,1,3377103193,1,2,0,0,1,1,31,0,21,21,0,1,1
17,2,3954981766,1,0,1,0,0,0,31,3,6,36,1,1,2
17,3,1852045168,1,1,0,0,3,1,30,6,35,7,1,2,2
17,4,710664737,1,2,0,0,1,1,31,0,41,1,1,3,2
17,5,3816633589,1,3,0,0,0,0,30,5,13,29,0,4,2
17,6,3480574008,1,0,0,0,0,0,31,0,7,35,1,4,3
17,7,2291575564,1,1,0,0,0,0,30,2,7,35,1,4,4
17,8,1150195133,1,2,0,0,1,1,32,3,24,18,0,4,5
17,9,814135552,1,3,0,0,3,1,32,4,40,2,1,5,5
17,10,3920104404,1,0,0,0,1,1,30,1,40,2,1,6,5
17,11,3584044823,1,1,0,0,0,0,30,1,18,24,0,7,5
18,0,1726642425,1,0,0,0,0,0,32,4,0,42,1,0,1
18,1,2633406755,1,1,0,0,1,1,31,4,14,28,0,0,2
18,2,1543747198,1,2,0,0,3,1,30,5,40,2,1,1,2
18,3,3355171265,1,3,0,0,1,1,31,6,41,1,1,2,2
18,4,3019111684,1,0,0,0,1,1,30,4,40,2,1,3,2
18,5,1024792390,1,1,0,0,3,1,30,6,41,1,1,4,2
18,6,2736877570,1,2,0,0,3,1,30,6,8,34,0,4,3
18,7,3794701661,1,3,0,0,3,1,31,0,31,11,1,5,3
18,8,3458642080,1,0,0,0,3,1,30,0,42,0,1,6,3
18,9,2269643636,1,1,0,0,1,1,31,0,35,7,1,7,3
19,0,1501704686,1,0,0,0,3,1,31,3,23,19,0,0,1
19,1,1165645105,1,1,0,0,2,0,30,4,23,19,0,1,1
19,2,2497123654,1,3,1,0,3,1,31,0,18,24,0,1,2
19,3,3935554376,1,0,0,0,0,0,31,0,6,36,1,1,3
19,4,2794173945,1,1,0,0,1,1,30,4,39,3,1,2,3
19,5,1605175501,1,2,0,0,1,1,31,0,41,1,1,3,3
19,6,3416599568,1,3,0,0,3,1,32,5,42,0,1,4,3
19,7,3080539987,1,0,0,0,1,1,30,4,28,14,0,4,4
19,8,3233704341,1,1,0,0,2,0,30,4,8,34,1,4,5
19,9,750161112,1,2,0,0,1,1,31,4,35,7,1,5,5
19,10,3856129964,1,3,0,0,3,1,30,1,42,0,1,6,5
19,11,3520070383,1,0,0,0,2,0,31,5,22,20,0,7,5
20,0,3810151633,1,0,0,0,1,1,30,6,30,12,1,1,0
20,1,3474092052,1,1,0,0,3,1,30,6,35,7,1,2,0
20,2,85889086,1,2,0,0,0,0,30,2,1,41,1,2,1
20,3,3191857938,1,3,0,0,3,1,31,4,20,22,0,2,2
20,4,708314709,1,0,0,0,0,0,32,3,22,20,0,3,2
20,5,3913622448,1,1,0,0,3,1,30,9,42,0,1,4,2
20,6,525419482,1,2,0,0,0,0,30,0,0,42,1,4,3
20,7,1583243573,1,3,0,0,2,0,30,1,2,40,1,4,4
20,8,1147845105,1,0,0,0,0,0,31,1,7,35,1,4,5
20,9,811785524,1,1,0,0,2,0,30,3,8,34,1,4,6
20,10,964949878,1,2,0,0,3,1,30,1,29,13,0,4,7
21,0,3650294231,1,0,0,0,2,0,30,1,6,36,1,0,1
21,1,1166751002,1,1,0,0,0,0,31,1,0,42,1,0,2
21,2,1319915356,1,2,0,0,3,1,30,5,42,0,1,1,2
21,3,983855775,1,3,0,0,0,0,30,3,8,34,1,1,3
21,4,4089824627,1,0,0,0,3,1,30,3,36,6,1,2,3
21,5,3753765046,1,1,0,0,0,0,31,2,12,30,0,3,3
21,6,464900967,1,2,0,0,2,0,31,5,23,19,0,4,3
21,7,1423386171,1,3,0,0,1,1,30,4,36,6,1,5,3
21,8,3234810238,1,0,0,0,0,0,31,0,0,42,1,5,4
21,9,4193295442,1,1,0,0,1,1,31,6,24,18,0,5,5
21,10,904431363,1,2,0,0,3,1,30,4,29,13,0,5,6
21,11,1862916567,1,3,0,0,0,0,30,4,7,35,1,5,7
22,0,2083193694,1,0,0,0,3,1,31,6,41,1,1,1,0
22,1,941813263,1,1,0,0,0,0,32,4,28,14,0,2,0
22,2,4047782115,1,2,0,0,1,1,30,4,34,8,1,3,0
22,3,3711722534,1,3,0,0,2,0,33,4,6,36,1,3,1
22,4,3375662953,1,0,0,0,0,0,30,1,0,42,1,3,2
22,5,1381343659,1,1,0,0,1,1,31,0,42,0,1,4,2
22,6,1045284078,1,2,0,0,1,1,31,1,20,22,0,4,3
22,7,4151252930,1,3,0,0,1,1,30,2,42,0,1,5,3
22,8,3815193349,1,0,0,0,1,1,30,4,36,6,1,6,3
22,9,2673812918,1,1,0,0,1,1,31,0,31,11,1,7,3
23,0,3586319791,1,0,0,0,0,0,31,0,3,39,1,0,1
23,1,3250260210,1,1,0,0,1,1,31,4,40,2,1,1,1
23,2,3403424564,1,2,0,0,1,1,31,3,42,0,1,2,1
23,3,919881335,1,3,0,0,3,1,31,4,34,8,1,3,1
23,4,583821754,1,0,0,0,0,0,30,4,0,42,1,3,2
23,5,3689790606,1,1,0,0,2,0,30,5,6,36,1,3,3
23,6,3353731025,1,2,0,0,0,0,31,0,11,31,1,3,4
23,7,1359411731,1,3,0,0,1,1,31,4,25,17,0,3,5
23,8,1023352150,1,0,0,0,0,0,31,0,7,35,1,3,6
23,9,4129321002,1,1,0,0,1,1,31,4,42,0,1,4,6
23,10,3793261421,1,2,0,0,1,1,31,1,42,0,1,5,6
23,11,2651880990,1,3,0,0,1,1,31,2,31,11,1,6,6
23,12,1462882546,1,0,0,0,2,0,31,5,11,31,1,6,7
24,0,4166702902,1,0,0,0,2,0,31,0,1,41,1,0,1
24,1,3025322471,1,1,0,0,0,0,30,5,0,42,1,0,2
24,2,541779242,1,2,0,0,1,1,30,9,42,0,1,1,2
24,3,1500264446,1,3,0,0,1,1,31,5,24,18,0,1,3
24,4,3311688513,1,0,0,0,3,1,31,2,42,0,1,2,3
24,5,3464852867,1,1,0,0,1,1,31,2,26,16,0,2,4
24,6,981309638,1,2,0,0,1,1,31,6,41,1,1,3,4
24,7,645250057,1,3,0,0,3,1,31,9,42,0,1,4,4
24,8,3751218909,1,0,0,0,0,0,30,4,13,29,0,5,4
24,9,3415159328,1,1,0,0,2,0,30,5,0,42,1,5,5
24,10,3568323682,1,2,0,0,3,1,30,1,26,16,0,5,6
24,11,1084780453,1,3,0,0,1,1,30,4,42,0,1,6,6
24,12,4190749305,1,0,0,0,1,1,30,6,30,12,1,7,6
25,0,1958700739,1,0,0,0,3,1,30,5,25,17,0,0,1
25,1,1523302271,1,1,0,0,3,1,31,0,26,16,0,0,2
25,2,1676466625,1,2,0,0,1,1,30,6,24,18,0,0,3
25,3,959800413,1,0,1,0,2,0,31,0,1,41,1,0,4
25,4,3151831111,1,1,0,0,0,0,32,4,0,42,1,0,5
25,5,4209655202,1,2,0,0,2,0,32,5,0,42,1,0,6
25,6,821452236,1,3,0,0,2,0,31,6,7,35,1,0,7
26,0,391600202,1,0,0,0,3,1,31,2,42,0,1,1,0
26,1,3545187067,1,1,0,0,1,1,30,6,36,6,1,2,0
26,2,3209127486,1,2,0,0,1,1,31,3,25,17,0,2,1
26,3,2020129042,1,3,0,0,2,0,31,4,3,39,1,2,2
26,4,1684069461,1,0,0,0,0,0,31,2,1,41,1,2,3
26,5,3984717463,1,1,0,0,0,0,30,3,0,42,1,2,4
26,6,3648657882,1,2,0,0,2,0,31,0,23,19,0,3,4
26,7,2459659438,1,3,0,0,2,0,30,1,2,40,1,3,5
26,8,2123599857,1,0,0,0,3,1,31,0,24,18,0,3,6
26,9,3030364187,1,1,0,0,1,1,31,5,30,12,0,3,7
27,0,3942871060,1,0,0,0,3,1,31,0,30,12,0,0,1
27,1,3606811479,1,1,0,0,3,1,30,2,42,0,1,1,1
27,2,1612492185,1,2,0,0,1,1,31,2,41,1,1,2,1
27,3,1276432604,1,3,0,0,3,1,30,3,24,18,0,2,2
27,4,940373023,1,0,0,0,1,1,30,1,9,33,0,2,3
27,5,4046341875,1,1,0,0,2,0,30,3,1,41,1,2,4
27,6,2904961444,1,2,0,0,3,1,30,1,41,1,1,3,4
27,7,1715963000,1,3,0,0,3,1,32,0,20,22,0,3,5
27,8,1379903419,1,0,0,0,0,0,31,2,22,20,0,4,5
27,9,3191327486,1,1,0,0,0,0,30,5,9,33,1,4,6
27,10,3344491840,1,2,0,0,0,0,30,2,3,39,1,4,7
28,0,1151029861,1,0,0,0,0,0,31,0,0,42,1,0,1
28,1,814970280,1,1,0,0,2,0,30,4,8,34,1,0,2
28,2,3920939132,1,2,0,0,1,1,30,6,25,17,0,0,3
28,3,3584879551,1,3,0,0,3,1,32,5,35,7,1,1,3
28,4,2443499120,1,0,0,0,3,1,31,0,24,18,0,1,4
28,5,1254500676,1,1,0,0,1,1,30,2,25,17,0,1,5
28,6,2585979225,1,3,1,0,3,1,31,9,29,13,0,1,6
28,7,4024409947,1,0,0,0,1,1,30,3,9,33,0,1,7
29,0,2315252008,1,0,0,0,0,0,30,9,12,30,1,0,1
29,1,3321355225,1,1,0,0,1,1,32,1,42,0,1,1,1
29,2,4279840429,1,2,0,0,0,0,30,3,0,42,1,1,2
29,3,1796297200,1,3,0,0,3,1,31,4,30,12,0,1,3
29,4,1460237619,1,0,0,0,3,1,32,4,23,19,0,1,4
29,5,2038116192,1,2,1,0,0,0,30,5,0,42,1,1,5
29,6,3424826040,1,3,0,0,1,1,31,3,39,3,1,2,5
29,7,2235827596,1,0,0,0,3,1,31,0,40,2,1,3,5
29,8,1899768015,1,1,0,0,3,1,30,5,34,8,1,4,5
29,9,710769571,1,2,0,0,1,1,30,6,19,23,0,4,6
29,10,3864356436,1,3,0,0,3,1,32,3,30,12,0,4,7
30,0,3818378105,1,0,0,0,3,1,31,5,29,13,0,0,1
30,1,3382979637,1,1,0,0,2,0,30,6,0,42,1,0,2
30,2,2293320080,1,2,0,0,2,0,30,4,1,41,1,0,3
30,3,1052600762,1,3,0,0,1,1,31,6,36,6,1,1,3
30,4,716541181,1,0,0,0,3,1,31,4,42,0,1,2,3
30,5,1774365272,1,1,0,0,1,1,31,2,25,17,0,2,4
30,6,3486450452,1,2,0,0,3,1,30,5,30,12,1,3,4
30,7,3639614806,1,3,0,0,0,0,30,2,0,42,1,3,5
30,8,1156071577,1,0,0,0,2,0,31,6,8,34,1,3,6
30,9,2213895668,1,1,0,0,1,1,31,2,36,6,1,4,6
30,10,1877836087,1,2,0,0,3,1,30,1,24,18,0,4,7
31,0,2251277568,1,0,0,0,3,1,31,4,29,13,0,0,1
31,1,1915217987,1,1,0,0,3,1,30,5,31,11,1,1,1
31,2,773837556,1,2,0,0,0,0,30,2,0,42,1,1,2
31,3,3879806408,1,3,0,0,2,0,30,3,7,35,1,1,3
31,4,3543746827,1,0,0,0,3,1,31,4,33,9,1,2,3
31,5,2354748383,1,1,0,0,1,1,32,0,14,28,0,2,4
31,6,1213367952,1,2,0,0,1,1,31,0,29,13,0,2,5
31,7,24369508,1,3,0,0,1,1,30,3,42,0,1,3,5
31,8,3983277223,1,0,0,0,0,0,31,4,7,35,1,3,6
31,9,1499733994,1,1,0,0,2,0,30,0,1,41,1,3,7
32,0,1507581130,1,0,0,0,3,1,31,4,36,6,1,1,0
32,1,1171521549,1,1,0,0,0,0,31,3,1,41,1,1,1
32,2,835461968,1,2,0,0,1,1,31,4,33,9,1,2,1
32,3,3136109970,1,3,0,0,1,1,30,1,42,0,1,3,1
32,4,2800050389,1,0,0,0,1,1,30,6,34,8,1,4,1
32,5,1611051945,1,1,0,0,1,1,30,5,42,0,1,5,1
32,6,1274992364,1,2,0,0,1,1,31,6,34,8,1,6,1
32,7,3575640366,1,3,0,0,2,0,31,5,17,25,0,7,1
33,0,2771142164,1,0,0,0,0,0,31,1,7,35,1,0,1
33,1,3677906494,1,1,0,0,0,0,30,1,0,42,1,0,2
33,2,2588246937,1,2,0,0,1,1,30,4,42,0,1,1,2
33,3,2152848469,1,3,0,0,3,1,30,6,28,14,0,1,3
33,4,1816788888,1,0,0,0,1,1,30,9,42,0,1,2,3
33,5,1589346611,1,2,1,0,2,0,31,2,0,42,1,2,4
33,6,3781377309,1,3,0,0,3,1,30,9,35,7,1,3,4
33,7,544234104,1,0,0,0,0,0,31,6,0,42,1,3,5
33,8,2256319284,1,1,0,0,2,0,30,0,1,41,1,3,6
33,9,3314143375,1,2,0,0,3,1,30,4,42,0,1,4,6
33,10,4220907705,1,3,0,0,0,0,30,1,7,35,1,4,7
34,0,4174929374,1,0,0,0,2,0,31,1,6,36,1,0,1
34,1,1310779514,1,2,1,0,1,1,31,0,42,0,1,1,1
34,2,502387701,1,3,0,0,1,1,31,2,25,17,0,1,2
34,3,3655974566,1,0,0,0,0,0,32,0,2,40,1,1,3
34,4,3319914985,1,1,0,0,1,1,31,1,34,8,1,2,3
34,5,2130916541,1,2,0,0,1,1,31,3,19,23,0,2,4
34,6,1794856960,1,3,0,0,3,1,31,2,35,7,1,3,4
34,7,4095504962,1,0,0,0,3,1,30,6,34,8,1,4,4
34,8,3759445381,1,1,0,0,1,1,31,0,42,0,1,5,4
34,9,2570446937,1,2,0,0,0,0,30,4,1,41,1,5,5
34,10,2234387356,1,3,0,0,3,1,31,3,35,7,1,6,5
34,11,1093006925,1,0,0,0,1,1,30,6,31,11,1,7,5
35,0,1383088175,1,0,0,0,2,0,30,1,12,30,1,0,1
35,1,3194512242,1,1,0,0,1,1,31,4,35,7,1,1,1
35,2,4152997446,1,2,0,0,3,1,30,4,42,0,1,2,1
35,3,1669454217,1,3,0,0,0,0,30,4,12,30,1,2,2
35,4,2576218547,1,0,0,0,3,1,30,4,17,25,0,2,3
35,5,3634042638,1,1,0,0,0,0,30,0,13,29,0,3,3
35,6,3297983057,1,2,0,0,0,0,30,0,27,15,0,4,3
35,7,2108984613,1,3,0,0,1,1,30,4,41,1,1,5,3
35,8,3015748943,1,0,0,0,3,1,30,2,41,1,1,6,3
35,9,4073573034,1,1,0,0,1,1,31,2,26,16,0,6,4
35,10,3737513453,1,2,0,0,1,1,31,5,23,19,0,6,5
35,11,3401453872,1,3,0,0,3,1,31,1,42,0,1,7,5
36,0,4110954934,1,0,0,0,3,1,31,9,26,16,0,0,1
36,1,3774895353,1,1,0,0,1,1,31,2,40,2,1,1,1
36,2,1291352124,1,2,0,0,1,1,30,1,15,27,0,1,2
36,3,1444516478,1,3,0,0,1,1,30,2,42,0,1,2,2
36,4,1108456897,1,0,0,0,3,1,30,4,42,0,1,3,2
36,5,4214425749,1,1,0,0,1,1,31,9,24,18,0,3,3
36,6,3878366168,1,2,0,0,1,1,31,1,42,0,1,4,3
36,7,1884046874,1,3,0,0,3,1,32,2,42,0,1,5,3
36,8,1547987293,1,0,0,0,3,1,31,6,35,7,1,6,3
36,9,3359411360,1,1,0,0,0,0,31,2,2,40,1,6,4
36,10,22929268,1,2,0,0,1,1,30,5,30,12,1,7,4
37,0,3367258496,1,0,0,0,1,1,30,0,34,8,1,1,0
37,1,3031198915,1,1,0,0,2,0,30,4,18,24,0,2,0
37,2,2695139334,1,2,0,0,1,1,31,3,42,0,1,3,0
37,3,1506140890,1,3,0,0,1,1,31,9,29,13,0,3,1
37,4,1170081309,1,0,0,0,0,0,30,6,7,35,1,3,2
37,5,3470729311,1,1,0,0,2,0,30,2,1,41,1,3,3
37,6,3134669730,1,2,0,0,0,0,30,4,22,20,0,4,3
37,7,4192493821,1,3,0,0,1,1,31,0,30,12,0,4,4
37,8,1609611705,1,0,0,0,3,1,31,1,41,1,1,5,4
37,9,2615714922,1,1,0,0,1,1,31,2,36,6,1,6,4
37,10,3574200126,1,2,0,0,1,1,31,2,19,23,0,6,5
37,11,1090656897,1,3,0,0,1,1,30,4,30,12,1,7,5
38,0,335852234,1,0,0,0,3,1,31,6,35,7,1,1,0
38,1,4294759949,1,1,0,0,3,1,31,3,42,0,1,2,0
38,2,152957007,1,2,0,0,2,0,31,9,0,42,1,2,1
38,3,4012525835,1,3,0,0,3,1,33,6,24,18,0,2,2
38,4,3676466254,1,0,0,0,3,1,31,4,30,12,0,2,3
38,5,439323049,1,1,0,0,0,0,31,4,8,34,1,2,4
38,6,103263468,1,2,0,0,0,0,30,1,22,20,0,3,4
38,7,2403911470,1,3,0,0,1,1,30,1,41,1,1,4,4
38,8,2067851889,1,0,0,0,0,0,31,5,8,34,1,4,5
38,9,878853445,1,1,0,0,2,0,30,3,3,39,1,4,6
38,10,542793864,1,2,0,0,1,1,31,3,41,1,1,5,6
38,11,1449558194,1,3,0,0,1,1,30,6,28,14,0,5,7
39,0,1739639444,1,0,0,0,3,1,31,0,30,12,0,0,1
39,1,3551063511,1,1,0,0,0,0,30,0,8,34,1,0,2
39,2,214581419,1,2,0,0,0,0,30,3,2,40,1,0,3
39,3,2026005486,1,3,0,0,3,1,31,5,42,0,1,1,3
39,4,884625055,1,0,0,0,3,1,32,4,27,15,0,1,4
39,5,3990593907,1,1,0,0,3,1,30,4,35,7,1,2,4
39,6,3654534326,1,2,0,0,1,1,31,2,24,18,0,2,5
39,7,2465535882,1,3,0,0,3,1,31,0,35,7,1,3,5
39,8,1324155451,1,0,0,0,3,1,30,5,42,0,1,4,5
39,9,135157007,1,1,0,0,3,1,31,3,31,11,1,5,5
39,10,4094064722,1,2,0,0,2,0,31,3,11,31,1,5,6
39,11,3758005141,1,3,0,0,2,0,31,3,16,26,0,6,6
39,12,1763685847,1,0,0,0,0,0,30,4,1,41,1,6,7
40,0,172538907,1,0,0,0,2,0,30,2,12,30,1,0,1
40,1,4131446622,1,1,0,0,1,1,31,1,42,0,1,1,1
40,2,1647903393,1,2,0,0,1,1,31,4,27,15,0,1,2
40,3,1801067747,1,3,0,0,3,1,31,0,30,12,0,1,3
40,4,1465008166,1,0,0,0,1,1,30,0,24,18,0,1,4
40,5,276009722,1,1,0,0,1,1,31,5,42,0,1,2,4
40,6,2087433789,1,2,0,0,1,1,31,3,35,7,1,3,4
40,7,1859991512,1,0,1,0,0,0,32,2,0,42,1,3,5
40,8,1904538562,1,1,0,0,0,0,31,5,6,36,1,3,6
40,9,3715962629,1,2,0,0,3,1,30,0,36,6,1,4,6
40,10,2526964185,1,3,0,0,3,1,30,2,14,28,0,4,7
41,0,1675665004,1,0,0,0,3,1,31,0,40,2,1,1,0
41,1,1339605423,1,1,0,0,3,1,31,4,29,13,0,1,1
41,2,3151029490,1,2,0,0,1,1,30,3,15,27,0,1,2
41,3,4109514694,1,3,0,0,0,0,30,0,0,42,1,1,3
41,4,2968134263,1,0,0,0,3,1,30,5,35,7,1,2,3
41,5,1779135819,1,1,0,0,3,1,31,4,26,16,0,2,4
41,6,1443076238,1,2,0,0,1,1,31,9,35,7,1,3,4
41,7,254077794,1,3,0,0,3,1,32,5,35,7,1,4,4
41,8,3407664659,1,0,0,0,1,1,30,6,34,8,1,5,4
41,9,924121430,1,1,0,0,0,0,30,6,13,29,0,6,4
41,10,1882606634,1,2,0,0,1,1,31,4,41,1,1,7,4
42,0,272983691,1,0,0,0,3,1,31,2,36,6,1,1,0
42,1,1179748021,1,1,0,0,1,1,31,1,36,6,1,2,0
42,2,4285716873,1,2,0,0,3,1,30,6,31,11,1,3,0
42,3,3949657292,1,3,0,0,2,0,31,2,11,31,1,3,1
42,4,712514087,1,0,0,0,0,0,31,5,23,19,0,4,1
42,5,1619278417,1,1,0,0,2,0,30,1,6,36,1,4,2
42,6,3430702484,1,2,0,0,0,0,31,0,12,30,0,5,2
42,7,94220392,1,3,0,0,2,0,30,4,6,36,1,5,3
42,8,1905644459,1,0,0,0,2,0,30,5,0,42,1,5,4
42,9,2058808813,1,1,0,0,2,0,30,1,19,23,0,6,4
42,10,3870232880,1,2,0,0,1,1,31,2,42,0,1,7,4
43,0,2195529600,1,0,0,0,2,0,31,0,0,42,1,0,1
43,1,1859470019,1,1,0,0,1,1,31,0,30,12,0,0,2
43,2,670471575,1,2,0,0,3,1,30,6,42,0,1,1,2
43,3,334411994,1,3,0,0,2,0,30,6,0,42,1,1,3
43,4,1241176324,1,0,0,0,0,0,31,2,0,42,1,1,4
43,5,2299000415,1,1,0,0,3,1,30,9,34,8,1,2,4
43,6,1962940834,1,2,0,0,1,1,31,5,24,18,0,2,5
43,7,773942390,1,3,0,0,1,1,30,1,29,13,0,2,6
43,8,3927529255,1,0,0,0,3,1,30,4,39,3,1,3,6
43,9,1344647139,1,1,0,0,2,0,30,5,19,23,0,4,6
43,10,2402471230,1,2,0,0,0,0,31,3,6,36,1,4,7
44,0,2257154012,1,0,0,0,0,0,31,2,6,36,1,0,1
44,1,1115773581,1,1,0,0,3,1,30,3,42,0,1,1,1
44,2,2074258785,1,2,0,0,3,1,30,6,25,17,0,1,2
44,3,3885682852,1,3,0,0,3,1,31,4,35,7,1,2,2
44,4,3549623271,1,0,0,0,1,1,30,1,35,7,1,3,2
44,5,1555303977,1,1,0,0,2,0,30,6,0,42,1,3,3
44,6,1219244396,1,2,0,0,3,1,30,1,29,13,0,3,4
44,7,30245952,1,3,0,0,1,1,31,0,36,6,1,4,4
44,8,3989153667,1,0,0,0,2,0,30,3,7,35,1,4,5
44,9,1994834373,1,1,0,0,1,1,31,2,42,0,1,5,5
44,10,1658774792,1,2,0,0,1,1,31,4,28,14,0,5,6
44,11,1322715211,1,3,0,0,1,1,31,4,34,8,1,6,6
44,12,133716767,1,0,0,0,0,0,30,2,0,42,1,6,7
45,0,2032216273,1,0,0,0,3,1,30,4,41,1,1,1,0
45,1,1696156692,1,1,0,0,3,1,31,0,36,6,1,2,0
45,2,3507580759,1,2,0,0,1,1,30,2,40,2,1,3,0
45,3,4085459332,1,0,1,0,2,0,31,1,24,18,0,4,0
45,4,3324685532,1,1,0,0,3,1,31,4,41,1,1,5,0
45,5,2135687088,1,2,0,0,3,1,30,6,42,0,1,6,0
45,6,3947111155,1,3,0,0,3,1,31,9,42,0,1,7,0
46,0,4119181406,1,0,0,0,2,0,31,1,1,41,1,0,1
46,1,3783121825,1,1,0,0,0,0,30,4,13,29,0,1,1
46,2,2594123381,1,2,0,0,0,0,31,0,16,26,0,2,1
46,3,110580152,1,3,0,0,2,0,31,5,14,28,0,3,1
46,4,263744506,1,0,0,0,2,0,31,1,0,42,1,3,2
46,5,4222652221,1,1,0,0,1,1,31,5,42,0,1,4,2
46,6,1739108992,1,2,0,0,3,1,30,0,41,1,1,5,2
46,7,2697594196,1,3,0,0,3,1,30,2,30,12,1,6,2
46,8,214050967,1,0,0,0,3,1,31,4,24,18,0,6,3
46,9,367215321,1,1,0,0,1,1,32,0,42,0,1,7,3
47,0,2132661057,1,0,0,0,1,1,30,1,30,12,1,1,0
47,1,3944085124,1,1,0,0,2,0,30,9,11,31,1,1,1
47,2,1850426943,1,2,0,0,1,1,32,5,42,0,1,2,1
47,3,1514367362,1,3,0,0,1,1,31,1,31,11,1,3,1
47,4,2572191453,1,0,0,0,0,0,31,5,11,31,1,3,2
47,5,2236131872,1,1,0,0,0,0,30,2,23,19,0,4,2
47,6,995412554,1,2,0,0,0,0,31,4,18,24,0,5,2
47,7,1953897758,1,3,0,0,3,1,31,5,42,0,1,6,2
47,8,3765321825,1,0,0,0,3,1,31,0,42,0,1,7,2
48,0,565560520,1,0,0,0,1,1,30,9,42,0,1,1,0
48,1,3719147385,1,1,0,0,0,0,31,5,7,35,1,1,1
48,2,2530148941,1,2,0,0,1,1,31,1,35,7,1,2,1
48,3,2194089360,1,3,0,0,2,0,31,4,6,36,1,2,2
48,4,1858029779,1,0,0,0,3,1,32,6,41,1,1,3,2
48,5,4158677781,1,1,0,0,2,0,30,5,1,41,1,3,3
48,6,3822618200,1,2,0,0,0,0,30,5,2,40,1,3,4
48,7,2633619756,1,3,0,0,3,1,32,5,31,11,0,3,5
48,8,2297560175,1,0,0,0,3,1,30,5,36,6,1,4,5
48,9,3204324505,1,1,0,0,1,1,30,5,40,2,1,5,5
48,10,4262148596,1,2,0,0,0,0,30,5,2,40,1,5,6
48,11,3926089015,1,3,0,0,2,0,30,5,17,25,0,6,6
48,12,2737090571,1,0,0,0,1,1,30,2,42,0,1,7,6
49,0,4116831378,1,0,0,0,3,1,31,1,42,0,1,1,0
49,1,3780771797,1,1,0,0,1,1,30,0,35,7,1,2,0
49,2,3933936151,1,2,0,0,2,0,31,2,1,41,1,2,1
49,3,1450392922,1,3,0,0,3,1,31,6,40,2,1,3,1
49,4,1114333341,1,0,0,0,0,0,31,5,1,41,1,3,2
49,5,4220302193,1,1,0,0,3,1,31,2,42,0,1,4,2
49,6,3078921762,1,2,0,0,2,0,30,3,0,42,1,4,3
49,7,1889923318,1,3,0,0,3,1,32,0,42,0,1,5,3
49,8,1553863737,1,0,0,0,0,0,31,0,0,42,1,5,4
49,9,364865293,1,1,0,0,0,0,31,4,0,42,1,5,5
49,10,3518452158,1,2,0,0,0,0,30,1,7,35,1,5,6
49,11,3182392577,1,3,0,0,3,1,31,1,39,3,1,6,6
49,12,1993394133,1,0,0,0,2,0,30,6,6,36,1,6,7
50,0,180765379,1,0,0,0,3,1,31,3,42,0,1,1,0
50,1,1992189446,1,1,0,0,2,0,30,5,1,41,1,1,1
50,2,902529889,1,2,0,0,3,1,30,1,8,34,0,1,2
50,3,467131421,1,3,0,0,1,1,30,5,25,17,0,1,3
50,4,3620718286,1,0,0,0,3,1,31,4,33,9,1,2,3
50,5,2431719842,1,1,0,0,1,1,31,6,34,8,1,3,3
50,6,2095660261,1,2,0,0,2,0,32,3,0,42,1,3,4
50,7,3153484352,1,3,0,0,2,0,31,4,7,35,1,3,5
50,8,4060248682,1,0,0,0,3,1,32,2,41,1,1,4,5
50,9,723766590,1,1,0,0,1,1,31,4,42,0,1,5,5
50,10,2535190657,1,2,0,0,2,0,31,2,11,31,1,5,6
50,11,2199131076,1,3,0,0,2,0,31,4,1,41,1,5,7
51,0,2489212326,1,0,0,0,2,0,30,6,0,42,1,0,1
51,1,5669097,1,1,0,0,1,1,31,0,40,2,1,1,1
51,2,158833451,1,2,0,0,2,0,31,9,17,25,0,2,1
51,3,1970257518,1,3,0,0,1,1,30,1,40,2,1,3,1
51,4,2928742722,1,0,0,0,3,1,31,4,41,1,1,4,1
51,5,445199493,1,1,0,0,3,1,31,2,31,11,1,5,1
51,6,3598786358,1,2,0,0,0,0,30,1,7,35,1,5,2
51,7,262304266,1,3,0,0,0,0,30,1,0,42,1,5,3
51,8,2073728333,1,0,0,0,1,1,30,0,23,19,0,5,4
51,9,884729889,1,1,0,0,2,0,30,3,6,36,1,5,5
51,10,4038316754,1,2,0,0,1,1,31,5,31,11,1,6,5
51,11,3702257173,1,3,0,0,0,0,30,5,2,40,1,6,6
51,12,2513258729,1,0,0,0,0,0,31,4,0,42,1,6,7
52,0,116790939,1,0,0,0,3,1,31,2,36,6,1,1,0
52,1,4075698654,1,1,0,0,1,1,31,1,30,12,0,1,1
52,2,3739639073,1,2,0,0,0,0,30,0,0,42,1,1,2
52,3,2550640629,1,3,0,0,3,1,31,4,19,23,0,1,3
52,4,2214581048,1,0,0,0,1,1,30,3,26,16,0,1,4
52,5,220261754,1,1,0,0,0,0,30,9,18,24,0,2,4
52,6,4179169469,1,2,0,0,1,1,31,4,40,2,1,3,4
52,7,2990171025,1,3,0,0,3,1,31,0,19,23,0,3,5
52,8,2654111444,1,0,0,0,3,1,30,6,36,6,1,4,5
52,9,1512731013,1,1,0,0,3,1,31,2,10,32,0,4,6
52,10,323732569,1,2,0,0,3,1,30,3,33,9,1,5,6
52,11,2135156636,1,3,0,0,3,1,31,9,42,0,1,6,6
52,12,3093641840,1,0,0,0,3,1,31,4,35,7,1,7,6
53,0,2425237886,1,0,0,0,2,0,31,5,2,40,1,0,1
53,1,2089178305,1,1,0,0,1,1,31,5,39,3,1,1,1
53,2,94859011,1,2,0,0,0,0,31,2,28,14,0,2,1
53,3,4053766726,1,3,0,0,1,1,30,5,30,12,1,3,1
53,4,3717707145,1,0,0,0,3,1,31,0,24,18,0,3,2
53,5,2528708701,1,1,0,0,2,0,30,5,18,24,0,4,2
53,6,1387328270,1,2,0,0,3,1,30,2,41,1,1,5,2
53,7,198329826,1,3,0,0,1,1,31,5,30,12,0,5,3
53,8,4157237541,1,0,0,0,1,1,30,3,15,27,0,5,4
53,9,1673694312,1,1,0,0,1,1,32,0,36,6,1,6,4
53,10,1826858666,1,2,0,0,2,0,32,2,1,41,1,6,5
53,11,1490799085,1,3,0,0,2,0,30,5,18,24,0,7,5
54,0,2265380484,1,0,0,0,0,0,31,2,2,40,1,0,1
54,1,1929320903,1,1,0,0,1,1,31,4,42,0,1,1,1
54,2,4229968905,1,2,0,0,2,0,32,5,7,35,1,1,2
54,3,3893909324,1,3,0,0,3,1,30,5,12,30,0,1,3
54,4,2704910880,1,0,0,0,0,0,31,4,12,30,0,2,3
54,5,2368851299,1,1,0,0,3,1,31,1,14,28,0,2,4
54,6,1179852855,1,2,0,0,1,1,31,4,41,1,1,3,4
54,7,38472424,1,3,0,0,1,1,31,4,34,8,1,4,4
54,8,3997380139,1,0,0,0,3,1,30,9,41,1,1,5,4
54,9,2808381695,1,1,0,0,0,0,30,5,6,36,1,5,5
54,10,2472322114,1,2,0,0,2,0,31,1,6,36,1,5,6
54,11,478002820,1,3,0,0,2,0,30,1,0,42,1,5,7
55,0,797618834,1,0,0,0,0,0,31,1,7,35,1,0,1
55,1,3851866812,1,1,0,0,1,1,31,0,24,18,0,0,2
55,2,2762207255,1,2,0,0,1,1,31,6,35,7,1,1,2
55,3,278664026,1,3,0,0,3,1,33,3,25,17,0,1,3
55,4,1990749206,1,0,0,0,3,1,31,0,42,0,1,2,3
55,5,2143913560,1,1,0,0,0,0,30,0,2,40,1,2,4
55,6,3955337627,1,2,0,0,0,0,31,6,6,36,1,2,5
55,7,718194422,1,3,0,0,3,1,30,4,36,6,1,3,5
55,8,382134841,1,0,0,0,0,0,31,5,8,34,1,3,6
55,9,3488103693,1,1,0,0,3,1,30,1,40,2,1,4,6
55,10,99900727,1,2,0,0,1,1,30,5,35,7,1,5,6
55,11,4058808442,1,3,0,0,3,1,31,1,29,13,0,5,7
56,0,53922396,1,0,0,0,1,1,30,4,30,12,1,1,0
56,1,1865346463,1,1,0,0,3,1,31,2,41,1,1,2,0
56,2,2823831667,1,2,0,0,2,0,31,3,17,25,0,3,0
56,3,3829934884,1,3,0,0,3,1,31,6,42,0,1,4,0
56,4,493452792,1,0,0,0,3,1,30,6,30,12,1,5,0
56,5,2304876859,1,1,0,0,3,1,30,5,31,11,1,6,0
56,6,1968817278,1,2,0,0,1,1,31,0,42,0,1,7,0
57,0,2781789155,1,0,0,0,1,1,30,4,18,24,0,0,1
57,1,2445729574,1,1,0,0,3,1,30,4,41,1,1,1,1
57,2,1304349143,1,2,0,0,0,0,31,6,0,42,1,1,2
57,3,115350699,1,3,0,0,1,1,30,5,39,3,1,2,2
57,4,4074258414,1,0,0,0,2,0,31,4,2,40,1,2,3
57,5,2885259970,1,1,0,0,1,1,31,3,31,11,1,3,3
57,6,1743879539,1,2,0,0,1,1,31,6,42,0,1,4,3
57,7,554881095,1,3,0,0,2,0,31,5,8,34,1,4,4
57,8,218821514,1,0,0,0,1,1,30,2,31,11,1,5,4
57,9,2030245581,1,1,0,0,0,0,30,1,6,36,1,5,5
57,10,2183409935,1,2,0,0,1,1,31,2,40,2,1,6,5
57,11,1466743723,1,0,1,0,3,1,30,3,41,1,1,7,5
58,0,4284915252,1,0,0,0,0,0,32,0,7,35,1,0,1
58,1,3948855671,1,1,0,0,2,0,30,4,7,35,1,0,2
58,2,2759857227,1,2,0,0,1,1,31,5,42,0,1,1,2
58,3,1618476796,1,3,0,0,3,1,30,5,28,14,0,1,3
58,4,1282417215,1,0,0,0,3,1,31,2,41,1,1,2,3
58,5,93418771,1,1,0,0,2,0,30,4,16,26,0,3,3
58,6,4052326486,1,2,0,0,3,1,30,3,35,7,1,4,3
58,7,2058007192,1,3,0,0,3,1,31,4,42,0,1,5,3
58,8,1721947611,1,0,0,0,3,1,31,2,42,0,1,6,3
58,9,3533371678,1,1,0,0,2,0,30,1,19,23,0,7,3
59,0,3301653751,1,0,0,0,3,1,30,5,29,13,0,0,1
59,1,2160273320,1,1,0,0,0,0,31,3,18,24,0,1,1
59,2,3118758524,1,2,0,0,1,1,31,6,19,23,0,1,2
59,3,635215295,1,3,0,0,3,1,31,4,29,13,0,1,3
59,4,299155714,1,0,0,0,1,1,30,4,29,13,0,1,4
59,5,2599803716,1,1,0,0,2,0,30,4,1,41,1,1,5
59,6,2263744135,1,2,0,0,0,0,30,3,0,42,1,1,6
59,7,1074745691,1,3,0,0,2,0,31,5,1,41,1,1,7
60,0,2657296200,1,0,0,0,1,1,30,4,29,13,0,0,1
60,1,173752971,1,1,0,0,0,0,30,1,10,32,1,0,2
60,2,326917325,1,2,0,0,1,1,31,1,34,8,1,1,2
60,3,2138341392,1,3,0,0,1,1,31,2,34,8,1,2,2
60,4,3850426572,1,0,0,0,3,1,31,4,34,8,1,3,2
60,5,613283367,1,1,0,0,3,1,31,0,30,12,0,3,3
60,6,277223786,1,2,0,0,0,0,31,1,17,25,0,4,3
60,7,2577871788,1,3,0,0,2,0,30,6,6,36,1,4,4
60,8,2241812207,1,0,0,0,3,1,31,3,36,6,1,5,4
60,9,1052813763,1,1,0,0,1,1,30,0,35,7,1,6,4
60,10,716754182,1,2,0,0,0,0,31,1,12,30,0,7,4
61,0,1913599762,1,0,0,0,1,1,30,0,29,13,0,0,1
61,1,3725023829,1,1,0,0,0,0,30,2,0,42,1,0,2
61,2,388541737,1,2,0,0,1,1,30,0,42,0,1,1,2
61,3,3966842821,1,0,1,0,0,0,32,6,8,34,1,1,3
61,4,2353130158,1,1,0,0,2,0,30,1,17,25,0,2,3
61,5,4164554225,1,2,0,0,1,1,31,6,24,18,0,2,4
61,6,3828494644,1,3,0,0,3,1,31,3,25,17,0,2,5
61,7,2639496200,1,0,0,0,0,0,30,4,2,40,1,2,6
61,8,1498115769,1,1,0,0,3,1,30,3,39,3,1,3,6
61,9,309117325,1,2,0,0,2,0,31,1,17,25,0,4,6
61,10,4268025040,1,3,0,0,3,1,31,3,31,11,1,5,6
61,11,3931965459,1,0,0,0,2,0,30,4,0,42,1,5,7
62,0,346499225,1,0,0,0,3,1,31,4,36,6,1,1,0
62,1,10439644,1,1,0,0,1,1,32,2,41,1,1,2,0
62,2,1821863711,1,2,0,0,1,1,31,4,19,23,0,2,1
62,3,1975028065,1,3,0,0,0,0,30,5,6,36,1,2,2
62,4,1638968484,1,0,0,0,2,0,30,5,1,41,1,2,3
62,5,449970040,1,1,0,0,2,0,30,5,12,30,1,2,4
62,6,113910459,1,2,0,0,0,0,30,9,13,29,0,3,4
62,7,2414558461,1,3,0,0,3,1,31,4,30,12,0,3,5
62,8,2078498880,1,0,0,0,1,1,30,2,36,6,1,4,5
62,9,3889922947,1,1,0,0,1,1,31,0,24,18,0,4,6
62,10,2800263390,1,2,0,0,1,1,31,4,18,24,0,4,7
63,0,2433464358,1,0,0,0,1,1,30,2,22,20,0,0,1
63,1,2097404777,1,1,0,0,0,0,31,1,11,31,1,0,2
63,2,908406333,1,2,0,0,1,1,31,6,36,6,1,1,2
63,3,4061993198,1,3,0,0,3,1,32,1,31,11,0,1,3
63,4,2872994754,1,0,0,0,3,1,31,4,35,7,1,2,3
63,5,2536935173,1,1,0,0,1,1,30,6,41,1,1,3,3
63,6,53391944,1,2,0,0,3,1,30,1,33,9,1,4,3
63,7,206556298,1,3,0,0,2,0,30,6,0,42,1,4,4
63,8,4165464013,1,0,0,0,3,1,31,0,30,12,0,4,5
63,9,2976465569,1,1,0,0,3,1,30,9,41,1,1,5,5
63,10,492922340,1,2,0,0,3,1,30,1,42,0,1,6,5
63,11,1451407544,1,3,0,0,3,1,31,1,14,28,0,6,6
63,12,310027113,1,0,0,0,1,1,30,2,30,12,1,7,6
64,0,866363821,1,0,0,0,3,1,31,2,24,18,0,0,1
64,1,530304240,1,1,0,0,2,0,30,5,0,42,1,0,2
64,2,683468594,1,2,0,0,1,1,30,1,24,18,0,0,3
64,3,2494892661,1,3,0,0,3,1,31,4,42,0,1,1,3
64,4,2158833080,1,0,0,0,2,0,30,6,7,35,1,1,4
64,5,969834636,1,1,0,0,1,1,32,2,35,7,1,2,4
64,6,4123421501,1,2,0,0,1,1,31,9,24,18,0,2,5
64,7,2934423057,1,3,0,0,1,1,31,5,24,18,0,2,6
64,8,2598363476,1,0,0,0,2,0,30,1,23,19,0,3,6
64,9,1409365032,1,1,0,0,3,1,30,2,42,0,1,4,6
64,10,1073305451,1,2,0,0,0,0,31,2,0,42,1,4,7
65,0,222006270,1,0,0,0,0,0,31,6,8,34,1,0,1
65,1,2033430337,1,1,0,0,1,1,31,6,42,0,1,1,1
65,2,2991915541,1,2,0,0,2,0,31,1,2,40,1,1,2
65,3,508372312,1,3,0,0,3,1,31,1,29,13,0,1,3
65,4,1415136642,1,0,0,0,1,1,30,0,42,0,1,2,3
65,5,2472960733,1,1,0,0,1,1,31,3,25,17,0,2,4
65,6,2136901152,1,2,0,0,3,1,30,2,25,17,0,2,5
65,7,947902708,1,3,0,0,3,1,31,1,42,0,1,3,5
65,8,4101489573,1,0,0,0,3,1,31,4,42,0,1,4,5
65,9,2912491129,1,1,0,0,0,0,31,0,11,31,1,4,6
65,10,2576431548,1,2,0,0,1,1,30,4,42,0,1,5,6
65,11,2240371967,1,3,0,0,3,1,32,4,23,19,0,5,7
66,0,2431114330,1,0,0,0,3,1,30,6,26,16,0,0,1
66,1,1289733899,1,1,0,0,3,1,30,3,35,7,1,1,1
66,2,2248219103,1,2,0,0,3,1,30,6,42,0,1,2,1
66,3,4059643170,1,3,0,0,2,0,32,4,6,36,1,2,2
66,4,723161078,1,0,0,0,3,1,30,5,19,23,0,2,3
66,5,1729264295,1,1,0,0,0,0,32,0,11,31,0,3,3
66,6,1393204714,1,2,0,0,1,1,30,5,30,12,1,4,3
66,7,204206270,1,3,0,0,3,1,32,1,41,1,1,5,3
66,8,4163113985,1,0,0,0,0,0,32,9,12,30,0,6,3
66,9,21311043,1,1,0,0,0,0,31,2,2,40,1,6,4
66,10,1832735110,1,2,0,0,3,1,30,4,42,0,1,7,4
67,0,2790015627,1,0,0,0,3,1,30,5,42,0,1,1,0
67,1,2453956046,1,1,0,0,1,1,31,2,40,2,1,2,0
67,2,3511780137,1,2,0,0,1,1,30,5,41,1,1,3,0
67,3,123577171,1,3,0,0,3,1,31,5,23,19,0,3,1
67,4,3229546023,1,0,0,0,2,0,30,4,15,27,0,4,1
67,5,2893486442,1,1,0,0,2,0,30,6,0,42,1,4,2
67,6,409943213,1,2,0,0,0,0,31,5,0,42,1,4,3
67,7,563107567,1,3,0,0,1,1,31,1,36,6,1,5,3
67,8,2374531634,1,0,0,0,3,1,31,1,41,1,1,6,3
67,9,3333016838,1,1,0,0,1,1,31,6,18,24,0,6,4
67,10,849473609,1,2,0,0,2,0,31,1,12,30,0,7,4
68,0,4293141724,1,0,0,0,0,0,30,1,8,34,1,0,1
68,1,3957082143,1,1,0,0,2,0,30,4,12,30,1,0,2
68,2,2768083699,1,2,0,0,1,1,31,4,42,0,1,1,2
68,3,2432024118,1,3,0,0,3,1,30,5,42,0,1,2,2
68,4,437704824,1,0,0,0,0,0,31,5,0,42,1,2,3
68,5,101645243,1,1,0,0,1,1,32,2,25,17,0,2,4
68,6,1913069310,1,2,0,0,1,1,31,0,40,2,1,3,4
68,7,2871554514,1,3,0,0,3,1,30,3,17,25,0,3,5
68,8,388011285,1,0,0,0,2,0,31,0,17,25,0,4,5
68,9,541175639,1,1,0,0,1,1,31,6,23,19,0,4,6
68,10,2352599706,1,2,0,0,1,1,31,0,19,23,0,4,7
69,0,2726041187,1,0,0,0,3,1,31,2,30,12,0,0,1
69,1,2389981606,1,1,0,0,0,0,31,5,0,42,1,0,2
69,2,1200983162,1,2,0,0,0,0,31,1,0,42,1,0,3
69,3,59602731,1,3,0,0,3,1,30,0,41,1,1,1,3
69,4,3637903815,1,1,1,0,2,0,30,9,0,42,1,1,4
69,5,2829512002,1,2,0,0,2,0,31,5,11,31,1,1,5
69,6,2112845790,1,0,1,0,3,1,31,4,42,0,1,2,5
69,7,1304453977,1,1,0,0,1,1,30,6,19,23,0,2,6
69,8,163073546,1,2,0,0,1,1,31,6,24,18,0,2,7
70,0,739520838,1,0,0,0,1,1,30,0,40,2,1,1,0
70,1,3893107703,1,1,0,0,1,1,31,4,2,40,0,1,1
70,2,556625611,1,2,0,0,1,1,31,2,42,0,1,2,1
70,3,2368049678,1,3,0,0,1,1,31,2,25,17,0,2,2
70,4,2031990097,1,0,0,0,2,0,30,3,6,36,1,2,3
70,5,37670803,1,1,0,0,1,1,31,0,42,0,1,3,3
70,6,3996578518,1,2,0,0,0,0,31,9,19,23,0,4,3
70,7,180150908,1,0,1,0,3,1,30,6,42,0,1,5,3
70,8,2471520493,1,1,0,0,1,1,31,6,41,1,1,6,3
70,9,477201199,1,2,0,0,1,1,30,3,31,11,1,7,3
71,0,1098422135,1,0,0,0,3,1,31,9,25,17,0,0,1
71,1,2909846202,1,1,0,0,1,1,31,0,29,13,0,0,2
71,2,3868331406,1,2,0,0,1,1,31,3,35,7,1,1,2
71,3,2726950975,1,3,0,0,1,1,31,5,36,6,1,2,2
71,4,1537952531,1,0,0,0,3,1,31,4,42,0,1,3,2
71,5,3349376598,1,1,0,0,0,0,31,0,0,42,1,3,3
71,6,3013317017,1,2,0,0,2,0,31,4,1,41,1,3,4
71,7,3166481371,1,3,0,0,3,1,31,2,24,18,0,3,5
71,8,682938142,1,0,0,0,2,0,31,0,28,14,0,4,5
71,9,1641423346,1,1,0,0,1,1,30,0,26,16,0,4,6
71,10,3452847413,1,2,0,0,1,1,30,4,29,13,0,4,7
72,0,354725697,1,0,0,0,3,1,31,0,42,0,1,1,0
72,1,18666116,1,1,0,0,1,1,31,0,20,22,0,1,1
72,2,1076490207,1,2,0,0,1,1,31,3,42,0,1,2,1
72,3,2887914274,1,3,0,0,1,1,30,6,42,0,1,3,1
72,4,794256093,1,0,0,0,1,1,30,1,36,6,1,4,1
72,5,458196512,1,1,0,0,1,1,32,2,30,12,0,4,2
72,6,2269620579,1,2,0,0,0,0,31,4,7,35,1,4,3
72,7,1179961022,1,3,0,0,0,0,30,4,3,39,1,4,4
72,8,4234209000,1,0,0,0,3,1,31,0,42,0,1,5,4
72,9,897726908,1,1,0,0,3,1,31,4,18,24,0,5,5
72,10,2709150975,1,2,0,0,3,1,30,3,25,17,0,5,6
72,11,1619491418,1,3,0,0,3,1,31,5,29,13,0,5,7
73,0,2663172644,1,0,0,0,3,1,31,4,14,28,0,0,1
73,1,179629415,1,1,0,0,0,0,30,6,0,42,1,0,2
73,2,332793769,1,2,0,0,2,0,31,3,0,42,1,0,3
73,3,4291701484,1,3,0,0,3,1,31,3,41,1,1,1,3
73,4,3102703040,1,0,0,0,2,0,30,1,0,42,1,1,4
73,5,2766643459,1,1,0,0,3,1,30,1,42,0,1,2,4
73,6,3772746676,1,2,0,0,2,0,30,2,13,29,0,3,4
73,7,436264584,1,3,0,0,2,0,30,1,6,36,1,3,5
73,8,2247688651,1,0,0,0,0,0,31,0,17,25,0,4,5
73,9,3206173855,1,1,0,0,3,1,31,5,18,24,0,4,6
73,10,4212277072,1,2,0,0,1,1,30,4,34,8,1,5,6
73,11,875794980,1,3,0,0,3,1,31,6,29,13,0,5,7
74,0,2438234905,1,0,0,0,0,0,32,5,2,40,1,0,1
74,1,4249658972,1,1,0,0,0,0,31,2,7,35,1,0,2
74,2,3060660528,1,2,0,0,2,0,30,5,22,20,0,1,2
74,3,2724600947,1,3,0,0,2,0,31,6,0,42,1,1,3
74,4,2388541366,1,0,0,0,3,1,31,4,36,6,1,2,3
74,5,394222072,1,1,0,0,3,1,30,4,18,24,0,2,4
74,6,58162491,1,2,0,0,1,1,31,0,29,13,0,2,5
74,7,3164131343,1,3,0,0,0,0,30,2,18,24,0,3,5
74,8,2828071762,1,0,0,0,0,0,31,1,22,20,0,4,5
74,9,833752468,1,1,0,0,3,1,30,3,42,0,1,5,5
74,10,497692887,1,2,0,0,0,0,30,6,25,17,0,6,5
74,11,161633306,1,3,0,0,2,0,31,2,0,42,1,6,6
74,12,3267602158,1,0,0,0,3,1,31,0,42,0,1,7,6
75,0,3183037240,1,0,0,0,3,1,31,5,20,22,0,0,1
75,1,2041656809,1,1,0,0,1,1,31,4,42,0,1,1,1
75,2,852658365,1,2,0,0,1,1,31,2,25,17,0,1,2
75,3,516598784,1,3,0,0,2,0,31,6,7,35,1,1,3
75,4,3622567636,1,0,0,0,1,1,30,6,25,17,0,1,4
75,5,2481187205,1,1,0,0,1,1,31,4,42,0,1,2,4
75,6,1292188761,1,2,0,0,1,1,30,2,35,7,1,3,4
75,7,956129180,1,3,0,0,3,1,31,2,25,17,0,3,5
75,8,620069599,1,0,0,0,2,0,30,2,9,33,1,3,6
75,9,2920717601,1,1,0,0,2,0,30,9,0,42,1,3,7
76,0,2958099501,1,0,0,0,0,0,31,4,0,42,1,0,1
76,1,474556272,1,1,0,0,0,0,31,4,2,40,1,0,2
76,2,1433041476,1,2,0,0,0,0,30,4,1,41,1,0,3
76,3,3244465543,1,3,0,0,3,1,31,3,29,13,0,0,4
76,4,3397629897,1,0,0,0,1,1,30,3,42,0,1,1,4
76,5,3061570316,1,1,0,0,1,1,31,0,19,23,0,1,5
76,6,578027087,1,2,0,0,1,1,31,1,31,11,1,2,5
76,7,3683995939,1,3,0,0,2,0,31,6,7,35,1,2,6
76,8,2542615508,1,0,0,0,2,0,30,1,0,42,1,2,7
77,0,971579152,1,0,0,0,3,1,32,6,29,13,0,0,1
77,1,1878343482,1,1,0,0,1,1,31,6,35,7,1,1,1
77,2,2936167573,1,2,0,0,2,0,31,4,6,36,1,1,2
77,3,452624344,1,3,0,0,3,1,30,5,42,0,1,2,2
77,4,1411109548,1,0,0,0,2,0,31,1,0,42,1,2,3
77,5,2317873878,1,1,0,0,3,1,31,0,30,12,0,2,4
77,6,4129297945,1,2,0,0,1,1,31,9,34,8,1,3,4
77,7,3039638388,1,3,0,0,0,0,30,4,6,36,1,3,5
77,8,556095159,1,0,0,0,0,0,30,5,0,42,1,3,6
77,9,3662064011,1,1,0,0,3,1,31,0,36,6,1,4,6
77,10,273861045,1,2,0,0,1,1,31,4,41,1,1,5,6
77,11,3479168784,1,3,0,0,3,1,31,2,42,0,1,6,6
77,12,995625555,1,0,0,0,2,0,31,0,11,31,1,6,7
78,0,2894125061,1,0,0,0,2,0,30,5,18,24,0,1,0
78,1,2558065480,1,1,0,0,0,0,31,0,0,42,1,1,1
78,2,1369067036,1,2,0,0,1,1,30,1,20,22,0,1,2
78,3,1033007455,1,3,0,0,3,1,31,5,30,12,0,1,3
78,4,4186594320,1,0,0,0,3,1,31,5,36,6,1,2,3
78,5,370166710,1,2,1,0,2,0,31,0,1,41,1,2,4
78,6,2661536295,1,3,0,0,3,1,32,4,42,0,1,3,4
78,7,1472537851,1,0,0,0,0,0,32,0,0,42,1,3,5
78,8,1136478270,1,1,0,0,1,1,31,4,41,1,1,4,5
78,9,4290065135,1,2,0,0,3,1,30,5,29,13,0,4,6
78,10,3101066691,1,3,0,0,1,1,30,3,36,6,1,5,6
78,11,617523462,1,0,0,0,1,1,30,9,26,16,0,5,7
79,0,3539588509,1,0,0,0,0,0,32,2,23,19,0,1,0
79,1,2398208078,1,1,0,0,2,0,30,1,2,40,1,1,1
79,2,1209209634,1,2,0,0,2,0,31,5,28,14,0,2,1
79,3,873150053,1,3,0,0,3,1,30,0,30,12,1,3,1
79,4,3979118905,1,0,0,0,3,1,31,3,25,17,0,3,2
79,5,2837738474,1,1,0,0,1,1,32,5,26,16,0,3,3
79,6,2501678893,1,2,0,0,3,1,30,6,24,18,0,3,4
79,7,1312680449,1,3,0,0,1,1,31,4,35,7,1,4,4
79,8,3124104516,1,0,0,0,3,1,31,6,40,2,1,5,4
79,9,3277268870,1,1,0,0,1,1,30,9,42,0,1,6,4
79,10,2941209289,1,2,0,0,1,1,30,4,41,1,1,7,4
80,0,2415285440,1,1,1,0,1,1,31,4,28,14,0,0,1
80,1,411687729,1,2,0,0,1,1,31,3,39,3,1,1,1
80,2,2712335731,1,3,0,0,0,0,30,0,6,36,1,1,2
80,3,2376276150,1,0,0,0,3,1,31,4,42,0,1,2,2
80,4,1187277706,1,1,0,0,0,0,30,1,0,42,1,2,3
80,5,851218125,1,2,0,0,2,0,31,2,16,26,0,3,3
80,6,3151866127,1,3,0,0,1,1,30,0,21,21,0,3,4
80,7,2815806546,1,0,0,0,1,1,30,5,22,20,0,3,5
80,8,2479746965,1,1,0,0,1,1,32,4,41,1,1,4,5
80,9,1290748521,1,2,0,0,1,1,31,3,24,18,0,4,6
80,10,149368090,1,3,0,0,0,0,30,4,29,13,0,5,6
80,11,3255336942,1,0,0,0,0,0,30,4,1,41,1,5,7
81,0,1328130421,1,0,0,0,3,1,30,4,19,23,0,0,1
81,1,2334233638,1,1,0,0,1,1,31,1,36,6,1,1,1
81,2,3292718842,1,2,0,0,2,0,30,5,9,33,1,1,2
81,3,809175613,1,3,0,0,2,0,32,0,21,21,0,2,2
81,4,1767660817,1,0,0,0,3,1,31,5,34,8,1,3,2
81,5,626280386,1,1,0,0,1,1,31,9,31,11,1,4,2
81,6,2437704453,1,2,0,0,1,1,31,9,35,7,1,5,2
81,7,3015583026,1,0,1,0,0,0,30,3,12,30,1,5,3
81,8,912646428,1,1,0,0,0,0,31,5,8,34,1,5,4
81,9,1065810782,1,2,0,0,0,0,31,6,0,42,1,5,5
81,10,2877234849,1,3,0,0,3,1,31,0,30,12,0,5,6
81,11,2541175268,1,0,0,0,3,1,31,4,41,1,1,6,6
81,12,1352176824,1,1,0,0,1,1,31,4,31,11,1,7,6
82,0,2831256518,1,0,0,0,0,0,31,4,0,42,1,0,1
82,1,4162735067,1,2,1,0,1,1,31,4,33,9,1,1,1
82,2,500877643,1,3,0,0,3,1,31,3,25,17,0,1,2
82,3,164818062,1,0,0,0,2,0,31,0,18,24,0,2,2
82,4,3270786914,1,1,0,0,2,0,30,5,0,42,1,2,3
82,5,787243685,1,2,0,0,1,1,31,3,30,12,0,2,4
82,6,451184104,1,3,0,0,3,1,31,9,42,0,1,3,4
82,7,604348458,1,0,0,0,2,0,31,3,17,25,0,4,4
82,8,2415772525,1,1,0,0,1,1,30,4,41,1,1,5,4
82,9,1226774081,1,2,0,0,2,0,31,0,1,41,1,5,5
82,10,890714500,1,3,0,0,3,1,31,3,29,13,0,5,6
82,11,1043878854,1,0,0,0,3,1,30,6,31,11,1,6,6
82,12,2855302921,1,1,0,0,2,0,30,1,12,30,1,6,7
83,0,1264155981,1,0,0,0,0,0,31,0,0,42,1,0,1
83,1,122775550,1,1,0,0,1,1,31,2,42,0,1,1,1
83,2,3228744402,1,2,0,0,2,0,32,4,2,40,1,1,2
83,3,2892684821,1,3,0,0,1,1,30,2,20,22,0,1,3
83,4,2556625240,1,0,0,0,3,1,32,4,28,14,0,1,4
83,5,1367626796,1,1,0,0,3,1,30,4,42,0,1,2,4
83,6,226246365,1,2,0,0,3,1,30,6,24,18,0,2,5
83,7,3332215217,1,3,0,0,3,1,31,4,19,23,0,2,6
83,8,2996155636,1,0,0,0,3,1,31,4,36,6,1,3,6
83,9,512612407,1,1,0,0,3,1,31,3,42,0,1,4,6
83,10,665776761,1,2,0,0,3,1,30,6,41,1,1,5,6
83,11,2477200828,1,3,0,0,3,1,31,2,42,0,1,6,6
83,12,3435686032,1,0,0,0,1,1,30,1,41,1,1,7,6
84,0,1104298579,1,0,0,0,3,1,31,5,30,12,0,0,1
84,1,768238998,1,1,0,0,1,1,31,0,34,8,1,1,1
84,2,3068887000,1,2,0,0,1,1,31,1,36,6,1,2,1
84,3,2732827419,1,3,0,0,3,1,31,5,36,6,1,3,1
84,4,1543828975,1,0,0,0,3,1,31,4,23,19,0,3,2
84,5,1207769394,1,1,0,0,1,1,31,2,42,0,1,4,2
84,6,66388963,1,2,0,0,1,1,30,5,25,17,0,4,3
84,7,3172357815,1,3,0,0,3,1,32,4,36,6,1,5,3
84,8,2836298234,1,0,0,0,1,1,30,5,41,1,1,6,3
84,9,1647299790,1,1,0,0,1,1,31,2,42,0,1,7,3
85,0,1784020577,1,0,0,0,1,1,30,3,36,6,1,1,0
85,1,2690784907,1,1,0,0,3,1,30,6,30,12,1,2,0
85,2,1601125350,1,2,0,0,0,0,30,1,0,42,1,2,1
85,3,3412549417,1,3,0,0,2,0,31,1,17,25,0,3,1
85,4,3076489836,1,0,0,0,3,1,31,6,13,29,0,3,2
85,5,1082170542,1,1,0,0,3,1,31,0,18,24,0,3,3
85,6,2794255722,1,2,0,0,3,1,30,1,25,17,0,3,4
85,7,3852079813,1,3,0,0,3,1,31,2,42,0,1,4,4
85,8,3516020232,1,0,0,0,1,1,30,9,28,14,0,4,5
85,9,1521700938,1,1,0,0,1,1,31,2,35,7,1,5,5
85,10,1185641357,1,2,0,0,0,0,31,1,13,29,0,6,5
85,11,849581776,1,3,0,0,1,1,30,4,20,22,0,6,6
85,12,1328121462,1,1,1,0,1,1,30,5,42,0,1,7,6
86,0,3187807787,1,0,0,0,2,0,31,0,11,31,1,0,1
86,1,704264558,1,1,0,0,1,1,31,4,19,23,0,0,2
86,2,857428912,1,2,0,0,1,1,30,5,25,17,0,0,3
86,3,2668852979,1,3,0,0,2,0,31,5,12,30,0,1,3
86,4,3627338183,1,0,0,0,3,1,31,0,31,11,1,2,3
86,5,1143794954,1,1,0,0,1,1,31,6,29,13,0,2,4
86,6,2414523,1,2,0,0,0,0,30,4,0,42,1,2,5
86,7,3108383375,1,3,0,0,3,1,31,4,42,0,1,3,5
86,8,2772323794,1,0,0,0,1,1,30,6,42,0,1,4,5
86,9,1583325350,1,1,0,0,2,0,30,9,14,28,0,5,5
86,10,1247265769,1,2,0,0,1,1,31,6,42,0,1,6,5
86,11,105885338,1,3,0,0,3,1,31,1,24,18,0,6,6
86,12,3211854190,1,0,0,0,0,0,31,6,0,42,1,6,7
87,0,395966588,1,0,0,0,1,1,30,4,34,8,1,1,0
87,1,2207390655,1,1,0,0,2,0,30,0,0,42,1,1,1
87,2,3165875859,1,2,0,0,1,1,31,2,41,1,1,2,1
87,3,682332630,1,3,0,0,2,0,31,5,0,42,1,2,2
87,4,835496984,1,0,0,0,3,1,32,3,28,14,0,2,3
87,5,2646921051,1,1,0,0,1,1,31,3,42,0,1,3,3
87,6,2310861470,1,2,0,0,0,0,30,2,2,40,1,3,4
87,7,1121863026,1,3,0,0,3,1,31,3,28,14,0,3,5
87,8,4275449891,1,0,0,0,3,1,31,3,19,23,0,3,6
87,9,3086451447,1,1,0,0,1,1,32,6,36,6,1,4,6
87,10,2750391866,1,2,0,0,1,1,31,0,42,0,1,5,6
87,11,2414332285,1,3,0,0,2,0,31,2,12,30,0,6,6
87,12,420012991,1,0,0,0,2,0,30,4,6,36,1,6,7
88,0,3707672383,1,0,0,0,3,1,31,5,36,6,1,1,0
88,1,3371612802,1,1,0,0,1,1,31,4,36,6,1,2,0
88,2,1377293508,1,2,0,0,1,1,31,4,41,1,1,3,0
88,3,1041233927,1,3,0,0,1,1,30,5,35,7,1,4,0
88,4,4147202779,1,0,0,0,1,1,30,4,17,25,0,4,1
88,5,3811143198,1,1,0,0,2,0,30,4,0,42,1,4,2
88,6,522279119,1,2,0,0,2,0,31,9,1,41,1,4,3
88,7,1480764323,1,3,0,0,1,1,30,3,42,0,1,5,3
88,8,3292188390,1,0,0,0,3,1,31,4,42,0,1,6,3
88,9,4250673594,1,1,0,0,2,0,30,1,0,42,1,6,4
88,10,3109293163,1,2,0,0,3,1,30,1,30,12,1,7,4
89,0,2963975945,1,0,0,0,3,1,31,1,24,18,0,0,1
89,1,2627916364,1,1,0,0,0,0,31,6,0,42,1,0,2
89,2,3685740455,1,2,0,0,1,1,30,9,42,0,1,1,2
89,3,297537489,1,3,0,0,3,1,31,0,41,1,1,2,2
89,4,3403506341,1,0,0,0,2,0,30,5,0,42,1,2,3
89,5,3067446760,1,1,0,0,1,1,31,2,35,7,1,3,3
89,6,583903531,1,2,0,0,1,1,31,4,33,9,1,4,3
89,7,737067885,1,3,0,0,3,1,31,0,14,28,0,4,4
89,8,401008304,1,0,0,0,0,0,30,5,1,41,1,4,5
89,9,3506977156,1,1,0,0,1,1,33,4,35,7,1,5,5
89,10,1023433927,1,2,0,0,3,1,30,0,14,28,0,5,6
89,11,1176598281,1,3,0,0,1,1,30,5,19,23,0,5,7
90,0,3643697943,1,0,0,0,0,0,31,5,0,42,1,0,1
90,1,3307638362,1,1,0,0,1,1,32,4,15,27,0,0,2
90,2,3460802716,1,2,0,0,1,1,31,3,30,12,0,0,3
90,3,977259487,1,3,0,0,0,0,30,1,22,20,0,1,3
90,4,641199906,1,0,0,0,0,0,31,0,23,19,0,2,3
90,5,3747168758,1,1,0,0,0,0,30,1,7,35,1,2,4
90,6,2605788327,1,2,0,0,2,0,32,1,12,30,0,3,4
90,7,1416789883,1,3,0,0,0,0,30,1,13,29,0,4,4
90,8,1080730302,1,0,0,0,2,0,30,5,7,35,1,4,5
90,9,4186699154,1,1,0,0,1,1,32,1,41,1,1,5,5
90,10,3045318723,1,2,0,0,1,1,30,9,25,17,0,5,6
90,11,2709259142,1,3,0,0,3,1,31,4,30,12,0,5,7
91,0,752517857,1,0,0,0,1,1,30,6,25,17,0,0,1
91,1,2563941924,1,1,0,0,1,1,31,4,36,6,1,1,1
91,2,3522427128,1,2,0,0,2,0,30,0,2,40,1,1,2
91,3,233563049,1,3,0,0,3,1,30,5,29,13,0,1,3
91,4,3811864133,1,1,1,0,3,1,30,9,42,0,1,2,3
91,5,3003472320,1,2,0,0,2,0,31,3,2,40,1,2,4
91,6,2667412739,1,3,0,0,1,1,30,6,35,7,1,3,4
91,7,1478414295,1,0,0,0,0,0,31,2,0,42,1,3,5
91,8,337033864,1,1,0,0,1,1,30,1,30,12,1,4,5
91,9,3443002716,1,2,0,0,1,1,30,3,26,16,0,4,6
91,10,3106943135,1,3,0,0,0,0,30,4,1,41,1,4,7
92,0,691999342,1,0,0,0,3,1,31,1,42,0,1,1,0
92,1,1650484546,1,1,0,0,2,0,30,1,27,15,0,2,0
92,2,3461908613,1,2,0,0,3,1,30,3,42,0,1,3,0
92,3,3125849032,1,3,0,0,1,1,30,1,26,16,0,3,1
92,4,1131529738,1,0,0,0,0,0,31,0,13,29,0,4,1
92,5,795470157,1,1,0,0,1,1,31,3,42,0,1,5,1
92,6,3901439009,1,2,0,0,1,1,31,0,31,11,1,6,1
92,7,3565379428,1,3,0,0,3,1,32,4,36,6,1,7,1
93,0,1272382453,1,0,0,0,3,1,30,9,30,12,1,1,0
93,1,936322872,1,1,0,0,3,1,30,1,20,22,0,1,1
93,2,4042291724,1,2,0,0,1,1,30,4,42,0,1,2,1
93,3,2900911293,1,3,0,0,3,1,30,1,34,8,1,3,1
93,4,1711912849,1,0,0,0,2,0,31,3,1,41,1,3,2
93,5,1375853268,1,1,0,0,1,1,32,0,42,0,1,4,2
93,6,3187277335,1,2,0,0,0,0,30,4,0,42,1,4,3
93,7,3340441689,1,3,0,0,3,1,31,1,42,0,1,5,3
93,8,856898460,1,0,0,0,3,1,31,4,28,14,0,5,4
93,9,1815383664,1,1,0,0,2,0,30,2,11,31,1,5,5
93,10,3626807731,1,2,0,0,1,1,30,1,42,0,1,6,5
93,11,3779972085,1,3,0,0,3,1,31,6,22,20,0,6,6
93,12,1296428856,1,0,0,0,3,1,30,1,35,7,1,7,6
94,0,528686015,1,0,0,0,1,1,30,0,42,0,1,1,0
94,1,192626434,1,1,0,0,2,0,30,6,22,20,0,2,0
94,2,1250450525,1,2,0,0,1,1,30,1,42,0,1,3,0
94,3,914390944,1,3,0,0,2,0,32,0,7,35,1,3,1
94,4,968216411,1,0,0,0,2,0,30,1,28,14,0,4,1
94,5,632156830,1,1,0,0,1,1,31,3,30,12,0,4,2
94,6,2443580897,1,2,0,0,1,1,31,0,36,6,1,5,2
94,7,1353921340,1,3,0,0,3,1,32,4,42,0,1,6,2
94,8,2260685670,1,0,0,0,2,0,31,4,7,35,1,6,3
94,9,3318509761,1,1,0,0,1,1,32,4,42,0,1,7,3
95,0,1208408013,1,0,0,0,2,0,31,0,0,42,1,0,1
95,1,872348432,1,1,0,0,1,1,31,4,40,2,1,1,1
95,2,3978317284,1,2,0,0,0,0,30,5,3,39,1,1,2
95,3,2836936853,1,3,0,0,2,0,30,1,0,42,1,1,3
95,4,2500877272,1,0,0,0,1,1,30,2,25,17,0,1,4
95,5,1311878828,1,1,0,0,1,1,31,2,33,9,1,2,4
95,6,975819247,1,2,0,0,1,1,31,4,41,1,1,3,4
95,7,3276467249,1,3,0,0,3,1,31,5,42,0,1,4,4
95,8,2940407668,1,0,0,0,3,1,30,4,30,12,1,5,4
95,9,1751409224,1,1,0,0,3,1,30,0,30,12,1,6,4
95,10,1415349643,1,2,0,0,3,1,30,4,25,17,0,6,5
95,11,1079290062,1,3,0,0,0,0,30,0,8,34,1,6,6
95,12,3379938064,1,0,0,0,3,1,31,9,17,25,0,6,7
96,0,1048550611,1,0,0,0,3,1,31,9,42,0,1,1,0
96,1,712491030,1,1,0,0,1,1,31,0,42,0,1,2,0
96,2,3818459882,1,2,0,0,1,1,30,4,42,0,1,3,0
96,3,3482400301,1,3,0,0,1,1,30,2,26,16,0,3,1
96,4,3254958024,1,1,1,0,1,1,31,9,34,8,1,4,1
96,5,1152021426,1,2,0,0,0,0,30,5,15,27,0,5,1
96,6,4257990278,1,3,0,0,2,0,30,1,0,42,1,5,2
96,7,3921930697,1,0,0,0,1,1,30,9,42,0,1,6,2
96,8,2780550266,1,1,0,0,3,1,30,2,31,11,1,7,2
97,0,3875756257,1,0,0,0,3,1,31,1,18,24,0,0,1
97,1,3440357789,1,1,0,0,1,1,31,1,25,17,0,0,2
97,2,2350698232,1,2,0,0,1,1,31,3,30,12,0,0,3
97,3,3257462562,1,3,0,0,3,1,31,9,31,11,1,1,3
97,4,20319357,1,0,0,0,3,1,30,0,40,2,1,2,3
97,5,1831743424,1,1,0,0,3,1,30,4,35,7,1,3,3
97,6,3543828604,1,2,0,0,1,1,31,4,41,1,1,4,3
97,7,3696992958,1,3,0,0,3,1,30,1,30,12,1,5,3
97,8,1213449729,1,0,0,0,2,0,30,2,0,42,1,5,4
97,9,1791328302,1,2,1,0,1,1,31,4,41,1,1,6,4
97,10,1935214239,1,3,0,0,3,1,31,3,42,0,1,7,4
98,0,3132059819,1,0,0,0,3,1,30,4,31,11,1,1,0
98,1,2796000238,1,1,0,0,3,1,30,2,26,16,0,1,1
98,2,1607001794,1,2,0,0,1,1,31,6,42,0,1,2,1
98,3,3418425861,1,3,0,0,2,0,32,6,12,30,0,3,1
98,4,3571590215,1,0,0,0,2,0,30,5,11,31,1,3,2
98,5,3235530634,1,1,0,0,0,0,30,5,18,24,0,4,2
98,6,751987405,1,2,0,0,3,1,30,1,30,12,1,5,2
98,7,1710472609,1,3,0,0,2,0,30,1,2,40,1,5,3
98,8,2716575826,1,0,0,0,2,0,31,4,2,40,1,5,4
98,9,3675061030,1,1,0,0,1,1,30,4,42,0,1,6,4
98,10,1191517801,1,2,0,0,3,1,30,3,36,6,1,7,4
99,0,1145539470,1,0,0,0,3,1,30,4,40,2,1,1,0
99,1,2052303800,1,1,0,0,1,1,31,9,42,0,1,2,0
99,2,3110127891,1,2,0,0,2,0,31,2,12,30,0,3,0
99,3,2774068310,1,3,0,0,2,0,30,9,6,36,1,3,1
99,4,1585069866,1,0,0,0,3,1,31,2,34,8,1,4,1
99,5,2491834196,1,1,0,0,1,1,31,1,30,12,0,4,2
99,6,8290967,1,2,0,0,1,1,31,2,25,17,0,4,3
99,7,3213598706,1,3,0,0,1,1,30,5,36,6,1,5,3
99,8,730055477,1,0,0,0,1,1,30,2,36,6,1,6,3
99,9,1688540681,1,1,0,0,0,0,30,1,17,25,0,7,3
100,0,3651924415,1,0,0,0,3,1,31,2,40,2,1,1,0
100,1,3315864834,1,1,0,0,1,1,31,2,42,0,1,2,0
100,2,2126866390,1,2,0,0,2,0,30,2,6,36,1,2,1
100,3,985485959,1,3,0,0,3,1,30,3,30,12,1,3,1
100,4,4091454811,1,0,0,0,3,1,31,6,35,7,1,4,1
100,5,3755395230,1,1,0,0,3,1,30,2,42,0,1,5,1
100,6,2566396786,1,2,0,0,0,0,30,0,11,31,1,5,2
100,7,2230337205,1,3,0,0,3,1,31,0,30,12,0,5,3
100,8,1088956774,1,0,0,0,3,1,30,5,35,7,1,6,3
100,9,4194925626,1,1,0,0,1,1,32,2,42,0,1,7,3
101,0,3713548827,1,0,0,0,0,0,30,5,17,25,0,1,0
101,1,2572168396,1,1,0,0,1,1,30,3,25,17,0,1,1
101,2,1383169952,1,2,0,0,3,1,30,6,40,2,1,2,1
101,3,1047110371,1,3,0,0,0,0,30,4,18,24,0,3,1
101,4,4153079223,1,0,0,0,3,1,31,2,40,2,1,4,1
101,5,3011698792,1,1,0,0,1,1,30,3,42,0,1,5,1
101,6,1822700348,1,2,0,0,3,1,30,1,19,23,0,5,2
101,7,1486640767,1,3,0,0,0,0,30,1,6,36,1,5,3
101,8,1150581186,1,0,0,0,0,0,30,6,7,35,1,5,4
101,9,3451229188,1,1,0,0,2,0,30,6,1,41,1,5,5
101,10,3115169607,1,2,0,0,2,0,32,1,0,42,1,5,6
101,11,1545564532,1,0,1,0,3,1,31,4,42,0,1,6,6
101,12,1590111582,1,1,0,0,0,0,30,1,0,42,1,6,7
102,0,1440466327,1,0,0,0,3,1,31,6,39,3,1,1,0
102,1,3251890394,1,1,0,0,0,0,30,4,17,25,0,2,0
102,2,4210375598,1,2,0,0,3,1,30,6,19,23,0,2,1
102,3,1726832369,1,3,0,0,2,0,31,4,11,31,1,2,2
102,4,1879996723,1,0,0,0,3,1,31,2,23,19,0,2,3
102,5,1543937142,1,1,0,0,0,0,31,3,0,42,1,2,4
102,6,3355361209,1,2,0,0,3,1,30,5,35,7,1,3,4
102,7,2166362765,1,3,0,0,2,0,31,5,0,42,1,3,5
102,8,3073127095,1,0,0,0,3,1,31,6,42,0,1,4,5
102,9,1983467538,1,1,0,0,3,1,30,3,25,17,0,4,6
102,10,3794891605,1,2,0,0,2,0,32,6,22,20,0,5,6
102,11,3458832024,1,3,0,0,1,1,30,2,42,0,1,6,6
102,12,3512657491,1,0,0,0,3,1,31,4,18,24,0,6,7
103,0,1502090739,1,0,0,0,3,1,30,3,21,21,0,0,1
103,1,360710308,1,1,0,0,1,1,31,3,35,7,1,1,1
103,2,3466679160,1,2,0,0,3,1,30,4,24,18,0,1,2
103,3,983135931,1,3,0,0,0,0,30,2,24,18,0,2,2
103,4,1941621135,1,0,0,0,3,1,31,1,36,6,1,3,2
103,5,800240704,1,1,0,0,0,0,31,5,2,40,1,3,3
103,6,2611664771,1,2,0,0,3,1,30,1,30,12,1,4,3
103,7,3570149975,1,3,0,0,3,1,31,9,42,0,1,5,3
103,8,1086606746,1,0,0,0,3,1,30,9,28,14,0,5,4
103,9,1239771100,1,1,0,0,0,0,31,9,0,42,1,5,5
103,10,3051195167,1,2,0,0,2,0,31,3,17,25,0,6,5
103,11,4009680371,1,3,0,0,0,0,30,3,2,40,1,6,6
103,12,1526137142,1,0,0,0,3,1,30,2,17,25,0,6,7
104,0,4008475684,1,0,0,0,2,0,31,5,23,19,0,1,0
104,1,3672416103,1,1,0,0,1,1,31,1,42,0,1,2,0
104,2,2483417659,1,2,0,0,3,1,30,4,42,0,1,3,0
104,3,1342037228,1,3,0,0,3,1,31,4,35,7,1,4,0
104,4,153038784,1,0,0,0,3,1,31,6,42,0,1,5,0
104,5,4111946499,1,1,0,0,0,0,30,5,0,42,1,5,1
104,6,1628403270,1,2,0,0,1,1,31,2,41,1,1,6,1
104,7,1781567624,1,3,0,0,2,0,30,5,0,42,1,6,2
104,8,1445508043,1,0,0,0,3,1,30,5,42,0,1,7,2
105,0,1216634485,1,0,0,0,1,1,30,3,35,7,1,1,0
105,1,880574904,1,1,0,0,0,0,30,3,17,25,0,2,0
105,2,3986543756,1,2,0,0,1,1,31,4,25,17,0,2,1
105,3,3650484175,1,3,0,0,3,1,31,6,35,7,1,3,1
105,4,2461485731,1,0,0,0,2,0,31,5,6,36,1,3,2
105,5,1320105300,1,1,0,0,3,1,30,2,31,11,1,4,2
105,6,131106856,1,2,0,0,0,0,30,5,18,24,0,5,2
105,7,4090014571,1,3,0,0,1,1,30,5,23,19,0,5,3
105,8,1606471342,1,0,0,0,2,0,30,3,11,31,1,5,4
105,9,1759635696,1,1,0,0,1,1,32,4,35,7,1,6,4
105,10,1423576115,1,2,0,0,1,1,30,1,30,12,1,7,4
106,0,1278258897,1,0,0,0,2,0,30,3,6,36,1,0,1
106,1,942199316,1,1,0,0,1,1,31,5,19,23,0,0,2
106,2,3242847318,1,2,0,0,2,0,33,2,12,30,0,1,2
106,3,2906787737,1,3,0,0,2,0,30,2,8,34,1,1,3
106,4,1717789293,1,0,0,0,3,1,31,5,23,19,0,1,4
106,5,1381729712,1,1,0,0,0,0,31,5,8,34,1,1,5
106,6,3682377714,1,2,0,0,2,0,31,0,12,30,0,2,5
106,7,3346318133,1,3,0,0,3,1,31,4,29,13,0,2,6
106,8,3010258552,1,0,0,0,0,0,31,0,0,42,1,2,7
107,0,1478035377,1,1,1,0,2,0,30,4,18,24,0,1,0
107,1,816600464,1,2,0,0,1,1,31,9,42,0,1,2,0
107,2,3442623798,1,0,1,0,2,0,30,4,1,41,1,2,1
107,3,3586509735,1,1,0,0,1,1,30,1,34,8,1,3,1
107,4,250027643,1,2,0,0,3,1,30,5,42,0,1,4,1
107,5,3403614508,1,3,0,0,3,1,31,4,30,12,0,4,2
107,6,920071279,1,0,0,0,2,0,31,4,17,25,0,5,2
107,7,4026040131,1,1,0,0,0,0,31,5,6,36,1,5,3
107,8,3689980550,1,2,0,0,1,1,31,3,41,1,1,6,3
107,9,3843144904,1,3,0,0,3,1,30,0,35,7,1,7,3
108,0,3361768105,1,0,0,0,3,1,31,2,40,2,1,1,0
108,1,878224876,1,1,0,0,1,1,31,6,18,24,0,1,1
108,2,650782599,1,3,1,0,0,0,30,1,8,34,1,1,2
108,3,695329649,1,0,0,0,3,1,31,1,20,22,0,1,3
108,4,3801298501,1,1,0,0,0,0,31,4,0,42,1,1,4
108,5,1317755272,1,2,0,0,0,0,30,5,0,42,1,1,5
108,6,176374841,1,3,0,0,3,1,32,4,42,0,1,2,5
108,7,1134860045,1,0,0,0,1,1,30,0,29,13,0,2,6
108,8,2946284112,1,1,0,0,1,1,33,1,31,11,0,2,7
109,0,1573185754,1,0,0,0,0,0,31,2,11,31,1,0,1
109,1,1237126173,1,1,0,0,1,1,30,4,25,17,0,0,2
109,2,48127729,1,2,0,0,2,0,31,5,11,31,1,0,3
109,3,4007035444,1,3,0,0,2,0,30,1,13,29,0,1,3
109,4,2012716150,1,0,0,0,3,1,31,0,26,16,0,1,4
109,5,1676656569,1,1,0,0,2,0,30,6,0,42,1,1,5
109,6,3488080636,1,2,0,0,0,0,30,0,11,31,1,1,6
109,7,151598544,1,3,0,0,2,0,31,1,18,24,0,2,6
109,8,3305185409,1,0,0,0,0,0,31,9,1,41,1,2,7
110,0,3881632701,1,0,0,0,1,1,30,4,41,1,1,1,0
110,1,3545573120,1,1,0,0,3,1,30,6,27,15,0,1,1
110,2,1551253826,1,2,0,0,0,0,30,5,1,41,1,1,2
110,3,1215194245,1,3,0,0,1,1,30,6,26,16,0,1,3
110,4,26195801,1,0,0,0,0,0,33,2,1,41,1,1,4
110,5,3985103516,1,1,0,0,1,1,32,2,26,16,0,1,5
110,6,1990784222,1,2,0,0,2,0,32,3,11,31,0,2,5
110,7,1654724641,1,3,0,0,2,0,30,5,0,42,1,2,6
110,8,1318665060,1,0,0,0,0,0,31,4,2,40,1,2,7
111,0,3137936263,1,0,0,0,3,1,32,0,19,23,0,0,1
111,1,2801876682,1,1,0,0,2,0,30,4,0,42,1,0,2
111,2,3859700773,1,2,0,0,2,0,30,5,12,30,1,0,3
111,3,471497807,1,3,0,0,3,1,30,2,42,0,1,1,3
111,4,1529321898,1,0,0,0,3,1,31,4,42,0,1,2,3
111,5,3241407078,1,1,0,0,1,1,32,4,35,7,1,3,3
111,6,4263873,1,2,0,0,3,1,30,3,13,29,0,3,4
111,7,911028203,1,3,0,0,3,1,32,4,26,16,0,3,5
111,8,574968622,1,0,0,0,1,1,30,5,42,0,1,4,5
111,9,1632792713,1,1,0,0,3,1,30,4,33,9,1,5,5
111,10,3344877893,1,2,0,0,3,1,30,2,41,1,1,6,5
111,11,1350558599,1,3,0,0,3,1,31,1,41,1,1,7,5
112,0,1670174613,1,0,0,0,1,1,30,3,40,2,1,1,0
112,1,3481598680,1,1,0,0,2,0,30,4,17,25,0,2,0
112,2,3634763034,1,2,0,0,0,0,30,0,7,35,1,2,1
112,3,1151219805,1,3,0,0,3,1,31,1,40,2,1,3,1
112,4,2109705009,1,0,0,0,3,1,31,4,23,19,0,3,2
112,5,3921129076,1,1,0,0,2,0,30,5,2,40,1,3,3
112,6,2779748645,1,2,0,0,1,1,31,6,35,7,1,4,3
112,7,1590750201,1,3,0,0,3,1,32,3,30,12,0,4,4
112,8,1254690620,1,0,0,0,2,0,31,4,16,26,0,5,4
112,9,65692176,1,1,0,0,1,1,31,4,27,15,0,5,5
112,10,3219279041,1,2,0,0,0,0,30,1,2,40,1,5,6
112,11,2883219460,1,3,0,0,3,1,31,6,35,7,1,6,6
112,12,1694221016,1,0,0,0,2,0,31,9,0,42,1,6,7
113,0,3657800859,1,0,0,0,3,1,31,1,42,0,1,1,0
113,1,321318767,1,1,0,0,3,1,30,2,42,0,1,2,0
113,2,3474905632,1,2,0,0,1,1,30,5,36,6,1,3,0
113,3,991362403,1,3,0,0,3,1,31,4,42,0,1,4,0
113,4,4097331255,1,0,0,0,3,1,31,4,36,6,1,5,0
113,5,3761271674,1,1,0,0,3,1,31,0,19,23,0,5,1
113,6,2572273230,1,2,0,0,1,1,31,2,25,17,0,5,2
113,7,1430892799,1,3,0,0,0,0,30,4,6,36,1,5,3
113,8,2389378003,1,0,0,0,3,1,30,1,8,34,0,5,4
113,9,4200802070,1,1,0,0,1,1,31,5,41,1,1,6,4
113,10,3864742489,1,2,0,0,2,0,31,2,0,42,1,6,5
113,11,1870423195,1,3,0,0,2,0,30,9,19,23,0,7,5
114,0,2190039209,1,0,0,0,0,0,31,5,12,30,0,1,0
114,1,3096803539,1,1,0,0,2,0,30,4,8,34,1,1,1
114,2,1907805095,1,2,0,0,3,1,30,0,40,2,1,2,1
114,3,1571745514,1,3,0,0,1,1,31,3,19,23,0,2,2
114,4,2629569605,1,0,0,0,2,0,30,0,12,30,1,2,3
114,5,2293510024,1,1,0,0,3,1,30,2,20,22,0,2,4
114,6,1052790706,1,2,0,0,1,1,31,3,42,0,1,3,4
114,7,2011275910,1,3,0,0,0,0,30,1,14,28,0,4,4
114,8,3822699977,1,0,0,0,2,0,31,3,12,30,0,5,4
114,9,2733040420,1,1,0,0,3,1,31,6,40,2,1,6,4
114,10,3639804750,1,2,0,0,1,1,31,0,42,0,1,7,4
115,0,1446342771,1,0,0,0,3,1,31,0,9,33,0,0,1
115,1,1110283190,1,1,0,0,1,1,31,3,25,17,0,0,2
115,2,4216252042,1,2,0,0,0,0,31,0,0,42,1,0,3
115,3,3074871611,1,3,0,0,1,1,31,2,41,1,1,1,3
115,4,1885873167,1,0,0,0,3,1,31,3,42,0,1,2,3
115,5,1549813586,1,1,0,0,0,0,31,2,0,42,1,2,4
115,6,4275175807,1,3,1,0,0,0,30,0,11,31,1,2,5
115,7,3514402007,1,0,0,0,2,0,31,5,7,35,1,2,6
115,8,3178342426,1,1,0,0,3,1,31,2,34,8,1,3,6
115,9,1989343982,1,2,0,0,2,0,30,4,6,36,1,3,7
116,0,4174209530,1,0,0,0,1,1,30,5,42,0,1,1,0
116,1,3838149949,1,1,0,0,1,1,32,0,41,1,1,2,0
116,2,3991314303,1,2,0,0,2,0,31,2,28,14,0,3,0
116,3,1507771074,1,3,0,0,2,0,30,2,27,15,0,4,0
116,4,1171711493,1,0,0,0,0,0,31,0,0,42,1,4,1
116,5,4277680345,1,1,0,0,2,0,30,2,11,31,1,4,2
116,6,3136299914,1,2,0,0,1,1,31,0,18,24,0,4,3
116,7,1947301470,1,3,0,0,1,1,30,6,31,11,1,5,3
116,8,1611241889,1,0,0,0,0,0,32,2,1,41,1,5,4
116,9,422243445,1,1,0,0,1,1,31,1,35,7,1,6,4
116,10,3575830310,1,2,0,0,2,0,30,2,1,41,1,6,5
116,11,3239770729,1,3,0,0,0,0,30,2,9,33,1,6,6
116,12,2050772285,1,0,0,0,3,1,31,1,29,13,0,6,7
117,0,1966207367,1,0,0,0,0,0,30,2,0,42,1,0,1
117,1,2924692571,1,1,0,0,1,1,31,4,42,0,1,1,1
117,2,3930795788,1,2,0,0,1,1,30,2,29,13,0,1,2
117,3,3594736207,1,3,0,0,3,1,31,1,36,6,1,2,2
117,4,2405737763,1,0,0,0,3,1,31,0,25,17,0,2,3
117,5,2069678182,1,1,0,0,3,1,31,3,21,21,0,2,4
117,6,2222842536,1,2,0,0,1,1,31,2,36,6,1,3,4
117,7,4034266603,1,3,0,0,3,1,31,5,20,22,0,3,5
117,8,3698207022,1,0,0,0,1,1,30,2,31,11,1,4,5
117,9,2509208578,1,1,0,0,1,1,31,4,41,1,1,5,5
117,10,2173148997,1,2,0,0,1,1,31,4,34,8,1,6,5
117,11,178829703,1,3,0,0,3,1,31,0,30,12,0,6,6
117,12,4137737418,1,0,0,0,1,1,30,0,29,13,0,6,7
118,0,1222510929,1,0,0,0,1,1,30,2,36,6,1,1,0
118,1,2180996133,1,1,0,0,3,1,31,6,19,23,0,1,1
118,2,3992420200,1,2,0,0,2,0,33,5,0,42,1,1,2
118,3,3656360619,1,3,0,0,0,0,30,6,11,31,1,1,3
118,4,1662041325,1,0,0,0,0,0,31,0,24,18,0,2,3
118,5,1325981744,1,1,0,0,0,0,31,6,1,41,1,2,4
118,6,136983300,1,2,0,0,1,1,31,4,29,13,0,2,5
118,7,4095891015,1,3,0,0,0,0,30,5,25,17,0,3,5
118,8,4249055369,1,0,0,0,0,0,31,0,12,30,0,4,5
118,9,1765512140,1,1,0,0,2,0,30,2,2,40,1,4,6
118,10,1429452559,1,2,0,0,0,0,30,2,7,35,1,4,7
119,0,4049716575,1,0,0,0,3,1,30,1,25,17,0,0,1
119,1,3713656994,1,1,0,0,0,0,31,1,2,40,1,0,2
119,2,2524658550,1,2,0,0,1,1,31,6,40,2,1,1,2
119,3,3431422880,1,3,0,0,1,1,30,9,19,23,0,1,3
119,4,194279675,1,0,0,0,2,0,30,1,13,29,0,2,3
119,5,4153187390,1,1,0,0,0,0,30,1,0,42,1,2,4
119,6,1669644161,1,2,0,0,3,1,30,4,40,2,1,3,4
119,7,3870953276,1,3,0,0,3,1,30,5,40,2,1,4,4
119,8,1387410047,1,0,0,0,1,1,30,6,41,1,1,5,4
119,9,297750490,1,1,0,0,0,0,31,2,16,26,0,6,4
119,10,2109174557,1,2,0,0,1,1,31,1,30,12,0,6,5
119,11,2262338911,1,3,0,0,0,0,30,5,12,30,1,6,6
119,12,1826940443,1,0,0,0,1,1,30,2,31,11,1,7,6
120,0,2925413506,1,1,1,0,2,0,30,6,6,36,1,0,1
120,1,2969960556,1,2,0,0,2,0,33,2,17,25,0,1,1
120,2,1780962112,1,3,0,0,3,1,31,6,41,1,1,2,1
120,3,1444902531,1,0,0,0,3,1,32,2,34,8,1,3,1
120,4,3745550533,1,1,0,0,0,0,30,1,17,25,0,4,1
120,5,3409490952,1,2,0,0,1,1,31,4,41,1,1,5,1
120,6,2220492508,1,3,0,0,3,1,31,5,42,0,1,6,1
120,7,1884432927,1,0,0,0,2,0,31,6,7,35,1,6,2
120,8,743052496,1,1,0,0,3,1,30,2,40,2,1,7,2
121,0,2322758636,1,0,0,0,2,0,30,2,24,18,0,1,0
121,1,1986699055,1,1,0,0,0,0,31,5,0,42,1,1,1
121,2,4287347057,1,2,0,0,1,1,31,1,31,11,1,2,1
121,3,3951287476,1,3,0,0,3,1,31,0,35,7,1,3,1
121,4,2762289032,1,0,0,0,2,0,31,2,0,42,1,3,2
121,5,2426229451,1,1,0,0,1,1,31,0,31,11,1,4,2
121,6,431910157,1,2,0,0,2,0,30,9,8,34,1,4,3
121,7,95850576,1,3,0,0,1,1,30,9,42,0,1,5,3
121,8,4054758291,1,0,0,0,3,1,30,3,26,16,0,5,4
121,9,2865759847,1,1,0,0,3,1,30,3,31,11,1,6,4
121,10,1343772785,1,3,1,0,3,1,31,3,42,0,1,7,4
122,0,3825884733,1,0,0,0,3,1,31,2,41,1,1,1,0
122,1,489402641,1,1,0,0,0,0,30,6,23,19,0,2,0
122,2,2300826708,1,2,0,0,2,0,31,4,9,33,1,2,1
122,3,1159446277,1,3,0,0,1,1,31,1,36,6,1,3,1
122,4,4265415129,1,0,0,0,0,0,31,0,13,29,0,4,1
122,5,3929355548,1,1,0,0,1,1,31,0,31,11,1,5,1
122,6,2740357104,1,2,0,0,2,0,32,4,1,41,1,5,2
122,7,2404297523,1,3,0,0,1,1,30,4,34,8,1,6,2
122,8,1262917092,1,0,0,0,3,1,31,4,40,2,1,7,2
123,0,111300548,1,0,0,0,3,1,31,5,41,1,1,1,0
123,1,1922724615,1,1,0,0,1,1,31,1,9,33,0,1,1
123,2,2075888969,1,2,0,0,0,0,30,4,7,35,1,1,2
123,3,1739829388,1,3,0,0,2,0,31,2,11,31,1,1,3
123,4,550830944,1,0,0,0,3,1,31,4,40,2,1,2,3
123,5,2362255011,1,1,0,0,0,0,31,2,11,31,1,2,4
123,6,1220874580,1,2,0,0,3,1,30,1,42,0,1,3,4
123,7,2179359784,1,3,0,0,1,1,30,4,12,30,0,3,5
123,8,3990783851,1,0,0,0,3,1,30,0,29,13,0,3,6
123,9,654301759,1,1,0,0,1,1,31,0,23,19,0,3,7
124,0,1614426645,1,0,0,0,3,1,31,6,42,0,1,1,0
124,1,1278367064,1,1,0,0,1,1,31,3,31,11,1,2,0
124,2,89368620,1,2,0,0,3,1,30,6,42,0,1,3,0
124,3,1900792687,1,3,0,0,1,1,30,4,35,7,1,4,0
124,4,2053957041,1,0,0,0,1,1,30,6,36,6,1,5,0
124,5,1717897460,1,1,0,0,1,1,31,4,20,22,0,5,1
124,6,3529321527,1,2,0,0,1,1,32,1,31,11,0,5,2
124,7,192839435,1,3,0,0,3,1,30,9,31,11,1,6,2
124,8,3247087413,1,0,0,0,3,1,31,6,42,0,1,7,2
125,0,1454569243,1,0,0,0,0,0,30,6,17,25,0,1,0
125,1,265570799,1,1,0,0,3,1,30,4,42,0,1,2,0
125,2,4224478514,1,2,0,0,2,0,31,3,0,42,1,2,1
125,3,1740935285,1,3,0,0,3,1,31,6,24,18,0,2,2
125,4,1894099639,1,0,0,0,0,0,31,4,0,42,1,2,3
125,5,3705523706,1,1,0,0,1,1,31,1,34,8,1,3,3
125,6,369041614,1,2,0,0,3,1,30,1,34,8,1,4,3
125,7,2180465681,1,3,0,0,3,1,32,5,35,7,1,5,3
125,8,2333630035,1,0,0,0,1,1,30,6,31,11,1,6,3
125,9,1997570454,1,1,0,0,1,1,31,4,33,9,1,7,3
126,0,4182436002,1,0,0,0,1,1,30,3,19,23,0,0,1
126,1,3846376421,1,1,0,0,1,1,32,5,40,2,1,1,1
126,2,2657377977,1,2,0,0,1,1,31,0,30,12,0,1,2
126,3,1515997546,1,3,0,0,0,0,30,5,11,31,1,1,3
126,4,326999102,1,0,0,0,0,0,32,5,18,24,0,2,3
126,5,4285906817,1,1,0,0,0,0,30,2,17,25,0,3,3
126,6,1048763612,1,2,0,0,2,0,30,1,17,25,0,4,3
126,7,1955527942,1,3,0,0,3,1,32,4,41,1,1,5,3
126,8,1619468361,1,0,0,0,3,1,30,3,30,12,1,6,3
126,9,430469917,1,1,0,0,1,1,30,4,34,8,1,7,3
127,0,1390594803,1,0,0,0,2,0,30,1,18,24,0,1,0
127,1,1054535222,1,1,0,0,3,1,31,6,26,16,0,1,1
127,2,4160504074,1,2,0,0,1,1,31,1,24,18,0,1,2
127,3,3824444493,1,3,0,0,3,1,31,2,41,1,1,2,2
127,4,2635446049,1,0,0,0,1,1,30,4,29,13,0,2,3
127,5,1494065618,1,1,0,0,1,1,31,6,42,0,1,3,3
127,6,305067174,1,2,0,0,0,0,31,4,7,35,1,3,4
127,7,4263974889,1,3,0,0,3,1,31,0,19,23,0,3,5
127,8,3927915308,1,0,0,0,1,1,30,0,35,7,1,4,5
127,9,1933596014,1,1,0,0,1,1,31,1,30,12,0,4,6
127,10,1597536433,1,2,0,0,3,1,30,9,23,19,0,4,7
128,0,1970977914,1,0,0,0,2,0,31,5,0,42,1,0,1
128,1,3782401981,1,1,0,0,1,1,31,2,36,6,1,1,1
128,2,65313258,1,3,1,0,2,0,30,2,7,35,1,1,2
128,3,3599506754,1,0,0,0,3,1,31,2,20,22,0,1,3
128,4,2410508310,1,1,0,0,2,0,30,5,11,31,1,1,4
128,5,2074448729,1,2,0,0,1,1,32,3,36,6,1,2,4
128,6,3885872796,1,3,0,0,0,0,30,0,23,19,0,3,4
128,7,2696874352,1,0,0,0,3,1,31,4,35,7,1,4,4
128,8,3322370938,1,2,1,0,1,1,31,4,42,0,1,5,4
128,9,2513979125,1,3,0,0,3,1,30,0,20,22,0,5,5
128,10,30435896,1,0,0,0,1,1,30,0,41,1,1,6,5
128,11,3136404748,1,1,0,0,1,1,31,0,42,0,1,7,5
129,0,4279424861,1,0,0,0,3,1,30,5,24,18,0,0,1
129,1,3138044430,1,1,0,0,1,1,32,6,24,18,0,0,2
129,2,1949045986,1,2,0,0,0,0,30,1,17,25,0,1,2
129,3,3760470053,1,3,0,0,3,1,31,4,14,28,0,1,3
129,4,423987961,1,0,0,0,2,0,31,2,0,42,1,1,4
129,5,3577574826,1,1,0,0,1,1,32,6,24,18,0,1,5
129,6,1094031597,1,2,0,0,1,1,31,0,31,11,1,2,5
129,7,2052516801,1,3,0,0,1,1,30,4,29,13,0,2,6
129,8,3863940868,1,0,0,0,3,1,31,6,34,8,1,3,6
129,9,4017105222,1,1,0,0,2,0,30,5,13,29,0,4,6
129,10,1533561993,1,2,0,0,1,1,31,3,20,22,0,4,7
130,0,2490842510,1,0,0,0,0,0,30,5,19,23,0,1,0
130,1,2154782929,1,1,0,0,1,1,32,6,40,2,1,2,0
130,2,965784485,1,2,0,0,3,1,30,5,42,0,1,3,0
130,3,4119371350,1,3,0,0,0,0,30,4,7,35,1,3,1
130,4,2930372906,1,0,0,0,0,0,31,0,8,34,1,3,2
130,5,2594313325,1,1,0,0,1,1,31,0,36,6,1,4,2
130,6,1405314881,1,2,0,0,2,0,31,1,0,42,1,4,3
130,7,263934450,1,3,0,0,3,1,30,1,41,1,1,5,3
130,8,4222842165,1,0,0,0,3,1,32,5,36,6,1,6,3
130,9,3033843721,1,1,0,0,3,1,30,4,17,25,0,6,4
130,10,2697784140,1,2,0,0,0,0,31,4,7,35,1,6,5
130,11,703464846,1,3,0,0,3,1,31,2,30,12,0,6,6
130,12,367405265,1,0,0,0,3,1,31,4,30,12,0,6,7
131,0,1747146072,1,0,0,0,3,1,31,1,42,0,1,1,0
131,1,1411086491,1,1,0,0,0,0,30,9,1,41,1,1,1
131,2,222088047,1,2,0,0,3,1,30,3,35,7,1,2,1
131,3,4180995762,1,3,0,0,3,1,31,9,35,7,1,3,1
131,4,2186676468,1,0,0,0,3,1,30,3,42,0,1,4,1
131,5,1850616887,1,1,0,0,3,1,31,2,15,27,0,4,2
131,6,2908440978,1,2,0,0,0,0,30,0,11,31,1,4,3
131,7,325558862,1,3,0,0,3,1,30,1,42,0,1,5,3
131,8,2136982929,1,0,0,0,2,0,30,7,1,41,1,5,4
131,9,2290147283,1,1,0,0,1,1,30,0,20,22,0,5,5
131,10,1954087702,1,2,0,0,1,1,31,1,41,1,1,6,5
131,11,3011911793,1,3,0,0,1,1,30,1,41,1,1,7,5
132,0,4055593019,1,0,0,0,1,1,30,2,41,1,1,1,0
132,1,3719533438,1,1,0,0,0,0,30,1,11,31,1,1,1
132,2,1725214144,1,2,0,0,1,1,31,6,18,24,0,1,2
132,3,1389154563,1,3,0,0,3,1,31,2,41,1,1,2,2
132,4,200156119,1,0,0,0,0,0,31,9,7,35,1,2,3
132,5,4159063834,1,1,0,0,3,1,30,5,41,1,1,3,3
132,6,2164744540,1,2,0,0,1,1,30,6,14,28,0,3,4
132,7,1828684959,1,3,0,0,2,0,31,6,0,42,1,3,5
132,8,1492625378,1,0,0,0,3,1,31,6,40,2,1,4,5
132,9,303626934,1,1,0,0,1,1,31,3,23,19,0,4,6
132,10,3457213799,1,2,0,0,2,0,31,5,6,36,1,4,7
133,0,341008834,1,0,0,0,3,1,31,1,30,12,0,0,1
133,1,1347112051,1,1,0,0,1,1,31,5,36,6,1,1,1
133,2,2305597255,1,2,0,0,1,1,31,4,42,0,1,2,1
133,3,4117021322,1,3,0,0,3,1,31,2,40,2,1,3,1
133,4,780539230,1,0,0,0,2,0,30,1,12,30,1,3,2
133,5,3934126095,1,1,0,0,3,1,30,9,42,0,1,4,2
133,6,1450582866,1,2,0,0,1,1,31,4,40,2,1,5,2
133,7,261584422,1,3,0,0,3,1,32,3,42,0,1,6,2
133,8,4220492137,1,0,0,0,3,1,31,0,42,0,1,7,2
134,0,280490319,1,0,0,0,0,0,31,4,18,24,0,1,0
134,1,433654673,1,1,0,0,0,0,31,1,17,25,0,2,0
134,2,97595092,1,2,0,0,1,1,31,6,40,2,1,3,0
134,3,1909019159,1,3,0,0,2,0,31,4,6,36,1,3,1
134,4,720020715,1,0,0,0,2,0,31,1,8,34,1,3,2
134,5,3873607580,1,1,0,0,3,1,30,3,41,1,1,4,2
134,6,537125488,1,2,0,0,1,1,30,4,42,0,1,5,2
134,7,2348549555,1,3,0,0,0,0,30,1,17,25,0,6,2
134,8,3307034759,1,0,0,0,1,1,30,5,41,1,1,7,2
135,0,55552580,1,0,0,0,3,1,31,0,29,13,0,0,1
135,1,4014460295,1,1,0,0,1,1,31,0,42,0,1,1,1
135,2,2825461851,1,2,0,0,3,1,30,6,24,18,0,1,2
135,3,2489402270,1,3,0,0,3,1,31,1,30,12,0,1,3
135,4,495082976,1,0,0,0,3,1,31,0,29,13,0,1,4
135,5,1826561525,1,2,1,0,3,1,30,2,30,12,1,2,4
135,6,2884385616,1,0,1,0,3,1,30,4,40,2,1,3,4
135,7,2928932666,1,1,0,0,2,0,30,2,13,29,0,4,4
135,8,1787552235,1,2,0,0,3,1,30,6,29,13,0,4,5
135,9,598553791,1,3,0,0,3,1,32,5,24,18,0,4,6
135,10,262494210,1,0,0,0,1,1,30,2,29,13,0,4,7
136,0,2363999527,1,0,0,0,2,0,30,9,23,19,0,1,0
136,1,3270763857,1,1,0,0,2,0,30,0,1,41,1,1,1
136,2,2081765413,1,2,0,0,1,1,31,5,42,0,1,2,1
136,3,1745705832,1,3,0,0,1,1,30,4,39,3,1,3,1
136,4,2803529923,1,0,0,0,3,1,31,4,36,6,1,4,1
136,5,2467470342,1,1,0,0,3,1,31,3,24,18,0,4,2
136,6,473151048,1,2,0,0,1,1,31,0,42,0,1,5,2
136,7,2185236228,1,3,0,0,3,1,31,2,33,9,1,6,2
136,8,1849176647,1,0,0,0,0,0,32,0,2,40,1,6,3
136,9,2907000738,1,1,0,0,2,0,30,6,0,42,1,6,4
136,10,3433158437,1,3,1,0,2,0,31,0,17,25,0,7,4
137,0,1620303089,1,0,0,0,2,0,30,5,18,24,0,1,0
137,1,1284243508,1,1,0,0,3,1,31,2,26,16,0,1,1
137,2,95245064,1,2,0,0,1,1,31,6,8,34,0,1,2
137,3,3248831929,1,3,0,0,3,1,31,2,23,19,0,1,3
137,4,2059833485,1,0,0,0,3,1,31,4,42,0,1,2,3
137,5,1723773904,1,1,0,0,1,1,32,0,42,0,1,3,3
137,6,154168829,1,3,1,0,2,0,30,5,8,34,1,3,4
137,7,3688362325,1,0,0,0,0,0,31,2,0,42,1,3,5
137,8,3352302744,1,1,0,0,0,0,31,1,2,40,1,3,6
137,9,2163304300,1,2,0,0,3,1,30,4,39,3,1,4,6
137,10,1827244719,1,3,0,0,2,0,30,1,11,31,1,4,7
138,0,637041588,1,0,0,0,3,1,31,1,34,8,1,1,0
138,1,790205942,1,1,0,0,2,0,30,1,12,30,1,1,1
138,2,2601630009,1,2,0,0,2,0,31,4,0,42,1,1,2
138,3,2265570428,1,3,0,0,0,0,30,1,6,36,1,1,3
138,4,1076571984,1,0,0,0,3,1,30,6,35,7,1,2,3
138,5,4230158849,1,1,0,0,3,1,30,2,24,18,0,2,4
138,6,893676757,1,2,0,0,2,0,31,4,0,42,1,2,5
138,7,2705100824,1,3,0,0,0,0,30,1,23,19,0,3,5
138,8,2369041243,1,0,0,0,2,0,30,0,0,42,1,3,6
138,9,374721949,1,1,0,0,1,1,31,4,26,16,0,3,7
139,0,2140167685,1,0,0,0,2,0,31,1,11,31,1,0,1
139,1,3098652889,1,1,0,0,0,0,31,4,0,42,1,0,2
139,2,1957272458,1,2,0,0,1,1,30,0,14,28,0,0,3
139,3,3768696525,1,3,0,0,2,0,30,5,18,24,0,1,3
139,4,2579698081,1,0,0,0,3,1,31,2,42,0,1,2,3
139,5,2243638500,1,1,0,0,3,1,30,4,24,18,0,2,4
139,6,2396802854,1,2,0,0,0,0,31,5,6,36,1,2,5
139,7,4208226921,1,3,0,0,3,1,31,6,41,1,1,3,5
139,8,871744829,1,0,0,0,1,1,30,0,29,13,0,3,6
139,9,2683168896,1,1,0,0,3,1,30,5,41,1,1,4,6
139,10,2347109315,1,2,0,0,1,1,31,3,42,0,1,5,6
139,11,352790021,1,3,0,0,2,0,31,5,0,42,1,5,7
140,0,2720550796,1,0,0,0,2,0,31,1,0,42,1,0,1
140,1,1579170365,1,1,0,0,3,1,30,4,29,13,0,0,2
140,2,390171921,1,2,0,0,0,0,31,4,23,19,0,1,2
140,3,54112340,1,3,0,0,3,1,32,1,13,29,0,1,3
140,4,3160081192,1,0,0,0,0,0,31,0,17,25,0,2,3
140,5,2018700761,1,1,0,0,1,1,31,6,41,1,1,3,3
140,6,829702317,1,2,0,0,0,0,31,4,0,42,1,3,4
140,7,493642736,1,3,0,0,2,0,31,3,21,21,0,4,4
140,8,2305066803,1,0,0,0,3,1,32,3,19,23,0,4,5
140,9,2077624526,1,2,1,0,2,0,32,4,7,35,1,4,6
140,10,2122171576,1,3,0,0,0,0,30,5,11,31,1,4,7
141,0,4223676893,1,0,0,0,3,1,31,5,42,0,1,1,0
141,1,3887617312,1,1,0,0,3,1,31,3,42,0,1,2,0
141,2,2698618868,1,2,0,0,0,0,31,0,8,34,1,2,1
141,3,3605383198,1,3,0,0,0,0,30,2,30,12,0,3,1
141,4,368239993,1,0,0,0,0,0,31,0,0,42,1,3,2
141,5,32180412,1,1,0,0,2,0,30,1,23,19,0,4,2
141,6,3138149264,1,2,0,0,1,1,30,4,29,13,0,4,3
141,7,4044913594,1,3,0,0,3,1,31,2,13,29,0,4,4
141,8,3708854013,1,0,0,0,0,0,30,3,7,35,1,4,5
141,9,471710808,1,1,0,0,1,1,31,4,29,13,0,4,6
141,10,2283134875,1,2,0,0,3,1,30,0,31,11,1,5,6
141,11,2436299229,1,3,0,0,3,1,31,4,24,18,0,5,7
142,0,2435094542,1,0,0,0,1,1,30,9,35,7,1,1,0
142,1,2099034961,1,1,0,0,1,1,31,5,31,11,1,2,0
142,2,910036517,1,2,0,0,2,0,30,5,23,19,0,3,0
142,3,573976936,1,3,0,0,2,0,31,4,8,34,1,3,1
142,4,3679945788,1,0,0,0,3,1,31,4,30,12,0,3,2
142,5,2538565357,1,1,0,0,3,1,30,0,42,0,1,4,2
142,6,1349566913,1,2,0,0,2,0,30,5,0,42,1,4,3
142,7,1013507332,1,3,0,0,2,0,31,0,27,15,0,5,3
142,8,677447751,1,0,0,0,1,1,30,9,25,17,0,5,4
142,9,2978095753,1,1,0,0,3,1,31,5,31,11,1,6,4
142,10,2642036172,1,2,0,0,1,1,30,6,18,24,0,6,5
142,11,1453037728,1,3,0,0,3,1,31,3,36,6,1,7,5
143,0,2496718954,1,0,0,0,2,0,30,4,6,36,1,0,1
143,1,3074597527,1,2,1,0,2,0,32,2,23,19,0,1,1
143,2,166340079,1,3,0,0,1,1,31,0,31,11,1,2,1
143,3,4125247794,1,0,0,0,1,1,30,6,19,23,0,2,2
143,4,2936249350,1,1,0,0,1,1,31,9,42,0,1,3,2
143,5,2600189769,1,2,0,0,1,1,31,1,41,1,1,4,2
143,6,2753354123,1,3,0,0,2,0,31,4,1,41,1,4,3
143,7,269810894,1,0,0,0,3,1,31,3,25,17,0,4,4
143,8,4228718609,1,1,0,0,1,1,31,0,40,2,1,5,4
143,9,3039720165,1,2,0,0,1,1,30,2,26,16,0,5,5
143,10,1898339734,1,3,0,0,3,1,31,3,25,17,0,5,6
143,11,709341290,1,0,0,0,3,1,31,1,42,0,1,6,6
143,12,373281709,1,1,0,0,3,1,30,4,24,18,0,6,7
144,0,3999845051,1,0,0,0,2,0,30,6,0,42,1,0,1
144,1,282756328,1,2,1,0,0,0,31,2,1,41,1,0,2
144,2,2474787026,1,3,0,0,1,1,31,2,42,0,1,1,2
144,3,1333406595,1,0,0,0,1,1,30,2,35,7,1,2,2
144,4,2291891799,1,1,0,0,1,1,32,4,36,6,1,3,2
144,5,4103315866,1,2,0,0,2,0,31,2,13,29,0,4,2
144,6,2914317422,1,3,0,0,1,1,31,6,34,8,1,5,2
144,7,2578257841,1,0,0,0,0,0,31,2,0,42,1,5,3
144,8,2731422195,1,1,0,0,2,0,30,5,11,31,1,5,4
144,9,247878966,1,2,0,0,3,1,30,6,18,24,0,5,5
144,10,4206786681,1,3,0,0,1,1,30,2,22,20,0,5,6
144,11,3017788237,1,0,0,0,3,1,31,3,42,0,1,6,6
144,12,1876407806,1,1,0,0,1,1,30,2,36,6,1,7,6
145,0,285260866,1,0,0,0,0,0,31,4,13,29,0,1,0
145,1,4244168581,1,1,0,0,1,1,30,5,23,19,0,1,1
145,2,2249849287,1,2,0,0,2,0,31,1,11,31,1,1,2
145,3,1913789706,1,3,0,0,1,1,30,0,31,11,1,2,2
145,4,724791262,1,0,0,0,2,0,30,5,11,31,1,2,3
145,5,388731681,1,1,0,0,2,0,30,6,7,35,1,2,4
145,6,3542318546,1,2,0,0,3,1,30,3,24,18,0,2,5
145,7,2353320102,1,3,0,0,3,1,32,5,42,0,1,3,5
145,8,4164744169,1,0,0,0,2,0,31,9,17,25,0,4,5
145,9,828262077,1,1,0,0,1,1,30,1,30,12,1,5,5
145,10,2639686144,1,2,0,0,1,1,31,3,40,2,1,6,5
145,11,2792850498,1,3,0,0,3,1,31,4,30,12,0,6,6
145,12,309307269,1,0,0,0,1,1,30,3,36,6,1,7,6
146,0,2372225999,1,0,0,0,3,1,31,3,26,16,0,0,1
146,1,1183227555,1,1,0,0,2,0,30,5,0,42,1,0,2
146,2,847167974,1,2,0,0,2,0,32,1,12,30,0,1,2
146,3,3147815976,1,3,0,0,3,1,31,4,42,0,1,2,2
146,4,2811756395,1,0,0,0,1,1,30,2,42,0,1,3,2
146,5,328213166,1,1,0,0,0,0,31,4,1,41,1,3,3
146,6,1286698370,1,2,0,0,0,0,31,4,1,41,1,3,4
146,7,2193462700,1,3,0,0,3,1,31,2,29,13,0,3,5
146,8,3251286791,1,0,0,0,3,1,31,4,39,3,1,4,5
146,9,2915227210,1,1,0,0,1,1,31,5,42,0,1,5,5
146,10,431683981,1,2,0,0,2,0,30,5,14,28,0,6,5
146,11,2632993096,1,3,0,0,3,1,31,2,41,1,1,7,5
147,0,805125462,1,0,0,0,0,0,31,1,6,36,1,0,1
147,1,469065881,1,1,0,0,1,1,32,0,42,0,1,1,1
147,2,2289768365,1,3,1,0,2,0,30,2,0,42,1,1,2
147,3,2433654302,1,0,0,0,3,1,31,0,30,12,0,1,3
147,4,1244655858,1,1,0,0,1,1,31,4,42,0,1,2,3
147,5,908596277,1,2,0,0,1,1,32,2,35,7,1,3,3
147,6,3209244279,1,3,0,0,0,0,30,5,7,35,1,3,4
147,7,2873184698,1,0,0,0,3,1,30,5,30,12,1,4,4
147,8,2537125117,1,1,0,0,3,1,30,5,25,17,0,4,5
147,9,1348126673,1,2,0,0,1,1,31,4,30,12,0,4,6
147,10,206746242,1,3,0,0,1,1,30,0,40,2,1,5,6
147,11,3312715094,1,0,0,0,3,1,31,3,41,1,1,6,6
147,12,2976655513,1,1,0,0,2,0,30,4,1,41,1,6,7
148,0,61429024,1,0,0,0,0,0,31,4,0,42,1,0,1
148,1,3266736763,1,1,0,0,1,1,32,9,19,23,0,0,2
148,2,2831338295,1,2,0,0,1,1,30,2,36,6,1,1,2
148,3,1689957864,1,3,0,0,3,1,31,1,29,13,0,1,3
148,4,500959420,1,0,0,0,3,1,31,0,39,3,1,2,3
148,5,164899839,1,1,0,0,2,0,30,4,22,20,0,3,3
148,6,1222723930,1,2,0,0,2,0,32,4,25,17,0,4,3
148,7,2129488260,1,3,0,0,3,1,31,1,42,0,1,5,3
148,8,1793428679,1,0,0,0,3,1,31,0,41,1,1,6,3
148,9,604430235,1,1,0,0,1,1,31,1,15,27,0,6,4
148,10,268370654,1,2,0,0,2,0,32,0,0,42,1,6,5
148,11,1326194745,1,3,0,0,0,0,30,4,12,30,1,6,6
148,12,2232959075,1,0,0,0,3,1,30,1,33,9,1,7,6
149,0,2888634670,1,0,0,0,3,1,30,1,24,18,0,0,1
149,1,405091441,1,1,0,0,0,0,31,6,6,36,1,0,2
149,2,558255795,1,2,0,0,1,1,31,2,34,8,1,1,2
149,3,222196214,1,3,0,0,0,0,30,5,6,36,1,1,3
149,4,3328165066,1,0,0,0,1,1,30,5,41,1,1,2,3
149,5,2992105485,1,1,0,0,3,1,31,3,31,11,1,3,3
149,6,1751386167,1,2,0,0,1,1,31,0,41,1,1,4,3
149,7,661726610,1,3,0,0,3,1,30,5,40,2,1,5,3
149,8,2473150677,1,0,0,0,1,1,30,1,36,6,1,6,3
149,9,3431635881,1,1,0,0,1,1,31,5,36,6,1,7,3
150,0,2728777268,1,0,0,0,3,1,30,0,28,14,0,0,1
150,1,1539778824,1,1,0,0,0,0,30,6,13,29,0,1,1
150,2,1203719243,1,2,0,0,2,0,31,4,7,35,1,1,2
150,3,2209822460,1,3,0,0,1,1,30,4,30,12,1,2,2
150,4,3168307664,1,0,0,0,3,1,32,2,24,18,0,2,3
150,5,684764435,1,1,0,0,1,1,31,4,39,3,1,3,3
150,6,1643249639,1,2,0,0,2,0,31,2,28,14,0,4,3
150,7,2649352856,1,3,0,0,3,1,30,1,21,21,0,4,4
150,8,3607838060,1,0,0,0,1,1,30,0,18,24,0,4,5
150,9,1124294831,1,1,0,0,0,0,30,6,1,41,1,4,6
150,10,788235250,1,2,0,0,1,1,32,3,42,0,1,5,6
150,11,941399604,1,3,0,0,3,1,32,4,24,18,0,5,7
151,0,4231903365,1,0,0,0,1,1,30,0,42,0,1,1,0
151,1,3042904921,1,1,0,0,1,1,31,4,42,0,1,2,0
151,2,2706845340,1,2,0,0,3,1,30,0,31,11,1,3,0
151,3,3185385026,1,0,1,0,1,1,30,2,14,28,0,3,1
151,4,376466465,1,1,0,0,0,0,32,4,8,34,1,3,2
151,5,2187890532,1,2,0,0,1,1,31,3,36,6,1,4,2
151,6,3146375736,1,3,0,0,2,0,31,4,0,42,1,4,3
151,7,662832507,1,0,0,0,1,1,30,5,42,0,1,5,3
151,8,815996861,1,1,0,0,1,1,31,0,4,38,0,5,4
151,9,479937280,1,2,0,0,0,0,30,2,6,36,1,5,5
151,10,2291361347,1,3,0,0,2,0,31,4,13,29,0,6,5
151,11,1102362903,1,0,0,0,3,1,31,4,28,14,0,6,6
151,12,2009127233,1,1,0,0,3,1,30,1,31,11,1,7,6
152,0,2664802828,1,0,0,0,3,1,31,9,34,8,1,1,0
152,1,2328743247,1,1,0,0,1,1,31,2,30,12,0,1,1
152,2,1139744803,1,2,0,0,3,1,30,1,41,1,1,2,1
152,3,4293331668,1,3,0,0,3,1,32,6,23,19,0,2,2
152,4,3104333224,1,0,0,0,3,1,31,3,24,18,0,2,3
152,5,2768273643,1,1,0,0,3,1,31,2,35,7,1,3,3
152,6,1579275199,1,2,0,0,3,1,30,6,36,6,1,4,3
152,7,437894768,1,3,0,0,1,1,31,1,42,0,1,5,3
152,8,101835187,1,0,0,0,3,1,31,9,42,0,1,6,3
152,9,3207804039,1,1,0,0,2,0,30,5,0,42,1,6,4
152,10,2871744458,1,2,0,0,1,1,31,9,42,0,1,7,4
153,0,1921106390,1,0,0,0,3,1,30,6,25,17,0,0,1
153,1,831446833,1,1,0,0,1,1,31,4,42,0,1,1,1
153,2,396048365,1,2,0,0,3,1,30,4,29,13,0,1,2
153,3,59988784,1,3,0,0,0,0,30,4,18,24,0,2,2
153,4,2360636786,1,0,0,0,2,0,30,6,11,31,1,2,3
153,5,2024577205,1,1,0,0,1,1,31,4,36,6,1,3,3
153,6,3082401296,1,2,0,0,1,1,30,0,41,1,1,4,3
153,7,499519180,1,3,0,0,3,1,30,3,41,1,1,5,3
153,8,163459599,1,0,0,0,3,1,30,5,42,0,1,6,3
153,9,2464107601,1,1,0,0,1,1,31,4,40,2,1,7,3
154,0,2120882870,1,1,1,0,1,1,31,5,29,13,0,0,1
154,1,2264768807,1,2,0,0,0,0,30,5,16,26,0,1,1
154,2,595824845,1,0,1,0,3,1,31,4,29,13,0,1,2
154,3,2081873580,1,1,0,0,1,1,31,0,18,24,0,1,3
154,4,892875136,1,2,0,0,1,1,31,6,36,6,1,2,3
154,5,556815555,1,3,0,0,0,0,30,4,23,19,0,3,3
154,6,2368239622,1,0,0,0,0,0,30,4,0,42,1,3,4
154,7,2521403976,1,1,0,0,0,0,31,1,7,35,1,3,5
154,8,37860747,1,2,0,0,2,0,32,2,12,30,0,4,5
154,9,996345951,1,3,0,0,3,1,31,0,29,13,0,4,6
154,10,2807770018,1,0,0,0,3,1,31,1,30,12,0,4,7
155,0,293487338,1,0,0,0,3,1,30,0,12,30,0,0,1
155,1,3399456190,1,1,0,0,3,1,30,2,41,1,1,1,1
155,2,3063396609,1,2,0,0,1,1,31,5,31,11,1,2,1
155,3,579853380,1,3,0,0,3,1,32,0,20,22,0,2,2
155,4,733017734,1,0,0,0,3,1,31,5,42,0,1,3,2
155,5,2544441801,1,1,0,0,0,0,31,0,23,19,0,4,2
155,6,3502927005,1,2,0,0,2,0,31,4,8,34,1,4,3
155,7,1019383776,1,3,0,0,3,1,31,3,31,11,1,5,3
155,8,1172548130,1,0,0,0,3,1,30,3,42,0,1,6,3
155,9,2983972197,1,1,0,0,0,0,32,1,18,24,0,7,3
156,0,2601934285,1,0,0,0,0,0,32,6,17,25,0,1,0
156,1,607614991,1,1,0,0,1,1,31,4,40,2,1,2,0
156,2,271555410,1,2,0,0,1,1,31,0,30,12,0,2,1
156,3,3377524262,1,3,0,0,3,1,31,2,29,13,0,2,2
156,4,3041464681,1,0,0,0,0,0,30,2,6,36,1,2,3
156,5,4047567898,1,1,0,0,1,1,30,4,42,0,1,3,3
156,6,711085806,1,2,0,0,1,1,30,5,35,7,1,4,3
156,7,2522509873,1,3,0,0,1,1,30,4,40,2,1,5,3
156,8,3480995077,1,0,0,0,1,1,30,5,29,13,0,5,4
156,9,2339614646,1,1,0,0,2,0,30,3,35,7,0,6,4
156,10,4151038713,1,2,0,0,3,1,30,9,42,0,1,7,4
157,0,229512898,1,0,0,0,3,1,31,3,30,12,0,0,1
157,1,4188420613,1,1,0,0,1,1,32,0,18,24,0,0,2
157,2,2999422169,1,2,0,0,1,1,31,4,42,0,1,1,2
157,3,2663362588,1,3,0,0,1,1,30,6,34,8,1,2,2
157,4,669043294,1,0,0,0,0,0,31,2,21,21,0,3,2
157,5,332983713,1,1,0,0,1,1,31,3,42,0,1,4,2
157,6,3438952565,1,2,0,0,0,0,31,4,0,42,1,4,3
157,7,3102892984,1,3,0,0,3,1,30,1,14,28,0,4,4
157,8,1961512553,1,0,0,0,1,1,30,4,42,0,1,5,4
157,9,772514109,1,1,0,0,0,0,31,4,1,41,1,5,5
157,10,436454528,1,2,0,0,1,1,30,4,42,0,1,6,5
157,11,3542423380,1,3,0,0,0,0,30,4,1,41,1,6,6
157,12,2401042949,1,0,0,0,3,1,31,2,41,1,1,7,6
158,0,2537959845,1,0,0,0,3,1,30,1,42,0,1,1,0
158,1,2691124199,1,1,0,0,2,0,30,3,0,42,1,1,1
158,2,207580970,1,2,0,0,0,0,31,4,1,41,1,1,2
158,3,1919666150,1,3,0,0,1,1,30,5,29,13,0,1,3
158,4,2977490241,1,0,0,0,2,0,31,3,11,31,1,1,4
158,5,2641430660,1,1,0,0,1,1,32,4,42,0,1,2,4
158,6,647111366,1,2,0,0,1,1,31,0,26,16,0,2,5
158,7,311051785,1,3,0,0,0,0,30,2,13,29,0,3,5
158,8,2023136965,1,0,0,0,1,1,30,9,42,0,1,4,5
158,9,3080961056,1,1,0,0,0,0,31,3,7,35,1,4,6
158,10,3987725386,1,2,0,0,1,1,31,2,42,0,1,5,6
158,11,750582181,1,3,0,0,3,1,31,5,19,23,0,5,7
159,0,2896861142,1,0,0,0,0,0,31,1,0,42,1,0,1
159,1,1707862698,1,1,0,0,1,1,31,4,28,14,0,0,2
159,2,3519286765,1,2,0,0,1,1,31,5,36,6,1,1,2
159,3,131083799,1,3,0,0,3,1,31,4,36,6,1,2,2
159,4,3336391538,1,0,0,0,3,1,31,2,20,22,0,2,3
159,5,852848309,1,1,0,0,1,1,32,5,42,0,1,3,3
159,6,3958817161,1,2,0,0,0,0,31,3,0,42,1,3,4
159,7,3622757580,1,3,0,0,3,1,31,4,27,15,0,3,5
159,8,3775921934,1,0,0,0,3,1,31,0,24,18,0,3,6
159,9,1292378705,1,1,0,0,0,0,30,2,1,41,1,3,7
160,0,811001906,1,0,0,0,3,1,31,9,42,0,1,1,0
160,1,964166260,1,1,0,0,0,0,30,6,6,36,1,1,1
160,2,628106679,1,2,0,0,1,1,31,1,19,23,0,1,2
160,3,2439530746,1,3,0,0,3,1,32,5,25,17,0,1,3
160,4,1250532302,1,0,0,0,0,0,31,0,12,30,0,2,3
160,5,109151871,1,1,0,0,3,1,31,0,20,22,0,2,4
160,6,1067637075,1,2,0,0,2,0,32,1,0,42,1,2,5
160,7,2879061142,1,3,0,0,1,1,30,3,36,6,1,3,5
160,8,3456939715,1,1,1,0,2,0,30,3,2,40,1,3,6
160,9,548682267,1,2,0,0,1,1,31,3,23,19,0,3,7
161,0,586064167,1,0,0,0,3,1,31,2,42,0,1,1,0
161,1,250004586,1,1,0,0,1,1,30,1,42,0,1,2,0
161,2,1307828677,1,2,0,0,1,1,31,4,22,20,0,2,1
161,3,971769096,1,3,0,0,3,1,30,5,41,1,1,3,1
161,4,1025594563,1,0,0,0,1,1,30,3,31,11,1,4,1
161,5,689534982,1,1,0,0,1,1,31,3,41,1,1,5,1
161,6,1747359073,1,2,0,0,1,1,31,2,42,0,1,6,1
161,7,1411299492,1,3,0,0,2,0,32,5,0,42,1,6,2
161,8,2318063822,1,0,0,0,3,1,30,5,31,11,1,7,2
162,0,2894511114,1,0,0,0,3,1,31,4,40,2,1,1,0
162,1,1753130683,1,1,0,0,1,1,31,4,39,3,1,2,0
162,2,564132239,1,2,0,0,1,1,31,4,31,11,1,3,0
162,3,228072658,1,3,0,0,3,1,30,2,25,17,0,3,1
162,4,3334041510,1,0,0,0,3,1,31,4,12,30,0,3,2
162,5,2192661079,1,1,0,0,2,0,30,5,6,36,1,3,3
162,6,1003662635,1,2,0,0,0,0,31,4,0,42,1,3,4
162,7,667603054,1,3,0,0,2,0,32,3,7,35,1,3,5
162,8,331543473,1,0,0,0,3,1,31,0,31,11,1,4,5
162,9,2632191475,1,1,0,0,0,0,30,2,11,31,1,4,6
162,10,2296131894,1,2,0,0,2,0,32,0,0,42,1,4,7
163,0,686508951,1,0,0,0,1,1,30,2,36,6,1,1,0
163,1,3792477803,1,1,0,0,0,0,31,5,6,36,1,1,1
163,2,404274837,1,2,0,0,0,0,31,3,0,42,1,1,2
163,3,1462098928,1,3,0,0,3,1,30,2,17,25,0,1,3
163,4,1126039347,1,0,0,0,3,1,30,0,25,17,0,1,4
163,5,789979766,1,1,0,0,1,1,30,6,41,1,1,2,4
163,6,843805233,1,2,0,0,1,1,31,6,42,0,1,3,4
163,7,507745652,1,3,0,0,2,0,30,5,12,30,1,3,5
163,8,1565569743,1,0,0,0,3,1,31,2,24,18,0,3,6
163,9,1229510162,1,1,0,0,0,0,30,2,11,31,1,3,7
164,0,3414375710,1,0,0,0,2,0,31,2,0,42,1,0,1
164,1,3567540064,1,1,0,0,3,1,31,0,35,7,1,1,1
164,2,1083996835,1,2,0,0,0,0,30,1,12,30,1,1,2
164,3,747937254,1,3,0,0,3,1,32,4,20,22,0,1,3
164,4,3853906106,1,0,0,0,0,0,31,5,0,42,1,1,4
164,5,2712525675,1,1,0,0,1,1,31,2,42,0,1,2,4
164,6,3671010879,1,2,0,0,2,0,32,2,1,41,1,2,5
164,7,1187467650,1,3,0,0,2,0,31,0,24,18,0,3,5
164,8,4293436502,1,0,0,0,0,0,31,1,16,26,0,4,5
164,9,3152056071,1,1,0,0,1,1,31,5,38,4,1,5,5
164,10,2815996490,1,2,0,0,1,1,31,1,19,23,0,5,6
164,11,1626998046,1,3,0,0,3,1,31,6,30,12,0,5,7
165,0,2670679272,1,0,0,0,3,1,31,6,41,1,1,1,0
165,1,1581019715,1,1,0,0,2,0,30,4,24,18,0,2,0
165,2,2487784045,1,2,0,0,1,1,31,5,33,9,1,3,0
165,3,4240816,1,3,0,0,0,0,30,6,1,41,1,3,1
165,4,3110209668,1,0,0,0,3,1,31,3,42,0,1,4,1
165,5,2774150087,1,1,0,0,1,1,31,3,31,11,1,5,1
165,6,2927314441,1,2,0,0,1,1,31,0,41,1,1,6,1
165,7,443771212,1,3,0,0,3,1,31,2,41,1,1,7,1
166,0,2870455752,1,1,1,0,2,0,30,5,12,30,1,0,1
166,1,2109681952,1,2,0,0,1,1,30,1,25,17,0,0,2
166,2,3167506043,1,3,0,0,3,1,31,3,30,12,0,0,3
166,3,2831446462,1,0,0,0,0,0,31,3,1,41,1,0,4
166,4,1642448018,1,1,0,0,0,0,31,4,0,42,1,0,5
166,5,2549212348,1,2,0,0,1,1,30,3,30,12,1,1,5
166,6,979607273,1,0,1,0,0,0,32,5,1,41,1,1,6
166,7,3270976858,1,1,0,0,3,1,31,1,36,6,1,2,6
166,8,787433629,1,2,0,0,1,1,30,4,28,14,0,2,7
167,0,1043060220,1,0,0,0,1,1,30,4,42,0,1,1,0
167,1,3343708222,1,1,0,0,0,0,30,5,11,31,1,1,1
167,2,3007648641,1,2,0,0,1,1,31,2,25,17,0,1,2
167,3,1818650197,1,3,0,0,3,1,32,3,24,18,0,1,3
167,4,1482590616,1,0,0,0,3,1,31,3,26,16,0,1,4
167,5,3294014683,1,1,0,0,1,1,31,1,31,11,1,2,4
167,6,3447179037,1,2,0,0,1,1,31,0,41,1,1,3,4
167,7,3111119456,1,3,0,0,3,1,31,3,35,7,1,4,4
167,8,1922121012,1,0,0,0,3,1,31,6,24,18,0,4,5
167,9,3733545079,1,1,0,0,3,1,31,5,42,0,1,5,5
167,10,3886709433,1,2,0,0,0,0,30,6,0,42,1,5,6
167,11,3550649852,1,3,0,0,3,1,31,9,29,13,0,5,7
168,0,2965606129,1,0,0,0,3,1,30,1,36,6,1,1,0
168,1,3924091333,1,1,0,0,3,1,30,6,36,6,1,2,0
168,2,1440548104,1,2,0,0,0,0,30,2,0,42,1,2,1
168,3,1104488523,1,3,0,0,3,1,31,5,42,0,1,3,1
168,4,3405136525,1,0,0,0,1,1,30,6,42,0,1,4,1
168,5,3069076944,1,1,0,0,1,1,32,3,42,0,1,5,1
168,6,1880078500,1,2,0,0,0,0,30,9,17,25,0,6,1
168,7,1544018919,1,3,0,0,1,1,31,2,42,0,1,7,1
169,0,979085780,1,0,0,0,0,0,33,3,0,42,1,0,1
169,1,1937570984,1,1,0,0,3,1,31,1,30,12,0,0,2
169,2,2943674201,1,2,0,0,1,1,30,6,25,17,0,0,3
169,3,2607614620,1,3,0,0,3,1,30,5,34,8,1,1,3
169,4,1418616176,1,0,0,0,2,0,31,4,22,20,0,2,3
169,5,1082556595,1,1,0,0,1,1,31,2,10,32,0,2,4
169,6,1235720949,1,2,0,0,1,1,30,6,31,11,1,3,4
169,7,3047145016,1,3,0,0,2,0,31,5,19,23,0,4,4
169,8,1858146572,1,0,0,0,1,1,30,5,24,18,0,4,5
169,9,1522086991,1,1,0,0,3,1,30,6,41,1,1,5,5
169,10,380706560,1,2,0,0,3,1,30,2,19,23,0,5,6
169,11,3486675412,1,3,0,0,2,0,32,1,0,42,1,5,7
170,0,235389342,1,0,0,0,0,0,31,3,1,41,1,0,1
170,1,3440697081,1,1,0,0,1,1,31,3,31,11,1,1,1
170,2,957153852,1,2,0,0,1,1,30,6,41,1,1,2,1
170,3,1863918182,1,3,0,0,3,1,31,0,41,1,1,3,1
170,4,2822403386,1,0,0,0,3,1,30,2,17,25,0,3,2
170,5,338860157,1,1,0,0,3,1,31,5,25,17,0,3,3
170,6,1396684248,1,2,0,0,2,0,32,2,2,40,1,3,4
170,7,2303448578,1,3,0,0,2,0,31,4,11,31,1,3,5
170,8,3261933782,1,0,0,0,1,1,30,1,36,6,1,4,5
170,9,778390553,1,1,0,0,2,0,30,3,0,42,1,4,6
170,10,442330972,1,2,0,0,1,1,31,1,30,12,0,4,7
171,0,3646434024,1,0,0,0,2,0,30,1,0,42,1,0,1
171,1,1652114730,1,1,0,0,0,0,31,2,3,39,1,0,2
171,2,1316055149,1,2,0,0,0,0,30,3,0,42,1,0,3
171,3,127056705,1,3,0,0,0,0,30,0,17,25,0,1,3
171,4,4085964420,1,0,0,0,0,0,31,5,6,36,1,1,4
171,5,697761454,1,1,0,0,1,1,31,4,42,0,1,2,4
171,6,1755585545,1,2,0,0,2,0,32,5,7,35,1,2,5
171,7,3567009612,1,3,0,0,0,0,30,9,1,41,1,2,6
171,8,230527520,1,0,0,0,0,0,31,5,2,40,1,2,7
172,0,2902737586,1,0,0,0,3,1,31,5,42,0,1,1,0
172,1,1713739142,1,1,0,0,3,1,30,0,19,23,0,1,1
172,2,1377679561,1,2,0,0,1,1,31,6,33,9,1,2,1
172,3,3678327563,1,3,0,0,0,0,30,2,2,40,1,2,2
172,4,3342267982,1,0,0,0,3,1,31,3,13,29,0,2,3
172,5,858724753,1,1,0,0,1,1,31,6,40,2,1,3,3
172,6,1817209957,1,2,0,0,3,1,30,4,41,1,1,4,3
172,7,675829526,1,3,0,0,3,1,31,4,41,1,1,5,3
172,8,3781798378,1,0,0,0,3,1,30,4,23,19,0,5,4
172,9,3445738797,1,1,0,0,1,1,31,4,35,7,1,6,4
172,10,2256740353,1,2,0,0,0,0,30,5,6,36,1,6,5
172,11,1115359922,1,3,0,0,3,1,32,5,41,1,1,7,5
173,0,1335637049,1,0,0,0,1,1,30,4,17,25,0,0,1
173,1,1488801403,1,1,0,0,1,1,30,2,30,12,1,1,1
173,2,3300225470,1,2,0,0,0,0,31,5,0,42,1,1,2
173,3,2964165889,1,3,0,0,3,1,30,3,41,1,1,2,2
173,4,1775167445,1,0,0,0,1,1,30,2,42,0,1,3,2
173,5,1439107864,1,1,0,0,3,1,31,3,36,6,1,4,2
173,6,3739755866,1,2,0,0,1,1,30,1,23,19,0,4,3
173,7,3403696285,1,3,0,0,0,0,30,3,17,25,0,5,3
173,8,3067636704,1,0,0,0,3,1,31,1,36,6,1,6,3
173,9,4125460795,1,1,0,0,1,1,30,2,18,24,0,6,4
173,10,737257829,1,2,0,0,1,1,31,3,22,20,0,6,5
173,11,3843226681,1,3,0,0,1,1,30,4,36,6,1,7,5
174,0,2838763146,1,0,0,0,3,1,31,9,15,27,0,0,1
174,1,3797248350,1,1,0,0,1,1,30,0,24,18,0,0,2
174,2,1313705121,1,2,0,0,3,1,30,3,41,1,1,1,2
174,3,172324690,1,3,0,0,1,1,30,1,18,24,0,1,3
174,4,3278293542,1,0,0,0,3,1,31,2,35,7,1,2,3
174,5,2942233961,1,1,0,0,0,0,31,1,11,31,1,2,4
174,6,1753235517,1,2,0,0,2,0,31,5,0,42,1,2,5
174,7,611855086,1,3,0,0,0,0,30,9,13,29,0,3,5
174,8,3717823938,1,0,0,0,0,0,31,6,7,35,1,3,6
174,9,3381764357,1,1,0,0,0,0,30,2,0,42,1,3,7
175,0,1855501645,1,0,0,0,0,0,31,1,29,13,0,1,0
175,1,2008665999,1,1,0,0,1,1,31,4,39,3,1,2,0
175,2,1672606418,1,2,0,0,1,1,30,0,42,0,1,3,0
175,3,3484030485,1,3,0,0,2,0,30,2,6,36,1,3,1
175,4,147548393,1,0,0,0,0,0,31,6,13,29,0,4,1
175,5,1153651610,1,1,0,0,1,1,31,9,19,23,0,4,2
175,6,2112136814,1,2,0,0,2,0,31,4,12,30,0,5,2
175,7,3923560881,1,3,0,0,3,1,32,6,41,1,1,6,2
175,8,587078789,1,0,0,0,0,0,32,4,1,41,1,6,3
175,9,3740665654,1,1,0,0,3,1,31,4,41,1,1,7,3
176,0,1211144094,1,0,0,0,2,0,31,0,6,36,1,0,1
176,1,22145650,1,1,0,0,1,1,32,4,41,1,1,1,1
176,2,3175732515,1,2,0,0,3,1,30,3,20,22,0,1,2
176,3,1986734071,1,3,0,0,3,1,30,1,41,1,1,2,2
176,4,1650674490,1,0,0,0,2,0,31,3,1,41,1,2,3
176,5,3462098557,1,1,0,0,1,1,31,3,31,11,1,3,3
176,6,3615262911,1,2,0,0,3,1,30,4,35,7,1,4,3
176,7,271167533,1,1,2,0,3,1,30,9,41,1,1,5,3
176,8,2090204886,1,2,0,0,1,1,30,1,41,1,1,6,3
176,9,3901628953,1,3,0,0,3,1,31,6,12,30,0,6,4
176,10,3565569372,1,0,0,0,0,0,31,0,0,42,1,6,5
176,11,3718733726,1,1,0,0,1,1,31,0,42,0,1,7,5
177,0,467447656,1,0,0,0,3,1,30,0,14,28,0,0,1
177,1,3573416508,1,1,0,0,1,1,31,5,29,13,0,0,2
177,2,3237356927,1,2,0,0,0,0,31,4,6,36,1,0,3
177,3,2048358483,1,3,0,0,0,0,30,2,0,42,1,0,4
177,4,906978052,1,0,0,0,1,1,30,9,35,7,1,1,4
177,5,2718402119,1,1,0,0,1,1,31,3,41,1,1,2,4
177,6,3676887323,1,2,0,0,1,1,32,2,42,0,1,3,4
177,7,1193344094,1,3,0,0,3,1,32,5,24,18,0,3,5
177,8,1346508448,1,0,0,0,1,1,30,1,34,8,1,4,5
177,9,1010448867,1,1,0,0,1,1,31,5,42,0,1,5,5
177,10,4116417719,1,2,0,0,1,1,31,2,42,0,1,6,5
177,11,1632874490,1,3,0,0,2,0,30,2,0,42,1,6,6
177,12,491494059,1,0,0,0,0,0,31,5,6,36,1,6,7
178,0,3195314415,1,0,0,0,0,0,32,9,11,31,0,1,0
178,1,4253138506,1,1,0,0,2,0,30,5,0,42,1,1,1
178,2,3917078925,1,2,0,0,0,0,30,3,2,40,1,1,2
178,3,528875959,1,3,0,0,1,1,31,2,42,0,1,2,2
178,4,1586700050,1,0,0,0,3,1,31,1,31,11,1,3,2
178,5,3298785230,1,1,0,0,1,1,32,5,42,0,1,4,2
178,6,61642025,1,2,0,0,1,1,30,3,34,8,1,5,2
178,7,968406355,1,3,0,0,2,0,31,2,0,42,1,5,3
178,8,632346774,1,0,0,0,2,0,30,0,2,40,1,5,4
178,9,1690170865,1,1,0,0,1,1,32,4,35,7,1,6,4
178,10,3402256045,1,2,0,0,0,0,30,6,16,26,0,7,4
179,0,403473216,1,0,0,0,2,0,30,3,6,36,1,0,1
179,1,1361958420,1,1,0,0,0,0,30,1,23,19,0,1,1
179,2,3173382487,1,2,0,0,0,0,30,5,12,30,1,1,2
179,3,2837322906,1,3,0,0,3,1,31,1,24,18,0,1,3
179,4,843003612,1,0,0,0,3,1,31,6,42,0,1,2,3
179,5,506944031,1,1,0,0,1,1,31,1,31,11,1,3,3
179,6,3612912883,1,2,0,0,1,1,31,3,17,25,0,3,4
179,7,3276853302,1,3,0,0,2,0,31,4,0,42,1,3,5
179,8,1282534008,1,0,0,0,3,1,32,4,41,1,1,4,5
179,9,946474427,1,1,0,0,1,1,30,5,34,8,1,5,5
179,10,610414846,1,2,0,0,1,1,30,6,42,0,1,6,5
179,11,3716383698,1,3,0,0,0,0,30,1,1,41,1,6,6
179,12,2575003267,1,0,0,0,3,1,31,4,40,2,1,7,6
180,0,1567695363,1,0,0,0,3,1,31,5,31,11,1,1,0
180,1,378696919,1,1,0,0,0,0,31,1,12,30,0,2,0
180,2,3532283784,1,2,0,0,1,1,31,4,41,1,1,3,0
180,3,1048740555,1,3,0,0,3,1,31,2,39,3,1,4,0
180,4,2007225759,1,0,0,0,1,1,30,2,42,0,1,5,0
180,5,3818649826,1,1,0,0,0,0,31,3,7,35,1,5,1
180,6,3971814180,1,2,0,0,1,1,31,5,25,17,0,5,2
180,7,1488270951,1,3,0,0,1,1,31,5,34,8,1,6,2
180,8,2446756155,1,0,0,0,0,0,31,5,19,23,0,7,2
181,0,3070821460,1,0,0,0,3,1,30,0,24,18,0,0,1
181,1,1881823016,1,1,0,0,3,1,30,6,24,18,0,0,2
181,2,1545763435,1,2,0,0,1,1,31,5,41,1,1,1,2
181,3,2551866652,1,3,0,0,3,1,31,3,36,6,1,2,2
181,4,3510351856,1,0,0,0,3,1,30,6,30,12,1,3,2
181,5,1026808627,1,1,0,0,2,0,30,5,12,30,1,3,3
181,6,1985293831,1,2,0,0,1,1,30,1,25,17,0,3,4
181,7,3796717898,1,3,0,0,3,1,31,6,41,1,1,4,4
181,8,1322453086,1,1,1,0,1,1,31,4,36,6,1,5,4
181,9,1466339023,1,2,0,0,3,1,30,4,22,20,0,5,5
181,10,1130279442,1,3,0,0,1,1,30,0,34,8,1,6,5
181,11,4236248294,1,0,0,0,3,1,30,1,42,0,1,7,5
182,0,3132445872,1,0,0,0,3,1,31,4,41,1,1,1,0
182,1,1138126578,1,1,0,0,1,1,30,6,41,1,1,2,0
182,2,802066997,1,2,0,0,3,1,30,0,31,11,1,3,0
182,3,3908035849,1,3,0,0,3,1,31,5,20,22,0,3,1
182,4,3571976268,1,0,0,0,1,1,30,3,42,0,1,4,1
182,5,283112189,1,1,0,0,3,1,30,2,41,1,1,5,1
182,6,1241597393,1,2,0,0,3,1,30,5,36,6,1,6,1
182,7,3053021460,1,3,0,0,1,1,30,2,41,1,1,7,1
183,0,760024485,1,0,0,0,3,1,31,6,31,11,1,1,0
183,1,3965332224,1,1,0,0,1,1,31,3,42,0,1,2,0
183,2,1481788995,1,2,0,0,2,0,31,2,0,42,1,2,1
183,3,1145729414,1,3,0,0,3,1,30,5,22,20,0,2,2
183,4,3446377416,1,0,0,0,0,0,30,2,18,24,0,3,2
183,5,863495300,1,1,0,0,3,1,31,1,35,7,1,4,2
183,6,1921319391,1,2,0,0,1,1,31,6,29,13,0,4,3
183,7,1585259810,1,3,0,0,3,1,31,2,26,16,0,4,4
183,8,2492024140,1,0,0,0,3,1,30,5,35,7,1,5,4
183,9,3549848231,1,1,0,0,1,1,31,3,42,0,1,6,4
183,10,966966115,1,2,0,0,0,0,31,2,11,31,1,6,5
183,11,2024790206,1,3,0,0,3,1,31,0,42,0,1,7,5
184,0,2846989618,1,0,0,0,3,1,31,2,31,11,1,1,0
184,1,1657991174,1,1,0,0,1,1,31,5,42,0,1,2,0
184,2,1321931593,1,2,0,0,0,0,30,5,23,19,0,3,0
184,3,132933149,1,3,0,0,3,1,31,1,41,1,1,4,0
184,4,3286520014,1,0,0,0,0,0,30,6,8,34,1,4,1
184,5,2950460433,1,1,0,0,0,0,30,5,1,41,1,4,2
184,6,1761461989,1,2,0,0,3,1,30,5,31,11,1,5,2
184,7,1425402408,1,3,0,0,3,1,31,1,30,12,0,5,3
184,8,4150764629,1,1,1,0,1,1,31,3,42,0,1,6,3
184,9,3389990829,1,2,0,0,1,1,31,2,40,2,1,7,3
185,0,3427372729,1,0,0,0,3,1,30,6,42,0,1,1,0
185,1,2238374285,1,1,0,0,3,1,30,2,42,0,1,2,0
185,2,4049798352,1,2,0,0,1,1,31,2,19,23,0,2,1
185,3,2908417921,1,3,0,0,3,1,31,5,42,0,1,3,1
185,4,3866903125,1,0,0,0,1,1,30,2,36,6,1,4,1
185,5,1383359896,1,1,0,0,2,0,30,1,8,34,1,4,2
185,6,194361452,1,2,0,0,0,0,30,1,18,24,0,5,2
185,7,3347948317,1,3,0,0,3,1,31,4,36,6,1,6,2
185,8,11466225,1,0,0,0,3,1,31,6,41,1,1,7,2
186,0,3588336028,1,0,0,0,0,0,31,4,13,29,0,1,0
186,1,3741500382,1,1,0,0,0,0,30,6,13,29,0,2,0
186,2,3405440801,1,2,0,0,1,1,31,3,25,17,0,2,1
186,3,921897572,1,3,0,0,3,1,30,5,42,0,1,3,1
186,4,4027866424,1,0,0,0,1,1,30,4,17,25,0,3,2
186,5,2886485993,1,1,0,0,1,1,30,3,42,0,1,4,2
186,6,3844971197,1,2,0,0,2,0,30,1,21,21,0,5,2
186,7,1361427968,1,3,0,0,0,0,30,1,2,40,1,5,3
186,8,2319913172,1,0,0,0,3,1,31,3,19,23,0,5,4
186,9,3326016389,1,1,0,0,3,1,30,0,25,17,0,5,5
186,10,2989956808,1,2,0,0,2,0,31,4,2,40,1,5,6
186,11,1800958364,1,3,0,0,2,0,30,1,7,35,1,5,7
187,0,3363398289,1,0,0,0,0,0,32,4,2,40,1,0,1
187,1,3027338708,1,1,0,0,1,1,31,1,42,0,1,1,1
187,2,1838340264,1,2,0,0,0,0,30,9,0,42,1,1,2
187,3,1502280683,1,3,0,0,3,1,31,3,35,7,1,2,2
187,4,3802928685,1,0,0,0,1,1,30,0,42,0,1,3,2
187,5,3466869104,1,1,0,0,1,1,33,2,25,17,0,3,3
187,6,2277870660,1,2,0,0,2,0,32,5,0,42,1,3,4
187,7,1941811079,1,3,0,0,3,1,30,2,42,0,1,4,4
187,8,800430648,1,0,0,0,3,1,32,3,40,2,1,5,4
187,9,3906399500,1,1,0,0,1,1,30,2,35,7,1,6,4
187,10,3570339919,1,2,0,0,1,1,31,3,35,7,1,7,4
188,0,3203540887,1,0,0,0,2,0,31,1,0,42,1,0,1
188,1,4261364978,1,1,0,0,2,0,30,0,0,42,1,0,2
188,2,3925305397,1,2,0,0,0,0,30,6,0,42,1,0,3
188,3,2736306953,1,3,0,0,2,0,30,3,22,20,0,1,3
188,4,3643071283,1,0,0,0,2,0,31,6,13,29,0,2,3
188,5,3307011702,1,1,0,0,3,1,30,5,31,11,1,3,3
188,6,69868497,1,2,0,0,0,0,30,1,2,40,1,3,4
188,7,4028776212,1,3,0,0,3,1,31,6,36,6,1,4,4
188,8,4082601679,1,0,0,0,1,1,30,2,42,0,1,5,4
188,9,3746542098,1,1,0,0,1,1,31,2,41,1,1,6,4
188,10,509398893,1,2,0,0,2,0,31,1,35,7,0,7,4
189,0,1217020538,1,0,0,0,1,1,30,3,42,0,1,1,0
189,1,3517668540,1,1,0,0,0,0,32,1,6,36,1,1,1
189,2,3181608959,1,2,0,0,0,0,31,1,18,24,0,2,1
189,3,1992610515,1,3,0,0,1,1,30,5,42,0,1,3,1
189,4,1656550934,1,0,0,0,0,0,33,5,6,36,1,3,2
189,5,1320491353,1,1,0,0,1,1,31,6,30,12,0,3,3
189,6,3621139355,1,2,0,0,1,1,31,5,42,0,1,4,3
189,7,3285079774,1,3,0,0,3,1,30,3,36,6,1,5,3
189,8,2096081330,1,0,0,0,3,1,31,3,36,6,1,6,3
189,9,1760021749,1,1,0,0,3,1,30,4,41,1,1,7,3
190,0,992082799,1,0,0,0,0,0,31,0,11,31,1,0,1
190,1,4098051651,1,1,0,0,1,1,31,0,7,35,0,0,2
190,2,1614508422,1,2,0,0,1,1,31,1,36,6,1,1,2
190,3,1278448841,1,3,0,0,3,1,30,4,30,12,1,2,2
190,4,1431613195,1,0,0,0,3,1,30,4,42,0,1,3,2
190,5,3243037262,1,1,0,0,2,0,30,1,18,24,0,4,2
190,6,4201522466,1,2,0,0,1,1,30,1,42,0,1,5,2
190,7,1717979237,1,3,0,0,3,1,31,4,35,7,1,6,2
190,8,2775803328,1,0,0,0,2,0,30,2,6,36,1,6,3
190,9,3682567658,1,1,0,0,1,1,32,0,42,0,1,7,3
191,0,1153046098,1,0,0,0,0,0,32,4,1,41,1,0,1
191,1,2111531302,1,1,0,0,3,1,30,3,24,18,0,0,2
191,2,970150871,1,2,0,0,1,1,31,4,30,12,0,0,3
191,3,2781574938,1,3,0,0,0,0,30,5,1,41,1,0,4
191,4,1592576494,1,0,0,0,1,1,30,1,42,0,1,1,4
191,5,1256516913,1,1,0,0,0,0,32,5,6,36,1,1,5
191,6,1409681267,1,2,0,0,2,0,30,4,6,36,1,1,6
191,7,3221105334,1,3,0,0,0,0,30,2,25,17,0,2,6
191,8,4179590538,1,0,0,0,0,0,32,3,7,35,1,2,7
192,0,1511947395,1,0,0,0,0,0,30,4,25,17,0,1,0
192,1,322948951,1,1,0,0,1,1,31,0,19,23,0,1,1
192,2,4281856666,1,2,0,0,1,1,30,1,42,0,1,2,1
192,3,3092858222,1,3,0,0,3,1,30,5,39,3,1,3,1
192,4,1951477791,1,0,0,0,2,0,30,4,18,24,0,4,1
192,5,1615418210,1,1,0,0,1,1,32,0,35,7,1,5,1
192,6,426419766,1,2,0,0,1,1,31,4,42,0,1,6,1
192,7,2237843833,1,3,0,0,3,1,31,5,41,1,1,7,1
193,0,3820394342,1,0,0,0,2,0,31,0,2,40,1,0,1
193,1,1826075048,1,1,0,0,2,0,30,4,12,30,1,0,2
193,2,1490015467,1,2,0,0,1,1,31,1,42,0,1,1,2
193,3,301017023,1,3,0,0,1,1,30,6,42,0,1,2,2
193,4,4259924738,1,0,0,0,0,0,31,2,22,20,0,3,2
193,5,871721772,1,1,0,0,2,0,30,5,12,30,1,3,3
193,6,1929545863,1,2,0,0,0,0,31,4,0,42,1,3,4
193,7,1593486282,1,3,0,0,2,0,30,3,6,36,1,3,5
193,8,404487838,1,0,0,0,0,0,31,4,0,42,1,3,6
193,9,1311252168,1,1,0,0,2,0,30,4,6,36,1,3,7
194,0,1447972955,1,0,0,0,0,0,31,1,7,35,1,0,1
194,1,2406458159,1,1,0,0,1,1,32,0,22,20,0,0,2
194,2,4217882226,1,2,0,0,3,1,30,0,42,0,1,1,2
194,3,3881822645,1,3,0,0,3,1,31,6,34,8,1,2,2
194,4,1887503351,1,0,0,0,3,1,30,4,41,1,1,3,2
194,5,1551443770,1,1,0,0,1,1,31,3,41,1,1,4,2
194,6,2129322343,1,3,1,0,3,1,31,5,36,6,1,5,2
194,7,26385745,1,0,0,0,3,1,31,4,34,8,1,6,2
194,8,179550099,1,1,0,0,1,1,31,2,42,0,1,7,2
195,0,1509597367,1,0,0,0,3,1,31,9,36,6,1,1,0
195,1,1662761721,1,1,0,0,0,0,30,4,6,36,1,1,1
195,2,3474185788,1,2,0,0,1,1,31,4,42,0,1,2,1
195,3,3138126207,1,3,0,0,3,1,31,5,42,0,1,3,1
195,4,4195950298,1,0,0,0,3,1,30,1,31,11,1,4,1
195,5,1232461551,1,2,1,0,1,1,31,6,13,29,0,4,2
195,6,1766232536,1,3,0,0,3,1,31,5,20,22,0,4,3
195,7,3577656603,1,0,0,0,2,0,30,4,13,29,0,5,3
195,8,340513398,1,1,0,0,2,0,30,9,12,30,1,5,4
195,9,4453817,1,2,0,0,1,1,30,6,34,8,1,6,4
195,10,911218147,1,3,0,0,0,0,30,2,7,35,1,6,5
195,11,4017186999,1,0,0,0,3,1,30,4,30,12,1,7,5
196,0,969133334,1,1,1,0,2,0,30,3,2,40,1,0,1
196,1,2407564056,1,2,0,0,1,1,31,1,42,0,1,1,1
196,2,1266183625,1,3,0,0,2,0,31,3,7,35,1,1,2
196,3,2224668829,1,0,0,0,1,1,30,1,36,6,1,2,2
196,4,4036092896,1,1,0,0,1,1,31,5,33,9,1,3,2
196,5,2847094452,1,2,0,0,1,1,31,3,41,1,1,4,2
196,6,1705714021,1,3,0,0,3,1,31,4,41,1,1,5,2
196,7,1369654440,1,0,0,0,3,1,31,9,19,23,0,5,3
196,8,180655996,1,1,0,0,1,1,31,6,19,23,0,5,4
196,9,4139563711,1,2,0,0,1,1,31,5,42,0,1,6,4
196,10,2145244417,1,3,0,0,3,1,31,4,42,0,1,7,4
197,0,4176945611,1,0,0,0,0,0,31,2,11,31,1,0,1
197,1,2182626317,1,1,0,0,0,0,31,4,17,25,0,1,1
197,2,1846566736,1,2,0,0,1,1,31,0,26,16,0,1,2
197,3,657568292,1,3,0,0,3,1,30,4,40,2,1,2,2
197,4,321508711,1,0,0,0,0,0,32,1,16,26,0,3,2
197,5,3094488945,1,2,1,0,2,0,31,2,26,16,0,4,2
197,6,2286097132,1,3,0,0,1,1,30,0,41,1,1,5,2
197,7,4097521199,1,0,0,0,3,1,31,1,29,13,0,5,3
197,8,380432476,1,2,1,0,0,0,30,9,6,36,1,5,4
197,9,3914625972,1,3,0,0,2,0,30,1,1,41,1,5,5
197,10,1431082743,1,0,0,0,3,1,30,4,25,17,0,5,6
197,11,2389567947,1,1,0,0,3,1,30,4,41,1,1,6,6
197,12,4200992014,1,2,0,0,2,0,32,2,11,31,0,7,6
198,0,3052642542,1,1,1,0,1,1,31,2,3,39,0,0,1
198,1,196105968,1,2,0,0,0,0,30,5,0,42,1,0,2
198,2,3349692833,1,3,0,0,1,1,30,1,24,18,0,0,3
198,3,1300142240,1,2,2,0,1,1,30,2,23,19,0,0,4
198,4,1824634808,1,3,0,0,3,1,31,4,35,7,1,1,4
198,5,3636058875,1,0,0,0,3,1,30,6,42,0,1,2,4
198,6,3789223229,1,1,0,0,0,0,30,5,0,42,1,2,5
198,7,3453163648,1,2,0,0,1,1,30,0,15,27,0,2,6
198,8,2264165204,1,3,0,0,0,0,30,6,11,31,1,2,7
199,0,4112971171,1,0,0,0,3,1,30,5,42,0,1,1,0
199,1,4266135525,1,1,0,0,3,1,31,3,19,23,0,1,1
199,2,1782592296,1,2,0,0,2,0,32,3,0,42,1,1,2
199,3,1446532715,1,3,0,0,3,1,31,5,29,13,0,1,3
199,4,257534271,1,0,0,0,2,0,30,4,1,41,1,1,4
199,5,3411121136,1,1,0,0,0,0,31,6,0,42,1,1,5
199,6,2222122692,1,2,0,0,2,0,32,4,6,36,1,1,6
199,7,1505456480,1,0,1,0,1,1,30,9,28,14,0,1,7
200,0,3369274733,1,0,0,0,3,1,31,1,26,16,0,0,1
200,1,2279615176,1,1,0,0,1,1,31,1,25,17,0,0,2
200,2,4091039243,1,2,0,0,0,0,30,0,3,39,1,0,3
200,3,702836277,1,3,0,0,3,1,31,1,29,13,0,0,4
200,4,1760660368,1,0,0,0,3,1,31,0,41,1,1,1,4
200,5,3472745548,1,1,0,0,1,1,32,4,42,0,1,2,4
200,6,235602343,1,2,0,0,1,1,31,2,29,13,0,2,5
200,7,1142366673,1,3,0,0,1,1,30,1,29,13,0,2,6
200,8,2200190764,1,0,0,0,0,0,31,6,18,24,0,3,6
200,9,1864131183,1,1,0,0,1,1,31,9,30,12,0,3,7
201,0,1161272570,1,0,0,0,1,1,30,3,42,0,1,1,0
201,1,4267241422,1,1,0,0,0,0,31,4,0,42,1,1,1
201,2,3931181841,1,2,0,0,2,0,30,2,0,42,1,1,2
201,3,4084346195,1,3,0,0,1,1,30,5,36,6,1,2,2
201,4,1600802966,1,0,0,0,3,1,30,5,41,1,1,3,2
201,5,411804522,1,1,0,0,1,1,32,6,24,18,0,3,3
201,6,75744941,1,2,0,0,1,1,31,0,24,18,0,3,4
201,7,3229331806,1,3,0,0,3,1,30,2,24,18,0,3,5
201,8,2040333362,1,0,0,0,3,1,31,5,25,17,0,3,6
201,9,1704273781,1,1,0,0,1,1,31,5,34,8,1,4,6
201,10,515275337,1,2,0,0,0,0,31,5,0,42,1,4,7
202,0,1741655681,1,0,0,0,0,0,30,9,1,41,1,0,1
202,1,552657237,1,1,0,0,1,1,31,4,42,0,1,1,1
202,2,3706244102,1,2,0,0,2,0,33,3,13,29,0,2,1
202,3,2517245658,1,3,0,0,3,1,31,3,19,23,0,2,2
202,4,2181186077,1,0,0,0,1,1,30,1,25,17,0,2,3
202,5,3992610144,1,1,0,0,3,1,30,1,41,1,1,3,3
202,6,4145774498,1,2,0,0,3,1,30,4,41,1,1,4,3
202,7,1662231269,1,3,0,0,3,1,31,4,33,9,1,5,3
202,8,2620716473,1,0,0,0,0,0,31,0,1,41,1,5,4
202,9,137173244,1,1,0,0,1,1,30,9,34,8,1,6,4
202,10,3290760109,1,2,0,0,1,1,30,1,18,24,0,6,5
202,11,4249245313,1,3,0,0,1,1,31,4,25,17,0,6,6
202,12,1765702084,1,0,0,0,2,0,30,4,22,20,0,7,6
203,0,3244781778,1,0,0,0,3,1,31,3,41,1,1,1,0
203,1,2055783334,1,1,0,0,0,0,31,4,0,42,1,1,1
203,2,1719723753,1,2,0,0,1,1,31,5,36,6,1,2,1
203,3,530725309,1,3,0,0,3,1,30,2,30,12,1,3,1
203,4,3684312174,1,0,0,0,1,1,30,2,30,12,1,4,1
203,5,1200768945,1,1,0,0,2,0,30,1,23,19,0,5,1
203,6,2159254149,1,2,0,0,3,1,30,3,31,11,1,6,1
203,7,3970678216,1,3,0,0,0,0,30,0,18,24,0,7,1
204,0,1677681241,1,0,0,0,0,0,30,3,1,41,1,0,1
204,1,488682797,1,1,0,0,3,1,30,0,18,24,0,0,2
204,2,3642269662,1,2,0,0,2,0,30,1,25,17,0,1,2
204,3,3306210081,1,3,0,0,3,1,31,2,31,11,1,2,2
204,4,2117211637,1,0,0,0,2,0,30,2,6,36,1,2,3
204,5,1781152056,1,1,0,0,3,1,30,6,29,13,0,2,4
204,6,592153612,1,2,0,0,3,1,30,0,30,12,1,3,4
204,7,3745740477,1,3,0,0,0,0,30,1,17,25,0,4,4
204,8,3409680896,1,0,0,0,0,0,30,2,1,41,1,4,5
204,9,2220682452,1,1,0,0,3,1,30,5,19,23,0,4,6
204,10,1884622871,1,2,0,0,0,0,31,4,6,36,1,4,7
205,0,1517823839,1,0,0,0,0,0,30,3,2,40,1,0,1
205,1,2575647930,1,1,0,0,1,1,32,0,31,11,0,0,2
205,2,3907126479,1,3,1,0,2,0,31,1,2,40,1,0,3
205,3,245269055,1,0,0,0,3,1,30,3,35,7,1,1,3
205,4,1957354235,1,1,0,0,0,0,32,2,7,35,1,1,4
205,5,3015178326,1,2,0,0,3,1,30,5,40,2,1,2,4
205,6,2679118745,1,3,0,0,2,0,31,2,12,30,0,3,4
205,7,3585883075,1,0,0,0,3,1,31,5,41,1,1,4,4
205,8,348739870,1,1,0,0,1,1,31,2,35,7,1,5,4
205,9,2060825050,1,2,0,0,2,0,30,4,7,35,1,5,5
205,10,3118649141,1,3,0,0,1,1,31,6,26,16,0,5,6
205,11,4025413471,1,0,0,0,3,1,31,4,24,18,0,5,7
206,0,50062189,1,0,0,0,1,1,30,5,29,13,0,0,1
206,1,2775424410,1,2,1,0,1,1,31,0,31,11,1,1,1
206,2,2014650610,1,3,0,0,3,1,31,3,30,12,0,1,2
206,3,3826074677,1,0,0,0,1,1,30,9,42,0,1,2,2
206,4,489592585,1,1,0,0,1,1,31,2,42,0,1,3,2
206,5,2301016652,1,2,0,0,2,0,32,2,0,42,1,3,3
206,6,4121719136,1,0,1,0,3,1,31,3,30,12,0,3,4
206,7,4265605073,1,1,0,0,1,1,31,2,41,1,1,4,4
206,8,929122981,1,2,0,0,1,1,30,5,19,23,0,4,5
206,9,2740547048,1,3,0,0,3,1,31,3,42,0,1,5,5
206,10,1599166617,1,0,0,0,1,1,30,6,34,8,1,6,5
206,11,410168173,1,1,0,0,1,1,32,1,12,30,0,6,6
206,12,74108592,1,2,0,0,0,0,30,6,12,30,1,6,7
207,0,3601333047,1,0,0,0,3,1,31,1,40,2,1,1,0
207,1,2412334603,1,1,0,0,1,1,31,3,30,12,0,1,1
207,2,2076275022,1,2,0,0,1,1,31,5,41,1,1,2,1
207,3,81955728,1,3,0,0,1,1,31,2,35,7,1,3,1
207,4,4040863443,1,0,0,0,1,1,30,3,36,6,1,4,1
207,5,1557320214,1,1,0,0,0,0,30,1,0,42,1,4,2
207,6,2515805418,1,2,0,0,2,0,32,4,11,31,0,5,2
207,7,1374424987,1,3,0,0,3,1,31,6,33,9,1,6,2
207,8,185426543,1,0,0,0,3,1,31,0,42,0,1,7,2
208,0,1614812698,1,0,0,0,3,1,31,3,31,11,1,1,0
208,1,3915460700,1,1,0,0,2,0,30,4,1,41,1,1,1
208,2,3579401119,1,2,0,0,1,1,31,0,25,17,0,1,2
208,3,2390402675,1,3,0,0,1,1,31,0,30,12,0,1,3
208,4,1673736463,1,1,1,0,1,1,32,4,35,7,1,2,3
208,5,3060446311,1,2,0,0,0,0,31,2,18,24,0,3,3
208,6,4018931515,1,3,0,0,1,1,30,2,35,7,1,4,3
208,7,1535388286,1,0,0,0,2,0,31,4,0,42,1,4,4
208,8,2493873490,1,1,0,0,1,1,31,1,14,28,0,4,5
208,9,1352493059,1,2,0,0,1,1,31,6,42,0,1,5,5
208,10,163494615,1,3,0,0,1,1,31,0,19,23,0,5,6
208,11,1974918682,1,0,0,0,3,1,30,4,42,0,1,6,6
208,12,1638859101,1,1,0,0,1,1,31,3,42,0,1,7,6
209,0,4121197643,1,0,0,0,0,0,32,4,13,29,0,1,0
209,1,2932199199,1,1,0,0,0,0,31,1,6,36,1,1,1
209,2,2596139618,1,2,0,0,1,1,31,6,33,9,1,2,1
209,3,601820324,1,3,0,0,1,1,31,4,42,0,1,3,1
209,4,265760743,1,0,0,0,2,0,30,2,0,42,1,3,2
209,5,4224668458,1,1,0,0,1,1,31,4,33,9,1,4,2
209,6,3035670014,1,2,0,0,2,0,31,5,6,36,1,4,3
209,7,1894289583,1,3,0,0,0,0,30,4,12,30,1,4,4
209,8,705291139,1,0,0,0,3,1,31,4,24,18,0,4,5
209,9,369231558,1,1,0,0,3,1,31,2,41,1,1,5,5
209,10,3475200410,1,2,0,0,3,1,30,6,40,2,1,6,5
209,11,2333819979,1,3,0,0,3,1,31,6,42,0,1,7,5
210,0,3377501205,1,0,0,0,3,1,31,0,41,1,1,1,0
210,1,140358000,1,1,0,0,1,1,31,4,29,13,0,1,1
210,2,4099265715,1,2,0,0,1,1,31,3,41,1,1,2,1
210,3,2910267271,1,3,0,0,2,0,31,2,0,42,1,2,2
210,4,3817031601,1,0,0,0,3,1,32,3,40,2,1,3,2
210,5,579888396,1,1,0,0,2,0,30,4,0,42,1,3,3
210,6,1911366945,1,3,1,0,1,1,30,9,42,0,1,4,3
210,7,4202736530,1,0,0,0,3,1,31,0,19,23,0,4,4
210,8,2208417236,1,1,0,0,1,1,30,2,40,2,1,5,4
210,9,3920502416,1,2,0,0,0,0,30,5,7,35,1,5,5
210,10,683359211,1,3,0,0,2,0,31,0,12,30,0,6,5
210,11,347299630,1,0,0,0,0,0,31,1,8,34,1,6,6
210,12,1254063960,1,1,0,0,1,1,31,2,28,14,0,6,7
211,0,1909739555,1,0,0,0,3,1,30,1,42,0,1,1,0
211,1,720741111,1,1,0,0,0,0,31,5,0,42,1,1,1
211,2,2532165178,1,2,0,0,2,0,32,0,0,42,1,1,2
211,3,1390784747,1,3,0,0,1,1,30,5,31,11,1,2,2
211,4,2349269951,1,0,0,0,3,1,31,1,13,29,0,2,3
211,5,4160694018,1,1,0,0,1,1,31,5,42,0,1,3,3
211,6,824211926,1,2,0,0,2,0,31,3,17,25,0,4,3
211,7,1830315143,1,3,0,0,1,1,31,5,19,23,0,4,4
211,8,2788800347,1,0,0,0,1,1,30,1,35,7,1,5,4
211,9,305257118,1,1,0,0,3,1,30,0,42,0,1,6,4
211,10,4264164833,1,2,0,0,2,0,31,0,0,42,1,6,5
211,11,2269845539,1,3,0,0,3,1,31,3,26,16,0,6,6
211,12,1933785958,1,0,0,0,0,0,32,1,12,30,0,7,6
212,0,1166043117,1,0,0,0,0,0,30,5,8,34,1,0,1
212,1,4272011969,1,1,0,0,1,1,31,2,31,11,1,1,1
212,2,3935952388,1,2,0,0,1,1,32,4,25,17,0,1,2
212,3,698809183,1,3,0,0,2,0,31,2,2,40,1,1,3
212,4,1605573513,1,0,0,0,3,1,31,6,24,18,0,1,4
212,5,3416997580,1,1,0,0,1,1,31,1,19,23,0,1,5
212,6,80515488,1,2,0,0,1,1,30,4,11,31,0,1,6
212,7,1891939555,1,3,0,0,2,0,31,9,6,36,1,1,7
213,0,2429604151,1,0,0,0,0,0,32,3,1,41,1,0,1
213,1,1240605707,1,1,0,0,1,1,30,6,42,0,1,1,1
213,2,2147370037,1,2,0,0,1,1,31,1,30,12,0,1,2
213,3,3205194128,1,3,0,0,2,0,31,5,23,19,0,2,2
213,4,2869134547,1,0,0,0,0,0,31,6,1,41,1,2,3
213,5,4200613096,1,2,1,0,1,1,31,1,42,0,1,3,3
213,6,1344076522,1,3,0,0,3,1,31,0,42,0,1,4,3
213,7,2250840852,1,0,0,0,3,1,31,4,40,2,1,5,3
213,8,3308664943,1,1,0,0,3,1,30,9,23,19,0,5,4
213,9,2972605362,1,2,0,0,0,0,31,6,12,30,0,6,4
213,10,1783606918,1,3,0,0,3,1,30,1,35,7,1,7,4
214,0,1685907713,1,0,0,0,2,0,30,2,13,29,0,1,0
214,1,496909269,1,1,0,0,1,1,31,4,40,2,1,2,0
214,2,160849688,1,2,0,0,3,1,30,4,25,17,0,2,1
214,3,3266818540,1,3,0,0,3,1,30,0,35,7,1,3,1
214,4,2125438109,1,0,0,0,3,1,30,6,36,6,1,4,1
214,5,1789378528,1,1,0,0,0,0,31,2,0,42,1,4,2
214,6,600380084,1,2,0,0,1,1,31,1,42,0,1,5,2
214,7,264320503,1,3,0,0,1,1,30,9,35,7,1,6,2
214,8,2564968505,1,0,0,0,3,1,30,9,42,0,1,7,2
215,0,3994354660,1,0,0,0,0,0,32,5,0,42,1,0,1
215,1,2000035366,1,1,0,0,1,1,32,3,25,17,0,0,2
215,2,1663975785,1,2,0,0,2,0,31,1,0,42,1,0,3
215,3,474977341,1,3,0,0,3,1,31,0,31,11,1,1,3
215,4,138917760,1,0,0,0,3,1,31,2,29,13,0,1,4
215,5,2439565762,1,1,0,0,0,0,31,3,24,18,0,2,4
215,6,2103506181,1,2,0,0,1,1,31,4,24,18,0,2,5
215,7,1767446600,1,3,0,0,2,0,30,6,23,19,0,3,5
215,8,578448156,1,0,0,0,2,0,30,0,8,34,1,3,6
215,9,1485212486,1,1,0,0,0,0,31,6,11,31,1,3,7
216,0,3769416921,1,0,0,0,1,1,30,5,23,19,0,0,1
216,1,2580418477,1,1,0,0,3,1,30,0,35,7,1,1,1
216,2,96875248,1,2,0,0,1,1,31,0,42,0,1,2,1
216,3,4055782963,1,3,0,0,3,1,31,4,30,12,0,2,2
216,4,4208947317,1,0,0,0,3,1,32,1,42,0,1,3,2
216,5,1725404088,1,1,0,0,0,0,31,4,8,34,1,3,3
216,6,2303282661,1,3,1,0,1,1,30,6,42,0,1,4,3
216,7,200346063,1,0,0,0,0,0,31,5,1,41,1,4,4
216,8,353510417,1,1,0,0,1,1,31,0,29,13,0,4,5
216,9,2164934484,1,2,0,0,0,0,30,3,18,24,0,5,5
216,10,1828874903,1,3,0,0,3,1,31,6,22,20,0,5,6
216,11,639876459,1,0,0,0,3,1,31,1,41,1,1,6,6
216,12,303816878,1,1,0,0,0,0,31,6,0,42,1,6,7
217,0,1513796745,1,0,0,0,3,1,31,9,42,0,1,1,0
217,1,2420561075,1,1,0,0,0,0,31,3,3,39,1,1,1
217,2,4231985142,1,2,0,0,1,1,30,3,41,1,1,2,1
217,3,3142325585,1,3,0,0,1,1,31,4,30,12,0,2,2
217,4,2706927117,1,0,0,0,3,1,31,0,40,2,1,3,2
217,5,2860091471,1,1,0,0,2,0,30,1,13,29,0,4,2
217,6,376548242,1,2,0,0,1,1,32,6,41,1,1,5,2
217,7,40488661,1,3,0,0,3,1,31,4,30,12,0,5,3
217,8,1098312752,1,0,0,0,3,1,30,1,29,13,0,5,4
217,9,2005077082,1,1,0,0,0,0,32,6,13,29,0,6,4
217,10,816078638,1,2,0,0,3,1,30,1,25,17,0,6,5
217,11,480019057,1,3,0,0,3,1,31,3,41,1,1,7,5
218,0,4289281517,1,0,0,0,3,1,30,2,42,0,1,1,0
218,1,3100283073,1,1,0,0,2,0,30,6,1,41,1,1,1
218,2,2764223492,1,2,0,0,1,1,31,3,41,1,1,2,1
218,3,1575225048,1,3,0,0,2,0,33,4,24,18,0,3,1
218,4,433844617,1,0,0,0,3,1,30,2,42,0,1,4,1
218,5,97785036,1,1,0,0,3,1,30,3,34,8,1,5,1
218,6,3203753888,1,2,0,0,0,0,30,0,11,31,1,5,2
218,7,720210659,1,3,0,0,0,0,30,6,7,35,1,5,3
218,8,873375013,1,0,0,0,2,0,30,4,1,41,1,5,4
218,9,537315432,1,1,0,0,1,1,31,2,35,7,1,6,4
218,10,3643284284,1,2,0,0,1,1,31,2,41,1,1,7,4
219,0,55938633,1,0,0,0,0,0,32,0,0,42,1,0,1
219,1,2356586635,1,1,0,0,1,1,31,5,35,7,1,1,1
219,2,2020527054,1,2,0,0,2,0,32,1,6,36,1,1,2
219,3,831528610,1,3,0,0,3,1,31,0,30,12,0,1,3
219,4,114862398,1,1,1,0,1,1,30,9,30,12,1,2,3
219,5,3649055894,1,2,0,0,2,0,32,6,0,42,1,2,4
219,6,2460057450,1,3,0,0,3,1,31,6,14,28,0,2,5
219,7,2123997869,1,0,0,0,0,0,31,3,1,41,1,2,6
219,8,934999425,1,1,0,0,1,1,31,4,40,2,1,3,6
219,9,4088586290,1,2,0,0,1,1,30,0,18,24,0,3,7
220,0,1978484542,1,0,0,0,2,0,31,1,1,41,1,0,1
220,1,888824985,1,1,0,0,1,1,31,0,28,14,0,0,2
220,2,453426517,1,2,0,0,1,1,30,9,42,0,1,1,2
220,3,117366936,1,3,0,0,0,0,30,9,0,42,1,1,3
220,4,2418014938,1,0,0,0,0,0,31,5,11,31,1,1,4
220,5,2081955357,1,1,0,0,1,1,31,6,28,14,0,1,5
220,6,3139779448,1,2,0,0,1,1,30,4,34,8,1,2,5
220,7,556897332,1,3,0,0,1,1,31,6,34,8,1,3,5
220,8,329455055,1,1,1,0,2,0,30,5,6,36,1,3,6
220,9,2521485753,1,2,0,0,0,0,30,1,13,29,0,4,6
220,10,2185426172,1,3,0,0,1,1,30,4,24,18,0,4,7
221,0,4065449675,1,0,0,0,3,1,31,6,18,24,0,0,1
221,1,728967583,1,1,0,0,1,1,31,4,42,0,1,1,1
221,2,2540391650,1,2,0,0,1,1,31,2,29,13,0,1,2
221,3,1351393206,1,3,0,0,0,0,30,5,18,24,0,2,2
221,4,210012775,1,0,0,0,2,0,30,4,18,24,0,3,2
221,5,1168497979,1,1,0,0,1,1,30,6,36,6,1,4,2
221,6,2979922046,1,2,0,0,3,1,30,3,41,1,1,5,2
221,7,2643862465,1,3,0,0,2,0,30,3,0,42,1,5,3
221,8,1454864021,1,0,0,0,3,1,30,2,31,11,1,6,3
221,9,313483590,1,1,0,0,3,1,30,5,24,18,0,6,4
221,10,3419452442,1,2,0,0,1,1,31,0,14,28,0,6,5
221,11,3083392861,1,3,0,0,1,1,31,2,20,22,0,6,6
221,12,1894394417,1,0,0,0,0,0,32,4,1,41,1,6,7
222,0,4127074087,1,0,0,0,3,1,30,1,42,0,1,1,0
222,1,889930882,1,1,0,0,2,0,30,2,22,20,0,2,0
222,2,1796695212,1,2,0,0,1,1,31,5,41,1,1,3,0
222,3,707035655,1,3,0,0,3,1,31,5,36,6,1,4,0
222,4,271637187,1,0,0,0,3,1,30,2,21,21,0,4,1
222,5,1329461278,1,1,0,0,3,1,30,4,34,8,1,5,1
222,6,2236225608,1,2,0,0,0,0,31,0,6,36,1,5,2
222,7,1900166027,1,3,0,0,3,1,31,2,36,6,1,6,2
222,8,2957990118,1,0,0,0,3,1,31,3,41,1,1,7,2
223,0,2659312437,1,0,0,0,2,0,31,6,6,36,1,0,1
223,1,664993143,1,1,0,0,0,0,30,2,2,40,1,0,2
223,2,328933562,1,2,0,0,3,1,30,4,26,16,0,0,3
223,3,3434902414,1,3,0,0,2,0,31,0,11,31,1,0,4
223,4,3098842833,1,0,0,0,0,0,32,2,1,41,1,0,5
223,5,1957462402,1,1,0,0,1,1,31,1,42,0,1,1,5
223,6,768463958,1,2,0,0,3,1,30,6,20,22,0,1,6
223,7,2099942507,1,0,1,0,3,1,31,1,42,0,1,2,6
223,8,3538373229,1,1,0,0,1,1,31,0,42,0,1,3,6
223,9,2396992798,1,2,0,0,1,1,31,1,41,1,1,4,6
223,10,1207994354,1,3,0,0,1,1,31,4,40,2,1,5,6
223,11,871934773,1,0,0,0,0,0,31,1,11,31,1,5,7
224,0,1915615999,1,0,0,0,1,1,30,9,42,0,1,1,0
224,1,726617555,1,1,0,0,0,0,31,5,17,25,0,2,0
224,2,3880204420,1,2,0,0,2,0,30,6,18,24,0,3,0
224,3,2310599345,1,0,1,0,3,1,30,3,29,13,0,3,1
224,4,2355146395,1,1,0,0,1,1,30,0,30,12,1,4,1
224,5,4166570462,1,2,0,0,1,1,30,5,42,0,1,5,1
224,6,24767520,1,3,0,0,2,0,32,1,12,30,0,6,1
224,7,3983675235,1,0,0,0,2,0,30,4,7,35,1,6,2
224,8,2794676791,1,1,0,0,2,0,30,5,7,35,1,6,3
224,9,2458617210,1,2,0,0,2,0,31,0,23,19,0,7,3
225,0,2595337997,1,0,0,0,0,0,32,2,17,25,0,1,0
225,1,2748502351,1,1,0,0,0,0,30,3,18,24,0,2,0
225,2,264959122,1,2,0,0,0,0,31,2,11,31,1,2,1
225,3,1977044302,1,3,0,0,3,1,32,4,42,0,1,3,1
225,4,3034868393,1,0,0,0,0,0,31,5,6,36,1,3,2
225,5,3941632723,1,1,0,0,1,1,30,9,25,17,0,3,3
225,6,704489518,1,2,0,0,2,0,33,2,0,42,1,3,4
225,7,368429937,1,3,0,0,3,1,32,6,42,0,1,4,4
225,8,3474398789,1,0,0,0,0,0,31,0,17,25,0,5,4
225,9,86195823,1,1,0,0,1,1,31,0,14,28,0,5,5
225,10,4045103538,1,2,0,0,1,1,31,4,34,8,1,6,5
225,11,807960333,1,3,0,0,0,0,30,1,0,42,1,6,6
225,12,471900752,1,0,0,0,0,0,31,2,18,24,0,7,6
226,0,2435480595,1,0,0,0,3,1,31,9,30,12,0,0,1
226,1,2588644949,1,1,0,0,3,1,31,2,31,11,1,1,1
226,2,105101720,1,2,0,0,2,0,31,5,7,35,1,1,2
226,3,3211070572,1,3,0,0,3,1,31,1,36,6,1,2,2
226,4,2875010991,1,0,0,0,3,1,31,1,40,2,1,3,2
226,5,1686012547,1,1,0,0,3,1,31,5,42,0,1,4,2
226,6,544632116,1,2,0,0,1,1,30,4,24,18,0,4,3
226,7,208572535,1,3,0,0,0,0,30,4,8,34,1,4,4
226,8,3314541387,1,0,0,0,1,1,30,6,42,0,1,5,4
226,9,2978481806,1,1,0,0,1,1,31,0,31,11,1,6,4
226,10,984162512,1,2,0,0,2,0,31,9,0,42,1,6,5
226,11,648102931,1,3,0,0,0,0,30,1,7,35,1,6,6
226,12,3754071783,1,0,0,0,2,0,30,0,21,21,0,7,6
227,0,1691784157,1,0,0,0,0,0,32,4,21,21,0,1,0
227,1,2749608248,1,1,0,0,1,1,31,5,19,23,0,1,1
227,2,2413548667,1,2,0,0,1,1,30,1,26,16,0,1,2
227,3,2566713021,1,3,0,0,0,0,30,4,9,33,1,1,3
227,4,2131314553,1,0,0,0,0,0,31,0,0,42,1,1,4
227,5,3189138644,1,1,0,0,3,1,30,5,30,12,1,2,4
227,6,2853079063,1,2,0,0,2,0,32,1,12,30,0,3,4
227,7,3759843393,1,3,0,0,2,0,31,6,0,42,1,3,5
227,8,522700188,1,0,0,0,3,1,32,9,25,17,0,3,6
227,9,2234785368,1,1,0,0,1,1,31,0,36,6,1,4,6
227,10,3292609459,1,2,0,0,2,0,30,3,11,31,1,4,7
228,0,224022507,1,0,0,0,2,0,30,3,0,42,1,0,1
228,1,3329991359,1,1,0,0,3,1,30,5,19,23,0,0,2
228,2,2188610928,1,2,0,0,1,1,30,4,41,1,1,1,2
228,3,999612484,1,3,0,0,3,1,31,0,30,12,0,1,3
228,4,663552903,1,0,0,0,2,0,30,1,0,42,1,1,4
228,5,2474976970,1,1,0,0,2,0,30,5,12,30,1,1,5
228,6,2628141324,1,2,0,0,1,1,31,1,24,18,0,1,6
228,7,144598095,1,3,0,0,2,0,30,3,14,28,0,2,6
228,8,1103083299,1,0,0,0,2,0,31,0,0,42,1,2,7
229,0,3775293365,1,0,0,0,1,1,30,4,28,14,0,0,1
229,1,2586294921,1,1,0,0,1,1,30,6,42,0,1,1,1
229,2,2250235340,1,2,0,0,1,1,31,5,26,16,0,1,2
229,3,255916046,1,3,0,0,1,1,30,4,29,13,0,1,3
229,4,4214823761,1,0,0,0,0,0,30,4,13,29,0,2,3
229,5,1731280532,1,1,0,0,1,1,31,4,25,17,0,2,4
229,6,2689765736,1,2,0,0,2,0,30,2,0,42,1,2,5
229,7,1548385305,1,3,0,0,3,1,30,2,41,1,1,3,5
229,8,359386861,1,0,0,0,0,0,30,5,7,35,1,3,6
229,9,23327280,1,1,0,0,2,0,30,1,16,26,0,4,6
229,10,1081151371,1,2,0,0,1,1,31,4,24,18,0,4,7
230,0,743887103,1,0,0,0,0,0,31,0,1,41,1,0,1
230,1,797712570,1,1,0,0,1,1,31,3,24,18,0,0,2
230,2,461652989,1,2,0,0,2,0,32,6,7,35,1,0,3
230,3,1519477080,1,3,0,0,0,0,30,1,23,19,0,1,3
230,4,1183417499,1,0,0,0,0,0,31,1,1,41,1,1,4
230,5,3484065501,1,1,0,0,2,0,30,6,6,36,1,1,5
230,6,901183385,1,2,0,0,0,0,31,2,6,36,1,1,6
230,7,565123804,1,3,0,0,2,0,31,3,2,40,1,1,7
231,0,190665,1,0,0,0,3,1,31,4,25,17,0,0,1
231,1,3106159517,1,1,0,0,1,1,31,6,42,0,1,1,1
231,2,2770099936,1,2,0,0,1,1,31,5,42,0,1,2,1
231,3,775780642,1,3,0,0,1,1,30,4,30,12,1,3,1
231,4,439721061,1,0,0,0,0,0,30,2,13,29,0,4,1
231,5,3545689913,1,1,0,0,1,1,31,2,42,0,1,5,1
231,6,3209630332,1,2,0,0,2,0,31,5,6,36,1,5,2
231,7,2068249901,1,3,0,0,3,1,31,0,42,0,1,6,2
231,8,879251457,1,0,0,0,0,0,32,5,17,25,0,7,2
232,0,580573776,1,0,0,0,3,1,30,1,42,0,1,1,0
232,1,3305935997,1,2,1,0,0,0,31,5,6,36,1,1,1
232,2,2545162197,1,3,0,0,2,0,31,0,11,31,1,1,2
232,3,1356163753,1,0,0,0,3,1,30,0,29,13,0,1,3
232,4,1020104172,1,1,0,0,1,1,31,6,26,16,0,1,4
232,5,2831528239,1,2,0,0,1,1,31,3,25,17,0,1,5
232,6,2984692593,1,3,0,0,1,1,30,1,39,3,1,2,5
232,7,501149364,1,0,0,0,3,1,31,2,34,8,1,3,5
232,8,1459634568,1,1,0,0,1,1,30,4,30,12,1,4,5
232,9,3271058635,1,2,0,0,3,1,30,1,31,11,1,5,5
232,10,2129678204,1,3,0,0,0,0,30,4,7,35,1,5,6
232,11,940679760,1,0,0,0,3,1,31,5,36,6,1,6,6
232,12,604620179,1,1,0,0,1,1,30,4,42,0,1,7,6
233,0,2083699873,1,0,0,0,2,0,30,2,22,20,0,1,0
233,1,894701429,1,1,0,0,0,0,30,3,1,41,1,1,1
233,2,558641848,1,2,0,0,1,1,31,1,36,6,1,2,1
233,3,2859289850,1,3,0,0,1,1,30,6,42,0,1,3,1
233,4,2523230269,1,0,0,0,2,0,30,5,14,28,0,4,1
233,5,39687040,1,1,0,0,1,1,31,6,36,6,1,5,1
233,6,998172244,1,2,0,0,2,0,32,5,0,42,1,5,2
233,7,4151759109,1,3,0,0,1,1,31,1,36,6,1,6,2
233,8,2962760665,1,0,0,0,1,1,30,2,31,11,1,7,2
234,0,1070903608,1,0,0,0,3,1,31,4,29,13,0,0,1
234,1,734844027,1,1,0,0,0,0,31,5,11,31,1,0,2
234,2,2546268094,1,2,0,0,1,1,31,6,42,0,1,1,2
234,3,1456608537,1,3,0,0,3,1,32,1,20,22,0,1,3
234,4,2363372867,1,0,0,0,0,0,31,4,8,34,1,1,4
234,5,1174374423,1,1,0,0,2,0,30,1,0,42,1,1,5
234,6,2985798490,1,2,0,0,2,0,31,5,17,25,0,2,5
234,7,1896138933,1,3,0,0,2,0,31,4,0,42,1,2,6
234,8,2802903263,1,0,0,0,2,0,31,0,11,31,1,2,7
235,0,2603564469,1,0,0,0,0,0,31,4,0,42,1,0,1
235,1,1414566025,1,1,0,0,1,1,31,5,30,12,0,0,2
235,2,2321330355,1,2,0,0,0,0,30,2,0,42,1,0,3
235,3,2899208928,1,0,1,0,3,1,31,3,30,12,0,0,4
235,4,3043094865,1,1,0,0,1,1,31,9,42,0,1,1,4
235,5,1854096421,1,2,0,0,1,1,31,0,42,0,1,2,4
235,6,1518036840,1,3,0,0,0,0,30,5,8,34,1,2,5
235,7,2424801170,1,0,0,0,2,0,30,2,22,20,0,3,5
235,8,3482625261,1,1,0,0,1,1,31,4,31,11,1,4,5
235,9,3146565680,1,2,0,0,2,0,31,4,0,42,1,4,6
235,10,1957567236,1,3,0,0,2,0,31,5,6,36,1,4,7
236,0,1859868031,1,0,0,0,3,1,30,6,30,12,1,1,0
236,1,670869587,1,1,0,0,3,1,30,9,9,33,0,1,1
236,2,334810006,1,2,0,0,1,1,30,2,26,16,0,1,2
236,3,3440778858,1,3,0,0,3,1,31,5,36,6,1,2,2
236,4,2299398427,1,0,0,0,3,1,30,5,26,16,0,2,3
236,5,1110399983,1,1,0,0,3,1,30,4,31,11,1,3,3
236,6,774340402,1,2,0,0,3,1,30,1,26,16,0,3,4
236,7,438280821,1,3,0,0,2,0,30,5,13,29,0,4,4
236,8,2738928823,1,0,0,0,3,1,30,0,31,11,1,5,4
236,9,2402869242,1,1,0,0,1,1,31,0,25,17,0,5,5
236,10,1213870798,1,2,0,0,1,1,31,4,42,0,1,6,5
236,11,877811217,1,3,0,0,3,1,31,4,36,6,1,7,5
237,0,2440251142,1,0,0,0,2,0,30,5,7,35,1,0,1
237,1,3498075233,1,1,0,0,3,1,30,6,42,0,1,1,1
237,2,1014532004,1,2,0,0,1,1,31,4,35,7,1,2,1
237,3,3215841119,1,3,0,0,0,0,30,1,18,24,0,3,1
237,4,2879781538,1,0,0,0,2,0,31,5,6,36,1,3,2
237,5,396238309,1,1,0,0,3,1,31,6,41,1,1,4,2
237,6,3601546048,1,2,0,0,2,0,30,6,2,40,1,4,3
237,7,2360826730,1,3,0,0,3,1,32,3,31,11,0,4,4
237,8,3319311934,1,0,0,0,3,1,31,5,25,17,0,4,5
237,9,835768705,1,1,0,0,0,0,31,5,12,30,0,5,5
237,10,499709124,1,2,0,0,2,0,31,1,19,23,0,6,5
237,11,2800357126,1,3,0,0,0,0,30,1,1,41,1,6,6
237,12,2464297545,1,0,0,0,0,0,31,0,1,41,1,6,7
238,0,3674277412,1,0,0,0,3,1,31,3,18,24,0,0,1
238,1,3338217831,1,1,0,0,2,0,30,3,0,42,1,0,2
238,2,854674602,1,2,0,0,1,1,31,3,41,1,1,1,2
238,3,1007838956,1,3,0,0,1,1,30,9,36,6,1,2,2
238,4,2819263023,1,0,0,0,3,1,30,3,41,1,1,3,2
238,5,3777748227,1,1,0,0,0,0,30,9,0,42,1,3,3
238,6,1294204998,1,2,0,0,1,1,31,6,29,13,0,3,4
238,7,152824567,1,3,0,0,3,1,30,3,42,0,1,4,4
238,8,3258793419,1,0,0,0,2,0,31,4,0,42,1,4,5
238,9,2922733838,1,1,0,0,0,0,31,2,7,35,1,4,6
238,10,1733735394,1,2,0,0,1,1,30,4,34,8,1,5,6
238,11,1397675813,1,3,0,0,1,1,30,4,24,18,0,5,7
239,0,2960115738,1,0,0,0,0,0,31,2,2,40,1,0,1
239,1,1771117294,1,1,0,0,0,0,31,3,0,42,1,0,2
239,2,629736863,1,2,0,0,3,1,30,4,41,1,1,1,2
239,3,3735705715,1,3,0,0,3,1,32,4,41,1,1,2,2
239,4,3399646134,1,0,0,0,0,0,31,4,18,24,0,3,2
239,5,3063586553,1,1,0,0,1,1,31,3,39,3,1,4,2
239,6,1069267259,1,2,0,0,1,1,31,5,35,7,1,5,2
239,7,733207678,1,3,0,0,1,1,30,4,34,8,1,6,2
239,8,3839176530,1,0,0,0,3,1,31,4,35,7,1,7,2
240,0,168274539,1,0,0,0,3,1,31,5,42,0,1,1,0
240,1,3274243391,1,1,0,0,1,1,30,6,41,1,1,2,0
240,2,2938183810,1,2,0,0,1,1,31,4,33,9,1,3,0
240,3,1749185366,1,3,0,0,2,0,30,5,1,41,1,3,1
240,4,607804935,1,0,0,0,3,1,31,0,31,11,1,4,1
240,5,1939283484,1,2,1,0,1,1,31,1,26,16,0,4,2
240,6,3377714206,1,3,0,0,1,1,31,1,30,12,0,4,3
240,7,3041654625,1,0,0,0,2,0,31,4,13,29,0,5,3
240,8,1047335331,1,1,0,0,0,0,32,0,6,36,1,5,4
240,9,711275750,1,2,0,0,1,1,31,4,35,7,1,6,4
240,10,3817244602,1,3,0,0,2,0,31,5,8,34,1,6,5
240,11,853755855,1,1,1,0,1,1,31,4,42,0,1,7,5
241,0,229898951,1,0,0,0,0,0,31,2,18,24,0,1,0
241,1,2530546953,1,1,0,0,0,0,31,0,13,29,0,2,0
241,2,2194487372,1,2,0,0,1,1,30,6,24,18,0,2,1
241,3,1005488928,1,3,0,0,3,1,32,4,25,17,0,2,2
241,4,669429347,1,0,0,0,3,1,31,0,15,27,0,2,3
241,5,2970077349,1,1,0,0,2,0,30,0,0,42,1,2,4
241,6,2634017768,1,2,0,0,1,1,31,1,42,0,1,3,4
241,7,2297958187,1,3,0,0,2,0,31,4,0,42,1,3,5
241,8,1108959743,1,0,0,0,3,1,30,2,31,11,1,4,5
241,9,4262546608,1,1,0,0,1,1,31,5,36,6,1,5,5
241,10,3073548164,1,2,0,0,1,1,31,1,40,2,1,6,5
241,11,2737488583,1,3,0,0,1,1,30,3,25,17,0,6,6
241,12,2020822371,1,1,1,0,3,1,31,5,31,11,1,7,6
242,0,2736283896,1,0,0,0,3,1,31,5,18,24,0,0,1
242,1,3694769100,1,1,0,0,1,1,30,3,30,12,1,1,1
242,2,1211225871,1,2,0,0,2,0,31,2,23,19,0,2,1
242,3,1364390225,1,3,0,0,1,1,31,2,31,11,1,3,1
242,4,647724013,1,1,1,0,2,0,30,5,1,41,1,3,2
242,5,2086154735,1,2,0,0,1,1,31,3,41,1,1,4,2
242,6,1650756267,1,3,0,0,1,1,31,6,29,13,0,4,3
242,7,509375836,1,0,0,0,3,1,31,0,36,6,1,5,3
242,8,3615344688,1,1,0,0,0,0,31,2,6,36,1,5,4
242,9,3279285107,1,2,0,0,1,1,31,1,20,22,0,5,5
242,10,42141902,1,3,0,0,2,0,30,1,13,29,0,6,5
242,11,948906232,1,0,0,0,3,1,31,4,33,9,1,7,5
243,0,1238987482,1,0,0,0,1,1,30,5,34,8,1,1,0
243,1,902927901,1,1,0,0,1,1,31,6,20,22,0,1,1
243,2,2714351968,1,2,0,0,0,0,31,0,0,42,1,1,2
243,3,3672837172,1,3,0,0,0,0,30,5,7,35,1,1,3
243,4,383973093,1,0,0,0,3,1,32,4,28,14,0,1,4
243,5,1342458297,1,1,0,0,1,1,31,3,33,9,1,2,4
243,6,3153882364,1,2,0,0,3,1,30,4,34,8,1,3,4
243,7,2817822783,1,3,0,0,3,1,32,6,35,7,1,4,4
243,8,1628824339,1,0,0,0,2,0,30,6,0,42,1,4,5
243,9,487443908,1,1,0,0,0,0,30,4,6,36,1,4,6
243,10,3593412760,1,2,0,0,2,0,31,6,13,29,0,5,6
243,11,3257353179,1,3,0,0,3,1,31,2,18,24,0,5,7
244,0,524825808,1,0,0,0,3,1,30,4,35,7,1,1,0
244,1,3630794660,1,1,0,0,0,0,30,4,35,7,0,2,0
244,2,3294735079,1,2,0,0,3,1,30,4,42,0,1,3,0
244,3,1300415785,1,3,0,0,1,1,30,3,41,1,1,4,0
244,4,964356204,1,0,0,0,0,0,30,5,1,41,1,4,1
244,5,628296623,1,1,0,0,3,1,30,5,29,13,0,4,2
244,6,3734265475,1,2,0,0,3,1,30,0,34,8,1,5,2
244,7,1250722246,1,3,0,0,2,0,31,0,1,41,1,5,3
244,8,1403886600,1,0,0,0,3,1,31,1,36,6,1,6,3
244,9,687220388,1,2,1,0,0,0,30,1,7,35,1,6,4
244,10,4173795871,1,3,0,0,1,1,31,6,19,23,0,6,5
244,11,3837736290,1,0,0,0,2,0,31,3,12,30,0,7,5
245,0,2833272755,1,0,0,0,2,0,31,6,22,20,0,1,0
245,1,838953461,1,1,0,0,0,0,30,1,12,30,1,1,1
245,2,502893880,1,2,0,0,3,1,30,2,25,17,0,1,2
245,3,981433566,1,0,1,0,0,0,31,5,24,18,0,2,2
245,4,3272803151,1,1,0,0,2,0,30,3,0,42,1,2,3
245,5,2131422720,1,2,0,0,2,0,31,1,0,42,1,2,4
245,6,942424276,1,3,0,0,1,1,30,4,24,18,0,2,5
245,7,606364695,1,0,0,0,3,1,32,6,42,0,1,3,5
245,8,3712333547,1,1,0,0,1,1,30,2,25,17,0,3,6
245,9,2570953116,1,2,0,0,2,0,32,1,6,36,1,3,7
246,0,1820476490,1,0,0,0,3,1,31,3,20,22,0,0,1
246,1,298489428,1,2,1,0,0,0,30,0,0,42,1,0,2
246,2,3785064911,1,3,0,0,3,1,31,1,42,0,1,1,2
246,3,3449005330,1,0,0,0,0,0,31,5,6,36,1,1,3
246,4,3112945749,1,1,0,0,3,1,30,6,35,7,1,2,3
246,5,1118626455,1,2,0,0,1,1,31,5,25,17,0,2,4
246,6,782566874,1,3,0,0,3,1,31,5,41,1,1,3,4
246,7,3888535726,1,0,0,0,0,0,30,4,0,42,1,3,5
246,8,3552476145,1,1,0,0,3,1,31,6,36,6,1,4,5
246,9,2411095714,1,2,0,0,1,1,31,1,36,6,1,5,5
246,10,1222097270,1,3,0,0,0,0,30,2,0,42,1,5,6
246,11,3033521337,1,0,0,0,3,1,31,1,41,1,1,6,6
246,12,3992006541,1,1,0,0,3,1,31,3,24,18,0,6,7
247,0,300993966,1,0,0,0,1,1,30,1,29,13,0,0,1
247,1,1259479170,1,1,0,0,0,0,31,5,6,36,1,0,2
247,2,3070903237,1,2,0,0,2,0,32,0,0,42,1,0,3
247,3,4128727328,1,3,0,0,2,0,33,3,7,35,1,0,4
247,4,740524362,1,0,0,0,1,1,30,0,31,11,1,1,4
247,5,3945832101,1,1,0,0,1,1,31,0,19,23,0,1,5
247,6,3510433633,1,2,0,0,3,1,30,1,29,13,0,1,6
247,7,3174374052,1,3,0,0,2,0,30,3,12,30,1,1,7
248,0,3903985698,1,0,0,0,2,0,30,2,7,35,1,0,1
248,1,2762605267,1,1,0,0,3,1,30,3,24,18,0,0,2
248,2,279062038,1,2,0,0,1,1,31,1,35,7,1,1,2
248,3,1237547242,1,3,0,0,3,1,30,0,30,12,1,2,2
248,4,3048971309,1,0,0,0,0,0,30,3,17,25,0,3,2
248,5,1859972865,1,1,0,0,1,1,30,4,41,1,1,4,2
248,6,718592434,1,2,0,0,1,1,30,5,25,17,0,4,3
248,7,382532853,1,3,0,0,1,1,31,2,31,11,1,5,3
248,8,3488501705,1,0,0,0,1,1,30,5,39,3,1,6,3
248,9,3152442124,1,1,0,0,3,1,31,2,30,12,0,6,4
248,10,1158122830,1,2,0,0,2,0,31,1,7,35,1,6,5
248,11,822063249,1,3,0,0,1,1,31,4,41,1,1,7,5
249,0,2384503174,1,0,0,0,3,1,31,4,42,0,1,1,0
249,1,1195504730,1,1,0,0,2,0,30,6,0,42,1,1,1
249,2,859445149,1,2,0,0,3,1,30,3,25,17,0,1,2
249,3,3965414001,1,3,0,0,0,0,30,0,0,42,1,1,3
249,4,3629354420,1,0,0,0,1,1,30,9,42,0,1,2,3
249,5,2487973989,1,1,0,0,2,0,30,3,0,42,1,2,4
249,6,1298975545,1,2,0,0,3,1,30,9,31,11,1,3,4
249,7,3110399612,1,3,0,0,3,1,30,0,35,7,1,4,4
249,8,4068884816,1,0,0,0,2,0,30,2,17,25,0,5,4
249,9,2927504385,1,1,0,0,3,1,30,2,42,0,1,6,4
249,10,1738505941,1,2,0,0,3,1,30,1,35,7,1,7,4
250,0,397982825,1,0,0,0,0,0,30,5,1,41,1,0,1
250,1,3503951677,1,1,0,0,3,1,30,3,26,16,0,0,2
250,2,2362571246,1,2,0,0,0,0,31,0,0,42,1,0,3
250,3,1173572802,1,3,0,0,3,1,31,5,20,22,0,0,4
250,4,837513221,1,0,0,0,0,0,30,6,7,35,1,0,5
250,5,2648937288,1,1,0,0,1,1,31,2,41,1,1,1,5
250,6,2802101642,1,2,0,0,2,0,31,2,0,42,1,1,6
250,7,2466042061,1,3,0,0,0,0,30,6,8,34,1,1,7
251,0,2904367770,1,0,0,0,3,1,30,3,31,11,1,1,0
251,1,1715369326,1,1,0,0,0,0,31,0,34,8,0,2,0
251,2,1379309745,1,2,0,0,1,1,31,4,42,0,1,3,0
251,3,190311301,1,3,0,0,3,1,32,4,23,19,0,3,1
251,4,3343898166,1,0,0,0,1,1,30,3,24,18,0,3,2
251,5,2154899722,1,1,0,0,1,1,30,4,41,1,1,4,2
251,6,1818840141,1,2,0,0,2,0,31,3,0,42,1,4,3
251,7,1482780560,1,3,0,0,0,0,30,5,17,25,0,5,3
251,8,3783428562,1,0,0,0,0,0,32,1,0,42,1,5,4
251,9,3447368981,1,1,0,0,1,1,32,3,42,0,1,6,4
251,10,2258370537,1,2,0,0,1,1,31,1,25,17,0,6,5
251,11,1922310956,1,3,0,0,1,1,30,5,25,17,0,6,6
251,12,780930525,1,0,0,0,0,0,30,0,7,35,1,6,7
252,0,917847421,1,0,0,0,0,0,30,3,17,25,0,1,0
252,1,3119156536,1,1,0,0,2,0,30,9,17,25,0,2,0
252,2,635613307,1,2,0,0,1,1,30,2,42,0,1,3,0
252,3,1693437398,1,3,0,0,1,1,31,4,42,0,1,4,0
252,4,1357377817,1,0,0,0,3,1,32,3,42,0,1,5,0
252,5,1510542171,1,1,0,0,1,1,31,1,30,12,0,5,1
252,6,1075143703,1,2,0,0,1,1,31,3,36,6,1,6,1
252,7,739084122,1,3,0,0,1,1,30,6,42,0,1,7,1
253,0,1468695768,1,0,0,0,3,1,30,3,30,12,1,1,0
253,1,3280119835,1,1,0,0,1,1,30,4,28,14,0,1,1
253,2,2944060254,1,2,0,0,0,0,30,3,0,42,1,1,2
253,3,3097224608,1,3,0,0,0,0,30,0,0,42,1,1,3
253,4,613681379,1,0,0,0,3,1,30,1,42,0,1,2,3
253,5,1191559952,1,2,1,0,2,0,31,6,7,35,1,2,4
253,6,3383590650,1,3,0,0,1,1,31,0,30,12,0,2,5
253,7,2242210219,1,0,0,0,3,1,30,0,36,6,1,3,5
253,8,1053211775,1,1,0,0,3,1,30,3,42,0,1,4,5
253,9,717152194,1,2,0,0,3,1,30,2,42,0,1,5,5
253,10,3823121046,1,3,0,0,3,1,31,2,26,16,0,5,6
253,11,2681740615,1,0,0,0,3,1,30,2,15,27,0,5,7
254,0,754534094,1,0,0,0,2,0,31,2,0,42,1,0,1
254,1,1812358185,1,1,0,0,1,1,31,2,24,18,0,0,2
254,2,2719122515,1,2,0,0,0,0,30,1,27,15,0,1,2
254,3,1530124071,1,3,0,0,3,1,31,3,15,27,0,1,3
254,4,1194064490,1,0,0,0,3,1,31,0,42,0,1,2,3
254,5,3005488557,1,1,0,0,1,1,30,9,42,0,1,3,3
254,6,3158652911,1,2,0,0,1,1,31,4,35,7,1,4,3
254,7,675109682,1,3,0,0,1,1,31,4,41,1,1,5,3
254,8,1633594886,1,0,0,0,3,1,31,3,42,0,1,6,3
254,9,3445018953,1,1,0,0,0,0,31,4,0,42,1,6,4
254,10,3598183307,1,2,0,0,1,1,31,1,25,17,0,6,5
254,11,3262123726,1,3,0,0,3,1,31,5,19,23,0,6,6
254,12,778580497,1,0,0,0,3,1,31,6,33,9,1,7,6
255,0,1988560364,1,0,0,0,2,0,31,2,1,41,1,0,1
255,1,1652500783,1,1,0,0,2,0,30,5,8,34,1,0,2
255,2,511120352,1,2,0,0,3,1,30,9,42,0,1,1,2
255,3,3617089204,1,3,0,0,0,0,30,1,0,42,1,1,3
255,4,3281029623,1,0,0,0,1,1,30,0,24,18,0,1,4
255,5,2092031179,1,1,0,0,0,0,30,4,14,28,0,2,4
255,6,950650748,1,2,0,0,0,0,30,6,0,42,1,2,5
255,7,4056619600,1,3,0,0,3,1,32,6,29,13,0,2,6
255,8,3720560019,1,0,0,0,3,1,32,0,42,0,1,3,6
255,9,1237016790,1,1,0,0,3,1,31,3,42,0,1,4,6
255,10,1390181144,1,2,0,0,2,0,31,5,0,42,1,4,7
