{
  "n_samples": 499601,
  "slot0_norm_mean": 4.341871738433838,
  "slot0_norm_std": 1.8960148096084595,
  "slots16_norm_mean": 4.355166435241699,
  "slots16_norm_std": 1.777984619140625,
  "norm_ttest_t": -14.333234486968552,
  "norm_ttest_p": 1.385756469473833e-46,
  "norm_cohens_d": -0.020278366282582283,
  "slot0_var_mean": 0.08579278737306595,
  "slot0_var_std": 0.06632106006145477,
  "slots16_var_mean": 0.08623050153255463,
  "slots16_var_std": 0.062457483261823654,
  "var_ttest_t": -13.721383939684676,
  "var_ttest_p": 7.69755385090991e-43,
  "var_cohens_d": -0.019412733614444733,
  "slot0_sim_mean": 0.8858665823936462,
  "slot0_sim_std": 0.22593174874782562,
  "slots16_sim_mean": 0.8663347363471985,
  "slots16_sim_std": 0.21981707215309143,
  "sim_ttest_t": 76.65612010263354,
  "sim_ttest_p": 0.0,
  "sim_cohens_d": 0.10845150798559189,
  "anova_norm_F": 7.944163799285889,
  "anova_norm_p": 1.3786506158908196e-08,
  "anova_var_F": 8.147703170776367,
  "anova_var_p": 7.858433015428545e-09,
  "slot1_norm_mean": 4.354272365570068,
  "slot1_norm_std": 1.8954468965530396,
  "slot1_var_mean": 0.08620326966047287,
  "slot1_var_std": 0.066419817507267,
  "slot2_norm_mean": 4.353384494781494,
  "slot2_norm_std": 1.8925708532333374,
  "slot2_var_mean": 0.08612781018018723,
  "slot2_var_std": 0.06626062095165253,
  "slot3_norm_mean": 4.360348701477051,
  "slot3_norm_std": 1.8972002267837524,
  "slot3_var_mean": 0.08643775433301926,
  "slot3_var_std": 0.06650067865848541,
  "slot4_norm_mean": 4.364596366882324,
  "slot4_norm_std": 1.8969975709915161,
  "slot4_var_mean": 0.0865786001086235,
  "slot4_var_std": 0.066535085439682,
  "slot5_norm_mean": 4.349586009979248,
  "slot5_norm_std": 1.8957009315490723,
  "slot5_var_mean": 0.08604197949171066,
  "slot5_var_std": 0.06636586785316467,
  "slot6_norm_mean": 4.348814487457275,
  "slot6_norm_std": 1.8941291570663452,
  "slot6_var_mean": 0.08599366992712021,
  "slot6_var_std": 0.06631570309400558
}