{
  "n_samples": 499601,
  "n_layers": 6,
  "layer_names": [
    "input",
    "layer_0",
    "layer_1",
    "layer_2",
    "layer_3",
    "layer_4",
    "layer_5"
  ],
  "slot0_correlations": [
    -0.005828166464614373,
    0.14116934124259142,
    0.07285343600710815,
    0.332678175528515,
    0.5818978711699238,
    0.8083257440853527,
    0.9592346363182361
  ],
  "slots16_mean_correlations": [
    0.040295218412149725,
    0.15345690866442344,
    0.14685869513371172,
    0.3752960737591062,
    0.6213999800269568,
    0.8410101466812056,
    0.9949279755222035
  ],
  "per_slot_correlations": {
    "input": {
      "0": -0.005828166464614373,
      "1": -0.03355955259837374,
      "2": 0.047258849778330767,
      "3": 0.10252882743257143,
      "4": 0.06929723984528376,
      "5": -0.012423921280164936,
      "6": 0.06866986729525107
    },
    "layer_0": {
      "0": 0.14116934124259142,
      "1": 0.12035282336690828,
      "2": 0.140520233105843,
      "3": 0.19958531141493324,
      "4": 0.2002882337889462,
      "5": 0.08737844822237807,
      "6": 0.17261640208753187
    },
    "layer_1": {
      "0": 0.07285343600710815,
      "1": 0.08613754972511195,
      "2": 0.1243793750522145,
      "3": 0.1897129644466413,
      "4": 0.17112109473934267,
      "5": 0.128687255111599,
      "6": 0.18111393172736098
    },
    "layer_2": {
      "0": 0.332678175528515,
      "1": 0.32939173695559426,
      "2": 0.3486575175054144,
      "3": 0.40213834280024074,
      "4": 0.37911013526846804,
      "5": 0.38214363806447704,
      "6": 0.4103350719604425
    },
    "layer_3": {
      "0": 0.5818978711699238,
      "1": 0.590270201077265,
      "2": 0.6153815973470839,
      "3": 0.6282531342771509,
      "4": 0.6279351653514469,
      "5": 0.6341162673038404,
      "6": 0.632443514804954
    },
    "layer_4": {
      "0": 0.8083257440853527,
      "1": 0.8326584950530561,
      "2": 0.8388900568444616,
      "3": 0.8442969144454372,
      "4": 0.8435173435640724,
      "5": 0.8441077929778051,
      "6": 0.8425902772024004
    },
    "layer_5": {
      "0": 0.9592346363182361,
      "1": 0.9944753487162167,
      "2": 0.9947610447143187,
      "3": 0.9951145210092703,
      "4": 0.9951156520246137,
      "5": 0.9951217934484384,
      "6": 0.9949794932203632
    }
  },
  "slot0_deltas": [
    0.1469975077072058,
    -0.06831590523548327,
    0.25982473952140683,
    0.24921969564140878,
    0.22642787291542898,
    0.1509088922328834
  ],
  "slots16_deltas": [
    0.11316169025227371,
    -0.006598213530711716,
    0.22843737862539445,
    0.24610390626785067,
    0.2196101666542487,
    0.15391782884099792
  ],
  "gap_changes": [
    0.03383581745493208,
    -0.06171769170477155,
    0.03138736089601238,
    0.003115789373558109,
    0.0068177062611802786,
    -0.003008936608114521
  ],
  "worst_transition": "layer_0 -> layer_1"
}