game_idx,hand_idx,seed,a_team,dealer,redeals,forced,bidder,bidder_is_a,bid_value,decl_id,team_a_pts,team_b_pts,made,marks_a_after,marks_b_after
0,0,3653443310,0,0,0,0,0,1,30,2,31,11,1,1,0
0,1,316961218,0,1,0,0,0,1,31,1,40,2,1,2,0
0,2,3470548083,0,2,0,0,1,0,31,0,19,23,0,3,0
0,3,2281549639,0,3,0,0,3,0,32,3,0,42,1,3,1
0,4,1945490058,0,0,0,0,3,0,31,0,3,39,1,3,2
0,5,756491614,0,1,0,0,3,0,31,4,7,35,1,3,3
0,6,3910078479,0,2,0,0,1,0,30,0,13,29,0,4,3
0,7,1426535250,0,3,0,0,3,0,31,4,19,23,0,5,3
0,8,2385020454,0,0,0,0,3,0,30,6,29,13,0,6,3
0,9,4196444521,0,1,0,0,3,0,30,9,29,13,0,7,3
1,0,4204291657,0,0,0,0,0,1,32,6,24,18,0,0,1
1,1,3868232076,0,1,0,0,1,0,31,9,17,25,0,1,1
1,2,3532172495,0,2,0,0,3,0,30,4,0,42,1,1,2
1,3,295029290,0,3,0,0,3,0,31,4,14,28,0,2,2
1,4,1201793620,0,0,0,0,0,1,31,5,28,14,0,2,3
1,5,12795176,0,1,0,0,1,0,31,2,17,25,0,3,3
1,6,3971702891,0,2,0,0,2,1,31,1,23,19,0,3,4
1,7,1488159662,0,3,0,0,1,0,31,3,24,18,0,4,4
1,8,1641324016,0,0,0,0,1,0,30,6,23,19,0,5,4
1,9,3452748083,0,1,0,0,1,0,30,1,17,25,0,6,4
1,10,116265991,0,2,0,0,1,0,31,2,1,41,1,6,5
1,11,1927690058,0,3,0,0,2,1,31,4,23,19,0,6,6
1,12,2080854412,0,0,0,0,0,1,32,4,24,18,0,6,7
2,0,1172885395,0,0,0,0,3,0,31,6,0,42,1,0,1
2,1,2079649725,0,1,0,0,3,0,30,5,18,24,0,1,1
2,2,1743590144,0,2,0,0,3,0,30,1,8,34,1,1,2
2,3,2801414235,0,3,0,0,0,1,30,2,42,0,1,2,2
2,4,2465354654,0,0,0,0,2,1,31,6,30,12,0,2,3
2,5,1276356210,0,1,0,0,1,0,31,5,29,13,0,3,3
2,6,2183120540,0,2,0,0,0,1,31,4,29,13,0,3,4
2,7,3240944631,0,3,0,0,1,0,31,4,8,34,1,3,5
2,8,2904885050,0,0,0,0,3,0,31,2,0,42,1,3,6
2,9,2568825469,0,1,0,0,1,0,31,6,39,3,0,4,6
2,10,2622650936,0,2,0,0,2,1,32,5,36,6,1,5,6
2,11,2286591355,0,3,0,0,2,1,32,1,36,6,1,6,6
2,12,3344415446,0,0,0,0,0,1,31,3,29,13,0,6,7
3,0,2576672605,0,0,0,0,3,0,31,4,14,28,0,1,0
3,1,93129376,0,1,0,0,0,1,31,0,24,18,0,1,1
3,2,4052037091,0,2,0,0,2,1,32,1,35,7,1,2,1
3,3,2057717797,0,3,0,0,2,1,31,4,25,17,0,2,2
3,4,1721658216,0,0,0,0,0,1,31,5,22,20,0,2,3
3,5,532659772,0,1,0,0,1,0,33,4,1,41,1,2,4
3,6,196600191,0,2,0,0,1,0,31,5,1,41,1,2,5
3,7,2497248193,0,3,0,0,2,1,31,4,35,7,1,3,5
3,8,2161188612,0,0,0,0,0,1,31,2,42,0,1,4,5
3,9,1825129031,0,1,0,0,0,1,31,1,24,18,0,4,6
3,10,636130587,0,2,0,0,2,1,30,5,29,13,0,4,7
4,0,4079798702,0,0,0,0,0,1,31,9,30,12,0,0,1
4,1,1596255473,0,1,0,0,0,1,31,4,35,7,1,1,1
4,2,4222278807,0,3,1,0,3,0,30,4,6,36,1,1,2
4,3,71197448,0,0,0,0,0,1,31,5,23,19,0,1,3
4,4,977961778,0,1,0,0,0,1,31,0,15,27,0,1,4
4,5,2035785869,0,2,0,0,1,0,31,0,23,19,0,2,4
4,6,1699726288,0,3,0,0,2,1,31,6,42,0,1,3,4
4,7,510727844,0,0,0,0,0,1,31,3,35,7,1,4,4
4,8,174668263,0,1,0,0,0,1,31,5,36,6,1,5,4
4,9,1081432593,0,2,0,0,0,1,30,0,42,0,1,6,4
4,10,2139256684,0,3,0,0,3,0,32,5,6,36,1,6,5
4,11,1803197103,0,0,0,0,2,1,31,1,29,13,0,6,6
4,12,614198659,0,1,0,0,1,0,31,3,25,17,0,7,6
5,0,3365637028,0,0,0,0,0,1,31,1,36,6,1,1,0
5,1,2176638584,0,1,0,0,1,0,32,2,22,20,0,2,0
5,2,3988062651,0,2,0,0,0,1,30,2,10,32,0,2,1
5,3,4141227005,0,3,0,0,1,0,30,4,2,40,1,2,2
5,4,3805167424,0,0,0,0,3,0,31,6,13,29,0,3,2
5,5,2616168980,0,1,0,0,3,0,31,4,25,17,0,4,2
5,6,132625751,0,2,0,0,1,0,31,5,6,36,1,4,3
5,7,3286212616,0,3,0,0,3,0,32,4,1,41,1,4,4
5,8,4244697820,0,0,0,0,0,1,31,0,30,12,0,4,5
5,9,1761154591,0,1,0,0,0,1,31,3,24,18,0,4,6
5,10,2719639795,0,2,0,0,2,1,31,6,19,23,0,4,7
6,0,2352840763,0,0,0,0,2,1,31,4,41,1,1,1,0
6,1,2016781182,0,1,0,0,3,0,31,5,14,28,0,2,0
6,2,3074605273,0,2,0,0,1,0,31,5,16,26,0,3,0
6,3,491723157,0,3,0,0,3,0,31,1,23,19,0,4,0
6,4,1497826374,0,0,0,0,0,1,31,1,41,1,1,5,0
6,5,2456311578,0,1,0,0,3,0,31,3,2,40,1,5,1
6,6,4267735645,0,2,0,0,2,1,32,3,41,1,1,6,1
6,7,3178076088,0,3,0,0,3,0,31,5,18,24,0,7,1
7,0,3032562761,0,0,0,0,3,0,32,0,19,23,0,1,0
7,1,2696503180,0,1,0,0,0,1,31,4,41,1,1,2,0
7,2,2360443599,0,2,0,0,2,1,31,0,36,6,1,3,0
7,3,366124305,0,3,0,0,1,0,31,2,6,36,1,3,1
7,4,30064724,0,0,0,0,3,0,32,2,1,41,1,3,2
7,5,3136033576,0,1,0,0,1,0,31,1,18,24,0,4,2
7,6,2799973995,0,2,0,0,1,0,30,1,11,31,1,4,3
7,7,805654701,0,3,0,0,1,0,30,5,8,34,1,4,4
7,8,469595120,0,0,0,0,0,1,32,2,25,17,0,4,5
7,9,133535539,0,1,0,0,0,1,31,0,14,28,0,4,6
7,10,3239504391,0,2,0,0,1,0,31,4,12,30,0,5,6
7,11,4146268721,0,3,0,0,3,0,31,5,29,13,0,6,6
7,12,909125516,0,0,0,0,2,1,30,2,40,2,1,7,6
8,0,141382675,0,0,0,0,2,1,30,3,25,17,0,0,1
8,1,1952806742,0,1,0,0,1,0,32,6,0,42,1,0,2
8,2,1616747161,0,2,0,0,1,0,31,9,7,35,1,0,3
8,3,427748717,0,3,0,0,2,1,31,4,41,1,1,1,3
8,4,3581335582,0,0,0,0,3,0,31,0,8,34,1,1,4
8,5,2392337138,0,1,0,0,0,1,31,1,40,2,1,2,4
8,6,2056277557,0,2,0,0,1,0,30,2,28,14,0,3,4
8,7,867279113,0,3,0,0,1,0,31,2,29,13,0,4,4
8,8,4020865978,0,0,0,0,3,0,31,1,7,35,1,4,5
8,9,3684806397,0,1,0,0,2,1,30,4,36,6,1,5,5
8,10,2495807953,0,2,0,0,2,1,32,6,25,17,0,5,6
8,11,2159748372,0,3,0,0,1,0,30,6,22,20,0,6,6
8,12,970749928,0,0,0,0,0,1,31,4,16,26,0,6,7
9,0,1574704649,0,0,0,0,3,0,31,4,1,41,1,0,1
9,1,485045092,0,1,0,0,0,1,30,6,28,14,0,0,2
9,2,49646624,0,2,0,0,0,1,31,5,30,12,0,0,3
9,3,202810978,0,3,0,0,3,0,33,3,34,8,0,1,3
9,4,2014235045,0,0,0,0,3,0,31,0,17,25,0,2,3
9,5,924575488,0,1,0,0,1,0,31,6,7,35,1,2,4
9,6,2735999555,0,2,0,0,2,1,33,0,31,11,0,2,5
9,7,3642763885,0,3,0,0,1,0,31,3,22,20,0,3,5
9,8,306281793,0,0,0,0,0,1,32,3,41,1,1,4,5
9,9,2117705860,0,1,0,0,2,1,30,5,36,6,1,5,5
9,10,3175529951,0,2,0,0,1,0,30,5,7,35,1,5,6
9,11,4082294281,0,3,0,0,2,1,31,6,25,17,0,5,7
10,0,661247271,0,0,0,0,0,1,32,0,31,11,0,0,1
10,1,2472671338,0,1,0,0,1,0,31,3,7,35,1,0,2
10,2,3431156542,0,2,0,0,1,0,32,0,22,20,0,1,2
10,3,947613313,0,3,0,0,2,1,32,2,26,16,0,1,3
10,4,3621254660,0,1,1,0,3,0,31,0,17,25,0,2,3
10,5,764718086,0,2,0,0,1,0,30,2,9,33,1,2,4
10,6,2576142153,0,3,0,0,3,0,32,6,12,30,0,3,4
10,7,1387143709,0,0,0,0,2,1,31,6,42,0,1,4,4
10,8,245763278,0,1,0,0,3,0,31,3,8,34,1,4,5
10,9,1204248482,0,2,0,0,1,0,31,3,13,29,0,5,5
10,10,3015672549,0,3,0,0,2,1,31,3,41,1,1,6,5
10,11,2679612968,0,0,0,0,0,1,31,1,35,7,1,7,5
11,0,2969694218,0,0,0,0,0,1,31,3,40,2,1,1,0
11,1,3876458548,0,1,0,0,3,0,31,5,2,40,1,1,1
11,2,639315343,0,2,0,0,1,0,30,9,0,42,1,1,2
11,3,2351400523,0,3,0,0,2,1,31,0,36,6,1,2,2
11,4,4162824590,0,0,0,0,3,0,30,5,24,18,0,3,2
11,5,21021648,0,1,0,0,3,0,30,2,29,13,0,4,2
11,6,1832445715,0,2,0,0,1,0,31,5,0,42,1,4,3
11,7,742786158,0,3,0,0,1,0,31,1,30,12,0,5,3
11,8,307387690,0,0,0,0,0,1,31,0,24,18,0,5,4
11,9,460552044,0,1,0,0,0,1,31,4,30,12,0,5,5
11,10,2271976111,0,2,0,0,2,1,30,6,35,7,1,6,5
11,11,1935916530,0,3,0,0,2,1,31,3,30,12,0,6,6
11,12,2993740621,0,0,0,0,2,1,31,5,23,19,0,6,7
12,0,117327313,0,1,1,0,1,0,31,6,8,34,1,0,1
12,1,261213250,0,2,0,0,1,0,31,5,14,28,0,1,1
12,2,4220120965,0,3,0,0,2,1,31,6,42,0,1,2,1
12,3,3031122521,0,0,0,0,2,1,31,6,36,6,1,3,1
12,4,1889742090,0,1,0,0,1,0,31,9,6,36,1,3,2
12,5,700743646,0,2,0,0,1,0,31,4,12,30,0,4,2
12,6,364684065,0,3,0,0,3,0,31,0,17,25,0,5,2
12,7,3470652917,0,0,0,0,2,1,31,4,35,7,1,6,2
12,8,2329272486,0,1,0,0,1,0,31,4,2,40,1,6,3
12,9,1993212905,0,2,0,0,0,1,30,5,29,13,0,6,4
12,10,804214461,0,3,0,0,3,0,31,1,12,30,0,7,4
13,0,658897243,0,0,0,0,3,0,32,1,1,41,1,0,1
13,1,3812484108,0,1,0,0,0,1,31,6,36,6,1,1,1
13,2,3476424527,0,2,0,0,2,1,31,0,25,17,0,1,2
13,3,2287426083,0,3,0,0,3,0,32,4,41,1,0,2,2
13,4,1951366502,0,0,0,0,0,1,31,4,41,1,1,3,2
13,5,4252014504,0,1,0,0,0,1,30,4,33,9,1,4,2
13,6,3915954923,0,2,0,0,0,1,30,5,42,0,1,5,2
13,7,2726956479,0,3,0,0,1,0,30,4,13,29,0,6,2
13,8,2390896898,0,0,0,0,0,1,32,6,25,17,0,6,3
13,9,4202320965,0,1,0,0,0,1,31,6,29,13,0,6,4
13,10,60518023,0,2,0,0,1,0,30,3,14,28,0,7,4
14,0,3434382015,0,0,0,0,2,1,30,4,25,17,0,0,1
14,1,2344722458,0,1,0,0,3,0,30,3,17,25,0,1,1
14,2,1909323990,0,2,0,0,0,1,31,6,25,17,0,1,2
14,3,819664433,0,3,0,0,2,1,30,3,41,1,1,2,2
14,4,3873912411,0,0,0,0,3,0,32,3,17,25,0,3,2
14,5,2784252854,0,1,0,0,0,1,31,3,42,0,1,4,2
14,6,300709625,0,2,0,0,2,1,31,4,29,13,0,4,3
14,7,2012794805,0,3,0,0,1,0,30,4,20,22,0,5,3
14,8,2165959159,0,0,0,0,0,1,31,6,30,12,0,5,4
14,9,3977383226,0,1,0,0,1,0,31,6,18,24,0,6,4
14,10,740240021,0,2,0,0,3,0,30,4,19,23,0,7,4
15,0,3326245487,0,0,0,0,0,1,31,3,41,1,1,1,0
15,1,2184865056,0,1,0,0,1,0,31,4,13,29,0,2,0
15,2,995866612,0,2,0,0,3,0,30,4,25,17,0,3,0
15,3,2807290679,0,3,0,0,2,1,30,6,41,1,1,4,0
15,4,2471231098,0,0,0,0,2,1,30,4,41,1,1,5,0
15,5,2624395452,0,1,0,0,3,0,31,0,12,30,0,6,0
15,6,140852223,0,2,0,0,1,0,32,3,18,24,0,7,0
16,0,953824100,0,0,0,0,1,0,30,0,19,23,0,1,0
16,1,617764519,0,1,0,0,1,0,30,0,6,36,1,1,1
16,2,281704938,0,2,0,0,3,0,30,5,1,41,1,1,2
16,3,3007067159,0,0,1,0,0,1,30,6,41,1,1,2,2
16,4,2246293359,0,1,0,0,1,0,30,4,7,35,1,2,3
16,5,1057294915,0,2,0,0,2,1,31,5,26,16,0,2,4
16,6,721235334,0,3,0,0,2,1,30,1,42,0,1,3,4
16,7,2532659401,0,0,0,0,0,1,31,3,42,0,1,4,4
16,8,2685823755,0,1,0,0,0,1,30,2,25,17,0,4,5
16,9,202280526,0,2,0,0,1,0,31,4,23,19,0,5,5
16,10,1160765730,0,3,0,0,0,1,30,2,18,24,0,5,6
16,11,2972189797,0,0,0,0,0,1,31,5,29,13,0,5,7
17,0,3262271047,0,0,0,0,2,1,31,4,31,11,1,1,0
17,1,2120890616,0,1,0,0,1,0,31,0,1,41,1,1,1
17,2,1784831035,0,2,0,0,3,0,30,2,1,41,1,1,2
17,3,595832591,0,3,0,0,2,1,32,4,24,18,0,1,3
17,4,259773010,0,0,0,0,0,1,31,2,36,6,1,2,3
17,5,2560421012,0,1,0,0,1,0,31,4,13,29,0,3,3
17,6,2224361431,0,2,0,0,2,1,32,5,41,1,1,4,3
17,7,1035362987,0,3,0,0,2,1,30,3,24,18,0,4,4
17,8,699303406,0,0,0,0,0,1,31,6,36,6,1,5,4
17,9,3852890271,0,1,0,0,1,0,32,3,0,42,1,5,5
17,10,2663891827,0,2,0,0,1,0,31,6,8,34,1,5,6
17,11,2327832246,0,3,0,0,0,1,30,2,41,1,1,6,6
17,12,1138833802,0,0,0,0,3,0,31,3,36,6,0,7,6
18,0,2518574609,0,0,0,0,1,0,30,2,17,25,0,1,0
18,1,2182515028,0,1,0,0,3,0,31,4,25,17,0,2,0
18,2,1041134597,0,2,0,0,1,0,31,6,2,40,1,2,1
18,3,4147103449,0,3,0,0,3,0,32,4,2,40,1,2,2
18,4,3811043868,0,0,0,0,1,0,30,4,23,19,0,3,2
18,5,2622045424,0,1,0,0,2,1,30,0,20,22,0,3,3
18,6,2285985843,0,2,0,0,2,1,31,2,36,6,1,4,3
18,7,291666549,0,3,0,0,1,0,31,5,0,42,1,4,4
18,8,4250574264,0,0,0,0,3,0,31,1,25,17,0,5,4
18,9,3914514683,0,1,0,0,0,1,31,5,42,0,1,6,4
18,10,2725516239,0,2,0,0,3,0,30,4,12,30,1,6,5
18,11,1584135808,0,3,0,0,3,0,31,5,19,23,0,7,5
19,0,2877475906,0,0,0,0,0,1,31,9,24,18,0,0,1
19,1,393932677,0,1,0,0,1,0,31,3,0,42,1,0,2
19,2,3599240416,0,2,0,0,1,0,31,9,0,42,1,0,3
19,3,1115697187,0,3,0,0,2,1,31,6,24,18,0,0,4
19,4,2022461517,0,0,0,0,0,1,32,4,29,13,0,0,5
19,5,833463073,0,1,0,0,0,1,31,3,33,9,1,1,5
19,6,497403492,0,2,0,0,1,0,30,6,14,28,0,2,5
19,7,1555227583,0,3,0,0,3,0,30,4,11,31,1,2,6
19,8,1219168002,0,0,0,0,0,1,30,1,26,16,0,2,7
20,0,890955557,0,0,0,0,2,1,31,2,39,3,1,1,0
20,1,2702379624,0,1,0,0,3,0,30,3,23,19,0,2,0
20,2,2855543978,0,2,0,0,3,0,30,3,27,15,0,3,0
20,3,372000749,0,3,0,0,2,1,31,4,18,24,0,3,1
20,4,35941168,0,0,0,0,0,1,32,3,30,12,0,3,2
20,5,3141910020,0,1,0,0,3,0,31,4,6,36,1,3,3
20,6,2000529589,0,2,0,0,2,1,32,3,41,1,1,4,3
20,7,811531145,0,3,0,0,3,0,32,5,29,13,0,5,3
20,8,475471564,0,0,0,0,3,0,30,1,18,24,0,6,3
20,9,3581440416,0,1,0,0,3,0,31,4,13,29,0,7,3
21,0,1570677555,0,0,0,0,3,0,31,6,6,36,1,0,1
21,1,2477441885,0,1,0,0,0,1,31,1,30,12,0,0,2
21,2,2141382304,0,2,0,0,1,0,31,4,25,17,0,1,2
21,3,952383860,0,3,0,0,3,0,30,2,11,31,1,1,3
21,4,616324279,0,0,0,0,0,1,30,1,28,14,0,1,4
21,5,2916972281,0,1,0,0,3,0,31,4,20,22,0,2,4
21,6,2580912700,0,2,0,0,1,0,31,3,7,35,1,2,5
21,7,97369471,0,3,0,0,3,0,32,1,11,31,0,3,5
21,8,1055854675,0,0,0,0,0,1,31,4,35,7,1,4,5
21,9,2061957892,0,1,0,0,0,1,31,9,41,1,1,5,5
21,10,3020443096,0,2,0,0,2,1,30,5,40,2,1,6,5
21,11,536899867,0,3,0,0,1,0,30,6,1,41,1,6,6
21,12,1495385071,0,0,0,0,3,0,32,4,23,19,0,7,6
22,0,826981117,0,0,0,0,0,1,30,6,40,2,1,1,0
22,1,490921536,0,1,0,0,2,1,30,4,7,35,0,1,1
22,2,3644508401,0,2,0,0,2,1,32,5,42,0,1,2,1
22,3,2455509957,0,3,0,0,3,0,31,6,13,29,0,3,1
22,4,2119450376,0,0,0,0,0,1,32,6,23,19,0,3,2
22,5,930451932,0,1,0,0,1,0,32,2,17,25,0,4,2
22,6,4084038797,0,2,0,0,0,1,30,2,25,17,0,4,3
22,7,2895040353,0,3,0,0,3,0,31,4,23,19,0,5,3
22,8,2558980772,0,0,0,0,1,0,30,4,15,27,0,6,3
22,9,75437543,0,1,0,0,1,0,32,5,17,25,0,7,3
23,0,1185882414,0,0,0,0,3,0,31,4,36,6,0,1,0
23,1,2997306481,0,1,0,0,1,0,32,1,1,41,1,1,1
23,2,2661246900,0,2,0,0,1,0,32,5,11,31,0,2,1
23,3,1472248456,0,3,0,0,1,0,30,4,7,35,1,2,2
23,4,330868025,0,0,0,0,3,0,30,6,7,35,1,2,3
23,5,3436836877,0,1,0,0,1,0,32,2,0,42,1,2,4
23,6,3100777296,0,2,0,0,3,0,30,4,24,18,0,3,4
23,7,1531172221,0,0,1,0,0,1,32,2,41,1,1,4,4
23,8,770398421,0,1,0,0,2,1,30,6,31,11,1,5,4
23,9,434338840,0,2,0,0,1,0,30,6,23,19,0,6,4
23,10,3540307692,0,3,0,0,3,0,31,1,13,29,0,7,4
24,0,3494329361,0,0,0,0,0,1,32,6,14,28,0,0,1
24,1,1010786132,0,1,0,0,1,0,32,5,29,13,0,1,1
24,2,1163950486,0,2,0,0,2,1,31,5,41,1,1,2,1
24,3,2975374553,0,3,0,0,2,1,31,3,25,17,0,2,2
24,4,2639314972,0,0,0,0,3,0,31,2,39,3,0,3,2
24,5,1450316528,0,1,0,0,0,1,31,6,24,18,0,3,3
24,6,2357080858,0,2,0,0,2,1,31,6,41,1,1,4,3
24,7,3414904949,0,3,0,0,3,0,31,5,17,25,0,5,3
24,8,3078845368,0,0,0,0,3,0,31,3,8,34,1,5,4
24,9,2742785787,0,1,0,0,1,0,32,0,17,25,0,6,4
24,10,748466493,0,2,0,0,1,0,30,4,8,34,1,6,5
24,11,2460551673,0,3,0,0,2,1,31,5,42,0,1,7,5
25,0,2750632923,0,0,0,0,2,1,31,6,40,2,1,1,0
25,1,267089694,0,1,0,0,0,1,31,3,42,0,1,2,0
25,2,1225574898,0,2,0,0,3,0,30,3,27,15,0,3,0
25,3,2231678115,0,3,0,0,3,0,31,1,11,31,1,3,1
25,4,1895618534,0,0,0,0,2,1,31,4,35,7,1,4,1
25,5,706620090,0,1,0,0,1,0,31,0,2,40,1,4,2
25,6,370560509,0,2,0,0,1,0,32,2,1,41,1,4,3
25,7,523724863,0,3,0,0,2,1,32,4,19,23,0,4,4
25,8,2335148930,0,0,0,0,2,1,30,2,36,6,1,5,4
25,9,1146150486,0,1,0,0,3,0,31,0,7,35,1,5,5
25,10,810090905,0,2,0,0,2,1,31,6,35,7,1,6,5
25,11,3963677770,0,3,0,0,3,0,31,0,28,14,0,7,5
26,0,3430354921,0,0,0,0,3,0,31,4,18,24,0,1,0
26,1,3094295340,0,1,0,0,0,1,31,0,19,23,0,1,1
26,2,4001059670,0,2,0,0,1,0,30,0,11,31,1,1,2
26,3,2812061226,0,3,0,0,3,0,31,1,9,33,1,1,3
26,4,2476001645,0,0,0,0,0,1,32,5,42,0,1,2,3
26,5,3533825736,0,1,0,0,1,0,31,6,13,29,0,3,3
26,6,145622770,0,2,0,0,3,0,30,1,13,29,0,4,3
26,7,1957046837,0,3,0,0,2,1,31,1,24,18,0,4,4
26,8,2915532041,0,0,0,0,3,0,32,5,2,40,1,4,5
26,9,2198865829,0,2,1,0,2,1,31,1,41,1,1,5,5
26,10,585153166,0,3,0,0,0,1,30,5,41,1,1,6,5
26,11,2396577233,0,0,0,0,3,0,31,2,17,25,0,7,5
27,0,3270497519,0,0,0,0,0,1,31,3,25,17,0,0,1
27,1,2934437938,0,1,0,0,0,1,30,1,34,8,1,1,1
27,2,940118644,0,2,0,0,0,1,30,0,9,33,0,1,2
27,3,604059063,0,3,0,0,3,0,31,6,9,33,1,1,3
27,4,3710027915,0,0,0,0,3,0,31,6,0,42,1,1,4
27,5,2993361703,0,2,1,0,1,0,31,1,18,24,0,2,4
27,6,890425105,0,3,0,0,0,1,30,4,34,8,1,3,4
27,7,1043589459,0,0,0,0,1,0,30,5,12,30,1,3,5
27,8,2855013526,0,1,0,0,0,1,31,1,41,1,1,4,5
27,9,3813498730,0,2,0,0,1,0,31,0,0,42,1,4,6
27,10,1329955501,0,3,0,0,2,1,30,4,36,6,1,5,6
27,11,188575070,0,0,0,0,3,0,30,6,18,24,0,6,6
27,12,1147060274,0,1,0,0,0,1,31,2,35,7,1,7,6
28,0,1703396982,0,0,0,0,2,1,31,2,22,20,0,0,1
28,1,562016551,0,1,0,0,3,0,30,9,7,35,1,0,2
28,2,225956970,0,2,0,0,2,1,31,3,35,7,1,1,2
28,3,3331925822,0,3,0,0,2,1,30,4,40,2,1,2,2
28,4,2995866241,0,0,0,0,3,0,30,2,23,19,0,3,2
28,5,1001546947,0,1,0,0,1,0,31,2,7,35,1,3,3
28,6,665487366,0,2,0,0,1,0,31,2,23,19,0,4,3
28,7,3771456218,0,3,0,0,3,0,31,1,18,24,0,5,3
28,8,3435396637,0,0,0,0,0,1,32,6,41,1,1,6,3
28,9,3099337056,0,1,0,0,1,0,31,2,12,30,0,7,3
29,0,1059039431,0,0,0,0,3,0,31,1,7,35,1,0,1
29,1,2870463498,0,1,0,0,1,0,31,1,18,24,0,1,1
29,2,1681465054,0,2,0,0,2,1,32,2,20,22,0,1,2
29,3,540084623,0,3,0,0,2,1,32,6,19,23,0,1,3
29,4,204025042,0,0,0,0,2,1,31,6,29,13,0,1,4
29,5,3309993894,0,1,0,0,1,0,30,2,17,25,0,2,4
29,6,2973934313,0,2,0,0,0,1,30,3,42,0,1,3,4
29,7,979615019,0,3,0,0,1,0,31,0,23,19,0,4,4
29,8,643555438,0,0,0,0,2,1,30,9,42,0,1,5,4
29,9,307495857,0,1,0,0,1,0,31,9,23,19,0,6,4
29,10,3413464709,0,2,0,0,2,1,32,5,30,12,0,6,5
29,11,25261743,0,3,0,0,0,1,30,4,25,17,0,6,6
29,12,1083085834,0,0,0,0,0,1,31,1,40,2,1,7,6
30,0,315342993,0,0,0,0,2,1,31,3,24,18,0,0,1
30,1,2126767060,0,1,0,0,1,0,32,4,2,40,1,0,2
30,2,3085252264,0,2,0,0,0,1,31,0,25,17,0,0,3
30,3,601709035,0,3,0,0,0,1,30,6,20,22,0,0,4
30,4,3755295900,0,0,0,0,3,0,31,4,22,20,0,1,4
30,5,2566297456,0,1,0,0,3,0,31,5,25,17,0,2,4
30,6,2230237875,0,2,0,0,2,1,31,5,17,25,0,2,5
30,7,1041239431,0,3,0,0,3,0,32,4,36,6,0,3,5
30,8,4194826296,0,0,0,0,1,0,30,0,21,21,0,4,5
30,9,3005827852,0,1,0,0,1,0,31,1,27,15,0,5,5
30,10,2669768271,0,2,0,0,2,1,32,4,34,8,1,6,5
30,11,2333708690,0,3,0,0,0,1,30,5,41,1,1,7,5
31,0,3627048788,0,0,0,0,3,0,30,5,34,8,0,1,0
31,1,1143505559,0,1,0,0,2,1,30,6,30,12,1,2,0
31,2,1296669913,0,2,0,0,3,0,30,1,0,42,1,2,1
31,3,960610332,0,3,0,0,2,1,32,4,28,14,0,2,2
31,4,2772034399,0,0,0,0,3,0,30,5,13,29,0,3,2
31,5,3730519603,0,1,0,0,1,0,31,0,3,39,1,3,3
31,6,441655524,0,2,0,0,2,1,31,0,28,14,0,3,4
31,7,1400140728,0,3,0,0,2,1,31,4,25,17,0,3,5
31,8,3211564795,0,0,0,0,3,0,32,0,1,41,1,3,6
31,9,2121905238,0,1,0,0,3,0,30,3,34,8,0,4,6
31,10,881185920,0,2,0,0,1,0,30,4,24,18,0,5,6
31,11,545126339,0,3,0,0,2,1,32,2,36,6,1,6,6
31,12,3651095191,0,0,0,0,0,1,31,5,31,11,1,7,6
32,0,835207589,0,0,0,0,0,1,31,6,35,7,1,1,0
32,1,499148008,0,1,0,0,0,1,30,4,29,13,0,1,1
32,2,3605116860,0,2,0,0,1,0,32,4,6,36,1,1,2
32,3,3269057279,0,3,0,0,2,1,30,4,36,6,1,2,2
32,4,1274737985,0,0,0,0,0,1,31,2,42,0,1,3,2
32,5,938678404,0,1,0,0,1,0,31,3,18,24,0,4,2
32,6,2750102471,0,2,0,0,1,0,31,0,12,30,0,5,2
32,7,3708587675,0,3,0,0,2,1,31,6,41,1,1,6,2
32,8,419723596,0,0,0,0,0,1,32,4,35,7,1,7,2
33,0,3563074348,0,0,0,0,2,1,31,4,19,23,0,0,1
33,1,3227014767,0,1,0,0,2,1,30,1,41,1,1,1,1
33,2,2085634336,0,2,0,0,0,1,30,6,29,13,0,1,2
33,3,896635892,0,3,0,0,2,1,30,2,30,12,1,2,2
33,4,560576311,0,0,0,0,3,0,31,1,7,35,1,2,3
33,5,3666545163,0,1,0,0,2,1,30,4,19,23,0,2,4
33,6,3330485582,0,2,0,0,2,1,31,2,35,7,1,3,4
33,7,1336166288,0,3,0,0,2,1,31,0,24,18,0,3,5
33,8,1000106707,0,0,0,0,3,0,31,2,18,24,0,4,5
33,9,664047126,0,1,0,0,1,0,31,6,0,42,1,4,6
33,10,3770015978,0,2,0,0,0,1,31,2,24,18,0,4,7
34,0,2918716797,0,0,0,0,0,1,31,2,41,1,1,1,0
34,1,435173568,0,1,0,0,2,1,30,4,34,8,1,2,0
34,2,3541142420,0,2,0,0,1,0,30,2,18,24,0,3,0
34,3,3205082839,0,3,0,0,2,1,31,6,23,19,0,3,1
34,4,2063702408,0,0,0,0,3,0,31,1,11,31,1,3,2
34,5,874703964,0,1,0,0,0,1,31,4,30,12,0,3,3
34,6,538644383,0,2,0,0,2,1,32,4,41,1,1,4,3
34,7,3644613235,0,3,0,0,1,0,31,3,18,24,0,5,3
34,8,2503232804,0,0,0,0,0,1,31,4,42,0,1,6,3
34,9,2167173223,0,1,0,0,1,0,31,4,15,27,0,7,3
35,0,1935455296,0,0,0,0,2,1,31,5,35,7,1,1,0
35,1,3746879363,0,1,0,0,0,1,30,0,31,11,1,2,0
35,2,3900043717,0,2,0,0,2,1,31,0,25,17,0,2,1
35,3,3563984136,0,3,0,0,1,0,30,2,7,35,1,2,2
35,4,1080440907,0,0,0,0,3,0,31,4,6,36,1,2,3
35,5,4186409759,0,1,0,0,1,0,32,2,18,24,0,3,3
35,6,3045029328,0,2,0,0,1,0,31,0,11,31,1,3,4
35,7,3622907901,0,0,1,0,0,1,32,0,30,12,0,3,5
35,8,1519971303,0,1,0,0,1,0,31,2,18,24,0,4,5
35,9,330972859,0,2,0,0,1,0,31,3,0,42,1,4,6
35,10,3484559724,0,3,0,0,2,1,32,5,30,12,0,4,7
36,0,1191758858,0,0,0,0,0,1,30,0,26,16,0,0,1
36,1,3003182925,0,1,0,0,0,1,30,1,30,12,1,1,1
36,2,1913523368,0,2,0,0,0,1,30,6,31,11,1,2,1
36,3,2820287698,0,3,0,0,2,1,31,2,42,0,1,3,1
36,4,336744469,0,0,0,0,3,0,31,3,18,24,0,4,1
36,5,3542052208,0,1,0,0,3,0,31,3,23,19,0,5,1
36,6,3106653740,0,2,0,0,2,1,31,3,40,2,1,6,1
36,7,3259818094,0,3,0,0,2,1,31,3,14,28,0,6,2
36,8,776274865,0,0,0,0,3,0,31,5,0,42,1,6,3
36,9,3981582604,0,1,0,0,3,0,30,6,2,40,1,6,4
36,10,1498039375,0,2,0,0,3,0,30,2,25,17,0,7,4
37,0,3500205805,0,0,0,0,3,0,31,0,12,30,0,1,0
37,1,2358825374,0,1,0,0,0,1,31,4,36,6,1,2,0
37,2,1169826930,0,2,0,0,0,1,31,4,42,0,1,3,0
37,3,833767349,0,3,0,0,3,0,32,5,6,36,1,3,1
37,4,2645191416,0,0,0,0,0,1,32,4,39,3,1,4,1
37,5,2798355770,0,1,0,0,0,1,32,6,34,8,1,5,1
37,6,314812541,0,2,0,0,0,1,30,6,26,16,0,5,2
37,7,1273297745,0,3,0,0,2,1,31,5,18,24,0,5,3
37,8,3084721812,0,0,0,0,2,1,31,6,34,8,1,6,3
37,9,3237886166,0,1,0,0,3,0,31,9,6,36,1,6,4
37,10,754342937,0,2,0,0,2,1,30,2,8,34,0,6,5
37,11,418283356,0,3,0,0,2,1,31,2,34,8,1,7,5
38,0,1127784418,0,0,0,0,3,0,31,2,11,31,1,0,1
38,1,791724837,0,1,0,0,1,0,31,4,19,23,0,1,1
38,2,455665256,0,2,0,0,1,0,32,4,17,25,0,2,1
38,3,3561634108,0,3,0,0,2,1,31,0,29,13,0,2,2
38,4,2420253677,0,0,0,0,1,0,30,1,18,24,0,3,2
38,5,1231255233,0,1,0,0,0,1,31,2,36,6,1,4,2
38,6,895195652,0,2,0,0,1,0,30,3,29,13,0,5,2
38,7,4001164504,0,3,0,0,1,0,30,0,24,18,0,6,2
38,8,2859784073,0,0,0,0,0,1,31,5,42,0,1,7,2
39,0,3436231365,0,0,0,0,2,1,30,0,12,30,0,0,1
39,1,2294850934,0,1,0,0,3,0,30,0,12,30,1,0,2
39,2,1105852490,0,2,0,0,0,1,30,0,35,7,1,1,2
39,3,769792909,0,3,0,0,1,0,31,3,12,30,0,2,2
39,4,433733328,0,0,0,0,3,0,31,9,11,31,1,2,3
39,5,2734381330,0,1,0,0,1,0,31,6,9,33,1,2,4
39,6,2398321749,0,2,0,0,2,1,31,3,30,12,0,2,5
39,7,1209323305,0,3,0,0,2,1,31,3,29,13,0,2,6
39,8,873263724,0,0,0,0,0,1,30,0,41,1,1,3,6
39,9,4026850589,0,1,0,0,3,0,31,4,19,23,0,4,6
39,10,2837852145,0,2,0,0,2,1,31,0,29,13,0,4,7
40,0,3795132662,0,0,0,0,2,1,31,6,35,7,1,1,0
40,1,1311589433,0,1,0,0,1,0,32,6,12,30,0,2,0
40,2,2270074637,0,2,0,0,1,0,31,6,11,31,1,2,1
40,3,1128694206,0,3,0,0,3,0,32,5,7,35,1,2,2
40,4,2940118273,0,0,0,0,3,0,31,9,0,42,1,2,3
40,5,1751119829,0,1,0,0,2,1,30,5,41,1,1,3,3
40,6,1415060248,0,2,0,0,2,1,31,4,29,13,0,3,4
40,7,1568224602,0,3,0,0,2,1,31,3,42,0,1,4,4
40,8,3379648669,0,0,0,0,3,0,31,1,7,35,1,4,5
40,9,43166577,0,1,0,0,3,0,30,0,11,31,1,4,6
40,10,1854590644,0,2,0,0,1,0,31,0,17,25,0,5,6
40,11,713210213,0,3,0,0,2,1,31,3,31,11,1,6,6
40,12,3819179065,0,0,0,0,0,1,31,2,14,28,0,6,7
41,0,1003291463,0,0,0,0,0,1,31,2,24,18,0,0,1
41,1,2715376643,0,1,0,0,1,0,31,5,7,35,1,0,2
41,2,3773200734,0,2,0,0,2,1,31,6,33,9,1,1,2
41,3,1289657505,0,3,0,0,3,0,31,3,17,25,0,2,2
41,4,953597924,0,0,0,0,0,1,30,3,42,0,1,3,2
41,5,1106762278,0,1,0,0,0,1,32,0,25,17,0,3,3
41,6,671363810,0,2,0,0,0,1,30,2,30,12,1,4,3
41,7,1729187901,0,3,0,0,2,1,31,4,41,1,1,5,3
41,8,1393128320,0,0,0,0,3,0,31,1,13,29,0,6,3
41,9,1546292674,0,1,0,0,0,1,32,4,41,1,1,7,3
42,0,3731158222,0,0,0,0,3,0,31,4,28,14,0,1,0
42,1,3395098641,0,1,0,0,3,0,30,2,1,41,1,1,1
42,2,3059039060,0,2,0,0,2,1,32,4,22,20,0,1,2
42,3,1064719766,0,3,0,0,3,0,32,1,0,42,1,1,3
42,4,728660185,0,0,0,0,3,0,31,2,28,14,0,2,3
42,5,3834629037,0,1,0,0,1,0,32,3,17,25,0,3,3
42,6,3498569456,0,2,0,0,1,0,30,2,11,31,1,3,4
42,7,2309571012,0,3,0,0,3,0,32,1,22,20,0,4,4
42,8,1168190581,0,0,0,0,2,1,30,4,30,12,1,5,4
42,9,2979614648,0,1,0,0,1,0,31,2,17,25,0,6,4
42,10,3938099852,0,2,0,0,2,1,31,0,9,33,0,6,5
42,11,1454556623,0,3,0,0,2,1,31,6,34,8,1,7,5
43,0,1744637873,0,0,0,0,3,0,31,2,12,30,0,1,0
43,1,2651402203,0,1,0,0,0,1,31,9,40,2,1,2,0
43,2,2315342622,0,2,0,0,3,0,30,1,7,35,1,2,1
43,3,1126344178,0,3,0,0,1,0,30,6,18,24,0,3,1
43,4,790284597,0,0,0,0,2,1,31,0,19,23,0,3,2
43,5,3090932599,0,1,0,0,1,0,33,4,7,35,1,3,3
43,6,2754873018,0,2,0,0,1,0,31,0,34,8,0,4,3
43,7,1565874574,0,3,0,0,2,1,31,0,35,7,1,5,3
43,8,1229814993,0,0,0,0,0,1,31,2,35,7,1,6,3
43,9,88434562,0,1,0,0,0,1,31,3,31,11,1,7,3
44,0,1584780471,0,0,0,0,2,1,30,0,25,17,0,0,1
44,1,443400040,0,1,0,0,0,1,32,4,41,1,1,1,1
44,2,3549368892,0,2,0,0,2,1,31,1,30,12,0,1,2
44,3,3213309311,0,3,0,0,2,1,31,0,20,22,0,1,3
44,4,2024310867,0,0,0,0,0,1,32,6,17,25,0,1,4
44,5,882930436,0,1,0,0,0,1,31,3,35,7,1,2,4
44,6,546870855,0,2,0,0,1,0,31,3,14,28,0,3,4
44,7,3652839707,0,3,0,0,2,1,32,3,36,6,1,4,4
44,8,3316780126,0,0,0,0,2,1,31,5,24,18,0,4,5
44,9,2127781682,0,1,0,0,0,1,31,1,34,8,1,5,5
44,10,986401251,0,2,0,0,3,0,30,4,12,30,1,5,6
44,11,4092370103,0,3,0,0,0,1,30,2,35,7,1,6,6
44,12,3756310522,0,0,0,0,0,1,30,0,31,11,1,7,6
45,0,1359842732,0,0,0,0,0,1,31,2,29,13,0,0,1
45,1,3171266799,0,1,0,0,0,1,31,0,35,7,1,1,1
45,2,4129752003,0,2,0,0,2,1,32,1,30,12,0,1,2
45,3,1646208774,0,3,0,0,3,0,32,2,4,38,1,1,3
45,4,504828343,0,0,0,0,0,1,30,9,34,8,1,2,3
45,5,3610797195,0,1,0,0,0,1,31,4,26,16,0,2,4
45,6,3274737614,0,2,0,0,1,0,31,3,7,35,1,2,5
45,7,2085739170,0,3,0,0,2,1,31,1,36,6,1,3,5
45,8,944358739,0,0,0,0,3,0,32,2,11,31,0,4,5
45,9,1902843943,0,1,0,0,3,0,31,2,12,30,0,5,5
45,10,3714268010,0,2,0,0,1,0,31,0,11,31,1,5,6
45,11,3378208429,0,3,0,0,2,1,32,4,35,7,1,6,6
45,12,2189209985,0,0,0,0,2,1,31,4,35,7,1,7,6
46,0,3668289679,0,0,0,0,3,0,30,4,11,31,1,0,1
46,1,1184746450,0,1,0,0,1,0,31,1,2,40,1,0,2
46,2,1337910804,0,2,0,0,1,0,31,1,1,41,1,0,3
46,3,3149334871,0,3,0,0,2,1,32,0,36,6,1,1,3
46,4,2813275290,0,0,0,0,1,0,30,9,17,25,0,2,3
46,5,1624276846,0,1,0,0,2,1,30,1,14,28,0,2,4
46,6,2531041176,0,2,0,0,0,1,31,4,41,1,1,3,4
46,7,3588865267,0,3,0,0,3,0,32,4,18,24,0,4,4
46,8,3252805686,0,0,0,0,2,1,31,5,36,6,1,5,4
46,9,2063807242,0,1,0,0,0,1,31,3,30,12,0,5,5
46,10,922426811,0,2,0,0,2,1,31,5,25,17,0,5,6
46,11,2634511991,0,3,0,0,3,0,31,2,0,42,1,5,7
47,0,1295868292,0,0,0,0,2,1,31,3,18,24,0,0,1
47,1,959808711,0,1,0,0,0,1,31,4,33,9,1,1,1
47,2,623749130,0,2,0,0,2,1,32,4,30,12,0,1,2
47,3,3729717982,0,3,0,0,0,1,30,1,42,0,1,2,2
47,4,3393658401,0,0,0,0,0,1,31,4,34,8,1,3,2
47,5,1399339107,0,1,0,0,0,1,30,1,31,11,1,4,2
47,6,1063279526,0,2,0,0,1,0,31,5,17,25,0,5,2
47,7,4169248378,0,3,0,0,2,1,31,2,31,11,1,6,2
47,8,3833188797,0,0,0,0,3,0,31,3,6,36,1,6,3
47,9,544324718,0,1,0,0,0,1,30,1,30,12,1,7,3
48,0,1941331740,0,0,0,0,1,0,30,5,23,19,0,1,0
48,1,799951309,0,1,0,0,3,0,31,4,0,42,1,1,1
48,2,3905920161,0,2,0,0,3,0,30,9,18,24,0,2,1
48,3,3569860580,0,3,0,0,1,0,30,5,12,30,1,2,2
48,4,332717375,0,0,0,0,3,0,31,4,2,40,1,2,3
48,5,1239481705,0,1,0,0,2,1,30,1,24,18,0,2,4
48,6,903422124,0,2,0,0,1,0,31,6,8,34,1,2,5
48,7,4009390976,0,3,0,0,1,0,30,4,33,9,0,3,5
48,8,1525847747,0,0,0,0,0,1,31,4,25,17,0,3,6
48,9,1679012101,0,1,0,0,0,1,32,5,36,6,1,4,6
48,10,1342952520,0,2,0,0,2,1,30,4,24,18,0,4,7
49,0,3444457837,0,0,0,0,2,1,30,9,40,2,1,1,0
49,1,3108398256,0,1,0,0,1,0,31,0,34,8,0,2,0
49,2,1114078962,0,2,0,0,1,0,31,9,29,13,0,3,0
49,3,778019381,0,3,0,0,3,0,31,3,23,19,0,4,0
49,4,3883988233,0,0,0,0,3,0,32,4,1,41,1,4,1
49,5,3547928652,0,1,0,0,3,0,30,4,29,13,0,5,1
49,6,1064385423,0,2,0,0,1,0,32,6,23,19,0,6,1
49,7,1217549777,0,3,0,0,1,0,31,4,26,16,0,7,1
50,0,4024840948,0,0,0,0,3,0,31,0,23,19,0,1,0
50,1,735976869,0,1,0,0,0,1,30,1,30,12,1,2,0
50,2,1694462073,0,2,0,0,0,1,30,0,42,0,1,3,0
50,3,3505886140,0,3,0,0,0,1,30,3,42,0,1,4,0
50,4,3169826559,0,0,0,0,3,0,31,2,12,30,0,5,0
50,5,1175507265,0,1,0,0,3,0,31,6,7,35,1,5,1
50,6,839447684,0,2,0,0,2,1,30,0,19,23,0,5,2
50,7,3945416536,0,3,0,0,0,1,30,5,41,1,1,6,2
50,8,3609356955,0,0,0,0,0,1,32,2,42,0,1,7,2
51,0,1232999749,0,0,0,0,3,0,31,5,0,42,1,0,1
51,1,3044423816,0,1,0,0,3,0,31,4,9,33,1,0,2
51,2,4002909020,0,2,0,0,2,1,31,4,40,2,1,1,2
51,3,714044941,0,3,0,0,3,0,32,6,12,30,0,2,2
51,4,377985360,0,0,0,0,3,0,31,2,0,42,1,2,3
51,5,3483954212,0,1,0,0,1,0,32,5,2,40,1,2,4
51,6,3147894631,0,2,0,0,2,1,31,1,33,9,1,3,4
51,7,3301058985,0,3,0,0,1,0,30,6,8,34,1,3,5
51,8,817515756,0,0,0,0,3,0,31,9,8,34,1,3,6
51,9,3923484608,0,1,0,0,1,0,32,5,20,22,0,4,6
51,10,3587425027,0,2,0,0,1,0,30,6,7,35,1,4,7
52,0,249738248,0,0,0,0,3,0,32,3,7,35,1,0,1
52,1,3403325113,0,1,0,0,0,1,31,2,35,7,1,1,1
52,2,2214326669,0,2,0,0,0,1,31,4,24,18,0,1,2
52,3,1878267088,0,3,0,0,3,0,32,3,28,14,0,2,2
52,4,3689691155,0,0,0,0,2,1,31,4,36,6,1,3,2
52,5,3842855509,0,1,0,0,3,0,31,3,18,24,0,4,2
52,6,1359312280,0,2,0,0,1,0,30,4,12,30,1,4,3
52,7,2317797484,0,3,0,0,3,0,30,9,12,30,1,4,4
52,8,4129221551,0,0,0,0,3,0,30,0,30,12,0,5,4
52,9,4282385905,0,1,0,0,0,1,31,5,31,11,1,6,4
52,10,1798842676,0,2,0,0,1,0,31,6,8,34,1,6,5
52,11,1462783095,0,3,0,0,1,0,30,1,17,25,0,7,5
53,0,1752864345,0,0,0,0,2,1,30,5,18,24,0,0,1
53,1,3464949525,0,1,0,0,0,1,31,2,31,11,1,1,1
53,2,1470630231,0,2,0,0,2,1,32,1,31,11,0,1,2
53,3,1134570650,0,3,0,0,2,1,31,5,41,1,1,2,2
53,4,2192394741,0,0,0,0,0,1,31,2,42,0,1,3,2
53,5,1856335160,0,1,0,0,2,1,30,2,24,18,0,3,3
53,6,2763099490,0,2,0,0,1,0,31,6,34,8,0,4,3
53,7,1574101046,0,3,0,0,3,0,31,6,17,25,0,5,3
53,8,3385525113,0,0,0,0,2,1,30,3,35,7,1,6,3
53,9,2295865556,0,1,0,0,0,1,31,3,35,7,1,7,3
54,0,185763808,0,0,0,0,3,0,31,5,6,36,1,0,1
54,1,3339350673,0,1,0,0,3,0,31,1,11,31,1,0,2
54,2,2868581,0,2,0,0,1,0,30,9,28,14,0,1,2
54,3,1814292648,0,3,0,0,3,0,31,1,29,13,0,2,2
54,4,1478233067,0,0,0,0,2,1,30,1,20,22,0,2,3
54,5,3778881069,0,1,0,0,1,0,31,9,6,36,1,2,4
54,6,3442821488,0,2,0,0,1,0,31,0,6,36,1,2,5
54,7,2253823044,0,3,0,0,3,0,31,1,11,31,1,2,6
54,8,1917763463,0,0,0,0,3,0,32,2,17,25,0,3,6
54,9,2824527793,0,1,0,0,3,0,30,3,7,35,1,3,7
55,0,1589551018,0,0,0,0,2,1,31,0,42,0,1,1,0
55,1,3400975085,0,1,0,0,1,0,31,3,0,42,1,1,1
55,2,3554139439,0,2,0,0,0,1,31,5,35,7,1,2,1
55,3,1070596210,0,3,0,0,2,1,31,3,35,7,1,3,1
55,4,734536629,0,0,0,0,0,1,31,6,42,0,1,4,1
55,5,3840505481,0,1,0,0,2,1,30,3,25,17,0,4,2
55,6,3504445900,0,2,0,0,2,1,31,4,42,0,1,5,2
55,7,1510126606,0,3,0,0,3,0,31,2,6,36,1,5,3
55,8,1174067025,0,0,0,0,3,0,31,4,18,24,0,6,3
55,9,4280035877,0,1,0,0,1,0,32,0,12,30,0,7,3
56,0,1529032503,0,0,0,0,3,0,30,4,24,18,0,1,0
56,1,1192972922,0,1,0,0,2,1,30,4,17,25,0,1,1
56,2,3974478,0,2,0,0,1,0,31,4,8,34,1,1,2
56,3,3157561343,0,3,0,0,1,0,31,4,2,40,1,1,3
56,4,1968562899,0,0,0,0,2,1,30,5,36,6,1,2,3
56,5,1632503318,0,1,0,0,1,0,33,0,12,30,0,3,3
56,6,443504874,0,2,0,0,2,1,31,4,41,1,1,4,3
56,7,3597091739,0,3,0,0,1,0,31,2,18,24,0,5,3
56,8,3261032158,0,0,0,0,3,0,31,9,17,25,0,6,3
56,9,2072033714,0,1,0,0,3,0,31,5,6,36,1,6,4
56,10,1735974133,0,2,0,0,2,1,32,3,23,19,0,6,5
56,11,4036622135,0,3,0,0,2,1,31,5,42,0,1,7,5
57,0,2109415614,0,0,0,0,1,0,30,3,7,35,1,0,1
57,1,3920839681,0,1,0,0,2,1,30,0,40,2,1,1,1
57,2,4074004035,0,2,0,0,0,1,31,4,21,21,0,1,2
57,3,3737944454,0,3,0,0,2,1,30,6,40,2,1,2,2
57,4,1254401225,0,0,0,0,3,0,31,5,8,34,1,2,3
57,5,2212886429,0,1,0,0,1,0,30,5,0,42,1,2,4
57,6,3218989646,0,2,0,0,2,1,31,0,25,17,0,2,5
57,7,4177474850,0,3,0,0,1,0,31,9,17,25,0,3,5
57,8,1693931621,0,0,0,0,0,1,32,1,41,1,1,4,5
57,9,2652416825,0,1,0,0,1,0,31,2,23,19,0,5,5
57,10,3658520042,0,2,0,0,2,1,32,4,36,6,1,6,5
57,11,3322460461,0,3,0,0,2,1,31,1,41,1,1,7,5
58,0,3612541711,0,0,0,0,3,0,30,4,7,35,1,0,1
58,1,1029659595,0,1,0,0,0,1,31,4,18,24,0,0,2
58,2,2087483686,0,2,0,0,3,0,30,4,16,26,0,1,2
58,3,2994248016,0,3,0,0,2,1,31,0,9,33,0,1,3
58,4,4052072107,0,0,0,0,1,0,30,3,1,41,1,1,4
58,5,3716012526,0,1,0,0,1,0,31,2,14,28,0,2,4
58,6,3280614058,0,2,0,0,2,1,32,4,42,0,1,3,4
58,7,3433778412,0,3,0,0,3,0,31,6,18,24,0,4,4
58,8,950235183,0,0,0,0,1,0,30,6,8,34,1,4,5
58,9,4155542922,0,1,0,0,0,1,31,0,25,17,0,4,6
58,10,1671999693,0,2,0,0,2,1,31,6,35,7,1,5,6
58,11,3384084873,0,3,0,0,2,1,31,3,35,7,1,6,6
58,12,3537249227,0,0,0,0,0,1,32,4,40,2,1,7,6
59,0,2045441174,0,0,0,0,3,0,31,6,13,29,0,1,0
59,1,1709381593,0,1,0,0,1,0,32,4,17,25,0,2,0
59,2,568001162,0,2,0,0,1,0,30,5,17,25,0,3,0
59,3,3673970014,0,3,0,0,2,1,31,6,41,1,1,4,0
59,4,3337910433,0,0,0,0,1,0,30,4,22,20,0,5,0
59,5,2148911989,0,1,0,0,1,0,32,5,6,36,1,5,1
59,6,1007531558,0,2,0,0,1,0,31,4,14,28,0,6,1
59,7,4113500410,0,3,0,0,3,0,32,3,14,28,0,7,1
60,0,3449228384,0,0,0,0,3,0,31,2,29,13,0,1,0
60,1,965685155,0,1,0,0,0,1,31,0,35,7,1,2,0
60,2,4071654007,0,2,0,0,2,1,30,0,40,2,1,3,0
60,3,3735594426,0,3,0,0,2,1,31,4,41,1,1,4,0
60,4,2594213995,0,0,0,0,1,0,30,6,1,41,1,4,1
60,5,1405215551,0,1,0,0,0,1,30,3,31,11,1,5,1
60,6,1069155970,0,2,0,0,2,1,31,2,42,0,1,6,1
60,7,4175124822,0,3,0,0,3,0,30,4,18,24,0,7,1
61,0,417822122,0,0,0,0,2,1,30,6,31,11,1,1,0
61,1,2229246189,0,1,0,0,1,0,31,0,12,30,0,2,0
61,2,2382410543,0,2,0,0,2,1,32,4,41,1,1,3,0
61,3,4094495723,0,3,0,0,3,0,31,5,22,20,0,4,0
61,4,1610952494,0,0,0,0,3,0,31,4,1,41,1,4,1
61,5,2668776585,0,1,0,0,1,0,32,6,17,25,0,5,1
61,6,3575540915,0,2,0,0,2,1,31,0,35,7,1,6,1
61,7,2485881358,0,3,0,0,3,0,32,4,2,40,1,6,2
61,8,2050482890,0,0,0,0,3,0,31,3,1,41,1,6,3
61,9,3108306981,0,1,0,0,1,0,31,3,1,41,1,6,4
61,10,4015071311,0,2,0,0,1,0,31,0,23,19,0,7,4
62,0,3969092980,0,0,0,0,0,1,32,5,36,6,1,1,0
62,1,1485549751,0,1,0,0,0,1,31,2,42,0,1,2,0
62,2,2444034955,0,2,0,0,2,1,31,2,34,8,1,3,0
62,3,1302654524,0,3,0,0,3,0,31,6,12,30,0,4,0
62,4,3114078591,0,0,0,0,1,0,30,1,18,24,0,5,0
62,5,4072563795,0,1,0,0,1,0,31,4,9,33,1,5,1
62,6,1589020566,0,2,0,0,3,0,30,6,6,36,1,5,2
62,7,1742184920,0,3,0,0,2,1,30,0,31,11,1,6,2
62,8,3553608987,0,0,0,0,2,1,31,5,40,2,1,7,2
63,0,1177251781,0,0,0,0,2,1,31,4,34,8,1,1,0
63,1,2889336961,0,1,0,0,0,1,32,4,19,23,0,1,1
63,2,3947161052,0,2,0,0,3,0,30,9,30,12,0,2,1
63,3,3611101471,0,3,0,0,3,0,32,5,13,29,0,3,1
63,4,2422103027,0,0,0,0,3,0,32,6,13,29,0,4,1
63,5,1280722596,0,1,0,0,0,1,31,3,25,17,0,4,2
63,6,845324128,0,2,0,0,2,1,31,5,36,6,1,5,2
63,7,4050631867,0,3,0,0,3,0,31,5,1,41,1,5,3
63,8,1567088638,0,0,0,0,2,1,30,2,42,0,1,6,3
63,9,1720252992,0,1,0,0,3,0,31,5,11,31,1,6,4
63,10,3531677059,0,2,0,0,3,0,30,6,7,35,1,6,5
63,11,3195617478,0,3,0,0,3,0,31,4,0,42,1,6,6
63,12,2006619034,0,0,0,0,0,1,31,5,25,17,0,6,7
64,0,3905118540,0,0,0,0,2,1,31,3,14,28,0,0,1
64,1,3569058959,0,1,0,0,3,0,30,1,8,34,1,0,2
64,2,3232999378,0,2,0,0,2,1,32,9,31,11,0,0,3
64,3,1238680084,0,3,0,0,2,1,31,1,15,27,0,0,4
64,4,902620503,0,0,0,0,3,0,31,0,13,29,0,1,4
64,5,4008589355,0,1,0,0,3,0,31,5,18,24,0,2,4
64,6,3672529774,0,2,0,0,2,1,32,2,42,0,1,3,4
64,7,2483531330,0,3,0,0,0,1,30,0,14,28,0,3,5
64,8,1342150899,0,0,0,0,0,1,32,0,36,6,1,4,5
64,9,1006091318,0,1,0,0,0,1,31,2,25,17,0,4,6
64,10,4112060170,0,2,0,0,2,1,31,2,42,0,1,5,6
64,11,3776000589,0,3,0,0,3,0,32,4,7,35,1,5,7
65,0,3745261138,0,0,0,0,0,1,31,9,19,23,0,0,1
65,1,3409201557,0,1,0,0,0,1,31,0,30,12,0,0,2
65,2,2220203113,0,2,0,0,1,0,30,1,22,20,0,1,2
65,3,1884143532,0,3,0,0,3,0,31,0,1,41,1,1,3
65,4,4184791534,0,0,0,0,3,0,31,3,17,25,0,2,3
65,5,3848731953,0,1,0,0,0,1,31,0,39,3,1,3,3
65,6,3512672372,0,2,0,0,0,1,30,2,35,7,1,4,3
65,7,2323673928,0,3,0,0,3,0,31,9,1,41,1,4,4
65,8,1182293497,0,0,0,0,3,0,31,3,13,29,0,5,4
65,9,4288262349,0,1,0,0,0,1,31,5,24,18,0,5,5
65,10,3952202768,0,2,0,0,0,1,30,9,25,17,0,5,6
65,11,2763204324,0,3,0,0,3,0,31,4,25,17,0,6,6
65,12,1621823893,0,0,0,0,1,0,30,5,13,29,0,7,6
66,0,2277499488,0,0,0,0,0,1,31,4,41,1,1,1,0
66,1,4088923555,0,1,0,0,1,0,31,0,40,2,0,2,0
66,2,752441463,0,2,0,0,2,1,30,9,36,6,1,3,0
66,3,1659205793,0,3,0,0,3,0,32,5,19,23,0,4,0
66,4,3470629860,0,0,0,0,0,1,32,3,25,17,0,4,1
66,5,233486655,0,1,0,0,3,0,31,5,14,28,0,5,1
66,6,4192394370,0,2,0,0,2,1,32,6,35,7,1,6,1
66,7,50591428,0,3,0,0,2,1,31,4,30,12,0,6,2
66,8,3910160256,0,0,0,0,0,1,31,0,41,1,1,7,2
67,0,1533803050,0,0,0,0,3,0,31,3,23,19,0,1,0
67,1,1197743469,0,1,0,0,0,1,31,2,42,0,1,2,0
67,2,8745025,0,2,0,0,1,0,31,1,28,14,0,3,0
67,3,1820169092,0,3,0,0,2,1,31,5,40,2,1,4,0
67,4,678788661,0,0,0,0,0,1,31,4,24,18,0,4,1
67,5,1637273865,0,1,0,0,0,1,31,0,41,1,1,5,1
67,6,3448697932,0,2,0,0,0,1,30,1,30,12,1,6,1
67,7,2259699488,0,3,0,0,2,1,31,9,42,0,1,7,1
68,0,4261669809,0,0,0,0,0,1,31,4,41,1,1,1,0
68,1,3925610228,0,1,0,0,2,1,30,3,42,0,1,2,0
68,2,3589550647,0,2,0,0,2,1,31,0,30,12,0,2,1
68,3,1595231353,0,3,0,0,3,0,31,3,27,15,0,3,1
68,4,1259171772,0,0,0,0,0,1,31,4,39,3,1,4,1
68,5,70173328,0,1,0,0,2,1,30,6,41,1,1,5,1
68,6,3648474412,0,3,1,0,2,1,31,6,42,0,1,6,1
68,7,2034761749,0,0,0,0,0,1,32,4,41,1,1,7,1
69,0,2053667646,0,0,0,0,1,0,30,1,12,30,1,0,1
69,1,1717608065,0,1,0,0,0,1,31,3,35,7,1,1,1
69,2,528609621,0,2,0,0,0,1,31,2,30,12,0,1,2
69,3,192550040,0,3,0,0,3,0,31,0,17,25,0,2,2
69,4,2493198042,0,0,0,0,3,0,31,1,36,6,0,3,2
69,5,2157138461,0,1,0,0,3,0,31,2,29,13,0,4,2
69,6,1821078880,0,2,0,0,2,1,31,6,29,13,0,4,3
69,7,632080436,0,3,0,0,1,0,31,4,14,28,0,5,3
69,8,3785667301,0,0,0,0,0,1,30,6,35,7,1,6,3
69,9,2596668857,0,1,0,0,1,0,31,5,17,25,0,7,3
70,0,67147297,0,0,0,0,1,0,30,5,19,23,0,1,0
70,1,973911627,0,1,0,0,1,0,32,2,0,42,1,1,1
70,2,4079880479,0,2,0,0,0,1,31,2,31,11,1,2,1
70,3,3743820898,0,3,0,0,2,1,31,0,13,29,0,2,2
70,4,506677693,0,0,0,0,3,0,31,1,17,25,0,3,2
70,5,1413442023,0,1,0,0,0,1,31,6,41,1,1,4,2
70,6,1077382442,0,2,0,0,1,0,30,9,41,1,0,5,2
70,7,4183351294,0,3,0,0,2,1,31,4,35,7,1,6,2
70,8,3847291713,0,0,0,0,3,0,32,5,22,20,0,7,2
71,0,4137176854,0,0,0,0,0,1,31,2,30,12,0,0,1
71,1,1173688107,0,2,1,0,2,1,31,1,22,20,0,0,2
71,2,2612118829,0,3,0,0,1,0,31,1,2,40,1,0,3
71,3,128575600,0,0,0,0,3,0,31,5,12,30,0,1,3
71,4,1035339930,0,1,0,0,3,0,31,4,24,18,0,2,3
71,5,2093164021,0,2,0,0,3,0,30,6,12,30,1,2,4
71,6,1757104440,0,3,0,0,3,0,31,3,19,23,0,3,4
71,7,568105996,0,0,0,0,3,0,31,1,1,41,1,3,5
71,8,1474870326,0,1,0,0,1,0,32,0,33,9,0,4,5
71,9,385210769,0,2,0,0,2,1,32,3,29,13,0,4,6
71,10,2196634836,0,3,0,0,3,0,31,0,7,35,1,4,7
72,0,4198801266,0,0,0,0,3,0,31,4,13,29,0,1,0
72,1,3057420835,0,1,0,0,1,0,31,2,23,19,0,2,0
72,2,1868422391,0,2,0,0,1,0,30,2,0,42,1,2,1
72,3,3679846458,0,3,0,0,3,0,32,4,7,35,1,2,2
72,4,3343786877,0,0,0,0,1,0,30,1,19,23,0,3,2
72,5,3496951231,0,1,0,0,0,1,30,4,41,1,1,4,2
72,6,1013408002,0,2,0,0,2,1,31,3,41,1,1,5,2
72,7,1971893206,0,3,0,0,0,1,30,4,30,12,1,6,2
72,8,3783317273,0,0,0,0,2,1,31,5,30,12,0,6,3
72,9,2594318829,0,1,0,0,1,0,31,2,7,35,1,6,4
72,10,1452938398,0,2,0,0,2,1,31,3,25,17,0,6,5
72,11,1116878817,0,3,0,0,1,0,31,2,24,18,0,7,5
73,0,2410218915,0,0,0,0,3,0,30,2,24,18,0,1,0
73,1,2074159334,0,1,0,0,1,0,30,3,34,8,0,2,0
73,2,3131983425,0,2,0,0,0,1,30,0,31,11,1,3,0
73,3,4038747755,0,3,0,0,3,0,32,1,42,0,0,4,0
73,4,2849749311,0,0,0,0,2,1,30,4,31,11,1,5,0
73,5,2513689730,0,1,0,0,2,1,30,6,24,18,0,5,1
73,6,30146501,0,2,0,0,2,1,31,6,42,0,1,6,1
73,7,3235454240,0,3,0,0,3,0,31,3,18,24,0,7,1
74,0,423698566,0,0,0,0,0,1,30,9,24,18,0,0,1
74,1,3577285431,0,1,0,0,0,1,31,3,25,17,0,0,2
74,2,2388286987,0,2,0,0,2,1,31,9,25,17,0,0,3
74,3,2052227406,0,3,0,0,2,1,31,1,28,14,0,0,4
74,4,863228962,0,0,0,0,1,0,30,1,30,12,0,1,4
74,5,4016815827,0,1,0,0,1,0,31,2,30,12,0,2,4
74,6,3680756246,0,2,0,0,2,1,32,3,42,0,1,3,4
74,7,2491757802,0,3,0,0,2,1,31,0,24,18,0,3,5
74,8,8214573,0,0,0,0,3,0,31,4,3,39,1,3,6
74,9,161378927,0,1,0,0,1,0,30,3,28,14,0,4,6
74,10,4120286642,0,2,0,0,2,1,33,4,17,25,0,4,7
75,0,3594362793,0,1,1,0,2,1,30,6,35,7,1,1,0
75,1,3638909843,0,2,0,0,1,0,30,4,12,30,1,1,1
75,2,1644590549,0,3,0,0,1,0,31,4,29,13,0,2,1
75,3,1308530968,0,0,0,0,0,1,31,4,35,7,1,3,1
75,4,2366355059,0,1,0,0,0,1,31,3,25,17,0,3,2
75,5,2030295478,0,2,0,0,0,1,31,2,30,12,0,3,3
75,6,2937059808,0,3,0,0,1,0,31,2,22,20,0,4,3
75,7,1748061364,0,0,0,0,0,1,31,2,41,1,1,5,3
75,8,1412001783,0,1,0,0,1,0,31,2,14,28,0,6,3
75,9,2469825874,0,2,0,0,3,0,30,0,19,23,0,7,3
76,0,2507207774,0,0,0,0,2,1,30,4,35,7,1,1,0
76,1,3033365473,0,2,1,0,2,1,31,1,24,18,0,1,1
76,2,176828899,0,3,0,0,0,1,30,3,30,12,1,2,1
76,3,1988252966,0,0,0,0,0,1,31,3,41,1,1,3,1
76,4,1652193385,0,1,0,0,1,0,30,0,6,36,1,3,2
76,5,3952841387,0,2,0,0,0,1,30,2,41,1,1,4,2
76,6,3616781806,0,3,0,0,1,0,31,3,24,18,0,5,2
76,7,2427783362,0,0,0,0,2,1,31,2,31,11,1,6,2
76,8,2091723781,0,1,0,0,0,1,31,9,40,2,1,7,2
77,0,199866724,0,0,0,0,0,1,31,9,24,18,0,0,1
77,1,4158774439,0,1,0,0,0,1,31,2,31,11,1,1,1
77,2,16971497,0,2,0,0,2,1,32,4,40,2,1,2,1
77,3,1828395564,0,3,0,0,3,0,32,4,7,35,1,2,2
77,4,639397120,0,0,0,0,3,0,31,4,24,18,0,3,2
77,5,303337539,0,1,0,0,0,1,31,1,35,7,1,4,2
77,6,456501893,0,2,0,0,2,1,31,4,30,12,0,4,3
77,7,2267925960,0,3,0,0,2,1,31,5,35,7,1,5,3
77,8,1931866379,0,0,0,0,3,0,32,6,1,41,1,5,4
77,9,742867935,0,1,0,0,0,1,31,4,28,14,0,5,5
77,10,3896454800,0,2,0,0,1,0,32,4,10,32,1,5,6
77,11,2707456356,0,3,0,0,3,0,31,4,23,19,0,6,6
77,12,2371396775,0,0,0,0,2,1,31,3,30,12,0,6,7
78,0,4269896281,0,0,0,0,0,1,30,0,40,2,1,1,0
78,1,3933836700,0,1,0,0,0,1,31,9,42,0,1,2,0
78,2,696693495,0,2,0,0,2,1,31,6,36,6,1,3,0
78,3,2408778675,0,3,0,0,1,0,31,1,0,42,1,3,1
78,4,3466602766,0,0,0,0,0,1,31,3,30,12,0,3,2
78,5,78399800,0,1,0,0,0,1,31,3,20,22,0,3,3
78,6,1889823867,0,2,0,0,1,0,32,4,17,25,0,4,3
78,7,800164310,0,3,0,0,2,1,31,1,41,1,1,5,3
78,8,364765842,0,0,0,0,0,1,32,5,30,12,0,5,4
78,9,517930196,0,1,0,0,2,1,30,6,19,23,0,5,5
78,10,2329354263,0,2,0,0,2,1,31,0,35,7,1,6,5
78,11,1993294682,0,3,0,0,3,0,31,4,6,36,1,6,6
78,12,3051118773,0,0,0,0,3,0,31,1,19,23,0,7,6
79,0,2283375932,0,0,0,0,3,0,31,5,8,34,1,0,1
79,1,1947316351,0,1,0,0,0,1,31,3,35,7,1,1,1
79,2,4247964353,0,2,0,0,3,0,30,4,3,39,1,1,2
79,3,3911904772,0,3,0,0,3,0,33,4,18,24,0,2,2
79,4,2722906328,0,0,0,0,3,0,32,3,0,42,1,2,3
79,5,2386846747,0,1,0,0,1,0,33,4,18,24,0,3,3
79,6,1245466316,0,2,0,0,2,1,31,3,29,13,0,3,4
79,7,56467872,0,3,0,0,2,1,31,2,39,3,1,4,4
79,8,1867891939,0,0,0,0,0,1,32,5,35,7,1,5,4
79,9,2826377143,0,1,0,0,2,1,30,1,24,18,0,5,5
79,10,1684996712,0,2,0,0,0,1,30,9,39,3,1,6,5
79,11,495998268,0,3,0,0,0,1,30,3,41,1,1,7,5
80,0,716275395,0,0,0,0,2,1,31,5,19,23,0,0,1
80,1,3869862260,0,1,0,0,0,1,30,1,36,6,1,1,1
80,2,533380168,0,2,0,0,2,1,31,5,26,16,0,1,2
80,3,2344804235,0,3,0,0,2,1,31,0,36,6,1,2,2
80,4,2008744654,0,0,0,0,2,1,30,4,41,1,1,3,2
80,5,14425360,0,1,0,0,1,0,31,4,9,33,1,3,3
80,6,3973333075,0,2,0,0,2,1,31,1,25,17,0,3,4
80,7,2784334631,0,3,0,0,3,0,30,5,14,28,0,4,4
80,8,2448275050,0,0,0,0,0,1,31,4,26,16,0,4,5
80,9,1306894619,0,1,0,0,1,0,31,6,11,31,1,4,6
80,10,117896175,0,2,0,0,0,1,31,1,42,0,1,5,6
80,11,4076803890,0,3,0,0,3,0,32,6,1,41,1,5,7
81,0,2803240528,0,0,0,0,0,1,31,5,35,7,1,1,0
81,1,1661860097,0,1,0,0,0,1,31,3,29,13,0,1,1
81,2,472861653,0,2,0,0,0,1,30,6,25,17,0,1,2
81,3,136802072,0,3,0,0,3,0,31,3,12,30,0,2,2
81,4,3242770924,0,0,0,0,0,1,31,4,30,12,0,2,3
81,5,2101390493,0,1,0,0,1,0,31,0,12,30,0,3,3
81,6,912392049,0,2,0,0,2,1,31,6,42,0,1,4,3
81,7,576332468,0,3,0,0,0,1,30,3,30,12,1,5,3
81,8,240272887,0,0,0,0,0,1,31,3,41,1,1,6,3
81,9,3346241739,0,1,0,0,2,1,30,3,14,28,0,6,4
81,10,2204861308,0,2,0,0,1,0,30,5,7,35,1,6,5
81,11,1015862864,0,3,0,0,3,0,31,0,22,20,0,7,5
82,0,2059544090,0,0,0,0,1,0,30,1,24,18,0,1,0
82,1,1723484509,0,1,0,0,1,0,31,3,0,42,1,1,1
82,2,534486065,0,2,0,0,2,1,31,4,30,12,0,1,2
82,3,3688072930,0,3,0,0,1,0,30,9,0,42,1,1,3
82,4,2499074486,0,0,0,0,1,0,30,0,6,36,1,1,4
82,5,2163014905,0,1,0,0,0,1,30,6,30,12,1,2,4
82,6,974016461,0,2,0,0,2,1,32,3,35,7,1,3,4
82,7,4127603326,0,3,0,0,3,0,32,3,12,30,0,4,4
82,8,3791543745,0,0,0,0,0,1,30,6,19,23,0,4,5
82,9,2602545301,0,1,0,0,0,1,30,5,25,17,0,4,6
82,10,2266485720,0,2,0,0,1,0,31,6,22,20,0,5,6
82,11,272166426,0,3,0,0,3,0,31,6,7,35,1,5,7
83,0,591782440,0,0,0,0,0,1,32,0,14,28,0,0,1
83,1,2403206507,0,1,0,0,1,0,31,2,0,42,1,0,2
83,2,2556370861,0,2,0,0,2,1,31,0,8,34,0,0,3
83,3,4268456041,0,3,0,0,3,0,32,6,18,24,0,1,3
83,4,1031312836,0,0,0,0,0,1,32,3,35,7,1,2,3
83,5,695253255,0,1,0,0,1,0,32,6,24,18,0,3,3
83,6,3749501233,0,2,0,0,1,0,31,5,0,42,1,3,4
83,7,2659841676,0,3,0,0,3,0,31,4,0,42,1,3,5
83,8,176298447,0,0,0,0,2,1,31,6,29,13,0,3,6
83,9,1134783651,0,1,0,0,3,0,31,6,13,29,0,4,6
83,10,4189031629,0,2,0,0,3,0,30,3,6,36,1,4,7
84,0,4143053298,0,0,0,0,0,1,32,3,35,7,1,1,0
84,1,3806993717,0,1,0,0,3,0,31,2,23,19,0,2,0
84,2,2617995273,0,2,0,0,1,0,31,4,18,24,0,3,0
84,3,1476614842,0,3,0,0,3,0,32,6,0,42,1,3,1
84,4,287616398,0,0,0,0,3,0,30,0,6,36,1,3,2
84,5,4246524113,0,1,0,0,3,0,31,1,13,29,0,4,2
84,6,1762980884,0,2,0,0,0,1,31,3,25,17,0,4,3
84,7,1916145238,0,3,0,0,2,1,31,1,42,0,1,5,3
84,8,3727569305,0,0,0,0,3,0,32,5,14,28,0,6,3
84,9,391087213,0,1,0,0,1,0,32,1,7,35,1,6,4
84,10,2202511280,0,2,0,0,1,0,30,6,13,29,0,7,4
85,0,2575952761,0,0,0,0,0,1,32,6,18,24,0,0,1
85,1,2239893180,0,1,0,0,0,1,32,6,36,6,1,1,1
85,2,2393057534,0,2,0,0,0,1,31,5,25,17,0,1,2
85,3,4204481601,0,3,0,0,1,0,30,6,16,26,0,2,2
85,4,3868422020,0,0,0,0,0,1,32,5,31,11,0,2,3
85,5,2679423576,0,1,0,0,1,0,32,0,28,14,0,3,3
85,6,1538043145,0,2,0,0,0,1,30,1,41,1,1,4,3
85,7,349044701,0,3,0,0,2,1,31,4,30,12,0,4,4
85,8,12985120,0,0,0,0,0,1,31,4,41,1,1,5,4
85,9,3971892835,0,1,0,0,0,1,31,9,36,6,1,6,4
85,10,1977573541,0,2,0,0,3,0,30,5,11,31,1,6,5
85,11,1641513960,0,3,0,0,3,0,31,0,23,19,0,7,5
86,0,367950598,0,0,0,0,3,0,31,4,1,41,1,0,1
86,1,31891017,0,1,0,0,0,1,31,4,25,17,0,0,2
86,2,2332539019,0,2,0,0,2,1,31,4,42,0,1,1,2
86,3,1996479438,0,3,0,0,1,0,30,1,29,13,0,2,2
86,4,807480994,0,0,0,0,3,0,31,4,24,18,0,3,2
86,5,471421413,0,1,0,0,2,1,30,1,41,1,1,4,2
86,6,3577390265,0,2,0,0,2,1,32,5,42,0,1,5,2
86,7,2436009834,0,3,0,0,2,1,30,0,31,11,1,6,2
86,8,2099950253,0,0,0,0,3,0,31,6,8,34,1,6,3
86,9,910951809,0,1,0,0,0,1,31,6,41,1,1,7,3
87,0,948333709,0,0,0,0,2,1,30,5,19,23,0,0,1
87,1,4101920574,0,1,0,0,0,1,31,3,42,0,1,1,1
87,2,2912922130,0,2,0,0,1,0,32,4,0,42,1,1,2
87,3,2576862549,0,3,0,0,3,0,31,5,23,19,0,2,2
87,4,93319320,0,0,0,0,0,1,32,1,42,0,1,3,2
87,5,3199288172,0,1,0,0,1,0,31,4,2,40,1,3,3
87,6,2057907741,0,2,0,0,2,1,32,3,42,0,1,4,3
87,7,3016392945,0,3,0,0,3,0,30,4,3,39,1,4,4
87,8,532849716,0,0,0,0,0,1,31,4,41,1,1,5,4
87,9,3638818568,0,1,0,0,1,0,31,0,18,24,0,6,4
87,10,2497438137,0,2,0,0,0,1,30,4,41,1,1,7,4
88,0,2451459806,0,0,0,0,0,1,31,5,34,8,1,1,0
88,1,4262883873,0,1,0,0,1,0,31,3,9,33,1,1,1
88,2,926401781,0,2,0,0,0,1,31,2,24,18,0,1,2
88,3,4079988646,0,3,0,0,0,1,30,1,29,13,0,1,3
88,4,2890990202,0,0,0,0,3,0,31,4,0,42,1,1,4
88,5,2554930621,0,1,0,0,1,0,31,1,28,14,0,2,4
88,6,71387392,0,2,0,0,0,1,31,6,34,8,1,3,4
88,7,224551746,0,3,0,0,1,0,30,6,19,23,0,4,4
88,8,2035975813,0,0,0,0,3,0,31,3,1,41,1,4,5
88,9,2994461017,0,1,0,0,1,0,32,0,23,19,0,5,5
88,10,510917788,0,2,0,0,2,1,31,4,42,0,1,6,5
88,11,1417682118,0,3,0,0,3,0,30,0,21,21,0,7,5
89,0,1707763368,0,0,0,0,3,0,31,0,17,25,0,1,0
89,1,1371703787,0,1,0,0,1,0,31,9,7,35,1,1,1
89,2,182705343,0,2,0,0,2,1,32,6,40,2,1,2,1
89,3,4141613058,0,3,0,0,3,0,31,1,1,41,1,2,2
89,4,2147293764,0,0,0,0,3,0,31,3,35,7,0,3,2
89,5,1811234183,0,1,0,0,2,1,30,5,20,22,0,3,3
89,6,3622658250,0,2,0,0,2,1,31,4,40,2,1,4,3
89,7,286176158,0,3,0,0,1,0,31,2,7,35,1,4,4
89,8,1292279375,0,0,0,0,1,0,30,4,13,29,0,5,4
89,9,2250764579,0,1,0,0,1,0,32,1,7,35,1,5,5
89,10,4062188646,0,2,0,0,1,0,32,3,17,25,0,6,5
89,11,725706554,0,3,0,0,1,0,31,4,17,25,0,7,5
90,0,724501867,0,0,0,0,0,1,33,1,30,12,0,0,1
90,1,388442286,0,1,0,0,0,1,32,0,31,11,0,0,2
90,2,2689090288,0,2,0,0,2,1,30,2,41,1,1,1,2
90,3,2353030707,0,3,0,0,3,0,33,0,0,42,1,1,3
90,4,1164032263,0,0,0,0,3,0,31,4,2,40,1,1,4
90,5,827972682,0,1,0,0,0,1,31,0,19,23,0,1,5
90,6,3981559547,0,2,0,0,1,0,31,6,16,26,0,2,5
90,7,2792561103,0,3,0,0,3,0,32,0,13,29,0,3,5
90,8,2456501522,0,0,0,0,2,1,31,2,42,0,1,4,5
90,9,1267503078,0,1,0,0,3,0,31,0,23,19,0,5,5
90,10,931443497,0,2,0,0,2,1,31,4,32,10,1,6,5
90,11,3232091499,0,3,0,0,1,0,31,5,7,35,1,6,6
90,12,2896031918,0,0,0,0,3,0,31,3,0,42,1,6,7
91,0,2227627964,0,0,0,0,0,1,31,1,31,11,1,1,0
91,1,1891568383,0,1,0,0,1,0,31,1,18,24,0,2,0
91,2,702569939,0,2,0,0,2,1,31,1,40,2,1,3,0
91,3,366510358,0,3,0,0,3,0,31,6,8,34,1,3,1
91,4,2667158360,0,0,0,0,0,1,32,2,41,1,1,4,1
91,5,2331098779,0,1,0,0,1,0,31,5,0,42,1,4,2
91,6,1142100335,0,2,0,0,2,1,32,5,30,12,0,4,3
91,7,806040754,0,3,0,0,2,1,31,9,18,24,0,4,4
91,8,3959627619,0,0,0,0,0,1,31,3,41,1,1,5,4
91,9,2770629175,0,1,0,0,2,1,30,6,18,24,0,5,5
91,10,2434569594,0,2,0,0,2,1,31,6,33,9,1,6,5
91,11,1245571150,0,3,0,0,1,0,30,3,30,12,0,7,5
92,0,2808011075,0,0,0,0,0,1,30,9,42,0,1,1,0
92,1,324467846,0,1,0,0,0,1,31,4,42,0,1,2,0
92,2,1282953050,0,2,0,0,2,1,32,0,25,17,0,2,1
92,3,141572619,0,3,0,0,2,1,30,9,42,0,1,3,1
92,4,1952996686,0,0,0,0,3,0,31,4,6,36,1,3,2
92,5,763998242,0,1,0,0,1,0,31,3,12,30,0,4,2
92,6,427938661,0,2,0,0,2,1,31,3,31,11,1,5,2
92,7,581103015,0,3,0,0,1,0,31,2,28,14,0,6,2
92,8,2392527082,0,0,0,0,3,0,31,4,18,24,0,7,2
93,0,16169876,0,0,0,0,0,1,31,0,30,12,0,0,1
93,1,3975077591,0,1,0,0,0,1,30,4,35,7,1,1,1
93,2,2786079147,0,2,0,0,2,1,31,0,24,18,0,1,2
93,3,302535918,0,3,0,0,3,0,32,1,17,25,0,2,2
93,4,455700272,0,0,0,0,0,1,32,3,41,1,1,3,2
93,5,119640691,0,1,0,0,0,1,31,4,18,24,0,3,3
93,6,1931064758,0,2,0,0,2,1,31,3,39,3,1,4,3
93,7,742066314,0,3,0,0,1,0,30,4,1,41,1,4,4
93,8,3895653179,0,0,0,0,3,0,31,9,16,26,0,5,4
93,9,559171087,0,1,0,0,2,1,30,0,25,17,0,5,5
93,10,2370595154,0,2,0,0,2,1,30,0,41,1,1,6,5
93,11,2034535573,0,3,0,0,1,0,31,0,0,42,1,6,6
93,12,40216279,0,0,0,0,0,1,31,4,35,7,1,7,6
94,0,4151279770,0,0,0,0,3,0,31,5,13,29,0,1,0
94,1,2962281326,0,1,0,0,1,0,31,3,0,42,1,1,1
94,2,2626221745,0,2,0,0,2,1,30,0,41,1,1,2,1
94,3,142678516,0,3,0,0,2,1,31,1,13,29,0,2,2
94,4,1101163720,0,0,0,0,3,0,32,2,28,14,0,3,2
94,5,2107266937,0,1,0,0,0,1,31,0,30,12,0,3,3
94,6,3065752141,0,2,0,0,3,0,30,2,23,19,0,4,3
94,7,582208912,0,3,0,0,0,1,30,5,42,0,1,5,3
94,8,246149331,0,0,0,0,3,0,31,2,0,42,1,5,4
94,9,2546797333,0,1,0,0,0,1,31,1,35,7,1,6,4
94,10,2210737752,0,2,0,0,2,1,31,5,22,20,0,6,5
94,11,1021739308,0,3,0,0,1,0,31,0,1,41,1,6,6
94,12,685679727,0,0,0,0,2,1,31,0,24,18,0,6,7
95,0,2584179233,0,0,0,0,0,1,33,1,15,27,0,0,1
95,1,2248119652,0,1,0,0,0,1,31,4,33,9,1,1,1
95,2,3305943743,0,2,0,0,1,0,31,6,18,24,0,2,1
95,3,4212708073,0,3,0,0,2,1,31,2,36,6,1,3,1
95,4,3023709629,0,0,0,0,2,1,31,1,36,6,1,4,1
95,5,2307043417,0,2,1,0,2,1,32,5,42,0,1,5,1
95,6,2351590467,0,3,0,0,2,1,31,6,36,6,1,6,1
95,7,3409414558,0,0,0,0,3,0,31,4,0,42,1,6,2
95,8,21211592,0,1,0,0,0,1,31,5,18,24,0,6,3
95,9,3127180444,0,2,0,0,1,0,30,4,22,20,0,7,3
96,0,597658884,0,0,0,0,0,1,32,0,19,23,0,0,1
96,1,3751245749,0,1,0,0,1,0,31,9,35,7,0,1,1
96,2,2562247305,0,2,0,0,1,0,32,2,14,28,0,2,1
96,3,2226187724,0,3,0,0,2,1,31,2,30,12,0,2,2
96,4,1037189280,0,0,0,0,0,1,31,2,42,0,1,3,2
96,5,4190776145,0,1,0,0,0,1,31,4,25,17,0,3,3
96,6,3854716564,0,2,0,0,1,0,31,0,7,35,1,3,4
96,7,2665718120,0,3,0,0,2,1,31,4,41,1,1,4,4
96,8,2329658539,0,0,0,0,3,0,31,4,25,17,0,5,4
96,9,335339245,0,1,0,0,3,0,30,0,23,19,0,6,4
96,10,4294246960,0,2,0,0,1,0,31,4,24,18,0,7,4
97,0,372721145,0,0,0,0,0,1,31,0,20,22,0,0,1
97,1,2184145212,0,1,0,0,1,0,31,5,18,24,0,1,1
97,2,3142630416,0,2,0,0,1,0,31,3,1,41,1,1,2
97,3,659087187,0,3,0,0,3,0,32,2,12,30,0,2,2
97,4,3812674052,0,0,0,0,1,0,30,4,3,39,1,2,3
97,5,2623675608,0,1,0,0,1,0,31,4,6,36,1,2,4
97,6,2287616027,0,2,0,0,2,1,31,6,30,12,0,2,5
97,7,1098617583,0,3,0,0,2,1,30,4,41,1,1,3,5
97,8,4252204448,0,0,0,0,3,0,30,6,24,18,0,4,5
97,9,915722356,0,1,0,0,0,1,31,6,40,2,1,5,5
97,10,2727146423,0,2,0,0,1,0,31,5,25,17,0,6,5
97,11,2391086842,0,3,0,0,3,0,30,5,0,42,1,6,6
97,12,396767548,0,0,0,0,0,1,31,3,41,1,1,7,6
98,0,2459686278,0,0,0,0,0,1,31,3,20,22,0,0,1
98,1,4271110345,0,1,0,0,3,0,30,5,0,42,1,0,2
98,2,3082111901,0,2,0,0,2,1,32,5,31,11,0,0,3
98,3,2746052320,0,3,0,0,2,1,30,6,35,7,1,1,3
98,4,2899216674,0,0,0,0,3,0,31,2,8,34,1,1,4
98,5,415673445,0,1,0,0,3,0,30,2,19,23,0,2,4
98,6,1374158649,0,2,0,0,2,1,31,2,19,23,0,2,5
98,7,3185582716,0,3,0,0,2,1,31,4,25,17,0,2,6
98,8,4092347046,0,0,0,0,3,0,31,3,13,29,0,3,6
98,9,855203841,0,1,0,0,0,1,31,0,29,13,0,3,7
99,0,892585741,0,0,0,0,0,1,32,2,41,1,1,1,0
99,1,556526160,0,1,0,0,3,0,30,9,13,29,0,2,0
99,2,3662495012,0,2,0,0,2,1,32,4,27,15,0,2,1
99,3,2521114581,0,3,0,0,1,0,30,1,14,28,0,3,1
99,4,1332116137,0,0,0,0,3,0,31,4,7,35,1,3,2
99,5,996056556,0,1,0,0,1,0,31,1,7,35,1,3,3
99,6,2807480623,0,2,0,0,1,0,31,1,17,25,0,4,3
99,7,2960644977,0,3,0,0,3,0,32,4,13,29,0,5,3
99,8,2624585396,0,0,0,0,3,0,31,3,24,18,0,6,3
99,9,1435586952,0,1,0,0,2,1,30,1,35,7,1,7,3
100,0,148889303,0,0,0,0,3,0,30,4,0,42,1,0,1
100,1,4107797018,0,1,0,0,1,0,31,4,8,34,1,0,2
100,2,870653813,0,2,0,0,1,0,31,1,7,35,1,0,3
100,3,534594232,0,3,0,0,2,1,31,4,41,1,1,1,3
100,4,3640563084,0,0,0,0,3,0,30,6,1,41,1,1,4
100,5,252360118,0,1,0,0,2,1,30,2,31,11,1,2,4
100,6,4211267833,0,2,0,0,1,0,31,4,1,41,1,2,5
100,7,974124628,0,3,0,0,3,0,32,4,16,26,0,3,5
100,8,2785548695,0,0,0,0,3,0,31,6,34,8,0,4,5
100,9,691890514,0,1,0,0,0,1,31,4,35,7,1,5,5
100,10,355830933,0,2,0,0,1,0,31,0,13,29,0,6,5
100,11,1413655024,0,3,0,0,2,1,31,5,36,6,1,7,5
101,0,2457336250,0,0,0,0,0,1,32,6,40,2,1,1,0
101,1,2121276669,0,1,0,0,1,0,32,1,1,41,1,1,1
101,2,126957375,0,2,0,0,2,1,31,2,41,1,1,2,1
101,3,4085865090,0,3,0,0,3,0,32,3,33,9,0,3,1
101,4,2896866646,0,0,0,0,0,1,31,3,24,18,0,3,2
101,5,2560807065,0,1,0,0,0,1,31,2,42,0,1,4,2
101,6,1419426634,0,2,0,0,1,0,30,4,19,23,0,5,2
101,7,230428190,0,3,0,0,3,0,31,4,8,34,1,5,3
101,8,4189335905,0,0,0,0,0,1,30,9,31,11,1,6,3
101,9,3000337461,0,1,0,0,3,0,31,0,29,13,0,7,3
102,0,668753899,0,0,0,0,3,0,31,2,33,9,0,1,0
102,1,332694318,0,1,0,0,3,0,31,1,18,24,0,2,0
102,2,3438663170,0,2,0,0,2,1,31,1,34,8,1,3,0
102,3,3102603589,0,3,0,0,1,0,30,3,12,30,1,3,1
102,4,3255767943,0,0,0,0,0,1,31,0,25,17,0,3,2
102,5,772224714,0,1,0,0,0,1,31,2,18,24,0,3,3
102,6,3878193566,0,2,0,0,0,1,31,4,18,24,0,3,4
102,7,3542133985,0,3,0,0,2,1,30,5,41,1,1,4,4
102,8,2400753554,0,0,0,0,0,1,31,5,31,11,1,5,4
102,9,1211755110,0,1,0,0,0,1,31,2,41,1,1,6,4
102,10,875695529,0,2,0,0,0,1,31,4,41,1,1,7,4
103,0,2977200846,0,0,0,0,1,0,30,0,35,7,0,1,0
103,1,1835820415,0,1,0,0,0,1,30,4,36,6,1,2,0
103,2,2794305619,0,2,0,0,1,0,31,6,2,40,1,2,1
103,3,310762390,0,3,0,0,3,0,31,5,24,18,0,3,1
103,4,3416731242,0,0,0,0,0,1,33,4,26,16,0,3,2
103,5,2275350811,0,1,0,0,0,1,30,0,20,22,0,3,3
103,6,3233836015,0,2,0,0,1,0,31,3,8,34,1,3,4
103,7,750292786,0,3,0,0,2,1,32,3,34,8,1,4,4
103,8,414233205,0,0,0,0,3,0,30,3,11,31,1,4,5
103,9,3520202057,0,1,0,0,0,1,30,6,36,6,1,5,5
103,10,2378821626,0,2,0,0,3,0,30,1,13,29,0,6,5
103,11,1189823182,0,3,0,0,2,1,31,3,24,18,0,6,6
103,12,853763601,0,0,0,0,0,1,32,3,30,12,0,6,7
104,0,2371656476,0,1,1,0,2,1,30,6,41,1,1,1,0
104,1,2416203526,0,2,0,0,0,1,31,4,42,0,1,2,0
104,2,1227205082,0,3,0,0,2,1,31,3,34,8,1,3,0
104,3,891145501,0,0,0,0,3,0,31,9,1,41,1,3,1
104,4,3191793503,0,1,0,0,3,0,30,0,1,41,1,3,2
104,5,2855733922,0,2,0,0,2,1,31,4,36,6,1,4,2
104,6,372190693,0,3,0,0,1,0,30,6,14,28,0,5,2
104,7,1330675897,0,0,0,0,0,1,32,0,30,12,0,5,3
104,8,3142099964,0,1,0,0,0,1,31,5,25,17,0,5,4
104,9,3295264318,0,2,0,0,2,1,32,5,24,18,0,5,5
104,10,811721089,0,3,0,0,0,1,30,3,14,28,0,5,6
104,11,1770206293,0,0,0,0,3,0,31,4,8,34,1,5,7
105,0,765742758,0,0,0,0,0,1,31,5,18,24,0,0,1
105,1,429683177,0,1,0,0,1,0,31,0,11,31,1,0,2
105,2,2730331179,0,2,0,0,0,1,31,1,29,13,0,0,3
105,3,2394271598,0,3,0,0,3,0,31,0,12,30,0,1,3
105,4,1205273154,0,0,0,0,3,0,31,1,9,33,1,1,4
105,5,869213573,0,1,0,0,0,1,31,4,34,8,1,2,4
105,6,1775977903,0,2,0,0,2,1,32,4,40,2,1,3,4
105,7,2833801994,0,3,0,0,2,1,30,5,29,13,0,3,5
105,8,350258765,0,0,0,0,0,1,31,3,34,8,1,4,5
105,9,1308743969,0,1,0,0,1,0,31,0,1,41,1,4,6
105,10,2215508299,0,2,0,0,1,0,31,0,12,30,0,5,6
105,11,3273332390,0,3,0,0,1,0,31,5,30,12,0,6,6
105,12,2937272809,0,0,0,0,0,1,32,6,34,8,1,7,6
106,0,3272127703,0,0,0,0,0,1,31,2,42,0,1,1,0
106,1,2936068122,0,1,0,0,1,0,31,6,14,28,0,2,0
106,2,1747069678,0,2,0,0,2,1,31,5,35,7,1,3,0
106,3,1411010097,0,3,0,0,2,1,32,4,35,7,1,4,0
106,4,3711658099,0,0,0,0,0,1,31,3,41,1,1,5,0
106,5,3375598518,0,1,0,0,2,1,30,3,28,14,0,5,1
106,6,3039538937,0,2,0,0,2,1,30,3,20,22,0,5,2
106,7,1850540493,0,3,0,0,2,1,31,6,36,6,1,6,2
106,8,709160062,0,0,0,0,3,0,31,1,11,31,1,6,3
106,9,3815128914,0,1,0,0,0,1,31,4,41,1,1,7,3
107,0,3333752115,0,0,0,0,3,0,31,4,27,15,0,1,0
107,1,2192371684,0,1,0,0,0,1,31,9,34,8,1,2,0
107,2,1003373240,0,2,0,0,1,0,31,0,18,24,0,3,0
107,3,667313659,0,3,0,0,1,0,30,6,13,29,0,4,0
107,4,3773282511,0,0,0,0,0,1,32,1,35,7,1,5,0
107,5,2631902080,0,1,0,0,0,1,31,1,35,7,1,6,0
107,6,1442903636,0,2,0,0,0,1,31,4,42,0,1,7,0
108,0,541910916,0,0,0,0,1,0,30,1,7,35,1,0,1
108,1,205851335,0,1,0,0,1,0,31,5,6,36,1,0,2
108,2,359015689,0,2,0,0,2,1,30,6,23,19,0,0,3
108,3,2170439756,0,3,0,0,1,0,30,0,12,30,1,0,4
108,4,981441312,0,0,0,0,3,0,31,5,18,24,0,1,4
108,5,645381731,0,1,0,0,0,1,31,5,23,19,0,1,5
108,6,3751350583,0,2,0,0,1,0,31,1,11,31,1,1,6
108,7,2609970152,0,3,0,0,2,1,31,6,41,1,1,2,6
108,8,2273910571,0,0,0,0,0,1,32,6,42,0,1,3,6
108,9,1084912127,0,1,0,0,1,0,31,2,17,25,0,4,6
108,10,748852546,0,2,0,0,2,1,31,1,36,6,1,5,6
108,11,3049500548,0,3,0,0,2,1,30,4,29,13,0,5,7
109,0,1122294027,0,0,0,0,0,1,31,0,25,17,0,0,1
109,1,4275880892,0,1,0,0,0,1,31,1,31,11,1,1,1
109,2,3086882448,0,2,0,0,1,0,31,0,7,35,1,1,2
109,3,2750822867,0,3,0,0,1,0,31,4,23,19,0,2,2
109,4,1561824423,0,0,0,0,3,0,31,5,12,30,0,3,2
109,5,1225764842,0,1,0,0,0,1,31,4,41,1,1,4,2
109,6,2231868059,0,2,0,0,2,1,31,4,34,8,1,5,2
109,7,3190353263,0,3,0,0,3,0,31,3,19,23,0,6,2
109,8,706810034,0,0,0,0,3,0,30,2,27,15,0,7,2
110,0,2625420124,0,0,0,0,3,0,31,5,0,42,1,0,1
110,1,2289360543,0,1,0,0,1,0,32,5,17,25,0,1,1
110,2,1100362099,0,2,0,0,0,1,31,1,41,1,1,2,1
110,3,4253948964,0,3,0,0,1,0,31,4,28,14,0,3,1
110,4,3064950520,0,0,0,0,3,0,31,1,18,24,0,4,1
110,5,2728890939,0,1,0,0,0,1,31,0,23,19,0,4,2
110,6,245347710,0,2,0,0,2,1,31,5,26,16,0,4,3
110,7,398512064,0,3,0,0,1,0,31,2,14,28,0,5,3
110,8,2209936131,0,0,0,0,3,0,31,1,0,42,1,5,4
110,9,3168421335,0,1,0,0,0,1,30,3,40,2,1,6,4
110,10,684878106,0,2,0,0,0,1,30,0,10,32,0,6,5
110,11,838042460,0,3,0,0,2,1,31,1,41,1,1,7,5
111,0,1642158623,0,0,0,0,3,0,31,0,29,13,0,1,0
111,1,500778192,0,1,0,0,1,0,31,1,13,29,0,2,0
111,2,3606747044,0,2,0,0,2,1,31,6,31,11,1,3,0
111,3,3270687463,0,3,0,0,3,0,31,5,6,36,1,3,1
111,4,2081689019,0,0,0,0,0,1,31,4,30,12,0,3,2
111,5,940308588,0,1,0,0,0,1,31,3,36,6,1,4,2
111,6,604249007,0,2,0,0,0,1,31,1,29,13,0,4,3
111,7,3710217859,0,3,0,0,3,0,32,5,13,29,0,5,3
111,8,3374158278,0,0,0,0,0,1,33,5,29,13,0,5,4
111,9,1379838984,0,1,0,0,0,1,31,3,31,11,1,6,4
111,10,1043779403,0,2,0,0,2,1,31,5,41,1,1,7,4
112,0,898462185,0,0,0,0,3,0,30,5,0,42,1,0,1
112,1,562402604,0,1,0,0,3,0,30,4,18,24,0,1,1
112,2,2863050606,0,2,0,0,0,1,31,3,30,12,0,1,2
112,3,2526991025,0,3,0,0,1,0,31,5,6,36,1,1,3
112,4,1337992581,0,0,0,0,2,1,31,5,35,7,1,2,3
112,5,1001933000,0,1,0,0,1,0,31,0,11,31,1,2,4
112,6,3302581002,0,2,0,0,0,1,31,6,24,18,0,2,5
112,7,2966521421,0,3,0,0,3,0,32,4,15,27,0,3,5
112,8,2630461840,0,0,0,0,3,0,31,5,17,25,0,4,5
112,9,1441463396,0,1,0,0,0,1,31,3,34,8,1,5,5
112,10,724797184,0,3,1,0,2,1,31,4,31,11,1,6,5
112,11,3406051817,0,0,0,0,0,1,31,6,41,1,1,7,5
113,0,3725667831,0,0,0,0,0,1,31,0,9,33,0,0,1
113,1,337464865,0,1,0,0,1,0,30,6,24,18,0,1,1
113,2,1395288956,0,2,0,0,0,1,31,0,30,12,0,1,2
113,3,1059229375,0,3,0,0,0,1,30,9,16,26,0,1,3
113,4,2870653442,0,0,0,0,3,0,31,1,6,36,1,1,4
113,5,3023817796,0,1,0,0,3,0,30,2,6,36,1,1,5
113,6,2588419328,0,2,0,0,1,0,31,6,23,19,0,2,5
113,7,1498759771,0,3,0,0,2,1,31,1,41,1,1,3,5
113,8,3310183838,0,0,0,0,3,0,31,5,23,19,0,4,5
113,9,3463348192,0,1,0,0,0,1,31,2,35,7,1,5,5
113,10,979804963,0,2,0,0,1,0,31,0,34,8,0,6,5
113,11,2691890143,0,3,0,0,1,0,31,2,18,24,0,7,5
114,0,2981971393,0,0,0,0,0,1,31,3,36,6,1,1,0
114,1,2645911812,0,1,0,0,1,0,32,3,30,12,0,2,0
114,2,1456913368,0,2,0,0,0,1,31,3,24,18,0,2,1
114,3,315532937,0,3,0,0,3,0,31,9,9,33,1,2,2
114,4,3421501789,0,0,0,0,3,0,31,6,1,41,1,2,3
114,5,3085442208,0,1,0,0,0,1,31,3,41,1,1,3,3
114,6,601898979,0,2,0,0,2,1,31,1,31,11,1,4,3
114,7,755063333,0,3,0,0,2,1,32,5,35,7,1,5,3
114,8,2566487400,0,0,0,0,0,1,31,1,33,9,1,6,3
114,9,3524972604,0,1,0,0,0,1,32,3,34,8,1,7,3
115,0,773969230,0,0,0,0,0,1,32,6,35,7,1,1,0
115,1,3879938082,0,1,0,0,1,0,31,5,22,20,0,2,0
115,2,3543878501,0,2,0,0,1,0,30,4,17,25,0,3,0
115,3,2303159183,0,3,0,0,0,1,30,1,20,22,0,3,1
115,4,1213499626,0,0,0,0,0,1,32,0,41,1,1,4,1
115,5,3024923693,0,1,0,0,1,0,32,6,12,30,0,5,1
115,6,3983408897,0,2,0,0,3,0,30,6,31,11,0,6,1
115,7,2842028466,0,3,0,0,1,0,31,9,14,28,0,7,1
116,0,3501835989,0,0,0,0,0,1,31,6,42,0,1,1,0
116,1,3165776408,0,1,0,0,1,0,30,9,12,30,1,1,1
116,2,1171457114,0,2,0,0,1,0,31,3,28,14,0,2,1
116,3,835397533,0,3,0,0,2,1,32,2,34,8,1,3,1
116,4,3941366385,0,0,0,0,2,1,30,0,31,11,1,4,1
116,5,3605306804,0,1,0,0,1,0,31,1,17,25,0,5,1
116,6,2463926373,0,2,0,0,2,1,32,4,25,17,0,5,2
116,7,1274927929,0,3,0,0,3,0,32,4,18,24,0,6,2
116,8,938868348,0,0,0,0,0,1,31,4,42,0,1,7,2
117,0,2758139551,0,0,0,0,3,0,31,2,0,42,1,0,1
117,1,2422079970,0,1,0,0,3,0,30,4,19,23,0,1,1
117,2,3479904061,0,2,0,0,1,0,31,4,7,35,1,1,2
117,3,91701095,0,3,0,0,2,1,31,3,24,18,0,1,3
117,4,3197669947,0,0,0,0,0,1,31,1,14,28,0,1,4
117,5,2861610366,0,1,0,0,1,0,31,4,6,36,1,1,5
117,6,3919434457,0,2,0,0,0,1,30,3,35,7,1,2,5
117,7,3583374876,0,3,0,0,3,0,32,2,0,42,1,2,6
117,8,195171910,0,0,0,0,3,0,31,0,19,23,0,3,6
117,9,3301140762,0,1,0,0,3,0,30,4,0,42,1,3,7
118,0,1290377901,0,0,0,0,3,0,30,6,13,29,0,1,0
118,1,3101801968,0,1,0,0,3,0,31,4,8,34,1,1,1
118,2,3254966322,0,2,0,0,1,0,31,3,6,36,1,1,2
118,3,2918906741,0,3,0,0,1,0,31,5,12,30,0,2,2
118,4,435363512,0,0,0,0,2,1,31,4,36,6,1,3,2
118,5,3541332364,0,1,0,0,0,1,31,9,29,13,0,3,3
118,6,153129398,0,2,0,0,1,0,31,1,19,23,0,4,3
118,7,3358437137,0,3,0,0,0,1,30,4,28,14,0,4,4
118,8,874893908,0,0,0,0,3,0,31,4,30,12,0,5,4
118,9,1833379112,0,1,0,0,0,1,31,5,24,18,0,5,5
118,10,3644803179,0,2,0,0,1,0,32,4,13,29,0,6,5
118,11,256600213,0,3,0,0,1,0,31,5,19,23,0,7,5
119,0,1130520499,0,0,0,0,1,0,30,3,7,35,1,0,1
119,1,4236489351,0,1,0,0,1,0,33,4,13,29,0,1,1
119,2,1752946122,0,2,0,0,3,0,30,3,0,42,1,1,2
119,3,611565691,0,3,0,0,3,0,32,0,8,34,1,1,3
119,4,1570050895,0,0,0,0,2,1,31,9,25,17,0,1,4
119,5,853384683,0,2,1,0,3,0,30,3,19,23,0,2,4
119,6,44992870,0,3,0,0,3,0,31,4,18,24,0,3,4
119,7,1051096087,0,0,0,0,3,0,32,9,0,42,1,3,5
119,8,715036506,0,1,0,0,0,1,31,2,25,17,0,3,6
119,9,3821005358,0,2,0,0,2,1,31,5,35,7,1,4,6
119,10,3484945777,0,3,0,0,3,0,30,2,12,30,1,4,7
120,0,2633646596,0,0,0,0,0,1,31,3,41,1,1,1,0
120,1,1444648152,0,1,0,0,0,1,31,5,35,7,1,2,0
120,2,1108588571,0,2,0,0,0,1,31,0,15,27,0,2,1
120,3,2920012638,0,3,0,0,3,0,31,2,18,24,0,3,1
120,4,3073176992,0,0,0,0,0,1,31,2,42,0,1,4,1
120,5,589633763,0,1,0,0,0,1,31,0,30,12,0,4,2
120,6,1548118967,0,2,0,0,0,1,30,3,28,14,0,4,3
120,7,3359543034,0,3,0,0,3,0,30,2,12,30,1,4,4
120,8,3512707388,0,0,0,0,1,0,30,4,24,18,0,5,4
120,9,1029164159,0,1,0,0,0,1,31,2,36,6,1,6,4
120,10,693104578,0,2,0,0,0,1,30,5,35,7,1,7,4
121,0,685939428,0,1,1,0,1,0,31,0,28,14,0,1,0
121,1,730486478,0,2,0,0,2,1,31,6,24,18,0,1,1
121,2,3836455330,0,3,0,0,1,0,31,3,24,18,0,2,1
121,3,2695074899,0,0,0,0,3,0,32,1,1,41,1,2,2
121,4,1506076455,0,1,0,0,0,1,31,6,36,6,1,3,2
121,5,1170016874,0,2,0,0,0,1,30,4,29,13,0,3,3
121,6,833957293,0,3,0,0,2,1,31,4,40,2,1,4,3
121,7,3134605295,0,0,0,0,1,0,30,1,12,30,1,4,4
121,8,2798545714,0,1,0,0,3,0,30,5,8,34,1,4,5
121,9,1609547270,0,2,0,0,3,0,30,0,23,19,0,5,5
121,10,1273487689,0,3,0,0,2,1,31,1,42,0,1,6,5
121,11,84489245,0,0,0,0,0,1,31,1,24,18,0,6,6
121,12,3238076110,0,1,0,0,0,1,32,5,24,18,0,6,7
122,0,322849621,0,0,0,0,0,1,32,4,17,25,0,0,1
122,1,4281757336,0,1,0,0,3,0,31,3,1,41,1,0,2
122,2,1044614131,0,2,0,0,3,0,30,0,12,30,1,0,3
122,3,708554550,0,3,0,0,3,0,31,0,17,25,0,1,3
122,4,3814523402,0,0,0,0,0,1,32,0,24,18,0,1,4
122,5,426320436,0,1,0,0,0,1,31,2,29,13,0,1,5
122,6,1484144527,0,2,0,0,1,0,31,4,18,24,0,2,5
122,7,1148084946,0,3,0,0,3,0,32,4,2,40,1,2,6
122,8,812025365,0,0,0,0,2,1,31,5,30,12,0,2,7
123,0,1586410655,0,0,0,0,0,1,31,5,24,18,0,0,1
123,1,1250351074,0,1,0,0,1,0,32,4,7,35,1,0,2
123,2,61352630,0,2,0,0,1,0,31,4,9,33,1,0,3
123,3,3214939495,0,3,0,0,2,1,31,6,35,7,1,1,3
123,4,4173424699,0,0,0,0,3,0,31,0,24,18,0,2,3
123,5,1689881470,0,1,0,0,1,0,32,0,34,8,0,3,3
123,6,500883026,0,2,0,0,2,1,32,4,42,0,1,4,3
123,7,3654469891,0,3,0,0,0,1,30,4,35,7,1,5,3
123,8,3318410310,0,0,0,0,2,1,31,5,36,6,1,6,3
123,9,2129411866,0,1,0,0,1,0,31,4,3,39,1,6,4
123,10,1793352285,0,2,0,0,2,1,31,4,42,0,1,7,4
124,0,2990197865,0,0,0,0,3,0,31,3,17,25,0,1,0
124,1,1801199421,0,1,0,0,0,1,31,3,28,14,0,1,1
124,2,3612623488,0,2,0,0,2,1,31,1,31,11,1,2,1
124,3,3276563907,0,3,0,0,1,0,30,0,12,30,1,2,2
124,4,3429728261,0,0,0,0,2,1,31,3,42,0,1,3,2
124,5,946185032,0,1,0,0,2,1,30,4,17,25,0,3,3
124,6,1904670236,0,2,0,0,1,0,31,4,23,19,0,4,3
124,7,3716094303,0,3,0,0,1,0,31,1,7,35,1,4,4
124,8,2574713872,0,0,0,0,0,1,31,5,31,11,1,5,4
124,9,1385715428,0,1,0,0,1,0,32,4,18,24,0,6,4
124,10,1049655847,0,2,0,0,3,0,30,2,23,19,0,7,4
125,0,3669919863,0,0,0,0,0,1,31,2,23,19,0,0,1
125,1,1087037747,0,1,0,0,1,0,32,2,7,35,1,0,2
125,2,2144861838,0,2,0,0,0,1,30,6,28,14,0,0,3
125,3,3051626168,0,3,0,0,3,0,31,5,30,12,0,1,3
125,4,4109450259,0,0,0,0,2,1,31,6,41,1,1,2,3
125,5,3773390678,0,1,0,0,0,1,31,4,42,0,1,3,3
125,6,3337992210,0,2,0,0,1,0,30,3,18,24,0,4,3
125,7,3491156564,0,3,0,0,1,0,30,9,23,19,0,5,3
125,8,3155096983,0,0,0,0,3,0,31,1,18,24,0,6,3
125,9,4212921074,0,1,0,0,1,0,30,2,6,36,1,6,4
125,10,1729377845,0,2,0,0,1,0,31,6,6,36,1,6,5
125,11,3930686960,0,3,0,0,1,0,30,3,16,26,0,7,5
126,0,2926223425,0,0,0,0,2,1,31,4,18,24,0,0,1
126,1,2590163844,0,1,0,0,0,1,31,1,31,11,1,1,1
126,2,1401165400,0,2,0,0,1,0,32,6,2,40,1,1,2
126,3,1065105819,0,3,0,0,3,0,32,0,24,18,0,2,2
126,4,3365753821,0,0,0,0,0,1,32,0,41,1,1,3,2
126,5,3029694240,0,1,0,0,1,0,33,2,0,42,1,3,3
126,6,2693634659,0,2,0,0,1,0,31,2,0,42,1,3,4
126,7,1504636215,0,3,0,0,1,0,31,3,12,30,0,4,4
126,8,3316060282,0,0,0,0,0,1,32,6,31,11,0,4,5
126,9,3469224636,0,1,0,0,0,1,31,4,42,0,1,5,5
126,10,3133165055,0,2,0,0,2,1,32,4,31,11,0,5,6
126,11,1944166611,0,3,0,0,2,1,31,0,13,29,0,5,7
127,0,1523542112,0,0,0,0,0,1,31,9,36,6,1,1,0
127,1,3824190114,0,1,0,0,3,0,30,9,6,36,1,1,1
127,2,1241307998,0,2,0,0,2,1,31,3,41,1,1,2,1
127,3,2299132089,0,3,0,0,1,0,30,1,0,42,1,2,2
127,4,1963072508,0,0,0,0,1,0,30,6,13,29,0,3,2
127,5,2869836838,0,1,0,0,1,0,32,4,23,19,0,4,2
127,6,3927660929,0,2,0,0,1,0,31,3,7,35,1,4,3
127,7,3591601348,0,3,0,0,1,0,31,3,27,15,0,5,3
127,8,2402602904,0,0,0,0,2,1,31,1,20,22,0,5,4
127,9,3309367234,0,1,0,0,1,0,31,4,7,35,1,5,5
127,10,825824005,0,2,0,0,0,1,31,1,35,7,1,6,5
127,11,4031131744,0,3,0,0,1,0,31,5,22,20,0,7,5
128,0,3446088021,0,0,0,0,3,0,31,3,1,41,1,0,1
128,1,3110028440,0,1,0,0,2,1,30,0,31,11,1,1,1
128,2,1921029996,0,2,0,0,2,1,31,3,19,23,0,1,2
128,3,1584970415,0,3,0,0,3,0,31,3,18,24,0,2,2
128,4,1738134769,0,0,0,0,3,0,30,9,0,42,1,2,3
128,5,3549558836,0,1,0,0,2,1,30,4,34,8,1,3,3
128,6,2360560392,0,2,0,0,2,1,32,6,36,6,1,4,3
128,7,2024500811,0,3,0,0,3,0,31,0,12,30,0,5,3
128,8,883120380,0,0,0,0,3,0,31,2,23,19,0,6,3
128,9,3989089232,0,1,0,0,0,1,31,4,42,0,1,7,3
129,0,3507712433,0,0,0,0,3,0,30,5,22,20,0,1,0
129,1,3660876787,0,1,0,0,1,0,31,5,23,19,0,2,0
129,2,3324817206,0,2,0,0,1,0,31,1,17,25,0,3,0
129,3,841273977,0,3,0,0,3,0,31,6,8,34,1,3,1
129,4,1419152550,0,1,1,0,1,0,30,6,9,33,1,3,2
129,5,2805862398,0,2,0,0,2,1,31,5,42,0,1,4,2
129,6,3764347602,0,3,0,0,0,1,30,2,24,18,0,4,3
129,7,1280804373,0,0,0,0,3,0,30,0,34,8,0,5,3
129,8,944744792,0,1,0,0,1,0,31,3,23,19,0,6,3
129,9,3245392794,0,2,0,0,3,0,30,5,18,24,0,7,3
130,0,1234629933,0,0,0,0,2,1,31,2,35,7,1,1,0
130,1,2946715113,0,1,0,0,0,1,30,4,40,2,1,2,0
130,2,4004539204,0,2,0,0,0,1,30,3,30,12,1,3,0
130,3,3668479623,0,3,0,0,1,0,31,3,7,35,1,3,1
130,4,1674160329,0,0,0,0,3,0,31,5,1,41,1,3,2
130,5,1338100748,0,1,0,0,2,1,30,3,35,7,1,4,2
130,6,902702280,0,2,0,0,2,1,31,5,26,16,0,4,3
130,7,4108010019,0,3,0,0,3,0,31,4,19,23,0,5,3
130,8,719807053,0,0,0,0,2,1,31,2,40,2,1,6,3
130,9,1777631144,0,1,0,0,0,1,31,4,16,26,0,6,4
130,10,3589055211,0,2,0,0,0,1,31,1,42,0,1,7,4
131,0,1296254345,0,0,0,0,2,1,31,6,41,1,1,1,0
131,1,154873914,0,1,0,0,1,0,31,1,0,42,1,1,1
131,2,3260842766,0,2,0,0,1,0,31,3,6,36,1,1,2
131,3,2924783185,0,3,0,0,1,0,31,4,24,18,0,2,2
131,4,1735784741,0,0,0,0,2,1,30,9,36,6,1,3,2
131,5,1399725160,0,1,0,0,0,1,31,5,29,13,0,3,3
131,6,258344729,0,2,0,0,3,0,30,9,24,18,0,4,3
131,7,3364313581,0,3,0,0,0,1,30,2,41,1,1,5,3
131,8,880770352,0,0,0,0,2,1,31,5,35,7,1,6,3
131,9,1839255556,0,1,0,0,0,1,31,2,36,6,1,7,3
132,0,3802639290,0,0,0,0,1,0,30,5,1,41,1,0,1
132,1,3466579709,0,1,0,0,3,0,30,9,16,26,0,1,1
132,2,2277581265,0,2,0,0,1,0,31,1,11,31,1,1,2
132,3,1136200834,0,3,0,0,2,1,31,3,33,9,1,2,2
132,4,4242169686,0,0,0,0,0,1,31,3,24,18,0,2,3
132,5,3906110105,0,1,0,0,3,0,31,4,0,42,1,2,4
132,6,2717111661,0,2,0,0,0,1,30,1,40,2,1,3,4
132,7,2381052080,0,3,0,0,2,1,31,6,35,7,1,4,4
132,8,1239671649,0,0,0,0,0,1,31,4,30,12,0,4,5
132,9,50673205,0,1,0,0,0,1,31,4,14,28,0,4,6
132,10,4009580920,0,2,0,0,2,1,30,3,29,13,0,4,7
133,0,1816118941,0,0,0,0,2,1,31,4,42,0,1,1,0
133,1,674738510,0,1,0,0,2,1,30,2,35,7,1,2,0
133,2,3300761844,0,3,1,0,3,0,31,3,19,23,0,3,0
133,3,3444647781,0,0,0,0,2,1,30,5,30,12,1,4,0
133,4,2255649337,0,1,0,0,1,0,31,6,14,28,0,5,0
133,5,1114268906,0,2,0,0,0,1,31,1,14,28,0,5,1
133,6,4220237758,0,3,0,0,1,0,31,1,17,25,0,6,1
133,7,3884178177,0,0,0,0,0,1,31,0,30,12,0,6,2
133,8,3548118596,0,1,0,0,2,1,30,1,40,2,1,7,2
134,0,1072422503,0,0,0,0,3,0,31,2,8,34,1,0,1
134,1,4277730242,0,1,0,0,1,0,32,6,7,35,1,0,2
134,2,889527276,0,2,0,0,2,1,32,1,27,15,0,0,3
134,3,2700951343,0,3,0,0,2,1,32,2,26,16,0,0,4
134,4,1511952899,0,0,0,0,3,0,31,0,22,20,0,1,4
134,5,1175893318,0,1,0,0,1,0,30,3,18,24,0,2,4
134,6,1329057672,0,2,0,0,1,0,31,2,18,24,0,3,4
134,7,2759875108,0,0,1,0,2,1,31,0,34,8,1,4,4
134,8,2804422158,0,1,0,0,3,0,31,1,11,31,1,4,5
134,9,1615423714,0,2,0,0,2,1,32,5,41,1,1,5,5
134,10,1279364133,0,3,0,0,2,1,31,3,24,18,0,5,6
134,11,3580012135,0,0,0,0,3,0,31,4,8,34,1,5,7
135,0,3899628149,0,0,0,0,0,1,31,6,35,7,1,1,0
135,1,2758247718,0,1,0,0,0,1,30,2,41,1,1,2,0
135,2,1569249274,0,2,0,0,2,1,31,3,41,1,1,3,0
135,3,1233189693,0,3,0,0,1,0,31,6,7,35,1,3,1
135,4,44191249,0,0,0,0,2,1,30,0,35,7,1,4,1
135,5,3197778114,0,1,0,0,1,0,32,2,23,19,0,5,1
135,6,714234885,0,2,0,0,1,0,32,2,6,36,1,5,2
135,7,1672720089,0,3,0,0,3,0,31,0,11,31,1,5,3
135,8,3484144156,0,0,0,0,0,1,32,4,41,1,1,6,3
135,9,3637308510,0,1,0,0,3,0,31,4,12,30,0,7,3
136,0,3739770747,0,0,0,0,3,0,31,4,18,24,0,1,0
136,1,2550772303,0,1,0,0,0,1,31,0,34,8,1,2,0
136,2,1409391872,0,2,0,0,0,1,30,0,35,7,1,3,0
136,3,3220815939,0,3,0,0,1,0,31,5,18,24,0,4,0
136,4,4179301143,0,0,0,0,1,0,30,1,12,30,1,4,1
136,5,1695757914,0,1,0,0,1,0,31,4,0,42,1,4,2
136,6,1848922268,0,2,0,0,2,1,31,3,30,12,0,4,3
136,7,1512862687,0,3,0,0,3,0,31,3,25,17,0,5,3
136,8,323864243,0,0,0,0,0,1,31,4,42,0,1,6,3
136,9,2135288310,0,1,0,0,0,1,32,2,29,13,0,6,4
136,10,993907879,0,2,0,0,2,1,32,0,39,3,1,7,4
137,0,124525449,0,0,0,0,3,0,31,6,12,30,0,1,0
137,1,1031289779,0,1,0,0,0,1,31,0,41,1,1,2,0
137,2,4137258631,0,2,0,0,1,0,31,4,13,29,0,3,0
137,3,3801199050,0,3,0,0,3,0,31,4,8,34,1,3,1
137,4,564055845,0,0,0,0,3,0,31,0,2,40,1,3,2
137,5,1470820175,0,1,0,0,0,1,30,1,42,0,1,4,2
137,6,281821731,0,2,0,0,0,1,30,3,31,11,1,5,2
137,7,4240729446,0,3,0,0,3,0,31,5,17,25,0,6,2
137,8,3904669865,0,0,0,0,3,0,31,9,19,23,0,7,2
138,0,3675796307,0,0,0,0,0,1,32,3,30,12,0,0,1
138,1,3339736726,0,1,0,0,0,1,30,4,36,6,1,1,1
138,2,1345417432,0,2,0,0,0,1,30,6,36,6,1,2,1
138,3,1009357851,0,3,0,0,0,1,30,1,35,7,1,3,1
138,4,4115326703,0,0,0,0,0,1,31,3,36,6,1,4,1
138,5,3779267122,0,1,0,0,1,0,31,3,1,41,1,4,2
138,6,1784947828,0,2,0,0,2,1,32,4,35,7,1,5,2
138,7,1448888247,0,3,0,0,1,0,30,1,0,42,1,5,3
138,8,1112828666,0,0,0,0,3,0,31,6,12,30,0,6,3
138,9,4218797518,0,1,0,0,0,1,30,0,25,17,0,6,4
138,10,3077417087,0,2,0,0,2,1,31,0,42,0,1,7,4
139,0,2932099869,0,0,0,0,0,1,31,5,36,6,1,1,0
139,1,2596040288,0,1,0,0,2,1,30,6,30,12,1,2,0
139,2,3653864379,0,2,0,0,2,1,32,4,30,12,0,2,1
139,3,265661413,0,3,0,0,2,1,32,4,24,18,0,2,2
139,4,3371630265,0,0,0,0,0,1,32,4,24,18,0,2,3
139,5,3035570684,0,1,0,0,0,1,30,3,40,2,1,3,3
139,6,4093394775,0,2,0,0,2,1,31,2,31,11,1,4,3
139,7,3757335194,0,3,0,0,3,0,31,4,1,41,1,4,4
139,8,369132228,0,0,0,0,3,0,32,4,23,19,0,5,4
139,9,1426956319,0,1,0,0,0,1,31,6,33,9,1,6,4
139,10,3139041499,0,2,0,0,0,1,31,1,25,17,0,6,5
139,11,4196865590,0,3,0,0,3,0,32,3,6,36,1,6,6
139,12,808662624,0,0,0,0,2,1,31,5,35,7,1,7,6
140,0,2048177255,0,0,0,0,0,1,32,4,35,7,1,1,0
140,1,53857961,0,1,0,0,0,1,31,2,29,13,0,1,1
140,2,4012765676,0,2,0,0,2,1,31,3,35,7,1,2,1
140,3,1529222447,0,3,0,0,3,0,31,4,33,9,0,3,1
140,4,2487707651,0,0,0,0,1,0,30,3,17,25,0,4,1
140,5,4164422,0,1,0,0,0,1,31,4,29,13,0,4,2
140,6,157328776,0,2,0,0,1,0,31,1,1,41,1,4,3
140,7,1968752843,0,3,0,0,2,1,30,6,13,29,0,4,4
140,8,2927238047,0,0,0,0,0,1,31,4,41,1,1,5,4
140,9,443694818,0,1,0,0,0,1,31,5,41,1,1,6,4
140,10,1350459148,0,2,0,0,2,1,32,5,19,23,0,6,5
140,11,2408283239,0,3,0,0,3,0,32,4,1,41,1,6,6
140,12,2072223658,0,0,0,0,0,1,31,0,36,6,1,7,6
141,0,1304480817,0,0,0,0,2,1,31,1,40,2,1,1,0
141,1,115482373,0,1,0,0,0,1,30,4,42,0,1,2,0
141,2,4074390088,0,2,0,0,2,1,31,4,36,6,1,3,0
141,3,785526009,0,3,0,0,0,1,30,1,25,17,0,3,1
141,4,1744011213,0,0,0,0,3,0,32,3,2,40,1,3,2
141,5,1027345001,0,2,1,0,3,0,30,1,13,29,0,4,2
141,6,218953188,0,3,0,0,2,1,31,3,41,1,1,5,2
141,7,3372540053,0,0,0,0,0,1,32,0,35,7,1,6,2
141,8,2183541609,0,1,0,0,0,1,31,2,18,24,0,6,3
141,9,3994965676,0,2,0,0,2,1,31,3,35,7,1,7,3
142,0,1984202815,0,0,0,0,0,1,32,5,30,12,0,0,1
142,1,3696287995,0,1,0,0,0,1,31,3,42,0,1,1,1
142,2,1701968701,0,2,0,0,1,0,31,2,0,42,1,1,2
142,3,1365909120,0,3,0,0,0,1,30,4,29,13,0,1,3
142,4,2423733211,0,0,0,0,0,1,32,2,31,11,0,1,4
142,5,2087673630,0,1,0,0,2,1,30,2,31,11,1,2,4
142,6,2141499097,0,2,0,0,0,1,31,1,42,0,1,3,4
142,7,1805439516,0,3,0,0,1,0,31,3,12,30,0,4,4
142,8,1469379935,0,0,0,0,2,1,31,1,36,6,1,5,4
142,9,2527204026,0,1,0,0,3,0,31,0,34,8,0,6,4
142,10,3433968356,0,2,0,0,1,0,31,5,13,29,0,7,4
143,0,1240506377,0,0,0,0,3,0,31,3,6,36,1,0,1
143,1,904446796,0,1,0,0,1,0,30,1,1,41,1,0,2
143,2,4010415648,0,2,0,0,1,0,31,4,17,25,0,1,2
143,3,2869035217,0,3,0,0,3,0,32,4,1,41,1,1,3
143,4,1680036773,0,0,0,0,0,1,31,4,24,18,0,1,4
143,5,1343977192,0,1,0,0,2,1,30,4,36,6,1,2,4
143,6,154978748,0,2,0,0,2,1,32,2,41,1,1,3,4
143,7,3308565613,0,3,0,0,2,1,31,3,31,11,1,4,4
143,8,2972506032,0,0,0,0,3,0,31,3,30,12,0,5,4
143,9,1783507588,0,1,0,0,0,1,32,3,42,0,1,6,4
143,10,1447448007,0,2,0,0,1,0,31,4,6,36,1,6,5
143,11,258449563,0,3,0,0,3,0,84,0,11,31,0,8,5
144,0,257244876,0,0,0,0,3,0,30,6,12,30,1,0,1
144,1,410409230,0,1,0,0,0,1,31,0,30,12,0,0,2
144,2,74349649,0,2,0,0,2,1,31,0,26,16,0,0,3
144,3,1885773716,0,3,0,0,2,1,31,1,42,0,1,1,3
144,4,2844258920,0,0,0,0,0,1,31,6,42,0,1,2,3
144,5,3850362137,0,1,0,0,2,1,30,0,36,6,1,3,3
144,6,513880045,0,2,0,0,1,0,32,2,3,39,1,3,4
144,7,2325304112,0,3,0,0,1,0,30,4,1,41,1,3,5
144,8,1989244531,0,0,0,0,3,0,31,4,12,30,0,4,5
144,9,4289892533,0,1,0,0,1,0,31,5,19,23,0,5,5
144,10,3953832952,0,2,0,0,1,0,32,9,23,19,0,6,5
144,11,2764834508,0,3,0,0,1,0,31,4,23,19,0,7,5
145,0,3907854621,0,0,0,0,0,1,32,1,30,12,0,0,1
145,1,2718856177,0,1,0,0,3,0,31,4,7,35,1,0,2
145,2,235312948,0,2,0,0,0,1,31,4,42,0,1,1,2
145,3,3388899813,0,3,0,0,2,1,30,4,41,1,1,2,2
145,4,52417721,0,0,0,0,3,0,31,6,7,35,1,2,3
145,5,1863841788,0,1,0,0,2,1,30,4,35,7,1,3,3
145,6,2822326992,0,2,0,0,1,0,31,2,11,31,1,3,4
145,7,3828430209,0,3,0,0,1,0,30,1,28,14,0,4,4
145,8,491948117,0,0,0,0,3,0,32,3,2,40,1,4,5
145,9,2303372184,0,1,0,0,1,0,31,1,16,26,0,5,5
145,10,1967312603,0,2,0,0,1,0,31,4,18,24,0,6,5
145,11,4267960605,0,3,0,0,3,0,31,9,0,42,1,6,6
145,12,3931901024,0,0,0,0,0,1,31,3,31,11,1,7,6
146,0,3164158183,0,0,0,0,3,0,32,5,2,40,1,0,1
146,1,1975159739,0,1,0,0,1,0,31,5,1,41,1,0,2
146,2,1639100158,0,2,0,0,1,0,30,1,2,40,1,0,3
146,3,3450524225,0,3,0,0,3,0,32,4,0,42,1,0,4
146,4,3603688579,0,0,0,0,3,0,31,2,8,34,1,0,5
146,5,1120145350,0,1,0,0,1,0,31,6,11,31,1,0,6
146,6,2078630554,0,2,0,0,0,1,31,5,24,18,0,0,7
147,0,3843880181,0,0,0,0,2,1,31,5,42,0,1,1,0
147,1,3507820600,0,1,0,0,3,0,31,2,17,25,0,2,0
147,2,2318822156,0,2,0,0,2,1,32,5,42,0,1,3,0
147,3,3225586486,0,3,0,0,2,1,30,4,39,3,1,4,0
147,4,4283410577,0,0,0,0,0,1,31,0,29,13,0,4,1
147,5,3947350996,0,1,0,0,0,1,30,5,30,12,1,5,1
147,6,2758352552,0,2,0,0,1,0,31,1,12,30,0,6,1
147,7,3665116882,0,3,0,0,2,1,30,4,41,1,1,7,1
148,0,3684022779,0,0,0,0,0,1,31,4,36,6,1,1,0
148,1,2495024335,0,1,0,0,0,1,30,9,30,12,1,2,0
148,2,2158964754,0,2,0,0,0,1,31,2,15,27,0,2,1
148,3,164645460,0,3,0,0,3,0,31,6,14,28,0,3,1
148,4,4123553175,0,0,0,0,0,1,31,4,35,7,1,4,1
148,5,3787493594,0,1,0,0,3,0,30,4,25,17,0,5,1
148,6,2598495150,0,2,0,0,3,0,30,0,29,13,0,6,1
148,7,2262435569,0,3,0,0,0,1,30,0,23,19,0,6,2
148,8,268116275,0,0,0,0,0,1,32,0,24,18,0,6,3
148,9,4227023990,0,1,0,0,3,0,31,1,18,24,0,7,3
149,0,2116922242,0,0,0,0,0,1,32,3,25,17,0,0,1
149,1,3075407446,0,1,0,0,0,1,32,5,25,17,0,0,2
149,2,1934027015,0,2,0,0,2,1,31,4,35,7,1,1,2
149,3,3745451082,0,3,0,0,2,1,32,6,21,21,0,1,3
149,4,408968990,0,0,0,0,1,0,30,2,0,42,1,1,4
149,5,2220393057,0,1,0,0,0,1,31,2,14,28,0,1,5
149,6,2373557411,0,2,0,0,1,0,31,4,2,40,1,1,6
149,7,4184981478,0,3,0,0,2,1,31,1,30,12,0,1,7
150,0,1472564691,0,0,0,0,1,0,30,2,13,29,0,1,0
150,1,283566247,0,1,0,0,0,1,31,0,29,13,0,1,1
150,2,4242473962,0,2,0,0,1,0,31,9,0,42,1,1,2
150,3,1758930733,0,3,0,0,2,1,32,0,42,0,1,2,2
150,4,1912095087,0,0,0,0,1,0,30,4,23,19,0,3,2
150,5,3723519154,0,1,0,0,0,1,31,4,24,18,0,3,3
150,6,387037062,0,2,0,0,2,1,31,1,31,11,1,4,3
150,7,2198461129,0,3,0,0,0,1,30,9,42,0,1,5,3
150,8,1057080698,0,0,0,0,2,1,30,0,35,7,1,6,3
150,9,4163049550,0,1,0,0,0,1,31,0,41,1,1,7,3
151,0,4200431450,0,0,0,0,1,0,30,2,7,35,1,0,1
151,1,3864371869,0,1,0,0,0,1,32,3,36,6,1,1,1
151,2,2675373425,0,2,0,0,3,0,30,5,15,27,0,2,1
151,3,1533992994,0,3,0,0,3,0,31,6,34,8,0,3,1
151,4,344994550,0,0,0,0,3,0,31,4,35,7,0,4,1
151,5,8934969,0,1,0,0,0,1,31,4,38,4,1,5,1
151,6,1820359036,0,2,0,0,1,0,31,2,7,35,1,5,2
151,7,1973523390,0,3,0,0,2,1,31,1,42,0,1,6,2
151,8,1637463809,0,0,0,0,0,1,31,3,41,1,1,7,2
152,0,4040574048,0,0,0,0,0,1,31,6,41,1,1,1,0
152,1,803430843,0,1,0,0,1,0,31,3,7,35,1,1,1
152,2,467371262,0,2,0,0,1,0,31,4,18,24,0,2,1
152,3,1374135592,0,3,0,0,3,0,30,4,23,19,0,3,1
152,4,2431959683,0,0,0,0,3,0,31,2,24,18,0,4,1
152,5,4144044863,0,1,0,0,0,1,31,4,29,13,0,4,2
152,6,906901658,0,2,0,0,1,0,31,6,7,35,1,4,3
152,7,1813665988,0,3,0,0,1,0,31,6,24,18,0,5,3
152,8,2871490079,0,0,0,0,0,1,31,2,28,14,0,5,4
152,9,2535430498,0,1,0,0,0,1,31,3,29,13,0,5,5
152,10,2100032030,0,2,0,0,2,1,31,6,34,8,1,6,5
152,11,2253196384,0,3,0,0,3,0,32,3,6,36,1,6,6
152,12,4064620451,0,0,0,0,3,0,31,1,0,42,1,6,7
153,0,1248732849,0,0,0,0,0,1,31,4,18,24,0,0,1
153,1,59734405,0,1,0,0,0,1,30,9,26,16,0,0,2
153,2,4018642120,0,2,0,0,1,0,32,3,8,34,1,0,3
153,3,2829643676,0,3,0,0,1,0,30,3,6,36,1,0,4
153,4,2493584095,0,0,0,0,3,0,31,0,29,13,0,1,4
153,5,1352203664,0,1,0,0,3,0,31,2,34,8,0,2,4
153,6,163205220,0,2,0,0,0,1,31,4,26,16,0,2,5
153,7,4122112935,0,3,0,0,1,0,30,4,17,25,0,3,5
153,8,2933114491,0,0,0,0,1,0,30,3,33,9,0,4,5
153,9,1791734060,0,1,0,0,1,0,31,3,0,42,1,4,6
153,10,3603158127,0,2,0,0,2,1,32,5,41,1,1,5,6
153,11,266676035,0,3,0,0,1,0,31,1,17,25,0,6,6
153,12,2078100102,0,0,0,0,0,1,32,4,21,21,0,6,7
154,0,3976599608,0,0,0,0,3,0,31,5,12,30,0,1,0
154,1,3640540027,0,1,0,0,1,0,31,1,2,40,1,1,1
154,2,2451541583,0,2,0,0,2,1,31,5,42,0,1,2,1
154,3,2115482002,0,3,0,0,2,1,30,3,42,0,1,3,1
154,4,2268646356,0,0,0,0,0,1,31,4,26,16,0,3,2
154,5,4080070423,0,1,0,0,1,0,32,5,11,31,0,4,2
154,6,2891071979,0,2,0,0,1,0,31,3,12,30,0,5,2
154,7,2555012398,0,3,0,0,2,1,31,3,28,14,0,5,3
154,8,1413631967,0,0,0,0,3,0,32,0,8,34,1,5,4
154,9,224633523,0,1,0,0,1,0,32,5,21,21,0,6,4
154,10,4183541238,0,2,0,0,1,0,31,3,19,23,0,7,4
155,0,1990079259,0,0,0,0,3,0,31,1,17,25,0,1,0
155,1,2143243613,0,1,0,0,3,0,31,2,18,24,0,2,0
155,2,3474722162,0,3,1,0,3,0,31,3,7,35,1,2,1
155,3,3618608099,0,0,0,0,0,1,31,3,41,1,1,3,1
155,4,2429609655,0,1,0,0,1,0,32,2,18,24,0,4,1
155,5,1288229224,0,2,0,0,3,0,30,1,7,35,1,4,2
155,6,2246714428,0,3,0,0,2,1,32,5,42,0,1,5,2
155,7,4058138495,0,0,0,0,1,0,30,5,3,39,1,5,3
155,8,3722078914,0,1,0,0,1,0,33,4,18,24,0,6,3
155,9,1727759620,0,2,0,0,1,0,31,4,23,19,0,7,3
156,0,1765141520,0,0,0,0,3,0,31,5,31,11,0,1,0
156,1,1429081939,0,1,0,0,1,0,31,9,6,36,1,1,1
156,2,240083495,0,2,0,0,2,1,31,4,24,18,0,1,2
156,3,4198991210,0,3,0,0,3,0,31,3,24,18,0,2,2
156,4,2204671916,0,0,0,0,1,0,30,2,1,41,1,2,3
156,5,1868612335,0,1,0,0,2,1,30,4,41,1,1,3,3
156,6,3680036402,0,2,0,0,1,0,31,6,34,8,0,4,3
156,7,343554310,0,3,0,0,2,1,30,2,20,22,0,4,4
156,8,3497141175,0,0,0,0,0,1,31,0,29,13,0,4,5
156,9,2308142731,0,1,0,0,0,1,32,4,36,6,1,5,5
156,10,4119566798,0,2,0,0,0,1,31,4,40,2,1,6,5
156,11,783084706,0,3,0,0,1,0,31,5,2,40,1,6,6
156,12,3936671571,0,0,0,0,0,1,32,4,22,20,0,6,7
157,0,1605284118,0,0,0,0,0,1,33,6,19,23,0,0,1
157,1,2663108209,0,1,0,0,0,1,31,3,36,6,1,1,1
157,2,2327048628,0,2,0,0,1,0,31,4,6,36,1,1,2
157,3,4138472695,0,3,0,0,2,1,31,0,36,6,1,2,2
157,4,4291637049,0,0,0,0,0,1,32,4,24,18,0,2,3
157,5,1708754933,0,1,0,0,3,0,30,5,12,30,1,2,4
157,6,2766579024,0,2,0,0,2,1,30,5,19,23,0,2,5
157,7,2430519443,0,3,0,0,2,1,31,4,35,7,1,3,5
157,8,1241520999,0,0,0,0,3,0,32,4,18,24,0,4,5
157,9,100140568,0,1,0,0,2,1,30,5,30,12,1,5,5
157,10,3959709396,0,2,0,0,0,1,30,5,20,22,0,5,6
157,11,2870049839,0,3,0,0,3,0,31,5,8,34,1,5,7
158,0,2285006116,0,0,0,0,2,1,31,0,35,7,1,1,0
158,1,1948946535,0,1,0,0,1,0,32,5,7,35,1,1,1
158,2,759948091,0,2,0,0,0,1,30,1,42,0,1,2,1
158,3,3913534956,0,3,0,0,3,0,32,0,3,39,1,2,2
158,4,2724536512,0,0,0,0,3,0,31,0,7,35,1,2,3
158,5,2388476931,0,1,0,0,0,1,32,0,30,12,0,2,4
158,6,1199478487,0,2,0,0,0,1,31,5,33,9,1,3,4
158,7,58098056,0,3,0,0,2,1,31,6,35,7,1,4,4
158,8,4017005771,0,0,0,0,2,1,31,6,25,17,0,4,5
158,9,2828007327,0,1,0,0,1,0,31,0,12,30,0,5,5
158,10,2491947746,0,2,0,0,2,1,32,4,36,6,1,6,5
158,11,1302949302,0,3,0,0,2,1,31,5,36,6,1,7,5
159,0,298485767,0,0,0,0,0,1,30,3,30,12,1,1,0
159,1,1205250097,0,1,0,0,1,0,31,2,19,23,0,2,0
159,2,16251653,0,2,0,0,0,1,31,4,35,7,1,3,0
159,3,3975159368,0,3,0,0,1,0,31,2,12,30,0,4,0
159,4,738016163,0,0,0,0,0,1,32,3,23,19,0,4,1
159,5,1644780493,0,1,0,0,0,1,30,4,42,0,1,5,1
159,6,2702604584,0,2,0,0,0,1,31,1,41,1,1,6,1
159,7,119722468,0,3,0,0,2,1,31,9,28,14,0,6,2
159,8,4078630183,0,0,0,0,2,1,30,4,41,1,1,7,2
160,0,3849756625,0,0,0,0,2,1,31,3,42,0,1,1,0
160,1,513274533,0,1,0,0,3,0,31,3,2,40,1,1,1
160,2,3666861398,0,2,0,0,0,1,31,3,14,28,0,1,2
160,3,1183318169,0,3,0,0,3,0,32,6,1,41,1,1,3
160,4,4289287021,0,0,0,0,2,1,31,4,25,17,0,1,4
160,5,3953227440,0,1,0,0,0,1,31,3,42,0,1,2,4
160,6,4106391794,0,2,0,0,0,1,31,3,41,1,1,3,4
160,7,1622848565,0,3,0,0,0,1,30,0,25,17,0,3,5
160,8,1286788984,0,0,0,0,1,0,30,0,18,24,0,4,5
160,9,97790540,0,1,0,0,1,0,31,3,12,30,0,5,5
160,10,3251377405,0,2,0,0,2,1,31,5,25,17,0,5,6
160,11,2062378961,0,3,0,0,1,0,31,5,23,19,0,6,6
160,12,1726319380,0,0,0,0,0,1,31,2,29,13,0,6,7
161,0,4208657922,0,0,0,0,3,0,31,2,18,24,0,1,0
161,1,3019659478,0,1,0,0,3,0,30,0,6,36,1,1,1
161,2,2683599897,0,2,0,0,2,1,32,1,35,7,1,2,1
161,3,200056668,0,3,0,0,0,1,30,6,42,0,1,3,1
161,4,353221022,0,0,0,0,3,0,31,6,33,9,0,4,1
161,5,2164645089,0,1,0,0,1,0,30,3,25,17,0,5,1
161,6,3123130293,0,2,0,0,0,1,30,0,35,7,1,6,1
161,7,639587064,0,3,0,0,2,1,31,1,41,1,1,7,1
162,0,2222137573,0,0,0,0,3,0,30,4,8,34,1,0,1
162,1,227818279,0,1,0,0,0,1,31,5,24,18,0,0,2
162,2,4186725994,0,2,0,0,2,1,31,6,28,14,0,0,3
162,3,1703182765,0,3,0,0,2,1,31,6,29,13,0,0,4
162,4,2661667969,0,0,0,0,0,1,31,6,42,0,1,1,4
162,5,178124740,0,1,0,0,1,0,31,4,0,42,1,1,5
162,6,331289094,0,2,0,0,2,1,32,1,42,0,1,2,5
162,7,4290196809,0,3,0,0,1,0,31,1,16,26,0,3,5
162,8,3101198365,0,0,0,0,0,1,31,4,37,5,1,4,5
162,9,617655136,0,1,0,0,1,0,32,3,12,30,0,5,5
162,10,3771242001,0,2,0,0,1,0,31,6,6,36,1,5,6
162,11,434759909,0,3,0,0,3,0,31,1,11,31,1,5,7
163,0,4144683482,0,0,0,0,3,0,31,1,18,24,0,1,0
163,1,3808623901,0,1,0,0,1,0,31,3,29,13,0,2,0
163,2,2619625457,0,2,0,0,2,1,31,0,31,11,1,3,0
163,3,2283565876,0,3,0,0,2,1,32,0,20,22,0,3,1
163,4,289246582,0,0,0,0,0,1,31,5,39,3,1,4,1
163,5,4248154297,0,1,0,0,1,0,31,4,18,24,0,5,1
163,6,3059155853,0,2,0,0,2,1,31,0,42,0,1,6,1
163,7,2723096272,0,3,0,0,0,1,30,0,29,13,0,6,2
163,8,2387036691,0,0,0,0,0,1,32,6,42,0,1,7,2
164,0,2158163133,0,0,0,0,3,0,31,1,3,39,1,0,1
164,1,1822103552,0,1,0,0,1,0,31,4,1,41,1,0,2
164,2,1875929019,0,2,0,0,2,1,31,3,35,7,1,1,2
164,3,1539869438,0,3,0,0,1,0,31,3,18,24,0,2,2
164,4,2597693529,0,0,0,0,3,0,31,5,24,18,0,3,2
164,5,2261633948,0,1,0,0,1,0,30,4,23,19,0,4,2
164,6,267314654,0,2,0,0,2,1,32,5,31,11,0,4,3
164,7,1979399834,0,3,0,0,2,1,31,4,25,17,0,4,4
164,8,1643340253,0,0,0,0,2,1,31,5,31,11,1,5,4
164,9,2701164344,0,1,0,0,3,0,30,4,12,30,1,5,5
164,10,3607928674,0,2,0,0,2,1,31,5,34,8,1,6,5
164,11,370785469,0,3,0,0,2,1,32,6,19,23,0,6,6
164,12,2082870649,0,0,0,0,3,0,31,5,14,28,0,7,6
165,0,1617699100,0,1,1,0,0,1,30,1,42,0,1,1,0
165,1,809307287,0,2,0,0,0,1,31,1,31,11,1,2,0
165,2,3962894152,0,3,0,0,1,0,31,1,29,13,0,3,0
165,3,626412060,0,0,0,0,2,1,30,5,26,16,0,3,1
165,4,2437836127,0,1,0,0,0,1,32,0,41,1,1,4,1
165,5,2101776546,0,2,0,0,1,0,32,4,0,42,1,4,2
165,6,107457252,0,3,0,0,2,1,31,1,13,29,0,4,3
165,7,4066364967,0,0,0,0,3,0,32,2,17,25,0,5,3
165,8,2877366523,0,1,0,0,1,0,31,4,1,41,1,5,4
165,9,2541306942,0,2,0,0,0,1,31,5,30,12,0,5,5
165,10,1352308498,0,3,0,0,3,0,31,4,23,19,0,6,5
165,11,210928067,0,0,0,0,0,1,32,4,40,2,1,7,5
166,0,2578688842,0,0,0,0,0,1,31,4,19,23,0,0,1
166,1,584369548,0,1,0,0,1,0,31,3,16,26,0,1,1
166,2,248309967,0,2,0,0,0,1,31,4,34,8,1,2,1
166,3,2059734034,0,3,0,0,2,1,32,4,42,0,1,3,1
166,4,3018219238,0,0,0,0,0,1,31,1,36,6,1,4,1
166,5,1876838807,0,1,0,0,2,1,30,4,36,6,1,5,1
166,6,687840363,0,2,0,0,2,1,32,0,25,17,0,5,2
166,7,2499264430,0,3,0,0,2,1,30,5,40,2,1,6,2
166,8,3457749634,0,0,0,0,3,0,32,5,29,13,0,7,2
167,0,4081814939,0,0,0,0,0,1,32,0,30,12,0,0,1
167,1,2892816495,0,1,0,0,0,1,31,4,34,8,1,1,1
167,2,2556756914,0,2,0,0,1,0,31,6,9,33,1,1,2
167,3,3562860131,0,3,0,0,3,0,32,0,6,36,1,1,3
167,4,226378039,0,0,0,0,0,1,31,5,41,1,1,2,3
167,5,2037802106,0,1,0,0,0,1,31,0,28,14,0,2,4
167,6,2996287310,0,2,0,0,0,1,30,5,29,13,0,2,5
167,7,1854906879,0,3,0,0,2,1,31,3,26,16,0,2,6
167,8,665908435,0,0,0,0,2,1,30,4,22,20,0,2,7
168,0,2514714402,0,0,0,0,3,0,31,4,20,22,0,1,0
168,1,1373333971,0,1,0,0,1,0,31,4,13,29,0,2,0
168,2,184335527,0,2,0,0,2,1,31,1,19,23,0,2,1
168,3,4143243242,0,3,0,0,2,1,30,0,31,11,1,3,1
168,4,2954244798,0,0,0,0,0,1,33,5,42,0,1,4,1
168,5,2618185217,0,1,0,0,2,1,30,1,20,22,0,4,2
168,6,623865923,0,2,0,0,1,0,32,5,14,28,0,5,2
168,7,287806342,0,3,0,0,2,1,31,4,35,7,1,6,2
168,8,4246714057,0,0,0,0,3,0,30,4,20,22,0,7,2
169,0,2354857000,0,0,0,0,3,0,30,5,25,17,0,1,0
169,1,3412681091,0,1,0,0,3,0,31,4,8,34,1,1,1
169,2,24478125,0,2,0,0,1,0,31,1,11,31,1,1,2
169,3,1082302216,0,3,0,0,3,0,30,2,18,24,0,2,2
169,4,746242635,0,0,0,0,3,0,31,1,17,25,0,3,2
169,5,2458327815,0,1,0,0,2,1,30,1,35,7,1,4,2
169,6,464008521,0,2,0,0,2,1,31,6,30,12,0,4,3
169,7,127948940,0,3,0,0,1,0,31,5,11,31,1,4,4
169,8,2853311161,0,1,1,0,2,1,30,3,8,34,0,4,5
169,9,849713450,0,2,0,0,1,0,31,4,2,40,1,4,6
169,10,903538917,0,3,0,0,1,0,30,1,11,31,1,4,7
170,0,3034578998,0,0,0,0,0,1,32,1,40,2,1,1,0
170,1,3187743352,0,1,0,0,0,1,30,4,34,8,1,2,0
170,2,2851683771,0,2,0,0,2,1,31,0,19,23,0,2,1
170,3,368140542,0,3,0,0,1,0,30,4,1,41,1,2,2
170,4,1326625746,0,0,0,0,0,1,31,1,30,12,0,2,3
170,5,2332728963,0,1,0,0,1,0,31,0,7,35,1,2,4
170,6,3291214167,0,2,0,0,2,1,32,6,35,7,1,3,4
170,7,807670938,0,3,0,0,2,1,31,6,36,6,1,4,4
170,8,471611357,0,0,0,0,2,1,31,1,23,19,0,4,5
170,9,2772259359,0,1,0,0,1,0,31,6,2,40,1,4,6
170,10,2436199778,0,2,0,0,1,0,31,2,17,25,0,5,6
170,11,1247201334,0,3,0,0,0,1,30,5,41,1,1,6,6
170,12,911141753,0,0,0,0,3,0,30,6,9,33,1,6,7
171,0,143398912,0,0,0,0,1,0,30,6,1,41,1,0,1
171,1,3249367764,0,1,0,0,1,0,32,4,19,23,0,1,1
171,2,2107987333,0,2,0,0,3,0,30,4,11,31,1,1,2
171,3,3919411400,0,3,0,0,2,1,31,6,40,2,1,2,2
171,4,582929308,0,0,0,0,0,1,32,5,42,0,1,3,2
171,5,2394353375,0,1,0,0,1,0,30,9,12,30,1,3,3
171,6,1304693818,0,2,0,0,1,0,32,1,23,19,0,4,3
171,7,63974500,0,3,0,0,3,0,30,9,28,14,0,5,3
171,8,1022459704,0,0,0,0,0,1,32,2,42,0,1,6,3
171,9,2833883771,0,1,0,0,0,1,31,4,20,22,0,6,4
171,10,2497824190,0,2,0,0,1,0,31,5,0,42,1,6,5
171,11,2650988544,0,3,0,0,3,0,31,4,1,41,1,6,6
171,12,167445315,0,0,0,0,3,0,31,0,24,18,0,7,6
172,0,1646525009,0,0,0,0,3,0,31,1,39,3,0,1,0
172,1,457526565,0,1,0,0,1,0,31,4,17,25,0,2,0
172,2,121466984,0,2,0,0,3,0,30,1,8,34,1,2,1
172,3,1932891051,0,3,0,0,3,0,31,0,28,14,0,3,1
172,4,2086055405,0,0,0,0,3,0,31,4,24,18,0,4,1
172,5,3897479472,0,1,0,0,0,1,31,4,14,28,0,4,2
172,6,560997380,0,2,0,0,2,1,31,3,42,0,1,5,2
172,7,2372421447,0,3,0,0,3,0,31,5,2,40,1,5,3
172,8,2525585801,0,0,0,0,3,0,31,5,13,29,0,6,3
172,9,42042572,0,1,0,0,1,0,31,5,7,35,1,6,4
172,10,4000950287,0,2,0,0,2,1,32,3,41,1,1,7,4
173,0,663263508,0,0,0,0,2,1,31,2,42,0,1,1,0
173,1,3769232360,0,1,0,0,1,0,32,3,11,31,0,2,0
173,2,2627851929,0,2,0,0,1,0,31,2,34,8,0,3,0
173,3,1438853485,0,3,0,0,3,0,31,5,13,29,0,4,0
173,4,1102793904,0,0,0,0,3,0,31,0,1,41,1,4,1
173,5,766734323,0,1,0,0,0,1,32,3,40,2,1,5,1
173,6,3067382325,0,2,0,0,1,0,31,4,12,30,0,6,1
173,7,2731322744,0,3,0,0,1,0,31,0,12,30,0,7,1
174,0,4214534366,0,0,0,0,0,1,32,5,39,3,1,1,0
174,1,977391161,0,1,0,0,0,1,31,1,24,18,0,1,1
174,2,641331580,0,2,0,0,2,1,31,4,29,13,0,1,2
174,3,2941979582,0,3,0,0,1,0,31,1,11,31,1,1,3
174,4,2605920001,0,0,0,0,0,1,33,3,31,11,0,1,4
174,5,23037885,0,1,0,0,3,0,31,1,17,25,0,2,4
174,6,1080861976,0,2,0,0,0,1,31,1,25,17,0,2,5
174,7,1987626306,0,3,0,0,3,0,31,9,6,36,1,2,6
174,8,3045450397,0,0,0,0,0,1,30,1,31,11,1,3,6
174,9,2709390816,0,1,0,0,1,0,31,4,7,35,1,3,7
175,0,599289068,0,0,0,0,2,1,31,4,20,22,0,0,1
175,1,1557774272,0,1,0,0,3,0,31,1,1,41,1,0,2
175,2,416393841,0,2,0,0,0,1,31,5,23,19,0,0,3
175,3,2227817908,0,3,0,0,3,0,32,5,1,41,1,0,4
175,4,3186303112,0,0,0,0,2,1,31,4,41,1,1,1,4
175,5,702759883,0,1,0,0,0,1,31,0,19,23,0,1,5
175,6,855924237,0,2,0,0,3,0,30,9,8,34,1,1,6
175,7,2667348304,0,3,0,0,2,1,30,9,41,1,1,2,6
175,8,2331288723,0,0,0,0,3,0,30,1,18,24,0,3,6
175,9,1142290279,0,1,0,0,1,0,30,1,27,15,0,4,6
175,10,909848,0,2,0,0,2,1,31,1,34,8,1,5,6
175,11,3106878700,0,3,0,0,3,0,31,4,11,31,1,5,7
176,0,2003076278,0,0,0,0,3,0,31,0,13,29,0,1,0
176,1,3060900369,0,1,0,0,0,1,31,3,29,13,0,1,1
176,2,478018253,0,2,0,0,1,0,31,1,16,26,0,2,1
176,3,2289442320,0,3,0,0,2,1,32,4,40,2,1,3,1
176,4,2442606674,0,0,0,0,2,1,31,2,42,0,1,4,1
176,5,4254030741,0,1,0,0,1,0,32,6,13,29,0,5,1
176,6,3164371184,0,2,0,0,2,1,30,2,42,0,1,6,1
176,7,2728972716,0,3,0,0,1,0,31,3,18,24,0,7,1
177,0,3266637312,0,0,0,0,3,0,31,4,11,31,1,0,1
177,1,1272318018,0,1,0,0,1,0,32,0,22,20,0,1,1
177,2,2984403198,0,2,0,0,2,1,31,4,25,17,0,1,2
177,3,2648343617,0,3,0,0,2,1,31,9,34,8,1,2,2
177,4,3706167708,0,0,0,0,3,0,31,4,13,29,0,3,2
177,5,1222624479,0,1,0,0,1,0,31,4,13,29,0,4,2
177,6,1375788833,0,2,0,0,1,0,30,6,0,42,1,4,3
177,7,3087874013,0,3,0,0,3,0,31,3,6,36,1,4,4
177,8,4145698104,0,0,0,0,0,1,31,3,18,24,0,4,5
177,9,3809638523,0,1,0,0,1,0,32,5,22,20,0,5,5
177,10,2568919205,0,2,0,0,0,1,31,1,20,22,0,5,6
177,11,1479259648,0,3,0,0,2,1,31,0,41,1,1,6,6
177,12,1043861180,0,0,0,0,0,1,30,0,34,8,1,7,6
178,0,2522940874,0,0,0,0,0,1,31,6,30,12,0,0,1
178,1,1333942430,0,1,0,0,3,0,30,3,33,9,0,1,1
178,2,997882849,0,2,0,0,1,0,31,0,1,41,1,1,2
178,3,3298530851,0,3,0,0,0,1,30,1,20,22,0,1,3
178,4,2962471270,0,0,0,0,0,1,31,5,30,12,0,1,4
178,5,2626411689,0,1,0,0,0,1,31,3,31,11,1,2,4
178,6,1437413245,0,2,0,0,2,1,31,1,35,7,1,3,4
178,7,296032814,0,3,0,0,2,1,30,3,24,18,0,3,5
178,8,3402001666,0,0,0,0,0,1,31,3,31,11,1,4,5
178,9,3065942085,0,1,0,0,3,0,30,3,7,35,1,4,6
178,10,582398856,0,2,0,0,2,1,31,3,29,13,0,4,7
179,0,4026066971,0,0,0,0,2,1,30,2,36,6,1,1,0
179,1,2837068527,0,1,0,0,1,0,31,4,7,35,1,1,1
179,2,2501008946,0,2,0,0,3,0,30,4,7,35,1,1,2
179,3,1312010502,0,3,0,0,3,0,31,3,6,36,1,1,3
179,4,170630071,0,0,0,0,2,1,30,2,30,12,1,2,3
179,5,4129537786,0,1,0,0,3,0,30,1,18,24,0,3,3
179,6,2940539342,0,2,0,0,2,1,31,2,2,40,0,3,4
179,7,2604479761,0,3,0,0,2,1,31,2,35,7,1,4,4
179,8,1415481317,0,0,0,0,3,0,30,3,25,17,0,5,4
179,9,274100886,0,1,0,0,1,0,31,4,7,35,1,5,5
179,10,3380069738,0,2,0,0,2,1,31,0,42,0,1,6,5
179,11,3044010157,0,3,0,0,2,1,31,4,35,7,1,7,5
180,0,2458966434,0,0,0,0,3,0,31,2,35,7,0,1,0
180,1,3417451638,0,1,0,0,0,1,30,4,41,1,1,2,0
180,2,933908409,0,2,0,0,0,1,31,0,26,16,0,2,1
180,3,4087495274,0,3,0,0,3,0,31,2,1,41,1,2,2
180,4,751013182,0,0,0,0,3,0,31,2,13,29,0,3,2
180,5,2562437249,0,1,0,0,1,0,31,1,18,24,0,4,2
180,6,1373438805,0,2,0,0,1,0,31,1,30,12,0,5,2
180,7,232058374,0,3,0,0,2,1,31,5,31,11,1,6,2
180,8,4190966089,0,0,0,0,3,0,31,0,22,20,0,7,2
181,0,472446085,0,0,0,0,1,0,30,5,18,24,0,1,0
181,1,625610439,0,1,0,0,1,0,31,4,13,29,0,2,0
181,2,2337695619,0,2,0,0,2,1,30,5,35,7,1,3,0
181,3,4149119686,0,3,0,0,3,0,33,5,0,42,1,3,1
181,4,911976481,0,0,0,0,3,0,31,1,17,25,0,4,1
181,5,1818740811,0,1,0,0,0,1,31,6,35,7,1,5,1
181,6,729081254,0,2,0,0,2,1,32,6,41,1,1,6,1
181,7,293682786,0,3,0,0,3,0,31,1,12,30,0,7,1
182,0,831347382,0,0,0,0,3,0,31,3,6,36,1,0,1
182,1,3937316234,0,1,0,0,0,1,31,4,41,1,1,1,1
182,2,3601256653,0,2,0,0,2,1,30,3,24,18,0,1,2
182,3,213053687,0,3,0,0,1,0,31,1,35,7,0,2,2
182,4,1270877778,0,0,0,0,0,1,31,0,24,18,0,2,3
182,5,3082301845,0,1,0,0,0,1,31,2,35,7,1,3,3
182,6,4040787049,0,2,0,0,1,0,30,5,19,23,0,4,3
182,7,2899406618,0,3,0,0,3,0,31,4,0,42,1,4,4
182,8,1710408174,0,0,0,0,3,0,31,2,0,42,1,4,5
182,9,1374348593,0,1,0,0,0,1,32,2,23,19,0,4,6
182,10,3185772660,0,2,0,0,2,1,31,5,35,7,1,5,6
182,11,3338937014,0,3,0,0,2,1,31,4,42,0,1,6,6
182,12,855393785,0,0,0,0,0,1,31,5,40,2,1,7,6
183,0,87650944,0,0,0,0,2,1,30,4,41,1,1,1,0
183,1,3193619796,0,1,0,0,1,0,31,4,7,35,1,1,1
183,2,2857560215,0,2,0,0,0,1,30,2,40,2,1,2,1
183,3,1668561771,0,3,0,0,3,0,31,6,9,33,1,2,2
183,4,527181340,0,0,0,0,3,0,32,6,6,36,1,2,3
183,5,191121759,0,1,0,0,0,1,31,2,29,13,0,2,4
183,6,3297090611,0,2,0,0,2,1,31,5,41,1,1,3,4
183,7,2961031030,0,3,0,0,2,1,31,6,30,12,0,3,5
183,8,966711736,0,0,0,0,1,0,30,0,23,19,0,4,5
183,9,630652155,0,1,0,0,2,1,30,0,30,12,1,5,5
183,10,2442076222,0,2,0,0,2,1,31,1,29,13,0,5,6
183,11,3400561426,0,3,0,0,2,1,31,4,23,19,0,5,7
184,0,2396097891,0,0,0,0,2,1,30,0,25,17,0,0,1
184,1,401778597,0,1,0,0,0,1,30,0,42,0,1,1,1
184,2,65719016,0,2,0,0,3,0,30,9,24,18,0,2,1
184,3,3171687868,0,3,0,0,1,0,31,4,3,39,1,2,2
184,4,2835628287,0,0,0,0,0,1,32,4,42,0,1,3,2
184,5,2499568706,0,1,0,0,3,0,31,5,3,39,1,3,3
184,6,505249412,0,2,0,0,0,1,31,3,29,13,0,3,4
184,7,169189831,0,3,0,0,2,1,30,6,42,0,1,4,4
184,8,3275158683,0,0,0,0,0,1,31,3,30,12,0,4,5
184,9,2939099102,0,1,0,0,0,1,31,2,35,7,1,5,5
184,10,944779808,0,2,0,0,0,1,31,5,36,6,1,6,5
184,11,608720227,0,3,0,0,2,1,31,5,13,29,0,6,6
184,12,2420144294,0,0,0,0,3,0,32,1,2,40,1,6,7
185,0,23676504,0,0,0,0,3,0,32,3,1,41,1,0,1
185,1,982161708,0,1,0,0,1,0,31,0,11,31,1,0,2
185,2,2793585775,0,2,0,0,2,1,31,4,23,19,0,0,3
185,3,2457526194,0,3,0,0,3,0,32,4,7,35,1,0,4
185,4,2610690548,0,0,0,0,3,0,30,6,7,35,1,0,5
185,5,127147319,0,1,0,0,1,0,32,3,1,41,1,0,6
185,6,3233116171,0,2,0,0,1,0,31,1,7,35,1,0,7
186,0,669139952,0,0,0,0,2,1,30,0,23,19,0,0,1
186,1,822304306,0,1,0,0,0,1,31,1,29,13,0,0,2
186,2,2633728373,0,2,0,0,3,0,30,0,3,39,1,0,3
186,3,3691552464,0,3,0,0,2,1,31,1,31,11,1,1,3
186,4,3355492883,0,0,0,0,0,1,32,2,36,6,1,2,3
186,5,1261834702,0,1,0,0,1,0,31,0,34,8,0,3,3
186,6,3073258769,0,2,0,0,3,0,30,9,12,30,1,3,4
186,7,2737199188,0,3,0,0,2,1,31,4,41,1,1,4,4
186,8,3795023279,0,0,0,0,0,1,32,5,35,7,1,5,4
186,9,406820313,0,1,0,0,2,1,30,6,39,3,1,6,4
186,10,3512789165,0,2,0,0,0,1,30,4,35,7,1,7,4
187,0,2691024748,0,0,0,0,2,1,30,9,42,0,1,1,0
187,1,1502026304,0,1,0,0,0,1,30,9,35,7,1,2,0
187,2,1165966723,0,2,0,0,2,1,32,3,35,7,1,3,0
187,3,2977390790,0,3,0,0,3,0,31,1,6,36,1,3,1
187,4,3130555144,0,0,0,0,1,0,30,1,17,25,0,4,1
187,5,647011915,0,1,0,0,1,0,31,0,7,35,1,4,2
187,6,1605497119,0,2,0,0,3,0,30,3,12,30,1,4,3
187,7,3416921186,0,3,0,0,2,1,31,6,39,3,1,5,3
187,8,3570085540,0,0,0,0,2,1,30,3,36,6,1,6,3
187,9,3234025959,0,1,0,0,1,0,31,0,19,23,0,7,3
188,0,2752649160,0,0,0,0,2,1,31,5,41,1,1,1,0
188,1,758329866,0,1,0,0,0,1,31,1,36,6,1,2,0
188,2,422270285,0,2,0,0,2,1,31,0,41,1,1,3,0
188,3,3528239137,0,3,0,0,1,0,31,6,18,24,0,4,0
188,4,3192179556,0,0,0,0,3,0,31,1,7,35,1,4,1
188,5,2050799125,0,1,0,0,3,0,30,3,27,15,0,5,1
188,6,861800681,0,2,0,0,2,1,32,1,24,18,0,5,2
188,7,525741100,0,3,0,0,1,0,31,4,7,35,1,5,3
188,8,3631709952,0,0,0,0,0,1,32,5,25,17,0,5,4
188,9,2490329521,0,1,0,0,1,0,32,2,8,34,1,5,5
188,10,6786292,0,2,0,0,0,1,31,4,28,14,0,5,6
188,11,965271496,0,3,0,0,3,0,31,2,29,13,0,6,6
188,12,2776695563,0,0,0,0,2,1,31,3,41,1,1,7,6
189,0,380227773,0,0,0,0,3,0,31,5,7,35,1,0,1
189,1,44168192,0,1,0,0,3,0,31,4,24,18,0,1,1
189,2,1101992283,0,2,0,0,2,1,32,0,35,7,1,2,1
189,3,765932702,0,3,0,0,3,0,31,1,29,13,0,3,1
189,4,819758169,0,0,0,0,1,0,30,0,33,9,0,4,1
189,5,483698588,0,1,0,0,0,1,32,1,40,2,1,5,1
189,6,1541522679,0,2,0,0,2,1,31,2,29,13,0,5,2
189,7,1205463098,0,3,0,0,2,1,31,9,36,6,1,6,2
189,8,2112227428,0,0,0,0,3,0,31,6,25,17,0,7,2
190,0,3272513756,0,0,0,0,1,0,30,0,6,36,1,0,1
190,1,1278194462,0,1,0,0,0,1,31,6,41,1,1,1,1
190,2,942134881,0,2,0,0,1,0,31,5,25,17,0,2,1
190,3,4048103733,0,3,0,0,1,0,30,4,1,41,1,2,2
190,4,3712044152,0,0,0,0,3,0,31,9,42,0,0,3,2
190,5,2570663721,0,1,0,0,2,1,30,5,25,17,0,3,3
190,6,1381665277,0,2,0,0,2,1,32,6,30,12,0,3,4
190,7,1045605696,0,3,0,0,3,0,31,0,6,36,1,3,5
190,8,4151574548,0,0,0,0,3,0,31,3,7,35,1,3,6
190,9,3010194117,0,1,0,0,2,1,30,5,41,1,1,4,6
190,10,1821195673,0,2,0,0,0,1,31,2,23,19,0,4,7
191,0,480672557,0,0,0,0,3,0,31,1,22,20,0,1,0
191,1,3586641409,0,1,0,0,3,0,31,6,23,19,0,2,0
191,2,198438443,0,2,0,0,2,1,32,4,36,6,1,3,0
191,3,3403746182,0,3,0,0,2,1,32,6,41,1,1,4,0
191,4,920202953,0,0,0,0,0,1,31,0,30,12,0,4,1
191,5,584143372,0,1,0,0,0,1,30,6,36,6,1,5,1
191,6,637968839,0,2,0,0,2,1,32,4,19,23,0,5,2
191,7,301909258,0,3,0,0,3,0,31,5,1,41,1,5,3
191,8,1359733349,0,0,0,0,3,0,30,5,19,23,0,6,3
191,9,1023673768,0,1,0,0,1,0,31,1,13,29,0,7,3
192,0,1061055668,0,0,0,0,1,0,30,1,22,20,0,1,0
192,1,3361703670,0,1,0,0,1,0,31,1,24,18,0,2,0
192,2,3025644089,0,2,0,0,0,1,30,5,31,11,1,3,0
192,3,542100860,0,3,0,0,3,0,31,0,3,39,1,3,1
192,4,1500586064,0,0,0,0,0,1,31,6,41,1,1,4,1
192,5,359205633,0,1,0,0,0,1,32,0,30,12,0,4,2
192,6,3465174485,0,2,0,0,1,0,31,2,28,14,0,5,2
192,7,981631256,0,3,0,0,2,1,31,9,41,1,1,6,2
192,8,1940116460,0,0,0,0,0,1,31,5,23,19,0,6,3
192,9,798736029,0,1,0,0,0,1,30,6,24,18,0,6,4
192,10,2610160096,0,2,0,0,2,1,32,4,33,9,1,7,4
193,0,317359230,0,0,0,0,0,1,32,1,41,1,1,1,0
193,1,1375183321,0,1,0,0,1,0,32,4,17,25,0,2,0
193,2,2281947651,0,2,0,0,1,0,30,0,9,33,1,2,1
193,3,1092949207,0,3,0,0,2,1,30,1,20,22,0,2,2
193,4,756889626,0,0,0,0,2,1,30,3,35,7,1,3,2
193,5,2568313693,0,1,0,0,1,0,31,4,25,17,0,4,2
193,6,1478654136,0,2,0,0,1,0,31,4,23,19,0,5,2
193,7,2385418466,0,3,0,0,1,0,31,1,2,40,1,5,3
193,8,1196420022,0,0,0,0,2,1,31,2,35,7,1,6,3
193,9,3007844089,0,1,0,0,1,0,31,5,3,39,1,6,4
193,10,2671784508,0,2,0,0,2,1,30,0,31,11,1,7,4
194,0,2823744175,0,0,0,0,0,1,32,0,34,8,1,1,0
194,1,3881568266,0,1,0,0,0,1,31,4,39,3,1,2,0
194,2,1298686150,0,2,0,0,0,1,31,0,30,12,0,2,1
194,3,2356510241,0,3,0,0,0,1,30,0,24,18,0,2,2
194,4,3263274571,0,0,0,0,2,1,31,4,22,20,0,2,3
194,5,2927214990,0,1,0,0,0,1,31,3,22,20,0,2,4
194,6,3985039081,0,2,0,0,3,0,30,9,26,16,0,3,4
194,7,3648979500,0,3,0,0,1,0,30,9,6,36,1,3,5
194,8,2459981056,0,0,0,0,3,0,30,2,0,42,1,3,6
194,9,3366745386,0,1,0,0,0,1,31,0,40,2,1,4,6
194,10,129602181,0,2,0,0,0,1,30,6,25,17,0,4,7
195,0,837223826,0,0,0,0,0,1,32,1,36,6,1,1,0
195,1,3943192678,0,1,0,0,2,1,30,4,40,2,1,2,0
195,2,2801812247,0,2,0,0,2,1,32,6,42,0,1,3,0
195,3,1612813803,0,3,0,0,0,1,30,9,40,2,1,4,0
195,4,1276754222,0,0,0,0,0,1,30,0,24,18,0,4,1
195,5,940694641,0,1,0,0,0,1,30,3,41,1,1,5,1
195,6,3241342643,0,2,0,0,2,1,31,0,33,9,1,6,1
195,7,2905283062,0,3,0,0,3,0,31,4,11,31,1,6,2
195,8,1716284618,0,0,0,0,3,0,31,1,17,25,0,7,2
196,0,3565090585,0,0,0,0,2,1,30,2,39,3,1,1,0
196,1,3718254939,0,1,0,0,3,0,31,2,0,42,1,1,1
196,2,3382195358,0,2,0,0,2,1,32,4,30,12,0,1,2
196,3,898652129,0,3,0,0,1,0,30,4,7,35,1,1,3
196,4,1857137333,0,0,0,0,1,0,30,6,30,12,0,2,3
196,5,2863240550,0,1,0,0,1,0,32,2,0,42,1,2,4
196,6,3821725754,0,2,0,0,2,1,31,0,30,12,0,2,5
196,7,1338182525,0,3,0,0,2,1,31,3,41,1,1,3,5
196,8,1916061098,0,1,1,0,1,0,31,4,12,30,0,4,5
196,9,3302770946,0,2,0,0,2,1,32,1,42,0,1,5,5
196,10,2966711365,0,3,0,0,2,1,31,1,36,6,1,6,5
196,11,1777712921,0,0,0,0,0,1,31,5,36,6,1,7,5
197,0,2920733034,0,0,0,0,3,0,32,0,14,28,0,1,0
197,1,1731734590,0,1,0,0,1,0,32,1,0,42,1,1,1
197,2,590354159,0,2,0,0,1,0,31,2,2,40,1,1,2
197,3,2401778226,0,3,0,0,2,1,31,9,42,0,1,2,2
197,4,3360263430,0,0,0,0,0,1,31,4,20,22,0,2,3
197,5,876720201,0,1,0,0,0,1,32,5,36,6,1,3,3
197,6,1029884555,0,2,0,0,2,1,32,4,24,18,0,3,4
197,7,2841308622,0,3,0,0,2,1,31,4,41,1,1,4,4
197,8,3799793826,0,0,0,0,3,0,31,4,18,24,0,5,4
197,9,1316250597,0,1,0,0,1,0,31,4,33,9,0,6,4
197,10,174870166,0,2,0,0,1,0,31,1,18,24,0,7,4
198,0,613391984,0,0,0,0,3,0,31,4,24,18,0,1,0
198,1,1571877188,0,1,0,0,0,1,31,3,18,24,0,1,1
198,2,3383301255,0,2,0,0,2,1,31,6,25,17,0,1,2
198,3,3536465609,0,3,0,0,2,1,31,3,30,12,0,1,3
198,4,1052922380,0,0,0,0,0,1,31,4,25,17,0,1,4
198,5,2011407584,0,1,0,0,3,0,31,5,6,36,1,1,5
198,6,3822831651,0,2,0,0,0,1,31,9,24,18,0,1,6
198,7,2681451220,0,3,0,0,3,0,31,1,12,30,0,2,6
198,8,3639936424,0,0,0,0,3,0,31,2,25,17,0,3,6
198,9,1156393195,0,1,0,0,3,0,31,4,2,40,1,3,7
199,0,3440597630,0,0,0,0,1,0,30,0,24,18,0,1,0
199,1,1446278336,0,1,0,0,0,1,31,1,42,0,1,2,0
199,2,1110218755,0,2,0,0,0,1,30,9,42,0,1,3,0
199,3,4216187607,0,3,0,0,3,0,32,3,12,30,0,4,0
199,4,3880128026,0,0,0,0,2,1,31,6,40,2,1,5,0
199,5,3544068445,0,1,0,0,3,0,30,3,2,40,1,5,1
199,6,1549749151,0,2,0,0,2,1,31,2,29,13,0,5,2
199,7,1213689570,0,3,0,0,2,1,31,4,41,1,1,6,2
199,8,24691126,0,0,0,0,1,0,30,5,13,29,0,7,2
200,0,2696901192,0,0,0,0,2,1,30,9,7,35,0,0,1
200,1,1507902748,0,1,0,0,0,1,31,5,19,23,0,0,2
200,2,1171843167,0,2,0,0,1,0,31,1,7,35,1,0,3
200,3,3472491169,0,3,0,0,2,1,31,4,41,1,1,1,3
200,4,3136431588,0,0,0,0,3,0,31,2,11,31,1,1,4
200,5,2800372007,0,1,0,0,1,0,31,5,22,20,0,2,4
200,6,1611373563,0,2,0,0,1,0,31,5,1,41,1,2,5
200,7,469993132,0,3,0,0,1,0,30,0,7,35,1,2,6
200,8,3575961984,0,0,0,0,1,0,30,0,19,23,0,3,6
200,9,3239902403,0,1,0,0,0,1,31,6,23,19,0,3,7
201,0,1129800655,0,0,0,0,3,0,31,4,41,1,0,1,0
201,1,40141098,0,1,0,0,2,1,30,1,23,19,0,1,1
201,2,946905428,0,2,0,0,1,0,31,6,18,24,0,2,1
201,3,2758329495,0,3,0,0,1,0,30,4,0,42,1,2,2
201,4,3716814699,0,0,0,0,3,0,31,2,11,31,1,2,3
201,5,1233271470,0,1,0,0,2,1,30,9,42,0,1,3,3
201,6,1386435824,0,2,0,0,1,0,31,1,13,29,0,4,3
201,7,3197859891,0,3,0,0,2,1,30,4,30,12,1,5,3
201,8,2108200334,0,0,0,0,3,0,31,0,34,8,0,6,3
201,9,1672801866,0,1,0,0,0,1,31,4,34,8,1,7,3
202,0,3216765788,0,0,0,0,0,1,32,1,42,0,1,1,0
202,1,4175250992,0,1,0,0,3,0,31,4,17,25,0,2,0
202,2,886386913,0,2,0,0,1,0,30,4,20,22,0,3,0
202,3,1844872117,0,3,0,0,0,1,30,4,30,12,1,4,0
202,4,3656296184,0,0,0,0,3,0,32,2,26,16,0,5,0
202,5,319814092,0,1,0,0,1,0,31,3,1,41,1,5,1
202,6,3473400957,0,2,0,0,1,0,31,6,18,24,0,6,1
202,7,989857728,0,3,0,0,3,0,32,3,17,25,0,7,1
203,0,3797148899,0,0,0,0,2,1,30,0,35,7,1,1,0
203,1,1802829605,0,1,0,0,1,0,31,6,17,25,0,2,0
203,2,1466770024,0,2,0,0,2,1,31,4,30,12,0,2,1
203,3,277771580,0,3,0,0,3,0,31,4,0,42,1,2,2
203,4,4236679295,0,0,0,0,0,1,31,3,25,17,0,2,3
203,5,3095298864,0,1,0,0,1,0,31,4,1,41,1,2,4
203,6,1906300420,0,2,0,0,2,1,32,0,24,18,0,2,5
203,7,1570240839,0,3,0,0,1,0,31,1,7,35,1,2,6
203,8,381242395,0,0,0,0,1,0,30,2,22,20,0,3,6
203,9,45182814,0,1,0,0,0,1,31,1,36,6,1,4,6
203,10,1051286031,0,2,0,0,0,1,31,6,41,1,1,5,6
203,11,2009771235,0,3,0,0,0,1,30,1,30,12,1,6,6
203,12,3821195302,0,0,0,0,3,0,31,4,1,41,1,6,7
204,0,1005307700,0,0,0,0,0,1,31,1,40,2,1,1,0
204,1,4111276552,0,1,0,0,0,1,31,0,25,17,0,1,1
204,2,3775216971,0,2,0,0,2,1,32,3,40,2,1,2,1
204,3,1780897677,0,3,0,0,2,1,32,3,24,18,0,2,2
204,4,1444838096,0,0,0,0,0,1,32,4,41,1,1,3,2
204,5,1108778515,0,1,0,0,2,1,30,2,24,18,0,3,3
204,6,4214747367,0,2,0,0,2,1,31,4,38,4,1,4,3
204,7,3073366936,0,3,0,0,2,1,31,1,19,23,0,4,4
204,8,1884368492,0,0,0,0,3,0,31,4,18,24,0,5,4
204,9,1548308911,0,1,0,0,3,0,30,5,17,25,0,6,4
204,10,359310467,0,2,0,0,2,1,31,0,41,1,1,7,4
205,0,261611262,0,0,0,0,2,1,31,3,42,0,1,1,0
205,1,3367580114,0,1,0,0,1,0,31,3,13,29,0,2,0
205,2,3031520533,0,2,0,0,2,1,31,3,15,27,0,2,1
205,3,1842522089,0,3,0,0,2,1,30,3,25,17,0,2,2
205,4,701141658,0,0,0,0,3,0,30,4,8,34,1,2,3
205,5,365082077,0,1,0,0,0,1,31,4,29,13,0,2,4
205,6,3471050929,0,2,0,0,1,0,32,5,22,20,0,3,4
205,7,3134991348,0,3,0,0,3,0,32,0,6,36,1,3,5
205,8,1140672054,0,0,0,0,0,1,31,1,36,6,1,4,5
205,9,804612473,0,1,0,0,3,0,30,2,19,23,0,5,5
205,10,3910581325,0,2,0,0,2,1,31,3,40,2,1,6,5
205,11,3574521744,0,3,0,0,3,0,31,4,6,36,1,6,6
205,12,2433141313,0,0,0,0,0,1,31,3,30,12,0,6,7
206,0,2989478021,0,0,0,0,1,0,30,1,29,13,0,1,0
206,1,1899818464,0,1,0,0,1,0,31,2,0,42,1,1,1
206,2,3711242531,0,2,0,0,0,1,31,5,42,0,1,2,1
206,3,323039565,0,3,0,0,2,1,30,1,25,17,0,2,2
206,4,1281524769,0,0,0,0,2,1,31,5,32,10,1,3,2
206,5,3092948836,0,1,0,0,1,0,30,6,2,40,1,3,3
206,6,4150772927,0,2,0,0,2,1,31,6,16,26,0,3,4
206,7,762569961,0,3,0,0,3,0,30,2,40,2,0,4,4
206,8,3967877700,0,0,0,0,3,0,31,5,7,35,1,4,5
206,9,3532479232,0,1,0,0,1,0,32,3,8,34,1,4,6
206,10,3196419651,0,2,0,0,2,1,31,3,41,1,1,5,6
206,11,1202100357,0,3,0,0,3,0,32,4,12,30,0,6,6
206,12,866040776,0,0,0,0,3,0,31,3,11,31,1,6,7
207,0,301530340,0,1,1,0,1,0,31,2,0,42,1,0,1
207,1,1739961062,0,2,0,0,2,1,32,0,41,1,1,1,1
207,2,3551385129,0,3,0,0,3,0,31,2,1,41,1,1,2
207,3,2362386685,0,0,0,0,0,1,32,4,35,7,1,2,2
207,4,1221006254,0,1,0,0,0,1,31,3,36,6,1,3,2
207,5,2179491458,0,2,0,0,1,0,31,4,1,41,1,3,3
207,6,3990915525,0,3,0,0,1,0,30,1,17,25,0,4,3
207,7,3654855944,0,0,0,0,0,1,33,0,8,34,0,4,4
207,8,1660536650,0,1,0,0,1,0,31,3,17,25,0,5,4
207,9,1324477069,0,2,0,0,1,0,31,4,25,17,0,6,4
207,10,135478625,0,3,0,0,3,0,31,3,17,25,0,7,4
208,0,1361858969,0,0,0,0,3,0,31,4,7,35,1,0,1
208,1,172860525,0,1,0,0,3,0,30,1,2,40,1,0,2
208,2,3326447390,0,2,0,0,1,0,31,5,1,41,1,0,3
208,3,2990387809,0,3,0,0,2,1,31,1,25,17,0,0,4
208,4,1801389365,0,0,0,0,1,0,30,2,6,36,1,0,5
208,5,3612813432,0,1,0,0,3,0,31,4,18,24,0,1,5
208,6,276331340,0,2,0,0,1,0,31,2,7,35,1,1,6
208,7,3429918205,0,3,0,0,2,1,31,6,42,0,1,2,6
208,8,2240919761,0,0,0,0,0,1,30,1,41,1,1,3,6
208,9,1904860180,0,1,0,0,3,0,31,1,6,36,1,3,7
209,0,2864985066,0,0,0,0,2,1,31,5,25,17,0,0,1
209,1,1675986622,0,1,0,0,0,1,32,2,41,1,1,1,1
209,2,1339927041,0,2,0,0,1,0,31,5,17,25,0,2,1
209,3,150928597,0,3,0,0,2,1,31,1,33,9,1,3,1
209,4,3304515462,0,0,0,0,2,1,31,3,31,11,1,4,1
209,5,2968455881,0,1,0,0,1,0,30,4,18,24,0,5,1
209,6,1779457437,0,2,0,0,1,0,32,4,17,25,0,6,1
209,7,1443397856,0,3,0,0,2,1,31,4,42,0,1,7,1
210,0,2926609478,0,0,0,0,0,1,31,5,25,17,0,0,1
210,1,932290184,0,1,0,0,1,0,31,5,14,28,0,1,1
210,2,596230603,0,2,0,0,2,1,31,0,35,7,1,2,1
210,3,3702199455,0,3,0,0,2,1,31,3,25,17,0,2,2
210,4,3366139874,0,0,0,0,0,1,31,3,25,17,0,2,3
210,5,2224759443,0,1,0,0,1,0,33,4,1,41,1,2,4
210,6,1035760999,0,2,0,0,1,0,31,4,25,17,0,3,4
210,7,699701418,0,3,0,0,2,1,31,5,25,17,0,3,5
210,8,3805670270,0,0,0,0,3,0,31,0,3,39,1,3,6
210,9,3469610689,0,1,0,0,0,1,32,5,35,7,1,4,6
210,10,1475291395,0,2,0,0,1,0,32,4,9,33,1,4,7
211,0,1138027127,0,0,0,0,3,0,31,1,19,23,0,1,0
211,1,2195851218,0,1,0,0,2,1,30,6,28,14,0,1,1
211,2,1859791637,0,2,0,0,1,0,31,5,0,42,1,1,2
211,3,4061100752,0,3,0,0,2,1,31,3,41,1,1,2,2
211,4,1577557523,0,0,0,0,3,0,30,1,0,42,1,2,3
211,5,1241497942,0,1,0,0,3,0,31,5,16,26,0,3,3
211,6,2299322033,0,2,0,0,1,0,32,6,6,36,1,3,4
211,7,3206086363,0,3,0,0,3,0,30,0,18,24,0,4,4
211,8,2017087919,0,0,0,0,2,1,31,1,42,0,1,5,4
211,9,1681028338,0,1,0,0,1,0,30,0,14,28,0,6,4
211,10,2738852429,0,2,0,0,2,1,31,5,36,6,1,7,4
212,0,3446474074,0,0,0,0,2,1,30,1,19,23,0,0,1
212,1,3599638428,0,1,0,0,1,0,31,4,1,41,1,0,2
212,2,1116095199,0,2,0,0,1,0,31,6,7,35,1,0,3
212,3,2074580403,0,3,0,0,2,1,31,4,24,18,0,0,4
212,4,3886004470,0,0,0,0,0,1,31,6,42,0,1,1,4
212,5,4039168824,0,1,0,0,1,0,31,0,33,9,0,2,4
212,6,1555625595,0,2,0,0,0,1,30,2,41,1,1,3,4
212,7,1219566014,0,3,0,0,1,0,30,0,18,24,0,4,4
212,8,30567570,0,0,0,0,2,1,30,2,42,0,1,5,4
212,9,3184154435,0,1,0,0,2,1,30,2,36,6,1,6,4
212,10,1995155991,0,2,0,0,1,0,31,9,17,25,0,7,4
213,0,3221536335,0,0,0,0,0,1,31,4,22,20,0,0,1
213,1,2032537891,0,1,0,0,1,0,31,3,27,15,0,1,1
213,2,1696478310,0,2,0,0,1,0,31,0,18,24,0,2,1
213,3,3507902377,0,3,0,0,0,1,30,3,8,34,0,2,2
213,4,3661066731,0,0,0,0,2,1,31,5,36,6,1,3,2
213,5,3325007150,0,1,0,0,2,1,30,0,31,11,1,4,2
213,6,2136008706,0,2,0,0,1,0,31,1,20,22,0,5,2
213,7,3947432773,0,3,0,0,2,1,31,4,31,11,1,6,2
213,8,4100597127,0,0,0,0,0,1,31,1,40,2,1,7,2
214,0,1235015986,0,0,0,0,0,1,31,6,34,8,1,1,0
214,1,3535663988,0,1,0,0,3,0,31,1,23,19,0,2,0
214,2,3199604407,0,2,0,0,1,0,30,4,1,41,1,2,1
214,3,2010605963,0,3,0,0,3,0,32,1,17,25,0,3,1
214,4,1674546382,0,0,0,0,1,0,30,9,1,41,1,3,2
214,5,533165951,0,1,0,0,1,0,31,1,0,42,1,3,3
214,6,3639134803,0,2,0,0,1,0,31,2,0,42,1,3,4
214,7,3303075222,0,3,0,0,2,1,31,0,35,7,1,4,4
214,8,2114076778,0,0,0,0,0,1,30,2,41,1,1,5,4
214,9,972696347,0,1,0,0,1,0,32,3,6,36,1,5,5
214,10,2784120414,0,2,0,0,1,0,32,6,18,24,0,6,5
214,11,3742605618,0,3,0,0,2,1,31,6,29,13,0,6,6
214,12,1259062389,0,0,0,0,2,1,30,1,42,0,1,7,6
215,0,3741400931,0,0,0,0,3,0,30,4,24,18,0,1,0
215,1,2552402487,0,1,0,0,1,0,31,3,0,42,1,1,1
215,2,2216342906,0,2,0,0,1,0,31,9,0,42,1,1,2
215,3,222023612,0,3,0,0,3,0,32,4,1,41,1,1,3
215,4,4180931327,0,0,0,0,0,1,31,3,24,18,0,1,4
215,5,3844871746,0,1,0,0,0,1,32,1,35,7,1,2,4
215,6,2655873302,0,2,0,0,2,1,32,5,39,3,1,3,4
215,7,1514492871,0,3,0,0,2,1,31,1,31,11,1,4,4
215,8,325494427,0,0,0,0,3,0,32,6,17,25,0,5,4
215,9,4284402142,0,1,0,0,1,0,32,2,0,42,1,5,5
215,10,3095403698,0,2,0,0,1,0,32,4,19,23,0,6,5
215,11,1954023267,0,3,0,0,2,1,31,3,41,1,1,7,5
216,0,2997704493,0,0,0,0,1,0,30,6,14,28,0,1,0
216,1,4055528584,0,1,0,0,0,1,31,1,40,2,1,2,0
216,2,3719469003,0,2,0,0,2,1,31,4,33,9,1,3,0
216,3,2530470559,0,3,0,0,3,0,31,1,8,34,1,3,1
216,4,3437234889,0,0,0,0,3,0,31,3,24,18,0,4,1
216,5,3101175308,0,1,0,0,3,0,31,5,25,17,0,5,1
216,6,4158999399,0,2,0,0,0,1,30,6,42,0,1,6,1
216,7,3822939818,0,3,0,0,3,0,30,3,13,29,0,7,1
217,0,1011184144,0,0,0,0,0,1,30,0,25,17,0,0,1
217,1,4117152996,0,1,0,0,3,0,31,2,0,42,1,0,2
217,2,2975772565,0,2,0,0,0,1,31,1,25,17,0,0,3
217,3,3934257769,0,3,0,0,2,1,30,9,36,6,1,1,3
217,4,1450714540,0,0,0,0,2,1,31,5,30,12,0,1,4
217,5,261716096,0,1,0,0,1,0,32,4,2,40,1,1,5
217,6,3415302961,0,2,0,0,0,1,31,3,24,18,0,1,6
217,7,3079243380,0,3,0,0,2,1,30,1,24,18,0,1,7
218,0,1591567255,0,0,0,0,0,1,31,0,36,6,1,1,0
218,1,3892215257,0,1,0,0,1,0,32,4,12,30,0,2,0
218,2,3556155676,0,2,0,0,2,1,31,0,26,16,0,2,1
218,3,1072612447,0,3,0,0,3,0,31,3,12,30,0,3,1
218,4,2031097651,0,0,0,0,2,1,31,4,30,12,0,3,2
218,5,889717220,0,1,0,0,0,1,32,4,25,17,0,3,3
218,6,3995686072,0,2,0,0,1,0,30,6,17,25,0,4,3
218,7,1512142843,0,3,0,0,2,1,31,1,30,12,0,4,4
218,8,422483286,0,0,0,0,3,0,31,4,0,42,1,4,5
218,9,1329247616,0,1,0,0,3,0,31,1,3,39,1,4,6
218,10,3140671683,0,2,0,0,2,1,30,4,35,7,1,5,6
218,11,1951673239,0,3,0,0,1,0,30,0,16,26,0,6,6
218,12,1615613658,0,0,0,0,0,1,31,2,30,12,0,6,7
219,0,2825593525,0,0,0,0,0,1,32,4,35,7,1,1,0
219,1,1684213094,0,1,0,0,1,0,30,2,0,42,1,1,1
219,2,1348153513,0,2,0,0,0,1,31,9,18,24,0,1,2
219,3,159155069,0,3,0,0,0,1,30,6,36,6,1,2,2
219,4,1970579136,0,0,0,0,1,0,30,0,19,23,0,3,2
219,5,2123743490,0,1,0,0,0,1,31,6,41,1,1,4,2
219,6,1787683909,0,2,0,0,3,0,30,4,12,30,1,4,3
219,7,3599107976,0,3,0,0,3,0,31,0,12,30,0,5,3
219,8,262625884,0,0,0,0,0,1,31,3,41,1,1,6,3
219,9,1268729101,0,1,0,0,1,0,32,5,7,35,1,6,4
219,10,2227214305,0,2,0,0,1,0,31,4,18,24,0,7,4
220,0,1306111001,0,0,0,0,3,0,31,6,7,35,1,0,1
220,1,117112557,0,1,0,0,3,0,30,5,11,31,1,0,2
220,2,4076020272,0,2,0,0,1,0,32,3,27,15,0,1,2
220,3,2887021828,0,3,0,0,3,0,32,1,6,36,1,1,3
220,4,1745641397,0,0,0,0,0,1,31,6,42,0,1,2,3
220,5,1409581816,0,1,0,0,1,0,31,6,13,29,0,3,3
220,6,220583372,0,2,0,0,1,0,31,2,2,40,1,3,4
220,7,4179491087,0,3,0,0,3,0,32,2,23,19,0,4,4
220,8,2185171793,0,0,0,0,0,1,31,5,36,6,1,5,4
220,9,1849112212,0,1,0,0,0,1,32,6,35,7,1,6,4
220,10,660113768,0,2,0,0,1,0,84,6,0,42,1,6,6
220,11,324054187,0,3,0,0,1,0,30,5,13,29,0,7,6
221,0,3614557948,0,0,0,0,0,1,31,0,25,17,0,0,1
221,1,1620238654,0,1,0,0,2,1,30,4,41,1,1,1,1
221,2,1284179073,0,2,0,0,2,1,31,6,34,8,1,2,1
221,3,95180629,0,3,0,0,3,0,31,0,11,31,1,2,2
221,4,4054088344,0,0,0,0,0,1,31,3,34,8,1,3,2
221,5,3718028763,0,1,0,0,0,1,31,1,42,0,1,4,2
221,6,1723709469,0,2,0,0,2,1,30,2,41,1,1,5,2
221,7,1387649888,0,3,0,0,2,1,31,9,41,1,1,6,2
221,8,198651444,0,0,0,0,0,1,31,6,17,25,0,6,3
221,9,4157559159,0,1,0,0,0,1,31,4,20,22,0,6,4
221,10,2163239865,0,2,0,0,0,1,31,4,41,1,1,7,4
222,0,3389620209,0,0,0,0,3,0,31,5,2,40,1,0,1
222,1,2200621765,0,1,0,0,2,1,30,4,31,11,1,1,1
222,2,1864562184,0,2,0,0,1,0,32,6,25,17,0,2,1
222,3,3675986251,0,3,0,0,3,0,30,5,18,24,0,3,1
222,4,339504159,0,0,0,0,0,1,32,3,36,6,1,4,1
222,5,1345607376,0,1,0,0,1,0,31,3,12,30,0,5,1
222,6,2304092580,0,2,0,0,1,0,31,1,24,18,0,6,1
222,7,4115516647,0,3,0,0,1,0,30,3,27,15,0,7,1
223,0,1887600009,0,0,0,0,3,0,30,2,18,24,0,1,0
223,1,2040764363,0,1,0,0,2,1,30,1,30,12,1,2,0
223,2,3852188430,0,2,0,0,1,0,31,1,17,25,0,3,0
223,3,515706338,0,3,0,0,2,1,31,1,25,17,0,3,1
223,4,2327130405,0,0,0,0,2,1,31,5,24,18,0,3,2
223,5,2480294759,0,1,0,0,1,0,31,6,29,13,0,4,2
223,6,4291718826,0,2,0,0,2,1,31,6,34,8,1,5,2
223,7,3955659245,0,3,0,0,3,0,31,3,22,20,0,6,2
223,8,2766660801,0,0,0,0,0,1,31,9,0,42,0,6,3
223,9,1625280370,0,1,0,0,2,1,30,9,34,8,1,7,3
224,0,390303595,0,0,0,0,3,0,32,6,17,25,0,1,0
224,1,54244014,0,1,0,0,1,0,30,0,19,23,0,2,0
224,2,3207830879,0,2,0,0,0,1,31,0,31,11,1,3,0
224,3,2018832435,0,3,0,0,0,1,30,6,34,8,1,4,0
224,4,3830256502,0,0,0,0,3,0,30,2,14,28,0,5,0
224,5,493774410,0,1,0,0,1,0,32,5,25,17,0,6,0
224,6,2305198477,0,2,0,0,3,0,30,6,22,20,0,7,0
225,0,3971109217,0,0,0,0,3,0,31,5,7,35,1,0,1
225,1,1976789923,0,1,0,0,1,0,32,5,7,35,1,0,2
225,2,1640730342,0,2,0,0,2,1,31,4,28,14,0,0,3
225,3,451731898,0,3,0,0,3,0,33,3,27,15,0,1,3
225,4,115672317,0,0,0,0,0,1,32,9,31,11,0,1,4
225,5,3269259182,0,1,0,0,1,0,31,2,11,31,1,1,5
225,6,2080260738,0,2,0,0,2,1,31,4,35,7,1,2,5
225,7,1744201157,0,3,0,0,2,1,31,3,28,14,0,2,6
225,8,555202713,0,0,0,0,0,1,30,2,36,6,1,3,6
225,9,219143132,0,1,0,0,0,1,31,3,42,0,1,4,6
225,10,2519791134,0,2,0,0,2,1,31,1,12,30,0,4,7
226,0,1179268018,0,0,0,0,2,1,31,9,29,13,0,0,1
226,1,4285236870,0,1,0,0,1,0,30,4,35,7,0,1,1
226,2,3949177289,0,2,0,0,1,0,32,4,19,23,0,2,1
226,3,1954857995,0,3,0,0,3,0,31,4,17,25,0,3,1
226,4,1618798414,0,0,0,0,0,1,31,0,20,22,0,3,2
226,5,1282738833,0,1,0,0,1,0,31,3,16,26,0,4,2
226,6,93740389,0,2,0,0,1,0,31,0,12,30,0,5,2
226,7,3247327254,0,3,0,0,2,1,31,5,23,19,0,5,3
226,8,3725866940,0,1,1,0,0,1,30,3,35,7,1,6,3
226,9,1722269229,0,2,0,0,2,1,32,5,42,0,1,7,3
227,0,3907134777,0,0,0,0,3,0,31,4,14,28,0,1,0
227,1,570652685,0,1,0,0,0,1,31,4,35,7,1,2,0
227,2,3724239550,0,2,0,0,3,0,30,3,2,40,1,2,1
227,3,1240696321,0,3,0,0,3,0,31,9,0,42,1,2,2
227,4,2199181525,0,0,0,0,3,0,31,3,28,14,0,3,2
227,5,4010605592,0,1,0,0,1,0,31,3,40,2,0,4,2
227,6,4163769946,0,2,0,0,1,0,31,1,0,42,1,4,3
227,7,1680226717,0,3,0,0,3,0,31,6,0,42,1,4,4
227,8,2638711921,0,0,0,0,3,0,32,5,8,34,1,4,5
227,9,155168692,0,1,0,0,2,1,30,4,30,12,1,5,5
227,10,3308755557,0,2,0,0,1,0,32,4,6,36,1,5,6
227,11,2119757113,0,3,0,0,3,0,31,1,36,6,0,6,6
227,12,1783697532,0,0,0,0,1,0,30,6,6,36,1,6,7
228,0,3747277375,0,0,0,0,1,0,30,6,2,40,1,0,1
228,1,2657617818,0,1,0,0,2,1,30,6,29,13,0,0,2
228,2,1416898500,0,2,0,0,1,0,31,3,12,30,0,1,2
228,3,2375383704,0,3,0,0,3,0,31,2,17,25,0,2,2
228,4,4186807771,0,0,0,0,2,1,31,4,40,2,1,3,2
228,5,3097148214,0,1,0,0,2,1,30,6,42,0,1,4,2
228,6,4003912544,0,2,0,0,1,0,32,5,7,35,1,4,3
228,7,1520369315,0,3,0,0,3,0,32,4,13,29,0,5,3
228,8,331370871,0,0,0,0,0,1,30,6,31,11,1,6,3
228,9,4290278586,0,1,0,0,0,1,31,9,42,0,1,7,3
229,0,2249980961,0,0,0,0,3,0,32,3,29,13,0,1,0
229,1,1913921380,0,1,0,0,0,1,32,5,42,0,1,2,0
229,2,3725345447,0,2,0,0,2,1,31,6,38,4,1,3,0
229,3,388863355,0,3,0,0,1,0,31,2,12,30,0,4,0
229,4,1394966572,0,0,0,0,3,0,31,3,24,18,0,5,0
229,5,2353451776,0,1,0,0,1,0,32,4,30,12,0,6,0
229,6,4164875843,0,2,0,0,2,1,31,3,24,18,0,6,1
229,7,3828816262,0,3,0,0,1,0,30,9,0,42,1,6,2
229,8,3981980616,0,0,0,0,0,1,31,3,36,6,1,7,2
230,0,1535819287,0,0,0,0,3,0,31,0,17,25,0,1,0
230,1,346820843,0,1,0,0,0,1,31,4,35,7,1,2,0
230,2,3500407708,0,2,0,0,2,1,31,4,41,1,1,3,0
230,3,2311409264,0,3,0,0,3,0,32,1,11,31,0,4,0
230,4,1975349683,0,0,0,0,0,1,31,4,36,6,1,5,0
230,5,1639290102,0,1,0,0,1,0,31,6,7,35,1,5,1
230,6,450291658,0,2,0,0,2,1,32,5,36,6,1,6,1
230,7,3603878523,0,3,0,0,2,1,32,6,36,6,1,7,1
231,0,3038945384,0,0,0,0,1,0,30,2,27,15,0,1,0
231,1,1849946940,0,1,0,0,0,1,32,5,24,18,0,1,1
231,2,1513887359,0,2,0,0,1,0,31,6,17,25,0,2,1
231,3,324888915,0,3,0,0,3,0,31,3,8,34,1,2,2
231,4,3478475780,0,0,0,0,0,1,31,4,20,22,0,2,3
231,5,3142416199,0,1,0,0,3,0,30,5,18,24,0,3,3
231,6,1953417755,0,2,0,0,1,0,31,9,25,17,0,4,3
231,7,1617358174,0,3,0,0,3,0,32,5,14,28,0,5,3
231,8,3918006176,0,0,0,0,0,1,30,4,24,18,0,5,4
231,9,3581946595,0,1,0,0,3,0,30,3,7,35,1,5,5
231,10,2392948151,0,2,0,0,0,1,31,4,17,25,0,5,6
231,11,2056888570,0,3,0,0,2,1,31,5,35,7,1,6,6
231,12,915508139,0,0,0,0,2,1,31,2,30,12,0,6,7
232,0,2055683883,0,0,0,0,2,1,30,5,30,12,1,1,0
232,1,866685439,0,1,0,0,0,1,31,3,24,18,0,1,1
232,2,4020272304,0,2,0,0,0,1,30,3,30,12,1,2,1
232,3,683790212,0,3,0,0,3,0,32,4,14,28,0,3,1
232,4,2495214279,0,0,0,0,0,1,31,1,30,12,0,3,2
232,5,3453699483,0,1,0,0,1,0,31,4,19,23,0,4,2
232,6,164835404,0,2,0,0,2,1,31,4,25,17,0,4,3
232,7,4123743119,0,3,0,0,2,1,31,5,36,6,1,5,3
232,8,2934744675,0,0,0,0,2,1,31,5,26,16,0,5,4
232,9,2598685094,0,1,0,0,0,1,31,0,35,7,1,6,4
232,10,604365800,0,2,0,0,1,0,32,6,7,35,1,6,5
232,11,268306219,0,3,0,0,3,0,84,9,28,14,0,8,5
233,0,1311987445,0,0,0,0,0,1,31,4,25,17,0,0,1
233,1,222327888,0,1,0,0,0,1,31,2,41,1,1,1,1
233,2,2033751955,0,2,0,0,2,1,32,1,41,1,1,2,1
233,3,4235061070,0,3,0,0,1,0,31,5,12,30,0,3,1
233,4,1751517841,0,0,0,0,3,0,31,2,1,41,1,3,2
233,5,661858284,0,1,0,0,1,0,32,5,18,24,0,4,2
233,6,2473282351,0,2,0,0,1,0,31,0,17,25,0,5,2
233,7,3380046681,0,3,0,0,1,0,30,4,6,36,1,5,3
233,8,2191048237,0,0,0,0,1,0,30,1,1,41,1,5,4
233,9,1854988656,0,1,0,0,2,1,30,4,40,2,1,6,4
233,10,2912812747,0,2,0,0,2,1,31,4,42,0,1,7,4
234,0,4139193091,0,0,0,0,0,1,31,6,30,12,0,0,1
234,1,2950194647,0,1,0,0,0,1,31,4,18,24,0,0,2
234,2,1808814216,0,2,0,0,1,0,31,3,8,34,1,0,3
234,3,619815772,0,3,0,0,3,0,31,1,2,40,1,0,4
234,4,283756191,0,0,0,0,0,1,32,0,42,0,1,1,4
234,5,2095180258,0,1,0,0,0,1,31,4,39,3,1,2,4
234,6,2248344612,0,2,0,0,0,1,31,3,41,1,1,3,4
234,7,1912285031,0,3,0,0,1,0,31,4,12,30,0,4,4
234,8,723286587,0,0,0,0,0,1,32,0,20,22,0,4,5
234,9,387227006,0,1,0,0,0,1,30,0,35,7,1,5,5
234,10,2198651073,0,2,0,0,0,1,30,9,25,17,0,5,6
234,11,2351815427,0,3,0,0,0,1,30,3,42,0,1,6,6
234,12,4163239494,0,0,0,0,0,1,31,4,27,15,0,6,7
235,0,3395496653,0,0,0,0,0,1,31,3,24,18,0,0,1
235,1,2206498209,0,1,0,0,3,0,31,6,17,25,0,1,1
235,2,1870438628,0,2,0,0,0,1,31,6,33,9,1,2,1
235,3,2928262719,0,3,0,0,2,1,31,6,36,6,1,3,1
235,4,3835027049,0,0,0,0,3,0,31,5,12,30,0,4,1
235,5,3498967468,0,1,0,0,0,1,32,0,29,13,0,4,2
235,6,2309969024,0,2,0,0,1,0,31,4,24,18,0,5,2
235,7,1973909443,0,3,0,0,1,0,31,5,7,35,1,5,3
235,8,4274557445,0,0,0,0,3,0,31,0,23,19,0,6,3
235,9,3938497864,0,1,0,0,2,1,30,6,19,23,0,6,4
235,10,2749499420,0,2,0,0,1,0,31,5,24,18,0,7,4
236,0,334555627,0,0,0,0,1,0,30,6,12,30,1,0,1
236,1,4293463342,0,1,0,0,0,1,31,1,31,11,1,1,1
236,2,3957403761,0,2,0,0,0,1,30,0,24,18,0,1,2
236,3,2768405317,0,3,0,0,2,1,31,2,29,13,0,1,3
236,4,1627024886,0,0,0,0,0,1,32,3,18,24,0,1,4
236,5,438026442,0,1,0,0,1,0,31,0,30,12,0,2,4
236,6,101966861,0,2,0,0,2,1,31,4,18,24,0,2,5
236,7,3207935713,0,3,0,0,1,0,30,6,6,36,1,2,6
236,8,2066555282,0,0,0,0,2,1,31,5,29,13,0,2,7
237,0,3915361249,0,0,0,0,0,1,32,6,41,1,1,1,0
237,1,2726362805,0,1,0,0,3,0,31,4,17,25,0,2,0
237,2,2390303224,0,2,0,0,1,0,31,3,11,31,1,2,1
237,3,2543467578,0,3,0,0,0,1,30,1,26,16,0,2,2
237,4,59924349,0,0,0,0,1,0,30,5,17,25,0,3,2
237,5,1018409553,0,1,0,0,1,0,31,5,2,40,1,3,3
237,6,2829833620,0,2,0,0,1,0,31,3,0,42,1,3,4
237,7,1688453189,0,3,0,0,3,0,32,6,11,31,0,4,4
237,8,499454745,0,0,0,0,0,1,32,6,31,11,0,4,5
237,9,163395164,0,1,0,0,0,1,31,1,40,2,1,5,5
237,10,3269364016,0,2,0,0,2,1,31,4,18,24,0,5,6
237,11,2127983585,0,3,0,0,2,1,31,4,39,3,1,6,6
237,12,1791924004,0,0,0,0,3,0,31,0,11,31,1,6,7
238,0,3171664811,0,0,0,0,0,1,32,0,25,17,0,0,1
238,1,2082005254,0,1,0,0,1,0,31,5,22,20,0,1,1
238,2,3893429321,0,2,0,0,2,1,32,3,36,6,1,2,1
238,3,556947229,0,3,0,0,2,1,32,1,30,12,0,2,2
238,4,3611195207,0,0,0,0,2,1,30,4,41,1,1,3,2
238,5,2521535650,0,1,0,0,3,0,30,2,34,8,0,4,2
238,6,37992421,0,2,0,0,2,1,30,3,23,19,0,4,3
238,7,3996900136,0,3,0,0,0,1,30,3,18,24,0,4,4
238,8,2807901692,0,0,0,0,3,0,31,4,14,28,0,5,4
238,9,3714666022,0,1,0,0,0,1,30,1,36,6,1,6,4
238,10,477522817,0,2,0,0,1,0,31,4,29,13,0,7,4
239,0,1703903161,0,0,0,0,3,0,30,9,1,41,1,0,1
239,1,514904717,0,1,0,0,2,1,30,1,34,8,1,1,1
239,2,178845136,0,2,0,0,1,0,32,0,23,19,0,2,1
239,3,2479493138,0,3,0,0,2,1,31,3,41,1,1,3,1
239,4,2143433557,0,0,0,0,2,1,30,3,40,2,1,4,1
239,5,1807373976,0,1,0,0,0,1,31,3,25,17,0,4,2
239,6,618375532,0,2,0,0,1,0,31,3,0,42,1,4,3
239,7,2429799599,0,3,0,0,1,0,30,9,7,35,1,4,4
239,8,2582963953,0,0,0,0,3,0,31,5,6,36,1,4,5
239,9,2246904372,0,1,0,0,1,0,32,1,12,30,0,5,5
239,10,4058328439,0,2,0,0,1,0,31,1,12,30,0,6,5
239,11,2869329995,0,3,0,0,0,1,30,6,24,18,0,6,6
239,12,1727949564,0,0,0,0,2,1,31,5,36,6,1,7,6
240,0,691106896,0,0,0,0,0,1,30,3,36,6,1,1,0
240,1,355047315,0,1,0,0,3,0,30,4,0,42,1,1,1
240,2,18987734,0,2,0,0,2,1,31,2,42,0,1,2,1
240,3,3124956586,0,3,0,0,2,1,31,1,25,17,0,2,2
240,4,1983576155,0,0,0,0,3,0,31,6,0,42,1,2,3
240,5,794577711,0,1,0,0,2,1,30,4,26,16,0,2,4
240,6,458518130,0,2,0,0,2,1,31,3,24,18,0,2,5
240,7,1516342221,0,3,0,0,2,1,32,4,33,9,1,3,5
240,8,2423106551,0,0,0,0,0,1,32,9,34,8,1,4,5
240,9,4234530618,0,1,0,0,3,0,31,3,11,31,1,4,6
240,10,898048526,0,2,0,0,1,0,31,6,2,40,1,4,7
241,0,4271912518,0,0,0,0,3,0,31,3,1,41,1,0,1
241,1,1034769313,0,1,0,0,1,0,32,0,19,23,0,1,1
241,2,698709732,0,2,0,0,2,1,31,5,18,24,0,1,2
241,3,2999357734,0,3,0,0,3,0,31,2,7,35,1,1,3
241,4,2663298153,0,0,0,0,3,0,31,0,27,15,0,2,3
241,5,80416037,0,1,0,0,0,1,30,6,20,22,0,2,4
241,6,1138240128,0,2,0,0,1,0,31,5,24,18,0,3,4
241,7,2045004458,0,3,0,0,3,0,32,0,34,8,0,4,4
241,8,3102828549,0,0,0,0,3,0,31,1,17,25,0,5,4
241,9,2766768968,0,1,0,0,3,0,30,6,6,36,1,5,5
241,10,1577770524,0,2,0,0,3,0,30,9,0,42,1,5,6
241,11,2484534854,0,3,0,0,3,0,30,6,7,35,1,5,7
242,0,1480071319,0,0,0,0,2,1,31,4,25,17,0,0,1
242,1,291072875,0,1,0,0,3,0,31,0,12,30,0,1,1
242,2,4249980590,0,2,0,0,2,1,32,2,24,18,0,1,2
242,3,3060982146,0,3,0,0,2,1,31,2,34,8,1,2,2
242,4,1919601715,0,0,0,0,0,1,33,3,29,13,0,2,3
242,5,2878086919,0,1,0,0,0,1,31,2,40,2,1,3,3
242,6,394543690,0,2,0,0,1,0,31,3,0,42,1,3,4
242,7,58484109,0,3,0,0,2,1,31,4,23,19,0,3,5
242,8,4126009128,0,1,1,0,3,0,31,5,7,35,1,3,6
242,9,2023072530,0,2,0,0,1,0,32,2,30,12,0,4,6
242,10,834074086,0,3,0,0,2,1,31,6,40,2,1,5,6
242,11,498014505,0,0,0,0,0,1,32,6,34,8,1,6,6
242,12,161954924,0,1,0,0,0,1,31,3,23,19,0,6,7
243,0,3788518266,0,0,0,0,2,1,31,6,30,12,0,0,1
243,1,2599519822,0,1,0,0,1,0,31,1,0,42,1,0,2
243,2,1458139391,0,2,0,0,2,1,30,4,35,7,1,1,2
243,3,2416624595,0,3,0,0,2,1,31,3,23,19,0,1,3
243,4,4228048662,0,0,0,0,0,1,31,5,41,1,1,2,3
243,5,3039050218,0,1,0,0,1,0,31,4,17,25,0,3,3
243,6,1897669787,0,2,0,0,1,0,31,6,6,36,1,3,4
243,7,1561610206,0,3,0,0,2,1,32,5,29,13,0,3,5
243,8,372611762,0,0,0,0,3,0,31,1,19,23,0,4,5
243,9,36552181,0,1,0,0,2,1,30,1,40,2,1,5,5
243,10,2337200183,0,2,0,0,2,1,31,6,26,16,0,5,6
243,11,2001140602,0,3,0,0,3,0,31,4,9,33,1,5,7
244,0,4147419563,0,0,0,0,1,0,30,0,25,17,0,1,0
244,1,2958421119,0,1,0,0,0,1,31,0,25,17,0,1,1
244,2,474877890,0,2,0,0,2,1,33,4,35,7,1,2,1
244,3,1433363094,0,3,0,0,3,0,33,5,25,17,0,3,1
244,4,291982663,0,0,0,0,0,1,33,4,41,1,1,4,1
244,5,3397951515,0,1,0,0,2,1,30,4,19,23,0,4,2
244,6,914408286,0,2,0,0,3,0,30,3,17,25,0,5,2
244,7,578348705,0,3,0,0,3,0,30,3,8,34,1,5,3
244,8,731513059,0,0,0,0,2,1,30,4,30,12,1,6,3
244,9,2542937126,0,1,0,0,0,1,31,3,30,12,0,6,4
244,10,3501422330,0,2,0,0,1,0,31,2,13,29,0,7,4
245,0,1307960351,0,0,0,0,3,0,31,5,24,18,0,1,0
245,1,2214724681,0,1,0,0,2,1,30,5,25,17,0,1,1
245,2,1878665100,0,2,0,0,2,1,32,6,36,6,1,2,1
245,3,689666656,0,3,0,0,0,1,30,5,23,19,0,2,2
245,4,2501090723,0,0,0,0,3,0,31,0,11,31,1,2,3
245,5,2654255077,0,1,0,0,1,0,32,4,16,26,0,3,3
245,6,2318195496,0,2,0,0,2,1,32,6,35,7,1,4,3
245,7,4129619563,0,3,0,0,1,0,30,4,9,33,1,4,4
245,8,793137471,0,0,0,0,1,0,30,3,6,36,1,4,5
245,9,1799240688,0,1,0,0,0,1,30,3,25,17,0,4,6
245,10,2757725892,0,2,0,0,1,0,32,5,15,27,0,5,6
245,11,274182663,0,3,0,0,2,1,31,2,29,13,0,5,7
246,0,4083445123,0,0,0,0,0,1,31,6,30,12,0,0,1
246,1,2894446679,0,1,0,0,0,1,31,0,42,0,1,1,1
246,2,2558387098,0,2,0,0,1,0,31,1,7,35,1,1,2
246,3,1369388654,0,3,0,0,3,0,31,4,0,42,1,1,3
246,4,228008223,0,0,0,0,2,1,31,1,30,12,0,1,4
246,5,4186915938,0,1,0,0,1,0,31,6,9,33,1,1,5
246,6,2997917494,0,2,0,0,0,1,31,4,25,17,0,1,6
246,7,2661857913,0,3,0,0,3,0,31,1,12,30,0,2,6
246,8,667538619,0,0,0,0,3,0,30,3,14,28,0,3,6
246,9,331479038,0,1,0,0,0,1,32,4,36,6,1,4,6
246,10,3437447890,0,2,0,0,0,1,31,3,36,6,1,5,6
246,11,3101388309,0,3,0,0,2,1,31,4,17,25,0,5,7
247,0,3764462904,0,1,1,0,3,0,31,5,17,25,0,1,0
247,1,2150750241,0,2,0,0,0,1,30,0,41,1,1,2,0
247,2,1814690660,0,3,0,0,3,0,31,1,19,23,0,3,0
247,3,625692216,0,0,0,0,0,1,31,0,34,8,1,4,0
247,4,289632635,0,1,0,0,3,0,31,0,17,25,0,5,0
247,5,442796989,0,2,0,0,1,0,31,1,19,23,0,6,0
247,6,2254221056,0,3,0,0,0,1,30,6,41,1,1,7,0
248,0,2356487184,0,0,0,0,3,0,30,4,0,42,1,0,1
248,1,3314972388,0,1,0,0,0,1,31,0,18,24,0,0,2
248,2,831429159,0,2,0,0,3,0,30,2,0,42,1,0,3
248,3,984593513,0,3,0,0,3,0,30,0,30,12,0,1,3
248,4,2796017580,0,0,0,0,0,1,31,4,35,7,1,2,3
248,5,3754502784,0,1,0,0,0,1,31,9,31,11,1,3,3
248,6,1270959555,0,2,0,0,1,0,31,4,23,19,0,4,3
248,7,129579124,0,3,0,0,2,1,31,4,42,0,1,5,3
248,8,1088064328,0,0,0,0,3,0,31,6,1,41,1,5,4
248,9,2899488395,0,1,0,0,1,0,33,5,11,31,0,6,4
248,10,1710489951,0,2,0,0,0,1,30,4,35,7,1,7,4
249,0,369966835,0,0,0,0,3,0,31,5,14,28,0,1,0
249,1,523131189,0,1,0,0,1,0,31,6,13,29,0,2,0
249,2,2334555256,0,2,0,0,1,0,31,3,0,42,1,2,1
249,3,3293040460,0,3,0,0,2,1,31,0,41,1,1,3,1
249,4,809497231,0,0,0,0,2,1,30,0,31,11,1,4,1
249,5,962661585,0,1,0,0,0,1,30,1,40,2,1,5,1
249,6,2774085652,0,2,0,0,0,1,31,0,20,22,0,5,2
249,7,2438026071,0,3,0,0,2,1,32,2,36,6,1,6,2
249,8,1249027627,0,0,0,0,0,1,31,4,24,18,0,6,3
249,9,107647196,0,1,0,0,2,1,30,4,29,13,0,6,4
249,10,1066132400,0,2,0,0,1,0,31,3,30,12,0,7,4
250,0,3167637717,0,0,0,0,0,1,30,4,40,2,1,1,0
250,1,2831578136,0,1,0,0,0,1,31,9,35,7,1,2,0
250,2,3738342466,0,2,0,0,3,0,30,6,8,34,1,2,1
250,3,2549344022,0,3,0,0,1,0,30,6,9,33,1,2,2
250,4,65800793,0,0,0,0,0,1,31,6,26,16,0,2,3
250,5,3271108532,0,1,0,0,1,0,32,6,12,30,0,3,3
250,6,4177872862,0,2,0,0,0,1,31,5,24,18,0,3,4
250,7,1694329633,0,3,0,0,1,0,30,4,13,29,0,4,4
250,8,604670076,0,0,0,0,3,0,31,3,17,25,0,5,4
250,9,169271608,0,1,0,0,1,0,31,9,0,42,1,5,5
250,10,322435962,0,2,0,0,1,0,32,1,13,29,0,6,5
250,11,2133860029,0,3,0,0,1,0,31,0,0,42,1,6,6
250,12,1044200472,0,0,0,0,0,1,31,0,29,13,0,6,7
251,0,2453476043,0,0,0,0,0,1,31,3,42,0,1,1,0
251,1,459156749,0,1,0,0,0,1,31,6,36,6,1,2,0
251,2,123097168,0,2,0,0,1,0,31,4,1,41,1,2,1
251,3,3229066020,0,3,0,0,0,1,30,1,36,6,1,3,1
251,4,2893006439,0,0,0,0,3,0,31,4,28,14,0,4,1
251,5,1751626008,0,1,0,0,3,0,30,5,24,18,0,5,1
251,6,562627564,0,2,0,0,1,0,31,4,8,34,1,5,2
251,7,226567983,0,3,0,0,2,1,31,4,41,1,1,6,2
251,8,705107669,0,1,1,0,0,1,30,1,40,2,1,7,2
252,0,1709779605,0,0,0,0,2,1,30,4,41,1,1,1,0
252,1,520781161,0,1,0,0,1,0,31,1,12,30,0,2,0
252,2,3674368026,0,2,0,0,1,0,31,6,2,40,1,2,1
252,3,2485369582,0,3,0,0,1,0,31,4,0,42,1,2,2
252,4,2149310001,0,0,0,0,3,0,31,0,17,25,0,3,2
252,5,960311557,0,1,0,0,0,1,31,4,31,11,1,4,2
252,6,624251976,0,2,0,0,1,0,31,4,20,22,0,5,2
252,7,3777838841,0,3,0,0,3,0,32,4,18,24,0,6,2
252,8,2588840397,0,0,0,0,2,1,30,2,42,0,1,7,2
253,0,4216164550,0,0,0,0,3,0,31,4,20,22,0,1,0
253,1,879682458,0,1,0,0,0,1,32,3,31,11,0,1,1
253,2,2691106525,0,2,0,0,1,0,32,3,12,30,0,2,1
253,3,1601446968,0,3,0,0,2,1,31,3,36,6,1,3,1
253,4,3412871035,0,0,0,0,3,0,31,4,14,28,0,4,1
253,5,1319212854,0,1,0,0,0,1,31,2,41,1,1,5,1
253,6,3130636921,0,2,0,0,2,1,31,0,33,9,1,6,1
253,7,2794577340,0,3,0,0,3,0,31,2,14,28,0,7,1
254,0,2229644201,0,0,0,0,2,1,31,2,36,6,1,1,0
254,1,3188129405,0,1,0,0,1,0,31,4,23,19,0,2,0
254,2,4194232622,0,2,0,0,1,0,31,1,6,36,1,2,1
254,3,857750530,0,3,0,0,0,1,30,3,33,9,1,3,1
254,4,2669174597,0,0,0,0,3,0,31,5,0,42,1,3,2
254,5,3627659801,0,1,0,0,1,0,31,2,18,24,0,4,2
254,6,2486279370,0,2,0,0,1,0,31,3,13,29,0,5,2
254,7,2736141,0,3,0,0,2,1,31,6,30,12,0,5,3
254,8,3108704993,0,0,0,0,2,1,30,1,15,27,0,5,4
254,9,2772645412,0,1,0,0,1,0,31,5,13,29,0,6,4
254,10,2925809766,0,2,0,0,1,0,31,0,11,31,1,6,5
254,11,442266537,0,3,0,0,1,0,30,5,12,30,1,6,6
254,12,3548235389,0,0,0,0,3,0,31,4,25,17,0,7,6
255,0,732347787,0,0,0,0,0,1,31,3,41,1,1,1,0
255,1,396288206,0,1,0,0,0,1,31,1,19,23,0,1,1
255,2,2207712273,0,2,0,0,1,0,31,1,12,30,0,2,1
255,3,2360876627,0,3,0,0,2,1,31,5,23,19,0,2,2
255,4,1925478159,0,0,0,0,3,0,31,1,1,41,1,2,3
255,5,835818602,0,1,0,0,3,0,30,1,7,35,1,2,4
255,6,2647242669,0,2,0,0,1,0,31,2,1,41,1,2,5
255,7,3554006999,0,3,0,0,2,1,31,3,36,6,1,3,5
255,8,2464347442,0,0,0,0,0,1,30,0,30,12,1,4,5
255,9,2028948974,0,1,0,0,0,1,31,1,31,11,1,5,5
255,10,3086773065,0,2,0,0,2,1,31,5,24,18,0,5,6
255,11,2750713484,0,3,0,0,2,1,31,4,36,6,1,6,6
255,12,2903877838,0,0,0,0,0,1,31,2,31,11,1,7,6
0,0,3653443310,1,0,0,0,0,0,30,2,11,31,1,0,1
0,1,316961218,1,1,0,0,0,0,31,1,2,40,1,0,2
0,2,3470548083,1,2,0,0,1,1,31,0,24,18,0,0,3
0,3,2281549639,1,3,0,0,3,1,32,3,42,0,1,1,3
0,4,1945490058,1,0,0,0,3,1,31,0,39,3,1,2,3
0,5,756491614,1,1,0,0,3,1,31,4,41,1,1,3,3
0,6,3910078479,1,2,0,0,1,1,30,0,29,13,0,3,4
0,7,1426535250,1,3,0,0,3,1,31,4,28,14,0,3,5
0,8,2385020454,1,0,0,0,3,1,30,6,29,13,0,3,6
0,9,4196444521,1,1,0,0,3,1,30,9,15,27,0,3,7
1,0,4204291657,1,0,0,0,0,0,32,6,30,12,0,1,0
1,1,3868232076,1,1,0,0,1,1,31,9,35,7,1,2,0
1,2,3532172495,1,2,0,0,3,1,30,4,42,0,1,3,0
1,3,295029290,1,3,0,0,3,1,31,4,29,13,0,3,1
1,4,1201793620,1,0,0,0,0,0,31,5,20,22,0,4,1
1,5,12795176,1,1,0,0,1,1,31,2,25,17,0,4,2
1,6,3971702891,1,2,0,0,2,0,31,1,20,22,0,5,2
1,7,1488159662,1,3,0,0,1,1,31,3,24,18,0,5,3
1,8,1641324016,1,0,0,0,1,1,30,6,24,18,0,5,4
1,9,3452748083,1,1,0,0,1,1,30,1,25,17,0,5,5
1,10,116265991,1,2,0,0,1,1,31,2,41,1,1,6,5
1,11,1927690058,1,3,0,0,2,0,31,4,20,22,0,7,5
2,0,1172885395,1,0,0,0,3,1,31,6,42,0,1,1,0
2,1,2079649725,1,1,0,0,3,1,30,5,24,18,0,1,1
2,2,1743590144,1,2,0,0,3,1,30,1,34,8,1,2,1
2,3,2801414235,1,3,0,0,0,0,30,2,0,42,1,2,2
2,4,2465354654,1,0,0,0,2,0,31,6,13,29,0,3,2
2,5,1276356210,1,1,0,0,1,1,31,5,23,19,0,3,3
2,6,2183120540,1,2,0,0,0,0,31,4,18,24,0,4,3
2,7,3240944631,1,3,0,0,1,1,31,4,35,7,1,5,3
2,8,2904885050,1,0,0,0,3,1,31,2,42,0,1,6,3
2,9,2568825469,1,1,0,0,1,1,31,6,8,34,0,6,4
2,10,2622650936,1,2,0,0,2,0,32,5,6,36,1,6,5
2,11,2286591355,1,3,0,0,2,0,32,1,6,36,1,6,6
2,12,3344415446,1,0,0,0,0,0,31,3,13,29,0,7,6
3,0,2576672605,1,0,0,0,3,1,31,4,23,19,0,0,1
3,1,93129376,1,1,0,0,0,0,31,0,24,18,0,1,1
3,2,4052037091,1,2,0,0,2,0,32,1,13,29,0,2,1
3,3,2057717797,1,3,0,0,2,0,31,4,18,24,0,3,1
3,4,1721658216,1,0,0,0,0,0,31,5,20,22,0,4,1
3,5,532659772,1,1,0,0,1,1,33,4,41,1,1,5,1
3,6,196600191,1,2,0,0,1,1,31,5,41,1,1,6,1
3,7,2497248193,1,3,0,0,2,0,31,4,7,35,1,6,2
3,8,2161188612,1,0,0,0,0,0,31,2,0,42,1,6,3
3,9,1825129031,1,1,0,0,0,0,31,1,18,24,0,7,3
4,0,4079798702,1,0,0,0,0,0,31,9,12,30,0,1,0
4,1,1596255473,1,1,0,0,0,0,31,4,12,30,0,2,0
4,2,4222278807,1,3,1,0,3,1,30,4,36,6,1,3,0
4,3,71197448,1,0,0,0,0,0,31,5,19,23,0,4,0
4,4,977961778,1,1,0,0,0,0,31,0,27,15,0,5,0
4,5,2035785869,1,2,0,0,1,1,31,0,19,23,0,5,1
4,6,1699726288,1,3,0,0,2,0,31,6,6,36,1,5,2
4,7,510727844,1,0,0,0,0,0,31,3,13,29,0,6,2
4,8,174668263,1,1,0,0,0,0,31,5,6,36,1,6,3
4,9,1081432593,1,2,0,0,0,0,30,0,0,42,1,6,4
4,10,2139256684,1,3,0,0,3,1,32,5,36,6,1,7,4
5,0,3365637028,1,0,0,0,0,0,31,1,6,36,1,0,1
5,1,2176638584,1,1,0,0,1,1,32,2,20,22,0,0,2
5,2,3988062651,1,2,0,0,0,0,30,2,33,9,0,1,2
5,3,4141227005,1,3,0,0,1,1,30,4,40,2,1,2,2
5,4,3805167424,1,0,0,0,3,1,31,6,19,23,0,2,3
5,5,2616168980,1,1,0,0,3,1,31,4,33,9,1,3,3
5,6,132625751,1,2,0,0,1,1,31,5,36,6,1,4,3
5,7,3286212616,1,3,0,0,3,1,32,4,41,1,1,5,3
5,8,4244697820,1,0,0,0,0,0,31,0,13,29,0,6,3
5,9,1761154591,1,1,0,0,0,0,31,3,23,19,0,7,3
6,0,2352840763,1,0,0,0,2,0,31,4,1,41,1,0,1
6,1,2016781182,1,1,0,0,3,1,31,5,35,7,1,1,1
6,2,3074605273,1,2,0,0,1,1,31,5,26,16,0,1,2
6,3,491723157,1,3,0,0,3,1,31,1,30,12,0,1,3
6,4,1497826374,1,0,0,0,0,0,31,1,1,41,1,1,4
6,5,2456311578,1,1,0,0,3,1,31,3,40,2,1,2,4
6,6,4267735645,1,2,0,0,2,0,32,3,12,30,0,3,4
6,7,3178076088,1,3,0,0,3,1,31,5,31,11,1,4,4
6,8,1937356770,1,0,0,0,0,0,31,1,20,22,0,5,4
6,9,2895841974,1,1,0,0,0,0,31,0,28,14,0,6,4
6,10,412298745,1,2,0,0,1,1,31,4,41,1,1,7,4
7,0,3032562761,1,0,0,0,3,1,32,0,24,18,0,0,1
7,1,2696503180,1,1,0,0,0,0,31,4,1,41,1,0,2
7,2,2360443599,1,2,0,0,2,0,31,0,23,19,0,1,2
7,3,366124305,1,3,0,0,1,1,31,2,36,6,1,2,2
7,4,30064724,1,0,0,0,3,1,32,2,41,1,1,3,2
7,5,3136033576,1,1,0,0,1,1,31,1,30,12,0,3,3
7,6,2799973995,1,2,0,0,1,1,30,1,42,0,1,4,3
7,7,805654701,1,3,0,0,1,1,30,5,35,7,1,5,3
7,8,469595120,1,0,0,0,0,0,32,2,27,15,0,6,3
7,9,133535539,1,1,0,0,0,0,31,0,29,13,0,7,3
8,0,141382675,1,0,0,0,2,0,30,3,17,25,0,1,0
8,1,1952806742,1,1,0,0,1,1,32,6,42,0,1,2,0
8,2,1616747161,1,2,0,0,1,1,31,9,35,7,1,3,0
8,3,427748717,1,3,0,0,2,0,31,4,1,41,1,3,1
8,4,3581335582,1,0,0,0,3,1,31,0,41,1,1,4,1
8,5,2392337138,1,1,0,0,0,0,31,1,12,30,0,5,1
8,6,2056277557,1,2,0,0,1,1,30,2,35,7,1,6,1
8,7,867279113,1,3,0,0,1,1,31,2,25,17,0,6,2
8,8,4020865978,1,0,0,0,3,1,31,1,41,1,1,7,2
9,0,1574704649,1,0,0,0,3,1,31,4,41,1,1,1,0
9,1,485045092,1,1,0,0,0,0,30,6,25,17,0,2,0
9,2,49646624,1,2,0,0,0,0,31,5,23,19,0,3,0
9,3,202810978,1,3,0,0,3,1,33,3,8,34,0,3,1
9,4,2014235045,1,0,0,0,3,1,31,0,25,17,0,3,2
9,5,924575488,1,1,0,0,1,1,31,6,35,7,1,4,2
9,6,2735999555,1,2,0,0,2,0,33,0,16,26,0,5,2
9,7,3642763885,1,3,0,0,1,1,31,3,20,22,0,5,3
9,8,306281793,1,0,0,0,0,0,32,3,1,41,1,5,4
9,9,2117705860,1,1,0,0,2,0,30,5,13,29,0,6,4
9,10,3175529951,1,2,0,0,1,1,30,5,36,6,1,7,4
10,0,661247271,1,0,0,0,0,0,32,0,17,25,0,1,0
10,1,2472671338,1,1,0,0,1,1,31,3,35,7,1,2,0
10,2,3431156542,1,2,0,0,1,1,32,0,20,22,0,2,1
10,3,947613313,1,3,0,0,2,0,32,2,21,21,0,3,1
10,4,3621254660,1,1,1,0,3,1,31,0,25,17,0,3,2
10,5,764718086,1,2,0,0,1,1,30,2,33,9,1,4,2
10,6,2576142153,1,3,0,0,3,1,32,6,30,12,0,4,3
10,7,1387143709,1,0,0,0,2,0,31,6,0,42,1,4,4
10,8,245763278,1,1,0,0,3,1,31,3,40,2,1,5,4
10,9,1204248482,1,2,0,0,1,1,31,3,35,7,1,6,4
10,10,3015672549,1,3,0,0,2,0,31,3,1,41,1,6,5
10,11,2679612968,1,0,0,0,0,0,31,1,6,36,1,6,6
10,12,685293674,1,1,0,0,3,1,30,3,35,7,1,7,6
11,0,2969694218,1,0,0,0,0,0,31,3,13,29,0,1,0
11,1,3876458548,1,1,0,0,3,1,31,5,40,2,1,2,0
11,2,639315343,1,2,0,0,1,1,30,9,42,0,1,3,0
11,3,2351400523,1,3,0,0,2,0,31,0,6,36,1,3,1
11,4,4162824590,1,0,0,0,3,1,30,5,24,18,0,3,2
11,5,21021648,1,1,0,0,3,1,30,2,19,23,0,3,3
11,6,1832445715,1,2,0,0,1,1,31,5,42,0,1,4,3
11,7,742786158,1,3,0,0,1,1,31,1,13,29,0,4,4
11,8,307387690,1,0,0,0,0,0,31,0,18,24,0,5,4
11,9,460552044,1,1,0,0,0,0,31,4,12,30,0,6,4
11,10,2271976111,1,2,0,0,2,0,30,6,7,35,1,6,5
11,11,1935916530,1,3,0,0,2,0,31,3,12,30,0,7,5
12,0,117327313,1,1,1,0,1,1,31,6,34,8,1,1,0
12,1,261213250,1,2,0,0,1,1,31,5,41,1,1,2,0
12,2,4220120965,1,3,0,0,2,0,31,6,0,42,1,2,1
12,3,3031122521,1,0,0,0,2,0,31,6,6,36,1,2,2
12,4,1889742090,1,1,0,0,1,1,31,9,36,6,1,3,2
12,5,700743646,1,2,0,0,1,1,31,4,30,12,0,3,3
12,6,364684065,1,3,0,0,3,1,31,0,25,17,0,3,4
12,7,3470652917,1,0,0,0,2,0,31,4,8,34,1,3,5
12,8,2329272486,1,1,0,0,1,1,31,4,40,2,1,4,5
12,9,1993212905,1,2,0,0,0,0,30,5,19,23,0,5,5
12,10,804214461,1,3,0,0,3,1,31,1,30,12,0,5,6
12,11,468154880,1,0,0,0,0,0,32,4,24,18,0,6,6
12,12,2768802882,1,1,0,0,1,1,30,4,35,7,1,7,6
13,0,658897243,1,0,0,0,3,1,32,1,41,1,1,1,0
13,1,3812484108,1,1,0,0,0,0,31,6,7,35,1,1,1
13,2,3476424527,1,2,0,0,2,0,31,0,24,18,0,2,1
13,3,2287426083,1,3,0,0,3,1,32,4,1,41,0,2,2
13,4,1951366502,1,0,0,0,0,0,31,4,11,31,1,2,3
13,5,4252014504,1,1,0,0,0,0,30,4,9,33,1,2,4
13,6,3915954923,1,2,0,0,0,0,30,5,0,42,1,2,5
13,7,2726956479,1,3,0,0,1,1,30,4,35,7,1,3,5
13,8,2390896898,1,0,0,0,0,0,32,6,29,13,0,4,5
13,9,4202320965,1,1,0,0,0,0,31,6,13,29,0,5,5
13,10,60518023,1,2,0,0,1,1,30,3,28,14,0,5,6
13,11,4019425738,1,3,0,0,2,0,31,5,13,29,0,6,6
13,12,2830427294,1,0,0,0,0,0,31,0,16,26,0,7,6
14,0,3434382015,1,0,0,0,2,0,30,4,18,24,0,1,0
14,1,2344722458,1,1,0,0,3,1,30,3,36,6,1,2,0
14,2,1909323990,1,2,0,0,0,0,31,6,17,25,0,3,0
14,3,819664433,1,3,0,0,2,0,30,3,1,41,1,3,1
14,4,3873912411,1,0,0,0,3,1,32,3,25,17,0,3,2
14,5,2784252854,1,1,0,0,0,0,31,3,0,42,1,3,3
14,6,300709625,1,2,0,0,2,0,31,4,13,29,0,4,3
14,7,2012794805,1,3,0,0,1,1,30,4,22,20,0,4,4
14,8,2165959159,1,0,0,0,0,0,31,6,27,15,0,5,4
14,9,3977383226,1,1,0,0,1,1,31,6,25,17,0,5,5
14,10,740240021,1,2,0,0,3,1,30,4,24,18,0,5,6
14,11,404180440,1,3,0,0,3,1,32,2,42,0,1,6,6
14,12,3510149292,1,0,0,0,2,0,30,4,24,18,0,7,6
15,0,3326245487,1,0,0,0,0,0,31,3,1,41,1,0,1
15,1,2184865056,1,1,0,0,1,1,31,4,29,13,0,0,2
15,2,995866612,1,2,0,0,3,1,30,4,17,25,0,0,3
15,3,2807290679,1,3,0,0,2,0,30,6,23,19,0,1,3
15,4,2471231098,1,0,0,0,2,0,30,4,1,41,1,1,4
15,5,2624395452,1,1,0,0,3,1,31,0,30,12,0,1,5
15,6,140852223,1,2,0,0,1,1,32,3,24,18,0,1,6
15,7,3246821075,1,3,0,0,2,0,32,5,6,36,1,1,7
16,0,953824100,1,0,0,0,1,1,30,0,29,13,0,0,1
16,1,617764519,1,1,0,0,1,1,30,0,36,6,1,1,1
16,2,281704938,1,2,0,0,3,1,30,5,41,1,1,2,1
16,3,3007067159,1,0,1,0,0,0,30,6,12,30,1,2,2
16,4,2246293359,1,1,0,0,1,1,30,4,42,0,1,3,2
16,5,1057294915,1,2,0,0,2,0,31,5,23,19,0,4,2
16,6,721235334,1,3,0,0,2,0,30,1,1,41,1,4,3
16,7,2532659401,1,0,0,0,0,0,31,3,0,42,1,4,4
16,8,2685823755,1,1,0,0,0,0,30,2,18,24,0,5,4
16,9,202280526,1,2,0,0,1,1,31,4,40,2,1,6,4
16,10,1160765730,1,3,0,0,0,0,30,2,24,18,0,7,4
17,0,3262271047,1,0,0,0,2,0,31,4,11,31,1,0,1
17,1,2120890616,1,1,0,0,1,1,31,0,41,1,1,1,1
17,2,1784831035,1,2,0,0,3,1,30,2,41,1,1,2,1
17,3,595832591,1,3,0,0,2,0,32,4,19,23,0,3,1
17,4,259773010,1,0,0,0,0,0,31,2,6,36,1,3,2
17,5,2560421012,1,1,0,0,1,1,31,4,29,13,0,3,3
17,6,2224361431,1,2,0,0,2,0,32,5,8,34,1,3,4
17,7,1035362987,1,3,0,0,2,0,30,3,20,22,0,4,4
17,8,699303406,1,0,0,0,0,0,31,6,22,20,0,5,4
17,9,3852890271,1,1,0,0,1,1,32,3,42,0,1,6,4
17,10,2663891827,1,2,0,0,1,1,31,6,34,8,1,7,4
18,0,2518574609,1,0,0,0,1,1,30,2,25,17,0,0,1
18,1,2182515028,1,1,0,0,3,1,31,4,17,25,0,0,2
18,2,1041134597,1,2,0,0,1,1,31,6,41,1,1,1,2
18,3,4147103449,1,3,0,0,3,1,32,4,41,1,1,2,2
18,4,3811043868,1,0,0,0,1,1,30,4,24,18,0,2,3
18,5,2622045424,1,1,0,0,2,0,30,0,23,19,0,3,3
18,6,2285985843,1,2,0,0,2,0,31,2,6,36,1,3,4
18,7,291666549,1,3,0,0,1,1,31,5,42,0,1,4,4
18,8,4250574264,1,0,0,0,3,1,31,1,28,14,0,4,5
18,9,3914514683,1,1,0,0,0,0,31,5,0,42,1,4,6
18,10,2725516239,1,2,0,0,3,1,30,4,30,12,1,5,6
18,11,1584135808,1,3,0,0,3,1,31,5,25,17,0,5,7
19,0,2877475906,1,0,0,0,0,0,31,9,17,25,0,1,0
19,1,393932677,1,1,0,0,1,1,31,3,42,0,1,2,0
19,2,3599240416,1,2,0,0,1,1,31,9,42,0,1,3,0
19,3,1115697187,1,3,0,0,2,0,31,6,18,24,0,4,0
19,4,2022461517,1,0,0,0,0,0,32,4,23,19,0,5,0
19,5,833463073,1,1,0,0,0,0,31,3,24,18,0,6,0
19,6,497403492,1,2,0,0,1,1,30,6,34,8,1,7,0
20,0,890955557,1,0,0,0,2,0,31,2,30,12,0,1,0
20,1,2702379624,1,1,0,0,3,1,30,3,20,22,0,1,1
20,2,2855543978,1,2,0,0,3,1,30,3,15,27,0,1,2
20,3,372000749,1,3,0,0,2,0,31,4,24,18,0,2,2
20,4,35941168,1,0,0,0,0,0,32,3,18,24,0,3,2
20,5,3141910020,1,1,0,0,3,1,31,4,36,6,1,4,2
20,6,2000529589,1,2,0,0,2,0,32,3,1,41,1,4,3
20,7,811531145,1,3,0,0,3,1,32,5,19,23,0,4,4
20,8,475471564,1,0,0,0,3,1,30,1,24,18,0,4,5
20,9,3581440416,1,1,0,0,3,1,31,4,28,14,0,4,6
20,10,2440059985,1,2,0,0,1,1,31,0,23,19,0,4,7
21,0,1570677555,1,0,0,0,3,1,31,6,42,0,1,1,0
21,1,2477441885,1,1,0,0,0,0,31,1,12,30,0,2,0
21,2,2141382304,1,2,0,0,1,1,31,4,28,14,0,2,1
21,3,952383860,1,3,0,0,3,1,30,2,31,11,1,3,1
21,4,616324279,1,0,0,0,0,0,30,1,19,23,0,4,1
21,5,2916972281,1,1,0,0,3,1,31,4,34,8,1,5,1
21,6,2580912700,1,2,0,0,1,1,31,3,36,6,1,6,1
21,7,97369471,1,3,0,0,3,1,32,1,31,11,0,6,2
21,8,1055854675,1,0,0,0,0,0,31,4,7,35,1,6,3
21,9,2061957892,1,1,0,0,0,0,31,9,1,41,1,6,4
21,10,3020443096,1,2,0,0,2,0,30,5,2,40,1,6,5
21,11,536899867,1,3,0,0,1,1,30,6,41,1,1,7,5
22,0,826981117,1,0,0,0,0,0,30,6,2,40,1,0,1
22,1,490921536,1,1,0,0,2,0,30,4,35,7,0,1,1
22,2,3644508401,1,2,0,0,2,0,32,5,0,42,1,1,2
22,3,2455509957,1,3,0,0,3,1,31,6,34,8,1,2,2
22,4,2119450376,1,0,0,0,0,0,32,6,19,23,0,3,2
22,5,930451932,1,1,0,0,1,1,32,2,25,17,0,3,3
22,6,4084038797,1,2,0,0,0,0,30,2,17,25,0,4,3
22,7,2895040353,1,3,0,0,3,1,31,4,19,23,0,4,4
22,8,2558980772,1,0,0,0,1,1,30,4,27,15,0,4,5
22,9,75437543,1,1,0,0,1,1,32,5,36,6,1,5,5
22,10,228601897,1,2,0,0,3,1,30,3,31,11,1,6,5
22,11,4187509612,1,3,0,0,2,0,31,0,8,34,1,6,6
22,12,2998511168,1,0,0,0,0,0,31,3,11,31,1,6,7
23,0,1185882414,1,0,0,0,3,1,31,4,32,10,1,1,0
23,1,2997306481,1,1,0,0,1,1,32,1,41,1,1,2,0
23,2,2661246900,1,2,0,0,1,1,32,5,31,11,0,2,1
23,3,1472248456,1,3,0,0,1,1,30,4,35,7,1,3,1
23,4,330868025,1,0,0,0,3,1,30,6,41,1,1,4,1
23,5,3436836877,1,1,0,0,1,1,32,2,42,0,1,5,1
23,6,3100777296,1,2,0,0,3,1,30,4,19,23,0,5,2
23,7,1531172221,1,0,1,0,0,0,32,2,1,41,1,5,3
23,8,770398421,1,1,0,0,2,0,30,6,17,25,0,6,3
23,9,434338840,1,2,0,0,1,1,30,6,19,23,0,6,4
23,10,3540307692,1,3,0,0,3,1,31,1,29,13,0,6,5
23,11,3204248111,1,0,0,0,2,0,31,0,12,30,0,7,5
24,0,3494329361,1,0,0,0,0,0,32,6,29,13,0,1,0
24,1,1010786132,1,1,0,0,1,1,32,5,20,22,0,1,1
24,2,1163950486,1,2,0,0,2,0,31,5,13,29,0,2,1
24,3,2975374553,1,3,0,0,2,0,31,3,17,25,0,3,1
24,4,2639314972,1,0,0,0,3,1,31,2,14,28,0,3,2
24,5,1450316528,1,1,0,0,0,0,31,6,18,24,0,4,2
24,6,2357080858,1,2,0,0,2,0,31,6,7,35,1,4,3
24,7,3414904949,1,3,0,0,3,1,31,5,41,1,1,5,3
24,8,3078845368,1,0,0,0,3,1,31,3,35,7,1,6,3
24,9,2742785787,1,1,0,0,1,1,32,0,36,6,1,7,3
25,0,2750632923,1,0,0,0,2,0,31,6,8,34,1,0,1
25,1,267089694,1,1,0,0,0,0,31,3,0,42,1,0,2
25,2,1225574898,1,2,0,0,3,1,30,3,31,11,1,1,2
25,3,2231678115,1,3,0,0,3,1,31,1,31,11,1,2,2
25,4,1895618534,1,0,0,0,2,0,31,4,13,29,0,3,2
25,5,706620090,1,1,0,0,1,1,31,0,41,1,1,4,2
25,6,370560509,1,2,0,0,1,1,32,2,41,1,1,5,2
25,7,523724863,1,3,0,0,2,0,32,4,24,18,0,6,2
25,8,2335148930,1,0,0,0,2,0,30,2,7,35,1,6,3
25,9,1146150486,1,1,0,0,3,1,31,0,36,6,1,7,3
26,0,3430354921,1,0,0,0,3,1,31,4,29,13,0,0,1
26,1,3094295340,1,1,0,0,0,0,31,0,22,20,0,1,1
26,2,4001059670,1,2,0,0,1,1,30,0,31,11,1,2,1
26,3,2812061226,1,3,0,0,3,1,31,1,35,7,1,3,1
26,4,2476001645,1,0,0,0,0,0,32,5,0,42,1,3,2
26,5,3533825736,1,1,0,0,1,1,31,6,29,13,0,3,3
26,6,145622770,1,2,0,0,3,1,30,1,29,13,0,3,4
26,7,1957046837,1,3,0,0,2,0,31,1,18,24,0,4,4
26,8,2915532041,1,0,0,0,3,1,32,5,41,1,1,5,4
26,9,2198865829,1,2,1,0,2,0,31,1,23,19,0,6,4
26,10,585153166,1,3,0,0,0,0,30,5,6,36,1,6,5
26,11,2396577233,1,0,0,0,3,1,31,2,25,17,0,6,6
26,12,3355062437,1,1,0,0,0,0,31,2,13,29,0,7,6
27,0,3270497519,1,0,0,0,0,0,31,3,17,25,0,1,0
27,1,2934437938,1,1,0,0,0,0,30,1,19,23,0,2,0
27,2,940118644,1,2,0,0,0,0,30,0,33,9,0,3,0
27,3,604059063,1,3,0,0,3,1,31,6,39,3,1,4,0
27,4,3710027915,1,0,0,0,3,1,31,6,42,0,1,5,0
27,5,2993361703,1,2,1,0,1,1,31,1,25,17,0,5,1
27,6,890425105,1,3,0,0,0,0,30,4,9,33,1,5,2
27,7,1043589459,1,0,0,0,1,1,30,5,30,12,1,6,2
27,8,2855013526,1,1,0,0,0,0,31,1,2,40,1,6,3
27,9,3813498730,1,2,0,0,1,1,31,0,42,0,1,7,3
28,0,1703396982,1,0,0,0,2,0,31,2,30,12,0,1,0
28,1,562016551,1,1,0,0,3,1,30,9,35,7,1,2,0
28,2,225956970,1,2,0,0,2,0,31,3,24,18,0,3,0
28,3,3331925822,1,3,0,0,2,0,30,4,2,40,1,3,1
28,4,2995866241,1,0,0,0,3,1,30,2,30,12,1,4,1
28,5,1001546947,1,1,0,0,1,1,31,2,25,17,0,4,2
28,6,665487366,1,2,0,0,1,1,31,2,41,1,1,5,2
28,7,3771456218,1,3,0,0,3,1,31,1,24,18,0,5,3
28,8,3435396637,1,0,0,0,0,0,32,6,8,34,1,5,4
28,9,3099337056,1,1,0,0,1,1,31,2,41,1,1,6,4
28,10,1105017762,1,2,0,0,2,0,32,4,8,34,1,6,5
28,11,768958181,1,3,0,0,3,1,31,0,42,0,1,7,5
29,0,1059039431,1,0,0,0,3,1,31,1,40,2,1,1,0
29,1,2870463498,1,1,0,0,1,1,31,1,24,18,0,1,1
29,2,1681465054,1,2,0,0,2,0,32,2,22,20,0,2,1
29,3,540084623,1,3,0,0,2,0,32,6,23,19,0,3,1
29,4,204025042,1,0,0,0,2,0,31,6,13,29,0,4,1
29,5,3309993894,1,1,0,0,1,1,30,2,31,11,1,5,1
29,6,2973934313,1,2,0,0,0,0,30,3,6,36,1,5,2
29,7,979615019,1,3,0,0,1,1,31,0,25,17,0,5,3
29,8,643555438,1,0,0,0,2,0,30,9,7,35,1,5,4
29,9,307495857,1,1,0,0,1,1,31,9,19,23,0,5,5
29,10,3413464709,1,2,0,0,2,0,32,5,12,30,0,6,5
29,11,25261743,1,3,0,0,0,0,30,4,17,25,0,7,5
30,0,315342993,1,0,0,0,2,0,31,3,17,25,0,1,0
30,1,2126767060,1,1,0,0,1,1,32,4,40,2,1,2,0
30,2,3085252264,1,2,0,0,0,0,31,0,17,25,0,3,0
30,3,601709035,1,3,0,0,0,0,30,6,23,19,0,4,0
30,4,3755295900,1,0,0,0,3,1,31,4,25,17,0,4,1
30,5,2566297456,1,1,0,0,3,1,31,5,24,18,0,4,2
30,6,2230237875,1,2,0,0,2,0,31,5,25,17,0,5,2
30,7,1041239431,1,3,0,0,3,1,32,4,6,36,0,5,3
30,8,4194826296,1,0,0,0,1,1,30,0,21,21,0,5,4
30,9,3005827852,1,1,0,0,1,1,31,1,15,27,0,5,5
30,10,2669768271,1,2,0,0,2,0,32,4,9,33,1,5,6
30,11,2333708690,1,3,0,0,0,0,30,5,8,34,1,5,7
31,0,3627048788,1,0,0,0,3,1,30,5,25,17,0,0,1
31,1,1143505559,1,1,0,0,2,0,30,6,18,24,0,1,1
31,2,1296669913,1,2,0,0,3,1,30,1,42,0,1,2,1
31,3,960610332,1,3,0,0,2,0,32,4,20,22,0,3,1
31,4,2772034399,1,0,0,0,3,1,30,5,41,1,1,4,1
31,5,3730519603,1,1,0,0,1,1,31,0,39,3,1,5,1
31,6,441655524,1,2,0,0,2,0,31,0,29,13,0,6,1
31,7,1400140728,1,3,0,0,2,0,31,4,17,25,0,7,1
32,0,835207589,1,0,0,0,0,0,31,6,13,29,0,1,0
32,1,499148008,1,1,0,0,0,0,30,4,13,29,0,2,0
32,2,3605116860,1,2,0,0,1,1,32,4,36,6,1,3,0
32,3,3269057279,1,3,0,0,2,0,30,4,6,36,1,3,1
32,4,1274737985,1,0,0,0,0,0,31,2,0,42,1,3,2
32,5,938678404,1,1,0,0,1,1,31,3,41,1,1,4,2
32,6,2750102471,1,2,0,0,1,1,31,0,25,17,0,4,3
32,7,3708587675,1,3,0,0,2,0,31,6,12,30,0,5,3
32,8,419723596,1,0,0,0,0,0,32,4,7,35,1,5,4
32,9,1378208800,1,1,0,0,3,1,30,4,28,14,0,5,5
32,10,3189632867,1,2,0,0,3,1,30,4,30,12,1,6,5
32,11,2853573286,1,3,0,0,2,0,32,0,1,41,1,6,6
32,12,3006737640,1,0,0,0,1,1,30,0,29,13,0,6,7
33,0,3563074348,1,0,0,0,2,0,31,4,23,19,0,1,0
33,1,3227014767,1,1,0,0,2,0,30,1,1,41,1,1,1
33,2,2085634336,1,2,0,0,0,0,30,6,19,23,0,2,1
33,3,896635892,1,3,0,0,2,0,30,2,12,30,1,2,2
33,4,560576311,1,0,0,0,3,1,31,1,30,12,0,2,3
33,5,3666545163,1,1,0,0,2,0,30,4,23,19,0,3,3
33,6,3330485582,1,2,0,0,2,0,31,2,7,35,1,3,4
33,7,1336166288,1,3,0,0,2,0,31,0,23,19,0,4,4
33,8,1000106707,1,0,0,0,3,1,31,2,25,17,0,4,5
33,9,664047126,1,1,0,0,1,1,31,6,42,0,1,5,5
33,10,3770015978,1,2,0,0,0,0,31,2,18,24,0,6,5
33,11,2628635547,1,3,0,0,0,0,30,4,7,35,1,6,6
33,12,1439637103,1,0,0,0,2,0,30,4,2,40,1,6,7
34,0,2918716797,1,0,0,0,0,0,31,2,1,41,1,0,1
34,1,435173568,1,1,0,0,2,0,30,4,23,19,0,1,1
34,2,3541142420,1,2,0,0,1,1,30,2,29,13,0,1,2
34,3,3205082839,1,3,0,0,2,0,31,6,19,23,0,2,2
34,4,2063702408,1,0,0,0,3,1,31,1,31,11,1,3,2
34,5,874703964,1,1,0,0,0,0,31,4,18,24,0,4,2
34,6,538644383,1,2,0,0,2,0,32,4,1,41,1,4,3
34,7,3644613235,1,3,0,0,1,1,31,3,24,18,0,4,4
34,8,2503232804,1,0,0,0,0,0,31,4,11,31,1,4,5
34,9,2167173223,1,1,0,0,1,1,31,4,28,14,0,4,6
34,10,978174779,1,2,0,0,0,0,31,1,11,31,1,4,7
35,0,1935455296,1,0,0,0,2,0,31,5,18,24,0,1,0
35,1,3746879363,1,1,0,0,0,0,30,0,11,31,1,1,1
35,2,3900043717,1,2,0,0,2,0,31,0,17,25,0,2,1
35,3,3563984136,1,3,0,0,1,1,30,2,42,0,1,3,1
35,4,1080440907,1,0,0,0,3,1,31,4,36,6,1,4,1
35,5,4186409759,1,1,0,0,1,1,32,2,24,18,0,4,2
35,6,3045029328,1,2,0,0,1,1,31,0,31,11,1,5,2
35,7,3622907901,1,0,1,0,0,0,32,0,12,30,0,6,2
35,8,1519971303,1,1,0,0,1,1,31,2,36,6,1,7,2
36,0,1191758858,1,0,0,0,0,0,30,0,16,26,0,1,0
36,1,3003182925,1,1,0,0,0,0,30,1,17,25,0,2,0
36,2,1913523368,1,2,0,0,0,0,30,6,11,31,1,2,1
36,3,2820287698,1,3,0,0,2,0,31,2,6,36,1,2,2
36,4,336744469,1,0,0,0,3,1,31,3,25,17,0,2,3
36,5,3542052208,1,1,0,0,3,1,31,3,30,12,0,2,4
36,6,3106653740,1,2,0,0,2,0,31,3,2,40,1,2,5
36,7,3259818094,1,3,0,0,2,0,31,3,29,13,0,3,5
36,8,776274865,1,0,0,0,3,1,31,5,42,0,1,4,5
36,9,3981582604,1,1,0,0,3,1,30,6,41,1,1,5,5
36,10,1498039375,1,2,0,0,3,1,30,2,23,19,0,5,6
36,11,3210124555,1,3,0,0,3,1,32,4,23,19,0,5,7
37,0,3500205805,1,0,0,0,3,1,31,0,36,6,1,1,0
37,1,2358825374,1,1,0,0,0,0,31,4,7,35,1,1,1
37,2,1169826930,1,2,0,0,0,0,31,4,0,42,1,1,2
37,3,833767349,1,3,0,0,3,1,32,5,36,6,1,2,2
37,4,2645191416,1,0,0,0,0,0,32,4,19,23,0,3,2
37,5,2798355770,1,1,0,0,0,0,32,6,6,36,1,3,3
37,6,314812541,1,2,0,0,0,0,30,6,17,25,0,4,3
37,7,1273297745,1,3,0,0,2,0,31,5,24,18,0,5,3
37,8,3084721812,1,0,0,0,2,0,31,6,24,18,0,6,3
37,9,3237886166,1,1,0,0,3,1,31,9,41,1,1,7,3
38,0,1127784418,1,0,0,0,3,1,31,2,36,6,1,1,0
38,1,791724837,1,1,0,0,1,1,31,4,23,19,0,1,1
38,2,455665256,1,2,0,0,1,1,32,4,25,17,0,1,2
38,3,3561634108,1,3,0,0,2,0,31,0,29,13,0,2,2
38,4,2420253677,1,0,0,0,1,1,30,1,24,18,0,2,3
38,5,1231255233,1,1,0,0,0,0,31,2,6,36,1,2,4
38,6,895195652,1,2,0,0,1,1,30,3,14,28,0,2,5
38,7,4001164504,1,3,0,0,1,1,30,0,19,23,0,2,6
38,8,2859784073,1,0,0,0,0,0,31,5,0,42,1,2,7
39,0,3436231365,1,0,0,0,2,0,30,0,41,1,0,1,0
39,1,2294850934,1,1,0,0,3,1,30,0,41,1,1,2,0
39,2,1105852490,1,2,0,0,0,0,30,0,7,35,1,2,1
39,3,769792909,1,3,0,0,1,1,31,3,36,6,1,3,1
39,4,433733328,1,0,0,0,3,1,31,9,31,11,1,4,1
39,5,2734381330,1,1,0,0,1,1,31,6,29,13,0,4,2
39,6,2398321749,1,2,0,0,2,0,31,3,23,19,0,5,2
39,7,1209323305,1,3,0,0,2,0,31,3,12,30,0,6,2
39,8,873263724,1,0,0,0,0,0,30,0,1,41,1,6,3
39,9,4026850589,1,1,0,0,3,1,31,4,24,18,0,6,4
39,10,2837852145,1,2,0,0,2,0,31,0,24,18,0,7,4
40,0,3795132662,1,0,0,0,2,0,31,6,7,35,1,0,1
40,1,1311589433,1,1,0,0,1,1,32,6,30,12,0,0,2
40,2,2270074637,1,2,0,0,1,1,31,6,42,0,1,1,2
40,3,1128694206,1,3,0,0,3,1,32,5,35,7,1,2,2
40,4,2940118273,1,0,0,0,3,1,31,9,42,0,1,3,2
40,5,1751119829,1,1,0,0,2,0,30,5,2,40,1,3,3
40,6,1415060248,1,2,0,0,2,0,31,4,18,24,0,4,3
40,7,1568224602,1,3,0,0,2,0,31,3,0,42,1,4,4
40,8,3379648669,1,0,0,0,3,1,31,1,35,7,1,5,4
40,9,43166577,1,1,0,0,3,1,30,0,31,11,1,6,4
40,10,1854590644,1,2,0,0,1,1,31,0,25,17,0,6,5
40,11,713210213,1,3,0,0,2,0,31,3,12,30,0,7,5
41,0,1003291463,1,0,0,0,0,0,31,2,18,24,0,1,0
41,1,2715376643,1,1,0,0,1,1,31,5,35,7,1,2,0
41,2,3773200734,1,2,0,0,2,0,31,6,9,33,1,2,1
41,3,1289657505,1,3,0,0,3,1,31,3,25,17,0,2,2
41,4,953597924,1,0,0,0,0,0,30,3,0,42,1,2,3
41,5,1106762278,1,1,0,0,0,0,32,0,19,23,0,3,3
41,6,671363810,1,2,0,0,0,0,30,2,14,28,0,4,3
41,7,1729187901,1,3,0,0,2,0,31,4,1,41,1,4,4
41,8,1393128320,1,0,0,0,3,1,31,1,29,13,0,4,5
41,9,1546292674,1,1,0,0,0,0,32,4,1,41,1,4,6
41,10,3357716741,1,2,0,0,1,1,31,3,35,7,1,5,6
41,11,774834625,1,3,0,0,3,1,32,5,29,13,0,5,7
42,0,3731158222,1,0,0,0,3,1,31,4,31,11,1,1,0
42,1,3395098641,1,1,0,0,3,1,30,2,41,1,1,2,0
42,2,3059039060,1,2,0,0,2,0,32,4,26,16,0,3,0
42,3,1064719766,1,3,0,0,3,1,32,1,42,0,1,4,0
42,4,728660185,1,0,0,0,3,1,31,2,14,28,0,4,1
42,5,3834629037,1,1,0,0,1,1,32,3,25,17,0,4,2
42,6,3498569456,1,2,0,0,1,1,30,2,31,11,1,5,2
42,7,2309571012,1,3,0,0,3,1,32,1,20,22,0,5,3
42,8,1168190581,1,0,0,0,2,0,30,4,12,30,1,5,4
42,9,2979614648,1,1,0,0,1,1,31,2,42,0,1,6,4
42,10,3938099852,1,2,0,0,2,0,31,0,33,9,0,7,4
43,0,1744637873,1,0,0,0,3,1,31,2,41,1,1,1,0
43,1,2651402203,1,1,0,0,0,0,31,9,13,29,0,2,0
43,2,2315342622,1,2,0,0,3,1,30,1,35,7,1,3,0
43,3,1126344178,1,3,0,0,1,1,30,6,30,12,1,4,0
43,4,790284597,1,0,0,0,2,0,31,0,29,13,0,5,0
43,5,3090932599,1,1,0,0,1,1,33,4,41,1,1,6,0
43,6,2754873018,1,2,0,0,1,1,31,0,18,24,0,6,1
43,7,1565874574,1,3,0,0,2,0,31,0,18,24,0,7,1
44,0,1584780471,1,0,0,0,2,0,30,0,17,25,0,1,0
44,1,443400040,1,1,0,0,0,0,32,4,1,41,1,1,1
44,2,3549368892,1,2,0,0,2,0,31,1,12,30,0,2,1
44,3,3213309311,1,3,0,0,2,0,31,0,28,14,0,3,1
44,4,2024310867,1,0,0,0,0,0,32,6,25,17,0,4,1
44,5,882930436,1,1,0,0,0,0,31,3,18,24,0,5,1
44,6,546870855,1,2,0,0,1,1,31,3,34,8,1,6,1
44,7,3652839707,1,3,0,0,2,0,32,3,6,36,1,6,2
44,8,3316780126,1,0,0,0,2,0,31,5,30,12,0,7,2
45,0,1359842732,1,0,0,0,0,0,31,2,20,22,0,1,0
45,1,3171266799,1,1,0,0,0,0,31,0,7,35,1,1,1
45,2,4129752003,1,2,0,0,2,0,32,1,12,30,0,2,1
45,3,1646208774,1,3,0,0,3,1,32,2,40,2,1,3,1
45,4,504828343,1,0,0,0,0,0,30,9,8,34,1,3,2
45,5,3610797195,1,1,0,0,0,0,31,4,22,20,0,4,2
45,6,3274737614,1,2,0,0,1,1,31,3,40,2,1,5,2
45,7,2085739170,1,3,0,0,2,0,31,1,6,36,1,5,3
45,8,944358739,1,0,0,0,3,1,32,2,31,11,0,5,4
45,9,1902843943,1,1,0,0,3,1,31,2,35,7,1,6,4
45,10,3714268010,1,2,0,0,1,1,31,0,31,11,1,7,4
46,0,3668289679,1,0,0,0,3,1,30,4,31,11,1,1,0
46,1,1184746450,1,1,0,0,1,1,31,1,40,2,1,2,0
46,2,1337910804,1,2,0,0,1,1,31,1,42,0,1,3,0
46,3,3149334871,1,3,0,0,2,0,32,0,17,25,0,4,0
46,4,2813275290,1,0,0,0,1,1,30,9,25,17,0,4,1
46,5,1624276846,1,1,0,0,2,0,30,1,28,14,0,5,1
46,6,2531041176,1,2,0,0,0,0,31,4,2,40,1,5,2
46,7,3588865267,1,3,0,0,3,1,32,4,35,7,1,6,2
46,8,3252805686,1,0,0,0,2,0,31,5,7,35,1,6,3
46,9,2063807242,1,1,0,0,0,0,31,3,12,30,0,7,3
47,0,1295868292,1,0,0,0,2,0,31,3,24,18,0,1,0
47,1,959808711,1,1,0,0,0,0,31,4,25,17,0,2,0
47,2,623749130,1,2,0,0,2,0,32,4,12,30,0,3,0
47,3,3729717982,1,3,0,0,0,0,30,1,6,36,1,3,1
47,4,3393658401,1,0,0,0,0,0,31,4,25,17,0,4,1
47,5,1399339107,1,1,0,0,0,0,30,1,17,25,0,5,1
47,6,1063279526,1,2,0,0,1,1,31,5,25,17,0,5,2
47,7,4169248378,1,3,0,0,2,0,31,2,11,31,1,5,3
47,8,3833188797,1,0,0,0,3,1,31,3,36,6,1,6,3
47,9,544324718,1,1,0,0,0,0,30,1,17,25,0,7,3
48,0,1941331740,1,0,0,0,1,1,30,5,30,12,1,1,0
48,1,799951309,1,1,0,0,3,1,31,4,35,7,1,2,0
48,2,3905920161,1,2,0,0,3,1,30,9,24,18,0,2,1
48,3,3569860580,1,3,0,0,1,1,30,5,30,12,1,3,1
48,4,332717375,1,0,0,0,3,1,31,4,40,2,1,4,1
48,5,1239481705,1,1,0,0,2,0,30,1,18,24,0,5,1
48,6,903422124,1,2,0,0,1,1,31,6,34,8,1,6,1
48,7,4009390976,1,3,0,0,1,1,30,4,15,27,0,6,2
48,8,1525847747,1,0,0,0,0,0,31,4,17,25,0,7,2
49,0,3444457837,1,0,0,0,2,0,30,9,2,40,1,0,1
49,1,3108398256,1,1,0,0,1,1,31,0,19,23,0,0,2
49,2,1114078962,1,2,0,0,1,1,31,9,36,6,1,1,2
49,3,778019381,1,3,0,0,3,1,31,3,34,8,1,2,2
49,4,3883988233,1,0,0,0,3,1,32,4,41,1,1,3,2
49,5,3547928652,1,1,0,0,3,1,30,4,24,18,0,3,3
49,6,1064385423,1,2,0,0,1,1,32,6,25,17,0,3,4
49,7,1217549777,1,3,0,0,1,1,31,4,16,26,0,3,5
49,8,881490196,1,0,0,0,1,1,30,0,31,11,1,4,5
49,9,3987459048,1,1,0,0,0,0,31,4,6,36,1,4,6
49,10,1503915819,1,2,0,0,0,0,31,3,7,35,1,4,7
50,0,4024840948,1,0,0,0,3,1,31,0,30,12,0,0,1
50,1,735976869,1,1,0,0,0,0,30,1,13,29,0,1,1
50,2,1694462073,1,2,0,0,0,0,30,0,0,42,1,1,2
50,3,3505886140,1,3,0,0,0,0,30,3,0,42,1,1,3
50,4,3169826559,1,0,0,0,3,1,31,2,30,12,0,1,4
50,5,1175507265,1,1,0,0,3,1,31,6,35,7,1,2,4
50,6,839447684,1,2,0,0,2,0,30,0,23,19,0,3,4
50,7,3945416536,1,3,0,0,0,0,30,5,7,35,1,3,5
50,8,3609356955,1,0,0,0,0,0,32,2,0,42,1,3,6
50,9,2420358511,1,1,0,0,0,0,31,3,0,42,1,3,7
51,0,1232999749,1,0,0,0,3,1,31,5,42,0,1,1,0
51,1,3044423816,1,1,0,0,3,1,31,4,29,13,0,1,1
51,2,4002909020,1,2,0,0,2,0,31,4,8,34,1,1,2
51,3,714044941,1,3,0,0,3,1,32,6,36,6,1,2,2
51,4,377985360,1,0,0,0,3,1,31,2,42,0,1,3,2
51,5,3483954212,1,1,0,0,1,1,32,5,40,2,1,4,2
51,6,3147894631,1,2,0,0,2,0,31,1,14,28,0,5,2
51,7,3301058985,1,3,0,0,1,1,30,6,34,8,1,6,2
51,8,817515756,1,0,0,0,3,1,31,9,34,8,1,7,2
52,0,249738248,1,0,0,0,3,1,32,3,35,7,1,1,0
52,1,3403325113,1,1,0,0,0,0,31,2,7,35,1,1,1
52,2,2214326669,1,2,0,0,0,0,31,4,18,24,0,2,1
52,3,1878267088,1,3,0,0,3,1,32,3,14,28,0,2,2
52,4,3689691155,1,0,0,0,2,0,31,4,6,36,1,2,3
52,5,3842855509,1,1,0,0,3,1,31,3,24,18,0,2,4
52,6,1359312280,1,2,0,0,1,1,30,4,40,2,1,3,4
52,7,2317797484,1,3,0,0,3,1,30,9,30,12,1,4,4
52,8,4129221551,1,0,0,0,3,1,30,0,12,30,0,4,5
52,9,4282385905,1,1,0,0,0,0,31,5,12,30,0,5,5
52,10,1798842676,1,2,0,0,1,1,31,6,34,8,1,6,5
52,11,1462783095,1,3,0,0,1,1,30,1,41,1,1,7,5
53,0,1752864345,1,0,0,0,2,0,30,5,24,18,0,1,0
53,1,3464949525,1,1,0,0,0,0,31,2,11,31,1,1,1
53,2,1470630231,1,2,0,0,2,0,32,1,11,31,0,2,1
53,3,1134570650,1,3,0,0,2,0,31,5,1,41,1,2,2
53,4,2192394741,1,0,0,0,0,0,31,2,0,42,1,2,3
53,5,1856335160,1,1,0,0,2,0,30,2,33,9,0,3,3
53,6,2763099490,1,2,0,0,1,1,31,6,8,34,0,3,4
53,7,1574101046,1,3,0,0,3,1,31,6,25,17,0,3,5
53,8,3385525113,1,0,0,0,2,0,30,3,18,24,0,4,5
53,9,2295865556,1,1,0,0,0,0,31,3,7,35,1,4,6
53,10,3202629886,1,2,0,0,1,1,31,3,18,24,0,4,7
54,0,185763808,1,0,0,0,3,1,31,5,35,7,1,1,0
54,1,3339350673,1,1,0,0,3,1,31,1,31,11,1,2,0
54,2,2868581,1,2,0,0,1,1,30,9,19,23,0,2,1
54,3,1814292648,1,3,0,0,3,1,31,1,14,28,0,2,2
54,4,1478233067,1,0,0,0,2,0,30,1,23,19,0,3,2
54,5,3778881069,1,1,0,0,1,1,31,9,36,6,1,4,2
54,6,3442821488,1,2,0,0,1,1,31,0,42,0,1,5,2
54,7,2253823044,1,3,0,0,3,1,31,1,31,11,1,6,2
54,8,1917763463,1,0,0,0,3,1,32,2,26,16,0,6,3
54,9,2824527793,1,1,0,0,3,1,30,3,35,7,1,7,3
55,0,1589551018,1,0,0,0,2,0,31,0,11,31,1,0,1
55,1,3400975085,1,1,0,0,1,1,31,3,42,0,1,1,1
55,2,3554139439,1,2,0,0,0,0,31,5,7,35,1,1,2
55,3,1070596210,1,3,0,0,2,0,31,3,7,35,1,1,3
55,4,734536629,1,0,0,0,0,0,31,6,11,31,1,1,4
55,5,3840505481,1,1,0,0,2,0,30,3,22,20,0,2,4
55,6,3504445900,1,2,0,0,2,0,31,4,0,42,1,2,5
55,7,1510126606,1,3,0,0,3,1,31,2,42,0,1,3,5
55,8,1174067025,1,0,0,0,3,1,31,4,29,13,0,3,6
55,9,4280035877,1,1,0,0,1,1,32,0,30,12,0,3,7
56,0,1529032503,1,0,0,0,3,1,30,4,29,13,0,0,1
56,1,1192972922,1,1,0,0,2,0,30,4,25,17,0,1,1
56,2,3974478,1,2,0,0,1,1,31,4,34,8,1,2,1
56,3,3157561343,1,3,0,0,1,1,31,4,41,1,1,3,1
56,4,1968562899,1,0,0,0,2,0,30,5,12,30,1,3,2
56,5,1632503318,1,1,0,0,1,1,33,0,30,12,0,3,3
56,6,443504874,1,2,0,0,2,0,31,4,1,41,1,3,4
56,7,3597091739,1,3,0,0,1,1,31,2,24,18,0,3,5
56,8,3261032158,1,0,0,0,3,1,31,9,42,0,1,4,5
56,9,2072033714,1,1,0,0,3,1,31,5,41,1,1,5,5
56,10,1735974133,1,2,0,0,2,0,32,3,19,23,0,6,5
56,11,4036622135,1,3,0,0,2,0,31,5,6,36,1,6,6
56,12,3700562554,1,0,0,0,3,1,31,4,25,17,0,6,7
57,0,2109415614,1,0,0,0,1,1,30,3,35,7,1,1,0
57,1,3920839681,1,1,0,0,2,0,30,0,2,40,1,1,1
57,2,4074004035,1,2,0,0,0,0,31,4,21,21,0,2,1
57,3,3737944454,1,3,0,0,2,0,30,6,7,35,1,2,2
57,4,1254401225,1,0,0,0,3,1,31,5,35,7,1,3,2
57,5,2212886429,1,1,0,0,1,1,30,5,42,0,1,4,2
57,6,3218989646,1,2,0,0,2,0,31,0,28,14,0,5,2
57,7,4177474850,1,3,0,0,1,1,31,9,25,17,0,5,3
57,8,1693931621,1,0,0,0,0,0,32,1,12,30,0,6,3
57,9,2652416825,1,1,0,0,1,1,31,2,25,17,0,6,4
57,10,3658520042,1,2,0,0,2,0,32,4,6,36,1,6,5
57,11,3322460461,1,3,0,0,2,0,31,1,1,41,1,6,6
57,12,2133462017,1,0,0,0,3,1,31,6,24,18,0,6,7
58,0,3612541711,1,0,0,0,3,1,30,4,41,1,1,1,0
58,1,1029659595,1,1,0,0,0,0,31,4,25,17,0,2,0
58,2,2087483686,1,2,0,0,3,1,30,4,26,16,0,2,1
58,3,2994248016,1,3,0,0,2,0,31,0,33,9,0,3,1
58,4,4052072107,1,0,0,0,1,1,30,3,42,0,1,4,1
58,5,3716012526,1,1,0,0,1,1,31,2,33,9,1,5,1
58,6,3280614058,1,2,0,0,2,0,32,4,0,42,1,5,2
58,7,3433778412,1,3,0,0,3,1,31,6,24,18,0,5,3
58,8,950235183,1,0,0,0,1,1,30,6,40,2,1,6,3
58,9,4155542922,1,1,0,0,0,0,31,0,17,25,0,7,3
59,0,2045441174,1,0,0,0,3,1,31,6,24,18,0,0,1
59,1,1709381593,1,1,0,0,1,1,32,4,25,17,0,0,2
59,2,568001162,1,2,0,0,1,1,30,5,25,17,0,0,3
59,3,3673970014,1,3,0,0,2,0,31,6,1,41,1,0,4
59,4,3337910433,1,0,0,0,1,1,30,4,36,6,1,1,4
59,5,2148911989,1,1,0,0,1,1,32,5,36,6,1,2,4
59,6,1007531558,1,2,0,0,1,1,31,4,28,14,0,2,5
59,7,4113500410,1,3,0,0,3,1,32,3,28,14,0,2,6
59,8,3777440829,1,0,0,0,2,0,31,1,13,29,0,3,6
59,9,3441381248,1,1,0,0,3,1,31,3,42,0,1,4,6
59,10,2252382804,1,2,0,0,2,0,31,2,34,8,0,5,6
59,11,1111002373,1,3,0,0,1,1,30,4,31,11,1,6,6
59,12,4216971225,1,0,0,0,0,0,30,4,6,36,1,6,7
60,0,3449228384,1,0,0,0,3,1,31,2,18,24,0,0,1
60,1,965685155,1,1,0,0,0,0,31,0,12,30,0,1,1
60,2,4071654007,1,2,0,0,2,0,30,0,2,40,1,1,2
60,3,3735594426,1,3,0,0,2,0,31,4,1,41,1,1,3
60,4,2594213995,1,0,0,0,1,1,30,6,41,1,1,2,3
60,5,1405215551,1,1,0,0,0,0,30,3,11,31,1,2,4
60,6,1069155970,1,2,0,0,2,0,31,2,23,19,0,3,4
60,7,4175124822,1,3,0,0,3,1,30,4,18,24,0,3,5
60,8,3033744391,1,0,0,0,0,0,32,5,7,35,1,3,6
60,9,2697684810,1,1,0,0,2,0,30,1,34,8,0,4,6
60,10,1508686366,1,2,0,0,1,1,32,6,42,0,1,5,6
60,11,1172626785,1,3,0,0,1,1,30,0,19,23,0,5,7
61,0,417822122,1,0,0,0,2,0,30,6,11,31,1,0,1
61,1,2229246189,1,1,0,0,1,1,31,0,30,12,0,0,2
61,2,2382410543,1,2,0,0,2,0,32,4,1,41,1,0,3
61,3,4094495723,1,3,0,0,3,1,31,5,20,22,0,0,4
61,4,1610952494,1,0,0,0,3,1,31,4,41,1,1,1,4
61,5,2668776585,1,1,0,0,1,1,32,6,25,17,0,1,5
61,6,3575540915,1,2,0,0,2,0,31,0,8,34,1,1,6
61,7,2485881358,1,3,0,0,3,1,32,4,40,2,1,2,6
61,8,2050482890,1,0,0,0,3,1,31,3,41,1,1,3,6
61,9,3108306981,1,1,0,0,1,1,31,3,41,1,1,4,6
61,10,4015071311,1,2,0,0,1,1,31,0,19,23,0,4,7
62,0,3969092980,1,0,0,0,0,0,32,5,22,20,0,1,0
62,1,1485549751,1,1,0,0,0,0,31,2,6,36,1,1,1
62,2,2444034955,1,2,0,0,2,0,31,2,8,34,1,1,2
62,3,1302654524,1,3,0,0,3,1,31,6,30,12,0,1,3
62,4,3114078591,1,0,0,0,1,1,30,1,24,18,0,1,4
62,5,4072563795,1,1,0,0,1,1,31,4,34,8,1,2,4
62,6,1589020566,1,2,0,0,3,1,30,6,35,7,1,3,4
62,7,1742184920,1,3,0,0,2,0,30,0,22,20,0,4,4
62,8,3553608987,1,0,0,0,2,0,31,5,2,40,1,4,5
62,9,217126895,1,1,0,0,1,1,31,4,36,6,1,5,5
62,10,2028550962,1,2,0,0,1,1,30,6,29,13,0,5,6
62,11,887170531,1,3,0,0,3,1,32,0,41,1,1,6,6
62,12,3993139383,1,0,0,0,0,0,32,1,7,35,1,6,7
63,0,1177251781,1,0,0,0,2,0,31,4,13,29,0,1,0
63,1,2889336961,1,1,0,0,0,0,32,4,24,18,0,2,0
63,2,3947161052,1,2,0,0,3,1,30,9,29,13,0,2,1
63,3,3611101471,1,3,0,0,3,1,32,5,34,8,1,3,1
63,4,2422103027,1,0,0,0,3,1,32,6,41,1,1,4,1
63,5,1280722596,1,1,0,0,0,0,31,3,18,24,0,5,1
63,6,845324128,1,2,0,0,2,0,31,5,11,31,1,5,2
63,7,4050631867,1,3,0,0,3,1,31,5,42,0,1,6,2
63,8,1567088638,1,0,0,0,2,0,30,2,0,42,1,6,3
63,9,1720252992,1,1,0,0,3,1,31,5,31,11,1,7,3
64,0,3905118540,1,0,0,0,2,0,31,3,28,14,0,1,0
64,1,3569058959,1,1,0,0,3,1,30,1,34,8,1,2,0
64,2,3232999378,1,2,0,0,2,0,32,9,23,19,0,3,0
64,3,1238680084,1,3,0,0,2,0,31,1,28,14,0,4,0
64,4,902620503,1,0,0,0,3,1,31,0,39,3,1,5,0
64,5,4008589355,1,1,0,0,3,1,31,5,24,18,0,5,1
64,6,3672529774,1,2,0,0,2,0,32,2,0,42,1,5,2
64,7,2483531330,1,3,0,0,0,0,30,0,18,24,0,6,2
64,8,1342150899,1,0,0,0,0,0,32,0,6,36,1,6,3
64,9,1006091318,1,1,0,0,0,0,31,2,17,25,0,7,3
65,0,3745261138,1,0,0,0,0,0,31,9,24,18,0,1,0
65,1,3409201557,1,1,0,0,0,0,31,0,12,30,0,2,0
65,2,2220203113,1,2,0,0,1,1,30,1,31,11,1,3,0
65,3,1884143532,1,3,0,0,3,1,31,0,41,1,1,4,0
65,4,4184791534,1,0,0,0,3,1,31,3,25,17,0,4,1
65,5,3848731953,1,1,0,0,0,0,31,0,3,39,1,4,2
65,6,3512672372,1,2,0,0,0,0,30,2,19,23,0,5,2
65,7,2323673928,1,3,0,0,3,1,31,9,41,1,1,6,2
65,8,1182293497,1,0,0,0,3,1,31,3,35,7,1,7,2
66,0,2277499488,1,0,0,0,0,0,31,4,3,39,1,0,1
66,1,4088923555,1,1,0,0,1,1,31,0,13,29,0,0,2
66,2,752441463,1,2,0,0,2,0,30,9,6,36,1,0,3
66,3,1659205793,1,3,0,0,3,1,32,5,24,18,0,0,4
66,4,3470629860,1,0,0,0,0,0,32,3,17,25,0,1,4
66,5,233486655,1,1,0,0,3,1,31,5,34,8,1,2,4
66,6,4192394370,1,2,0,0,2,0,32,6,12,30,0,3,4
66,7,50591428,1,3,0,0,2,0,31,4,33,9,0,4,4
66,8,3910160256,1,0,0,0,0,0,31,0,7,35,1,4,5
66,9,2820500699,1,1,0,0,0,0,31,3,8,34,1,4,6
66,10,336957470,1,2,0,0,1,1,31,2,35,7,1,5,6
66,11,1243721800,1,3,0,0,3,1,30,4,41,1,1,6,6
66,12,2301545891,1,0,0,0,3,1,31,6,35,7,1,7,6
67,0,1533803050,1,0,0,0,3,1,31,3,19,23,0,0,1
67,1,1197743469,1,1,0,0,0,0,31,2,0,42,1,0,2
67,2,8745025,1,2,0,0,1,1,31,1,15,27,0,0,3
67,3,1820169092,1,3,0,0,2,0,31,5,2,40,1,0,4
67,4,678788661,1,0,0,0,0,0,31,4,18,24,0,1,4
67,5,1637273865,1,1,0,0,0,0,31,0,1,41,1,1,5
67,6,3448697932,1,2,0,0,0,0,30,1,12,30,1,1,6
67,7,2259699488,1,3,0,0,2,0,31,9,0,42,1,1,7
68,0,4261669809,1,0,0,0,0,0,31,4,1,41,1,0,1
68,1,3925610228,1,1,0,0,2,0,30,3,0,42,1,0,2
68,2,3589550647,1,2,0,0,2,0,31,0,12,30,0,1,2
68,3,1595231353,1,3,0,0,3,1,31,3,31,11,1,2,2
68,4,1259171772,1,0,0,0,0,0,31,4,3,39,1,2,3
68,5,70173328,1,1,0,0,2,0,30,6,1,41,1,2,4
68,6,3648474412,1,3,1,0,2,0,31,6,0,42,1,2,5
68,7,2034761749,1,0,0,0,0,0,32,4,1,41,1,2,6
68,8,1698702168,1,1,0,0,3,1,31,5,31,11,1,3,6
68,9,3510126235,1,2,0,0,3,1,30,2,34,8,1,4,6
68,10,173644143,1,3,0,0,3,1,31,6,40,2,1,5,6
68,11,1985068210,1,0,0,0,2,0,30,1,19,23,0,6,6
68,12,2138232564,1,1,0,0,0,0,31,6,12,30,0,7,6
69,0,2053667646,1,0,0,0,1,1,30,1,30,12,1,1,0
69,1,1717608065,1,1,0,0,0,0,31,3,7,35,1,1,1
69,2,528609621,1,2,0,0,0,0,31,2,12,30,0,2,1
69,3,192550040,1,3,0,0,3,1,31,0,41,1,1,3,1
69,4,2493198042,1,0,0,0,3,1,31,1,7,35,0,3,2
69,5,2157138461,1,1,0,0,3,1,31,2,30,12,0,3,3
69,6,1821078880,1,2,0,0,2,0,31,6,29,13,0,4,3
69,7,632080436,1,3,0,0,1,1,31,4,29,13,0,4,4
69,8,3785667301,1,0,0,0,0,0,30,6,7,35,1,4,5
69,9,2596668857,1,1,0,0,1,1,31,5,25,17,0,4,6
69,10,2260609276,1,2,0,0,2,0,31,0,1,41,1,4,7
70,0,67147297,1,0,0,0,1,1,30,5,23,19,0,0,1
70,1,973911627,1,1,0,0,1,1,32,2,42,0,1,1,1
70,2,4079880479,1,2,0,0,0,0,31,2,11,31,1,1,2
70,3,3743820898,1,3,0,0,2,0,31,0,18,24,0,2,2
70,4,506677693,1,0,0,0,3,1,31,1,41,1,1,3,2
70,5,1413442023,1,1,0,0,0,0,31,6,1,41,1,3,3
70,6,1077382442,1,2,0,0,1,1,30,9,17,25,0,3,4
70,7,4183351294,1,3,0,0,2,0,31,4,7,35,1,3,5
70,8,3847291713,1,0,0,0,3,1,32,5,20,22,0,3,6
70,9,1852972419,1,1,0,0,1,1,31,1,30,12,0,3,7
71,0,4137176854,1,0,0,0,0,0,31,2,17,25,0,1,0
71,1,1173688107,1,2,1,0,2,0,31,1,30,12,0,2,0
71,2,2612118829,1,3,0,0,1,1,31,1,41,1,1,3,0
71,3,128575600,1,0,0,0,3,1,31,5,30,12,0,3,1
71,4,1035339930,1,1,0,0,3,1,31,4,30,12,0,3,2
71,5,2093164021,1,2,0,0,3,1,30,6,31,11,1,4,2
71,6,1757104440,1,3,0,0,3,1,31,3,23,19,0,4,3
71,7,568105996,1,0,0,0,3,1,31,1,41,1,1,5,3
71,8,1474870326,1,1,0,0,1,1,32,0,9,33,0,5,4
71,9,385210769,1,2,0,0,2,0,32,3,25,17,0,6,4
71,10,2196634836,1,3,0,0,3,1,31,0,35,7,1,7,4
72,0,4198801266,1,0,0,0,3,1,31,4,30,12,0,0,1
72,1,3057420835,1,1,0,0,1,1,31,2,19,23,0,0,2
72,2,1868422391,1,2,0,0,1,1,30,2,42,0,1,1,2
72,3,3679846458,1,3,0,0,3,1,32,4,41,1,1,2,2
72,4,3343786877,1,0,0,0,1,1,30,1,18,24,0,2,3
72,5,3496951231,1,1,0,0,0,0,30,4,1,41,1,2,4
72,6,1013408002,1,2,0,0,2,0,31,3,1,41,1,2,5
72,7,1971893206,1,3,0,0,0,0,30,4,23,19,0,3,5
72,8,3783317273,1,0,0,0,2,0,31,5,12,30,0,4,5
72,9,2594318829,1,1,0,0,1,1,31,2,36,6,1,5,5
72,10,1452938398,1,2,0,0,2,0,31,3,18,24,0,6,5
72,11,1116878817,1,3,0,0,1,1,31,2,29,13,0,6,6
72,12,4222847669,1,0,0,0,3,1,30,3,36,6,1,7,6
73,0,2410218915,1,0,0,0,3,1,30,2,19,23,0,0,1
73,1,2074159334,1,1,0,0,1,1,30,3,30,12,1,1,1
73,2,3131983425,1,2,0,0,0,0,30,0,22,20,0,2,1
73,3,4038747755,1,3,0,0,3,1,32,1,0,42,0,2,2
73,4,2849749311,1,0,0,0,2,0,30,4,22,20,0,3,2
73,5,2513689730,1,1,0,0,2,0,30,6,19,23,0,4,2
73,6,30146501,1,2,0,0,2,0,31,6,0,42,1,4,3
73,7,3235454240,1,3,0,0,3,1,31,3,40,2,1,5,3
73,8,4142218570,1,0,0,0,1,1,30,4,42,0,1,6,3
73,9,2953220126,1,1,0,0,1,1,31,0,35,7,1,7,3
74,0,423698566,1,0,0,0,0,0,30,9,25,17,0,1,0
74,1,3577285431,1,1,0,0,0,0,31,3,22,20,0,2,0
74,2,2388286987,1,2,0,0,2,0,31,9,17,25,0,3,0
74,3,2052227406,1,3,0,0,2,0,31,1,25,17,0,4,0
74,4,863228962,1,0,0,0,1,1,30,1,13,29,0,4,1
74,5,4016815827,1,1,0,0,1,1,31,2,23,19,0,4,2
74,6,3680756246,1,2,0,0,2,0,32,3,0,42,1,4,3
74,7,2491757802,1,3,0,0,2,0,31,0,18,24,0,5,3
74,8,8214573,1,0,0,0,3,1,31,4,39,3,1,6,3
74,9,161378927,1,1,0,0,1,1,30,3,19,23,0,6,4
74,10,4120286642,1,2,0,0,2,0,33,4,25,17,0,7,4
75,0,3594362793,1,1,1,0,2,0,30,6,12,30,1,0,1
75,1,3638909843,1,2,0,0,1,1,30,4,30,12,1,1,1
75,2,1644590549,1,3,0,0,1,1,31,4,23,19,0,1,2
75,3,1308530968,1,0,0,0,0,0,31,4,18,24,0,2,2
75,4,2366355059,1,1,0,0,0,0,31,3,17,25,0,3,2
75,5,2030295478,1,2,0,0,0,0,31,2,24,18,0,4,2
75,6,2937059808,1,3,0,0,1,1,31,2,21,21,0,4,3
75,7,1748061364,1,0,0,0,0,0,31,2,1,41,1,4,4
75,8,1412001783,1,1,0,0,1,1,31,2,39,3,1,5,4
75,9,2469825874,1,2,0,0,3,1,30,0,29,13,0,5,5
75,10,3376590204,1,3,0,0,3,1,32,2,42,0,1,6,5
75,11,2187591760,1,0,0,0,0,0,31,4,8,34,1,6,6
75,12,1851532179,1,1,0,0,2,0,30,2,34,8,0,7,6
76,0,2507207774,1,0,0,0,2,0,30,4,7,35,1,0,1
76,1,3033365473,1,2,1,0,2,0,31,1,34,8,0,1,1
76,2,176828899,1,3,0,0,0,0,30,3,12,30,1,1,2
76,3,1988252966,1,0,0,0,0,0,31,3,1,41,1,1,3
76,4,1652193385,1,1,0,0,1,1,30,0,36,6,1,2,3
76,5,3952841387,1,2,0,0,0,0,30,2,2,40,1,2,4
76,6,3616781806,1,3,0,0,1,1,31,3,28,14,0,2,5
76,7,2427783362,1,0,0,0,2,0,31,2,27,15,0,3,5
76,8,2091723781,1,1,0,0,0,0,31,9,18,24,0,4,5
76,9,2244888135,1,2,0,0,0,0,31,4,30,12,0,5,5
76,10,4056312202,1,3,0,0,2,0,31,2,17,25,0,6,5
76,11,3720252621,1,0,0,0,2,0,31,4,17,25,0,7,5
77,0,199866724,1,0,0,0,0,0,31,9,18,24,0,1,0
77,1,4158774439,1,1,0,0,0,0,31,2,6,36,1,1,1
77,2,16971497,1,2,0,0,2,0,32,4,8,34,1,1,2
77,3,1828395564,1,3,0,0,3,1,32,4,41,1,1,2,2
77,4,639397120,1,0,0,0,3,1,31,4,18,24,0,2,3
77,5,303337539,1,1,0,0,0,0,31,1,17,25,0,3,3
77,6,456501893,1,2,0,0,2,0,31,4,12,30,0,4,3
77,7,2267925960,1,3,0,0,2,0,31,5,18,24,0,5,3
77,8,1931866379,1,0,0,0,3,1,32,6,41,1,1,6,3
77,9,742867935,1,1,0,0,0,0,31,4,14,28,0,7,3
78,0,4269896281,1,0,0,0,0,0,30,0,2,40,1,0,1
78,1,3933836700,1,1,0,0,0,0,31,9,0,42,1,0,2
78,2,696693495,1,2,0,0,2,0,31,6,6,36,1,0,3
78,3,2408778675,1,3,0,0,1,1,31,1,42,0,1,1,3
78,4,3466602766,1,0,0,0,0,0,31,3,28,14,0,2,3
78,5,78399800,1,1,0,0,0,0,31,3,28,14,0,3,3
78,6,1889823867,1,2,0,0,1,1,32,4,35,7,1,4,3
78,7,800164310,1,3,0,0,2,0,31,1,27,15,0,5,3
78,8,364765842,1,0,0,0,0,0,32,5,12,30,0,6,3
78,9,517930196,1,1,0,0,2,0,30,6,23,19,0,7,3
79,0,2283375932,1,0,0,0,3,1,31,5,39,3,1,1,0
79,1,1947316351,1,1,0,0,0,0,31,3,7,35,1,1,1
79,2,4247964353,1,2,0,0,3,1,30,4,40,2,1,2,1
79,3,3911904772,1,3,0,0,3,1,33,4,24,18,0,2,2
79,4,2722906328,1,0,0,0,3,1,32,3,42,0,1,3,2
79,5,2386846747,1,1,0,0,1,1,33,4,24,18,0,3,3
79,6,1245466316,1,2,0,0,2,0,31,3,24,18,0,4,3
79,7,56467872,1,3,0,0,2,0,31,2,24,18,0,5,3
79,8,1867891939,1,0,0,0,0,0,32,5,8,34,1,5,4
79,9,2826377143,1,1,0,0,2,0,30,1,29,13,0,6,4
79,10,1684996712,1,2,0,0,0,0,30,9,2,40,1,6,5
79,11,495998268,1,3,0,0,0,0,30,3,1,41,1,6,6
79,12,159938687,1,0,0,0,0,0,32,3,11,31,0,7,6
80,0,716275395,1,0,0,0,2,0,31,5,23,19,0,1,0
80,1,3869862260,1,1,0,0,0,0,30,1,6,36,1,1,1
80,2,533380168,1,2,0,0,2,0,31,5,16,26,0,2,1
80,3,2344804235,1,3,0,0,2,0,31,0,12,30,0,3,1
80,4,2008744654,1,0,0,0,2,0,30,4,1,41,1,3,2
80,5,14425360,1,1,0,0,1,1,31,4,33,9,1,4,2
80,6,3973333075,1,2,0,0,2,0,31,1,16,26,0,5,2
80,7,2784334631,1,3,0,0,3,1,30,5,28,14,0,5,3
80,8,2448275050,1,0,0,0,0,0,31,4,16,26,0,6,3
80,9,1306894619,1,1,0,0,1,1,31,6,42,0,1,7,3
81,0,2803240528,1,0,0,0,0,0,31,5,23,19,0,1,0
81,1,1661860097,1,1,0,0,0,0,31,3,18,24,0,2,0
81,2,472861653,1,2,0,0,0,0,30,6,17,25,0,3,0
81,3,136802072,1,3,0,0,3,1,31,3,31,11,1,4,0
81,4,3242770924,1,0,0,0,0,0,31,4,13,29,0,5,0
81,5,2101390493,1,1,0,0,1,1,31,0,31,11,1,6,0
81,6,912392049,1,2,0,0,2,0,31,6,0,42,1,6,1
81,7,576332468,1,3,0,0,0,0,30,3,12,30,1,6,2
81,8,240272887,1,0,0,0,0,0,31,3,1,41,1,6,3
81,9,3346241739,1,1,0,0,2,0,30,3,28,14,0,7,3
82,0,2059544090,1,0,0,0,1,1,30,1,23,19,0,0,1
82,1,1723484509,1,1,0,0,1,1,31,3,42,0,1,1,1
82,2,534486065,1,2,0,0,2,0,31,4,12,30,0,2,1
82,3,3688072930,1,3,0,0,1,1,30,9,42,0,1,3,1
82,4,2499074486,1,0,0,0,1,1,30,0,36,6,1,4,1
82,5,2163014905,1,1,0,0,0,0,30,6,7,35,1,4,2
82,6,974016461,1,2,0,0,2,0,32,3,7,35,1,4,3
82,7,4127603326,1,3,0,0,3,1,32,3,30,12,0,4,4
82,8,3791543745,1,0,0,0,0,0,30,6,23,19,0,5,4
82,9,2602545301,1,1,0,0,0,0,30,5,17,25,0,6,4
82,10,2266485720,1,2,0,0,1,1,31,6,36,6,1,7,4
83,0,591782440,1,0,0,0,0,0,32,0,39,3,0,1,0
83,1,2403206507,1,1,0,0,1,1,31,2,42,0,1,2,0
83,2,2556370861,1,2,0,0,2,0,31,0,41,1,0,3,0
83,3,4268456041,1,3,0,0,3,1,32,6,35,7,1,4,0
83,4,1031312836,1,0,0,0,0,0,32,3,7,35,1,4,1
83,5,695253255,1,1,0,0,1,1,32,6,29,13,0,4,2
83,6,3749501233,1,2,0,0,1,1,31,5,42,0,1,5,2
83,7,2659841676,1,3,0,0,3,1,31,4,42,0,1,6,2
83,8,176298447,1,0,0,0,2,0,31,6,13,29,0,7,2
84,0,4143053298,1,0,0,0,0,0,32,3,7,35,1,0,1
84,1,3806993717,1,1,0,0,3,1,31,2,40,2,1,1,1
84,2,2617995273,1,2,0,0,1,1,31,4,40,2,1,2,1
84,3,1476614842,1,3,0,0,3,1,32,6,42,0,1,3,1
84,4,287616398,1,0,0,0,3,1,30,0,36,6,1,4,1
84,5,4246524113,1,1,0,0,3,1,31,1,29,13,0,4,2
84,6,1762980884,1,2,0,0,0,0,31,3,18,24,0,5,2
84,7,1916145238,1,3,0,0,2,0,31,1,1,41,1,5,3
84,8,3727569305,1,0,0,0,3,1,32,5,35,7,1,6,3
84,9,391087213,1,1,0,0,1,1,32,1,35,7,1,7,3
85,0,2575952761,1,0,0,0,0,0,32,6,24,18,0,1,0
85,1,2239893180,1,1,0,0,0,0,32,6,12,30,0,2,0
85,2,2393057534,1,2,0,0,0,0,31,5,17,25,0,3,0
85,3,4204481601,1,3,0,0,1,1,30,6,42,0,1,4,0
85,4,3868422020,1,0,0,0,0,0,32,5,17,25,0,5,0
85,5,2679423576,1,1,0,0,1,1,32,0,14,28,0,5,1
85,6,1538043145,1,2,0,0,0,0,30,1,2,40,1,5,2
85,7,349044701,1,3,0,0,2,0,31,4,18,24,0,6,2
85,8,12985120,1,0,0,0,0,0,31,4,1,41,1,6,3
85,9,3971892835,1,1,0,0,0,0,31,9,6,36,1,6,4
85,10,1977573541,1,2,0,0,3,1,30,5,31,11,1,7,4
86,0,367950598,1,0,0,0,3,1,31,4,41,1,1,1,0
86,1,31891017,1,1,0,0,0,0,31,4,28,14,0,2,0
86,2,2332539019,1,2,0,0,2,0,31,4,0,42,1,2,1
86,3,1996479438,1,3,0,0,1,1,30,1,19,23,0,2,2
86,4,807480994,1,0,0,0,3,1,31,4,28,14,0,2,3
86,5,471421413,1,1,0,0,2,0,30,1,1,41,1,2,4
86,6,3577390265,1,2,0,0,2,0,32,5,0,42,1,2,5
86,7,2436009834,1,3,0,0,2,0,30,0,11,31,1,2,6
86,8,2099950253,1,0,0,0,3,1,31,6,35,7,1,3,6
86,9,910951809,1,1,0,0,0,0,31,6,1,41,1,3,7
87,0,948333709,1,0,0,0,2,0,30,5,23,19,0,1,0
87,1,4101920574,1,1,0,0,0,0,31,3,0,42,1,1,1
87,2,2912922130,1,2,0,0,1,1,32,4,42,0,1,2,1
87,3,2576862549,1,3,0,0,3,1,31,5,36,6,1,3,1
87,4,93319320,1,0,0,0,0,0,32,1,16,26,0,4,1
87,5,3199288172,1,1,0,0,1,1,31,4,40,2,1,5,1
87,6,2057907741,1,2,0,0,2,0,32,3,7,35,1,5,2
87,7,3016392945,1,3,0,0,3,1,30,4,40,2,1,6,2
87,8,532849716,1,0,0,0,0,0,31,4,18,24,0,7,2
88,0,2451459806,1,0,0,0,0,0,31,5,9,33,1,0,1
88,1,4262883873,1,1,0,0,1,1,31,3,40,2,1,1,1
88,2,926401781,1,2,0,0,0,0,31,2,34,8,0,2,1
88,3,4079988646,1,3,0,0,0,0,30,1,24,18,0,3,1
88,4,2890990202,1,0,0,0,3,1,31,4,42,0,1,4,1
88,5,2554930621,1,1,0,0,1,1,31,1,25,17,0,4,2
88,6,71387392,1,2,0,0,0,0,31,6,8,34,1,4,3
88,7,224551746,1,3,0,0,1,1,30,6,35,7,1,5,3
88,8,2035975813,1,0,0,0,3,1,31,3,41,1,1,6,3
88,9,2994461017,1,1,0,0,1,1,32,0,19,23,0,6,4
88,10,510917788,1,2,0,0,2,0,31,4,0,42,1,6,5
88,11,1417682118,1,3,0,0,3,1,30,0,42,0,1,7,5
89,0,1707763368,1,0,0,0,3,1,31,0,36,6,1,1,0
89,1,1371703787,1,1,0,0,1,1,31,9,35,7,1,2,0
89,2,182705343,1,2,0,0,2,0,32,6,2,40,1,2,1
89,3,4141613058,1,3,0,0,3,1,31,1,41,1,1,3,1
89,4,2147293764,1,0,0,0,3,1,31,3,19,23,0,3,2
89,5,1811234183,1,1,0,0,2,0,30,5,22,20,0,4,2
89,6,3622658250,1,2,0,0,2,0,31,4,3,39,1,4,3
89,7,286176158,1,3,0,0,1,1,31,2,41,1,1,5,3
89,8,1292279375,1,0,0,0,1,1,30,4,39,3,1,6,3
89,9,2250764579,1,1,0,0,1,1,32,1,41,1,1,7,3
90,0,724501867,1,0,0,0,0,0,33,1,12,30,0,1,0
90,1,388442286,1,1,0,0,0,0,32,0,11,31,0,2,0
90,2,2689090288,1,2,0,0,2,0,30,2,1,41,1,2,1
90,3,2353030707,1,3,0,0,3,1,33,0,42,0,1,3,1
90,4,1164032263,1,0,0,0,3,1,31,4,41,1,1,4,1
90,5,827972682,1,1,0,0,0,0,31,0,23,19,0,5,1
90,6,3981559547,1,2,0,0,1,1,31,6,26,16,0,5,2
90,7,2792561103,1,3,0,0,3,1,32,0,29,13,0,5,3
90,8,2456501522,1,0,0,0,2,0,31,2,0,42,1,5,4
90,9,1267503078,1,1,0,0,3,1,31,0,19,23,0,5,5
90,10,931443497,1,2,0,0,2,0,31,4,10,32,1,5,6
90,11,3232091499,1,3,0,0,1,1,31,5,35,7,1,6,6
90,12,2896031918,1,0,0,0,3,1,31,3,42,0,1,7,6
91,0,2227627964,1,0,0,0,0,0,31,1,11,31,1,0,1
91,1,1891568383,1,1,0,0,1,1,31,1,34,8,1,1,1
91,2,702569939,1,2,0,0,2,0,31,1,3,39,1,1,2
91,3,366510358,1,3,0,0,3,1,31,6,34,8,1,2,2
91,4,2667158360,1,0,0,0,0,0,32,2,7,35,1,2,3
91,5,2331098779,1,1,0,0,1,1,31,5,42,0,1,3,3
91,6,1142100335,1,2,0,0,2,0,32,5,12,30,0,4,3
91,7,806040754,1,3,0,0,2,0,31,9,24,18,0,5,3
91,8,3959627619,1,0,0,0,0,0,31,3,23,19,0,6,3
91,9,2770629175,1,1,0,0,2,0,30,6,30,12,0,7,3
92,0,2808011075,1,0,0,0,0,0,30,9,0,42,1,0,1
92,1,324467846,1,1,0,0,0,0,31,4,0,42,1,0,2
92,2,1282953050,1,2,0,0,2,0,32,0,22,20,0,1,2
92,3,141572619,1,3,0,0,2,0,30,9,0,42,1,1,3
92,4,1952996686,1,0,0,0,3,1,31,4,42,0,1,2,3
92,5,763998242,1,1,0,0,1,1,31,3,30,12,0,2,4
92,6,427938661,1,2,0,0,2,0,31,3,11,31,1,2,5
92,7,581103015,1,3,0,0,1,1,31,2,31,11,1,3,5
92,8,2392527082,1,0,0,0,3,1,31,4,35,7,1,4,5
92,9,3351012286,1,1,0,0,0,0,31,5,12,30,0,5,5
92,10,867469057,1,2,0,0,2,0,31,4,14,28,0,6,5
92,11,4021055922,1,3,0,0,3,1,31,6,39,3,1,7,5
93,0,16169876,1,0,0,0,0,0,31,0,12,30,0,1,0
93,1,3975077591,1,1,0,0,0,0,30,4,7,35,1,1,1
93,2,2786079147,1,2,0,0,2,0,31,0,34,8,0,2,1
93,3,302535918,1,3,0,0,3,1,32,1,42,0,1,3,1
93,4,455700272,1,0,0,0,0,0,32,3,6,36,1,3,2
93,5,119640691,1,1,0,0,0,0,31,4,24,18,0,4,2
93,6,1931064758,1,2,0,0,2,0,31,3,18,24,0,5,2
93,7,742066314,1,3,0,0,1,1,30,4,42,0,1,6,2
93,8,3895653179,1,0,0,0,3,1,31,9,26,16,0,6,3
93,9,559171087,1,1,0,0,2,0,30,0,17,25,0,7,3
94,0,4151279770,1,0,0,0,3,1,31,5,36,6,1,1,0
94,1,2962281326,1,1,0,0,1,1,31,3,42,0,1,2,0
94,2,2626221745,1,2,0,0,2,0,30,0,1,41,1,2,1
94,3,142678516,1,3,0,0,2,0,31,1,34,8,0,3,1
94,4,1101163720,1,0,0,0,3,1,32,2,14,28,0,3,2
94,5,2107266937,1,1,0,0,0,0,31,0,12,30,0,4,2
94,6,3065752141,1,2,0,0,3,1,30,2,24,18,0,4,3
94,7,582208912,1,3,0,0,0,0,30,5,0,42,1,4,4
94,8,246149331,1,0,0,0,3,1,31,2,42,0,1,5,4
94,9,2546797333,1,1,0,0,0,0,31,1,7,35,1,5,5
94,10,2210737752,1,2,0,0,2,0,31,5,25,17,0,6,5
94,11,1021739308,1,3,0,0,1,1,31,0,41,1,1,7,5
95,0,2584179233,1,0,0,0,0,0,33,1,28,14,0,1,0
95,1,2248119652,1,1,0,0,0,0,31,4,15,27,0,2,0
95,2,3305943743,1,2,0,0,1,1,31,6,35,7,1,3,0
95,3,4212708073,1,3,0,0,2,0,31,2,18,24,0,4,0
95,4,3023709629,1,0,0,0,2,0,31,1,7,35,1,4,1
95,5,2307043417,1,2,1,0,2,0,32,5,0,42,1,4,2
95,6,2351590467,1,3,0,0,2,0,31,6,6,36,1,4,3
95,7,3409414558,1,0,0,0,3,1,31,4,42,0,1,5,3
95,8,21211592,1,1,0,0,0,0,31,5,24,18,0,6,3
95,9,3127180444,1,2,0,0,1,1,30,4,20,22,0,6,4
95,10,2791120863,1,3,0,0,1,1,30,1,35,7,1,7,4
96,0,597658884,1,0,0,0,0,0,32,0,23,19,0,1,0
96,1,3751245749,1,1,0,0,1,1,31,9,17,25,0,1,1
96,2,2562247305,1,2,0,0,1,1,32,2,34,8,1,2,1
96,3,2226187724,1,3,0,0,2,0,31,2,18,24,0,3,1
96,4,1037189280,1,0,0,0,0,0,31,2,21,21,0,4,1
96,5,4190776145,1,1,0,0,0,0,31,4,23,19,0,5,1
96,6,3854716564,1,2,0,0,1,1,31,0,35,7,1,6,1
96,7,2665718120,1,3,0,0,2,0,31,4,11,31,1,6,2
96,8,2329658539,1,0,0,0,3,1,31,4,27,15,0,6,3
96,9,335339245,1,1,0,0,3,1,30,0,30,12,1,7,3
97,0,372721145,1,0,0,0,0,0,31,0,22,20,0,1,0
97,1,2184145212,1,1,0,0,1,1,31,5,24,18,0,1,1
97,2,3142630416,1,2,0,0,1,1,31,3,41,1,1,2,1
97,3,659087187,1,3,0,0,3,1,32,2,30,12,0,2,2
97,4,3812674052,1,0,0,0,1,1,30,4,34,8,1,3,2
97,5,2623675608,1,1,0,0,1,1,31,4,36,6,1,4,2
97,6,2287616027,1,2,0,0,2,0,31,6,12,30,0,5,2
97,7,1098617583,1,3,0,0,2,0,30,4,1,41,1,5,3
97,8,4252204448,1,0,0,0,3,1,30,6,24,18,0,5,4
97,9,915722356,1,1,0,0,0,0,31,6,2,40,1,5,5
97,10,2727146423,1,2,0,0,1,1,31,5,13,29,0,5,6
97,11,2391086842,1,3,0,0,3,1,30,5,42,0,1,6,6
97,12,396767548,1,0,0,0,0,0,31,3,1,41,1,6,7
98,0,2459686278,1,0,0,0,0,0,31,3,12,30,0,1,0
98,1,4271110345,1,1,0,0,3,1,30,5,42,0,1,2,0
98,2,3082111901,1,2,0,0,2,0,32,5,11,31,0,3,0
98,3,2746052320,1,3,0,0,2,0,30,6,7,35,1,3,1
98,4,2899216674,1,0,0,0,3,1,31,2,34,8,1,4,1
98,5,415673445,1,1,0,0,3,1,30,2,24,18,0,4,2
98,6,1374158649,1,2,0,0,2,0,31,2,33,9,0,5,2
98,7,3185582716,1,3,0,0,2,0,31,4,17,25,0,6,2
98,8,4092347046,1,0,0,0,3,1,31,3,40,2,1,7,2
99,0,892585741,1,0,0,0,0,0,32,2,1,41,1,0,1
99,1,556526160,1,1,0,0,3,1,30,9,36,6,1,1,1
99,2,3662495012,1,2,0,0,2,0,32,4,15,27,0,2,1
99,3,2521114581,1,3,0,0,1,1,30,1,29,13,0,2,2
99,4,1332116137,1,0,0,0,3,1,31,4,41,1,1,3,2
99,5,996056556,1,1,0,0,1,1,31,1,35,7,1,4,2
99,6,2807480623,1,2,0,0,1,1,31,1,25,17,0,4,3
99,7,2960644977,1,3,0,0,3,1,32,4,39,3,1,5,3
99,8,2624585396,1,0,0,0,3,1,31,3,29,13,0,5,4
99,9,1435586952,1,1,0,0,2,0,30,1,7,35,1,5,5
99,10,3247011019,1,2,0,0,2,0,31,0,7,35,1,5,6
99,11,3400175373,1,3,0,0,0,0,30,5,0,42,1,5,7
100,0,148889303,1,0,0,0,3,1,30,4,42,0,1,1,0
100,1,4107797018,1,1,0,0,1,1,31,4,35,7,1,2,0
100,2,870653813,1,2,0,0,1,1,31,1,35,7,1,3,0
100,3,534594232,1,3,0,0,2,0,31,4,13,29,0,4,0
100,4,3640563084,1,0,0,0,3,1,30,6,41,1,1,5,0
100,5,252360118,1,1,0,0,2,0,30,2,11,31,1,5,1
100,6,4211267833,1,2,0,0,1,1,31,4,41,1,1,6,1
100,7,974124628,1,3,0,0,3,1,32,4,42,0,1,7,1
101,0,2457336250,1,0,0,0,0,0,32,6,3,39,1,0,1
101,1,2121276669,1,1,0,0,1,1,32,1,42,0,1,1,1
101,2,126957375,1,2,0,0,2,0,31,2,1,41,1,1,2
101,3,4085865090,1,3,0,0,3,1,32,3,25,17,0,1,3
101,4,2896866646,1,0,0,0,0,0,31,3,18,24,0,2,3
101,5,2560807065,1,1,0,0,0,0,31,2,0,42,1,2,4
101,6,1419426634,1,2,0,0,1,1,30,4,35,7,1,3,4
101,7,230428190,1,3,0,0,3,1,31,4,35,7,1,4,4
101,8,4189335905,1,0,0,0,0,0,30,9,29,13,0,5,4
101,9,3000337461,1,1,0,0,3,1,31,0,35,7,1,6,4
101,10,1858957030,1,2,0,0,2,0,31,4,18,24,0,7,4
102,0,668753899,1,0,0,0,3,1,31,2,9,33,0,0,1
102,1,332694318,1,1,0,0,3,1,31,1,30,12,0,0,2
102,2,3438663170,1,2,0,0,2,0,31,1,23,19,0,1,2
102,3,3102603589,1,3,0,0,1,1,30,3,31,11,1,2,2
102,4,3255767943,1,0,0,0,0,0,31,0,18,24,0,3,2
102,5,772224714,1,1,0,0,0,0,31,2,29,13,0,4,2
102,6,3878193566,1,2,0,0,0,0,31,4,35,7,0,5,2
102,7,3542133985,1,3,0,0,2,0,30,5,16,26,0,6,2
102,8,2400753554,1,0,0,0,0,0,31,5,22,20,0,7,2
103,0,2977200846,1,0,0,0,1,1,30,0,18,24,0,0,1
103,1,1835820415,1,1,0,0,0,0,30,4,7,35,1,0,2
103,2,2794305619,1,2,0,0,1,1,31,6,41,1,1,1,2
103,3,310762390,1,3,0,0,3,1,31,5,17,25,0,1,3
103,4,3416731242,1,0,0,0,0,0,33,4,22,20,0,2,3
103,5,2275350811,1,1,0,0,0,0,30,0,28,14,0,3,3
103,6,3233836015,1,2,0,0,1,1,31,3,34,8,1,4,3
103,7,750292786,1,3,0,0,2,0,32,3,8,34,1,4,4
103,8,414233205,1,0,0,0,3,1,30,3,42,0,1,5,4
103,9,3520202057,1,1,0,0,0,0,30,6,6,36,1,5,5
103,10,2378821626,1,2,0,0,3,1,30,1,30,12,1,6,5
103,11,1189823182,1,3,0,0,2,0,31,3,25,17,0,7,5
104,0,2371656476,1,1,1,0,2,0,30,6,7,35,1,0,1
104,1,2416203526,1,2,0,0,0,0,31,4,0,42,1,0,2
104,2,1227205082,1,3,0,0,2,0,31,3,14,28,0,1,2
104,3,891145501,1,0,0,0,3,1,31,9,41,1,1,2,2
104,4,3191793503,1,1,0,0,3,1,30,0,41,1,1,3,2
104,5,2855733922,1,2,0,0,2,0,31,4,12,30,0,4,2
104,6,372190693,1,3,0,0,1,1,30,6,28,14,0,4,3
104,7,1330675897,1,0,0,0,0,0,32,0,12,30,0,5,3
104,8,3142099964,1,1,0,0,0,0,31,5,17,25,0,6,3
104,9,3295264318,1,2,0,0,2,0,32,5,24,18,0,7,3
105,0,765742758,1,0,0,0,0,0,31,5,25,17,0,1,0
105,1,429683177,1,1,0,0,1,1,31,0,31,11,1,2,0
105,2,2730331179,1,2,0,0,0,0,31,1,13,29,0,3,0
105,3,2394271598,1,3,0,0,3,1,31,0,36,6,1,4,0
105,4,1205273154,1,0,0,0,3,1,31,1,33,9,1,5,0
105,5,869213573,1,1,0,0,0,0,31,4,19,23,0,6,0
105,6,1775977903,1,2,0,0,2,0,32,4,18,24,0,7,0
106,0,3272127703,1,0,0,0,0,0,31,2,2,40,1,0,1
106,1,2936068122,1,1,0,0,1,1,31,6,35,7,1,1,1
106,2,1747069678,1,2,0,0,2,0,31,5,8,34,1,1,2
106,3,1411010097,1,3,0,0,2,0,32,4,6,36,1,1,3
106,4,3711658099,1,0,0,0,0,0,31,3,1,41,1,1,4
106,5,3375598518,1,1,0,0,2,0,30,3,19,23,0,2,4
106,6,3039538937,1,2,0,0,2,0,30,3,22,20,0,3,4
106,7,1850540493,1,3,0,0,2,0,31,6,6,36,1,3,5
106,8,709160062,1,0,0,0,3,1,31,1,31,11,1,4,5
106,9,3815128914,1,1,0,0,0,0,31,4,17,25,0,5,5
106,10,3479069333,1,2,0,0,2,0,31,2,0,42,1,5,6
106,11,2290070889,1,3,0,0,1,1,31,2,41,1,1,6,6
106,12,1148690458,1,0,0,0,3,1,31,1,36,6,1,7,6
107,0,3333752115,1,0,0,0,3,1,31,4,15,27,0,0,1
107,1,2192371684,1,1,0,0,0,0,31,9,14,28,0,1,1
107,2,1003373240,1,2,0,0,1,1,31,0,25,17,0,1,2
107,3,667313659,1,3,0,0,1,1,30,6,40,2,1,2,2
107,4,3773282511,1,0,0,0,0,0,32,1,17,25,0,3,2
107,5,2631902080,1,1,0,0,0,0,31,1,8,34,1,3,3
107,6,1442903636,1,2,0,0,0,0,31,4,0,42,1,3,4
107,7,1106844055,1,3,0,0,2,0,31,6,25,17,0,4,4
107,8,770784474,1,0,0,0,3,1,31,0,23,19,0,4,5
107,9,3071432476,1,1,0,0,3,1,30,9,42,0,1,5,5
107,10,2735372895,1,2,0,0,0,0,31,4,7,35,1,5,6
107,11,1546374451,1,3,0,0,2,0,31,3,19,23,0,6,6
107,12,1210314870,1,0,0,0,0,0,31,1,18,24,0,7,6
108,0,541910916,1,0,0,0,1,1,30,1,42,0,1,1,0
108,1,205851335,1,1,0,0,1,1,31,5,36,6,1,2,0
108,2,359015689,1,2,0,0,2,0,30,6,35,7,0,3,0
108,3,2170439756,1,3,0,0,1,1,30,0,41,1,1,4,0
108,4,981441312,1,0,0,0,3,1,31,5,30,12,0,4,1
108,5,645381731,1,1,0,0,0,0,31,5,25,17,0,5,1
108,6,3751350583,1,2,0,0,1,1,31,1,42,0,1,6,1
108,7,2609970152,1,3,0,0,2,0,31,6,17,25,0,7,1
109,0,1122294027,1,0,0,0,0,0,31,0,17,25,0,1,0
109,1,4275880892,1,1,0,0,0,0,31,1,23,19,0,2,0
109,2,3086882448,1,2,0,0,1,1,31,0,40,2,1,3,0
109,3,2750822867,1,3,0,0,1,1,31,4,19,23,0,3,1
109,4,1561824423,1,0,0,0,3,1,31,5,40,2,1,4,1
109,5,1225764842,1,1,0,0,0,0,31,4,1,41,1,4,2
109,6,2231868059,1,2,0,0,2,0,31,4,14,28,0,5,2
109,7,3190353263,1,3,0,0,3,1,31,3,24,18,0,5,3
109,8,706810034,1,0,0,0,3,1,30,2,31,11,1,6,3
109,9,1665295238,1,1,0,0,1,1,31,5,31,11,1,7,3
110,0,2625420124,1,0,0,0,3,1,31,5,42,0,1,1,0
110,1,2289360543,1,1,0,0,1,1,32,5,41,1,1,2,0
110,2,1100362099,1,2,0,0,0,0,31,1,1,41,1,2,1
110,3,4253948964,1,3,0,0,1,1,31,4,14,28,0,2,2
110,4,3064950520,1,0,0,0,3,1,31,1,24,18,0,2,3
110,5,2728890939,1,1,0,0,0,0,31,0,18,24,0,3,3
110,6,245347710,1,2,0,0,2,0,31,5,16,26,0,4,3
110,7,398512064,1,3,0,0,1,1,31,2,34,8,1,5,3
110,8,2209936131,1,0,0,0,3,1,31,1,42,0,1,6,3
110,9,3168421335,1,1,0,0,0,0,30,3,1,41,1,6,4
110,10,684878106,1,2,0,0,0,0,30,0,34,8,0,7,4
111,0,1642158623,1,0,0,0,3,1,31,0,14,28,0,0,1
111,1,500778192,1,1,0,0,1,1,31,1,29,13,0,0,2
111,2,3606747044,1,2,0,0,2,0,31,6,11,31,1,0,3
111,3,3270687463,1,3,0,0,3,1,31,5,42,0,1,1,3
111,4,2081689019,1,0,0,0,0,0,31,4,12,30,0,2,3
111,5,940308588,1,1,0,0,0,0,31,3,6,36,1,2,4
111,6,604249007,1,2,0,0,0,0,31,1,19,23,0,3,4
111,7,3710217859,1,3,0,0,3,1,32,5,40,2,1,4,4
111,8,3374158278,1,0,0,0,0,0,33,5,14,28,0,5,4
111,9,1379838984,1,1,0,0,0,0,31,3,12,30,0,6,4
111,10,1043779403,1,2,0,0,2,0,31,5,1,41,1,6,5
111,11,4149748255,1,3,0,0,2,0,32,1,12,30,0,7,5
112,0,898462185,1,0,0,0,3,1,30,5,42,0,1,1,0
112,1,562402604,1,1,0,0,3,1,30,4,24,18,0,1,1
112,2,2863050606,1,2,0,0,0,0,31,3,13,29,0,2,1
112,3,2526991025,1,3,0,0,1,1,31,5,36,6,1,3,1
112,4,1337992581,1,0,0,0,2,0,31,5,8,34,1,3,2
112,5,1001933000,1,1,0,0,1,1,31,0,41,1,1,4,2
112,6,3302581002,1,2,0,0,0,0,31,6,23,19,0,5,2
112,7,2966521421,1,3,0,0,3,1,32,4,34,8,1,6,2
112,8,2630461840,1,0,0,0,3,1,31,5,25,17,0,6,3
112,9,1441463396,1,1,0,0,0,0,31,3,18,24,0,7,3
113,0,3725667831,1,0,0,0,0,0,31,0,34,8,0,1,0
113,1,337464865,1,1,0,0,1,1,30,6,24,18,0,1,1
113,2,1395288956,1,2,0,0,0,0,31,0,17,25,0,2,1
113,3,1059229375,1,3,0,0,0,0,30,9,26,16,0,3,1
113,4,2870653442,1,0,0,0,3,1,31,1,42,0,1,4,1
113,5,3023817796,1,1,0,0,3,1,30,2,36,6,1,5,1
113,6,2588419328,1,2,0,0,1,1,31,6,25,17,0,5,2
113,7,1498759771,1,3,0,0,2,0,31,1,1,41,1,5,3
113,8,3310183838,1,0,0,0,3,1,31,5,24,18,0,5,4
113,9,3463348192,1,1,0,0,0,0,31,2,8,34,1,5,5
113,10,979804963,1,2,0,0,1,1,31,0,9,33,0,5,6
113,11,2691890143,1,3,0,0,1,1,31,2,30,12,0,5,7
114,0,2981971393,1,0,0,0,0,0,31,3,6,36,1,0,1
114,1,2645911812,1,1,0,0,1,1,32,3,12,30,0,0,2
114,2,1456913368,1,2,0,0,0,0,31,3,17,25,0,1,2
114,3,315532937,1,3,0,0,3,1,31,9,38,4,1,2,2
114,4,3421501789,1,0,0,0,3,1,31,6,41,1,1,3,2
114,5,3085442208,1,1,0,0,0,0,31,3,1,41,1,3,3
114,6,601898979,1,2,0,0,2,0,31,1,11,31,1,3,4
114,7,755063333,1,3,0,0,2,0,32,5,8,34,1,3,5
114,8,2566487400,1,0,0,0,0,0,31,1,25,17,0,4,5
114,9,3524972604,1,1,0,0,0,0,32,3,8,34,1,4,6
114,10,1041429375,1,2,0,0,2,0,31,1,1,41,1,4,7
115,0,773969230,1,0,0,0,0,0,32,6,7,35,1,0,1
115,1,3879938082,1,1,0,0,1,1,31,5,20,22,0,0,2
115,2,3543878501,1,2,0,0,1,1,30,4,25,17,0,0,3
115,3,2303159183,1,3,0,0,0,0,30,1,22,20,0,1,3
115,4,1213499626,1,0,0,0,0,0,32,0,1,41,1,1,4
115,5,3024923693,1,1,0,0,1,1,32,6,30,12,0,1,5
115,6,3983408897,1,2,0,0,3,1,30,6,12,30,0,1,6
115,7,2842028466,1,3,0,0,1,1,31,9,35,7,1,2,6
115,8,1653030022,1,0,0,0,1,1,30,2,24,18,0,2,7
116,0,3501835989,1,0,0,0,0,0,31,6,6,36,1,0,1
116,1,3165776408,1,1,0,0,1,1,30,9,30,12,1,1,1
116,2,1171457114,1,2,0,0,1,1,31,3,29,13,0,1,2
116,3,835397533,1,3,0,0,2,0,32,2,24,18,0,2,2
116,4,3941366385,1,0,0,0,2,0,30,0,22,20,0,3,2
116,5,3605306804,1,1,0,0,1,1,31,1,25,17,0,3,3
116,6,2463926373,1,2,0,0,2,0,32,4,17,25,0,4,3
116,7,1274927929,1,3,0,0,3,1,32,4,24,18,0,4,4
116,8,938868348,1,0,0,0,0,0,31,4,0,42,1,4,5
116,9,4044837200,1,1,0,0,0,0,31,3,30,12,0,5,5
116,10,2903456769,1,2,0,0,1,1,30,2,24,18,0,5,6
116,11,1714458325,1,3,0,0,3,1,31,2,42,0,1,6,6
116,12,1378398744,1,0,0,0,1,1,30,1,29,13,0,6,7
117,0,2758139551,1,0,0,0,3,1,31,2,42,0,1,1,0
117,1,2422079970,1,1,0,0,3,1,30,4,34,8,1,2,0
117,2,3479904061,1,2,0,0,1,1,31,4,35,7,1,3,0
117,3,91701095,1,3,0,0,2,0,31,3,24,18,0,4,0
117,4,3197669947,1,0,0,0,0,0,31,1,28,14,0,5,0
117,5,2861610366,1,1,0,0,1,1,31,4,36,6,1,6,0
117,6,3919434457,1,2,0,0,0,0,30,3,13,29,0,7,0
118,0,1290377901,1,0,0,0,3,1,30,6,34,8,1,1,0
118,1,3101801968,1,1,0,0,3,1,31,4,34,8,1,2,0
118,2,3254966322,1,2,0,0,1,1,31,3,36,6,1,3,0
118,3,2918906741,1,3,0,0,1,1,31,5,40,2,1,4,0
118,4,435363512,1,0,0,0,2,0,31,4,6,36,1,4,1
118,5,3541332364,1,1,0,0,0,0,31,9,30,12,0,5,1
118,6,153129398,1,2,0,0,1,1,31,1,28,14,0,5,2
118,7,3358437137,1,3,0,0,0,0,30,4,14,28,0,6,2
118,8,874893908,1,0,0,0,3,1,31,4,18,24,0,6,3
118,9,1833379112,1,1,0,0,0,0,31,5,24,18,0,7,3
119,0,1130520499,1,0,0,0,1,1,30,3,36,6,1,1,0
119,1,4236489351,1,1,0,0,1,1,33,4,29,13,0,1,1
119,2,1752946122,1,2,0,0,3,1,30,3,42,0,1,2,1
119,3,611565691,1,3,0,0,3,1,32,0,33,9,1,3,1
119,4,1570050895,1,0,0,0,2,0,31,9,23,19,0,4,1
119,5,853384683,1,2,1,0,3,1,30,3,40,2,1,5,1
119,6,44992870,1,3,0,0,3,1,31,4,35,7,1,6,1
119,7,1051096087,1,0,0,0,3,1,32,9,42,0,1,7,1
120,0,2633646596,1,0,0,0,0,0,31,3,1,41,1,0,1
120,1,1444648152,1,1,0,0,0,0,31,5,8,34,1,0,2
120,2,1108588571,1,2,0,0,0,0,31,0,27,15,0,1,2
120,3,2920012638,1,3,0,0,3,1,31,2,24,18,0,1,3
120,4,3073176992,1,0,0,0,0,0,31,2,0,42,1,1,4
120,5,589633763,1,1,0,0,0,0,31,0,7,35,1,1,5
120,6,1548118967,1,2,0,0,0,0,30,3,19,23,0,2,5
120,7,3359543034,1,3,0,0,3,1,30,2,35,7,1,3,5
120,8,3512707388,1,0,0,0,1,1,30,4,24,18,0,3,6
120,9,1029164159,1,1,0,0,0,0,31,2,17,25,0,4,6
120,10,693104578,1,2,0,0,0,0,30,5,8,34,1,4,7
121,0,685939428,1,1,1,0,1,1,31,0,20,22,0,0,1
121,1,730486478,1,2,0,0,2,0,31,6,30,12,0,1,1
121,2,3836455330,1,3,0,0,1,1,31,3,23,19,0,1,2
121,3,2695074899,1,0,0,0,3,1,32,1,41,1,1,2,2
121,4,1506076455,1,1,0,0,0,0,31,6,22,20,0,3,2
121,5,1170016874,1,2,0,0,0,0,30,4,13,29,0,4,2
121,6,833957293,1,3,0,0,2,0,31,4,13,29,0,5,2
121,7,3134605295,1,0,0,0,1,1,30,1,30,12,1,6,2
121,8,2798545714,1,1,0,0,3,1,30,5,40,2,1,7,2
122,0,322849621,1,0,0,0,0,0,32,4,25,17,0,1,0
122,1,4281757336,1,1,0,0,3,1,31,3,41,1,1,2,0
122,2,1044614131,1,2,0,0,3,1,30,0,30,12,1,3,0
122,3,708554550,1,3,0,0,3,1,31,0,36,6,1,4,0
122,4,3814523402,1,0,0,0,0,0,32,0,30,12,0,5,0
122,5,426320436,1,1,0,0,0,0,31,2,24,18,0,6,0
122,6,1484144527,1,2,0,0,1,1,31,4,30,12,0,6,1
122,7,1148084946,1,3,0,0,3,1,32,4,40,2,1,7,1
123,0,1586410655,1,0,0,0,0,0,31,5,24,18,0,1,0
123,1,1250351074,1,1,0,0,1,1,32,4,35,7,1,2,0
123,2,61352630,1,2,0,0,1,1,31,4,39,3,1,3,0
123,3,3214939495,1,3,0,0,2,0,31,6,8,34,1,3,1
123,4,4173424699,1,0,0,0,3,1,31,0,19,23,0,3,2
123,5,1689881470,1,1,0,0,1,1,32,0,14,28,0,3,3
123,6,500883026,1,2,0,0,2,0,32,4,0,42,1,3,4
123,7,3654469891,1,3,0,0,0,0,30,4,6,36,1,3,5
123,8,3318410310,1,0,0,0,2,0,31,5,12,30,0,4,5
123,9,2129411866,1,1,0,0,1,1,31,4,41,1,1,5,5
123,10,1793352285,1,2,0,0,2,0,31,4,6,36,1,5,6
123,11,4094000287,1,3,0,0,1,1,30,4,29,13,0,5,7
124,0,2990197865,1,0,0,0,3,1,31,3,30,12,0,0,1
124,1,1801199421,1,1,0,0,0,0,31,3,30,12,0,1,1
124,2,3612623488,1,2,0,0,2,0,31,1,13,29,0,2,1
124,3,3276563907,1,3,0,0,1,1,30,0,30,12,1,3,1
124,4,3429728261,1,0,0,0,2,0,31,3,0,42,1,3,2
124,5,946185032,1,1,0,0,2,0,30,4,25,17,0,4,2
124,6,1904670236,1,2,0,0,1,1,31,4,41,1,1,5,2
124,7,3716094303,1,3,0,0,1,1,31,1,35,7,1,6,2
124,8,2574713872,1,0,0,0,0,0,31,5,12,30,0,7,2
125,0,3669919863,1,0,0,0,0,0,31,2,24,18,0,1,0
125,1,1087037747,1,1,0,0,1,1,32,2,35,7,1,2,0
125,2,2144861838,1,2,0,0,0,0,30,6,13,29,0,3,0
125,3,3051626168,1,3,0,0,3,1,31,5,23,19,0,3,1
125,4,4109450259,1,0,0,0,2,0,31,6,1,41,1,3,2
125,5,3773390678,1,1,0,0,0,0,31,4,0,42,1,3,3
125,6,3337992210,1,2,0,0,1,1,30,3,26,16,0,3,4
125,7,3491156564,1,3,0,0,1,1,30,9,20,22,0,3,5
125,8,3155096983,1,0,0,0,3,1,31,1,24,18,0,3,6
125,9,4212921074,1,1,0,0,1,1,30,2,42,0,1,4,6
125,10,1729377845,1,2,0,0,1,1,31,6,30,12,0,4,7
126,0,2926223425,1,0,0,0,2,0,31,4,24,18,0,1,0
126,1,2590163844,1,1,0,0,0,0,31,1,23,19,0,2,0
126,2,1401165400,1,2,0,0,1,1,32,6,41,1,1,3,0
126,3,1065105819,1,3,0,0,3,1,32,0,18,24,0,3,1
126,4,3365753821,1,0,0,0,0,0,32,0,7,35,1,3,2
126,5,3029694240,1,1,0,0,1,1,33,2,42,0,1,4,2
126,6,2693634659,1,2,0,0,1,1,31,2,42,0,1,5,2
126,7,1504636215,1,3,0,0,1,1,31,3,30,12,0,5,3
126,8,3316060282,1,0,0,0,0,0,32,6,17,25,0,6,3
126,9,3469224636,1,1,0,0,0,0,31,4,0,42,1,6,4
126,10,3133165055,1,2,0,0,2,0,32,4,11,31,0,7,4
127,0,1523542112,1,0,0,0,0,0,31,9,0,42,1,0,1
127,1,3824190114,1,1,0,0,3,1,30,9,36,6,1,1,1
127,2,1241307998,1,2,0,0,2,0,31,3,1,41,1,1,2
127,3,2299132089,1,3,0,0,1,1,30,1,42,0,1,2,2
127,4,1963072508,1,0,0,0,1,1,30,6,41,1,1,3,2
127,5,2869836838,1,1,0,0,1,1,32,4,19,23,0,3,3
127,6,3927660929,1,2,0,0,1,1,31,3,41,1,1,4,3
127,7,3591601348,1,3,0,0,1,1,31,3,31,11,1,5,3
127,8,2402602904,1,0,0,0,2,0,31,1,22,20,0,6,3
127,9,3309367234,1,1,0,0,1,1,31,4,41,1,1,7,3
128,0,3446088021,1,0,0,0,3,1,31,3,41,1,1,1,0
128,1,3110028440,1,1,0,0,2,0,30,0,11,31,1,1,1
128,2,1921029996,1,2,0,0,2,0,31,3,30,12,0,2,1
128,3,1584970415,1,3,0,0,3,1,31,3,24,18,0,2,2
128,4,1738134769,1,0,0,0,3,1,30,9,42,0,1,3,2
128,5,3549558836,1,1,0,0,2,0,30,4,8,34,1,3,3
128,6,2360560392,1,2,0,0,2,0,32,6,22,20,0,4,3
128,7,2024500811,1,3,0,0,3,1,31,0,30,12,0,4,4
128,8,883120380,1,0,0,0,3,1,31,2,19,23,0,4,5
128,9,3989089232,1,1,0,0,0,0,31,4,0,42,1,4,6
128,10,3653029651,1,2,0,0,2,0,31,4,13,29,0,5,6
128,11,2464031207,1,3,0,0,3,1,30,0,8,34,0,5,7
129,0,3507712433,1,0,0,0,3,1,30,5,20,22,0,0,1
129,1,3660876787,1,1,0,0,1,1,31,5,18,24,0,0,2
129,2,3324817206,1,2,0,0,1,1,31,1,25,17,0,0,3
129,3,841273977,1,3,0,0,3,1,31,6,39,3,1,1,3
129,4,1419152550,1,1,1,0,1,1,30,6,41,1,1,2,3
129,5,2805862398,1,2,0,0,2,0,31,5,6,36,1,2,4
129,6,3764347602,1,3,0,0,0,0,30,2,8,34,1,2,5
129,7,1280804373,1,0,0,0,3,1,30,0,19,23,0,2,6
129,8,944744792,1,1,0,0,1,1,31,3,30,12,0,2,7
130,0,1234629933,1,0,0,0,2,0,31,2,7,35,1,0,1
130,1,2946715113,1,1,0,0,0,0,30,4,2,40,1,0,2
130,2,4004539204,1,2,0,0,0,0,30,3,18,24,0,1,2
130,3,3668479623,1,3,0,0,1,1,31,3,35,7,1,2,2
130,4,1674160329,1,0,0,0,3,1,31,5,42,0,1,3,2
130,5,1338100748,1,1,0,0,2,0,30,3,7,35,1,3,3
130,6,902702280,1,2,0,0,2,0,31,5,17,25,0,4,3
130,7,4108010019,1,3,0,0,3,1,31,4,23,19,0,4,4
130,8,719807053,1,0,0,0,2,0,31,2,2,40,1,4,5
130,9,1777631144,1,1,0,0,0,0,31,4,26,16,0,5,5
130,10,3589055211,1,2,0,0,0,0,31,1,0,42,1,5,6
130,11,252573119,1,3,0,0,2,0,31,2,22,20,0,6,6
130,12,1159337449,1,0,0,0,3,1,31,4,35,7,1,7,6
131,0,1296254345,1,0,0,0,2,0,31,6,1,41,1,0,1
131,1,154873914,1,1,0,0,1,1,31,1,42,0,1,1,1
131,2,3260842766,1,2,0,0,1,1,31,3,36,6,1,2,1
131,3,2924783185,1,3,0,0,1,1,31,4,34,8,1,3,1
131,4,1735784741,1,0,0,0,2,0,30,9,6,36,1,3,2
131,5,1399725160,1,1,0,0,0,0,31,5,18,24,0,4,2
131,6,258344729,1,2,0,0,3,1,30,9,19,23,0,4,3
131,7,3364313581,1,3,0,0,0,0,30,2,1,41,1,4,4
131,8,880770352,1,0,0,0,2,0,31,5,13,29,0,5,4
131,9,1839255556,1,1,0,0,0,0,31,2,16,26,0,6,4
131,10,697875125,1,2,0,0,2,0,31,3,12,30,0,7,4
132,0,3802639290,1,0,0,0,1,1,30,5,41,1,1,1,0
132,1,3466579709,1,1,0,0,3,1,30,9,26,16,0,1,1
132,2,2277581265,1,2,0,0,1,1,31,1,31,11,1,2,1
132,3,1136200834,1,3,0,0,2,0,31,3,8,34,1,2,2
132,4,4242169686,1,0,0,0,0,0,31,3,18,24,0,3,2
132,5,3906110105,1,1,0,0,3,1,31,4,42,0,1,4,2
132,6,2717111661,1,2,0,0,0,0,30,1,2,40,1,4,3
132,7,2381052080,1,3,0,0,2,0,31,6,7,35,1,4,4
132,8,1239671649,1,0,0,0,0,0,31,4,19,23,0,5,4
132,9,50673205,1,1,0,0,0,0,31,4,28,14,0,6,4
132,10,4009580920,1,2,0,0,2,0,30,3,24,18,0,7,4
133,0,1816118941,1,0,0,0,2,0,31,4,6,36,1,0,1
133,1,674738510,1,1,0,0,2,0,30,2,7,35,1,0,2
133,2,3300761844,1,3,1,0,3,1,31,3,34,8,1,1,2
133,3,3444647781,1,0,0,0,2,0,30,5,12,30,1,1,3
133,4,2255649337,1,1,0,0,1,1,31,6,29,13,0,1,4
133,5,1114268906,1,2,0,0,0,0,31,1,33,9,0,2,4
133,6,4220237758,1,3,0,0,1,1,31,1,25,17,0,2,5
133,7,3884178177,1,0,0,0,0,0,31,0,23,19,0,3,5
133,8,3548118596,1,1,0,0,2,0,30,1,7,35,1,3,6
133,9,1553799302,1,2,0,0,2,0,32,4,24,18,0,4,6
133,10,1217739721,1,3,0,0,2,0,30,4,19,23,0,5,6
133,11,28741277,1,0,0,0,3,1,31,4,2,40,0,5,7
134,0,1072422503,1,0,0,0,3,1,31,2,34,8,1,1,0
134,1,4277730242,1,1,0,0,1,1,32,6,41,1,1,2,0
134,2,889527276,1,2,0,0,2,0,32,1,25,17,0,3,0
134,3,2700951343,1,3,0,0,2,0,32,2,16,26,0,4,0
134,4,1511952899,1,0,0,0,3,1,31,0,29,13,0,4,1
134,5,1175893318,1,1,0,0,1,1,30,3,22,20,0,4,2
134,6,1329057672,1,2,0,0,1,1,31,2,24,18,0,4,3
134,7,2759875108,1,0,1,0,2,0,31,0,7,35,1,4,4
134,8,2804422158,1,1,0,0,3,1,31,1,31,11,1,5,4
134,9,1615423714,1,2,0,0,2,0,32,5,1,41,1,5,5
134,10,1279364133,1,3,0,0,2,0,31,3,17,25,0,6,5
134,11,3580012135,1,0,0,0,3,1,31,4,34,8,1,7,5
135,0,3899628149,1,0,0,0,0,0,31,6,7,35,1,0,1
135,1,2758247718,1,1,0,0,0,0,30,2,7,35,1,0,2
135,2,1569249274,1,2,0,0,2,0,31,3,7,35,1,0,3
135,3,1233189693,1,3,0,0,1,1,31,6,41,1,1,1,3
135,4,44191249,1,0,0,0,2,0,30,0,23,19,0,2,3
135,5,3197778114,1,1,0,0,1,1,32,2,19,23,0,2,4
135,6,714234885,1,2,0,0,1,1,32,2,36,6,1,3,4
135,7,1672720089,1,3,0,0,3,1,31,0,31,11,1,4,4
135,8,3484144156,1,0,0,0,0,0,32,4,1,41,1,4,5
135,9,3637308510,1,1,0,0,3,1,31,4,30,12,0,4,6
135,10,3301248929,1,2,0,0,1,1,31,1,36,6,1,5,6
135,11,2112250485,1,3,0,0,0,0,30,4,31,11,0,6,6
135,12,3923674552,1,0,0,0,1,1,30,6,40,2,1,7,6
136,0,3739770747,1,0,0,0,3,1,31,4,24,18,0,0,1
136,1,2550772303,1,1,0,0,0,0,31,0,3,39,1,0,2
136,2,1409391872,1,2,0,0,0,0,30,0,8,34,1,0,3
136,3,3220815939,1,3,0,0,1,1,31,5,25,17,0,0,4
136,4,4179301143,1,0,0,0,1,1,30,1,30,12,1,1,4
136,5,1695757914,1,1,0,0,1,1,31,4,42,0,1,2,4
136,6,1848922268,1,2,0,0,2,0,31,3,12,30,0,3,4
136,7,1512862687,1,3,0,0,3,1,31,3,29,13,0,3,5
136,8,323864243,1,0,0,0,0,0,31,4,0,42,1,3,6
136,9,2135288310,1,1,0,0,0,0,32,2,8,34,1,3,7
137,0,124525449,1,0,0,0,3,1,31,6,41,1,1,1,0
137,1,1031289779,1,1,0,0,0,0,31,0,1,41,1,1,1
137,2,4137258631,1,2,0,0,1,1,31,4,35,7,1,2,1
137,3,3801199050,1,3,0,0,3,1,31,4,35,7,1,3,1
137,4,564055845,1,0,0,0,3,1,31,0,40,2,1,4,1
137,5,1470820175,1,1,0,0,0,0,30,1,0,42,1,4,2
137,6,281821731,1,2,0,0,0,0,30,3,11,31,1,4,3
137,7,4240729446,1,3,0,0,3,1,31,5,25,17,0,4,4
137,8,3904669865,1,0,0,0,3,1,31,9,30,12,0,4,5
137,9,1910350571,1,1,0,0,0,0,30,5,18,24,0,5,5
137,10,1574290990,1,2,0,0,2,0,32,6,2,40,1,5,6
137,11,385292546,1,3,0,0,0,0,30,5,2,40,1,5,7
138,0,3675796307,1,0,0,0,0,0,32,3,22,20,0,1,0
138,1,3339736726,1,1,0,0,0,0,30,4,6,36,1,1,1
138,2,1345417432,1,2,0,0,0,0,30,6,6,36,1,1,2
138,3,1009357851,1,3,0,0,0,0,30,1,9,33,1,1,3
138,4,4115326703,1,0,0,0,0,0,31,3,6,36,1,1,4
138,5,3779267122,1,1,0,0,1,1,31,3,41,1,1,2,4
138,6,1784947828,1,2,0,0,2,0,32,4,7,35,1,2,5
138,7,1448888247,1,3,0,0,1,1,30,1,42,0,1,3,5
138,8,1112828666,1,0,0,0,3,1,31,6,40,2,1,4,5
138,9,4218797518,1,1,0,0,0,0,30,0,17,25,0,5,5
138,10,3077417087,1,2,0,0,2,0,31,0,0,42,1,5,6
138,11,1888418643,1,3,0,0,2,0,31,3,1,41,1,5,7
139,0,2932099869,1,0,0,0,0,0,31,5,6,36,1,0,1
139,1,2596040288,1,1,0,0,2,0,30,6,12,30,1,0,2
139,2,3653864379,1,2,0,0,2,0,32,4,12,30,0,1,2
139,3,265661413,1,3,0,0,2,0,32,4,23,19,0,2,2
139,4,3371630265,1,0,0,0,0,0,32,4,18,24,0,3,2
139,5,3035570684,1,1,0,0,0,0,30,3,2,40,1,3,3
139,6,4093394775,1,2,0,0,2,0,31,2,18,24,0,4,3
139,7,3757335194,1,3,0,0,3,1,31,4,40,2,1,5,3
139,8,369132228,1,0,0,0,3,1,32,4,30,12,0,5,4
139,9,1426956319,1,1,0,0,0,0,31,6,9,33,1,5,5
139,10,3139041499,1,2,0,0,0,0,31,1,17,25,0,6,5
139,11,4196865590,1,3,0,0,3,1,32,3,36,6,1,7,5
140,0,2048177255,1,0,0,0,0,0,32,4,7,35,1,0,1
140,1,53857961,1,1,0,0,0,0,31,2,13,29,0,1,1
140,2,4012765676,1,2,0,0,2,0,31,3,7,35,1,1,2
140,3,1529222447,1,3,0,0,3,1,31,4,14,28,0,1,3
140,4,2487707651,1,0,0,0,1,1,30,3,25,17,0,1,4
140,5,4164422,1,1,0,0,0,0,31,4,13,29,0,2,4
140,6,157328776,1,2,0,0,1,1,31,1,41,1,1,3,4
140,7,1968752843,1,3,0,0,2,0,30,6,29,13,0,4,4
140,8,2927238047,1,0,0,0,0,0,31,4,1,41,1,4,5
140,9,443694818,1,1,0,0,0,0,31,5,2,40,1,4,6
140,10,1350459148,1,2,0,0,2,0,32,5,24,18,0,5,6
140,11,2408283239,1,3,0,0,3,1,32,4,41,1,1,6,6
140,12,2072223658,1,0,0,0,0,0,31,0,6,36,1,6,7
141,0,1304480817,1,0,0,0,2,0,31,1,2,40,1,0,1
141,1,115482373,1,1,0,0,0,0,30,4,1,41,1,0,2
141,2,4074390088,1,2,0,0,2,0,31,4,6,36,1,0,3
141,3,785526009,1,3,0,0,0,0,30,1,23,19,0,1,3
141,4,1744011213,1,0,0,0,3,1,32,3,40,2,1,2,3
141,5,1027345001,1,2,1,0,3,1,30,1,29,13,0,2,4
141,6,218953188,1,3,0,0,2,0,31,3,18,24,0,3,4
141,7,3372540053,1,0,0,0,0,0,32,0,7,35,1,3,5
141,8,2183541609,1,1,0,0,0,0,31,2,24,18,0,4,5
141,9,3994965676,1,2,0,0,2,0,31,3,7,35,1,4,6
141,10,3658906095,1,3,0,0,1,1,31,2,13,29,0,4,7
142,0,1984202815,1,0,0,0,0,0,32,5,12,30,0,1,0
142,1,3696287995,1,1,0,0,0,0,31,3,0,42,1,1,1
142,2,1701968701,1,2,0,0,1,1,31,2,42,0,1,2,1
142,3,1365909120,1,3,0,0,0,0,30,4,24,18,0,3,1
142,4,2423733211,1,0,0,0,0,0,32,2,17,25,0,4,1
142,5,2087673630,1,1,0,0,2,0,30,2,11,31,1,4,2
142,6,2141499097,1,2,0,0,0,0,31,1,0,42,1,4,3
142,7,1805439516,1,3,0,0,1,1,31,3,35,7,1,5,3
142,8,1469379935,1,0,0,0,2,0,31,1,6,36,1,5,4
142,9,2527204026,1,1,0,0,3,1,31,0,20,22,0,5,5
142,10,3433968356,1,2,0,0,1,1,31,5,29,13,0,5,6
142,11,2244969912,1,3,0,0,3,1,30,4,40,2,1,6,6
142,12,1908910331,1,0,0,0,0,0,32,9,11,31,0,7,6
143,0,1240506377,1,0,0,0,3,1,31,3,42,0,1,1,0
143,1,904446796,1,1,0,0,1,1,30,1,41,1,1,2,0
143,2,4010415648,1,2,0,0,1,1,31,4,25,17,0,2,1
143,3,2869035217,1,3,0,0,3,1,32,4,41,1,1,3,1
143,4,1680036773,1,0,0,0,0,0,31,4,30,12,0,4,1
143,5,1343977192,1,1,0,0,2,0,30,4,23,19,0,5,1
143,6,154978748,1,2,0,0,2,0,32,2,1,41,1,5,2
143,7,3308565613,1,3,0,0,2,0,31,3,11,31,1,5,3
143,8,2972506032,1,0,0,0,3,1,31,3,12,30,0,5,4
143,9,1783507588,1,1,0,0,0,0,32,3,12,30,0,6,4
143,10,1447448007,1,2,0,0,1,1,31,4,36,6,1,7,4
144,0,257244876,1,0,0,0,3,1,30,6,35,7,1,1,0
144,1,410409230,1,1,0,0,0,0,31,0,12,30,0,2,0
144,2,74349649,1,2,0,0,2,0,31,0,16,26,0,3,0
144,3,1885773716,1,3,0,0,2,0,31,1,0,42,1,3,1
144,4,2844258920,1,0,0,0,0,0,31,6,6,36,1,3,2
144,5,3850362137,1,1,0,0,2,0,30,0,17,25,0,4,2
144,6,513880045,1,2,0,0,1,1,32,2,39,3,1,5,2
144,7,2325304112,1,3,0,0,1,1,30,4,41,1,1,6,2
144,8,1989244531,1,0,0,0,3,1,31,4,36,6,1,7,2
145,0,3907854621,1,0,0,0,0,0,32,1,12,30,0,1,0
145,1,2718856177,1,1,0,0,3,1,31,4,35,7,1,2,0
145,2,235312948,1,2,0,0,0,0,31,4,0,42,1,2,1
145,3,3388899813,1,3,0,0,2,0,30,4,1,41,1,2,2
145,4,52417721,1,0,0,0,3,1,31,6,35,7,1,3,2
145,5,1863841788,1,1,0,0,2,0,30,4,7,35,1,3,3
145,6,2822326992,1,2,0,0,1,1,31,2,31,11,1,4,3
145,7,3828430209,1,3,0,0,1,1,30,1,25,17,0,4,4
145,8,491948117,1,0,0,0,3,1,32,3,41,1,1,5,4
145,9,2303372184,1,1,0,0,1,1,31,1,41,1,1,6,4
145,10,1967312603,1,2,0,0,1,1,31,4,25,17,0,6,5
145,11,4267960605,1,3,0,0,3,1,31,9,42,0,1,7,5
146,0,3164158183,1,0,0,0,3,1,32,5,40,2,1,1,0
146,1,1975159739,1,1,0,0,1,1,31,5,41,1,1,2,0
146,2,1639100158,1,2,0,0,1,1,30,1,42,0,1,3,0
146,3,3450524225,1,3,0,0,3,1,32,4,42,0,1,4,0
146,4,3603688579,1,0,0,0,3,1,31,2,34,8,1,5,0
146,5,1120145350,1,1,0,0,1,1,31,6,31,11,1,6,0
146,6,2078630554,1,2,0,0,0,0,31,5,18,24,0,7,0
147,0,3843880181,1,0,0,0,2,0,31,5,22,20,0,1,0
147,1,3507820600,1,1,0,0,3,1,31,2,25,17,0,1,1
147,2,2318822156,1,2,0,0,2,0,32,5,6,36,1,1,2
147,3,3225586486,1,3,0,0,2,0,30,4,7,35,1,1,3
147,4,4283410577,1,0,0,0,0,0,31,0,24,18,0,2,3
147,5,3947350996,1,1,0,0,0,0,30,5,12,30,1,2,4
147,6,2758352552,1,2,0,0,1,1,31,1,40,2,1,3,4
147,7,3665116882,1,3,0,0,2,0,30,4,17,25,0,4,4
147,8,3329057301,1,0,0,0,3,1,31,5,35,7,1,5,4
147,9,91914096,1,1,0,0,1,1,31,5,36,6,1,6,4
147,10,4050821811,1,2,0,0,2,0,30,0,1,41,1,6,5
147,11,2056502517,1,3,0,0,1,1,30,2,40,2,1,7,5
148,0,3684022779,1,0,0,0,0,0,31,4,18,24,0,1,0
148,1,2495024335,1,1,0,0,0,0,30,9,19,23,0,2,0
148,2,2158964754,1,2,0,0,0,0,31,2,33,9,0,3,0
148,3,164645460,1,3,0,0,3,1,31,6,29,13,0,3,1
148,4,4123553175,1,0,0,0,0,0,31,4,7,35,1,3,2
148,5,3787493594,1,1,0,0,3,1,30,4,34,8,1,4,2
148,6,2598495150,1,2,0,0,3,1,30,0,25,17,0,4,3
148,7,2262435569,1,3,0,0,0,0,30,0,8,34,1,4,4
148,8,268116275,1,0,0,0,0,0,32,0,18,24,0,5,4
148,9,4227023990,1,1,0,0,3,1,31,1,29,13,0,5,5
148,10,1743480761,1,2,0,0,1,1,31,2,24,18,0,5,6
148,11,2701965965,1,3,0,0,0,0,30,4,1,41,1,5,7
149,0,2116922242,1,0,0,0,0,0,32,3,23,19,0,1,0
149,1,3075407446,1,1,0,0,0,0,32,5,17,25,0,2,0
149,2,1934027015,1,2,0,0,2,0,31,4,7,35,1,2,1
149,3,3745451082,1,3,0,0,2,0,32,6,26,16,0,3,1
149,4,408968990,1,0,0,0,1,1,30,2,42,0,1,4,1
149,5,2220393057,1,1,0,0,0,0,31,2,28,14,0,5,1
149,6,2373557411,1,2,0,0,1,1,31,4,40,2,1,6,1
149,7,4184981478,1,3,0,0,2,0,31,1,12,30,0,7,1
150,0,1472564691,1,0,0,0,1,1,30,2,29,13,0,0,1
150,1,283566247,1,1,0,0,0,0,31,0,18,24,0,1,1
150,2,4242473962,1,2,0,0,1,1,31,9,42,0,1,2,1
150,3,1758930733,1,3,0,0,2,0,32,0,0,42,1,2,2
150,4,1912095087,1,0,0,0,1,1,30,4,29,13,0,2,3
150,5,3723519154,1,1,0,0,0,0,31,4,18,24,0,3,3
150,6,387037062,1,2,0,0,2,0,31,1,11,31,1,3,4
150,7,2198461129,1,3,0,0,0,0,30,9,0,42,1,3,5
150,8,1057080698,1,0,0,0,2,0,30,0,7,35,1,3,6
150,9,4163049550,1,1,0,0,0,0,31,0,1,41,1,3,7
151,0,4200431450,1,0,0,0,1,1,30,2,35,7,1,1,0
151,1,3864371869,1,1,0,0,0,0,32,3,6,36,1,1,1
151,2,2675373425,1,2,0,0,3,1,30,5,27,15,0,1,2
151,3,1533992994,1,3,0,0,3,1,31,6,19,23,0,1,3
151,4,344994550,1,0,0,0,3,1,31,4,7,35,0,1,4
151,5,8934969,1,1,0,0,0,0,31,4,31,11,0,2,4
151,6,1820359036,1,2,0,0,1,1,31,2,36,6,1,3,4
151,7,1973523390,1,3,0,0,2,0,31,1,0,42,1,3,5
151,8,1637463809,1,0,0,0,0,0,31,3,17,25,0,4,5
151,9,448465365,1,1,0,0,3,1,31,5,25,17,0,4,6
151,10,2259889432,1,2,0,0,2,0,31,4,2,40,1,4,7
152,0,4040574048,1,0,0,0,0,0,31,6,1,41,1,0,1
152,1,803430843,1,1,0,0,1,1,31,3,35,7,1,1,1
152,2,467371262,1,2,0,0,1,1,31,4,29,13,0,1,2
152,3,1374135592,1,3,0,0,3,1,30,4,35,7,1,2,2
152,4,2431959683,1,0,0,0,3,1,31,2,30,12,0,2,3
152,5,4144044863,1,1,0,0,0,0,31,4,13,29,0,3,3
152,6,906901658,1,2,0,0,1,1,31,6,36,6,1,4,3
152,7,1813665988,1,3,0,0,1,1,31,6,28,14,0,4,4
152,8,2871490079,1,0,0,0,0,0,31,2,25,17,0,5,4
152,9,2535430498,1,1,0,0,0,0,31,3,18,24,0,6,4
152,10,2100032030,1,2,0,0,2,0,31,6,13,29,0,7,4
153,0,1248732849,1,0,0,0,0,0,31,4,30,12,0,1,0
153,1,59734405,1,1,0,0,0,0,30,9,16,26,0,2,0
153,2,4018642120,1,2,0,0,1,1,32,3,35,7,1,3,0
153,3,2829643676,1,3,0,0,1,1,30,3,36,6,1,4,0
153,4,2493584095,1,0,0,0,3,1,31,0,13,29,0,4,1
153,5,1352203664,1,1,0,0,3,1,31,2,8,34,0,4,2
153,6,163205220,1,2,0,0,0,0,31,4,16,26,0,5,2
153,7,4122112935,1,3,0,0,1,1,30,4,25,17,0,5,3
153,8,2933114491,1,0,0,0,1,1,30,3,10,32,0,5,4
153,9,1791734060,1,1,0,0,1,1,31,3,42,0,1,6,4
153,10,3603158127,1,2,0,0,2,0,32,5,23,19,0,7,4
154,0,3976599608,1,0,0,0,3,1,31,5,19,23,0,0,1
154,1,3640540027,1,1,0,0,1,1,31,1,40,2,1,1,1
154,2,2451541583,1,2,0,0,2,0,31,5,1,41,1,1,2
154,3,2115482002,1,3,0,0,2,0,30,3,0,42,1,1,3
154,4,2268646356,1,0,0,0,0,0,31,4,16,26,0,2,3
154,5,4080070423,1,1,0,0,1,1,32,5,31,11,0,2,4
154,6,2891071979,1,2,0,0,1,1,31,3,42,0,1,3,4
154,7,2555012398,1,3,0,0,2,0,31,3,19,23,0,4,4
154,8,1413631967,1,0,0,0,3,1,32,0,34,8,1,5,4
154,9,224633523,1,1,0,0,1,1,32,5,29,13,0,5,5
154,10,4183541238,1,2,0,0,1,1,31,3,23,19,0,5,6
154,11,2994542794,1,3,0,0,1,1,31,1,17,25,0,5,7
155,0,1990079259,1,0,0,0,3,1,31,1,25,17,0,0,1
155,1,2143243613,1,1,0,0,3,1,31,2,35,7,1,1,1
155,2,3474722162,1,3,1,0,3,1,31,3,35,7,1,2,1
155,3,3618608099,1,0,0,0,0,0,31,3,12,30,0,3,1
155,4,2429609655,1,1,0,0,1,1,32,2,19,23,0,3,2
155,5,1288229224,1,2,0,0,3,1,30,1,35,7,1,4,2
155,6,2246714428,1,3,0,0,2,0,32,5,23,19,0,5,2
155,7,4058138495,1,0,0,0,1,1,30,5,39,3,1,6,2
155,8,3722078914,1,1,0,0,1,1,33,4,30,12,0,6,3
155,9,1727759620,1,2,0,0,1,1,31,4,41,1,1,7,3
156,0,1765141520,1,0,0,0,3,1,31,5,22,20,0,0,1
156,1,1429081939,1,1,0,0,1,1,31,9,36,6,1,1,1
156,2,240083495,1,2,0,0,2,0,31,4,18,24,0,2,1
156,3,4198991210,1,3,0,0,3,1,31,3,18,24,0,2,2
156,4,2204671916,1,0,0,0,1,1,30,2,41,1,1,3,2
156,5,1868612335,1,1,0,0,2,0,30,4,1,41,1,3,3
156,6,3680036402,1,2,0,0,1,1,31,6,8,34,0,3,4
156,7,343554310,1,3,0,0,2,0,30,2,22,20,0,4,4
156,8,3497141175,1,0,0,0,0,0,31,0,13,29,0,5,4
156,9,2308142731,1,1,0,0,0,0,32,4,6,36,1,5,5
156,10,4119566798,1,2,0,0,0,0,31,4,2,40,1,5,6
156,11,783084706,1,3,0,0,1,1,31,5,41,1,1,6,6
156,12,3936671571,1,0,0,0,0,0,32,4,4,38,1,6,7
157,0,1605284118,1,0,0,0,0,0,33,6,23,19,0,1,0
157,1,2663108209,1,1,0,0,0,0,31,3,6,36,1,1,1
157,2,2327048628,1,2,0,0,1,1,31,4,36,6,1,2,1
157,3,4138472695,1,3,0,0,2,0,31,0,6,36,1,2,2
157,4,4291637049,1,0,0,0,0,0,32,4,18,24,0,3,2
157,5,1708754933,1,1,0,0,3,1,30,5,41,1,1,4,2
157,6,2766579024,1,2,0,0,2,0,30,5,23,19,0,5,2
157,7,2430519443,1,3,0,0,2,0,31,4,7,35,1,5,3
157,8,1241520999,1,0,0,0,3,1,32,4,30,12,0,5,4
157,9,100140568,1,1,0,0,2,0,30,5,12,30,1,5,5
157,10,3959709396,1,2,0,0,0,0,30,5,22,20,0,6,5
157,11,2870049839,1,3,0,0,3,1,31,5,40,2,1,7,5
158,0,2285006116,1,0,0,0,2,0,31,0,7,35,1,0,1
158,1,1948946535,1,1,0,0,1,1,32,5,35,7,1,1,1
158,2,759948091,1,2,0,0,0,0,30,1,0,42,1,1,2
158,3,3913534956,1,3,0,0,3,1,32,0,39,3,1,2,2
158,4,2724536512,1,0,0,0,3,1,31,0,41,1,1,3,2
158,5,2388476931,1,1,0,0,0,0,32,0,12,30,0,4,2
158,6,1199478487,1,2,0,0,0,0,31,5,15,27,0,5,2
158,7,58098056,1,3,0,0,2,0,31,6,7,35,1,5,3
158,8,4017005771,1,0,0,0,2,0,31,6,22,20,0,6,3
158,9,2828007327,1,1,0,0,1,1,31,0,30,12,0,6,4
158,10,2491947746,1,2,0,0,2,0,32,4,12,30,0,7,4
159,0,298485767,1,0,0,0,0,0,30,3,12,30,1,0,1
159,1,1205250097,1,1,0,0,1,1,31,2,24,18,0,0,2
159,2,16251653,1,2,0,0,0,0,31,4,7,35,1,0,3
159,3,3975159368,1,3,0,0,1,1,31,2,30,12,0,0,4
159,4,738016163,1,0,0,0,0,0,32,3,30,12,0,1,4
159,5,1644780493,1,1,0,0,0,0,30,4,6,36,1,1,5
159,6,2702604584,1,2,0,0,0,0,31,1,18,24,0,2,5
159,7,119722468,1,3,0,0,2,0,31,9,15,27,0,3,5
159,8,4078630183,1,0,0,0,2,0,30,4,11,31,1,3,6
159,9,2084310889,1,1,0,0,1,1,32,0,24,18,0,3,7
160,0,3849756625,1,0,0,0,2,0,31,3,1,41,1,0,1
160,1,513274533,1,1,0,0,3,1,31,3,40,2,1,1,1
160,2,3666861398,1,2,0,0,0,0,31,3,28,14,0,2,1
160,3,1183318169,1,3,0,0,3,1,32,6,41,1,1,3,1
160,4,4289287021,1,0,0,0,2,0,31,4,17,25,0,4,1
160,5,3953227440,1,1,0,0,0,0,31,3,0,42,1,4,2
160,6,4106391794,1,2,0,0,0,0,31,3,7,35,1,4,3
160,7,1622848565,1,3,0,0,0,0,30,0,17,25,0,5,3
160,8,1286788984,1,0,0,0,1,1,30,0,34,8,1,6,3
160,9,97790540,1,1,0,0,1,1,31,3,30,12,0,6,4
160,10,3251377405,1,2,0,0,2,0,31,5,18,24,0,7,4
161,0,4208657922,1,0,0,0,3,1,31,2,34,8,1,1,0
161,1,3019659478,1,1,0,0,3,1,30,0,36,6,1,2,0
161,2,2683599897,1,2,0,0,2,0,32,1,7,35,1,2,1
161,3,200056668,1,3,0,0,0,0,30,6,6,36,1,2,2
161,4,353221022,1,0,0,0,3,1,31,6,8,34,0,2,3
161,5,2164645089,1,1,0,0,1,1,30,3,18,24,0,2,4
161,6,3123130293,1,2,0,0,0,0,30,0,7,35,1,2,5
161,7,639587064,1,3,0,0,2,0,31,1,13,29,0,3,5
161,8,792751418,1,0,0,0,3,1,32,1,30,12,0,3,6
161,9,456691837,1,1,0,0,1,1,32,4,33,9,1,4,6
161,10,2268115904,1,2,0,0,2,0,31,5,0,42,1,4,7
162,0,2222137573,1,0,0,0,3,1,30,4,41,1,1,1,0
162,1,227818279,1,1,0,0,0,0,31,5,18,24,0,2,0
162,2,4186725994,1,2,0,0,2,0,31,6,30,12,0,3,0
162,3,1703182765,1,3,0,0,2,0,31,6,23,19,0,4,0
162,4,2661667969,1,0,0,0,0,0,31,6,0,42,1,4,1
162,5,178124740,1,1,0,0,1,1,31,4,42,0,1,5,1
162,6,331289094,1,2,0,0,2,0,32,1,0,42,1,5,2
162,7,4290196809,1,3,0,0,1,1,31,1,26,16,0,5,3
162,8,3101198365,1,0,0,0,0,0,31,4,5,37,1,5,4
162,9,617655136,1,1,0,0,1,1,32,3,36,6,1,6,4
162,10,3771242001,1,2,0,0,1,1,31,6,36,6,1,7,4
163,0,4144683482,1,0,0,0,3,1,31,1,30,12,0,0,1
163,1,3808623901,1,1,0,0,1,1,31,3,14,28,0,0,2
163,2,2619625457,1,2,0,0,2,0,31,0,11,31,1,0,3
163,3,2283565876,1,3,0,0,2,0,32,0,22,20,0,1,3
163,4,289246582,1,0,0,0,0,0,31,5,8,34,1,1,4
163,5,4248154297,1,1,0,0,1,1,31,4,24,18,0,1,5
163,6,3059155853,1,2,0,0,2,0,31,0,0,42,1,1,6
163,7,2723096272,1,3,0,0,0,0,30,0,24,18,0,2,6
163,8,2387036691,1,0,0,0,0,0,32,6,0,42,1,2,7
164,0,2158163133,1,0,0,0,3,1,31,1,40,2,1,1,0
164,1,1822103552,1,1,0,0,1,1,31,4,41,1,1,2,0
164,2,1875929019,1,2,0,0,2,0,31,3,7,35,1,2,1
164,3,1539869438,1,3,0,0,1,1,31,3,30,12,0,2,2
164,4,2597693529,1,0,0,0,3,1,31,5,18,24,0,2,3
164,5,2261633948,1,1,0,0,1,1,30,4,20,22,0,2,4
164,6,267314654,1,2,0,0,2,0,32,5,12,30,0,3,4
164,7,1979399834,1,3,0,0,2,0,31,4,23,19,0,4,4
164,8,1643340253,1,0,0,0,2,0,31,5,12,30,0,5,4
164,9,2701164344,1,1,0,0,3,1,30,4,30,12,1,6,4
164,10,3607928674,1,2,0,0,2,0,31,5,13,29,0,7,4
165,0,1617699100,1,1,1,0,0,0,30,1,16,26,0,1,0
165,1,809307287,1,2,0,0,0,0,31,1,11,31,1,1,1
165,2,3962894152,1,3,0,0,1,1,31,1,24,18,0,1,2
165,3,626412060,1,0,0,0,2,0,30,5,16,26,0,2,2
165,4,2437836127,1,1,0,0,0,0,32,0,1,41,1,2,3
165,5,2101776546,1,2,0,0,1,1,32,4,42,0,1,3,3
165,6,107457252,1,3,0,0,2,0,31,1,29,13,0,4,3
165,7,4066364967,1,0,0,0,3,1,32,2,25,17,0,4,4
165,8,2877366523,1,1,0,0,1,1,31,4,41,1,1,5,4
165,9,2541306942,1,2,0,0,0,0,31,5,12,30,0,6,4
165,10,1352308498,1,3,0,0,3,1,31,4,36,6,1,7,4
166,0,2578688842,1,0,0,0,0,0,31,4,24,18,0,1,0
166,1,584369548,1,1,0,0,1,1,31,3,26,16,0,1,1
166,2,248309967,1,2,0,0,0,0,31,4,13,29,0,2,1
166,3,2059734034,1,3,0,0,2,0,32,4,0,42,1,2,2
166,4,3018219238,1,0,0,0,0,0,31,1,6,36,1,2,3
166,5,1876838807,1,1,0,0,2,0,30,4,6,36,1,2,4
166,6,687840363,1,2,0,0,2,0,32,0,18,24,0,3,4
166,7,2499264430,1,3,0,0,2,0,30,5,2,40,1,3,5
166,8,3457749634,1,0,0,0,3,1,32,5,14,28,0,3,6
166,9,2316369203,1,1,0,0,0,0,32,4,20,22,0,4,6
166,10,4127793270,1,2,0,0,2,0,32,4,7,35,1,4,7
167,0,4081814939,1,0,0,0,0,0,32,0,12,30,0,1,0
167,1,2892816495,1,1,0,0,0,0,31,4,20,22,0,2,0
167,2,2556756914,1,2,0,0,1,1,31,6,34,8,1,3,0
167,3,3562860131,1,3,0,0,3,1,32,0,42,0,1,4,0
167,4,226378039,1,0,0,0,0,0,31,5,1,41,1,4,1
167,5,2037802106,1,1,0,0,0,0,31,0,25,17,0,5,1
167,6,2996287310,1,2,0,0,0,0,30,5,13,29,0,6,1
167,7,1854906879,1,3,0,0,2,0,31,3,22,20,0,7,1
168,0,2514714402,1,0,0,0,3,1,31,4,39,3,1,1,0
168,1,1373333971,1,1,0,0,1,1,31,4,29,13,0,1,1
168,2,184335527,1,2,0,0,2,0,31,1,13,29,0,2,1
168,3,4143243242,1,3,0,0,2,0,30,0,27,15,0,3,1
168,4,2954244798,1,0,0,0,0,0,33,5,22,20,0,4,1
168,5,2618185217,1,1,0,0,2,0,30,1,23,19,0,5,1
168,6,623865923,1,2,0,0,1,1,32,5,28,14,0,5,2
168,7,287806342,1,3,0,0,2,0,31,4,8,34,1,5,3
168,8,4246714057,1,0,0,0,3,1,30,4,23,19,0,5,4
168,9,3057715613,1,1,0,0,0,0,31,4,1,41,1,5,5
168,10,1916335182,1,2,0,0,0,0,31,0,18,24,0,6,5
168,11,727336738,1,3,0,0,2,0,30,6,0,42,1,6,6
168,12,391277157,1,0,0,0,0,0,31,2,22,20,0,7,6
169,0,2354857000,1,0,0,0,3,1,30,5,17,25,0,0,1
169,1,3412681091,1,1,0,0,3,1,31,4,34,8,1,1,1
169,2,24478125,1,2,0,0,1,1,31,1,31,11,1,2,1
169,3,1082302216,1,3,0,0,3,1,30,2,35,7,1,3,1
169,4,746242635,1,0,0,0,3,1,31,1,25,17,0,3,2
169,5,2458327815,1,1,0,0,2,0,30,1,7,35,1,3,3
169,6,464008521,1,2,0,0,2,0,31,6,17,25,0,4,3
169,7,127948940,1,3,0,0,1,1,31,5,30,12,0,4,4
169,8,2853311161,1,1,1,0,2,0,30,3,39,3,0,5,4
169,9,849713450,1,2,0,0,1,1,31,4,40,2,1,6,4
169,10,903538917,1,3,0,0,1,1,30,1,31,11,1,7,4
170,0,3034578998,1,0,0,0,0,0,32,1,2,40,1,0,1
170,1,3187743352,1,1,0,0,0,0,30,4,30,12,0,1,1
170,2,2851683771,1,2,0,0,2,0,31,0,23,19,0,2,1
170,3,368140542,1,3,0,0,1,1,30,4,41,1,1,3,1
170,4,1326625746,1,0,0,0,0,0,31,1,12,30,0,4,1
170,5,2332728963,1,1,0,0,1,1,31,0,35,7,1,5,1
170,6,3291214167,1,2,0,0,2,0,32,6,24,18,0,6,1
170,7,807670938,1,3,0,0,2,0,31,6,16,26,0,7,1
171,0,143398912,1,0,0,0,1,1,30,6,41,1,1,1,0
171,1,3249367764,1,1,0,0,1,1,32,4,23,19,0,1,1
171,2,2107987333,1,2,0,0,3,1,30,4,31,11,1,2,1
171,3,3919411400,1,3,0,0,2,0,31,6,18,24,0,3,1
171,4,582929308,1,0,0,0,0,0,32,5,11,31,0,4,1
171,5,2394353375,1,1,0,0,1,1,30,9,30,12,1,5,1
171,6,1304693818,1,2,0,0,1,1,32,1,18,24,0,5,2
171,7,63974500,1,3,0,0,3,1,30,9,26,16,0,5,3
171,8,1022459704,1,0,0,0,0,0,32,2,0,42,1,5,4
171,9,2833883771,1,1,0,0,0,0,31,4,28,14,0,6,4
171,10,2497824190,1,2,0,0,1,1,31,5,42,0,1,7,4
172,0,1646525009,1,0,0,0,3,1,31,1,19,23,0,0,1
172,1,457526565,1,1,0,0,1,1,31,4,26,16,0,0,2
172,2,121466984,1,2,0,0,3,1,30,1,40,2,1,1,2
172,3,1932891051,1,3,0,0,3,1,31,0,25,17,0,1,3
172,4,2086055405,1,0,0,0,3,1,31,4,34,8,1,2,3
172,5,3897479472,1,1,0,0,0,0,31,4,29,13,0,3,3
172,6,560997380,1,2,0,0,2,0,31,3,2,40,1,3,4
172,7,2372421447,1,3,0,0,3,1,31,5,40,2,1,4,4
172,8,2525585801,1,0,0,0,3,1,31,5,40,2,1,5,4
172,9,42042572,1,1,0,0,1,1,31,5,36,6,1,6,4
172,10,4000950287,1,2,0,0,2,0,32,3,1,41,1,6,5
172,11,2811951843,1,3,0,0,2,0,31,2,1,41,1,6,6
172,12,1670571412,1,0,0,0,2,0,31,9,41,1,0,7,6
173,0,663263508,1,0,0,0,2,0,31,2,0,42,1,0,1
173,1,3769232360,1,1,0,0,1,1,32,3,31,11,0,0,2
173,2,2627851929,1,2,0,0,1,1,31,2,9,33,0,0,3
173,3,1438853485,1,3,0,0,3,1,31,5,34,8,1,1,3
173,4,1102793904,1,0,0,0,3,1,31,0,41,1,1,2,3
173,5,766734323,1,1,0,0,0,0,32,3,2,40,1,2,4
173,6,3067382325,1,2,0,0,1,1,31,4,30,12,0,2,5
173,7,2731322744,1,3,0,0,1,1,31,0,30,12,0,2,6
173,8,1542324300,1,0,0,0,2,0,30,4,2,40,1,2,7
174,0,4214534366,1,0,0,0,0,0,32,5,3,39,1,0,1
174,1,977391161,1,1,0,0,0,0,31,1,18,24,0,1,1
174,2,641331580,1,2,0,0,2,0,31,4,13,29,0,2,1
174,3,2941979582,1,3,0,0,1,1,31,1,31,11,1,3,1
174,4,2605920001,1,0,0,0,0,0,33,3,22,20,0,4,1
174,5,23037885,1,1,0,0,3,1,31,1,25,17,0,4,2
174,6,1080861976,1,2,0,0,0,0,31,1,34,8,0,5,2
174,7,1987626306,1,3,0,0,3,1,31,9,36,6,1,6,2
174,8,3045450397,1,0,0,0,0,0,30,1,11,31,1,6,3
174,9,2709390816,1,1,0,0,1,1,31,4,35,7,1,7,3
175,0,599289068,1,0,0,0,2,0,31,4,22,20,0,1,0
175,1,1557774272,1,1,0,0,3,1,31,1,41,1,1,2,0
175,2,416393841,1,2,0,0,0,0,31,5,20,22,0,3,0
175,3,2227817908,1,3,0,0,3,1,32,5,41,1,1,4,0
175,4,3186303112,1,0,0,0,2,0,31,4,12,30,0,5,0
175,5,702759883,1,1,0,0,0,0,31,0,23,19,0,6,0
175,6,855924237,1,2,0,0,3,1,30,9,40,2,1,7,0
176,0,2003076278,1,0,0,0,3,1,31,0,36,6,1,1,0
176,1,3060900369,1,1,0,0,0,0,31,3,35,7,0,2,0
176,2,478018253,1,2,0,0,1,1,31,1,42,0,1,3,0
176,3,2289442320,1,3,0,0,2,0,32,4,2,40,1,3,1
176,4,2442606674,1,0,0,0,2,0,31,2,11,31,1,3,2
176,5,4254030741,1,1,0,0,1,1,32,6,29,13,0,3,3
176,6,3164371184,1,2,0,0,2,0,30,2,11,31,1,3,4
176,7,2728972716,1,3,0,0,1,1,31,3,35,7,1,4,4
176,8,2882137070,1,0,0,0,3,1,30,6,24,18,0,4,5
176,9,398593841,1,1,0,0,1,1,31,0,35,7,1,5,5
176,10,62534260,1,2,0,0,1,1,31,0,34,8,1,6,5
176,11,1120358351,1,3,0,0,2,0,31,4,8,34,1,6,6
176,12,2027122681,1,0,0,0,3,1,31,1,42,0,1,7,6
177,0,3266637312,1,0,0,0,3,1,31,4,31,11,1,1,0
177,1,1272318018,1,1,0,0,1,1,32,0,20,22,0,1,1
177,2,2984403198,1,2,0,0,2,0,31,4,17,25,0,2,1
177,3,2648343617,1,3,0,0,2,0,31,9,25,17,0,3,1
177,4,3706167708,1,0,0,0,3,1,31,4,39,3,1,4,1
177,5,1222624479,1,1,0,0,1,1,31,4,29,13,0,4,2
177,6,1375788833,1,2,0,0,1,1,30,6,42,0,1,5,2
177,7,3087874013,1,3,0,0,3,1,31,3,35,7,1,6,2
177,8,4145698104,1,0,0,0,0,0,31,3,24,18,0,7,2
178,0,2522940874,1,0,0,0,0,0,31,6,29,13,0,1,0
178,1,1333942430,1,1,0,0,3,1,30,3,20,22,0,1,1
178,2,997882849,1,2,0,0,1,1,31,0,41,1,1,2,1
178,3,3298530851,1,3,0,0,0,0,30,1,22,20,0,3,1
178,4,2962471270,1,0,0,0,0,0,31,5,13,29,0,4,1
178,5,2626411689,1,1,0,0,0,0,31,3,11,31,1,4,2
178,6,1437413245,1,2,0,0,2,0,31,1,18,24,0,5,2
178,7,296032814,1,3,0,0,2,0,30,3,18,24,0,6,2
178,8,3402001666,1,0,0,0,0,0,31,3,11,31,1,6,3
178,9,3065942085,1,1,0,0,3,1,30,3,35,7,1,7,3
179,0,4026066971,1,0,0,0,2,0,30,2,7,35,1,0,1
179,1,2837068527,1,1,0,0,1,1,31,4,36,6,1,1,1
179,2,2501008946,1,2,0,0,3,1,30,4,35,7,1,2,1
179,3,1312010502,1,3,0,0,3,1,31,3,36,6,1,3,1
179,4,170630071,1,0,0,0,2,0,30,2,12,30,1,3,2
179,5,4129537786,1,1,0,0,3,1,30,1,30,12,1,4,2
179,6,2940539342,1,2,0,0,2,0,31,2,41,1,0,5,2
179,7,2604479761,1,3,0,0,2,0,31,2,7,35,1,5,3
179,8,1415481317,1,0,0,0,3,1,30,3,34,8,1,6,3
179,9,274100886,1,1,0,0,1,1,31,4,35,7,1,7,3
180,0,2458966434,1,0,0,0,3,1,31,2,7,35,0,0,1
180,1,3417451638,1,1,0,0,0,0,30,4,12,30,1,0,2
180,2,933908409,1,2,0,0,0,0,31,0,17,25,0,1,2
180,3,4087495274,1,3,0,0,3,1,31,2,41,1,1,2,2
180,4,751013182,1,0,0,0,3,1,31,2,29,13,0,2,3
180,5,2562437249,1,1,0,0,1,1,31,1,25,17,0,2,4
180,6,1373438805,1,2,0,0,1,1,31,1,12,30,0,2,5
180,7,232058374,1,3,0,0,2,0,31,5,11,31,1,2,6
180,8,4190966089,1,0,0,0,3,1,31,0,20,22,0,2,7
181,0,472446085,1,0,0,0,1,1,30,5,24,18,0,0,1
181,1,625610439,1,1,0,0,1,1,31,4,34,8,1,1,1
181,2,2337695619,1,2,0,0,2,0,30,5,24,18,0,2,1
181,3,4149119686,1,3,0,0,3,1,33,5,42,0,1,3,1
181,4,911976481,1,0,0,0,3,1,31,1,25,17,0,3,2
181,5,1818740811,1,1,0,0,0,0,31,6,12,30,0,4,2
181,6,729081254,1,2,0,0,2,0,32,6,18,24,0,5,2
181,7,293682786,1,3,0,0,3,1,31,1,30,12,0,5,3
181,8,1351506877,1,0,0,0,2,0,31,1,13,29,0,6,3
181,9,2258271207,1,1,0,0,2,0,30,4,6,36,1,6,4
181,10,1922211626,1,2,0,0,1,1,30,9,30,12,1,7,4
182,0,831347382,1,0,0,0,3,1,31,3,42,0,1,1,0
182,1,3937316234,1,1,0,0,0,0,31,4,1,41,1,1,1
182,2,3601256653,1,2,0,0,2,0,30,3,13,29,0,2,1
182,3,213053687,1,3,0,0,1,1,31,1,19,23,0,2,2
182,4,1270877778,1,0,0,0,0,0,31,0,19,23,0,3,2
182,5,3082301845,1,1,0,0,0,0,31,2,7,35,1,3,3
182,6,4040787049,1,2,0,0,1,1,30,5,25,17,0,3,4
182,7,2899406618,1,3,0,0,3,1,31,4,42,0,1,4,4
182,8,1710408174,1,0,0,0,3,1,31,2,42,0,1,5,4
182,9,1374348593,1,1,0,0,0,0,32,2,24,18,0,6,4
182,10,3185772660,1,2,0,0,2,0,31,5,14,28,0,7,4
183,0,87650944,1,0,0,0,2,0,30,4,12,30,1,0,1
183,1,3193619796,1,1,0,0,1,1,31,4,34,8,1,1,1
183,2,2857560215,1,2,0,0,0,0,30,2,3,39,1,1,2
183,3,1668561771,1,3,0,0,3,1,31,6,41,1,1,2,2
183,4,527181340,1,0,0,0,3,1,32,6,36,6,1,3,2
183,5,191121759,1,1,0,0,0,0,31,2,13,29,0,4,2
183,6,3297090611,1,2,0,0,2,0,31,5,1,41,1,4,3
183,7,2961031030,1,3,0,0,2,0,31,6,12,30,0,5,3
183,8,966711736,1,0,0,0,1,1,30,0,20,22,0,5,4
183,9,630652155,1,1,0,0,2,0,30,0,12,30,1,5,5
183,10,2442076222,1,2,0,0,2,0,31,1,18,24,0,6,5
183,11,3400561426,1,3,0,0,2,0,31,4,25,17,0,7,5
184,0,2396097891,1,0,0,0,2,0,30,0,17,25,0,1,0
184,1,401778597,1,1,0,0,0,0,30,0,1,41,1,1,1
184,2,65719016,1,2,0,0,3,1,30,9,18,24,0,1,2
184,3,3171687868,1,3,0,0,1,1,31,4,40,2,1,2,2
184,4,2835628287,1,0,0,0,0,0,32,4,0,42,1,2,3
184,5,2499568706,1,1,0,0,3,1,31,5,39,3,1,3,3
184,6,505249412,1,2,0,0,0,0,31,3,13,29,0,4,3
184,7,169189831,1,3,0,0,2,0,30,6,11,31,1,4,4
184,8,3275158683,1,0,0,0,0,0,31,3,12,30,0,5,4
184,9,2939099102,1,1,0,0,0,0,31,2,23,19,0,6,4
184,10,944779808,1,2,0,0,0,0,31,5,6,36,1,6,5
184,11,608720227,1,3,0,0,2,0,31,5,29,13,0,7,5
185,0,23676504,1,0,0,0,3,1,32,3,41,1,1,1,0
185,1,982161708,1,1,0,0,1,1,31,0,31,11,1,2,0
185,2,2793585775,1,2,0,0,2,0,31,4,20,22,0,3,0
185,3,2457526194,1,3,0,0,3,1,32,4,35,7,1,4,0
185,4,2610690548,1,0,0,0,3,1,30,6,23,19,0,4,1
185,5,127147319,1,1,0,0,1,1,32,3,41,1,1,5,1
185,6,3233116171,1,2,0,0,1,1,31,1,35,7,1,6,1
185,7,2897056590,1,3,0,0,3,1,30,9,42,0,1,7,1
186,0,669139952,1,0,0,0,2,0,30,0,19,23,0,1,0
186,1,822304306,1,1,0,0,0,0,31,1,13,29,0,2,0
186,2,2633728373,1,2,0,0,3,1,30,0,39,3,1,3,0
186,3,3691552464,1,3,0,0,2,0,31,1,11,31,1,3,1
186,4,3355492883,1,0,0,0,0,0,32,2,6,36,1,3,2
186,5,1261834702,1,1,0,0,1,1,31,0,13,29,0,3,3
186,6,3073258769,1,2,0,0,3,1,30,9,41,1,1,4,3
186,7,2737199188,1,3,0,0,2,0,31,4,7,35,1,4,4
186,8,3795023279,1,0,0,0,0,0,32,5,14,28,0,5,4
186,9,406820313,1,1,0,0,2,0,30,6,19,23,0,6,4
186,10,3512789165,1,2,0,0,0,0,30,4,8,34,1,6,5
186,11,3176729584,1,3,0,0,3,1,31,3,13,29,0,6,6
186,12,2840670003,1,0,0,0,3,1,31,2,18,24,0,6,7
187,0,2691024748,1,0,0,0,2,0,30,9,0,42,1,0,1
187,1,1502026304,1,1,0,0,0,0,30,9,7,35,1,0,2
187,2,1165966723,1,2,0,0,2,0,32,3,7,35,1,0,3
187,3,2977390790,1,3,0,0,3,1,31,1,36,6,1,1,3
187,4,3130555144,1,0,0,0,1,1,30,1,25,17,0,1,4
187,5,647011915,1,1,0,0,1,1,31,0,36,6,1,2,4
187,6,1605497119,1,2,0,0,3,1,30,3,30,12,1,3,4
187,7,3416921186,1,3,0,0,2,0,31,6,4,38,1,3,5
187,8,3570085540,1,0,0,0,2,0,30,3,7,35,1,3,6
187,9,3234025959,1,1,0,0,1,1,31,0,29,13,0,3,7
188,0,2752649160,1,0,0,0,2,0,31,5,7,35,1,0,1
188,1,758329866,1,1,0,0,0,0,31,1,6,36,1,0,2
188,2,422270285,1,2,0,0,2,0,31,0,1,41,1,0,3
188,3,3528239137,1,3,0,0,1,1,31,6,35,7,1,1,3
188,4,3192179556,1,0,0,0,3,1,31,1,42,0,1,2,3
188,5,2050799125,1,1,0,0,3,1,30,3,31,11,1,3,3
188,6,861800681,1,2,0,0,2,0,32,1,29,13,0,4,3
188,7,525741100,1,3,0,0,1,1,31,4,34,8,1,5,3
188,8,3631709952,1,0,0,0,0,0,32,5,17,25,0,6,3
188,9,2490329521,1,1,0,0,1,1,32,2,35,7,1,7,3
189,0,380227773,1,0,0,0,3,1,31,5,36,6,1,1,0
189,1,44168192,1,1,0,0,3,1,31,4,29,13,0,1,1
189,2,1101992283,1,2,0,0,2,0,32,0,13,29,0,2,1
189,3,765932702,1,3,0,0,3,1,31,1,14,28,0,2,2
189,4,819758169,1,0,0,0,1,1,30,0,9,33,0,2,3
189,5,483698588,1,1,0,0,0,0,32,1,3,39,1,2,4
189,6,1541522679,1,2,0,0,2,0,31,2,23,19,0,3,4
189,7,1205463098,1,3,0,0,2,0,31,9,0,42,1,3,5
189,8,2112227428,1,0,0,0,3,1,31,6,17,25,0,3,6
189,9,923228984,1,1,0,0,0,0,31,3,6,36,1,3,7
190,0,3272513756,1,0,0,0,1,1,30,0,36,6,1,1,0
190,1,1278194462,1,1,0,0,0,0,31,6,1,41,1,1,1
190,2,942134881,1,2,0,0,1,1,31,5,18,24,0,1,2
190,3,4048103733,1,3,0,0,1,1,30,4,41,1,1,2,2
190,4,3712044152,1,0,0,0,3,1,31,9,22,20,0,2,3
190,5,2570663721,1,1,0,0,2,0,30,5,17,25,0,3,3
190,6,1381665277,1,2,0,0,2,0,32,6,6,36,1,3,4
190,7,1045605696,1,3,0,0,3,1,31,0,42,0,1,4,4
190,8,4151574548,1,0,0,0,3,1,31,3,35,7,1,5,4
190,9,3010194117,1,1,0,0,2,0,30,5,1,41,1,5,5
190,10,1821195673,1,2,0,0,0,0,31,2,19,23,0,6,5
190,11,1485136092,1,3,0,0,3,1,31,6,35,7,1,7,5
191,0,480672557,1,0,0,0,3,1,31,1,31,11,1,1,0
191,1,3586641409,1,1,0,0,3,1,31,6,35,7,1,2,0
191,2,198438443,1,2,0,0,2,0,32,4,7,35,1,2,1
191,3,3403746182,1,3,0,0,2,0,32,6,1,41,1,2,2
191,4,920202953,1,0,0,0,0,0,31,0,13,29,0,3,2
191,5,584143372,1,1,0,0,0,0,30,6,11,31,1,3,3
191,6,637968839,1,2,0,0,2,0,32,4,17,25,0,4,3
191,7,301909258,1,3,0,0,3,1,31,5,41,1,1,5,3
191,8,1359733349,1,0,0,0,3,1,30,5,23,19,0,5,4
191,9,1023673768,1,1,0,0,1,1,31,1,29,13,0,5,5
191,10,3324321770,1,2,0,0,2,0,32,1,12,30,0,6,5
191,11,741439654,1,3,0,0,0,0,30,4,11,31,1,6,6
191,12,405380073,1,0,0,0,3,1,31,0,31,11,1,7,6
192,0,1061055668,1,0,0,0,1,1,30,1,20,22,0,0,1
192,1,3361703670,1,1,0,0,1,1,31,1,18,24,0,0,2
192,2,3025644089,1,2,0,0,0,0,30,5,13,29,0,1,2
192,3,542100860,1,3,0,0,3,1,31,0,29,13,0,1,3
192,4,1500586064,1,0,0,0,0,0,31,6,7,35,1,1,4
192,5,359205633,1,1,0,0,0,0,32,0,12,30,0,2,4
192,6,3465174485,1,2,0,0,1,1,31,2,15,27,0,2,5
192,7,981631256,1,3,0,0,2,0,31,9,1,41,1,2,6
192,8,1940116460,1,0,0,0,0,0,31,5,25,17,0,3,6
192,9,798736029,1,1,0,0,0,0,30,6,28,14,0,4,6
192,10,2610160096,1,2,0,0,2,0,32,4,25,17,0,5,6
192,11,1421161652,1,3,0,0,2,0,32,5,0,42,1,5,7
193,0,317359230,1,0,0,0,0,0,32,1,1,41,1,0,1
193,1,1375183321,1,1,0,0,1,1,32,4,25,17,0,0,2
193,2,2281947651,1,2,0,0,1,1,30,0,34,8,1,1,2
193,3,1092949207,1,3,0,0,2,0,30,1,22,20,0,2,2
193,4,756889626,1,0,0,0,2,0,30,3,8,34,1,2,3
193,5,2568313693,1,1,0,0,1,1,31,4,23,19,0,2,4
193,6,1478654136,1,2,0,0,1,1,31,4,34,8,1,3,4
193,7,2385418466,1,3,0,0,1,1,31,1,40,2,1,4,4
193,8,1196420022,1,0,0,0,2,0,31,2,7,35,1,4,5
193,9,3007844089,1,1,0,0,1,1,31,5,39,3,1,5,5
193,10,2671784508,1,2,0,0,2,0,30,0,11,31,1,5,6
193,11,2824948862,1,3,0,0,2,0,30,1,0,42,1,5,7
194,0,2823744175,1,0,0,0,0,0,32,0,25,17,0,1,0
194,1,3881568266,1,1,0,0,0,0,31,4,19,23,0,2,0
194,2,1298686150,1,2,0,0,0,0,31,0,19,23,0,3,0
194,3,2356510241,1,3,0,0,0,0,30,0,18,24,0,4,0
194,4,3263274571,1,0,0,0,2,0,31,4,30,12,0,5,0
194,5,2927214990,1,1,0,0,0,0,31,3,30,12,0,6,0
194,6,3985039081,1,2,0,0,3,1,30,9,24,18,0,6,1
194,7,3648979500,1,3,0,0,1,1,30,9,42,0,1,7,1
195,0,837223826,1,0,0,0,0,0,32,1,6,36,1,0,1
195,1,3943192678,1,1,0,0,2,0,30,4,2,40,1,0,2
195,2,2801812247,1,2,0,0,2,0,32,6,16,26,0,1,2
195,3,1612813803,1,3,0,0,0,0,30,9,2,40,1,1,3
195,4,1276754222,1,0,0,0,0,0,30,0,19,23,0,2,3
195,5,940694641,1,1,0,0,0,0,30,3,1,41,1,2,4
195,6,3241342643,1,2,0,0,2,0,31,0,24,18,0,3,4
195,7,2905283062,1,3,0,0,3,1,31,4,31,11,1,4,4
195,8,1716284618,1,0,0,0,3,1,31,1,25,17,0,4,5
195,9,1380225037,1,1,0,0,1,1,32,6,25,17,0,4,6
195,10,3680873039,1,2,0,0,2,0,30,6,23,19,0,5,6
195,11,3344813458,1,3,0,0,3,1,31,5,41,1,1,6,6
195,12,3008753877,1,0,0,0,3,1,31,6,35,7,1,7,6
196,0,3565090585,1,0,0,0,2,0,30,2,8,34,1,0,1
196,1,3718254939,1,1,0,0,3,1,31,2,42,0,1,1,1
196,2,3382195358,1,2,0,0,2,0,32,4,12,30,0,2,1
196,3,898652129,1,3,0,0,1,1,30,4,35,7,1,3,1
196,4,1857137333,1,0,0,0,1,1,30,6,19,23,0,3,2
196,5,2863240550,1,1,0,0,1,1,32,2,42,0,1,4,2
196,6,3821725754,1,2,0,0,2,0,31,0,12,30,0,5,2
196,7,1338182525,1,3,0,0,2,0,31,3,1,41,1,5,3
196,8,1916061098,1,1,1,0,1,1,31,4,41,1,1,6,3
196,9,3302770946,1,2,0,0,2,0,32,1,0,42,1,6,4
196,10,2966711365,1,3,0,0,2,0,31,1,6,36,1,6,5
196,11,1777712921,1,0,0,0,0,0,31,5,6,36,1,6,6
196,12,1441653340,1,1,0,0,1,1,33,5,35,7,1,7,6
197,0,2920733034,1,0,0,0,3,1,32,0,39,3,1,1,0
197,1,1731734590,1,1,0,0,1,1,32,1,42,0,1,2,0
197,2,590354159,1,2,0,0,1,1,31,2,42,0,1,3,0
197,3,2401778226,1,3,0,0,2,0,31,9,12,30,0,4,0
197,4,3360263430,1,0,0,0,0,0,31,4,22,20,0,5,0
197,5,876720201,1,1,0,0,0,0,32,5,11,31,0,6,0
197,6,1029884555,1,2,0,0,2,0,32,4,13,29,0,7,0
198,0,613391984,1,0,0,0,3,1,31,4,24,18,0,0,1
198,1,1571877188,1,1,0,0,0,0,31,3,24,18,0,1,1
198,2,3383301255,1,2,0,0,2,0,31,6,17,25,0,2,1
198,3,3536465609,1,3,0,0,2,0,31,3,19,23,0,3,1
198,4,1052922380,1,0,0,0,0,0,31,4,23,19,0,4,1
198,5,2011407584,1,1,0,0,3,1,31,5,36,6,1,5,1
198,6,3822831651,1,2,0,0,0,0,31,9,23,19,0,6,1
198,7,2681451220,1,3,0,0,3,1,31,1,41,1,1,7,1
199,0,3440597630,1,0,0,0,1,1,30,0,31,11,1,1,0
199,1,1446278336,1,1,0,0,0,0,31,1,16,26,0,2,0
199,2,1110218755,1,2,0,0,0,0,30,9,0,42,1,2,1
199,3,4216187607,1,3,0,0,3,1,32,3,30,12,0,2,2
199,4,3880128026,1,0,0,0,2,0,31,6,3,39,1,2,3
199,5,3544068445,1,1,0,0,3,1,30,3,41,1,1,3,3
199,6,1549749151,1,2,0,0,2,0,31,2,18,24,0,4,3
199,7,1213689570,1,3,0,0,2,0,31,4,1,41,1,4,4
199,8,24691126,1,0,0,0,1,1,30,5,35,7,1,5,4
199,9,3983598841,1,1,0,0,2,0,30,1,22,20,0,6,4
199,10,1989279547,1,2,0,0,3,1,30,0,14,28,0,6,5
199,11,1653219966,1,3,0,0,0,0,30,4,7,35,1,6,6
199,12,3464644033,1,0,0,0,3,1,31,4,36,6,1,7,6
200,0,2696901192,1,0,0,0,2,0,30,9,35,7,0,1,0
200,1,1507902748,1,1,0,0,0,0,31,5,30,12,0,2,0
200,2,1171843167,1,2,0,0,1,1,31,1,36,6,1,3,0
200,3,3472491169,1,3,0,0,2,0,31,4,7,35,1,3,1
200,4,3136431588,1,0,0,0,3,1,31,2,42,0,1,4,1
200,5,2800372007,1,1,0,0,1,1,31,5,25,17,0,4,2
200,6,1611373563,1,2,0,0,1,1,31,5,41,1,1,5,2
200,7,469993132,1,3,0,0,1,1,30,0,41,1,1,6,2
200,8,3575961984,1,0,0,0,1,1,30,0,30,12,1,7,2
201,0,1129800655,1,0,0,0,3,1,31,4,1,41,0,0,1
201,1,40141098,1,1,0,0,2,0,30,1,23,19,0,1,1
201,2,946905428,1,2,0,0,1,1,31,6,24,18,0,1,2
201,3,2758329495,1,3,0,0,1,1,30,4,42,0,1,2,2
201,4,3716814699,1,0,0,0,3,1,31,2,41,1,1,3,2
201,5,1233271470,1,1,0,0,2,0,30,9,0,42,1,3,3
201,6,1386435824,1,2,0,0,1,1,31,1,31,11,1,4,3
201,7,3197859891,1,3,0,0,2,0,30,4,13,29,0,5,3
201,8,2108200334,1,0,0,0,3,1,31,0,14,28,0,5,4
201,9,1672801866,1,1,0,0,0,0,31,4,14,28,0,6,4
201,10,531421435,1,2,0,0,1,1,31,2,30,12,0,6,5
201,11,3637390287,1,3,0,0,3,1,31,1,31,11,1,7,5
202,0,3216765788,1,0,0,0,0,0,32,1,0,42,1,0,1
202,1,4175250992,1,1,0,0,3,1,31,4,31,11,1,1,1
202,2,886386913,1,2,0,0,1,1,30,4,33,9,1,2,1
202,3,1844872117,1,3,0,0,0,0,30,4,12,30,1,2,2
202,4,3656296184,1,0,0,0,3,1,32,2,28,14,0,2,3
202,5,319814092,1,1,0,0,1,1,31,3,41,1,1,3,3
202,6,3473400957,1,2,0,0,1,1,31,6,34,8,1,4,3
202,7,989857728,1,3,0,0,3,1,32,3,25,17,0,4,4
202,8,4095826580,1,0,0,0,3,1,31,0,8,34,0,4,5
202,9,3759766999,1,1,0,0,1,1,33,2,42,0,1,5,5
202,10,2570768555,1,2,0,0,2,0,30,6,6,36,1,5,6
202,11,1429388124,1,3,0,0,3,1,33,5,31,11,0,5,7
203,0,3797148899,1,0,0,0,2,0,30,0,7,35,1,0,1
203,1,1802829605,1,1,0,0,1,1,31,6,35,7,1,1,1
203,2,1466770024,1,2,0,0,2,0,31,4,17,25,0,2,1
203,3,277771580,1,3,0,0,3,1,31,4,42,0,1,3,1
203,4,4236679295,1,0,0,0,0,0,31,3,18,24,0,4,1
203,5,3095298864,1,1,0,0,1,1,31,4,41,1,1,5,1
203,6,1906300420,1,2,0,0,2,0,32,0,19,23,0,6,1
203,7,1570240839,1,3,0,0,1,1,31,1,35,7,1,7,1
204,0,1005307700,1,0,0,0,0,0,31,1,2,40,1,0,1
204,1,4111276552,1,1,0,0,0,0,31,0,17,25,0,1,1
204,2,3775216971,1,2,0,0,2,0,32,3,7,35,1,1,2
204,3,1780897677,1,3,0,0,2,0,32,3,18,24,0,2,2
204,4,1444838096,1,0,0,0,0,0,32,4,12,30,0,3,2
204,5,1108778515,1,1,0,0,2,0,30,2,19,23,0,4,2
204,6,4214747367,1,2,0,0,2,0,31,4,15,27,0,5,2
204,7,3073366936,1,3,0,0,2,0,31,1,29,13,0,6,2
204,8,1884368492,1,0,0,0,3,1,31,4,24,18,0,6,3
204,9,1548308911,1,1,0,0,3,1,30,5,25,17,0,6,4
204,10,359310467,1,2,0,0,2,0,31,0,7,35,1,6,5
204,11,3512897332,1,3,0,0,2,0,31,3,25,17,0,7,5
205,0,261611262,1,0,0,0,2,0,31,3,0,42,1,0,1
205,1,3367580114,1,1,0,0,1,1,31,3,35,7,1,1,1
205,2,3031520533,1,2,0,0,2,0,31,3,27,15,0,2,1
205,3,1842522089,1,3,0,0,2,0,30,3,17,25,0,3,1
205,4,701141658,1,0,0,0,3,1,30,4,40,2,1,4,1
205,5,365082077,1,1,0,0,0,0,31,4,13,29,0,5,1
205,6,3471050929,1,2,0,0,1,1,32,5,31,11,0,5,2
205,7,3134991348,1,3,0,0,3,1,32,0,36,6,1,6,2
205,8,1140672054,1,0,0,0,0,0,31,1,6,36,1,6,3
205,9,804612473,1,1,0,0,3,1,30,2,23,19,0,6,4
205,10,3910581325,1,2,0,0,2,0,31,3,8,34,1,6,5
205,11,3574521744,1,3,0,0,3,1,31,4,42,0,1,7,5
206,0,2989478021,1,0,0,0,1,1,30,1,23,19,0,0,1
206,1,1899818464,1,1,0,0,1,1,31,2,42,0,1,1,1
206,2,3711242531,1,2,0,0,0,0,31,5,0,42,1,1,2
206,3,323039565,1,3,0,0,2,0,30,1,17,25,0,2,2
206,4,1281524769,1,0,0,0,2,0,31,5,9,33,1,2,3
206,5,3092948836,1,1,0,0,1,1,30,6,30,12,1,3,3
206,6,4150772927,1,2,0,0,2,0,31,6,25,17,0,4,3
206,7,762569961,1,3,0,0,3,1,30,2,29,13,0,4,4
206,8,3967877700,1,0,0,0,3,1,31,5,35,7,1,5,4
206,9,3532479232,1,1,0,0,1,1,32,3,34,8,1,6,4
206,10,3196419651,1,2,0,0,2,0,31,3,11,31,1,6,5
206,11,1202100357,1,3,0,0,3,1,32,4,40,2,1,7,5
207,0,301530340,1,1,1,0,1,1,31,2,42,0,1,1,0
207,1,1739961062,1,2,0,0,2,0,32,0,1,41,1,1,1
207,2,3551385129,1,3,0,0,3,1,31,2,41,1,1,2,1
207,3,2362386685,1,0,0,0,0,0,32,4,7,35,1,2,2
207,4,1221006254,1,1,0,0,0,0,31,3,6,36,1,2,3
207,5,2179491458,1,2,0,0,1,1,31,4,41,1,1,3,3
207,6,3990915525,1,3,0,0,1,1,30,1,25,17,0,3,4
207,7,3654855944,1,0,0,0,0,0,33,0,35,7,0,4,4
207,8,1660536650,1,1,0,0,1,1,31,3,25,17,0,4,5
207,9,1324477069,1,2,0,0,1,1,31,4,18,24,0,4,6
207,10,135478625,1,3,0,0,3,1,31,3,24,18,0,4,7
208,0,1361858969,1,0,0,0,3,1,31,4,35,7,1,1,0
208,1,172860525,1,1,0,0,3,1,30,1,40,2,1,2,0
208,2,3326447390,1,2,0,0,1,1,31,5,41,1,1,3,0
208,3,2990387809,1,3,0,0,2,0,31,1,28,14,0,4,0
208,4,1801389365,1,0,0,0,1,1,30,2,36,6,1,5,0
208,5,3612813432,1,1,0,0,3,1,31,4,24,18,0,5,1
208,6,276331340,1,2,0,0,1,1,31,2,35,7,1,6,1
208,7,3429918205,1,3,0,0,2,0,31,6,0,42,1,6,2
208,8,2240919761,1,0,0,0,0,0,30,1,1,41,1,6,3
208,9,1904860180,1,1,0,0,3,1,31,1,36,6,1,7,3
209,0,2864985066,1,0,0,0,2,0,31,5,17,25,0,1,0
209,1,1675986622,1,1,0,0,0,0,32,2,1,41,1,1,1
209,2,1339927041,1,2,0,0,1,1,31,5,36,6,1,2,1
209,3,150928597,1,3,0,0,2,0,31,1,19,23,0,3,1
209,4,3304515462,1,0,0,0,2,0,31,3,11,31,1,3,2
209,5,2968455881,1,1,0,0,1,1,30,4,41,1,1,4,2
209,6,1779457437,1,2,0,0,1,1,32,4,25,17,0,4,3
209,7,1443397856,1,3,0,0,2,0,31,4,0,42,1,4,4
209,8,3744045858,1,0,0,0,0,0,31,6,14,28,0,5,4
209,9,3407986277,1,1,0,0,0,0,31,6,0,42,1,5,5
209,10,924443048,1,2,0,0,1,1,31,4,42,0,1,6,5
209,11,1882928252,1,3,0,0,1,1,31,4,34,8,1,7,5
210,0,2926609478,1,0,0,0,0,0,31,5,17,25,0,1,0
210,1,932290184,1,1,0,0,1,1,31,5,29,13,0,1,1
210,2,596230603,1,2,0,0,2,0,31,0,18,24,0,2,1
210,3,3702199455,1,3,0,0,2,0,31,3,29,13,0,3,1
210,4,3366139874,1,0,0,0,0,0,31,3,17,25,0,4,1
210,5,2224759443,1,1,0,0,1,1,33,4,41,1,1,5,1
210,6,1035760999,1,2,0,0,1,1,31,4,23,19,0,5,2
210,7,699701418,1,3,0,0,2,0,31,5,29,13,0,6,2
210,8,3805670270,1,0,0,0,3,1,31,0,39,3,1,7,2
211,0,1138027127,1,0,0,0,3,1,31,1,25,17,0,0,1
211,1,2195851218,1,1,0,0,2,0,30,6,14,28,0,1,1
211,2,1859791637,1,2,0,0,1,1,31,5,42,0,1,2,1
211,3,4061100752,1,3,0,0,2,0,31,3,0,42,1,2,2
211,4,1577557523,1,0,0,0,3,1,30,1,26,16,0,2,3
211,5,1241497942,1,1,0,0,3,1,31,5,36,6,1,3,3
211,6,2299322033,1,2,0,0,1,1,32,6,42,0,1,4,3
211,7,3206086363,1,3,0,0,3,1,30,0,24,18,0,4,4
211,8,2017087919,1,0,0,0,2,0,31,1,0,42,1,4,5
211,9,1681028338,1,1,0,0,1,1,30,0,35,7,1,5,5
211,10,2738852429,1,2,0,0,2,0,31,5,6,36,1,5,6
211,11,2402792848,1,3,0,0,0,0,30,6,16,26,0,6,6
211,12,3309557178,1,0,0,0,0,0,30,1,1,41,1,6,7
212,0,3446474074,1,0,0,0,2,0,30,1,39,3,0,1,0
212,1,3599638428,1,1,0,0,1,1,31,4,41,1,1,2,0
212,2,1116095199,1,2,0,0,1,1,31,6,35,7,1,3,0
212,3,2074580403,1,3,0,0,2,0,31,4,23,19,0,4,0
212,4,3886004470,1,0,0,0,0,0,31,6,22,20,0,5,0
212,5,4039168824,1,1,0,0,1,1,31,0,20,22,0,5,1
212,6,1555625595,1,2,0,0,0,0,30,2,1,41,1,5,2
212,7,1219566014,1,3,0,0,1,1,30,0,29,13,0,5,3
212,8,30567570,1,0,0,0,2,0,30,2,0,42,1,5,4
212,9,3184154435,1,1,0,0,2,0,30,2,6,36,1,5,5
212,10,1995155991,1,2,0,0,1,1,31,9,41,1,1,6,5
212,11,1659096410,1,3,0,0,2,0,30,0,29,13,0,7,5
213,0,3221536335,1,0,0,0,0,0,31,4,19,23,0,1,0
213,1,2032537891,1,1,0,0,1,1,31,3,15,27,0,1,1
213,2,1696478310,1,2,0,0,1,1,31,0,30,12,0,1,2
213,3,3507902377,1,3,0,0,0,0,30,3,29,13,0,2,2
213,4,3661066731,1,0,0,0,2,0,31,5,6,36,1,2,3
213,5,3325007150,1,1,0,0,2,0,30,0,11,31,1,2,4
213,6,2136008706,1,2,0,0,1,1,31,1,28,14,0,2,5
213,7,3947432773,1,3,0,0,2,0,31,4,17,25,0,3,5
213,8,4100597127,1,0,0,0,0,0,31,1,2,40,1,3,6
213,9,3764537546,1,1,0,0,1,1,31,6,42,0,1,4,6
213,10,1280994317,1,2,0,0,3,1,30,1,30,12,1,5,6
213,11,91995873,1,3,0,0,0,0,30,4,22,20,0,6,6
213,12,3245582738,1,0,0,0,3,1,31,5,26,16,0,6,7
214,0,1235015986,1,0,0,0,0,0,31,6,19,23,0,1,0
214,1,3535663988,1,1,0,0,3,1,31,1,30,12,0,1,1
214,2,3199604407,1,2,0,0,1,1,30,4,41,1,1,2,1
214,3,2010605963,1,3,0,0,3,1,32,1,36,6,1,3,1
214,4,1674546382,1,0,0,0,1,1,30,9,41,1,1,4,1
214,5,533165951,1,1,0,0,1,1,31,1,42,0,1,5,1
214,6,3639134803,1,2,0,0,1,1,31,2,42,0,1,6,1
214,7,3303075222,1,3,0,0,2,0,31,0,7,35,1,6,2
214,8,2114076778,1,0,0,0,0,0,30,2,8,34,1,6,3
214,9,972696347,1,1,0,0,1,1,32,3,36,6,1,7,3
215,0,3741400931,1,0,0,0,3,1,30,4,34,8,1,1,0
215,1,2552402487,1,1,0,0,1,1,31,3,42,0,1,2,0
215,2,2216342906,1,2,0,0,1,1,31,9,36,6,1,3,0
215,3,222023612,1,3,0,0,3,1,32,4,41,1,1,4,0
215,4,4180931327,1,0,0,0,0,0,31,3,18,24,0,5,0
215,5,3844871746,1,1,0,0,0,0,32,1,7,35,1,5,1
215,6,2655873302,1,2,0,0,2,0,32,5,3,39,1,5,2
215,7,1514492871,1,3,0,0,2,0,31,1,12,30,0,6,2
215,8,325494427,1,0,0,0,3,1,32,6,31,11,0,6,3
215,9,4284402142,1,1,0,0,1,1,32,2,42,0,1,7,3
216,0,2997704493,1,0,0,0,1,1,30,6,28,14,0,0,1
216,1,4055528584,1,1,0,0,0,0,31,1,19,23,0,1,1
216,2,3719469003,1,2,0,0,2,0,31,4,25,17,0,2,1
216,3,2530470559,1,3,0,0,3,1,31,1,35,7,1,3,1
216,4,3437234889,1,0,0,0,3,1,31,3,40,2,1,4,1
216,5,3101175308,1,1,0,0,3,1,31,5,28,14,0,4,2
216,6,4158999399,1,2,0,0,0,0,30,6,12,30,1,4,3
216,7,3822939818,1,3,0,0,3,1,30,3,30,12,1,5,3
216,8,2633941374,1,0,0,0,0,0,31,0,18,24,0,6,3
216,9,3540705704,1,1,0,0,0,0,31,2,1,41,1,6,4
216,10,303562499,1,2,0,0,1,1,32,5,36,6,1,7,4
217,0,1011184144,1,0,0,0,0,0,30,0,18,24,0,1,0
217,1,4117152996,1,1,0,0,3,1,31,2,42,0,1,2,0
217,2,2975772565,1,2,0,0,0,0,31,1,18,24,0,3,0
217,3,3934257769,1,3,0,0,2,0,30,9,6,36,1,3,1
217,4,1450714540,1,0,0,0,2,0,31,5,23,19,0,4,1
217,5,261716096,1,1,0,0,1,1,32,4,40,2,1,5,1
217,6,3415302961,1,2,0,0,0,0,31,3,19,23,0,6,1
217,7,3079243380,1,3,0,0,2,0,30,1,19,23,0,7,1
218,0,1591567255,1,0,0,0,0,0,31,0,23,19,0,1,0
218,1,3892215257,1,1,0,0,1,1,32,4,40,2,1,2,0
218,2,3556155676,1,2,0,0,2,0,31,0,16,26,0,3,0
218,3,1072612447,1,3,0,0,3,1,31,3,36,6,1,4,0
218,4,2031097651,1,0,0,0,2,0,31,4,12,30,0,5,0
218,5,889717220,1,1,0,0,0,0,32,4,17,25,0,6,0
218,6,3995686072,1,2,0,0,1,1,30,6,35,7,1,7,0
219,0,2825593525,1,0,0,0,0,0,32,4,7,35,1,0,1
219,1,1684213094,1,1,0,0,1,1,30,2,42,0,1,1,1
219,2,1348153513,1,2,0,0,0,0,31,9,18,24,0,2,1
219,3,159155069,1,3,0,0,0,0,30,6,16,26,0,3,1
219,4,1970579136,1,0,0,0,1,1,30,0,30,12,1,4,1
219,5,2123743490,1,1,0,0,0,0,31,6,23,19,0,5,1
219,6,1787683909,1,2,0,0,3,1,30,4,30,12,1,6,1
219,7,3599107976,1,3,0,0,3,1,31,0,31,11,1,7,1
220,0,1306111001,1,0,0,0,3,1,31,6,35,7,1,1,0
220,1,117112557,1,1,0,0,3,1,30,5,41,1,1,2,0
220,2,4076020272,1,2,0,0,1,1,32,3,42,0,1,3,0
220,3,2887021828,1,3,0,0,3,1,32,1,36,6,1,4,0
220,4,1745641397,1,0,0,0,0,0,31,6,6,36,1,4,1
220,5,1409581816,1,1,0,0,1,1,31,6,34,8,1,5,1
220,6,220583372,1,2,0,0,1,1,31,2,40,2,1,6,1
220,7,4179491087,1,3,0,0,3,1,32,2,19,23,0,6,2
220,8,2185171793,1,0,0,0,0,0,31,5,7,35,1,6,3
220,9,1849112212,1,1,0,0,0,0,32,6,12,30,0,7,3
221,0,3614557948,1,0,0,0,0,0,31,0,32,10,0,1,0
221,1,1620238654,1,1,0,0,2,0,30,4,1,41,1,1,1
221,2,1284179073,1,2,0,0,2,0,31,6,18,24,0,2,1
221,3,95180629,1,3,0,0,3,1,31,0,31,11,1,3,1
221,4,4054088344,1,0,0,0,0,0,31,3,7,35,1,3,2
221,5,3718028763,1,1,0,0,0,0,31,1,0,42,1,3,3
221,6,1723709469,1,2,0,0,2,0,30,2,1,41,1,3,4
221,7,1387649888,1,3,0,0,2,0,31,9,1,41,1,3,5
221,8,198651444,1,0,0,0,0,0,31,6,26,16,0,4,5
221,9,4157559159,1,1,0,0,0,0,31,4,22,20,0,5,5
221,10,2163239865,1,2,0,0,0,0,31,4,1,41,1,5,6
221,11,1827180284,1,3,0,0,2,0,31,5,6,36,1,5,7
222,0,3389620209,1,0,0,0,3,1,31,5,40,2,1,1,0
222,1,2200621765,1,1,0,0,2,0,30,4,11,31,1,1,1
222,2,1864562184,1,2,0,0,1,1,32,6,23,19,0,1,2
222,3,3675986251,1,3,0,0,3,1,30,5,30,12,1,2,2
222,4,339504159,1,0,0,0,0,0,32,3,16,26,0,3,2
222,5,1345607376,1,1,0,0,1,1,31,3,30,12,0,3,3
222,6,2304092580,1,2,0,0,1,1,31,1,18,24,0,3,4
222,7,4115516647,1,3,0,0,1,1,30,3,31,11,1,4,4
222,8,779034555,1,0,0,0,0,0,31,9,12,30,0,5,4
222,9,1785137772,1,1,0,0,0,0,31,3,2,40,1,5,5
222,10,1449078191,1,2,0,0,1,1,31,3,30,12,0,5,6
222,11,260079747,1,3,0,0,3,1,31,9,30,12,0,5,7
223,0,1887600009,1,0,0,0,3,1,30,2,35,7,1,1,0
223,1,2040764363,1,1,0,0,2,0,30,1,22,20,0,2,0
223,2,3852188430,1,2,0,0,1,1,31,1,25,17,0,2,1
223,3,515706338,1,3,0,0,2,0,31,1,23,19,0,3,1
223,4,2327130405,1,0,0,0,2,0,31,5,18,24,0,4,1
223,5,2480294759,1,1,0,0,1,1,31,6,19,23,0,4,2
223,6,4291718826,1,2,0,0,2,0,31,6,13,29,0,5,2
223,7,3955659245,1,3,0,0,3,1,31,3,30,12,0,5,3
223,8,2766660801,1,0,0,0,0,0,31,9,42,0,0,6,3
223,9,1625280370,1,1,0,0,2,0,30,9,8,34,1,6,4
223,10,2583765574,1,2,0,0,2,0,32,5,18,24,0,7,4
224,0,390303595,1,0,0,0,3,1,32,6,30,12,0,0,1
224,1,54244014,1,1,0,0,1,1,30,0,23,19,0,0,2
224,2,3207830879,1,2,0,0,0,0,31,0,11,31,1,0,3
224,3,2018832435,1,3,0,0,0,0,30,6,14,28,0,1,3
224,4,3830256502,1,0,0,0,3,1,30,2,28,14,0,1,4
224,5,493774410,1,1,0,0,1,1,32,5,27,15,0,1,5
224,6,2305198477,1,2,0,0,3,1,30,6,26,16,0,1,6
224,7,1163818046,1,3,0,0,3,1,31,1,34,8,1,2,6
224,8,2122303250,1,0,0,0,3,1,31,6,40,2,1,3,6
224,9,3933727317,1,1,0,0,1,1,31,9,41,1,1,4,6
224,10,2744728873,1,2,0,0,1,1,31,0,30,12,0,4,7
225,0,3971109217,1,0,0,0,3,1,31,5,35,7,1,1,0
225,1,1976789923,1,1,0,0,1,1,32,5,35,7,1,2,0
225,2,1640730342,1,2,0,0,2,0,31,4,30,12,0,3,0
225,3,451731898,1,3,0,0,3,1,33,3,15,27,0,3,1
225,4,115672317,1,0,0,0,0,0,32,9,11,31,0,4,1
225,5,3269259182,1,1,0,0,1,1,31,2,31,11,1,5,1
225,6,2080260738,1,2,0,0,2,0,31,4,9,33,1,5,2
225,7,1744201157,1,3,0,0,2,0,31,3,8,34,1,5,3
225,8,555202713,1,0,0,0,0,0,30,2,6,36,1,5,4
225,9,219143132,1,1,0,0,0,0,31,3,6,36,1,5,5
225,10,2519791134,1,2,0,0,2,0,31,1,30,12,0,6,5
225,11,1803124922,1,0,1,0,3,1,30,3,42,0,1,7,5
226,0,1179268018,1,0,0,0,2,0,31,9,30,12,0,1,0
226,1,4285236870,1,1,0,0,1,1,30,4,7,35,0,1,1
226,2,3949177289,1,2,0,0,1,1,32,4,23,19,0,1,2
226,3,1954857995,1,3,0,0,3,1,31,4,25,17,0,1,3
226,4,1618798414,1,0,0,0,0,0,31,0,23,19,0,2,3
226,5,1282738833,1,1,0,0,1,1,31,3,26,16,0,2,4
226,6,93740389,1,2,0,0,1,1,31,0,30,12,0,2,5
226,7,3247327254,1,3,0,0,2,0,31,5,19,23,0,3,5
226,8,3725866940,1,1,1,0,0,0,30,3,7,35,1,3,6
226,9,1722269229,1,2,0,0,2,0,32,5,0,42,1,3,7
227,0,3907134777,1,0,0,0,3,1,31,4,29,13,0,0,1
227,1,570652685,1,1,0,0,0,0,31,4,23,19,0,1,1
227,2,3724239550,1,2,0,0,3,1,30,3,40,2,1,2,1
227,3,1240696321,1,3,0,0,3,1,31,9,42,0,1,3,1
227,4,2199181525,1,0,0,0,3,1,31,3,24,18,0,3,2
227,5,4010605592,1,1,0,0,1,1,31,3,2,40,0,3,3
227,6,4163769946,1,2,0,0,1,1,31,1,42,0,1,4,3
227,7,1680226717,1,3,0,0,3,1,31,6,42,0,1,5,3
227,8,2638711921,1,0,0,0,3,1,32,5,34,8,1,6,3
227,9,155168692,1,1,0,0,2,0,30,4,12,30,1,6,4
227,10,3308755557,1,2,0,0,1,1,32,4,36,6,1,7,4
228,0,3747277375,1,0,0,0,1,1,30,6,40,2,1,1,0
228,1,2657617818,1,1,0,0,2,0,30,6,13,29,0,2,0
228,2,1416898500,1,2,0,0,1,1,31,3,31,11,1,3,0
228,3,2375383704,1,3,0,0,3,1,31,2,36,6,1,4,0
228,4,4186807771,1,0,0,0,2,0,31,4,8,34,1,4,1
228,5,3097148214,1,1,0,0,2,0,30,6,0,42,1,4,2
228,6,4003912544,1,2,0,0,1,1,32,5,35,7,1,5,2
228,7,1520369315,1,3,0,0,3,1,32,4,29,13,0,5,3
228,8,331370871,1,0,0,0,0,0,30,6,12,30,1,5,4
228,9,4290278586,1,1,0,0,0,0,31,9,0,42,1,5,5
228,10,148475644,1,2,0,0,1,1,32,4,24,18,0,5,6
228,11,1959899711,1,3,0,0,2,0,31,0,1,41,1,5,7
229,0,2249980961,1,0,0,0,3,1,32,3,14,28,0,0,1
229,1,1913921380,1,1,0,0,0,0,32,5,11,31,0,1,1
229,2,3725345447,1,2,0,0,2,0,31,6,9,33,1,1,2
229,3,388863355,1,3,0,0,1,1,31,2,30,12,0,1,3
229,4,1394966572,1,0,0,0,3,1,31,3,24,18,0,1,4
229,5,2353451776,1,1,0,0,1,1,32,4,18,24,0,1,5
229,6,4164875843,1,2,0,0,2,0,31,3,8,34,1,1,6
229,7,3828816262,1,3,0,0,1,1,30,9,42,0,1,2,6
229,8,3981980616,1,0,0,0,0,0,31,3,22,20,0,3,6
229,9,1498437387,1,1,0,0,0,0,31,5,12,30,0,4,6
229,10,309438943,1,2,0,0,1,1,32,5,31,11,0,4,7
230,0,1535819287,1,0,0,0,3,1,31,0,25,17,0,0,1
230,1,346820843,1,1,0,0,0,0,31,4,19,23,0,1,1
230,2,3500407708,1,2,0,0,2,0,31,4,1,41,1,1,2
230,3,2311409264,1,3,0,0,3,1,32,1,31,11,0,1,3
230,4,1975349683,1,0,0,0,0,0,31,4,6,36,1,1,4
230,5,1639290102,1,1,0,0,1,1,31,6,35,7,1,2,4
230,6,450291658,1,2,0,0,2,0,32,5,7,35,1,2,5
230,7,3603878523,1,3,0,0,2,0,32,6,6,36,1,2,6
230,8,2414880079,1,0,0,0,0,0,32,4,2,40,1,2,7
231,0,3038945384,1,0,0,0,1,1,30,2,15,27,0,0,1
231,1,1849946940,1,1,0,0,0,0,32,5,18,24,0,1,1
231,2,1513887359,1,2,0,0,1,1,31,6,41,1,1,2,1
231,3,324888915,1,3,0,0,3,1,31,3,34,8,1,3,1
231,4,3478475780,1,0,0,0,0,0,31,4,33,9,0,4,1
231,5,3142416199,1,1,0,0,3,1,30,5,30,12,1,5,1
231,6,1953417755,1,2,0,0,1,1,31,9,19,23,0,5,2
231,7,1617358174,1,3,0,0,3,1,32,5,29,13,0,5,3
231,8,3918006176,1,0,0,0,0,0,30,4,18,24,0,6,3
231,9,3581946595,1,1,0,0,3,1,30,3,42,0,1,7,3
232,0,2055683883,1,0,0,0,2,0,30,5,12,30,1,0,1
232,1,866685439,1,1,0,0,0,0,31,3,18,24,0,1,1
232,2,4020272304,1,2,0,0,0,0,30,3,24,18,0,2,1
232,3,683790212,1,3,0,0,3,1,32,4,29,13,0,2,2
232,4,2495214279,1,0,0,0,0,0,31,1,12,30,0,3,2
232,5,3453699483,1,1,0,0,1,1,31,4,23,19,0,3,3
232,6,164835404,1,2,0,0,2,0,31,4,34,8,0,4,3
232,7,4123743119,1,3,0,0,2,0,31,5,6,36,1,4,4
232,8,2934744675,1,0,0,0,2,0,31,5,16,26,0,5,4
232,9,2598685094,1,1,0,0,0,0,31,0,7,35,1,5,5
232,10,604365800,1,2,0,0,1,1,32,6,41,1,1,6,5
232,11,268306219,1,3,0,0,1,1,31,3,36,6,1,7,5
233,0,1311987445,1,0,0,0,0,0,31,4,17,25,0,1,0
233,1,222327888,1,1,0,0,0,0,31,2,1,41,1,1,1
233,2,2033751955,1,2,0,0,2,0,32,1,6,36,1,1,2
233,3,4235061070,1,3,0,0,1,1,31,5,31,11,1,2,2
233,4,1751517841,1,0,0,0,3,1,31,2,41,1,1,3,2
233,5,661858284,1,1,0,0,1,1,32,5,25,17,0,3,3
233,6,2473282351,1,2,0,0,1,1,31,0,31,11,1,4,3
233,7,3380046681,1,3,0,0,1,1,30,4,42,0,1,5,3
233,8,2191048237,1,0,0,0,1,1,30,1,40,2,1,6,3
233,9,1854988656,1,1,0,0,2,0,30,4,1,41,1,6,4
233,10,2912812747,1,2,0,0,2,0,31,4,0,42,1,6,5
233,11,2576753166,1,3,0,0,2,0,30,4,13,29,0,7,5
234,0,4139193091,1,0,0,0,0,0,31,6,12,30,0,1,0
234,1,2950194647,1,1,0,0,0,0,31,4,24,18,0,2,0
234,2,1808814216,1,2,0,0,1,1,31,3,34,8,1,3,0
234,3,619815772,1,3,0,0,3,1,31,1,40,2,1,4,0
234,4,283756191,1,0,0,0,0,0,32,0,0,42,1,4,1
234,5,2095180258,1,1,0,0,0,0,31,4,4,38,1,4,2
234,6,2248344612,1,2,0,0,0,0,31,3,7,35,1,4,3
234,7,1912285031,1,3,0,0,1,1,31,4,42,0,1,5,3
234,8,723286587,1,0,0,0,0,0,32,0,28,14,0,6,3
234,9,387227006,1,1,0,0,0,0,30,0,7,35,1,6,4
234,10,2198651073,1,2,0,0,0,0,30,9,20,22,0,7,4
235,0,3395496653,1,0,0,0,0,0,31,3,23,19,0,1,0
235,1,2206498209,1,1,0,0,3,1,31,6,41,1,1,2,0
235,2,1870438628,1,2,0,0,0,0,31,6,8,34,1,2,1
235,3,2928262719,1,3,0,0,2,0,31,6,13,29,0,3,1
235,4,3835027049,1,0,0,0,3,1,31,5,31,11,1,4,1
235,5,3498967468,1,1,0,0,0,0,32,0,23,19,0,5,1
235,6,2309969024,1,2,0,0,1,1,31,4,35,7,1,6,1
235,7,1973909443,1,3,0,0,1,1,31,5,41,1,1,7,1
236,0,334555627,1,0,0,0,1,1,30,6,41,1,1,1,0
236,1,4293463342,1,1,0,0,0,0,31,1,17,25,0,2,0
236,2,3957403761,1,2,0,0,0,0,30,0,24,18,0,3,0
236,3,2768405317,1,3,0,0,2,0,31,2,13,29,0,4,0
236,4,1627024886,1,0,0,0,0,0,32,3,35,7,0,5,0
236,5,438026442,1,1,0,0,1,1,31,0,14,28,0,5,1
236,6,101966861,1,2,0,0,2,0,31,4,23,19,0,6,1
236,7,3207935713,1,3,0,0,1,1,30,6,36,6,1,7,1
237,0,3915361249,1,0,0,0,0,0,32,6,1,41,1,0,1
237,1,2726362805,1,1,0,0,3,1,31,4,36,6,1,1,1
237,2,2390303224,1,2,0,0,1,1,31,3,31,11,1,2,1
237,3,2543467578,1,3,0,0,0,0,30,1,23,19,0,3,1
237,4,59924349,1,0,0,0,1,1,30,5,31,11,1,4,1
237,5,1018409553,1,1,0,0,1,1,31,5,40,2,1,5,1
237,6,2829833620,1,2,0,0,1,1,31,3,42,0,1,6,1
237,7,1688453189,1,3,0,0,3,1,32,6,31,11,0,6,2
237,8,499454745,1,0,0,0,0,0,32,6,11,31,0,7,2
238,0,3171664811,1,0,0,0,0,0,32,0,17,25,0,1,0
238,1,2082005254,1,1,0,0,1,1,31,5,42,0,1,2,0
238,2,3893429321,1,2,0,0,2,0,32,3,6,36,1,2,1
238,3,556947229,1,3,0,0,2,0,32,1,12,30,0,3,1
238,4,3611195207,1,0,0,0,2,0,30,4,1,41,1,3,2
238,5,2521535650,1,1,0,0,3,1,30,2,9,33,0,3,3
238,6,37992421,1,2,0,0,2,0,30,3,29,13,0,4,3
238,7,3996900136,1,3,0,0,0,0,30,3,29,13,0,5,3
238,8,2807901692,1,0,0,0,3,1,31,4,29,13,0,5,4
238,9,3714666022,1,1,0,0,0,0,30,1,6,36,1,5,5
238,10,477522817,1,2,0,0,1,1,31,4,28,14,0,5,6
238,11,141463236,1,3,0,0,2,0,31,4,23,19,0,6,6
238,12,3247432088,1,0,0,0,0,0,31,4,12,30,0,7,6
239,0,1703903161,1,0,0,0,3,1,30,9,41,1,1,1,0
239,1,514904717,1,1,0,0,2,0,30,1,8,34,1,1,1
239,2,178845136,1,2,0,0,1,1,32,0,25,17,0,1,2
239,3,2479493138,1,3,0,0,2,0,31,3,28,14,0,2,2
239,4,2143433557,1,0,0,0,2,0,30,3,2,40,1,2,3
239,5,1807373976,1,1,0,0,0,0,31,3,17,25,0,3,3
239,6,618375532,1,2,0,0,1,1,31,3,42,0,1,4,3
239,7,2429799599,1,3,0,0,1,1,30,9,35,7,1,5,3
239,8,2582963953,1,0,0,0,3,1,31,5,36,6,1,6,3
239,9,2246904372,1,1,0,0,1,1,32,1,41,1,1,7,3
240,0,691106896,1,0,0,0,0,0,30,3,6,36,1,0,1
240,1,355047315,1,1,0,0,3,1,30,4,42,0,1,1,1
240,2,18987734,1,2,0,0,2,0,31,2,0,42,1,1,2
240,3,3124956586,1,3,0,0,2,0,31,1,11,31,1,1,3
240,4,1983576155,1,0,0,0,3,1,31,6,42,0,1,2,3
240,5,794577711,1,1,0,0,2,0,30,4,6,36,1,2,4
240,6,458518130,1,2,0,0,2,0,31,3,18,24,0,3,4
240,7,1516342221,1,3,0,0,2,0,32,4,19,23,0,4,4
240,8,2423106551,1,0,0,0,0,0,32,9,8,34,1,4,5
240,9,4234530618,1,1,0,0,3,1,31,3,31,11,1,5,5
240,10,898048526,1,2,0,0,1,1,31,6,40,2,1,6,5
240,11,2709472593,1,3,0,0,3,1,31,4,41,1,1,7,5
241,0,4271912518,1,0,0,0,3,1,31,3,41,1,1,1,0
241,1,1034769313,1,1,0,0,1,1,32,0,33,9,1,2,0
241,2,698709732,1,2,0,0,2,0,31,5,30,12,0,3,0
241,3,2999357734,1,3,0,0,3,1,31,2,36,6,1,4,0
241,4,2663298153,1,0,0,0,3,1,31,0,15,27,0,4,1
241,5,80416037,1,1,0,0,0,0,30,6,22,20,0,5,1
241,6,1138240128,1,2,0,0,1,1,31,5,18,24,0,5,2
241,7,2045004458,1,3,0,0,3,1,32,0,19,23,0,5,3
241,8,3102828549,1,0,0,0,3,1,31,1,25,17,0,5,4
241,9,2766768968,1,1,0,0,3,1,30,6,36,6,1,6,4
241,10,1577770524,1,2,0,0,3,1,30,9,42,0,1,7,4
242,0,1480071319,1,0,0,0,2,0,31,4,18,24,0,1,0
242,1,291072875,1,1,0,0,3,1,31,0,30,12,0,1,1
242,2,4249980590,1,2,0,0,2,0,32,2,18,24,0,2,1
242,3,3060982146,1,3,0,0,2,0,31,2,8,34,1,2,2
242,4,1919601715,1,0,0,0,0,0,33,3,13,29,0,3,2
242,5,2878086919,1,1,0,0,0,0,31,2,3,39,1,3,3
242,6,394543690,1,2,0,0,1,1,31,3,42,0,1,4,3
242,7,58484109,1,3,0,0,2,0,31,4,25,17,0,5,3
242,8,4126009128,1,1,1,0,3,1,31,5,35,7,1,6,3
242,9,2023072530,1,2,0,0,1,1,32,2,28,14,0,6,4
242,10,834074086,1,3,0,0,2,0,31,6,2,40,1,6,5
242,11,498014505,1,0,0,0,0,0,32,6,7,35,1,6,6
242,12,161954924,1,1,0,0,0,0,31,3,19,23,0,7,6
243,0,3788518266,1,0,0,0,2,0,31,6,19,23,0,1,0
243,1,2599519822,1,1,0,0,1,1,31,1,42,0,1,2,0
243,2,1458139391,1,2,0,0,2,0,30,4,18,24,0,3,0
243,3,2416624595,1,3,0,0,2,0,31,3,18,24,0,4,0
243,4,4228048662,1,0,0,0,0,0,31,5,2,40,1,4,1
243,5,3039050218,1,1,0,0,1,1,31,4,25,17,0,4,2
243,6,1897669787,1,2,0,0,1,1,31,6,36,6,1,5,2
243,7,1561610206,1,3,0,0,2,0,32,5,19,23,0,6,2
243,8,372611762,1,0,0,0,3,1,31,1,23,19,0,6,3
243,9,36552181,1,1,0,0,2,0,30,1,8,34,1,6,4
243,10,2337200183,1,2,0,0,2,0,31,6,17,25,0,7,4
244,0,4147419563,1,0,0,0,1,1,30,0,27,15,0,0,1
244,1,2958421119,1,1,0,0,0,0,31,0,17,25,0,1,1
244,2,474877890,1,2,0,0,2,0,33,4,13,29,0,2,1
244,3,1433363094,1,3,0,0,3,1,33,5,34,8,1,3,1
244,4,291982663,1,0,0,0,0,0,33,4,1,41,1,3,2
244,5,3397951515,1,1,0,0,2,0,30,4,23,19,0,4,2
244,6,914408286,1,2,0,0,3,1,30,3,36,6,1,5,2
244,7,578348705,1,3,0,0,3,1,30,3,34,8,1,6,2
244,8,731513059,1,0,0,0,2,0,30,4,18,24,0,7,2
245,0,1307960351,1,0,0,0,3,1,31,5,18,24,0,0,1
245,1,2214724681,1,1,0,0,2,0,30,5,17,25,0,1,1
245,2,1878665100,1,2,0,0,2,0,32,6,7,35,1,1,2
245,3,689666656,1,3,0,0,0,0,30,5,19,23,0,2,2
245,4,2501090723,1,0,0,0,3,1,31,0,31,11,1,3,2
245,5,2654255077,1,1,0,0,1,1,32,4,26,16,0,3,3
245,6,2318195496,1,2,0,0,2,0,32,6,13,29,0,4,3
245,7,4129619563,1,3,0,0,1,1,30,4,39,3,1,5,3
245,8,793137471,1,0,0,0,1,1,30,3,41,1,1,6,3
245,9,1799240688,1,1,0,0,0,0,30,3,17,25,0,7,3
246,0,4083445123,1,0,0,0,0,0,31,6,12,30,0,1,0
246,1,2894446679,1,1,0,0,0,0,31,0,0,42,1,1,1
246,2,2558387098,1,2,0,0,1,1,31,1,35,7,1,2,1
246,3,1369388654,1,3,0,0,3,1,31,4,42,0,1,3,1
246,4,228008223,1,0,0,0,2,0,31,1,23,19,0,4,1
246,5,4186915938,1,1,0,0,1,1,31,6,39,3,1,5,1
246,6,2997917494,1,2,0,0,0,0,31,4,17,25,0,6,1
246,7,2661857913,1,3,0,0,3,1,31,1,31,11,1,7,1
247,0,3764462904,1,1,1,0,3,1,31,5,30,12,0,0,1
247,1,2150750241,1,2,0,0,0,0,30,0,1,41,1,0,2
247,2,1814690660,1,3,0,0,3,1,31,1,34,8,1,1,2
247,3,625692216,1,0,0,0,0,0,31,0,14,28,0,2,2
247,4,289632635,1,1,0,0,3,1,31,0,41,1,1,3,2
247,5,442796989,1,2,0,0,1,1,31,1,40,2,1,4,2
247,6,2254221056,1,3,0,0,0,0,30,6,2,40,1,4,3
247,7,1918161475,1,0,0,0,3,1,31,6,42,0,1,5,3
247,8,729163031,1,1,0,0,2,0,30,9,17,25,0,6,3
247,9,393103450,1,2,0,0,2,0,31,2,16,26,0,7,3
248,0,2356487184,1,0,0,0,3,1,30,4,42,0,1,1,0
248,1,3314972388,1,1,0,0,0,0,31,0,24,18,0,2,0
248,2,831429159,1,2,0,0,3,1,30,2,42,0,1,3,0
248,3,984593513,1,3,0,0,3,1,30,0,12,30,0,3,1
248,4,2796017580,1,0,0,0,0,0,31,4,7,35,1,3,2
248,5,3754502784,1,1,0,0,0,0,31,9,18,24,0,4,2
248,6,1270959555,1,2,0,0,1,1,31,4,24,18,0,4,3
248,7,129579124,1,3,0,0,2,0,31,4,0,42,1,4,4
248,8,1088064328,1,0,0,0,3,1,31,6,41,1,1,5,4
248,9,2899488395,1,1,0,0,1,1,33,5,31,11,0,5,5
248,10,1710489951,1,2,0,0,0,0,30,4,13,29,0,6,5
248,11,1374430370,1,3,0,0,2,0,31,4,8,34,1,6,6
248,12,1527594724,1,0,0,0,3,1,32,6,41,1,1,7,6
249,0,369966835,1,0,0,0,3,1,31,5,33,9,1,1,0
249,1,523131189,1,1,0,0,1,1,31,6,29,13,0,1,1
249,2,2334555256,1,2,0,0,1,1,31,3,42,0,1,2,1
249,3,3293040460,1,3,0,0,2,0,31,0,1,41,1,2,2
249,4,809497231,1,0,0,0,2,0,30,0,17,25,0,3,2
249,5,962661585,1,1,0,0,0,0,30,1,7,35,1,3,3
249,6,2774085652,1,2,0,0,0,0,31,0,22,20,0,4,3
249,7,2438026071,1,3,0,0,2,0,32,2,6,36,1,4,4
249,8,1249027627,1,0,0,0,0,0,31,4,12,30,0,5,4
249,9,107647196,1,1,0,0,2,0,30,4,24,18,0,6,4
249,10,1066132400,1,2,0,0,1,1,31,3,23,19,0,6,5
249,11,2877556467,1,3,0,0,2,0,32,0,18,24,0,7,5
250,0,3167637717,1,0,0,0,0,0,30,4,9,33,1,0,1
250,1,2831578136,1,1,0,0,0,0,31,9,24,18,0,1,1
250,2,3738342466,1,2,0,0,3,1,30,6,35,7,1,2,1
250,3,2549344022,1,3,0,0,1,1,30,6,38,4,1,3,1
250,4,65800793,1,0,0,0,0,0,31,6,16,26,0,4,1
250,5,3271108532,1,1,0,0,1,1,32,6,35,7,1,5,1
250,6,4177872862,1,2,0,0,0,0,31,5,24,18,0,6,1
250,7,1694329633,1,3,0,0,1,1,30,4,29,13,0,6,2
250,8,604670076,1,0,0,0,3,1,31,3,25,17,0,6,3
250,9,169271608,1,1,0,0,1,1,31,9,42,0,1,7,3
251,0,2453476043,1,0,0,0,0,0,31,3,6,36,1,0,1
251,1,459156749,1,1,0,0,0,0,31,6,6,36,1,0,2
251,2,123097168,1,2,0,0,1,1,31,4,41,1,1,1,2
251,3,3229066020,1,3,0,0,0,0,30,1,6,36,1,1,3
251,4,2893006439,1,0,0,0,3,1,31,4,25,17,0,1,4
251,5,1751626008,1,1,0,0,3,1,30,5,19,23,0,1,5
251,6,562627564,1,2,0,0,1,1,31,4,34,8,1,2,5
251,7,226567983,1,3,0,0,2,0,31,4,7,35,1,2,6
251,8,705107669,1,1,1,0,0,0,30,1,2,40,1,2,7
252,0,1709779605,1,0,0,0,2,0,30,4,1,41,1,0,1
252,1,520781161,1,1,0,0,1,1,31,1,30,12,0,0,2
252,2,3674368026,1,2,0,0,1,1,31,6,41,1,1,1,2
252,3,2485369582,1,3,0,0,1,1,31,4,42,0,1,2,2
252,4,2149310001,1,0,0,0,3,1,31,0,36,6,1,3,2
252,5,960311557,1,1,0,0,0,0,31,4,11,31,1,3,3
252,6,624251976,1,2,0,0,1,1,31,4,22,20,0,3,4
252,7,3777838841,1,3,0,0,3,1,32,4,25,17,0,3,5
252,8,2588840397,1,0,0,0,2,0,30,2,11,31,1,3,6
252,9,2252780816,1,1,0,0,2,0,30,1,18,24,0,4,6
252,10,1063782372,1,2,0,0,0,0,31,2,6,36,1,4,7
253,0,4216164550,1,0,0,0,3,1,31,4,28,14,0,0,1
253,1,879682458,1,1,0,0,0,0,32,3,11,31,0,1,1
253,2,2691106525,1,2,0,0,1,1,32,3,30,12,0,1,2
253,3,1601446968,1,3,0,0,2,0,31,3,7,35,1,1,3
253,4,3412871035,1,0,0,0,3,1,31,4,28,14,0,1,4
253,5,1319212854,1,1,0,0,0,0,31,2,2,40,1,1,5
253,6,3130636921,1,2,0,0,2,0,31,0,9,33,1,1,6
253,7,2794577340,1,3,0,0,3,1,31,2,33,9,1,2,6
253,8,3852401431,1,0,0,0,2,0,30,1,12,30,1,2,7
254,0,2229644201,1,0,0,0,2,0,31,2,6,36,1,0,1
254,1,3188129405,1,1,0,0,1,1,31,4,29,13,0,0,2
254,2,4194232622,1,2,0,0,1,1,31,1,36,6,1,1,2
254,3,857750530,1,3,0,0,0,0,30,3,9,33,1,1,3
254,4,2669174597,1,0,0,0,3,1,31,5,42,0,1,2,3
254,5,3627659801,1,1,0,0,1,1,31,2,23,19,0,2,4
254,6,2486279370,1,2,0,0,1,1,31,3,29,13,0,2,5
254,7,2736141,1,3,0,0,2,0,31,6,12,30,0,3,5
254,8,3108704993,1,0,0,0,2,0,30,1,27,15,0,4,5
254,9,2772645412,1,1,0,0,1,1,31,5,29,13,0,4,6
254,10,2925809766,1,2,0,0,1,1,31,0,31,11,1,5,6
254,11,442266537,1,3,0,0,1,1,30,5,29,13,0,5,7
255,0,732347787,1,0,0,0,0,0,31,3,2,40,1,0,1
255,1,396288206,1,1,0,0,0,0,31,1,23,19,0,1,1
255,2,2207712273,1,2,0,0,1,1,31,1,30,12,0,1,2
255,3,2360876627,1,3,0,0,2,0,31,5,18,24,0,2,2
255,4,1925478159,1,0,0,0,3,1,31,1,41,1,1,3,2
255,5,835818602,1,1,0,0,3,1,30,1,35,7,1,4,2
255,6,2647242669,1,2,0,0,1,1,31,2,41,1,1,5,2
255,7,3554006999,1,3,0,0,2,0,31,3,8,34,1,5,3
255,8,2464347442,1,0,0,0,0,0,30,0,12,30,1,5,4
255,9,2028948974,1,1,0,0,0,0,31,1,27,15,0,6,4
255,10,3086773065,1,2,0,0,2,0,31,5,18,24,0,7,4
