seed,candidate_rows,best_score,surfaces,best_rows
6,3,12,dead_asset_release_control|defender_live_double_weapon|defender_live_same_suit_pair|pair_protector_pressure|protected_one_off|three_trump_three_double_one_off|two_off_same_suit,"[{""seed"": 6, ""bidder_seat"": 0, ""partner_seat"": 2, ""decl_id"": 5, ""decl_name"": ""fives"", ""bidder_hand"": ""2-2,4-3,4-4,5-1,5-2,5-4,6-6"", ""final_off"": ""4-3"", ""trump_count"": 3, ""off_count"": 1, ""nontrump_double_count"": 3, ""total_double_count"": 3, ""surfaces"": ""dead_asset_release_control|defender_live_double_weapon|defender_live_same_suit_pair|pair_protector_pressure|protected_one_off|three_trump_three_double_one_off"", ""surface_count"": 6, ""recommendation_score"": 12, ""opponent_matching_double_count"": 1, ""opponent_matching_double_seats"": ""1"", ""partner_matching_double_count"": 0, ""opponent_same_suit_pair_count"": 1, ""opponent_same_suit_pair_seats"": ""1"", ""opponent_pair_protector_count"": 1, ""opponent_pair_protector_seats"": ""1"", ""opponent_dead_double_assets"": 2, ""full_deal"": ""[\""2-2,4-3,4-4,5-1,5-2,5-4,6-6\"", \""2-0,3-0,3-1,3-3,4-2,6-1,6-2\"", \""2-1,4-0,4-1,5-5,6-0,6-3,6-5\"", \""0-0,1-0,1-1,3-2,5-0,5-3,6-4\""]""}, {""seed"": 6, ""bidder_seat"": 0, ""partner_seat"": 2, ""decl_id"": 4, ""decl_name"": ""fours"", ""bidder_hand"": ""2-2,4-3,4-4,5-1,5-2,5-4,6-6"", ""final_off"": ""5-1"", ""trump_count"": 3, ""off_count"": 2, ""nontrump_double_count"": 2, ""total_double_count"": 3, ""surfaces"": ""dead_asset_release_control|defender_live_double_weapon|defender_live_same_suit_pair|two_off_same_suit"", ""surface_count"": 4, ""recommendation_score"": 9, ""opponent_matching_double_count"": 1, ""opponent_matching_double_seats"": ""3"", ""partner_matching_double_count"": 1, ""opponent_same_suit_pair_count"": 2, ""opponent_same_suit_pair_seats"": ""1|3"", ""opponent_pair_protector_count"": 0, ""opponent_pair_protector_seats"": """", ""opponent_dead_double_assets"": 2, ""full_deal"": ""[\""2-2,4-3,4-4,5-1,5-2,5-4,6-6\"", \""2-0,3-0,3-1,3-3,4-2,6-1,6-2\"", \""2-1,4-0,4-1,5-5,6-0,6-3,6-5\"", \""0-0,1-0,1-1,3-2,5-0,5-3,6-4\""]""}, {""seed"": 6, ""bidder_seat"": 0, ""partner_seat"": 2, ""decl_id"": 4, ""decl_name"": ""fours"", ""bidder_hand"": ""2-2,4-3,4-4,5-1,5-2,5-4,6-6"", ""final_off"": ""5-2"", ""trump_count"": 3, ""off_count"": 2, ""nontrump_double_count"": 2, ""total_double_count"": 3, ""surfaces"": ""dead_asset_release_control|defender_live_same_suit_pair|two_off_same_suit"", ""surface_count"": 3, ""recommendation_score"": 7, ""opponent_matching_double_count"": 0, ""opponent_matching_double_seats"": """", ""partner_matching_double_count"": 1, ""opponent_same_suit_pair_count"": 2, ""opponent_same_suit_pair_seats"": ""1|3"", ""opponent_pair_protector_count"": 0, ""opponent_pair_protector_seats"": """", ""opponent_dead_double_assets"": 3, ""full_deal"": ""[\""2-2,4-3,4-4,5-1,5-2,5-4,6-6\"", \""2-0,3-0,3-1,3-3,4-2,6-1,6-2\"", \""2-1,4-0,4-1,5-5,6-0,6-3,6-5\"", \""0-0,1-0,1-1,3-2,5-0,5-3,6-4\""]""}]"
16,5,12,dead_asset_release_control|defender_live_double_weapon|defender_live_same_suit_pair|pair_protector_pressure|straight_one_off|two_off_same_suit,"[{""seed"": 16, ""bidder_seat"": 2, ""partner_seat"": 0, ""decl_id"": 2, ""decl_name"": ""twos"", ""bidder_hand"": ""0-0,2-1,3-2,5-2,5-5,6-1,6-2"", ""final_off"": ""6-1"", ""trump_count"": 4, ""off_count"": 1, ""nontrump_double_count"": 2, ""total_double_count"": 2, ""surfaces"": ""dead_asset_release_control|defender_live_double_weapon|defender_live_same_suit_pair|pair_protector_pressure|straight_one_off"", ""surface_count"": 5, ""recommendation_score"": 12, ""opponent_matching_double_count"": 1, ""opponent_matching_double_seats"": ""1"", ""partner_matching_double_count"": 1, ""opponent_same_suit_pair_count"": 2, ""opponent_same_suit_pair_seats"": ""1|3"", ""opponent_pair_protector_count"": 1, ""opponent_pair_protector_seats"": ""1"", ""opponent_dead_double_assets"": 2, ""full_deal"": ""[\""1-0,2-0,3-0,4-2,5-1,5-3,6-6\"", \""1-1,2-2,4-0,5-4,6-0,6-3,6-4\"", \""0-0,2-1,3-2,5-2,5-5,6-1,6-2\"", \""3-1,3-3,4-1,4-3,4-4,5-0,6-5\""]""}, {""seed"": 16, ""bidder_seat"": 1, ""partner_seat"": 3, ""decl_id"": 4, ""decl_name"": ""fours"", ""bidder_hand"": ""1-1,2-2,4-0,5-4,6-0,6-3,6-4"", ""final_off"": ""6-0"", ""trump_count"": 3, ""off_count"": 2, ""nontrump_double_count"": 2, ""total_double_count"": 2, ""surfaces"": ""dead_asset_release_control|defender_live_double_weapon|defender_live_same_suit_pair|pair_protector_pressure|two_off_same_suit"", ""surface_count"": 5, ""recommendation_score"": 11, ""opponent_matching_double_count"": 2, ""opponent_matching_double_seats"": ""0|2"", ""partner_matching_double_count"": 0, ""opponent_same_suit_pair_count"": 2, ""opponent_same_suit_pair_seats"": ""0|2"", ""opponent_pair_protector_count"": 1, ""opponent_pair_protector_seats"": ""0"", ""opponent_dead_double_assets"": 1, ""full_deal"": ""[\""1-0,2-0,3-0,4-2,5-1,5-3,6-6\"", \""1-1,2-2,4-0,5-4,6-0,6-3,6-4\"", \""0-0,2-1,3-2,5-2,5-5,6-1,6-2\"", \""3-1,3-3,4-1,4-3,4-4,5-0,6-5\""]""}, {""seed"": 16, ""bidder_seat"": 1, ""partner_seat"": 3, ""decl_id"": 6, ""decl_name"": ""sixes"", ""bidder_hand"": ""1-1,2-2,4-0,5-4,6-0,6-3,6-4"", ""final_off"": ""4-0"", ""trump_count"": 3, ""off_count"": 2, ""nontrump_double_count"": 2, ""total_double_count"": 2, ""surfaces"": ""dead_asset_release_control|defender_live_double_weapon|defender_live_same_suit_pair|pair_protector_pressure|two_off_same_suit"", ""surface_count"": 5, ""recommendation_score"": 11, ""opponent_matching_double_count"": 1, ""opponent_matching_double_seats"": ""2"", ""partner_matching_double_count"": 1, ""opponent_same_suit_pair_count"": 1, ""opponent_same_suit_pair_seats"": ""0"", ""opponent_pair_protector_count"": 1, ""opponent_pair_protector_seats"": ""0"", ""opponent_dead_double_assets"": 1, ""full_deal"": ""[\""1-0,2-0,3-0,4-2,5-1,5-3,6-6\"", \""1-1,2-2,4-0,5-4,6-0,6-3,6-4\"", \""0-0,2-1,3-2,5-2,5-5,6-1,6-2\"", \""3-1,3-3,4-1,4-3,4-4,5-0,6-5\""]""}, {""seed"": 16, ""bidder_seat"": 1, ""partner_seat"": 3, ""decl_id"": 4, ""decl_name"": ""fours"", ""bidder_hand"": ""1-1,2-2,4-0,5-4,6-0,6-3,6-4"", ""final_off"": ""6-3"", ""trump_count"": 3, ""off_count"": 2, ""nontrump_double_count"": 2, ""total_double_count"": 2, ""surfaces"": ""dead_asset_release_control|defender_live_double_weapon|defender_live_same_suit_pair|two_off_same_suit"", ""surface_count"": 4, ""recommendation_score"": 9, ""opponent_matching_double_count"": 1, ""opponent_matching_double_seats"": ""0"", ""partner_matching_double_count"": 1, ""opponent_same_suit_pair_count"": 2, ""opponent_same_suit_pair_seats"": ""0|2"", ""opponent_pair_protector_count"": 0, ""opponent_pair_protector_seats"": """", ""opponent_dead_double_assets"": 2, ""full_deal"": ""[\""1-0,2-0,3-0,4-2,5-1,5-3,6-6\"", \""1-1,2-2,4-0,5-4,6-0,6-3,6-4\"", \""0-0,2-1,3-2,5-2,5-5,6-1,6-2\"", \""3-1,3-3,4-1,4-3,4-4,5-0,6-5\""]""}, {""seed"": 16, ""bidder_seat"": 1, ""partner_seat"": 3, ""decl_id"": 6, ""decl_name"": ""sixes"", ""bidder_hand"": ""1-1,2-2,4-0,5-4,6-0,6-3,6-4"", ""final_off"": ""5-4"", ""trump_count"": 3, ""off_count"": 2, ""nontrump_double_count"": 2, ""total_double_count"": 2, ""surfaces"": ""dead_asset_release_control|defender_live_double_weapon|defender_live_same_suit_pair|two_off_same_suit"", ""surface_count"": 4, ""recommendation_score"": 9, ""opponent_matching_double_count"": 1, ""opponent_matching_double_seats"": ""2"", ""partner_matching_double_count"": 1, ""opponent_same_suit_pair_count"": 2, ""opponent_same_suit_pair_seats"": ""0|2"", ""opponent_pair_protector_count"": 0, ""opponent_pair_protector_seats"": """", ""opponent_dead_double_assets"": 1, ""full_deal"": ""[\""1-0,2-0,3-0,4-2,5-1,5-3,6-6\"", \""1-1,2-2,4-0,5-4,6-0,6-3,6-4\"", \""0-0,2-1,3-2,5-2,5-5,6-1,6-2\"", \""3-1,3-3,4-1,4-3,4-4,5-0,6-5\""]""}]"
18,2,12,dead_asset_release_control|defender_live_double_weapon|defender_live_same_suit_pair|pair_protector_pressure|protected_one_off|straight_one_off|three_trump_three_double_one_off,"[{""seed"": 18, ""bidder_seat"": 3, ""partner_seat"": 1, ""decl_id"": 0, ""decl_name"": ""blanks"", ""bidder_hand"": ""2-0,2-2,3-0,3-1,4-0,4-4,6-0"", ""final_off"": ""3-1"", ""trump_count"": 4, ""off_count"": 1, ""nontrump_double_count"": 2, ""total_double_count"": 2, ""surfaces"": ""dead_asset_release_control|defender_live_double_weapon|defender_live_same_suit_pair|pair_protector_pressure|straight_one_off"", ""surface_count"": 5, ""recommendation_score"": 12, ""opponent_matching_double_count"": 1, ""opponent_matching_double_seats"": ""2"", ""partner_matching_double_count"": 1, ""opponent_same_suit_pair_count"": 2, ""opponent_same_suit_pair_seats"": ""0|2"", ""opponent_pair_protector_count"": 1, ""opponent_pair_protector_seats"": ""0"", ""opponent_dead_double_assets"": 2, ""full_deal"": ""[\""0-0,4-1,4-2,5-1,6-1,6-2,6-4\"", \""1-0,1-1,2-1,3-2,4-3,5-3,6-5\"", \""3-3,5-0,5-2,5-4,5-5,6-3,6-6\"", \""2-0,2-2,3-0,3-1,4-0,4-4,6-0\""]""}, {""seed"": 18, ""bidder_seat"": 2, ""partner_seat"": 0, ""decl_id"": 5, ""decl_name"": ""fives"", ""bidder_hand"": ""3-3,5-0,5-2,5-4,5-5,6-3,6-6"", ""final_off"": ""6-3"", ""trump_count"": 4, ""off_count"": 1, ""nontrump_double_count"": 2, ""total_double_count"": 3, ""surfaces"": ""dead_asset_release_control|defender_live_same_suit_pair|protected_one_off|three_trump_three_double_one_off"", ""surface_count"": 4, ""recommendation_score"": 8, ""opponent_matching_double_count"": 0, ""opponent_matching_double_seats"": """", ""partner_matching_double_count"": 0, ""opponent_same_suit_pair_count"": 2, ""opponent_same_suit_pair_seats"": ""1|3"", ""opponent_pair_protector_count"": 0, ""opponent_pair_protector_seats"": """", ""opponent_dead_double_assets"": 3, ""full_deal"": ""[\""0-0,4-1,4-2,5-1,6-1,6-2,6-4\"", \""1-0,1-1,2-1,3-2,4-3,5-3,6-5\"", \""3-3,5-0,5-2,5-4,5-5,6-3,6-6\"", \""2-0,2-2,3-0,3-1,4-0,4-4,6-0\""]""}]"
19,5,12,dead_asset_release_control|defender_live_double_weapon|defender_live_same_suit_pair|pair_protector_pressure|straight_one_off|three_trump_three_double_one_off|two_off_same_suit,"[{""seed"": 19, ""bidder_seat"": 1, ""partner_seat"": 3, ""decl_id"": 4, ""decl_name"": ""fours"", ""bidder_hand"": ""2-2,4-0,4-3,4-4,5-3,5-4,6-6"", ""final_off"": ""5-3"", ""trump_count"": 4, ""off_count"": 1, ""nontrump_double_count"": 2, ""total_double_count"": 3, ""surfaces"": ""dead_asset_release_control|defender_live_double_weapon|defender_live_same_suit_pair|pair_protector_pressure|straight_one_off|three_trump_three_double_one_off"", ""surface_count"": 6, ""recommendation_score"": 12, ""opponent_matching_double_count"": 2, ""opponent_matching_double_seats"": ""0|2"", ""partner_matching_double_count"": 0, ""opponent_same_suit_pair_count"": 2, ""opponent_same_suit_pair_seats"": ""0|2"", ""opponent_pair_protector_count"": 1, ""opponent_pair_protector_seats"": ""0"", ""opponent_dead_double_assets"": 2, ""full_deal"": ""[\""0-0,1-1,3-1,5-0,5-2,5-5,6-2\"", \""2-2,4-0,4-3,4-4,5-3,5-4,6-6\"", \""2-1,3-2,3-3,4-1,4-2,6-1,6-5\"", \""1-0,2-0,3-0,5-1,6-0,6-3,6-4\""]""}, {""seed"": 19, ""bidder_seat"": 1, ""partner_seat"": 3, ""decl_id"": 3, ""decl_name"": ""threes"", ""bidder_hand"": ""2-2,4-0,4-3,4-4,5-3,5-4,6-6"", ""final_off"": ""5-4"", ""trump_count"": 2, ""off_count"": 2, ""nontrump_double_count"": 3, ""total_double_count"": 3, ""surfaces"": ""dead_asset_release_control|defender_live_double_weapon|defender_live_same_suit_pair|pair_protector_pressure|two_off_same_suit"", ""surface_count"": 5, ""recommendation_score"": 11, ""opponent_matching_double_count"": 1, ""opponent_matching_double_seats"": ""0"", ""partner_matching_double_count"": 0, ""opponent_same_suit_pair_count"": 2, ""opponent_same_suit_pair_seats"": ""0|2"", ""opponent_pair_protector_count"": 1, ""opponent_pair_protector_seats"": ""0"", ""opponent_dead_double_assets"": 2, ""full_deal"": ""[\""0-0,1-1,3-1,5-0,5-2,5-5,6-2\"", \""2-2,4-0,4-3,4-4,5-3,5-4,6-6\"", \""2-1,3-2,3-3,4-1,4-2,6-1,6-5\"", \""1-0,2-0,3-0,5-1,6-0,6-3,6-4\""]""}, {""seed"": 19, ""bidder_seat"": 1, ""partner_seat"": 3, ""decl_id"": 3, ""decl_name"": ""threes"", ""bidder_hand"": ""2-2,4-0,4-3,4-4,5-3,5-4,6-6"", ""final_off"": ""4-0"", ""trump_count"": 2, ""off_count"": 2, ""nontrump_double_count"": 3, ""total_double_count"": 3, ""surfaces"": ""dead_asset_release_control|defender_live_double_weapon|defender_live_same_suit_pair|two_off_same_suit"", ""surface_count"": 4, ""recommendation_score"": 9, ""opponent_matching_double_count"": 1, ""opponent_matching_double_seats"": ""0"", ""partner_matching_double_count"": 0, ""opponent_same_suit_pair_count"": 2, ""opponent_same_suit_pair_seats"": ""0|2"", ""opponent_pair_protector_count"": 0, ""opponent_pair_protector_seats"": """", ""opponent_dead_double_assets"": 2, ""full_deal"": ""[\""0-0,1-1,3-1,5-0,5-2,5-5,6-2\"", \""2-2,4-0,4-3,4-4,5-3,5-4,6-6\"", \""2-1,3-2,3-3,4-1,4-2,6-1,6-5\"", \""1-0,2-0,3-0,5-1,6-0,6-3,6-4\""]""}, {""seed"": 19, ""bidder_seat"": 1, ""partner_seat"": 3, ""decl_id"": 5, ""decl_name"": ""fives"", ""bidder_hand"": ""2-2,4-0,4-3,4-4,5-3,5-4,6-6"", ""final_off"": ""4-0"", ""trump_count"": 2, ""off_count"": 2, ""nontrump_double_count"": 3, ""total_double_count"": 3, ""surfaces"": ""dead_asset_release_control|defender_live_double_weapon|defender_live_same_suit_pair|two_off_same_suit"", ""surface_count"": 4, ""recommendation_score"": 9, ""opponent_matching_double_count"": 1, ""opponent_matching_double_seats"": ""0"", ""partner_matching_double_count"": 0, ""opponent_same_suit_pair_count"": 1, ""opponent_same_suit_pair_seats"": ""2"", ""opponent_pair_protector_count"": 0, ""opponent_pair_protector_seats"": """", ""opponent_dead_double_assets"": 2, ""full_deal"": ""[\""0-0,1-1,3-1,5-0,5-2,5-5,6-2\"", \""2-2,4-0,4-3,4-4,5-3,5-4,6-6\"", \""2-1,3-2,3-3,4-1,4-2,6-1,6-5\"", \""1-0,2-0,3-0,5-1,6-0,6-3,6-4\""]""}, {""seed"": 19, ""bidder_seat"": 1, ""partner_seat"": 3, ""decl_id"": 5, ""decl_name"": ""fives"", ""bidder_hand"": ""2-2,4-0,4-3,4-4,5-3,5-4,6-6"", ""final_off"": ""4-3"", ""trump_count"": 2, ""off_count"": 2, ""nontrump_double_count"": 3, ""total_double_count"": 3, ""surfaces"": ""dead_asset_release_control|defender_live_double_weapon|defender_live_same_suit_pair|two_off_same_suit"", ""surface_count"": 4, ""recommendation_score"": 9, ""opponent_matching_double_count"": 1, ""opponent_matching_double_seats"": ""2"", ""partner_matching_double_count"": 0, ""opponent_same_suit_pair_count"": 1, ""opponent_same_suit_pair_seats"": ""2"", ""opponent_pair_protector_count"": 0, ""opponent_pair_protector_seats"": """", ""opponent_dead_double_assets"": 2, ""full_deal"": ""[\""0-0,1-1,3-1,5-0,5-2,5-5,6-2\"", \""2-2,4-0,4-3,4-4,5-3,5-4,6-6\"", \""2-1,3-2,3-3,4-1,4-2,6-1,6-5\"", \""1-0,2-0,3-0,5-1,6-0,6-3,6-4\""]""}]"
23,8,12,dead_asset_release_control|defender_live_double_weapon|defender_live_same_suit_pair|pair_protector_pressure|protected_one_off|straight_one_off|three_trump_three_double_one_off|two_off_same_suit,"[{""seed"": 23, ""bidder_seat"": 3, ""partner_seat"": 1, ""decl_id"": 3, ""decl_name"": ""threes"", ""bidder_hand"": ""0-0,1-1,3-3,4-3,5-3,6-3,6-5"", ""final_off"": ""6-5"", ""trump_count"": 4, ""off_count"": 1, ""nontrump_double_count"": 2, ""total_double_count"": 3, ""surfaces"": ""dead_asset_release_control|defender_live_double_weapon|defender_live_same_suit_pair|pair_protector_pressure|straight_one_off|three_trump_three_double_one_off"", ""surface_count"": 6, ""recommendation_score"": 12, ""opponent_matching_double_count"": 1, ""opponent_matching_double_seats"": ""0"", ""partner_matching_double_count"": 1, ""opponent_same_suit_pair_count"": 1, ""opponent_same_suit_pair_seats"": ""0"", ""opponent_pair_protector_count"": 1, ""opponent_pair_protector_seats"": ""0"", ""opponent_dead_double_assets"": 1, ""full_deal"": ""[\""2-2,4-0,5-2,5-4,5-5,6-2,6-4\"", \""1-0,2-0,4-4,5-0,6-0,6-1,6-6\"", \""2-1,3-0,3-1,3-2,4-1,4-2,5-1\"", \""0-0,1-1,3-3,4-3,5-3,6-3,6-5\""]""}, {""seed"": 23, ""bidder_seat"": 0, ""partner_seat"": 2, ""decl_id"": 4, ""decl_name"": ""fours"", ""bidder_hand"": ""2-2,4-0,5-2,5-4,5-5,6-2,6-4"", ""final_off"": ""6-2"", ""trump_count"": 3, ""off_count"": 2, ""nontrump_double_count"": 2, ""total_double_count"": 2, ""surfaces"": ""dead_asset_release_control|defender_live_double_weapon|defender_live_same_suit_pair|pair_protector_pressure|two_off_same_suit"", ""surface_count"": 5, ""recommendation_score"": 11, ""opponent_matching_double_count"": 1, ""opponent_matching_double_seats"": ""1"", ""partner_matching_double_count"": 0, ""opponent_same_suit_pair_count"": 2, ""opponent_same_suit_pair_seats"": ""1|3"", ""opponent_pair_protector_count"": 1, ""opponent_pair_protector_seats"": ""1"", ""opponent_dead_double_assets"": 3, ""full_deal"": ""[\""2-2,4-0,5-2,5-4,5-5,6-2,6-4\"", \""1-0,2-0,4-4,5-0,6-0,6-1,6-6\"", \""2-1,3-0,3-1,3-2,4-1,4-2,5-1\"", \""0-0,1-1,3-3,4-3,5-3,6-3,6-5\""]""}, {""seed"": 23, ""bidder_seat"": 3, ""partner_seat"": 1, ""decl_id"": 6, ""decl_name"": ""sixes"", ""bidder_hand"": ""0-0,1-1,3-3,4-3,5-3,6-3,6-5"", ""final_off"": ""5-3"", ""trump_count"": 2, ""off_count"": 2, ""nontrump_double_count"": 3, ""total_double_count"": 3, ""surfaces"": ""dead_asset_release_control|defender_live_double_weapon|defender_live_same_suit_pair|pair_protector_pressure|two_off_same_suit"", ""surface_count"": 5, ""recommendation_score"": 11, ""opponent_matching_double_count"": 1, ""opponent_matching_double_seats"": ""0"", ""partner_matching_double_count"": 0, ""opponent_same_suit_pair_count"": 2, ""opponent_same_suit_pair_seats"": ""0|2"", ""opponent_pair_protector_count"": 2, ""opponent_pair_protector_seats"": ""0|2"", ""opponent_dead_double_assets"": 1, ""full_deal"": ""[\""2-2,4-0,5-2,5-4,5-5,6-2,6-4\"", \""1-0,2-0,4-4,5-0,6-0,6-1,6-6\"", \""2-1,3-0,3-1,3-2,4-1,4-2,5-1\"", \""0-0,1-1,3-3,4-3,5-3,6-3,6-5\""]""}, {""seed"": 23, ""bidder_seat"": 1, ""partner_seat"": 3, ""decl_id"": 0, ""decl_name"": ""blanks"", ""bidder_hand"": ""1-0,2-0,4-4,5-0,6-0,6-1,6-6"", ""final_off"": ""6-1"", ""trump_count"": 4, ""off_count"": 1, ""nontrump_double_count"": 2, ""total_double_count"": 2, ""surfaces"": ""dead_asset_release_control|defender_live_same_suit_pair|pair_protector_pressure|protected_one_off"", ""surface_count"": 4, ""recommendation_score"": 10, ""opponent_matching_double_count"": 0, ""opponent_matching_double_seats"": """", ""partner_matching_double_count"": 1, ""opponent_same_suit_pair_count"": 2, ""opponent_same_suit_pair_seats"": ""0|2"", ""opponent_pair_protector_count"": 1, ""opponent_pair_protector_seats"": ""2"", ""opponent_dead_double_assets"": 2, ""full_deal"": ""[\""2-2,4-0,5-2,5-4,5-5,6-2,6-4\"", \""1-0,2-0,4-4,5-0,6-0,6-1,6-6\"", \""2-1,3-0,3-1,3-2,4-1,4-2,5-1\"", \""0-0,1-1,3-3,4-3,5-3,6-3,6-5\""]""}, {""seed"": 23, ""bidder_seat"": 3, ""partner_seat"": 1, ""decl_id"": 5, ""decl_name"": ""fives"", ""bidder_hand"": ""0-0,1-1,3-3,4-3,5-3,6-3,6-5"", ""final_off"": ""4-3"", ""trump_count"": 2, ""off_count"": 2, ""nontrump_double_count"": 3, ""total_double_count"": 3, ""surfaces"": ""dead_asset_release_control|defender_live_same_suit_pair|pair_protector_pressure|two_off_same_suit"", ""surface_count"": 4, ""recommendation_score"": 9, ""opponent_matching_double_count"": 0, ""opponent_matching_double_seats"": """", ""partner_matching_double_count"": 1, ""opponent_same_suit_pair_count"": 2, ""opponent_same_suit_pair_seats"": ""0|2"", ""opponent_pair_protector_count"": 1, ""opponent_pair_protector_seats"": ""2"", ""opponent_dead_double_assets"": 1, ""full_deal"": ""[\""2-2,4-0,5-2,5-4,5-5,6-2,6-4\"", \""1-0,2-0,4-4,5-0,6-0,6-1,6-6\"", \""2-1,3-0,3-1,3-2,4-1,4-2,5-1\"", \""0-0,1-1,3-3,4-3,5-3,6-3,6-5\""]""}]"
43,1,12,dead_asset_release_control|defender_live_double_weapon|defender_live_same_suit_pair|pair_protector_pressure|protected_one_off,"[{""seed"": 43, ""bidder_seat"": 3, ""partner_seat"": 1, ""decl_id"": 1, ""decl_name"": ""ones"", ""bidder_hand"": ""1-0,2-1,3-3,4-1,4-4,6-1,6-3"", ""final_off"": ""6-3"", ""trump_count"": 4, ""off_count"": 1, ""nontrump_double_count"": 2, ""total_double_count"": 2, ""surfaces"": ""dead_asset_release_control|defender_live_double_weapon|defender_live_same_suit_pair|pair_protector_pressure|protected_one_off"", ""surface_count"": 5, ""recommendation_score"": 12, ""opponent_matching_double_count"": 1, ""opponent_matching_double_seats"": ""0"", ""partner_matching_double_count"": 0, ""opponent_same_suit_pair_count"": 2, ""opponent_same_suit_pair_seats"": ""0|2"", ""opponent_pair_protector_count"": 1, ""opponent_pair_protector_seats"": ""0"", ""opponent_dead_double_assets"": 2, ""full_deal"": ""[\""3-1,4-2,5-3,5-5,6-0,6-2,6-6\"", \""1-1,2-2,3-0,3-2,4-0,5-2,5-4\"", \""0-0,2-0,4-3,5-0,5-1,6-4,6-5\"", \""1-0,2-1,3-3,4-1,4-4,6-1,6-3\""]""}]"
45,9,12,dead_asset_release_control|defender_live_double_weapon|defender_live_same_suit_pair|pair_protector_pressure|straight_one_off|two_off_same_suit,"[{""seed"": 45, ""bidder_seat"": 0, ""partner_seat"": 2, ""decl_id"": 3, ""decl_name"": ""threes"", ""bidder_hand"": ""2-2,3-0,3-1,4-4,5-1,5-3,6-3"", ""final_off"": ""5-1"", ""trump_count"": 4, ""off_count"": 1, ""nontrump_double_count"": 2, ""total_double_count"": 2, ""surfaces"": ""dead_asset_release_control|defender_live_double_weapon|defender_live_same_suit_pair|pair_protector_pressure|straight_one_off"", ""surface_count"": 5, ""recommendation_score"": 12, ""opponent_matching_double_count"": 1, ""opponent_matching_double_seats"": ""3"", ""partner_matching_double_count"": 1, ""opponent_same_suit_pair_count"": 1, ""opponent_same_suit_pair_seats"": ""1"", ""opponent_pair_protector_count"": 1, ""opponent_pair_protector_seats"": ""1"", ""opponent_dead_double_assets"": 1, ""full_deal"": ""[\""2-2,3-0,3-1,4-4,5-1,5-3,6-3\"", \""1-0,2-1,4-1,5-2,5-4,6-0,6-5\"", \""0-0,2-0,4-2,5-5,6-1,6-2,6-4\"", \""1-1,3-2,3-3,4-0,4-3,5-0,6-6\""]""}, {""seed"": 45, ""bidder_seat"": 3, ""partner_seat"": 1, ""decl_id"": 0, ""decl_name"": ""blanks"", ""bidder_hand"": ""1-1,3-2,3-3,4-0,4-3,5-0,6-6"", ""final_off"": ""3-2"", ""trump_count"": 2, ""off_count"": 2, ""nontrump_double_count"": 3, ""total_double_count"": 3, ""surfaces"": ""dead_asset_release_control|defender_live_double_weapon|defender_live_same_suit_pair|pair_protector_pressure|two_off_same_suit"", ""surface_count"": 5, ""recommendation_score"": 11, ""opponent_matching_double_count"": 1, ""opponent_matching_double_seats"": ""0"", ""partner_matching_double_count"": 0, ""opponent_same_suit_pair_count"": 2, ""opponent_same_suit_pair_seats"": ""0|2"", ""opponent_pair_protector_count"": 1, ""opponent_pair_protector_seats"": ""0"", ""opponent_dead_double_assets"": 2, ""full_deal"": ""[\""2-2,3-0,3-1,4-4,5-1,5-3,6-3\"", \""1-0,2-1,4-1,5-2,5-4,6-0,6-5\"", \""0-0,2-0,4-2,5-5,6-1,6-2,6-4\"", \""1-1,3-2,3-3,4-0,4-3,5-0,6-6\""]""}, {""seed"": 45, ""bidder_seat"": 3, ""partner_seat"": 1, ""decl_id"": 0, ""decl_name"": ""blanks"", ""bidder_hand"": ""1-1,3-2,3-3,4-0,4-3,5-0,6-6"", ""final_off"": ""4-3"", ""trump_count"": 2, ""off_count"": 2, ""nontrump_double_count"": 3, ""total_double_count"": 3, ""surfaces"": ""dead_asset_release_control|defender_live_double_weapon|defender_live_same_suit_pair|pair_protector_pressure|two_off_same_suit"", ""surface_count"": 5, ""recommendation_score"": 11, ""opponent_matching_double_count"": 1, ""opponent_matching_double_seats"": ""0"", ""partner_matching_double_count"": 0, ""opponent_same_suit_pair_count"": 2, ""opponent_same_suit_pair_seats"": ""0|2"", ""opponent_pair_protector_count"": 1, ""opponent_pair_protector_seats"": ""0"", ""opponent_dead_double_assets"": 2, ""full_deal"": ""[\""2-2,3-0,3-1,4-4,5-1,5-3,6-3\"", \""1-0,2-1,4-1,5-2,5-4,6-0,6-5\"", \""0-0,2-0,4-2,5-5,6-1,6-2,6-4\"", \""1-1,3-2,3-3,4-0,4-3,5-0,6-6\""]""}, {""seed"": 45, ""bidder_seat"": 2, ""partner_seat"": 0, ""decl_id"": 2, ""decl_name"": ""twos"", ""bidder_hand"": ""0-0,2-0,4-2,5-5,6-1,6-2,6-4"", ""final_off"": ""6-1"", ""trump_count"": 3, ""off_count"": 2, ""nontrump_double_count"": 2, ""total_double_count"": 2, ""surfaces"": ""dead_asset_release_control|defender_live_double_weapon|defender_live_same_suit_pair|two_off_same_suit"", ""surface_count"": 4, ""recommendation_score"": 9, ""opponent_matching_double_count"": 1, ""opponent_matching_double_seats"": ""3"", ""partner_matching_double_count"": 0, ""opponent_same_suit_pair_count"": 1, ""opponent_same_suit_pair_seats"": ""1"", ""opponent_pair_protector_count"": 0, ""opponent_pair_protector_seats"": """", ""opponent_dead_double_assets"": 1, ""full_deal"": ""[\""2-2,3-0,3-1,4-4,5-1,5-3,6-3\"", \""1-0,2-1,4-1,5-2,5-4,6-0,6-5\"", \""0-0,2-0,4-2,5-5,6-1,6-2,6-4\"", \""1-1,3-2,3-3,4-0,4-3,5-0,6-6\""]""}, {""seed"": 45, ""bidder_seat"": 2, ""partner_seat"": 0, ""decl_id"": 2, ""decl_name"": ""twos"", ""bidder_hand"": ""0-0,2-0,4-2,5-5,6-1,6-2,6-4"", ""final_off"": ""6-4"", ""trump_count"": 3, ""off_count"": 2, ""nontrump_double_count"": 2, ""total_double_count"": 2, ""surfaces"": ""dead_asset_release_control|defender_live_double_weapon|defender_live_same_suit_pair|two_off_same_suit"", ""surface_count"": 4, ""recommendation_score"": 9, ""opponent_matching_double_count"": 1, ""opponent_matching_double_seats"": ""3"", ""partner_matching_double_count"": 1, ""opponent_same_suit_pair_count"": 2, ""opponent_same_suit_pair_seats"": ""1|3"", ""opponent_pair_protector_count"": 0, ""opponent_pair_protector_seats"": """", ""opponent_dead_double_assets"": 2, ""full_deal"": ""[\""2-2,3-0,3-1,4-4,5-1,5-3,6-3\"", \""1-0,2-1,4-1,5-2,5-4,6-0,6-5\"", \""0-0,2-0,4-2,5-5,6-1,6-2,6-4\"", \""1-1,3-2,3-3,4-0,4-3,5-0,6-6\""]""}]"
54,1,12,dead_asset_release_control|defender_live_double_weapon|defender_live_same_suit_pair|pair_protector_pressure|straight_one_off,"[{""seed"": 54, ""bidder_seat"": 3, ""partner_seat"": 1, ""decl_id"": 2, ""decl_name"": ""twos"", ""bidder_hand"": ""2-1,3-3,4-2,4-4,5-0,5-2,6-2"", ""final_off"": ""5-0"", ""trump_count"": 4, ""off_count"": 1, ""nontrump_double_count"": 2, ""total_double_count"": 2, ""surfaces"": ""dead_asset_release_control|defender_live_double_weapon|defender_live_same_suit_pair|pair_protector_pressure|straight_one_off"", ""surface_count"": 5, ""recommendation_score"": 12, ""opponent_matching_double_count"": 1, ""opponent_matching_double_seats"": ""2"", ""partner_matching_double_count"": 1, ""opponent_same_suit_pair_count"": 2, ""opponent_same_suit_pair_seats"": ""0|2"", ""opponent_pair_protector_count"": 1, ""opponent_pair_protector_seats"": ""2"", ""opponent_dead_double_assets"": 2, ""full_deal"": ""[\""1-1,2-0,4-1,5-3,5-4,6-1,6-6\"", \""1-0,2-2,3-2,4-3,5-5,6-3,6-4\"", \""0-0,3-0,3-1,4-0,5-1,6-0,6-5\"", \""2-1,3-3,4-2,4-4,5-0,5-2,6-2\""]""}]"
60,5,12,dead_asset_release_control|defender_live_double_weapon|defender_live_same_suit_pair|pair_protector_pressure|straight_one_off|three_trump_three_double_one_off|two_off_same_suit,"[{""seed"": 60, ""bidder_seat"": 2, ""partner_seat"": 0, ""decl_id"": 0, ""decl_name"": ""blanks"", ""bidder_hand"": ""1-0,1-1,2-2,3-0,4-0,4-4,6-3"", ""final_off"": ""6-3"", ""trump_count"": 3, ""off_count"": 1, ""nontrump_double_count"": 3, ""total_double_count"": 3, ""surfaces"": ""dead_asset_release_control|defender_live_double_weapon|defender_live_same_suit_pair|pair_protector_pressure|straight_one_off|three_trump_three_double_one_off"", ""surface_count"": 6, ""recommendation_score"": 12, ""opponent_matching_double_count"": 1, ""opponent_matching_double_seats"": ""3"", ""partner_matching_double_count"": 0, ""opponent_same_suit_pair_count"": 1, ""opponent_same_suit_pair_seats"": ""3"", ""opponent_pair_protector_count"": 1, ""opponent_pair_protector_seats"": ""3"", ""opponent_dead_double_assets"": 1, ""full_deal"": ""[\""4-1,4-2,5-1,6-0,6-1,6-4,6-5\"", \""0-0,2-0,4-3,5-2,5-4,5-5,6-2\"", \""1-0,1-1,2-2,3-0,4-0,4-4,6-3\"", \""2-1,3-1,3-2,3-3,5-0,5-3,6-6\""]""}, {""seed"": 60, ""bidder_seat"": 1, ""partner_seat"": 3, ""decl_id"": 2, ""decl_name"": ""twos"", ""bidder_hand"": ""0-0,2-0,4-3,5-2,5-4,5-5,6-2"", ""final_off"": ""4-3"", ""trump_count"": 3, ""off_count"": 2, ""nontrump_double_count"": 2, ""total_double_count"": 2, ""surfaces"": ""dead_asset_release_control|defender_live_double_weapon|defender_live_same_suit_pair|two_off_same_suit"", ""surface_count"": 4, ""recommendation_score"": 9, ""opponent_matching_double_count"": 1, ""opponent_matching_double_seats"": ""2"", ""partner_matching_double_count"": 1, ""opponent_same_suit_pair_count"": 2, ""opponent_same_suit_pair_seats"": ""0|2"", ""opponent_pair_protector_count"": 0, ""opponent_pair_protector_seats"": """", ""opponent_dead_double_assets"": 1, ""full_deal"": ""[\""4-1,4-2,5-1,6-0,6-1,6-4,6-5\"", \""0-0,2-0,4-3,5-2,5-4,5-5,6-2\"", \""1-0,1-1,2-2,3-0,4-0,4-4,6-3\"", \""2-1,3-1,3-2,3-3,5-0,5-3,6-6\""]""}, {""seed"": 60, ""bidder_seat"": 1, ""partner_seat"": 3, ""decl_id"": 2, ""decl_name"": ""twos"", ""bidder_hand"": ""0-0,2-0,4-3,5-2,5-4,5-5,6-2"", ""final_off"": ""5-4"", ""trump_count"": 3, ""off_count"": 2, ""nontrump_double_count"": 2, ""total_double_count"": 2, ""surfaces"": ""dead_asset_release_control|defender_live_double_weapon|defender_live_same_suit_pair|two_off_same_suit"", ""surface_count"": 4, ""recommendation_score"": 9, ""opponent_matching_double_count"": 1, ""opponent_matching_double_seats"": ""2"", ""partner_matching_double_count"": 0, ""opponent_same_suit_pair_count"": 2, ""opponent_same_suit_pair_seats"": ""0|2"", ""opponent_pair_protector_count"": 0, ""opponent_pair_protector_seats"": """", ""opponent_dead_double_assets"": 1, ""full_deal"": ""[\""4-1,4-2,5-1,6-0,6-1,6-4,6-5\"", \""0-0,2-0,4-3,5-2,5-4,5-5,6-2\"", \""1-0,1-1,2-2,3-0,4-0,4-4,6-3\"", \""2-1,3-1,3-2,3-3,5-0,5-3,6-6\""]""}, {""seed"": 60, ""bidder_seat"": 2, ""partner_seat"": 0, ""decl_id"": 3, ""decl_name"": ""threes"", ""bidder_hand"": ""1-0,1-1,2-2,3-0,4-0,4-4,6-3"", ""final_off"": ""1-0"", ""trump_count"": 2, ""off_count"": 2, ""nontrump_double_count"": 3, ""total_double_count"": 3, ""surfaces"": ""dead_asset_release_control|defender_live_double_weapon|defender_live_same_suit_pair|two_off_same_suit"", ""surface_count"": 4, ""recommendation_score"": 9, ""opponent_matching_double_count"": 1, ""opponent_matching_double_seats"": ""1"", ""partner_matching_double_count"": 0, ""opponent_same_suit_pair_count"": 1, ""opponent_same_suit_pair_seats"": ""1"", ""opponent_pair_protector_count"": 0, ""opponent_pair_protector_seats"": """", ""opponent_dead_double_assets"": 2, ""full_deal"": ""[\""4-1,4-2,5-1,6-0,6-1,6-4,6-5\"", \""0-0,2-0,4-3,5-2,5-4,5-5,6-2\"", \""1-0,1-1,2-2,3-0,4-0,4-4,6-3\"", \""2-1,3-1,3-2,3-3,5-0,5-3,6-6\""]""}, {""seed"": 60, ""bidder_seat"": 2, ""partner_seat"": 0, ""decl_id"": 3, ""decl_name"": ""threes"", ""bidder_hand"": ""1-0,1-1,2-2,3-0,4-0,4-4,6-3"", ""final_off"": ""4-0"", ""trump_count"": 2, ""off_count"": 2, ""nontrump_double_count"": 3, ""total_double_count"": 3, ""surfaces"": ""dead_asset_release_control|defender_live_double_weapon|defender_live_same_suit_pair|two_off_same_suit"", ""surface_count"": 4, ""recommendation_score"": 9, ""opponent_matching_double_count"": 1, ""opponent_matching_double_seats"": ""1"", ""partner_matching_double_count"": 0, ""opponent_same_suit_pair_count"": 1, ""opponent_same_suit_pair_seats"": ""1"", ""opponent_pair_protector_count"": 0, ""opponent_pair_protector_seats"": """", ""opponent_dead_double_assets"": 2, ""full_deal"": ""[\""4-1,4-2,5-1,6-0,6-1,6-4,6-5\"", \""0-0,2-0,4-3,5-2,5-4,5-5,6-2\"", \""1-0,1-1,2-2,3-0,4-0,4-4,6-3\"", \""2-1,3-1,3-2,3-3,5-0,5-3,6-6\""]""}]"
62,8,12,dead_asset_release_control|defender_live_double_weapon|defender_live_same_suit_pair|pair_protector_pressure|straight_one_off|three_trump_three_double_one_off|two_off_same_suit,"[{""seed"": 62, ""bidder_seat"": 0, ""partner_seat"": 2, ""decl_id"": 2, ""decl_name"": ""twos"", ""bidder_hand"": ""2-0,3-0,3-2,4-2,5-5,6-2,6-6"", ""final_off"": ""3-0"", ""trump_count"": 4, ""off_count"": 1, ""nontrump_double_count"": 2, ""total_double_count"": 2, ""surfaces"": ""dead_asset_release_control|defender_live_double_weapon|defender_live_same_suit_pair|pair_protector_pressure|straight_one_off"", ""surface_count"": 5, ""recommendation_score"": 12, ""opponent_matching_double_count"": 1, ""opponent_matching_double_seats"": ""3"", ""partner_matching_double_count"": 1, ""opponent_same_suit_pair_count"": 2, ""opponent_same_suit_pair_seats"": ""1|3"", ""opponent_pair_protector_count"": 2, ""opponent_pair_protector_seats"": ""1|3"", ""opponent_dead_double_assets"": 2, ""full_deal"": ""[\""2-0,3-0,3-2,4-2,5-5,6-2,6-6\"", \""1-0,4-0,4-3,5-0,6-1,6-3,6-4\"", \""0-0,2-1,4-1,5-1,5-2,5-4,6-5\"", \""1-1,2-2,3-1,3-3,4-4,5-3,6-0\""]""}, {""seed"": 62, ""bidder_seat"": 2, ""partner_seat"": 0, ""decl_id"": 5, ""decl_name"": ""fives"", ""bidder_hand"": ""0-0,2-1,4-1,5-1,5-2,5-4,6-5"", ""final_off"": ""4-1"", ""trump_count"": 4, ""off_count"": 2, ""nontrump_double_count"": 1, ""total_double_count"": 1, ""surfaces"": ""dead_asset_release_control|defender_live_double_weapon|defender_live_same_suit_pair|pair_protector_pressure|two_off_same_suit"", ""surface_count"": 5, ""recommendation_score"": 11, ""opponent_matching_double_count"": 1, ""opponent_matching_double_seats"": ""3"", ""partner_matching_double_count"": 0, ""opponent_same_suit_pair_count"": 2, ""opponent_same_suit_pair_seats"": ""1|3"", ""opponent_pair_protector_count"": 1, ""opponent_pair_protector_seats"": ""1"", ""opponent_dead_double_assets"": 2, ""full_deal"": ""[\""2-0,3-0,3-2,4-2,5-5,6-2,6-6\"", \""1-0,4-0,4-3,5-0,6-1,6-3,6-4\"", \""0-0,2-1,4-1,5-1,5-2,5-4,6-5\"", \""1-1,2-2,3-1,3-3,4-4,5-3,6-0\""]""}, {""seed"": 62, ""bidder_seat"": 3, ""partner_seat"": 1, ""decl_id"": 0, ""decl_name"": ""blanks"", ""bidder_hand"": ""1-1,2-2,3-1,3-3,4-4,5-3,6-0"", ""final_off"": ""5-3"", ""trump_count"": 1, ""off_count"": 2, ""nontrump_double_count"": 4, ""total_double_count"": 4, ""surfaces"": ""dead_asset_release_control|defender_live_double_weapon|defender_live_same_suit_pair|pair_protector_pressure|two_off_same_suit"", ""surface_count"": 5, ""recommendation_score"": 11, ""opponent_matching_double_count"": 1, ""opponent_matching_double_seats"": ""0"", ""partner_matching_double_count"": 0, ""opponent_same_suit_pair_count"": 1, ""opponent_same_suit_pair_seats"": ""2"", ""opponent_pair_protector_count"": 1, ""opponent_pair_protector_seats"": ""2"", ""opponent_dead_double_assets"": 1, ""full_deal"": ""[\""2-0,3-0,3-2,4-2,5-5,6-2,6-6\"", \""1-0,4-0,4-3,5-0,6-1,6-3,6-4\"", \""0-0,2-1,4-1,5-1,5-2,5-4,6-5\"", \""1-1,2-2,3-1,3-3,4-4,5-3,6-0\""]""}, {""seed"": 62, ""bidder_seat"": 3, ""partner_seat"": 1, ""decl_id"": 6, ""decl_name"": ""sixes"", ""bidder_hand"": ""1-1,2-2,3-1,3-3,4-4,5-3,6-0"", ""final_off"": ""5-3"", ""trump_count"": 1, ""off_count"": 2, ""nontrump_double_count"": 4, ""total_double_count"": 4, ""surfaces"": ""dead_asset_release_control|defender_live_double_weapon|defender_live_same_suit_pair|pair_protector_pressure|two_off_same_suit"", ""surface_count"": 5, ""recommendation_score"": 11, ""opponent_matching_double_count"": 1, ""opponent_matching_double_seats"": ""0"", ""partner_matching_double_count"": 0, ""opponent_same_suit_pair_count"": 2, ""opponent_same_suit_pair_seats"": ""0|2"", ""opponent_pair_protector_count"": 1, ""opponent_pair_protector_seats"": ""2"", ""opponent_dead_double_assets"": 1, ""full_deal"": ""[\""2-0,3-0,3-2,4-2,5-5,6-2,6-6\"", \""1-0,4-0,4-3,5-0,6-1,6-3,6-4\"", \""0-0,2-1,4-1,5-1,5-2,5-4,6-5\"", \""1-1,2-2,3-1,3-3,4-4,5-3,6-0\""]""}, {""seed"": 62, ""bidder_seat"": 3, ""partner_seat"": 1, ""decl_id"": 3, ""decl_name"": ""threes"", ""bidder_hand"": ""1-1,2-2,3-1,3-3,4-4,5-3,6-0"", ""final_off"": ""6-0"", ""trump_count"": 3, ""off_count"": 1, ""nontrump_double_count"": 3, ""total_double_count"": 4, ""surfaces"": ""dead_asset_release_control|defender_live_double_weapon|defender_live_same_suit_pair|straight_one_off|three_trump_three_double_one_off"", ""surface_count"": 5, ""recommendation_score"": 10, ""opponent_matching_double_count"": 2, ""opponent_matching_double_seats"": ""0|2"", ""partner_matching_double_count"": 0, ""opponent_same_suit_pair_count"": 1, ""opponent_same_suit_pair_seats"": ""0"", ""opponent_pair_protector_count"": 0, ""opponent_pair_protector_seats"": """", ""opponent_dead_double_assets"": 1, ""full_deal"": ""[\""2-0,3-0,3-2,4-2,5-5,6-2,6-6\"", \""1-0,4-0,4-3,5-0,6-1,6-3,6-4\"", \""0-0,2-1,4-1,5-1,5-2,5-4,6-5\"", \""1-1,2-2,3-1,3-3,4-4,5-3,6-0\""]""}]"
79,2,12,dead_asset_release_control|defender_live_double_weapon|defender_live_same_suit_pair|pair_protector_pressure|protected_one_off|three_trump_three_double_one_off,"[{""seed"": 79, ""bidder_seat"": 2, ""partner_seat"": 0, ""decl_id"": 0, ""decl_name"": ""blanks"", ""bidder_hand"": ""0-0,1-0,1-1,3-0,5-0,6-4,6-6"", ""final_off"": ""6-4"", ""trump_count"": 4, ""off_count"": 1, ""nontrump_double_count"": 2, ""total_double_count"": 3, ""surfaces"": ""dead_asset_release_control|defender_live_double_weapon|defender_live_same_suit_pair|pair_protector_pressure|protected_one_off|three_trump_three_double_one_off"", ""surface_count"": 6, ""recommendation_score"": 12, ""opponent_matching_double_count"": 1, ""opponent_matching_double_seats"": ""3"", ""partner_matching_double_count"": 0, ""opponent_same_suit_pair_count"": 2, ""opponent_same_suit_pair_seats"": ""1|3"", ""opponent_pair_protector_count"": 1, ""opponent_pair_protector_seats"": ""3"", ""opponent_dead_double_assets"": 2, ""full_deal"": ""[\""2-0,3-2,3-3,4-0,5-1,6-2,6-5\"", \""4-2,4-3,5-2,5-3,5-5,6-0,6-3\"", \""0-0,1-0,1-1,3-0,5-0,6-4,6-6\"", \""2-1,2-2,3-1,4-1,4-4,5-4,6-1\""]""}, {""seed"": 79, ""bidder_seat"": 3, ""partner_seat"": 1, ""decl_id"": 1, ""decl_name"": ""ones"", ""bidder_hand"": ""2-1,2-2,3-1,4-1,4-4,5-4,6-1"", ""final_off"": ""5-4"", ""trump_count"": 4, ""off_count"": 1, ""nontrump_double_count"": 2, ""total_double_count"": 2, ""surfaces"": ""dead_asset_release_control|protected_one_off"", ""surface_count"": 2, ""recommendation_score"": 5, ""opponent_matching_double_count"": 0, ""opponent_matching_double_seats"": """", ""partner_matching_double_count"": 1, ""opponent_same_suit_pair_count"": 0, ""opponent_same_suit_pair_seats"": """", ""opponent_pair_protector_count"": 0, ""opponent_pair_protector_seats"": """", ""opponent_dead_double_assets"": 3, ""full_deal"": ""[\""2-0,3-2,3-3,4-0,5-1,6-2,6-5\"", \""4-2,4-3,5-2,5-3,5-5,6-0,6-3\"", \""0-0,1-0,1-1,3-0,5-0,6-4,6-6\"", \""2-1,2-2,3-1,4-1,4-4,5-4,6-1\""]""}]"
81,1,12,dead_asset_release_control|defender_live_double_weapon|defender_live_same_suit_pair|pair_protector_pressure|straight_one_off,"[{""seed"": 81, ""bidder_seat"": 0, ""partner_seat"": 2, ""decl_id"": 3, ""decl_name"": ""threes"", ""bidder_hand"": ""1-0,3-0,3-1,3-2,3-3,5-5,6-3"", ""final_off"": ""1-0"", ""trump_count"": 5, ""off_count"": 1, ""nontrump_double_count"": 1, ""total_double_count"": 2, ""surfaces"": ""dead_asset_release_control|defender_live_double_weapon|defender_live_same_suit_pair|pair_protector_pressure|straight_one_off"", ""surface_count"": 5, ""recommendation_score"": 12, ""opponent_matching_double_count"": 1, ""opponent_matching_double_seats"": ""1"", ""partner_matching_double_count"": 1, ""opponent_same_suit_pair_count"": 1, ""opponent_same_suit_pair_seats"": ""1"", ""opponent_pair_protector_count"": 1, ""opponent_pair_protector_seats"": ""1"", ""opponent_dead_double_assets"": 1, ""full_deal"": ""[\""1-0,3-0,3-1,3-2,3-3,5-5,6-3\"", \""1-1,2-0,4-1,4-3,5-3,6-0,6-1\"", \""0-0,2-1,2-2,5-0,5-4,6-4,6-6\"", \""4-0,4-2,4-4,5-1,5-2,6-2,6-5\""]""}]"
83,7,12,dead_asset_release_control|defender_live_double_weapon|defender_live_same_suit_pair|pair_protector_pressure|protected_one_off|three_trump_three_double_one_off|two_off_same_suit,"[{""seed"": 83, ""bidder_seat"": 2, ""partner_seat"": 0, ""decl_id"": 4, ""decl_name"": ""fours"", ""bidder_hand"": ""2-2,3-0,3-3,4-3,5-4,5-5,6-4"", ""final_off"": ""3-0"", ""trump_count"": 3, ""off_count"": 1, ""nontrump_double_count"": 3, ""total_double_count"": 3, ""surfaces"": ""dead_asset_release_control|defender_live_double_weapon|defender_live_same_suit_pair|pair_protector_pressure|protected_one_off|three_trump_three_double_one_off"", ""surface_count"": 6, ""recommendation_score"": 12, ""opponent_matching_double_count"": 1, ""opponent_matching_double_seats"": ""1"", ""partner_matching_double_count"": 0, ""opponent_same_suit_pair_count"": 2, ""opponent_same_suit_pair_seats"": ""1|3"", ""opponent_pair_protector_count"": 1, ""opponent_pair_protector_seats"": ""1"", ""opponent_dead_double_assets"": 2, ""full_deal"": ""[\""3-1,4-0,4-1,5-1,6-0,6-2,6-5\"", \""0-0,2-0,3-2,5-2,5-3,6-3,6-6\"", \""2-2,3-0,3-3,4-3,5-4,5-5,6-4\"", \""1-0,1-1,2-1,4-2,4-4,5-0,6-1\""]""}, {""seed"": 83, ""bidder_seat"": 1, ""partner_seat"": 3, ""decl_id"": 2, ""decl_name"": ""twos"", ""bidder_hand"": ""0-0,2-0,3-2,5-2,5-3,6-3,6-6"", ""final_off"": ""6-3"", ""trump_count"": 3, ""off_count"": 2, ""nontrump_double_count"": 2, ""total_double_count"": 2, ""surfaces"": ""dead_asset_release_control|defender_live_double_weapon|defender_live_same_suit_pair|pair_protector_pressure|two_off_same_suit"", ""surface_count"": 5, ""recommendation_score"": 11, ""opponent_matching_double_count"": 1, ""opponent_matching_double_seats"": ""2"", ""partner_matching_double_count"": 0, ""opponent_same_suit_pair_count"": 2, ""opponent_same_suit_pair_seats"": ""0|2"", ""opponent_pair_protector_count"": 1, ""opponent_pair_protector_seats"": ""2"", ""opponent_dead_double_assets"": 1, ""full_deal"": ""[\""3-1,4-0,4-1,5-1,6-0,6-2,6-5\"", \""0-0,2-0,3-2,5-2,5-3,6-3,6-6\"", \""2-2,3-0,3-3,4-3,5-4,5-5,6-4\"", \""1-0,1-1,2-1,4-2,4-4,5-0,6-1\""]""}, {""seed"": 83, ""bidder_seat"": 1, ""partner_seat"": 3, ""decl_id"": 2, ""decl_name"": ""twos"", ""bidder_hand"": ""0-0,2-0,3-2,5-2,5-3,6-3,6-6"", ""final_off"": ""5-3"", ""trump_count"": 3, ""off_count"": 2, ""nontrump_double_count"": 2, ""total_double_count"": 2, ""surfaces"": ""defender_live_double_weapon|defender_live_same_suit_pair|pair_protector_pressure|two_off_same_suit"", ""surface_count"": 4, ""recommendation_score"": 10, ""opponent_matching_double_count"": 1, ""opponent_matching_double_seats"": ""2"", ""partner_matching_double_count"": 0, ""opponent_same_suit_pair_count"": 2, ""opponent_same_suit_pair_seats"": ""0|2"", ""opponent_pair_protector_count"": 1, ""opponent_pair_protector_seats"": ""2"", ""opponent_dead_double_assets"": 0, ""full_deal"": ""[\""3-1,4-0,4-1,5-1,6-0,6-2,6-5\"", \""0-0,2-0,3-2,5-2,5-3,6-3,6-6\"", \""2-2,3-0,3-3,4-3,5-4,5-5,6-4\"", \""1-0,1-1,2-1,4-2,4-4,5-0,6-1\""]""}, {""seed"": 83, ""bidder_seat"": 1, ""partner_seat"": 3, ""decl_id"": 3, ""decl_name"": ""threes"", ""bidder_hand"": ""0-0,2-0,3-2,5-2,5-3,6-3,6-6"", ""final_off"": ""2-0"", ""trump_count"": 3, ""off_count"": 2, ""nontrump_double_count"": 2, ""total_double_count"": 2, ""surfaces"": ""dead_asset_release_control|defender_live_double_weapon|defender_live_same_suit_pair|two_off_same_suit"", ""surface_count"": 4, ""recommendation_score"": 9, ""opponent_matching_double_count"": 1, ""opponent_matching_double_seats"": ""2"", ""partner_matching_double_count"": 0, ""opponent_same_suit_pair_count"": 1, ""opponent_same_suit_pair_seats"": ""0"", ""opponent_pair_protector_count"": 0, ""opponent_pair_protector_seats"": """", ""opponent_dead_double_assets"": 1, ""full_deal"": ""[\""3-1,4-0,4-1,5-1,6-0,6-2,6-5\"", \""0-0,2-0,3-2,5-2,5-3,6-3,6-6\"", \""2-2,3-0,3-3,4-3,5-4,5-5,6-4\"", \""1-0,1-1,2-1,4-2,4-4,5-0,6-1\""]""}, {""seed"": 83, ""bidder_seat"": 2, ""partner_seat"": 0, ""decl_id"": 3, ""decl_name"": ""threes"", ""bidder_hand"": ""2-2,3-0,3-3,4-3,5-4,5-5,6-4"", ""final_off"": ""5-4"", ""trump_count"": 3, ""off_count"": 2, ""nontrump_double_count"": 2, ""total_double_count"": 3, ""surfaces"": ""dead_asset_release_control|defender_live_double_weapon|defender_live_same_suit_pair|two_off_same_suit"", ""surface_count"": 4, ""recommendation_score"": 9, ""opponent_matching_double_count"": 1, ""opponent_matching_double_seats"": ""3"", ""partner_matching_double_count"": 0, ""opponent_same_suit_pair_count"": 1, ""opponent_same_suit_pair_seats"": ""3"", ""opponent_pair_protector_count"": 0, ""opponent_pair_protector_seats"": """", ""opponent_dead_double_assets"": 3, ""full_deal"": ""[\""3-1,4-0,4-1,5-1,6-0,6-2,6-5\"", \""0-0,2-0,3-2,5-2,5-3,6-3,6-6\"", \""2-2,3-0,3-3,4-3,5-4,5-5,6-4\"", \""1-0,1-1,2-1,4-2,4-4,5-0,6-1\""]""}]"
97,6,12,dead_asset_release_control|defender_live_double_weapon|defender_live_same_suit_pair|pair_protector_pressure|protected_one_off|three_trump_three_double_one_off|two_off_same_suit,"[{""seed"": 97, ""bidder_seat"": 0, ""partner_seat"": 2, ""decl_id"": 5, ""decl_name"": ""fives"", ""bidder_hand"": ""1-1,2-1,3-3,5-0,5-1,5-5,6-6"", ""final_off"": ""2-1"", ""trump_count"": 3, ""off_count"": 1, ""nontrump_double_count"": 3, ""total_double_count"": 4, ""surfaces"": ""dead_asset_release_control|defender_live_double_weapon|defender_live_same_suit_pair|pair_protector_pressure|protected_one_off|three_trump_three_double_one_off"", ""surface_count"": 6, ""recommendation_score"": 12, ""opponent_matching_double_count"": 1, ""opponent_matching_double_seats"": ""1"", ""partner_matching_double_count"": 0, ""opponent_same_suit_pair_count"": 2, ""opponent_same_suit_pair_seats"": ""1|3"", ""opponent_pair_protector_count"": 1, ""opponent_pair_protector_seats"": ""1"", ""opponent_dead_double_assets"": 2, ""full_deal"": ""[\""1-1,2-1,3-3,5-0,5-1,5-5,6-6\"", \""2-0,2-2,3-1,4-0,4-2,4-4,6-5\"", \""3-2,5-2,5-4,6-0,6-1,6-2,6-3\"", \""0-0,1-0,3-0,4-1,4-3,5-3,6-4\""]""}, {""seed"": 97, ""bidder_seat"": 0, ""partner_seat"": 2, ""decl_id"": 2, ""decl_name"": ""twos"", ""bidder_hand"": ""1-1,2-1,3-3,5-0,5-1,5-5,6-6"", ""final_off"": ""5-0"", ""trump_count"": 1, ""off_count"": 2, ""nontrump_double_count"": 4, ""total_double_count"": 4, ""surfaces"": ""dead_asset_release_control|defender_live_double_weapon|defender_live_same_suit_pair|pair_protector_pressure|two_off_same_suit"", ""surface_count"": 5, ""recommendation_score"": 11, ""opponent_matching_double_count"": 1, ""opponent_matching_double_seats"": ""3"", ""partner_matching_double_count"": 0, ""opponent_same_suit_pair_count"": 1, ""opponent_same_suit_pair_seats"": ""3"", ""opponent_pair_protector_count"": 1, ""opponent_pair_protector_seats"": ""3"", ""opponent_dead_double_assets"": 1, ""full_deal"": ""[\""1-1,2-1,3-3,5-0,5-1,5-5,6-6\"", \""2-0,2-2,3-1,4-0,4-2,4-4,6-5\"", \""3-2,5-2,5-4,6-0,6-1,6-2,6-3\"", \""0-0,1-0,3-0,4-1,4-3,5-3,6-4\""]""}, {""seed"": 97, ""bidder_seat"": 0, ""partner_seat"": 2, ""decl_id"": 1, ""decl_name"": ""ones"", ""bidder_hand"": ""1-1,2-1,3-3,5-0,5-1,5-5,6-6"", ""final_off"": ""5-0"", ""trump_count"": 3, ""off_count"": 1, ""nontrump_double_count"": 3, ""total_double_count"": 4, ""surfaces"": ""dead_asset_release_control|defender_live_double_weapon|defender_live_same_suit_pair|protected_one_off|three_trump_three_double_one_off"", ""surface_count"": 5, ""recommendation_score"": 10, ""opponent_matching_double_count"": 1, ""opponent_matching_double_seats"": ""3"", ""partner_matching_double_count"": 0, ""opponent_same_suit_pair_count"": 2, ""opponent_same_suit_pair_seats"": ""1|3"", ""opponent_pair_protector_count"": 0, ""opponent_pair_protector_seats"": """", ""opponent_dead_double_assets"": 2, ""full_deal"": ""[\""1-1,2-1,3-3,5-0,5-1,5-5,6-6\"", \""2-0,2-2,3-1,4-0,4-2,4-4,6-5\"", \""3-2,5-2,5-4,6-0,6-1,6-2,6-3\"", \""0-0,1-0,3-0,4-1,4-3,5-3,6-4\""]""}, {""seed"": 97, ""bidder_seat"": 0, ""partner_seat"": 2, ""decl_id"": 0, ""decl_name"": ""blanks"", ""bidder_hand"": ""1-1,2-1,3-3,5-0,5-1,5-5,6-6"", ""final_off"": ""2-1"", ""trump_count"": 1, ""off_count"": 2, ""nontrump_double_count"": 4, ""total_double_count"": 4, ""surfaces"": ""dead_asset_release_control|defender_live_double_weapon|defender_live_same_suit_pair|two_off_same_suit"", ""surface_count"": 4, ""recommendation_score"": 9, ""opponent_matching_double_count"": 1, ""opponent_matching_double_seats"": ""1"", ""partner_matching_double_count"": 0, ""opponent_same_suit_pair_count"": 1, ""opponent_same_suit_pair_seats"": ""1"", ""opponent_pair_protector_count"": 0, ""opponent_pair_protector_seats"": """", ""opponent_dead_double_assets"": 1, ""full_deal"": ""[\""1-1,2-1,3-3,5-0,5-1,5-5,6-6\"", \""2-0,2-2,3-1,4-0,4-2,4-4,6-5\"", \""3-2,5-2,5-4,6-0,6-1,6-2,6-3\"", \""0-0,1-0,3-0,4-1,4-3,5-3,6-4\""]""}, {""seed"": 97, ""bidder_seat"": 0, ""partner_seat"": 2, ""decl_id"": 2, ""decl_name"": ""twos"", ""bidder_hand"": ""1-1,2-1,3-3,5-0,5-1,5-5,6-6"", ""final_off"": ""5-1"", ""trump_count"": 1, ""off_count"": 2, ""nontrump_double_count"": 4, ""total_double_count"": 4, ""surfaces"": ""dead_asset_release_control|defender_live_same_suit_pair|two_off_same_suit"", ""surface_count"": 3, ""recommendation_score"": 7, ""opponent_matching_double_count"": 0, ""opponent_matching_double_seats"": """", ""partner_matching_double_count"": 0, ""opponent_same_suit_pair_count"": 1, ""opponent_same_suit_pair_seats"": ""3"", ""opponent_pair_protector_count"": 0, ""opponent_pair_protector_seats"": """", ""opponent_dead_double_assets"": 2, ""full_deal"": ""[\""1-1,2-1,3-3,5-0,5-1,5-5,6-6\"", \""2-0,2-2,3-1,4-0,4-2,4-4,6-5\"", \""3-2,5-2,5-4,6-0,6-1,6-2,6-3\"", \""0-0,1-0,3-0,4-1,4-3,5-3,6-4\""]""}]"
101,1,12,dead_asset_release_control|defender_live_double_weapon|defender_live_same_suit_pair|pair_protector_pressure|protected_one_off,"[{""seed"": 101, ""bidder_seat"": 2, ""partner_seat"": 0, ""decl_id"": 5, ""decl_name"": ""fives"", ""bidder_hand"": ""2-2,3-1,3-3,5-0,5-1,5-4,6-5"", ""final_off"": ""3-1"", ""trump_count"": 4, ""off_count"": 1, ""nontrump_double_count"": 2, ""total_double_count"": 2, ""surfaces"": ""dead_asset_release_control|defender_live_double_weapon|defender_live_same_suit_pair|pair_protector_pressure|protected_one_off"", ""surface_count"": 5, ""recommendation_score"": 12, ""opponent_matching_double_count"": 1, ""opponent_matching_double_seats"": ""1"", ""partner_matching_double_count"": 0, ""opponent_same_suit_pair_count"": 2, ""opponent_same_suit_pair_seats"": ""1|3"", ""opponent_pair_protector_count"": 1, ""opponent_pair_protector_seats"": ""1"", ""opponent_dead_double_assets"": 2, ""full_deal"": ""[\""0-0,3-2,4-0,5-5,6-2,6-3,6-4\"", \""1-1,2-0,2-1,4-2,4-3,6-1,6-6\"", \""2-2,3-1,3-3,5-0,5-1,5-4,6-5\"", \""1-0,3-0,4-1,4-4,5-2,5-3,6-0\""]""}]"
106,3,12,dead_asset_release_control|defender_live_double_weapon|defender_live_same_suit_pair|pair_protector_pressure|protected_one_off|two_off_same_suit,"[{""seed"": 106, ""bidder_seat"": 2, ""partner_seat"": 0, ""decl_id"": 3, ""decl_name"": ""threes"", ""bidder_hand"": ""1-1,3-0,3-1,3-2,4-1,4-3,6-6"", ""final_off"": ""4-1"", ""trump_count"": 4, ""off_count"": 1, ""nontrump_double_count"": 2, ""total_double_count"": 2, ""surfaces"": ""dead_asset_release_control|defender_live_double_weapon|defender_live_same_suit_pair|pair_protector_pressure|protected_one_off"", ""surface_count"": 5, ""recommendation_score"": 12, ""opponent_matching_double_count"": 1, ""opponent_matching_double_seats"": ""1"", ""partner_matching_double_count"": 0, ""opponent_same_suit_pair_count"": 2, ""opponent_same_suit_pair_seats"": ""1|3"", ""opponent_pair_protector_count"": 1, ""opponent_pair_protector_seats"": ""3"", ""opponent_dead_double_assets"": 1, ""full_deal"": ""[\""2-2,4-2,5-3,5-4,5-5,6-0,6-4\"", \""2-0,2-1,3-3,4-0,4-4,6-2,6-3\"", \""1-1,3-0,3-1,3-2,4-1,4-3,6-6\"", \""0-0,1-0,5-0,5-1,5-2,6-1,6-5\""]""}, {""seed"": 106, ""bidder_seat"": 3, ""partner_seat"": 1, ""decl_id"": 5, ""decl_name"": ""fives"", ""bidder_hand"": ""0-0,1-0,5-0,5-1,5-2,6-1,6-5"", ""final_off"": ""1-0"", ""trump_count"": 4, ""off_count"": 2, ""nontrump_double_count"": 1, ""total_double_count"": 1, ""surfaces"": ""dead_asset_release_control|defender_live_double_weapon|defender_live_same_suit_pair|pair_protector_pressure|two_off_same_suit"", ""surface_count"": 5, ""recommendation_score"": 11, ""opponent_matching_double_count"": 1, ""opponent_matching_double_seats"": ""2"", ""partner_matching_double_count"": 0, ""opponent_same_suit_pair_count"": 1, ""opponent_same_suit_pair_seats"": ""2"", ""opponent_pair_protector_count"": 1, ""opponent_pair_protector_seats"": ""2"", ""opponent_dead_double_assets"": 2, ""full_deal"": ""[\""2-2,4-2,5-3,5-4,5-5,6-0,6-4\"", \""2-0,2-1,3-3,4-0,4-4,6-2,6-3\"", \""1-1,3-0,3-1,3-2,4-1,4-3,6-6\"", \""0-0,1-0,5-0,5-1,5-2,6-1,6-5\""]""}, {""seed"": 106, ""bidder_seat"": 3, ""partner_seat"": 1, ""decl_id"": 5, ""decl_name"": ""fives"", ""bidder_hand"": ""0-0,1-0,5-0,5-1,5-2,6-1,6-5"", ""final_off"": ""6-1"", ""trump_count"": 4, ""off_count"": 2, ""nontrump_double_count"": 1, ""total_double_count"": 1, ""surfaces"": ""dead_asset_release_control|defender_live_double_weapon|defender_live_same_suit_pair|pair_protector_pressure|two_off_same_suit"", ""surface_count"": 5, ""recommendation_score"": 11, ""opponent_matching_double_count"": 1, ""opponent_matching_double_seats"": ""2"", ""partner_matching_double_count"": 0, ""opponent_same_suit_pair_count"": 2, ""opponent_same_suit_pair_seats"": ""0|2"", ""opponent_pair_protector_count"": 1, ""opponent_pair_protector_seats"": ""2"", ""opponent_dead_double_assets"": 1, ""full_deal"": ""[\""2-2,4-2,5-3,5-4,5-5,6-0,6-4\"", \""2-0,2-1,3-3,4-0,4-4,6-2,6-3\"", \""1-1,3-0,3-1,3-2,4-1,4-3,6-6\"", \""0-0,1-0,5-0,5-1,5-2,6-1,6-5\""]""}]"
123,5,12,dead_asset_release_control|defender_live_double_weapon|defender_live_same_suit_pair|pair_protector_pressure|protected_one_off|three_trump_three_double_one_off|two_off_same_suit,"[{""seed"": 123, ""bidder_seat"": 0, ""partner_seat"": 2, ""decl_id"": 1, ""decl_name"": ""ones"", ""bidder_hand"": ""2-1,3-0,3-1,3-3,4-1,4-4,5-5"", ""final_off"": ""3-0"", ""trump_count"": 3, ""off_count"": 1, ""nontrump_double_count"": 3, ""total_double_count"": 3, ""surfaces"": ""dead_asset_release_control|defender_live_double_weapon|defender_live_same_suit_pair|pair_protector_pressure|protected_one_off|three_trump_three_double_one_off"", ""surface_count"": 6, ""recommendation_score"": 12, ""opponent_matching_double_count"": 1, ""opponent_matching_double_seats"": ""1"", ""partner_matching_double_count"": 0, ""opponent_same_suit_pair_count"": 2, ""opponent_same_suit_pair_seats"": ""1|3"", ""opponent_pair_protector_count"": 2, ""opponent_pair_protector_seats"": ""1|3"", ""opponent_dead_double_assets"": 1, ""full_deal"": ""[\""2-1,3-0,3-1,3-3,4-1,4-4,5-5\"", \""0-0,2-2,5-0,5-4,6-0,6-1,6-4\"", \""4-0,4-2,5-1,5-2,5-3,6-2,6-6\"", \""1-0,1-1,2-0,3-2,4-3,6-3,6-5\""]""}, {""seed"": 123, ""bidder_seat"": 1, ""partner_seat"": 3, ""decl_id"": 6, ""decl_name"": ""sixes"", ""bidder_hand"": ""0-0,2-2,5-0,5-4,6-0,6-1,6-4"", ""final_off"": ""5-0"", ""trump_count"": 3, ""off_count"": 2, ""nontrump_double_count"": 2, ""total_double_count"": 2, ""surfaces"": ""dead_asset_release_control|defender_live_double_weapon|defender_live_same_suit_pair|pair_protector_pressure|two_off_same_suit"", ""surface_count"": 5, ""recommendation_score"": 11, ""opponent_matching_double_count"": 1, ""opponent_matching_double_seats"": ""0"", ""partner_matching_double_count"": 0, ""opponent_same_suit_pair_count"": 1, ""opponent_same_suit_pair_seats"": ""2"", ""opponent_pair_protector_count"": 1, ""opponent_pair_protector_seats"": ""2"", ""opponent_dead_double_assets"": 2, ""full_deal"": ""[\""2-1,3-0,3-1,3-3,4-1,4-4,5-5\"", \""0-0,2-2,5-0,5-4,6-0,6-1,6-4\"", \""4-0,4-2,5-1,5-2,5-3,6-2,6-6\"", \""1-0,1-1,2-0,3-2,4-3,6-3,6-5\""]""}, {""seed"": 123, ""bidder_seat"": 1, ""partner_seat"": 3, ""decl_id"": 6, ""decl_name"": ""sixes"", ""bidder_hand"": ""0-0,2-2,5-0,5-4,6-0,6-1,6-4"", ""final_off"": ""5-4"", ""trump_count"": 3, ""off_count"": 2, ""nontrump_double_count"": 2, ""total_double_count"": 2, ""surfaces"": ""dead_asset_release_control|defender_live_double_weapon|defender_live_same_suit_pair|pair_protector_pressure|two_off_same_suit"", ""surface_count"": 5, ""recommendation_score"": 11, ""opponent_matching_double_count"": 1, ""opponent_matching_double_seats"": ""0"", ""partner_matching_double_count"": 0, ""opponent_same_suit_pair_count"": 2, ""opponent_same_suit_pair_seats"": ""0|2"", ""opponent_pair_protector_count"": 1, ""opponent_pair_protector_seats"": ""2"", ""opponent_dead_double_assets"": 1, ""full_deal"": ""[\""2-1,3-0,3-1,3-3,4-1,4-4,5-5\"", \""0-0,2-2,5-0,5-4,6-0,6-1,6-4\"", \""4-0,4-2,5-1,5-2,5-3,6-2,6-6\"", \""1-0,1-1,2-0,3-2,4-3,6-3,6-5\""]""}, {""seed"": 123, ""bidder_seat"": 0, ""partner_seat"": 2, ""decl_id"": 3, ""decl_name"": ""threes"", ""bidder_hand"": ""2-1,3-0,3-1,3-3,4-1,4-4,5-5"", ""final_off"": ""2-1"", ""trump_count"": 3, ""off_count"": 2, ""nontrump_double_count"": 2, ""total_double_count"": 3, ""surfaces"": ""dead_asset_release_control|defender_live_double_weapon|defender_live_same_suit_pair|two_off_same_suit"", ""surface_count"": 4, ""recommendation_score"": 9, ""opponent_matching_double_count"": 2, ""opponent_matching_double_seats"": ""1|3"", ""partner_matching_double_count"": 0, ""opponent_same_suit_pair_count"": 1, ""opponent_same_suit_pair_seats"": ""3"", ""opponent_pair_protector_count"": 0, ""opponent_pair_protector_seats"": """", ""opponent_dead_double_assets"": 1, ""full_deal"": ""[\""2-1,3-0,3-1,3-3,4-1,4-4,5-5\"", \""0-0,2-2,5-0,5-4,6-0,6-1,6-4\"", \""4-0,4-2,5-1,5-2,5-3,6-2,6-6\"", \""1-0,1-1,2-0,3-2,4-3,6-3,6-5\""]""}, {""seed"": 123, ""bidder_seat"": 0, ""partner_seat"": 2, ""decl_id"": 3, ""decl_name"": ""threes"", ""bidder_hand"": ""2-1,3-0,3-1,3-3,4-1,4-4,5-5"", ""final_off"": ""4-1"", ""trump_count"": 3, ""off_count"": 2, ""nontrump_double_count"": 2, ""total_double_count"": 3, ""surfaces"": ""dead_asset_release_control|defender_live_double_weapon|defender_live_same_suit_pair|two_off_same_suit"", ""surface_count"": 4, ""recommendation_score"": 9, ""opponent_matching_double_count"": 1, ""opponent_matching_double_seats"": ""3"", ""partner_matching_double_count"": 0, ""opponent_same_suit_pair_count"": 2, ""opponent_same_suit_pair_seats"": ""1|3"", ""opponent_pair_protector_count"": 0, ""opponent_pair_protector_seats"": """", ""opponent_dead_double_assets"": 2, ""full_deal"": ""[\""2-1,3-0,3-1,3-3,4-1,4-4,5-5\"", \""0-0,2-2,5-0,5-4,6-0,6-1,6-4\"", \""4-0,4-2,5-1,5-2,5-3,6-2,6-6\"", \""1-0,1-1,2-0,3-2,4-3,6-3,6-5\""]""}]"
127,7,12,dead_asset_release_control|defender_live_double_weapon|defender_live_same_suit_pair|pair_protector_pressure|protected_one_off|two_off_same_suit,"[{""seed"": 127, ""bidder_seat"": 1, ""partner_seat"": 3, ""decl_id"": 0, ""decl_name"": ""blanks"", ""bidder_hand"": ""2-1,2-2,4-4,5-0,5-5,6-0,6-6"", ""final_off"": ""2-1"", ""trump_count"": 2, ""off_count"": 1, ""nontrump_double_count"": 4, ""total_double_count"": 4, ""surfaces"": ""dead_asset_release_control|defender_live_double_weapon|defender_live_same_suit_pair|pair_protector_pressure|protected_one_off"", ""surface_count"": 5, ""recommendation_score"": 12, ""opponent_matching_double_count"": 1, ""opponent_matching_double_seats"": ""0"", ""partner_matching_double_count"": 0, ""opponent_same_suit_pair_count"": 2, ""opponent_same_suit_pair_seats"": ""0|2"", ""opponent_pair_protector_count"": 1, ""opponent_pair_protector_seats"": ""0"", ""opponent_dead_double_assets"": 1, ""full_deal"": ""[\""1-1,4-0,4-1,4-2,5-2,6-2,6-3\"", \""2-1,2-2,4-4,5-0,5-5,6-0,6-6\"", \""3-0,3-1,3-2,3-3,4-3,5-1,6-5\"", \""0-0,1-0,2-0,5-3,5-4,6-1,6-4\""]""}, {""seed"": 127, ""bidder_seat"": 2, ""partner_seat"": 0, ""decl_id"": 3, ""decl_name"": ""threes"", ""bidder_hand"": ""3-0,3-1,3-2,3-3,4-3,5-1,6-5"", ""final_off"": ""5-1"", ""trump_count"": 5, ""off_count"": 2, ""nontrump_double_count"": 0, ""total_double_count"": 1, ""surfaces"": ""dead_asset_release_control|defender_live_double_weapon|defender_live_same_suit_pair|two_off_same_suit"", ""surface_count"": 4, ""recommendation_score"": 9, ""opponent_matching_double_count"": 1, ""opponent_matching_double_seats"": ""1"", ""partner_matching_double_count"": 1, ""opponent_same_suit_pair_count"": 2, ""opponent_same_suit_pair_seats"": ""1|3"", ""opponent_pair_protector_count"": 0, ""opponent_pair_protector_seats"": """", ""opponent_dead_double_assets"": 4, ""full_deal"": ""[\""1-1,4-0,4-1,4-2,5-2,6-2,6-3\"", \""2-1,2-2,4-4,5-0,5-5,6-0,6-6\"", \""3-0,3-1,3-2,3-3,4-3,5-1,6-5\"", \""0-0,1-0,2-0,5-3,5-4,6-1,6-4\""]""}, {""seed"": 127, ""bidder_seat"": 2, ""partner_seat"": 0, ""decl_id"": 3, ""decl_name"": ""threes"", ""bidder_hand"": ""3-0,3-1,3-2,3-3,4-3,5-1,6-5"", ""final_off"": ""6-5"", ""trump_count"": 5, ""off_count"": 2, ""nontrump_double_count"": 0, ""total_double_count"": 1, ""surfaces"": ""dead_asset_release_control|defender_live_double_weapon|defender_live_same_suit_pair|two_off_same_suit"", ""surface_count"": 4, ""recommendation_score"": 9, ""opponent_matching_double_count"": 1, ""opponent_matching_double_seats"": ""1"", ""partner_matching_double_count"": 0, ""opponent_same_suit_pair_count"": 2, ""opponent_same_suit_pair_seats"": ""1|3"", ""opponent_pair_protector_count"": 0, ""opponent_pair_protector_seats"": """", ""opponent_dead_double_assets"": 3, ""full_deal"": ""[\""1-1,4-0,4-1,4-2,5-2,6-2,6-3\"", \""2-1,2-2,4-4,5-0,5-5,6-0,6-6\"", \""3-0,3-1,3-2,3-3,4-3,5-1,6-5\"", \""0-0,1-0,2-0,5-3,5-4,6-1,6-4\""]""}, {""seed"": 127, ""bidder_seat"": 1, ""partner_seat"": 3, ""decl_id"": 1, ""decl_name"": ""ones"", ""bidder_hand"": ""2-1,2-2,4-4,5-0,5-5,6-0,6-6"", ""final_off"": ""6-0"", ""trump_count"": 1, ""off_count"": 2, ""nontrump_double_count"": 4, ""total_double_count"": 4, ""surfaces"": ""dead_asset_release_control|defender_live_same_suit_pair|two_off_same_suit"", ""surface_count"": 3, ""recommendation_score"": 7, ""opponent_matching_double_count"": 0, ""opponent_matching_double_seats"": """", ""partner_matching_double_count"": 1, ""opponent_same_suit_pair_count"": 1, ""opponent_same_suit_pair_seats"": ""0"", ""opponent_pair_protector_count"": 0, ""opponent_pair_protector_seats"": """", ""opponent_dead_double_assets"": 1, ""full_deal"": ""[\""1-1,4-0,4-1,4-2,5-2,6-2,6-3\"", \""2-1,2-2,4-4,5-0,5-5,6-0,6-6\"", \""3-0,3-1,3-2,3-3,4-3,5-1,6-5\"", \""0-0,1-0,2-0,5-3,5-4,6-1,6-4\""]""}, {""seed"": 127, ""bidder_seat"": 1, ""partner_seat"": 3, ""decl_id"": 2, ""decl_name"": ""twos"", ""bidder_hand"": ""2-1,2-2,4-4,5-0,5-5,6-0,6-6"", ""final_off"": ""5-0"", ""trump_count"": 2, ""off_count"": 2, ""nontrump_double_count"": 3, ""total_double_count"": 4, ""surfaces"": ""dead_asset_release_control|defender_live_same_suit_pair|two_off_same_suit"", ""surface_count"": 3, ""recommendation_score"": 7, ""opponent_matching_double_count"": 0, ""opponent_matching_double_seats"": """", ""partner_matching_double_count"": 1, ""opponent_same_suit_pair_count"": 1, ""opponent_same_suit_pair_seats"": ""2"", ""opponent_pair_protector_count"": 0, ""opponent_pair_protector_seats"": """", ""opponent_dead_double_assets"": 2, ""full_deal"": ""[\""1-1,4-0,4-1,4-2,5-2,6-2,6-3\"", \""2-1,2-2,4-4,5-0,5-5,6-0,6-6\"", \""3-0,3-1,3-2,3-3,4-3,5-1,6-5\"", \""0-0,1-0,2-0,5-3,5-4,6-1,6-4\""]""}]"
132,7,12,dead_asset_release_control|defender_live_double_weapon|defender_live_same_suit_pair|pair_protector_pressure|straight_one_off|three_trump_three_double_one_off|two_off_same_suit,"[{""seed"": 132, ""bidder_seat"": 2, ""partner_seat"": 0, ""decl_id"": 2, ""decl_name"": ""twos"", ""bidder_hand"": ""0-0,2-0,3-1,3-2,4-4,5-2,5-5"", ""final_off"": ""3-1"", ""trump_count"": 3, ""off_count"": 1, ""nontrump_double_count"": 3, ""total_double_count"": 3, ""surfaces"": ""dead_asset_release_control|defender_live_double_weapon|defender_live_same_suit_pair|pair_protector_pressure|straight_one_off|three_trump_three_double_one_off"", ""surface_count"": 6, ""recommendation_score"": 12, ""opponent_matching_double_count"": 2, ""opponent_matching_double_seats"": ""1|3"", ""partner_matching_double_count"": 0, ""opponent_same_suit_pair_count"": 2, ""opponent_same_suit_pair_seats"": ""1|3"", ""opponent_pair_protector_count"": 1, ""opponent_pair_protector_seats"": ""3"", ""opponent_dead_double_assets"": 1, ""full_deal"": ""[\""4-1,5-0,5-3,6-1,6-2,6-4,6-5\"", \""1-1,3-0,4-0,4-2,5-1,5-4,6-0\"", \""0-0,2-0,3-1,3-2,4-4,5-2,5-5\"", \""1-0,2-1,2-2,3-3,4-3,6-3,6-6\""]""}, {""seed"": 132, ""bidder_seat"": 2, ""partner_seat"": 0, ""decl_id"": 3, ""decl_name"": ""threes"", ""bidder_hand"": ""0-0,2-0,3-1,3-2,4-4,5-2,5-5"", ""final_off"": ""2-0"", ""trump_count"": 2, ""off_count"": 2, ""nontrump_double_count"": 3, ""total_double_count"": 3, ""surfaces"": ""dead_asset_release_control|defender_live_double_weapon|defender_live_same_suit_pair|two_off_same_suit"", ""surface_count"": 4, ""recommendation_score"": 9, ""opponent_matching_double_count"": 1, ""opponent_matching_double_seats"": ""3"", ""partner_matching_double_count"": 0, ""opponent_same_suit_pair_count"": 2, ""opponent_same_suit_pair_seats"": ""1|3"", ""opponent_pair_protector_count"": 0, ""opponent_pair_protector_seats"": """", ""opponent_dead_double_assets"": 2, ""full_deal"": ""[\""4-1,5-0,5-3,6-1,6-2,6-4,6-5\"", \""1-1,3-0,4-0,4-2,5-1,5-4,6-0\"", \""0-0,2-0,3-1,3-2,4-4,5-2,5-5\"", \""1-0,2-1,2-2,3-3,4-3,6-3,6-6\""]""}, {""seed"": 132, ""bidder_seat"": 2, ""partner_seat"": 0, ""decl_id"": 3, ""decl_name"": ""threes"", ""bidder_hand"": ""0-0,2-0,3-1,3-2,4-4,5-2,5-5"", ""final_off"": ""5-2"", ""trump_count"": 2, ""off_count"": 2, ""nontrump_double_count"": 3, ""total_double_count"": 3, ""surfaces"": ""dead_asset_release_control|defender_live_double_weapon|defender_live_same_suit_pair|two_off_same_suit"", ""surface_count"": 4, ""recommendation_score"": 9, ""opponent_matching_double_count"": 1, ""opponent_matching_double_seats"": ""3"", ""partner_matching_double_count"": 0, ""opponent_same_suit_pair_count"": 2, ""opponent_same_suit_pair_seats"": ""1|3"", ""opponent_pair_protector_count"": 0, ""opponent_pair_protector_seats"": """", ""opponent_dead_double_assets"": 2, ""full_deal"": ""[\""4-1,5-0,5-3,6-1,6-2,6-4,6-5\"", \""1-1,3-0,4-0,4-2,5-1,5-4,6-0\"", \""0-0,2-0,3-1,3-2,4-4,5-2,5-5\"", \""1-0,2-1,2-2,3-3,4-3,6-3,6-6\""]""}, {""seed"": 132, ""bidder_seat"": 3, ""partner_seat"": 1, ""decl_id"": 1, ""decl_name"": ""ones"", ""bidder_hand"": ""1-0,2-1,2-2,3-3,4-3,6-3,6-6"", ""final_off"": ""6-3"", ""trump_count"": 2, ""off_count"": 2, ""nontrump_double_count"": 3, ""total_double_count"": 3, ""surfaces"": ""dead_asset_release_control|defender_live_same_suit_pair|pair_protector_pressure|two_off_same_suit"", ""surface_count"": 4, ""recommendation_score"": 9, ""opponent_matching_double_count"": 0, ""opponent_matching_double_seats"": """", ""partner_matching_double_count"": 0, ""opponent_same_suit_pair_count"": 1, ""opponent_same_suit_pair_seats"": ""0"", ""opponent_pair_protector_count"": 1, ""opponent_pair_protector_seats"": ""0"", ""opponent_dead_double_assets"": 3, ""full_deal"": ""[\""4-1,5-0,5-3,6-1,6-2,6-4,6-5\"", \""1-1,3-0,4-0,4-2,5-1,5-4,6-0\"", \""0-0,2-0,3-1,3-2,4-4,5-2,5-5\"", \""1-0,2-1,2-2,3-3,4-3,6-3,6-6\""]""}, {""seed"": 132, ""bidder_seat"": 3, ""partner_seat"": 1, ""decl_id"": 3, ""decl_name"": ""threes"", ""bidder_hand"": ""1-0,2-1,2-2,3-3,4-3,6-3,6-6"", ""final_off"": ""1-0"", ""trump_count"": 3, ""off_count"": 2, ""nontrump_double_count"": 2, ""total_double_count"": 3, ""surfaces"": ""dead_asset_release_control|defender_live_double_weapon|defender_live_same_suit_pair|two_off_same_suit"", ""surface_count"": 4, ""recommendation_score"": 9, ""opponent_matching_double_count"": 1, ""opponent_matching_double_seats"": ""2"", ""partner_matching_double_count"": 1, ""opponent_same_suit_pair_count"": 2, ""opponent_same_suit_pair_seats"": ""0|2"", ""opponent_pair_protector_count"": 0, ""opponent_pair_protector_seats"": """", ""opponent_dead_double_assets"": 2, ""full_deal"": ""[\""4-1,5-0,5-3,6-1,6-2,6-4,6-5\"", \""1-1,3-0,4-0,4-2,5-1,5-4,6-0\"", \""0-0,2-0,3-1,3-2,4-4,5-2,5-5\"", \""1-0,2-1,2-2,3-3,4-3,6-3,6-6\""]""}]"
135,5,12,dead_asset_release_control|defender_live_double_weapon|defender_live_same_suit_pair|pair_protector_pressure|protected_one_off|three_trump_three_double_one_off|two_off_same_suit,"[{""seed"": 135, ""bidder_seat"": 2, ""partner_seat"": 0, ""decl_id"": 2, ""decl_name"": ""twos"", ""bidder_hand"": ""0-0,2-0,2-1,2-2,3-3,4-4,6-3"", ""final_off"": ""6-3"", ""trump_count"": 3, ""off_count"": 1, ""nontrump_double_count"": 3, ""total_double_count"": 4, ""surfaces"": ""dead_asset_release_control|defender_live_double_weapon|defender_live_same_suit_pair|pair_protector_pressure|protected_one_off|three_trump_three_double_one_off"", ""surface_count"": 6, ""recommendation_score"": 12, ""opponent_matching_double_count"": 1, ""opponent_matching_double_seats"": ""1"", ""partner_matching_double_count"": 0, ""opponent_same_suit_pair_count"": 2, ""opponent_same_suit_pair_seats"": ""1|3"", ""opponent_pair_protector_count"": 1, ""opponent_pair_protector_seats"": ""1"", ""opponent_dead_double_assets"": 1, ""full_deal"": ""[\""1-0,1-1,3-0,3-1,4-3,5-1,5-4\"", \""4-0,4-2,5-2,6-1,6-2,6-5,6-6\"", \""0-0,2-0,2-1,2-2,3-3,4-4,6-3\"", \""3-2,4-1,5-0,5-3,5-5,6-0,6-4\""]""}, {""seed"": 135, ""bidder_seat"": 2, ""partner_seat"": 0, ""decl_id"": 3, ""decl_name"": ""threes"", ""bidder_hand"": ""0-0,2-0,2-1,2-2,3-3,4-4,6-3"", ""final_off"": ""2-0"", ""trump_count"": 2, ""off_count"": 2, ""nontrump_double_count"": 3, ""total_double_count"": 4, ""surfaces"": ""dead_asset_release_control|defender_live_same_suit_pair|pair_protector_pressure|two_off_same_suit"", ""surface_count"": 4, ""recommendation_score"": 9, ""opponent_matching_double_count"": 0, ""opponent_matching_double_seats"": """", ""partner_matching_double_count"": 0, ""opponent_same_suit_pair_count"": 2, ""opponent_same_suit_pair_seats"": ""1|3"", ""opponent_pair_protector_count"": 1, ""opponent_pair_protector_seats"": ""1"", ""opponent_dead_double_assets"": 2, ""full_deal"": ""[\""1-0,1-1,3-0,3-1,4-3,5-1,5-4\"", \""4-0,4-2,5-2,6-1,6-2,6-5,6-6\"", \""0-0,2-0,2-1,2-2,3-3,4-4,6-3\"", \""3-2,4-1,5-0,5-3,5-5,6-0,6-4\""]""}, {""seed"": 135, ""bidder_seat"": 2, ""partner_seat"": 0, ""decl_id"": 3, ""decl_name"": ""threes"", ""bidder_hand"": ""0-0,2-0,2-1,2-2,3-3,4-4,6-3"", ""final_off"": ""2-1"", ""trump_count"": 2, ""off_count"": 2, ""nontrump_double_count"": 3, ""total_double_count"": 4, ""surfaces"": ""dead_asset_release_control|defender_live_same_suit_pair|pair_protector_pressure|two_off_same_suit"", ""surface_count"": 4, ""recommendation_score"": 9, ""opponent_matching_double_count"": 0, ""opponent_matching_double_seats"": """", ""partner_matching_double_count"": 1, ""opponent_same_suit_pair_count"": 1, ""opponent_same_suit_pair_seats"": ""1"", ""opponent_pair_protector_count"": 1, ""opponent_pair_protector_seats"": ""1"", ""opponent_dead_double_assets"": 2, ""full_deal"": ""[\""1-0,1-1,3-0,3-1,4-3,5-1,5-4\"", \""4-0,4-2,5-2,6-1,6-2,6-5,6-6\"", \""0-0,2-0,2-1,2-2,3-3,4-4,6-3\"", \""3-2,4-1,5-0,5-3,5-5,6-0,6-4\""]""}, {""seed"": 135, ""bidder_seat"": 2, ""partner_seat"": 0, ""decl_id"": 6, ""decl_name"": ""sixes"", ""bidder_hand"": ""0-0,2-0,2-1,2-2,3-3,4-4,6-3"", ""final_off"": ""2-0"", ""trump_count"": 1, ""off_count"": 2, ""nontrump_double_count"": 4, ""total_double_count"": 4, ""surfaces"": ""dead_asset_release_control|defender_live_same_suit_pair|two_off_same_suit"", ""surface_count"": 3, ""recommendation_score"": 7, ""opponent_matching_double_count"": 0, ""opponent_matching_double_seats"": """", ""partner_matching_double_count"": 0, ""opponent_same_suit_pair_count"": 1, ""opponent_same_suit_pair_seats"": ""1"", ""opponent_pair_protector_count"": 0, ""opponent_pair_protector_seats"": """", ""opponent_dead_double_assets"": 1, ""full_deal"": ""[\""1-0,1-1,3-0,3-1,4-3,5-1,5-4\"", \""4-0,4-2,5-2,6-1,6-2,6-5,6-6\"", \""0-0,2-0,2-1,2-2,3-3,4-4,6-3\"", \""3-2,4-1,5-0,5-3,5-5,6-0,6-4\""]""}, {""seed"": 135, ""bidder_seat"": 2, ""partner_seat"": 0, ""decl_id"": 6, ""decl_name"": ""sixes"", ""bidder_hand"": ""0-0,2-0,2-1,2-2,3-3,4-4,6-3"", ""final_off"": ""2-1"", ""trump_count"": 1, ""off_count"": 2, ""nontrump_double_count"": 4, ""total_double_count"": 4, ""surfaces"": ""dead_asset_release_control|defender_live_same_suit_pair|two_off_same_suit"", ""surface_count"": 3, ""recommendation_score"": 7, ""opponent_matching_double_count"": 0, ""opponent_matching_double_seats"": """", ""partner_matching_double_count"": 1, ""opponent_same_suit_pair_count"": 1, ""opponent_same_suit_pair_seats"": ""1"", ""opponent_pair_protector_count"": 0, ""opponent_pair_protector_seats"": """", ""opponent_dead_double_assets"": 1, ""full_deal"": ""[\""1-0,1-1,3-0,3-1,4-3,5-1,5-4\"", \""4-0,4-2,5-2,6-1,6-2,6-5,6-6\"", \""0-0,2-0,2-1,2-2,3-3,4-4,6-3\"", \""3-2,4-1,5-0,5-3,5-5,6-0,6-4\""]""}]"
137,5,12,dead_asset_release_control|defender_live_double_weapon|defender_live_same_suit_pair|pair_protector_pressure|straight_one_off|two_off_same_suit,"[{""seed"": 137, ""bidder_seat"": 1, ""partner_seat"": 3, ""decl_id"": 6, ""decl_name"": ""sixes"", ""bidder_hand"": ""3-2,4-4,6-0,6-1,6-2,6-5,6-6"", ""final_off"": ""3-2"", ""trump_count"": 5, ""off_count"": 1, ""nontrump_double_count"": 1, ""total_double_count"": 2, ""surfaces"": ""dead_asset_release_control|defender_live_double_weapon|defender_live_same_suit_pair|pair_protector_pressure|straight_one_off"", ""surface_count"": 5, ""recommendation_score"": 12, ""opponent_matching_double_count"": 1, ""opponent_matching_double_seats"": ""0"", ""partner_matching_double_count"": 1, ""opponent_same_suit_pair_count"": 1, ""opponent_same_suit_pair_seats"": ""0"", ""opponent_pair_protector_count"": 1, ""opponent_pair_protector_seats"": ""0"", ""opponent_dead_double_assets"": 2, ""full_deal"": ""[\""1-0,2-0,2-1,3-3,5-2,5-4,5-5\"", \""3-2,4-4,6-0,6-1,6-2,6-5,6-6\"", \""0-0,4-1,4-2,5-1,5-3,6-3,6-4\"", \""1-1,2-2,3-0,3-1,4-0,4-3,5-0\""]""}, {""seed"": 137, ""bidder_seat"": 3, ""partner_seat"": 1, ""decl_id"": 0, ""decl_name"": ""blanks"", ""bidder_hand"": ""1-1,2-2,3-0,3-1,4-0,4-3,5-0"", ""final_off"": ""4-3"", ""trump_count"": 3, ""off_count"": 2, ""nontrump_double_count"": 2, ""total_double_count"": 2, ""surfaces"": ""dead_asset_release_control|defender_live_double_weapon|defender_live_same_suit_pair|pair_protector_pressure|two_off_same_suit"", ""surface_count"": 5, ""recommendation_score"": 11, ""opponent_matching_double_count"": 1, ""opponent_matching_double_seats"": ""0"", ""partner_matching_double_count"": 1, ""opponent_same_suit_pair_count"": 1, ""opponent_same_suit_pair_seats"": ""2"", ""opponent_pair_protector_count"": 1, ""opponent_pair_protector_seats"": ""2"", ""opponent_dead_double_assets"": 1, ""full_deal"": ""[\""1-0,2-0,2-1,3-3,5-2,5-4,5-5\"", \""3-2,4-4,6-0,6-1,6-2,6-5,6-6\"", \""0-0,4-1,4-2,5-1,5-3,6-3,6-4\"", \""1-1,2-2,3-0,3-1,4-0,4-3,5-0\""]""}, {""seed"": 137, ""bidder_seat"": 3, ""partner_seat"": 1, ""decl_id"": 3, ""decl_name"": ""threes"", ""bidder_hand"": ""1-1,2-2,3-0,3-1,4-0,4-3,5-0"", ""final_off"": ""4-0"", ""trump_count"": 3, ""off_count"": 2, ""nontrump_double_count"": 2, ""total_double_count"": 2, ""surfaces"": ""dead_asset_release_control|defender_live_double_weapon|defender_live_same_suit_pair|pair_protector_pressure|two_off_same_suit"", ""surface_count"": 5, ""recommendation_score"": 11, ""opponent_matching_double_count"": 1, ""opponent_matching_double_seats"": ""2"", ""partner_matching_double_count"": 1, ""opponent_same_suit_pair_count"": 2, ""opponent_same_suit_pair_seats"": ""0|2"", ""opponent_pair_protector_count"": 1, ""opponent_pair_protector_seats"": ""2"", ""opponent_dead_double_assets"": 1, ""full_deal"": ""[\""1-0,2-0,2-1,3-3,5-2,5-4,5-5\"", \""3-2,4-4,6-0,6-1,6-2,6-5,6-6\"", \""0-0,4-1,4-2,5-1,5-3,6-3,6-4\"", \""1-1,2-2,3-0,3-1,4-0,4-3,5-0\""]""}, {""seed"": 137, ""bidder_seat"": 3, ""partner_seat"": 1, ""decl_id"": 3, ""decl_name"": ""threes"", ""bidder_hand"": ""1-1,2-2,3-0,3-1,4-0,4-3,5-0"", ""final_off"": ""5-0"", ""trump_count"": 3, ""off_count"": 2, ""nontrump_double_count"": 2, ""total_double_count"": 2, ""surfaces"": ""defender_live_double_weapon|defender_live_same_suit_pair|pair_protector_pressure|two_off_same_suit"", ""surface_count"": 4, ""recommendation_score"": 10, ""opponent_matching_double_count"": 2, ""opponent_matching_double_seats"": ""0|2"", ""partner_matching_double_count"": 0, ""opponent_same_suit_pair_count"": 1, ""opponent_same_suit_pair_seats"": ""0"", ""opponent_pair_protector_count"": 1, ""opponent_pair_protector_seats"": ""0"", ""opponent_dead_double_assets"": 0, ""full_deal"": ""[\""1-0,2-0,2-1,3-3,5-2,5-4,5-5\"", \""3-2,4-4,6-0,6-1,6-2,6-5,6-6\"", \""0-0,4-1,4-2,5-1,5-3,6-3,6-4\"", \""1-1,2-2,3-0,3-1,4-0,4-3,5-0\""]""}, {""seed"": 137, ""bidder_seat"": 3, ""partner_seat"": 1, ""decl_id"": 0, ""decl_name"": ""blanks"", ""bidder_hand"": ""1-1,2-2,3-0,3-1,4-0,4-3,5-0"", ""final_off"": ""3-1"", ""trump_count"": 3, ""off_count"": 2, ""nontrump_double_count"": 2, ""total_double_count"": 2, ""surfaces"": ""dead_asset_release_control|defender_live_double_weapon|defender_live_same_suit_pair|two_off_same_suit"", ""surface_count"": 4, ""recommendation_score"": 9, ""opponent_matching_double_count"": 1, ""opponent_matching_double_seats"": ""0"", ""partner_matching_double_count"": 0, ""opponent_same_suit_pair_count"": 1, ""opponent_same_suit_pair_seats"": ""2"", ""opponent_pair_protector_count"": 0, ""opponent_pair_protector_seats"": """", ""opponent_dead_double_assets"": 1, ""full_deal"": ""[\""1-0,2-0,2-1,3-3,5-2,5-4,5-5\"", \""3-2,4-4,6-0,6-1,6-2,6-5,6-6\"", \""0-0,4-1,4-2,5-1,5-3,6-3,6-4\"", \""1-1,2-2,3-0,3-1,4-0,4-3,5-0\""]""}]"
143,3,12,dead_asset_release_control|defender_live_double_weapon|defender_live_same_suit_pair|pair_protector_pressure|straight_one_off|three_trump_three_double_one_off|two_off_same_suit,"[{""seed"": 143, ""bidder_seat"": 3, ""partner_seat"": 1, ""decl_id"": 1, ""decl_name"": ""ones"", ""bidder_hand"": ""0-0,1-0,1-1,2-1,2-2,3-1,6-3"", ""final_off"": ""6-3"", ""trump_count"": 4, ""off_count"": 1, ""nontrump_double_count"": 2, ""total_double_count"": 3, ""surfaces"": ""dead_asset_release_control|defender_live_double_weapon|defender_live_same_suit_pair|pair_protector_pressure|straight_one_off|three_trump_three_double_one_off"", ""surface_count"": 6, ""recommendation_score"": 12, ""opponent_matching_double_count"": 2, ""opponent_matching_double_seats"": ""0|2"", ""partner_matching_double_count"": 0, ""opponent_same_suit_pair_count"": 2, ""opponent_same_suit_pair_seats"": ""0|2"", ""opponent_pair_protector_count"": 1, ""opponent_pair_protector_seats"": ""2"", ""opponent_dead_double_assets"": 1, ""full_deal"": ""[\""2-0,3-2,4-0,4-1,5-1,6-4,6-6\"", \""3-0,4-2,4-4,5-2,5-4,6-1,6-5\"", \""3-3,4-3,5-0,5-3,5-5,6-0,6-2\"", \""0-0,1-0,1-1,2-1,2-2,3-1,6-3\""]""}, {""seed"": 143, ""bidder_seat"": 3, ""partner_seat"": 1, ""decl_id"": 3, ""decl_name"": ""threes"", ""bidder_hand"": ""0-0,1-0,1-1,2-1,2-2,3-1,6-3"", ""final_off"": ""1-0"", ""trump_count"": 2, ""off_count"": 2, ""nontrump_double_count"": 3, ""total_double_count"": 3, ""surfaces"": ""dead_asset_release_control|defender_live_same_suit_pair|two_off_same_suit"", ""surface_count"": 3, ""recommendation_score"": 7, ""opponent_matching_double_count"": 0, ""opponent_matching_double_seats"": """", ""partner_matching_double_count"": 0, ""opponent_same_suit_pair_count"": 2, ""opponent_same_suit_pair_seats"": ""0|2"", ""opponent_pair_protector_count"": 0, ""opponent_pair_protector_seats"": """", ""opponent_dead_double_assets"": 2, ""full_deal"": ""[\""2-0,3-2,4-0,4-1,5-1,6-4,6-6\"", \""3-0,4-2,4-4,5-2,5-4,6-1,6-5\"", \""3-3,4-3,5-0,5-3,5-5,6-0,6-2\"", \""0-0,1-0,1-1,2-1,2-2,3-1,6-3\""]""}, {""seed"": 143, ""bidder_seat"": 3, ""partner_seat"": 1, ""decl_id"": 3, ""decl_name"": ""threes"", ""bidder_hand"": ""0-0,1-0,1-1,2-1,2-2,3-1,6-3"", ""final_off"": ""2-1"", ""trump_count"": 2, ""off_count"": 2, ""nontrump_double_count"": 3, ""total_double_count"": 3, ""surfaces"": ""dead_asset_release_control|defender_live_same_suit_pair|two_off_same_suit"", ""surface_count"": 3, ""recommendation_score"": 7, ""opponent_matching_double_count"": 0, ""opponent_matching_double_seats"": """", ""partner_matching_double_count"": 0, ""opponent_same_suit_pair_count"": 1, ""opponent_same_suit_pair_seats"": ""0"", ""opponent_pair_protector_count"": 0, ""opponent_pair_protector_seats"": """", ""opponent_dead_double_assets"": 2, ""full_deal"": ""[\""2-0,3-2,4-0,4-1,5-1,6-4,6-6\"", \""3-0,4-2,4-4,5-2,5-4,6-1,6-5\"", \""3-3,4-3,5-0,5-3,5-5,6-0,6-2\"", \""0-0,1-0,1-1,2-1,2-2,3-1,6-3\""]""}]"
155,3,12,dead_asset_release_control|defender_live_double_weapon|defender_live_same_suit_pair|pair_protector_pressure|protected_one_off|three_trump_three_double_one_off|two_off_same_suit,"[{""seed"": 155, ""bidder_seat"": 1, ""partner_seat"": 3, ""decl_id"": 0, ""decl_name"": ""blanks"", ""bidder_hand"": ""0-0,1-1,2-0,4-0,4-1,5-0,5-5"", ""final_off"": ""4-1"", ""trump_count"": 4, ""off_count"": 1, ""nontrump_double_count"": 2, ""total_double_count"": 3, ""surfaces"": ""dead_asset_release_control|defender_live_double_weapon|defender_live_same_suit_pair|pair_protector_pressure|protected_one_off|three_trump_three_double_one_off"", ""surface_count"": 6, ""recommendation_score"": 12, ""opponent_matching_double_count"": 1, ""opponent_matching_double_seats"": ""0"", ""partner_matching_double_count"": 0, ""opponent_same_suit_pair_count"": 1, ""opponent_same_suit_pair_seats"": ""0"", ""opponent_pair_protector_count"": 1, ""opponent_pair_protector_seats"": ""0"", ""opponent_dead_double_assets"": 2, ""full_deal"": ""[\""2-1,2-2,3-1,4-2,4-4,5-4,6-5\"", \""0-0,1-1,2-0,4-0,4-1,5-0,5-5\"", \""1-0,3-0,3-2,6-1,6-2,6-3,6-6\"", \""3-3,4-3,5-1,5-2,5-3,6-0,6-4\""]""}, {""seed"": 155, ""bidder_seat"": 1, ""partner_seat"": 3, ""decl_id"": 4, ""decl_name"": ""fours"", ""bidder_hand"": ""0-0,1-1,2-0,4-0,4-1,5-0,5-5"", ""final_off"": ""2-0"", ""trump_count"": 2, ""off_count"": 2, ""nontrump_double_count"": 3, ""total_double_count"": 3, ""surfaces"": ""dead_asset_release_control|defender_live_double_weapon|defender_live_same_suit_pair|two_off_same_suit"", ""surface_count"": 4, ""recommendation_score"": 9, ""opponent_matching_double_count"": 1, ""opponent_matching_double_seats"": ""0"", ""partner_matching_double_count"": 0, ""opponent_same_suit_pair_count"": 2, ""opponent_same_suit_pair_seats"": ""0|2"", ""opponent_pair_protector_count"": 0, ""opponent_pair_protector_seats"": """", ""opponent_dead_double_assets"": 1, ""full_deal"": ""[\""2-1,2-2,3-1,4-2,4-4,5-4,6-5\"", \""0-0,1-1,2-0,4-0,4-1,5-0,5-5\"", \""1-0,3-0,3-2,6-1,6-2,6-3,6-6\"", \""3-3,4-3,5-1,5-2,5-3,6-0,6-4\""]""}, {""seed"": 155, ""bidder_seat"": 1, ""partner_seat"": 3, ""decl_id"": 4, ""decl_name"": ""fours"", ""bidder_hand"": ""0-0,1-1,2-0,4-0,4-1,5-0,5-5"", ""final_off"": ""5-0"", ""trump_count"": 2, ""off_count"": 2, ""nontrump_double_count"": 3, ""total_double_count"": 3, ""surfaces"": ""dead_asset_release_control|defender_live_same_suit_pair|two_off_same_suit"", ""surface_count"": 3, ""recommendation_score"": 7, ""opponent_matching_double_count"": 0, ""opponent_matching_double_seats"": """", ""partner_matching_double_count"": 0, ""opponent_same_suit_pair_count"": 1, ""opponent_same_suit_pair_seats"": ""2"", ""opponent_pair_protector_count"": 0, ""opponent_pair_protector_seats"": """", ""opponent_dead_double_assets"": 2, ""full_deal"": ""[\""2-1,2-2,3-1,4-2,4-4,5-4,6-5\"", \""0-0,1-1,2-0,4-0,4-1,5-0,5-5\"", \""1-0,3-0,3-2,6-1,6-2,6-3,6-6\"", \""3-3,4-3,5-1,5-2,5-3,6-0,6-4\""]""}]"
157,1,12,dead_asset_release_control|defender_live_double_weapon|defender_live_same_suit_pair|pair_protector_pressure|protected_one_off,"[{""seed"": 157, ""bidder_seat"": 0, ""partner_seat"": 2, ""decl_id"": 5, ""decl_name"": ""fives"", ""bidder_hand"": ""4-3,4-4,5-1,5-2,5-3,6-5,6-6"", ""final_off"": ""4-3"", ""trump_count"": 4, ""off_count"": 1, ""nontrump_double_count"": 2, ""total_double_count"": 2, ""surfaces"": ""dead_asset_release_control|defender_live_double_weapon|defender_live_same_suit_pair|pair_protector_pressure|protected_one_off"", ""surface_count"": 5, ""recommendation_score"": 12, ""opponent_matching_double_count"": 1, ""opponent_matching_double_seats"": ""1"", ""partner_matching_double_count"": 0, ""opponent_same_suit_pair_count"": 1, ""opponent_same_suit_pair_seats"": ""1"", ""opponent_pair_protector_count"": 1, ""opponent_pair_protector_seats"": ""1"", ""opponent_dead_double_assets"": 2, ""full_deal"": ""[\""4-3,4-4,5-1,5-2,5-3,6-5,6-6\"", \""1-0,3-0,3-2,3-3,4-2,5-5,6-1\"", \""1-1,2-0,2-1,4-0,6-0,6-3,6-4\"", \""0-0,2-2,3-1,4-1,5-0,5-4,6-2\""]""}]"
160,9,12,dead_asset_release_control|defender_live_double_weapon|defender_live_same_suit_pair|pair_protector_pressure|straight_one_off|three_trump_three_double_one_off|two_off_same_suit,"[{""seed"": 160, ""bidder_seat"": 0, ""partner_seat"": 2, ""decl_id"": 3, ""decl_name"": ""threes"", ""bidder_hand"": ""1-1,3-1,3-2,3-3,5-5,6-0,6-3"", ""final_off"": ""6-0"", ""trump_count"": 4, ""off_count"": 1, ""nontrump_double_count"": 2, ""total_double_count"": 3, ""surfaces"": ""dead_asset_release_control|defender_live_double_weapon|defender_live_same_suit_pair|pair_protector_pressure|straight_one_off|three_trump_three_double_one_off"", ""surface_count"": 6, ""recommendation_score"": 12, ""opponent_matching_double_count"": 1, ""opponent_matching_double_seats"": ""1"", ""partner_matching_double_count"": 1, ""opponent_same_suit_pair_count"": 2, ""opponent_same_suit_pair_seats"": ""1|3"", ""opponent_pair_protector_count"": 1, ""opponent_pair_protector_seats"": ""1"", ""opponent_dead_double_assets"": 2, ""full_deal"": ""[\""1-1,3-1,3-2,3-3,5-5,6-0,6-3\"", \""1-0,2-1,4-4,6-1,6-2,6-4,6-6\"", \""0-0,3-0,4-3,5-0,5-2,5-4,6-5\"", \""2-0,2-2,4-0,4-1,4-2,5-1,5-3\""]""}, {""seed"": 160, ""bidder_seat"": 0, ""partner_seat"": 2, ""decl_id"": 6, ""decl_name"": ""sixes"", ""bidder_hand"": ""1-1,3-1,3-2,3-3,5-5,6-0,6-3"", ""final_off"": ""3-2"", ""trump_count"": 2, ""off_count"": 2, ""nontrump_double_count"": 3, ""total_double_count"": 3, ""surfaces"": ""dead_asset_release_control|defender_live_double_weapon|defender_live_same_suit_pair|pair_protector_pressure|two_off_same_suit"", ""surface_count"": 5, ""recommendation_score"": 11, ""opponent_matching_double_count"": 1, ""opponent_matching_double_seats"": ""3"", ""partner_matching_double_count"": 0, ""opponent_same_suit_pair_count"": 1, ""opponent_same_suit_pair_seats"": ""3"", ""opponent_pair_protector_count"": 1, ""opponent_pair_protector_seats"": ""3"", ""opponent_dead_double_assets"": 1, ""full_deal"": ""[\""1-1,3-1,3-2,3-3,5-5,6-0,6-3\"", \""1-0,2-1,4-4,6-1,6-2,6-4,6-6\"", \""0-0,3-0,4-3,5-0,5-2,5-4,6-5\"", \""2-0,2-2,4-0,4-1,4-2,5-1,5-3\""]""}, {""seed"": 160, ""bidder_seat"": 1, ""partner_seat"": 3, ""decl_id"": 6, ""decl_name"": ""sixes"", ""bidder_hand"": ""1-0,2-1,4-4,6-1,6-2,6-4,6-6"", ""final_off"": ""1-0"", ""trump_count"": 4, ""off_count"": 2, ""nontrump_double_count"": 1, ""total_double_count"": 2, ""surfaces"": ""dead_asset_release_control|defender_live_double_weapon|defender_live_same_suit_pair|pair_protector_pressure|two_off_same_suit"", ""surface_count"": 5, ""recommendation_score"": 11, ""opponent_matching_double_count"": 2, ""opponent_matching_double_seats"": ""0|2"", ""partner_matching_double_count"": 0, ""opponent_same_suit_pair_count"": 2, ""opponent_same_suit_pair_seats"": ""0|2"", ""opponent_pair_protector_count"": 1, ""opponent_pair_protector_seats"": ""2"", ""opponent_dead_double_assets"": 2, ""full_deal"": ""[\""1-1,3-1,3-2,3-3,5-5,6-0,6-3\"", \""1-0,2-1,4-4,6-1,6-2,6-4,6-6\"", \""0-0,3-0,4-3,5-0,5-2,5-4,6-5\"", \""2-0,2-2,4-0,4-1,4-2,5-1,5-3\""]""}, {""seed"": 160, ""bidder_seat"": 2, ""partner_seat"": 0, ""decl_id"": 5, ""decl_name"": ""fives"", ""bidder_hand"": ""0-0,3-0,4-3,5-0,5-2,5-4,6-5"", ""final_off"": ""4-3"", ""trump_count"": 4, ""off_count"": 2, ""nontrump_double_count"": 1, ""total_double_count"": 1, ""surfaces"": ""dead_asset_release_control|defender_live_double_weapon|defender_live_same_suit_pair|pair_protector_pressure|two_off_same_suit"", ""surface_count"": 5, ""recommendation_score"": 11, ""opponent_matching_double_count"": 1, ""opponent_matching_double_seats"": ""1"", ""partner_matching_double_count"": 1, ""opponent_same_suit_pair_count"": 2, ""opponent_same_suit_pair_seats"": ""1|3"", ""opponent_pair_protector_count"": 1, ""opponent_pair_protector_seats"": ""3"", ""opponent_dead_double_assets"": 2, ""full_deal"": ""[\""1-1,3-1,3-2,3-3,5-5,6-0,6-3\"", \""1-0,2-1,4-4,6-1,6-2,6-4,6-6\"", \""0-0,3-0,4-3,5-0,5-2,5-4,6-5\"", \""2-0,2-2,4-0,4-1,4-2,5-1,5-3\""]""}, {""seed"": 160, ""bidder_seat"": 1, ""partner_seat"": 3, ""decl_id"": 6, ""decl_name"": ""sixes"", ""bidder_hand"": ""1-0,2-1,4-4,6-1,6-2,6-4,6-6"", ""final_off"": ""2-1"", ""trump_count"": 4, ""off_count"": 2, ""nontrump_double_count"": 1, ""total_double_count"": 2, ""surfaces"": ""dead_asset_release_control|defender_live_double_weapon|defender_live_same_suit_pair|two_off_same_suit"", ""surface_count"": 4, ""recommendation_score"": 9, ""opponent_matching_double_count"": 1, ""opponent_matching_double_seats"": ""0"", ""partner_matching_double_count"": 1, ""opponent_same_suit_pair_count"": 1, ""opponent_same_suit_pair_seats"": ""0"", ""opponent_pair_protector_count"": 0, ""opponent_pair_protector_seats"": """", ""opponent_dead_double_assets"": 3, ""full_deal"": ""[\""1-1,3-1,3-2,3-3,5-5,6-0,6-3\"", \""1-0,2-1,4-4,6-1,6-2,6-4,6-6\"", \""0-0,3-0,4-3,5-0,5-2,5-4,6-5\"", \""2-0,2-2,4-0,4-1,4-2,5-1,5-3\""]""}]"
164,8,12,dead_asset_release_control|defender_live_double_weapon|defender_live_same_suit_pair|pair_protector_pressure|protected_one_off|straight_one_off|two_off_same_suit,"[{""seed"": 164, ""bidder_seat"": 2, ""partner_seat"": 0, ""decl_id"": 4, ""decl_name"": ""fours"", ""bidder_hand"": ""0-0,1-1,4-2,4-3,5-2,5-5,6-6"", ""final_off"": ""5-2"", ""trump_count"": 2, ""off_count"": 1, ""nontrump_double_count"": 4, ""total_double_count"": 4, ""surfaces"": ""dead_asset_release_control|defender_live_double_weapon|defender_live_same_suit_pair|pair_protector_pressure|protected_one_off"", ""surface_count"": 5, ""recommendation_score"": 12, ""opponent_matching_double_count"": 1, ""opponent_matching_double_seats"": ""1"", ""partner_matching_double_count"": 0, ""opponent_same_suit_pair_count"": 2, ""opponent_same_suit_pair_seats"": ""1|3"", ""opponent_pair_protector_count"": 1, ""opponent_pair_protector_seats"": ""3"", ""opponent_dead_double_assets"": 1, ""full_deal"": ""[\""3-0,3-1,4-0,4-1,5-1,6-1,6-3\"", \""1-0,2-1,2-2,5-3,6-0,6-4,6-5\"", \""0-0,1-1,4-2,4-3,5-2,5-5,6-6\"", \""2-0,3-2,3-3,4-4,5-0,5-4,6-2\""]""}, {""seed"": 164, ""bidder_seat"": 2, ""partner_seat"": 0, ""decl_id"": 5, ""decl_name"": ""fives"", ""bidder_hand"": ""0-0,1-1,4-2,4-3,5-2,5-5,6-6"", ""final_off"": ""4-2"", ""trump_count"": 2, ""off_count"": 2, ""nontrump_double_count"": 3, ""total_double_count"": 4, ""surfaces"": ""dead_asset_release_control|defender_live_double_weapon|defender_live_same_suit_pair|pair_protector_pressure|two_off_same_suit"", ""surface_count"": 5, ""recommendation_score"": 11, ""opponent_matching_double_count"": 2, ""opponent_matching_double_seats"": ""1|3"", ""partner_matching_double_count"": 0, ""opponent_same_suit_pair_count"": 2, ""opponent_same_suit_pair_seats"": ""1|3"", ""opponent_pair_protector_count"": 1, ""opponent_pair_protector_seats"": ""3"", ""opponent_dead_double_assets"": 1, ""full_deal"": ""[\""3-0,3-1,4-0,4-1,5-1,6-1,6-3\"", \""1-0,2-1,2-2,5-3,6-0,6-4,6-5\"", \""0-0,1-1,4-2,4-3,5-2,5-5,6-6\"", \""2-0,3-2,3-3,4-4,5-0,5-4,6-2\""]""}, {""seed"": 164, ""bidder_seat"": 2, ""partner_seat"": 0, ""decl_id"": 2, ""decl_name"": ""twos"", ""bidder_hand"": ""0-0,1-1,4-2,4-3,5-2,5-5,6-6"", ""final_off"": ""4-3"", ""trump_count"": 2, ""off_count"": 1, ""nontrump_double_count"": 4, ""total_double_count"": 4, ""surfaces"": ""defender_live_double_weapon|defender_live_same_suit_pair|straight_one_off"", ""surface_count"": 3, ""recommendation_score"": 9, ""opponent_matching_double_count"": 1, ""opponent_matching_double_seats"": ""3"", ""partner_matching_double_count"": 0, ""opponent_same_suit_pair_count"": 1, ""opponent_same_suit_pair_seats"": ""3"", ""opponent_pair_protector_count"": 0, ""opponent_pair_protector_seats"": """", ""opponent_dead_double_assets"": 0, ""full_deal"": ""[\""3-0,3-1,4-0,4-1,5-1,6-1,6-3\"", \""1-0,2-1,2-2,5-3,6-0,6-4,6-5\"", \""0-0,1-1,4-2,4-3,5-2,5-5,6-6\"", \""2-0,3-2,3-3,4-4,5-0,5-4,6-2\""]""}, {""seed"": 164, ""bidder_seat"": 2, ""partner_seat"": 0, ""decl_id"": 3, ""decl_name"": ""threes"", ""bidder_hand"": ""0-0,1-1,4-2,4-3,5-2,5-5,6-6"", ""final_off"": ""5-2"", ""trump_count"": 1, ""off_count"": 2, ""nontrump_double_count"": 4, ""total_double_count"": 4, ""surfaces"": ""dead_asset_release_control|defender_live_double_weapon|defender_live_same_suit_pair|two_off_same_suit"", ""surface_count"": 4, ""recommendation_score"": 9, ""opponent_matching_double_count"": 1, ""opponent_matching_double_seats"": ""1"", ""partner_matching_double_count"": 0, ""opponent_same_suit_pair_count"": 2, ""opponent_same_suit_pair_seats"": ""1|3"", ""opponent_pair_protector_count"": 0, ""opponent_pair_protector_seats"": """", ""opponent_dead_double_assets"": 1, ""full_deal"": ""[\""3-0,3-1,4-0,4-1,5-1,6-1,6-3\"", \""1-0,2-1,2-2,5-3,6-0,6-4,6-5\"", \""0-0,1-1,4-2,4-3,5-2,5-5,6-6\"", \""2-0,3-2,3-3,4-4,5-0,5-4,6-2\""]""}, {""seed"": 164, ""bidder_seat"": 2, ""partner_seat"": 0, ""decl_id"": 5, ""decl_name"": ""fives"", ""bidder_hand"": ""0-0,1-1,4-2,4-3,5-2,5-5,6-6"", ""final_off"": ""4-3"", ""trump_count"": 2, ""off_count"": 2, ""nontrump_double_count"": 3, ""total_double_count"": 4, ""surfaces"": ""dead_asset_release_control|defender_live_double_weapon|defender_live_same_suit_pair|two_off_same_suit"", ""surface_count"": 4, ""recommendation_score"": 9, ""opponent_matching_double_count"": 1, ""opponent_matching_double_seats"": ""3"", ""partner_matching_double_count"": 0, ""opponent_same_suit_pair_count"": 1, ""opponent_same_suit_pair_seats"": ""3"", ""opponent_pair_protector_count"": 0, ""opponent_pair_protector_seats"": """", ""opponent_dead_double_assets"": 1, ""full_deal"": ""[\""3-0,3-1,4-0,4-1,5-1,6-1,6-3\"", \""1-0,2-1,2-2,5-3,6-0,6-4,6-5\"", \""0-0,1-1,4-2,4-3,5-2,5-5,6-6\"", \""2-0,3-2,3-3,4-4,5-0,5-4,6-2\""]""}]"
171,7,12,dead_asset_release_control|defender_live_double_weapon|defender_live_same_suit_pair|pair_protector_pressure|protected_one_off|three_trump_three_double_one_off|two_off_same_suit,"[{""seed"": 171, ""bidder_seat"": 2, ""partner_seat"": 0, ""decl_id"": 4, ""decl_name"": ""fours"", ""bidder_hand"": ""1-1,2-2,3-3,4-0,4-4,5-4,6-3"", ""final_off"": ""6-3"", ""trump_count"": 3, ""off_count"": 1, ""nontrump_double_count"": 3, ""total_double_count"": 4, ""surfaces"": ""dead_asset_release_control|defender_live_double_weapon|defender_live_same_suit_pair|pair_protector_pressure|protected_one_off|three_trump_three_double_one_off"", ""surface_count"": 6, ""recommendation_score"": 12, ""opponent_matching_double_count"": 1, ""opponent_matching_double_seats"": ""3"", ""partner_matching_double_count"": 0, ""opponent_same_suit_pair_count"": 1, ""opponent_same_suit_pair_seats"": ""1"", ""opponent_pair_protector_count"": 1, ""opponent_pair_protector_seats"": ""1"", ""opponent_dead_double_assets"": 1, ""full_deal"": ""[\""0-0,1-0,2-1,3-0,3-1,5-0,5-1\"", \""3-2,4-1,5-5,6-0,6-1,6-2,6-5\"", \""1-1,2-2,3-3,4-0,4-4,5-4,6-3\"", \""2-0,4-2,4-3,5-2,5-3,6-4,6-6\""]""}, {""seed"": 171, ""bidder_seat"": 0, ""partner_seat"": 2, ""decl_id"": 1, ""decl_name"": ""ones"", ""bidder_hand"": ""0-0,1-0,2-1,3-0,3-1,5-0,5-1"", ""final_off"": ""5-0"", ""trump_count"": 4, ""off_count"": 2, ""nontrump_double_count"": 1, ""total_double_count"": 1, ""surfaces"": ""dead_asset_release_control|defender_live_double_weapon|defender_live_same_suit_pair|two_off_same_suit"", ""surface_count"": 4, ""recommendation_score"": 9, ""opponent_matching_double_count"": 1, ""opponent_matching_double_seats"": ""1"", ""partner_matching_double_count"": 0, ""opponent_same_suit_pair_count"": 2, ""opponent_same_suit_pair_seats"": ""1|3"", ""opponent_pair_protector_count"": 0, ""opponent_pair_protector_seats"": """", ""opponent_dead_double_assets"": 1, ""full_deal"": ""[\""0-0,1-0,2-1,3-0,3-1,5-0,5-1\"", \""3-2,4-1,5-5,6-0,6-1,6-2,6-5\"", \""1-1,2-2,3-3,4-0,4-4,5-4,6-3\"", \""2-0,4-2,4-3,5-2,5-3,6-4,6-6\""]""}, {""seed"": 171, ""bidder_seat"": 2, ""partner_seat"": 0, ""decl_id"": 3, ""decl_name"": ""threes"", ""bidder_hand"": ""1-1,2-2,3-3,4-0,4-4,5-4,6-3"", ""final_off"": ""5-4"", ""trump_count"": 2, ""off_count"": 2, ""nontrump_double_count"": 3, ""total_double_count"": 4, ""surfaces"": ""dead_asset_release_control|defender_live_double_weapon|defender_live_same_suit_pair|two_off_same_suit"", ""surface_count"": 4, ""recommendation_score"": 9, ""opponent_matching_double_count"": 1, ""opponent_matching_double_seats"": ""1"", ""partner_matching_double_count"": 0, ""opponent_same_suit_pair_count"": 2, ""opponent_same_suit_pair_seats"": ""1|3"", ""opponent_pair_protector_count"": 0, ""opponent_pair_protector_seats"": """", ""opponent_dead_double_assets"": 1, ""full_deal"": ""[\""0-0,1-0,2-1,3-0,3-1,5-0,5-1\"", \""3-2,4-1,5-5,6-0,6-1,6-2,6-5\"", \""1-1,2-2,3-3,4-0,4-4,5-4,6-3\"", \""2-0,4-2,4-3,5-2,5-3,6-4,6-6\""]""}, {""seed"": 171, ""bidder_seat"": 2, ""partner_seat"": 0, ""decl_id"": 6, ""decl_name"": ""sixes"", ""bidder_hand"": ""1-1,2-2,3-3,4-0,4-4,5-4,6-3"", ""final_off"": ""5-4"", ""trump_count"": 1, ""off_count"": 2, ""nontrump_double_count"": 4, ""total_double_count"": 4, ""surfaces"": ""defender_live_double_weapon|defender_live_same_suit_pair|two_off_same_suit"", ""surface_count"": 3, ""recommendation_score"": 8, ""opponent_matching_double_count"": 1, ""opponent_matching_double_seats"": ""1"", ""partner_matching_double_count"": 0, ""opponent_same_suit_pair_count"": 1, ""opponent_same_suit_pair_seats"": ""3"", ""opponent_pair_protector_count"": 0, ""opponent_pair_protector_seats"": """", ""opponent_dead_double_assets"": 0, ""full_deal"": ""[\""0-0,1-0,2-1,3-0,3-1,5-0,5-1\"", \""3-2,4-1,5-5,6-0,6-1,6-2,6-5\"", \""1-1,2-2,3-3,4-0,4-4,5-4,6-3\"", \""2-0,4-2,4-3,5-2,5-3,6-4,6-6\""]""}, {""seed"": 171, ""bidder_seat"": 0, ""partner_seat"": 2, ""decl_id"": 1, ""decl_name"": ""ones"", ""bidder_hand"": ""0-0,1-0,2-1,3-0,3-1,5-0,5-1"", ""final_off"": ""3-0"", ""trump_count"": 4, ""off_count"": 2, ""nontrump_double_count"": 1, ""total_double_count"": 1, ""surfaces"": ""dead_asset_release_control|defender_live_same_suit_pair|two_off_same_suit"", ""surface_count"": 3, ""recommendation_score"": 7, ""opponent_matching_double_count"": 0, ""opponent_matching_double_seats"": """", ""partner_matching_double_count"": 1, ""opponent_same_suit_pair_count"": 1, ""opponent_same_suit_pair_seats"": ""3"", ""opponent_pair_protector_count"": 0, ""opponent_pair_protector_seats"": """", ""opponent_dead_double_assets"": 2, ""full_deal"": ""[\""0-0,1-0,2-1,3-0,3-1,5-0,5-1\"", \""3-2,4-1,5-5,6-0,6-1,6-2,6-5\"", \""1-1,2-2,3-3,4-0,4-4,5-4,6-3\"", \""2-0,4-2,4-3,5-2,5-3,6-4,6-6\""]""}]"
191,5,12,dead_asset_release_control|defender_live_double_weapon|defender_live_same_suit_pair|pair_protector_pressure|protected_one_off|three_trump_three_double_one_off|two_off_same_suit,"[{""seed"": 191, ""bidder_seat"": 0, ""partner_seat"": 2, ""decl_id"": 4, ""decl_name"": ""fours"", ""bidder_hand"": ""1-1,3-2,3-3,4-0,4-1,4-4,5-4"", ""final_off"": ""3-2"", ""trump_count"": 4, ""off_count"": 1, ""nontrump_double_count"": 2, ""total_double_count"": 3, ""surfaces"": ""dead_asset_release_control|defender_live_double_weapon|defender_live_same_suit_pair|pair_protector_pressure|protected_one_off|three_trump_three_double_one_off"", ""surface_count"": 6, ""recommendation_score"": 12, ""opponent_matching_double_count"": 1, ""opponent_matching_double_seats"": ""1"", ""partner_matching_double_count"": 0, ""opponent_same_suit_pair_count"": 1, ""opponent_same_suit_pair_seats"": ""3"", ""opponent_pair_protector_count"": 1, ""opponent_pair_protector_seats"": ""3"", ""opponent_dead_double_assets"": 2, ""full_deal"": ""[\""1-1,3-2,3-3,4-0,4-1,4-4,5-4\"", \""0-0,2-2,3-0,4-3,6-0,6-1,6-6\"", \""1-0,2-0,3-1,4-2,5-0,5-3,5-5\"", \""2-1,5-1,5-2,6-2,6-3,6-4,6-5\""]""}, {""seed"": 191, ""bidder_seat"": 1, ""partner_seat"": 3, ""decl_id"": 6, ""decl_name"": ""sixes"", ""bidder_hand"": ""0-0,2-2,3-0,4-3,6-0,6-1,6-6"", ""final_off"": ""3-0"", ""trump_count"": 3, ""off_count"": 2, ""nontrump_double_count"": 2, ""total_double_count"": 3, ""surfaces"": ""dead_asset_release_control|defender_live_double_weapon|defender_live_same_suit_pair|pair_protector_pressure|two_off_same_suit"", ""surface_count"": 5, ""recommendation_score"": 11, ""opponent_matching_double_count"": 1, ""opponent_matching_double_seats"": ""0"", ""partner_matching_double_count"": 0, ""opponent_same_suit_pair_count"": 2, ""opponent_same_suit_pair_seats"": ""0|2"", ""opponent_pair_protector_count"": 1, ""opponent_pair_protector_seats"": ""2"", ""opponent_dead_double_assets"": 3, ""full_deal"": ""[\""1-1,3-2,3-3,4-0,4-1,4-4,5-4\"", \""0-0,2-2,3-0,4-3,6-0,6-1,6-6\"", \""1-0,2-0,3-1,4-2,5-0,5-3,5-5\"", \""2-1,5-1,5-2,6-2,6-3,6-4,6-5\""]""}, {""seed"": 191, ""bidder_seat"": 1, ""partner_seat"": 3, ""decl_id"": 6, ""decl_name"": ""sixes"", ""bidder_hand"": ""0-0,2-2,3-0,4-3,6-0,6-1,6-6"", ""final_off"": ""4-3"", ""trump_count"": 3, ""off_count"": 2, ""nontrump_double_count"": 2, ""total_double_count"": 3, ""surfaces"": ""dead_asset_release_control|defender_live_double_weapon|defender_live_same_suit_pair|pair_protector_pressure|two_off_same_suit"", ""surface_count"": 5, ""recommendation_score"": 11, ""opponent_matching_double_count"": 1, ""opponent_matching_double_seats"": ""0"", ""partner_matching_double_count"": 0, ""opponent_same_suit_pair_count"": 2, ""opponent_same_suit_pair_seats"": ""0|2"", ""opponent_pair_protector_count"": 1, ""opponent_pair_protector_seats"": ""0"", ""opponent_dead_double_assets"": 2, ""full_deal"": ""[\""1-1,3-2,3-3,4-0,4-1,4-4,5-4\"", \""0-0,2-2,3-0,4-3,6-0,6-1,6-6\"", \""1-0,2-0,3-1,4-2,5-0,5-3,5-5\"", \""2-1,5-1,5-2,6-2,6-3,6-4,6-5\""]""}, {""seed"": 191, ""bidder_seat"": 1, ""partner_seat"": 3, ""decl_id"": 3, ""decl_name"": ""threes"", ""bidder_hand"": ""0-0,2-2,3-0,4-3,6-0,6-1,6-6"", ""final_off"": ""6-0"", ""trump_count"": 2, ""off_count"": 2, ""nontrump_double_count"": 3, ""total_double_count"": 3, ""surfaces"": ""dead_asset_release_control|defender_live_same_suit_pair|pair_protector_pressure|two_off_same_suit"", ""surface_count"": 4, ""recommendation_score"": 9, ""opponent_matching_double_count"": 0, ""opponent_matching_double_seats"": """", ""partner_matching_double_count"": 0, ""opponent_same_suit_pair_count"": 1, ""opponent_same_suit_pair_seats"": ""2"", ""opponent_pair_protector_count"": 1, ""opponent_pair_protector_seats"": ""2"", ""opponent_dead_double_assets"": 3, ""full_deal"": ""[\""1-1,3-2,3-3,4-0,4-1,4-4,5-4\"", \""0-0,2-2,3-0,4-3,6-0,6-1,6-6\"", \""1-0,2-0,3-1,4-2,5-0,5-3,5-5\"", \""2-1,5-1,5-2,6-2,6-3,6-4,6-5\""]""}, {""seed"": 191, ""bidder_seat"": 1, ""partner_seat"": 3, ""decl_id"": 3, ""decl_name"": ""threes"", ""bidder_hand"": ""0-0,2-2,3-0,4-3,6-0,6-1,6-6"", ""final_off"": ""6-1"", ""trump_count"": 2, ""off_count"": 2, ""nontrump_double_count"": 3, ""total_double_count"": 3, ""surfaces"": ""dead_asset_release_control|defender_live_double_weapon|defender_live_same_suit_pair|two_off_same_suit"", ""surface_count"": 4, ""recommendation_score"": 9, ""opponent_matching_double_count"": 1, ""opponent_matching_double_seats"": ""0"", ""partner_matching_double_count"": 0, ""opponent_same_suit_pair_count"": 1, ""opponent_same_suit_pair_seats"": ""0"", ""opponent_pair_protector_count"": 0, ""opponent_pair_protector_seats"": """", ""opponent_dead_double_assets"": 2, ""full_deal"": ""[\""1-1,3-2,3-3,4-0,4-1,4-4,5-4\"", \""0-0,2-2,3-0,4-3,6-0,6-1,6-6\"", \""1-0,2-0,3-1,4-2,5-0,5-3,5-5\"", \""2-1,5-1,5-2,6-2,6-3,6-4,6-5\""]""}]"
192,3,12,dead_asset_release_control|defender_live_double_weapon|defender_live_same_suit_pair|pair_protector_pressure|straight_one_off|three_trump_three_double_one_off|two_off_same_suit,"[{""seed"": 192, ""bidder_seat"": 3, ""partner_seat"": 1, ""decl_id"": 4, ""decl_name"": ""fours"", ""bidder_hand"": ""1-1,3-3,4-1,4-3,4-4,6-4,6-5"", ""final_off"": ""6-5"", ""trump_count"": 4, ""off_count"": 1, ""nontrump_double_count"": 2, ""total_double_count"": 3, ""surfaces"": ""dead_asset_release_control|defender_live_double_weapon|defender_live_same_suit_pair|pair_protector_pressure|straight_one_off|three_trump_three_double_one_off"", ""surface_count"": 6, ""recommendation_score"": 12, ""opponent_matching_double_count"": 2, ""opponent_matching_double_seats"": ""0|2"", ""partner_matching_double_count"": 0, ""opponent_same_suit_pair_count"": 2, ""opponent_same_suit_pair_seats"": ""0|2"", ""opponent_pair_protector_count"": 1, ""opponent_pair_protector_seats"": ""0"", ""opponent_dead_double_assets"": 2, ""full_deal"": ""[\""0-0,1-0,5-0,5-3,5-5,6-1,6-2\"", \""2-0,2-1,3-0,5-1,5-2,5-4,6-3\"", \""2-2,3-1,3-2,4-0,4-2,6-0,6-6\"", \""1-1,3-3,4-1,4-3,4-4,6-4,6-5\""]""}, {""seed"": 192, ""bidder_seat"": 3, ""partner_seat"": 1, ""decl_id"": 6, ""decl_name"": ""sixes"", ""bidder_hand"": ""1-1,3-3,4-1,4-3,4-4,6-4,6-5"", ""final_off"": ""4-1"", ""trump_count"": 2, ""off_count"": 2, ""nontrump_double_count"": 3, ""total_double_count"": 3, ""surfaces"": ""dead_asset_release_control|defender_live_same_suit_pair|two_off_same_suit"", ""surface_count"": 3, ""recommendation_score"": 7, ""opponent_matching_double_count"": 0, ""opponent_matching_double_seats"": """", ""partner_matching_double_count"": 0, ""opponent_same_suit_pair_count"": 1, ""opponent_same_suit_pair_seats"": ""2"", ""opponent_pair_protector_count"": 0, ""opponent_pair_protector_seats"": """", ""opponent_dead_double_assets"": 3, ""full_deal"": ""[\""0-0,1-0,5-0,5-3,5-5,6-1,6-2\"", \""2-0,2-1,3-0,5-1,5-2,5-4,6-3\"", \""2-2,3-1,3-2,4-0,4-2,6-0,6-6\"", \""1-1,3-3,4-1,4-3,4-4,6-4,6-5\""]""}, {""seed"": 192, ""bidder_seat"": 3, ""partner_seat"": 1, ""decl_id"": 6, ""decl_name"": ""sixes"", ""bidder_hand"": ""1-1,3-3,4-1,4-3,4-4,6-4,6-5"", ""final_off"": ""4-3"", ""trump_count"": 2, ""off_count"": 2, ""nontrump_double_count"": 3, ""total_double_count"": 3, ""surfaces"": ""dead_asset_release_control|defender_live_same_suit_pair|two_off_same_suit"", ""surface_count"": 3, ""recommendation_score"": 7, ""opponent_matching_double_count"": 0, ""opponent_matching_double_seats"": """", ""partner_matching_double_count"": 0, ""opponent_same_suit_pair_count"": 1, ""opponent_same_suit_pair_seats"": ""2"", ""opponent_pair_protector_count"": 0, ""opponent_pair_protector_seats"": """", ""opponent_dead_double_assets"": 3, ""full_deal"": ""[\""0-0,1-0,5-0,5-3,5-5,6-1,6-2\"", \""2-0,2-1,3-0,5-1,5-2,5-4,6-3\"", \""2-2,3-1,3-2,4-0,4-2,6-0,6-6\"", \""1-1,3-3,4-1,4-3,4-4,6-4,6-5\""]""}]"
202,5,12,dead_asset_release_control|defender_live_double_weapon|defender_live_same_suit_pair|pair_protector_pressure|protected_one_off|three_trump_three_double_one_off|two_off_same_suit,"[{""seed"": 202, ""bidder_seat"": 0, ""partner_seat"": 2, ""decl_id"": 6, ""decl_name"": ""sixes"", ""bidder_hand"": ""0-0,1-1,2-1,3-3,6-0,6-4,6-6"", ""final_off"": ""2-1"", ""trump_count"": 3, ""off_count"": 1, ""nontrump_double_count"": 3, ""total_double_count"": 4, ""surfaces"": ""dead_asset_release_control|defender_live_double_weapon|defender_live_same_suit_pair|pair_protector_pressure|protected_one_off|three_trump_three_double_one_off"", ""surface_count"": 6, ""recommendation_score"": 12, ""opponent_matching_double_count"": 1, ""opponent_matching_double_seats"": ""1"", ""partner_matching_double_count"": 0, ""opponent_same_suit_pair_count"": 1, ""opponent_same_suit_pair_seats"": ""1"", ""opponent_pair_protector_count"": 1, ""opponent_pair_protector_seats"": ""1"", ""opponent_dead_double_assets"": 1, ""full_deal"": ""[\""0-0,1-1,2-1,3-3,6-0,6-4,6-6\"", \""2-0,2-2,3-1,3-2,4-0,4-1,5-3\"", \""1-0,4-4,5-1,5-2,5-4,6-2,6-5\"", \""3-0,4-2,4-3,5-0,5-5,6-1,6-3\""]""}, {""seed"": 202, ""bidder_seat"": 0, ""partner_seat"": 2, ""decl_id"": 1, ""decl_name"": ""ones"", ""bidder_hand"": ""0-0,1-1,2-1,3-3,6-0,6-4,6-6"", ""final_off"": ""6-0"", ""trump_count"": 2, ""off_count"": 2, ""nontrump_double_count"": 3, ""total_double_count"": 4, ""surfaces"": ""dead_asset_release_control|defender_live_same_suit_pair|two_off_same_suit"", ""surface_count"": 3, ""recommendation_score"": 7, ""opponent_matching_double_count"": 0, ""opponent_matching_double_seats"": """", ""partner_matching_double_count"": 0, ""opponent_same_suit_pair_count"": 2, ""opponent_same_suit_pair_seats"": ""1|3"", ""opponent_pair_protector_count"": 0, ""opponent_pair_protector_seats"": """", ""opponent_dead_double_assets"": 2, ""full_deal"": ""[\""0-0,1-1,2-1,3-3,6-0,6-4,6-6\"", \""2-0,2-2,3-1,3-2,4-0,4-1,5-3\"", \""1-0,4-4,5-1,5-2,5-4,6-2,6-5\"", \""3-0,4-2,4-3,5-0,5-5,6-1,6-3\""]""}, {""seed"": 202, ""bidder_seat"": 0, ""partner_seat"": 2, ""decl_id"": 1, ""decl_name"": ""ones"", ""bidder_hand"": ""0-0,1-1,2-1,3-3,6-0,6-4,6-6"", ""final_off"": ""6-4"", ""trump_count"": 2, ""off_count"": 2, ""nontrump_double_count"": 3, ""total_double_count"": 4, ""surfaces"": ""dead_asset_release_control|defender_live_same_suit_pair|two_off_same_suit"", ""surface_count"": 3, ""recommendation_score"": 7, ""opponent_matching_double_count"": 0, ""opponent_matching_double_seats"": """", ""partner_matching_double_count"": 1, ""opponent_same_suit_pair_count"": 1, ""opponent_same_suit_pair_seats"": ""3"", ""opponent_pair_protector_count"": 0, ""opponent_pair_protector_seats"": """", ""opponent_dead_double_assets"": 2, ""full_deal"": ""[\""0-0,1-1,2-1,3-3,6-0,6-4,6-6\"", \""2-0,2-2,3-1,3-2,4-0,4-1,5-3\"", \""1-0,4-4,5-1,5-2,5-4,6-2,6-5\"", \""3-0,4-2,4-3,5-0,5-5,6-1,6-3\""]""}, {""seed"": 202, ""bidder_seat"": 0, ""partner_seat"": 2, ""decl_id"": 2, ""decl_name"": ""twos"", ""bidder_hand"": ""0-0,1-1,2-1,3-3,6-0,6-4,6-6"", ""final_off"": ""6-0"", ""trump_count"": 1, ""off_count"": 2, ""nontrump_double_count"": 4, ""total_double_count"": 4, ""surfaces"": ""dead_asset_release_control|defender_live_same_suit_pair|two_off_same_suit"", ""surface_count"": 3, ""recommendation_score"": 7, ""opponent_matching_double_count"": 0, ""opponent_matching_double_seats"": """", ""partner_matching_double_count"": 0, ""opponent_same_suit_pair_count"": 1, ""opponent_same_suit_pair_seats"": ""3"", ""opponent_pair_protector_count"": 0, ""opponent_pair_protector_seats"": """", ""opponent_dead_double_assets"": 1, ""full_deal"": ""[\""0-0,1-1,2-1,3-3,6-0,6-4,6-6\"", \""2-0,2-2,3-1,3-2,4-0,4-1,5-3\"", \""1-0,4-4,5-1,5-2,5-4,6-2,6-5\"", \""3-0,4-2,4-3,5-0,5-5,6-1,6-3\""]""}, {""seed"": 202, ""bidder_seat"": 0, ""partner_seat"": 2, ""decl_id"": 2, ""decl_name"": ""twos"", ""bidder_hand"": ""0-0,1-1,2-1,3-3,6-0,6-4,6-6"", ""final_off"": ""6-4"", ""trump_count"": 1, ""off_count"": 2, ""nontrump_double_count"": 4, ""total_double_count"": 4, ""surfaces"": ""dead_asset_release_control|defender_live_same_suit_pair|two_off_same_suit"", ""surface_count"": 3, ""recommendation_score"": 7, ""opponent_matching_double_count"": 0, ""opponent_matching_double_seats"": """", ""partner_matching_double_count"": 1, ""opponent_same_suit_pair_count"": 2, ""opponent_same_suit_pair_seats"": ""1|3"", ""opponent_pair_protector_count"": 0, ""opponent_pair_protector_seats"": """", ""opponent_dead_double_assets"": 1, ""full_deal"": ""[\""0-0,1-1,2-1,3-3,6-0,6-4,6-6\"", \""2-0,2-2,3-1,3-2,4-0,4-1,5-3\"", \""1-0,4-4,5-1,5-2,5-4,6-2,6-5\"", \""3-0,4-2,4-3,5-0,5-5,6-1,6-3\""]""}]"
206,11,12,dead_asset_release_control|defender_live_double_weapon|defender_live_same_suit_pair|pair_protector_pressure|straight_one_off|three_trump_three_double_one_off|two_off_same_suit,"[{""seed"": 206, ""bidder_seat"": 0, ""partner_seat"": 2, ""decl_id"": 4, ""decl_name"": ""fours"", ""bidder_hand"": ""1-0,4-1,4-3,4-4,5-4,5-5,6-6"", ""final_off"": ""1-0"", ""trump_count"": 4, ""off_count"": 1, ""nontrump_double_count"": 2, ""total_double_count"": 3, ""surfaces"": ""dead_asset_release_control|defender_live_double_weapon|defender_live_same_suit_pair|pair_protector_pressure|straight_one_off|three_trump_three_double_one_off"", ""surface_count"": 6, ""recommendation_score"": 12, ""opponent_matching_double_count"": 1, ""opponent_matching_double_seats"": ""3"", ""partner_matching_double_count"": 0, ""opponent_same_suit_pair_count"": 2, ""opponent_same_suit_pair_seats"": ""1|3"", ""opponent_pair_protector_count"": 2, ""opponent_pair_protector_seats"": ""1|3"", ""opponent_dead_double_assets"": 1, ""full_deal"": ""[\""1-0,4-1,4-3,4-4,5-4,5-5,6-6\"", \""2-0,3-0,4-2,5-0,5-2,6-4,6-5\"", \""2-2,3-2,4-0,5-1,5-3,6-0,6-1\"", \""0-0,1-1,2-1,3-1,3-3,6-2,6-3\""]""}, {""seed"": 206, ""bidder_seat"": 0, ""partner_seat"": 2, ""decl_id"": 1, ""decl_name"": ""ones"", ""bidder_hand"": ""1-0,4-1,4-3,4-4,5-4,5-5,6-6"", ""final_off"": ""4-3"", ""trump_count"": 2, ""off_count"": 2, ""nontrump_double_count"": 3, ""total_double_count"": 3, ""surfaces"": ""dead_asset_release_control|defender_live_double_weapon|defender_live_same_suit_pair|two_off_same_suit"", ""surface_count"": 4, ""recommendation_score"": 9, ""opponent_matching_double_count"": 1, ""opponent_matching_double_seats"": ""3"", ""partner_matching_double_count"": 0, ""opponent_same_suit_pair_count"": 2, ""opponent_same_suit_pair_seats"": ""1|3"", ""opponent_pair_protector_count"": 0, ""opponent_pair_protector_seats"": """", ""opponent_dead_double_assets"": 1, ""full_deal"": ""[\""1-0,4-1,4-3,4-4,5-4,5-5,6-6\"", \""2-0,3-0,4-2,5-0,5-2,6-4,6-5\"", \""2-2,3-2,4-0,5-1,5-3,6-0,6-1\"", \""0-0,1-1,2-1,3-1,3-3,6-2,6-3\""]""}, {""seed"": 206, ""bidder_seat"": 0, ""partner_seat"": 2, ""decl_id"": 1, ""decl_name"": ""ones"", ""bidder_hand"": ""1-0,4-1,4-3,4-4,5-4,5-5,6-6"", ""final_off"": ""5-4"", ""trump_count"": 2, ""off_count"": 2, ""nontrump_double_count"": 3, ""total_double_count"": 3, ""surfaces"": ""dead_asset_release_control|defender_live_same_suit_pair|pair_protector_pressure|two_off_same_suit"", ""surface_count"": 4, ""recommendation_score"": 9, ""opponent_matching_double_count"": 0, ""opponent_matching_double_seats"": """", ""partner_matching_double_count"": 0, ""opponent_same_suit_pair_count"": 1, ""opponent_same_suit_pair_seats"": ""1"", ""opponent_pair_protector_count"": 1, ""opponent_pair_protector_seats"": ""1"", ""opponent_dead_double_assets"": 2, ""full_deal"": ""[\""1-0,4-1,4-3,4-4,5-4,5-5,6-6\"", \""2-0,3-0,4-2,5-0,5-2,6-4,6-5\"", \""2-2,3-2,4-0,5-1,5-3,6-0,6-1\"", \""0-0,1-1,2-1,3-1,3-3,6-2,6-3\""]""}, {""seed"": 206, ""bidder_seat"": 3, ""partner_seat"": 1, ""decl_id"": 1, ""decl_name"": ""ones"", ""bidder_hand"": ""0-0,1-1,2-1,3-1,3-3,6-2,6-3"", ""final_off"": ""6-2"", ""trump_count"": 3, ""off_count"": 2, ""nontrump_double_count"": 2, ""total_double_count"": 3, ""surfaces"": ""dead_asset_release_control|defender_live_double_weapon|defender_live_same_suit_pair|two_off_same_suit"", ""surface_count"": 4, ""recommendation_score"": 9, ""opponent_matching_double_count"": 2, ""opponent_matching_double_seats"": ""0|2"", ""partner_matching_double_count"": 0, ""opponent_same_suit_pair_count"": 1, ""opponent_same_suit_pair_seats"": ""2"", ""opponent_pair_protector_count"": 0, ""opponent_pair_protector_seats"": """", ""opponent_dead_double_assets"": 2, ""full_deal"": ""[\""1-0,4-1,4-3,4-4,5-4,5-5,6-6\"", \""2-0,3-0,4-2,5-0,5-2,6-4,6-5\"", \""2-2,3-2,4-0,5-1,5-3,6-0,6-1\"", \""0-0,1-1,2-1,3-1,3-3,6-2,6-3\""]""}, {""seed"": 206, ""bidder_seat"": 3, ""partner_seat"": 1, ""decl_id"": 1, ""decl_name"": ""ones"", ""bidder_hand"": ""0-0,1-1,2-1,3-1,3-3,6-2,6-3"", ""final_off"": ""6-3"", ""trump_count"": 3, ""off_count"": 2, ""nontrump_double_count"": 2, ""total_double_count"": 3, ""surfaces"": ""dead_asset_release_control|defender_live_double_weapon|defender_live_same_suit_pair|two_off_same_suit"", ""surface_count"": 4, ""recommendation_score"": 9, ""opponent_matching_double_count"": 1, ""opponent_matching_double_seats"": ""0"", ""partner_matching_double_count"": 0, ""opponent_same_suit_pair_count"": 1, ""opponent_same_suit_pair_seats"": ""2"", ""opponent_pair_protector_count"": 0, ""opponent_pair_protector_seats"": """", ""opponent_dead_double_assets"": 3, ""full_deal"": ""[\""1-0,4-1,4-3,4-4,5-4,5-5,6-6\"", \""2-0,3-0,4-2,5-0,5-2,6-4,6-5\"", \""2-2,3-2,4-0,5-1,5-3,6-0,6-1\"", \""0-0,1-1,2-1,3-1,3-3,6-2,6-3\""]""}]"
209,5,12,dead_asset_release_control|defender_live_double_weapon|defender_live_same_suit_pair|pair_protector_pressure|protected_one_off|two_off_same_suit,"[{""seed"": 209, ""bidder_seat"": 3, ""partner_seat"": 1, ""decl_id"": 5, ""decl_name"": ""fives"", ""bidder_hand"": ""0-0,1-1,2-2,3-3,5-2,5-3,6-0"", ""final_off"": ""6-0"", ""trump_count"": 2, ""off_count"": 1, ""nontrump_double_count"": 4, ""total_double_count"": 4, ""surfaces"": ""dead_asset_release_control|defender_live_double_weapon|defender_live_same_suit_pair|pair_protector_pressure|protected_one_off"", ""surface_count"": 5, ""recommendation_score"": 12, ""opponent_matching_double_count"": 1, ""opponent_matching_double_seats"": ""0"", ""partner_matching_double_count"": 0, ""opponent_same_suit_pair_count"": 1, ""opponent_same_suit_pair_seats"": ""0"", ""opponent_pair_protector_count"": 1, ""opponent_pair_protector_seats"": ""0"", ""opponent_dead_double_assets"": 1, ""full_deal"": ""[\""3-2,4-0,4-2,5-0,6-1,6-4,6-6\"", \""1-0,2-0,2-1,3-0,4-3,5-1,6-2\"", \""3-1,4-1,4-4,5-4,5-5,6-3,6-5\"", \""0-0,1-1,2-2,3-3,5-2,5-3,6-0\""]""}, {""seed"": 209, ""bidder_seat"": 3, ""partner_seat"": 1, ""decl_id"": 0, ""decl_name"": ""blanks"", ""bidder_hand"": ""0-0,1-1,2-2,3-3,5-2,5-3,6-0"", ""final_off"": ""5-2"", ""trump_count"": 2, ""off_count"": 2, ""nontrump_double_count"": 3, ""total_double_count"": 4, ""surfaces"": ""dead_asset_release_control|defender_live_double_weapon|defender_live_same_suit_pair|pair_protector_pressure|two_off_same_suit"", ""surface_count"": 5, ""recommendation_score"": 11, ""opponent_matching_double_count"": 1, ""opponent_matching_double_seats"": ""2"", ""partner_matching_double_count"": 0, ""opponent_same_suit_pair_count"": 2, ""opponent_same_suit_pair_seats"": ""0|2"", ""opponent_pair_protector_count"": 1, ""opponent_pair_protector_seats"": ""2"", ""opponent_dead_double_assets"": 2, ""full_deal"": ""[\""3-2,4-0,4-2,5-0,6-1,6-4,6-6\"", \""1-0,2-0,2-1,3-0,4-3,5-1,6-2\"", \""3-1,4-1,4-4,5-4,5-5,6-3,6-5\"", \""0-0,1-1,2-2,3-3,5-2,5-3,6-0\""]""}, {""seed"": 209, ""bidder_seat"": 3, ""partner_seat"": 1, ""decl_id"": 0, ""decl_name"": ""blanks"", ""bidder_hand"": ""0-0,1-1,2-2,3-3,5-2,5-3,6-0"", ""final_off"": ""5-3"", ""trump_count"": 2, ""off_count"": 2, ""nontrump_double_count"": 3, ""total_double_count"": 4, ""surfaces"": ""dead_asset_release_control|defender_live_double_weapon|defender_live_same_suit_pair|pair_protector_pressure|two_off_same_suit"", ""surface_count"": 5, ""recommendation_score"": 11, ""opponent_matching_double_count"": 1, ""opponent_matching_double_seats"": ""2"", ""partner_matching_double_count"": 0, ""opponent_same_suit_pair_count"": 1, ""opponent_same_suit_pair_seats"": ""2"", ""opponent_pair_protector_count"": 1, ""opponent_pair_protector_seats"": ""2"", ""opponent_dead_double_assets"": 2, ""full_deal"": ""[\""3-2,4-0,4-2,5-0,6-1,6-4,6-6\"", \""1-0,2-0,2-1,3-0,4-3,5-1,6-2\"", \""3-1,4-1,4-4,5-4,5-5,6-3,6-5\"", \""0-0,1-1,2-2,3-3,5-2,5-3,6-0\""]""}, {""seed"": 209, ""bidder_seat"": 3, ""partner_seat"": 1, ""decl_id"": 6, ""decl_name"": ""sixes"", ""bidder_hand"": ""0-0,1-1,2-2,3-3,5-2,5-3,6-0"", ""final_off"": ""5-2"", ""trump_count"": 1, ""off_count"": 2, ""nontrump_double_count"": 4, ""total_double_count"": 4, ""surfaces"": ""dead_asset_release_control|defender_live_double_weapon|defender_live_same_suit_pair|two_off_same_suit"", ""surface_count"": 4, ""recommendation_score"": 9, ""opponent_matching_double_count"": 1, ""opponent_matching_double_seats"": ""2"", ""partner_matching_double_count"": 0, ""opponent_same_suit_pair_count"": 2, ""opponent_same_suit_pair_seats"": ""0|2"", ""opponent_pair_protector_count"": 0, ""opponent_pair_protector_seats"": """", ""opponent_dead_double_assets"": 1, ""full_deal"": ""[\""3-2,4-0,4-2,5-0,6-1,6-4,6-6\"", \""1-0,2-0,2-1,3-0,4-3,5-1,6-2\"", \""3-1,4-1,4-4,5-4,5-5,6-3,6-5\"", \""0-0,1-1,2-2,3-3,5-2,5-3,6-0\""]""}, {""seed"": 209, ""bidder_seat"": 3, ""partner_seat"": 1, ""decl_id"": 6, ""decl_name"": ""sixes"", ""bidder_hand"": ""0-0,1-1,2-2,3-3,5-2,5-3,6-0"", ""final_off"": ""5-3"", ""trump_count"": 1, ""off_count"": 2, ""nontrump_double_count"": 4, ""total_double_count"": 4, ""surfaces"": ""dead_asset_release_control|defender_live_double_weapon|defender_live_same_suit_pair|two_off_same_suit"", ""surface_count"": 4, ""recommendation_score"": 9, ""opponent_matching_double_count"": 1, ""opponent_matching_double_seats"": ""2"", ""partner_matching_double_count"": 0, ""opponent_same_suit_pair_count"": 1, ""opponent_same_suit_pair_seats"": ""2"", ""opponent_pair_protector_count"": 0, ""opponent_pair_protector_seats"": """", ""opponent_dead_double_assets"": 1, ""full_deal"": ""[\""3-2,4-0,4-2,5-0,6-1,6-4,6-6\"", \""1-0,2-0,2-1,3-0,4-3,5-1,6-2\"", \""3-1,4-1,4-4,5-4,5-5,6-3,6-5\"", \""0-0,1-1,2-2,3-3,5-2,5-3,6-0\""]""}]"
