game_idx,hand_idx,seed,a_team,dealer,redeals,forced,bidder,bidder_is_a,bid_value,decl_id,team_a_pts,team_b_pts,made,marks_a_after,marks_b_after
0,0,1909233376,0,0,0,0,1,0,30,5,22,20,0,1,0
0,1,767852945,0,1,0,0,2,1,30,4,23,19,0,1,1
0,2,431793364,0,2,0,0,3,0,30,6,42,0,0,2,1
0,3,3537762216,0,3,0,0,0,1,30,4,7,35,0,2,2
0,4,3201702635,0,0,0,0,1,0,30,5,40,2,0,3,2
0,5,1207383341,0,1,0,0,2,1,30,0,36,6,1,4,2
0,6,871323760,0,2,0,0,3,0,30,4,14,28,0,5,2
0,7,3977292612,0,3,0,0,0,1,30,5,41,1,1,6,2
0,8,3641233031,0,0,0,0,1,0,30,5,18,24,0,7,2
1,0,3412359473,0,0,0,0,1,0,30,5,7,35,1,0,1
1,1,3076299892,0,1,0,0,2,1,30,1,31,11,1,1,1
1,2,3983064222,0,2,0,0,3,0,30,5,35,7,0,2,1
1,3,745921017,0,3,0,0,0,1,30,5,18,24,0,2,2
1,4,409861436,0,0,0,0,1,0,30,4,24,18,0,3,2
1,5,3515830288,0,1,0,0,2,1,30,0,36,6,1,4,2
1,6,3179770707,0,2,0,0,3,0,30,5,12,30,1,4,3
1,7,1185451413,0,3,0,0,0,1,30,5,31,11,1,5,3
1,8,849391832,0,0,0,0,1,0,30,3,23,19,0,6,3
1,9,2660815899,0,1,0,0,2,1,30,4,30,12,1,7,3
2,0,2668663035,0,0,0,0,1,0,30,5,36,6,0,1,0
2,1,2332603454,0,1,0,0,2,1,30,2,41,1,1,2,0
2,2,1143605010,0,2,0,0,3,0,30,5,29,13,0,3,0
2,3,807545429,0,3,0,0,0,1,30,4,31,11,1,4,0
2,4,3961132294,0,0,0,0,1,0,30,1,22,20,0,5,0
2,5,2772133850,0,1,0,0,2,1,30,5,30,12,1,6,0
2,6,2436074269,0,2,0,0,3,0,30,2,23,19,0,7,0
3,0,1954501361,0,0,0,0,1,0,30,5,30,12,0,1,0
3,1,864841804,0,1,0,0,2,1,30,4,39,3,1,2,0
3,2,2676265871,0,2,0,0,3,0,30,5,16,26,0,3,0
3,3,582607690,0,3,0,0,0,1,30,5,30,12,1,4,0
3,4,2394031757,0,0,0,0,1,0,30,6,18,24,0,5,0
3,5,1304372200,0,1,0,0,2,1,30,4,13,29,0,5,1
3,6,3115796267,0,2,0,0,3,0,30,4,30,12,0,6,1
3,7,4022560597,0,3,0,0,0,1,30,5,12,30,0,6,2
3,8,2833562153,0,0,0,0,1,0,30,4,40,2,0,7,2
4,0,1041043983,0,0,0,0,1,0,30,5,42,0,0,1,0
4,1,2852468050,0,1,0,0,2,1,30,5,35,7,1,2,0
4,2,3810953254,0,2,0,0,3,0,30,5,21,21,0,3,0
4,3,522089175,0,3,0,0,0,1,30,0,25,17,0,3,1
4,4,186029594,0,0,0,0,1,0,30,4,13,29,0,4,1
4,5,3291998446,0,1,0,0,2,1,30,5,29,13,0,4,2
4,6,2955938865,0,2,0,0,3,0,30,4,24,18,0,5,2
4,7,3109103219,0,3,0,0,0,1,30,2,31,11,1,6,2
4,8,625559990,0,0,0,0,1,0,30,2,39,3,0,7,2
5,0,3768910742,0,0,0,0,1,0,30,5,11,31,1,0,1
5,1,3432851161,0,1,0,0,2,1,30,3,41,1,1,1,1
5,2,2291470730,0,2,0,0,3,0,30,4,40,2,0,2,1
5,3,1102472286,0,3,0,0,0,1,30,4,30,12,1,3,1
5,4,766412705,0,0,0,0,1,0,30,3,16,26,0,4,1
5,5,3872381557,0,1,0,0,2,1,30,4,26,16,0,4,2
5,6,2731001126,0,2,0,0,3,0,30,5,25,17,0,5,2
5,7,1542002682,0,3,0,0,0,1,30,5,28,14,0,5,3
5,8,1205943101,0,0,0,0,1,0,30,5,20,22,0,6,3
5,9,3017367168,0,1,0,0,2,1,30,0,25,17,0,6,4
5,10,3170531522,0,2,0,0,3,0,30,5,30,12,0,7,4
6,0,977069543,0,0,0,0,1,0,30,5,24,18,0,1,0
6,1,641009962,0,1,0,0,2,1,30,4,25,17,0,1,1
6,2,304950381,0,2,0,0,3,0,30,4,31,11,0,2,1
6,3,3410919233,0,3,0,0,0,1,30,5,29,13,0,2,2
6,4,2269538802,0,0,0,0,1,0,30,2,30,12,0,3,2
6,5,1080540358,0,1,0,0,2,1,30,1,42,0,1,4,2
6,6,744480777,0,2,0,0,3,0,30,6,23,19,0,5,2
6,7,3850449629,0,3,0,0,0,1,30,4,34,8,1,6,2
6,8,2709069198,0,0,0,0,1,0,30,0,40,2,0,7,2
7,0,262907869,0,0,0,0,1,0,30,5,30,12,0,1,0
7,1,3368876721,0,1,0,0,2,1,30,2,12,30,0,1,1
7,2,2227496290,0,2,0,0,3,0,30,5,24,18,0,2,1
7,3,3185981494,0,3,0,0,0,1,30,4,35,7,1,3,1
7,4,702438265,0,0,0,0,1,0,30,4,24,18,0,4,1
7,5,3808407117,0,1,0,0,2,1,30,4,23,19,0,4,2
7,6,3472347536,0,2,0,0,3,0,30,5,7,35,1,4,3
7,7,2330967105,0,3,0,0,0,1,30,5,41,1,1,5,3
7,8,1141968661,0,0,0,0,1,0,30,5,24,18,0,6,3
7,9,805909080,0,1,0,0,2,1,30,4,1,41,0,6,4
7,10,3911877932,0,2,0,0,3,0,30,5,34,8,0,7,4
8,0,3644417787,0,0,0,0,1,0,30,5,25,17,0,1,0
8,1,3209019319,0,1,0,0,2,1,30,4,41,1,1,2,0
8,2,4266843410,0,2,0,0,3,0,30,4,1,41,1,2,1
8,3,878640444,0,3,0,0,0,1,30,4,21,21,0,2,2
8,4,542580863,0,0,0,0,1,0,30,5,35,7,0,3,2
8,5,1600404954,0,1,0,0,2,1,30,4,18,24,0,3,3
8,6,3312490134,0,2,0,0,3,0,30,4,39,3,0,4,3
8,7,1318170840,0,3,0,0,0,1,30,5,21,21,0,4,4
8,8,982111259,0,0,0,0,1,0,30,4,34,8,0,5,4
8,9,2039935350,0,1,0,0,2,1,30,5,36,6,1,6,4
8,10,1703875769,0,2,0,0,3,0,30,4,40,2,0,7,4
9,0,2900721349,0,0,0,0,1,0,30,4,25,17,0,1,0
9,1,417178120,0,1,0,0,2,1,30,3,42,0,1,2,0
9,2,1375663324,0,2,0,0,3,0,30,0,41,1,0,3,0
9,3,3187087391,0,3,0,0,0,1,30,4,29,13,0,3,1
9,4,2045706960,0,0,0,0,1,0,30,6,24,18,0,4,1
9,5,856708516,0,1,0,0,2,1,30,5,41,1,1,5,1
9,6,520648935,0,2,0,0,3,0,30,5,30,12,0,6,1
9,7,3626617787,0,3,0,0,0,1,30,6,17,25,0,6,2
9,8,3290558206,0,0,0,0,1,0,30,5,35,7,0,7,2
10,0,1333620812,0,0,0,0,1,0,30,2,11,31,1,0,1
10,1,997561231,0,1,0,0,2,1,30,4,29,13,0,0,2
10,2,2808985298,0,2,0,0,3,0,30,2,16,26,0,1,2
10,3,2962149652,0,3,0,0,0,1,30,5,31,11,1,2,2
10,4,2626090071,0,0,0,0,1,0,30,5,29,13,0,3,2
10,5,1437091627,0,1,0,0,2,1,30,1,42,0,1,4,2
10,6,1101032046,0,2,0,0,3,0,30,1,41,1,0,5,2
10,7,3401680048,0,3,0,0,0,1,30,5,2,40,0,5,3
10,8,3065620467,0,0,0,0,1,0,30,4,28,14,0,6,3
10,9,582077238,0,1,0,0,2,1,30,4,35,7,1,7,3
11,0,3642067759,0,0,0,0,1,0,30,6,23,19,0,1,0
11,1,2500687328,0,1,0,0,2,1,30,6,31,11,1,2,0
11,2,2164627747,0,2,0,0,3,0,30,4,31,11,0,3,0
11,3,975629303,0,3,0,0,0,1,30,5,29,13,0,3,1
11,4,639569722,0,0,0,0,1,0,30,5,23,19,0,4,1
11,5,2940217724,0,1,0,0,2,1,30,6,15,27,0,4,2
11,6,2604158143,0,2,0,0,3,0,30,5,41,1,0,5,2
11,7,1415159699,0,3,0,0,0,1,30,2,36,6,1,6,2
11,8,1079100118,0,0,0,0,1,0,30,4,12,30,1,6,3
11,9,2085203335,0,1,0,0,2,1,30,4,25,17,0,6,4
11,10,3043688539,0,2,0,0,3,0,30,5,34,8,0,7,4
12,0,2122585235,0,0,0,0,1,0,30,4,23,19,0,1,0
12,1,933586791,0,1,0,0,2,1,30,5,31,11,1,2,0
12,2,597527210,0,2,0,0,3,0,30,3,0,42,1,2,1
12,3,3703496062,0,3,0,0,0,1,30,5,24,18,0,2,2
12,4,2562115631,0,0,0,0,1,0,30,4,29,13,0,3,2
12,5,1373117187,0,1,0,0,2,1,30,4,17,25,0,3,3
12,6,1037057606,0,2,0,0,3,0,30,5,29,13,0,4,3
12,7,700998025,0,3,0,0,0,1,30,1,30,12,1,5,3
12,8,3001646027,0,0,0,0,1,0,30,2,33,9,0,6,3
12,9,2665586446,0,1,0,0,2,1,30,4,8,34,0,6,4
12,10,1476588002,0,2,0,0,3,0,30,4,41,1,0,7,4
13,0,1209127857,0,0,0,0,1,0,30,6,35,7,0,1,0
13,1,773729389,0,1,0,0,2,1,30,5,25,17,0,1,1
13,2,3979037128,0,2,0,0,3,0,30,0,27,15,0,2,1
13,3,1495493899,0,3,0,0,0,1,30,4,30,12,1,3,1
13,4,2402258229,0,0,0,0,1,0,30,5,31,11,0,4,1
13,5,3460082320,0,1,0,0,2,1,30,4,9,33,0,4,2
13,6,877200204,0,2,0,0,3,0,30,6,30,12,0,5,2
13,7,1935024295,0,3,0,0,0,1,30,5,42,0,1,6,2
13,8,2841788625,0,0,0,0,1,0,30,4,23,19,0,7,2
14,0,3936994616,0,0,0,0,1,0,30,5,18,24,0,1,0
14,1,3600935035,0,1,0,0,2,1,30,4,41,1,1,2,0
14,2,1117391806,0,2,0,0,3,0,30,4,34,8,0,3,0
14,3,1270556160,0,3,0,0,0,1,30,2,41,1,1,4,0
14,4,934496579,0,0,0,0,1,0,30,4,23,19,0,5,0
14,5,4040465431,0,1,0,0,2,1,30,5,31,11,1,6,0
14,6,1556922202,0,2,0,0,3,0,30,4,25,17,0,7,0
15,0,3193298178,0,0,0,0,1,0,30,4,23,19,0,1,0
15,1,2857238597,0,1,0,0,2,1,30,4,34,8,1,2,0
15,2,373695368,0,2,0,0,3,0,30,4,40,2,0,3,0
15,3,1332180572,0,3,0,0,0,1,30,5,19,23,0,3,1
15,4,190800141,0,0,0,0,1,0,30,4,6,36,1,3,2
15,5,3296768993,0,1,0,0,2,1,30,5,25,17,0,3,3
15,6,2960709412,0,2,0,0,3,0,30,4,19,23,0,4,3
15,7,4018533503,0,3,0,0,0,1,30,4,41,1,1,5,3
15,8,3583135035,0,0,0,0,1,0,30,4,40,2,0,6,3
15,9,2441754604,0,1,0,0,2,1,30,4,29,13,0,6,4
15,10,3400239808,0,2,0,0,3,0,30,4,40,2,0,7,4
16,0,1206777829,0,0,0,0,1,0,30,5,24,18,0,1,0
16,1,870718248,0,1,0,0,2,1,30,4,34,8,1,2,0
16,2,4024305113,0,2,0,0,3,0,30,5,42,0,0,3,0
16,3,2835306669,0,3,0,0,0,1,30,5,26,16,0,3,1
16,4,2499247088,0,0,0,0,1,0,30,0,41,1,0,4,1
16,5,1310248644,0,1,0,0,2,1,30,5,17,25,0,4,2
16,6,168868213,0,2,0,0,3,0,30,2,40,2,0,5,2
16,7,3274837065,0,3,0,0,0,1,30,4,20,22,0,5,3
16,8,2938777484,0,0,0,0,1,0,30,5,8,34,1,5,4
16,9,455234255,0,1,0,0,2,1,30,3,42,0,1,6,4
16,10,608398609,0,2,0,0,3,0,30,2,25,17,0,7,4
17,0,3713162774,0,0,0,0,1,0,30,5,40,2,0,1,0
17,1,3377103193,0,1,0,0,2,1,30,4,19,23,0,1,1
17,2,2188104749,0,2,0,0,3,0,30,4,42,0,0,2,1
17,3,1852045168,0,3,0,0,0,1,30,5,19,23,0,2,2
17,4,710664737,0,0,0,0,1,0,30,0,6,36,1,2,3
17,5,3816633589,0,1,0,0,2,1,30,4,19,23,0,2,4
17,6,3480574008,0,2,0,0,3,0,30,6,29,13,0,3,4
17,7,2291575564,0,3,0,0,0,1,30,4,35,7,1,4,4
17,8,1150195133,0,0,0,0,1,0,30,4,36,6,0,5,4
17,9,814135552,0,1,0,0,2,1,30,4,9,33,0,5,5
17,10,3920104404,0,2,0,0,3,0,30,5,26,16,0,6,5
17,11,3584044823,0,3,0,0,0,1,30,6,41,1,1,7,5
18,0,1726642425,0,0,0,0,1,0,30,4,42,0,0,1,0
18,1,2633406755,0,1,0,0,2,1,30,4,29,13,0,1,1
18,2,1543747198,0,2,0,0,3,0,30,4,30,12,0,2,1
18,3,3355171265,0,3,0,0,0,1,30,0,9,33,0,2,2
18,4,3019111684,0,0,0,0,1,0,30,0,35,7,0,3,2
18,5,1024792390,0,1,0,0,2,1,30,6,30,12,1,4,2
18,6,2736877570,0,2,0,0,3,0,30,5,29,13,0,5,2
18,7,3794701661,0,3,0,0,0,1,30,6,24,18,0,5,3
18,8,3458642080,0,0,0,0,1,0,30,4,41,1,0,6,3
18,9,2269643636,0,1,0,0,2,1,30,5,30,12,1,7,3
19,0,1501704686,0,0,0,0,1,0,30,4,14,28,0,1,0
19,1,1165645105,0,1,0,0,2,1,30,0,41,1,1,2,0
19,2,2977069172,0,2,0,0,3,0,30,5,32,10,0,3,0
19,3,3935554376,0,3,0,0,0,1,30,0,40,2,1,4,0
19,4,2794173945,0,0,0,0,1,0,30,4,24,18,0,5,0
19,5,1605175501,0,1,0,0,2,1,30,5,26,16,0,5,1
19,6,3416599568,0,2,0,0,3,0,30,4,29,13,0,6,1
19,7,3080539987,0,3,0,0,0,1,30,6,19,23,0,6,2
19,8,3233704341,0,0,0,0,1,0,30,4,41,1,0,7,2
20,0,3810151633,0,0,0,0,1,0,30,1,29,13,0,1,0
20,1,3474092052,0,1,0,0,2,1,30,4,35,7,1,2,0
20,2,85889086,0,2,0,0,3,0,30,4,9,33,1,2,1
20,3,3191857938,0,3,0,0,0,1,30,0,42,0,1,3,1
20,4,708314709,0,0,0,0,1,0,30,6,31,11,0,4,1
20,5,3913622448,0,1,0,0,2,1,30,6,24,18,0,4,2
20,6,525419482,0,2,0,0,3,0,30,5,26,16,0,5,2
20,7,1583243573,0,3,0,0,0,1,30,5,12,30,0,5,3
20,8,1147845105,0,0,0,0,1,0,30,5,40,2,0,6,3
20,9,811785524,0,1,0,0,2,1,30,3,34,8,1,7,3
21,0,3650294231,0,0,0,0,1,0,30,2,32,10,0,1,0
21,1,1166751002,0,1,0,0,2,1,30,4,19,23,0,1,1
21,2,1319915356,0,2,0,0,3,0,30,4,40,2,0,2,1
21,3,983855775,0,3,0,0,0,1,30,3,24,18,0,2,2
21,4,4089824627,0,0,0,0,1,0,30,4,34,8,0,3,2
21,5,3753765046,0,1,0,0,2,1,30,6,35,7,1,4,2
21,6,464900967,0,2,0,0,3,0,30,6,28,14,0,5,2
21,7,1423386171,0,3,0,0,0,1,30,5,19,23,0,5,3
21,8,3234810238,0,0,0,0,1,0,30,3,41,1,0,6,3
21,9,4193295442,0,1,0,0,2,1,30,4,30,12,1,7,3
22,0,2083193694,0,0,0,0,1,0,30,4,17,25,0,1,0
22,1,941813263,0,1,0,0,2,1,30,2,41,1,1,2,0
22,2,4047782115,0,2,0,0,3,0,30,6,34,8,0,3,0
22,3,3711722534,0,3,0,0,0,1,30,6,42,0,1,4,0
22,4,3375662953,0,0,0,0,1,0,30,0,13,29,0,5,0
22,5,1381343659,0,1,0,0,2,1,30,5,9,33,0,5,1
22,6,1045284078,0,2,0,0,3,0,30,5,40,2,0,6,1
22,7,4151252930,0,3,0,0,0,1,30,4,34,8,1,7,1
23,0,3586319791,0,0,0,0,1,0,30,4,34,8,0,1,0
23,1,3250260210,0,1,0,0,2,1,30,5,36,6,1,2,0
23,2,3403424564,0,2,0,0,3,0,30,5,35,7,0,3,0
23,3,919881335,0,3,0,0,0,1,30,2,36,6,1,4,0
23,4,583821754,0,0,0,0,1,0,30,4,41,1,0,5,0
23,5,3689790606,0,1,0,0,2,1,30,4,35,7,1,6,0
23,6,3353731025,0,2,0,0,3,0,30,5,25,17,0,7,0
24,0,4166702902,0,0,0,0,1,0,30,2,6,36,1,0,1
24,1,3025322471,0,1,0,0,2,1,30,6,25,17,0,0,2
24,2,541779242,0,2,0,0,3,0,30,6,0,42,1,0,3
24,3,1500264446,0,3,0,0,0,1,30,4,42,0,1,1,3
24,4,3311688513,0,0,0,0,1,0,30,5,23,19,0,2,3
24,5,3464852867,0,1,0,0,2,1,30,5,42,0,1,3,3
24,6,981309638,0,2,0,0,3,0,30,4,19,23,0,4,3
24,7,645250057,0,3,0,0,0,1,30,6,24,18,0,4,4
24,8,3751218909,0,0,0,0,1,0,30,4,40,2,0,5,4
24,9,3415159328,0,1,0,0,2,1,30,4,30,12,1,6,4
24,10,3568323682,0,2,0,0,3,0,30,1,0,42,1,6,5
24,11,1084780453,0,3,0,0,0,1,30,5,35,7,1,7,5
25,0,1958700739,0,0,0,0,1,0,30,5,18,24,0,1,0
25,1,1523302271,0,1,0,0,2,1,30,4,41,1,1,2,0
25,2,1676466625,0,2,0,0,3,0,30,1,31,11,0,3,0
25,3,3487890692,0,3,0,0,0,1,30,2,25,17,0,3,1
25,4,3151831111,0,0,0,0,1,0,30,3,18,24,0,4,1
25,5,4209655202,0,1,0,0,2,1,30,4,40,2,1,5,1
25,6,821452236,0,2,0,0,3,0,30,4,40,2,0,6,1
25,7,1779937440,0,3,0,0,0,1,30,5,25,17,0,6,2
25,8,3591361507,0,0,0,0,1,0,30,4,19,23,0,7,2
26,0,391600202,0,0,0,0,1,0,30,5,22,20,0,1,0
26,1,3545187067,0,1,0,0,2,1,30,5,8,34,0,1,1
26,2,3209127486,0,2,0,0,3,0,30,2,23,19,0,2,1
26,3,2020129042,0,3,0,0,0,1,30,4,39,3,1,3,1
26,4,1684069461,0,0,0,0,1,0,30,4,26,16,0,4,1
26,5,3984717463,0,1,0,0,2,1,30,3,41,1,1,5,1
26,6,3648657882,0,2,0,0,3,0,30,5,36,6,0,6,1
26,7,2459659438,0,3,0,0,0,1,30,4,3,39,0,6,2
26,8,2123599857,0,0,0,0,1,0,30,3,17,25,0,7,2
27,0,3942871060,0,0,0,0,1,0,30,5,29,13,0,1,0
27,1,3606811479,0,1,0,0,2,1,30,5,31,11,1,2,0
27,2,1612492185,0,2,0,0,3,0,30,2,6,36,1,2,1
27,3,1276432604,0,3,0,0,0,1,30,5,23,19,0,2,2
27,4,940373023,0,0,0,0,1,0,30,6,36,6,0,3,2
27,5,4046341875,0,1,0,0,2,1,30,3,42,0,1,4,2
27,6,2904961444,0,2,0,0,3,0,30,4,11,31,1,4,3
27,7,1715963000,0,3,0,0,0,1,30,5,24,18,0,4,4
27,8,1379903419,0,0,0,0,1,0,30,6,36,6,0,5,4
27,9,3191327486,0,1,0,0,2,1,30,0,33,9,1,6,4
27,10,3344491840,0,2,0,0,3,0,30,5,40,2,0,7,4
28,0,1151029861,0,0,0,0,1,0,30,5,29,13,0,1,0
28,1,814970280,0,1,0,0,2,1,30,5,40,2,1,2,0
28,2,3920939132,0,2,0,0,3,0,30,5,35,7,0,3,0
28,3,3584879551,0,3,0,0,0,1,30,6,31,11,1,4,0
28,4,2443499120,0,0,0,0,1,0,30,5,29,13,0,5,0
28,5,1254500676,0,1,0,0,2,1,30,5,31,11,1,6,0
28,6,918441095,0,2,0,0,3,0,30,4,35,7,0,7,0
29,0,2315252008,0,0,0,0,1,0,30,6,41,1,0,1,0
29,1,3321355225,0,1,0,0,2,1,30,4,40,2,1,2,0
29,2,4279840429,0,2,0,0,3,0,30,1,18,24,0,3,0
29,3,1796297200,0,3,0,0,0,1,30,4,19,23,0,3,1
29,4,1460237619,0,0,0,0,1,0,30,4,29,13,0,4,1
29,5,271239175,0,1,0,0,2,1,30,4,27,15,0,4,2
29,6,3424826040,0,2,0,0,3,0,30,4,34,8,0,5,2
29,7,2235827596,0,3,0,0,0,1,30,5,19,23,0,5,3
29,8,1899768015,0,0,0,0,1,0,30,5,24,18,0,6,3
29,9,710769571,0,1,0,0,2,1,30,4,20,22,0,6,4
29,10,3864356436,0,2,0,0,3,0,30,6,25,17,0,7,4
30,0,3818378105,0,0,0,0,1,0,30,2,34,8,0,1,0
30,1,3382979637,0,1,0,0,2,1,30,1,29,13,0,1,1
30,2,2293320080,0,2,0,0,3,0,30,4,42,0,0,2,1
30,3,1052600762,0,3,0,0,0,1,30,0,35,7,1,3,1
30,4,716541181,0,0,0,0,1,0,30,4,2,40,1,3,2
30,5,1774365272,0,1,0,0,2,1,30,4,8,34,0,3,3
30,6,3486450452,0,2,0,0,3,0,30,6,6,36,1,3,4
30,7,3639614806,0,3,0,0,0,1,30,5,24,18,0,3,5
30,8,1156071577,0,0,0,0,1,0,30,4,24,18,0,4,5
30,9,2213895668,0,1,0,0,2,1,30,4,39,3,1,5,5
30,10,1877836087,0,2,0,0,3,0,30,1,35,7,0,6,5
30,11,2784600417,0,3,0,0,0,1,30,4,36,6,1,7,5
31,0,2251277568,0,0,0,0,1,0,30,1,30,12,0,1,0
31,1,1915217987,0,1,0,0,2,1,30,0,33,9,1,2,0
31,2,773837556,0,2,0,0,3,0,30,4,18,24,0,3,0
31,3,3879806408,0,3,0,0,0,1,30,2,35,7,1,4,0
31,4,3543746827,0,0,0,0,1,0,30,4,8,34,1,4,1
31,5,2354748383,0,1,0,0,2,1,30,0,35,7,1,5,1
31,6,1213367952,0,2,0,0,3,0,30,4,25,17,0,6,1
31,7,24369508,0,3,0,0,0,1,30,2,42,0,1,7,1
32,0,1507581130,0,0,0,0,1,0,30,5,6,36,1,0,1
32,1,1171521549,0,1,0,0,2,1,30,6,31,11,1,1,1
32,2,835461968,0,2,0,0,3,0,30,4,24,18,0,2,1
32,3,3136109970,0,3,0,0,0,1,30,4,33,9,1,3,1
32,4,2800050389,0,0,0,0,1,0,30,5,31,11,0,4,1
32,5,1611051945,0,1,0,0,2,1,30,5,13,29,0,4,2
32,6,1274992364,0,2,0,0,3,0,30,4,29,13,0,5,2
32,7,3575640366,0,3,0,0,0,1,30,4,2,40,0,5,3
32,8,3239580785,0,0,0,0,1,0,30,5,35,7,0,6,3
32,9,756037556,0,1,0,0,2,1,30,5,42,0,1,7,3
33,0,2771142164,0,0,0,0,1,0,30,5,35,7,0,1,0
33,1,3677906494,0,1,0,0,2,1,30,5,31,11,1,2,0
33,2,2588246937,0,2,0,0,3,0,30,5,24,18,0,3,0
33,3,2152848469,0,3,0,0,0,1,30,4,28,14,0,3,1
33,4,1816788888,0,0,0,0,1,0,30,6,19,23,0,4,1
33,5,4117436890,0,1,0,0,2,1,30,4,31,11,1,5,1
33,6,3781377309,0,2,0,0,3,0,30,2,41,1,0,6,1
33,7,544234104,0,3,0,0,0,1,30,6,42,0,1,7,1
34,0,4174929374,0,0,0,0,1,0,30,6,25,17,0,1,0
34,1,1691386145,0,1,0,0,2,1,30,3,24,18,0,1,1
34,2,502387701,0,2,0,0,3,0,30,4,42,0,0,2,1
34,3,3655974566,0,3,0,0,0,1,30,4,25,17,0,2,2
34,4,3319914985,0,0,0,0,1,0,30,4,30,12,0,3,2
34,5,2130916541,0,1,0,0,2,1,30,2,31,11,1,4,2
34,6,1794856960,0,2,0,0,3,0,30,2,0,42,1,4,3
34,7,4095504962,0,3,0,0,0,1,30,4,19,23,0,4,4
34,8,3759445381,0,0,0,0,1,0,30,3,34,8,0,5,4
34,9,2570446937,0,1,0,0,2,1,30,4,40,2,1,6,4
34,10,2234387356,0,2,0,0,3,0,30,4,8,34,1,6,5
34,11,1093006925,0,3,0,0,0,1,30,4,6,36,0,6,6
34,12,4198975777,0,0,0,0,1,0,30,5,41,1,0,7,6
35,0,1383088175,0,0,0,0,1,0,30,6,23,19,0,1,0
35,1,3194512242,0,1,0,0,2,1,30,3,42,0,1,2,0
35,2,4152997446,0,2,0,0,3,0,30,4,0,42,1,2,1
35,3,1669454217,0,3,0,0,0,1,30,4,42,0,1,3,1
35,4,2576218547,0,0,0,0,1,0,30,5,42,0,0,4,1
35,5,3634042638,0,1,0,0,2,1,30,2,36,6,1,5,1
35,6,3297983057,0,2,0,0,3,0,30,4,16,26,0,6,1
35,7,2108984613,0,3,0,0,0,1,30,5,12,30,0,6,2
35,8,3015748943,0,0,0,0,1,0,30,5,42,0,0,7,2
36,0,4110954934,0,0,0,0,1,0,30,5,40,2,0,1,0
36,1,3774895353,0,1,0,0,2,1,30,4,25,17,0,1,1
36,2,1291352124,0,2,0,0,3,0,30,5,34,8,0,2,1
36,3,1444516478,0,3,0,0,0,1,30,5,19,23,0,2,2
36,4,1108456897,0,0,0,0,1,0,30,5,25,17,0,3,2
36,5,4214425749,0,1,0,0,2,1,30,1,41,1,1,4,2
36,6,3878366168,0,2,0,0,3,0,30,4,29,13,0,5,2
36,7,1884046874,0,3,0,0,0,1,30,5,31,11,1,6,2
36,8,1547987293,0,0,0,0,1,0,30,4,29,13,0,7,2
37,0,3367258496,0,0,0,0,1,0,30,6,30,12,0,1,0
37,1,3031198915,0,1,0,0,2,1,30,5,13,29,0,1,1
37,2,2695139334,0,2,0,0,3,0,30,4,16,26,0,2,1
37,3,1506140890,0,3,0,0,0,1,30,6,7,35,0,2,2
37,4,1170081309,0,0,0,0,1,0,30,4,34,8,0,3,2
37,5,3470729311,0,1,0,0,2,1,30,4,35,7,1,4,2
37,6,3134669730,0,2,0,0,3,0,30,4,36,6,0,5,2
37,7,4192493821,0,3,0,0,0,1,30,4,35,7,1,6,2
37,8,1609611705,0,0,0,0,1,0,30,5,25,17,0,7,2
38,0,335852234,0,0,0,0,1,0,30,4,24,18,0,1,0
38,1,4294759949,0,1,0,0,2,1,30,4,24,18,0,1,1
38,2,152957007,0,2,0,0,3,0,30,5,26,16,0,2,1
38,3,4012525835,0,3,0,0,0,1,30,6,14,28,0,2,2
38,4,3676466254,0,0,0,0,1,0,30,5,42,0,0,3,2
38,5,439323049,0,1,0,0,2,1,30,2,34,8,1,4,2
38,6,103263468,0,2,0,0,3,0,30,4,41,1,0,5,2
38,7,2403911470,0,3,0,0,0,1,30,5,31,11,1,6,2
38,8,2067851889,0,0,0,0,1,0,30,4,33,9,0,7,2
39,0,1739639444,0,0,0,0,1,0,30,6,22,20,0,1,0
39,1,3551063511,0,1,0,0,2,1,30,5,35,7,1,2,0
39,2,214581419,0,2,0,0,3,0,30,5,29,13,0,3,0
39,3,2026005486,0,3,0,0,0,1,30,4,36,6,1,4,0
39,4,884625055,0,0,0,0,1,0,30,3,13,29,0,5,0
39,5,3990593907,0,1,0,0,2,1,30,4,24,18,0,5,1
39,6,3654534326,0,2,0,0,3,0,30,1,36,6,0,6,1
39,7,2465535882,0,3,0,0,0,1,30,2,42,0,1,7,1
40,0,172538907,0,0,0,0,1,0,30,5,36,6,0,1,0
40,1,4131446622,0,1,0,0,2,1,30,5,30,12,1,2,0
40,2,1647903393,0,2,0,0,3,0,30,5,20,22,0,3,0
40,3,1801067747,0,3,0,0,0,1,30,5,31,11,1,4,0
40,4,1465008166,0,0,0,0,1,0,30,4,1,41,1,4,1
40,5,276009722,0,1,0,0,2,1,30,4,42,0,1,5,1
40,6,2087433789,0,2,0,0,3,0,30,4,25,17,0,6,1
40,7,2240598143,0,3,0,0,0,1,30,6,25,17,0,6,2
40,8,1904538562,0,0,0,0,1,0,30,5,42,0,0,7,2
41,0,1675665004,0,0,0,0,1,0,30,0,18,24,0,1,0
41,1,1339605423,0,1,0,0,2,1,30,4,24,18,0,1,1
41,2,3151029490,0,2,0,0,3,0,30,2,41,1,0,2,1
41,3,4109514694,0,3,0,0,0,1,30,0,41,1,1,3,1
41,4,2968134263,0,0,0,0,1,0,30,5,7,35,1,3,2
41,5,1779135819,0,1,0,0,2,1,30,6,20,22,0,3,3
41,6,1443076238,0,2,0,0,3,0,30,4,36,6,0,4,3
41,7,254077794,0,3,0,0,0,1,30,5,22,20,0,4,4
41,8,3407664659,0,0,0,0,1,0,30,5,19,23,0,5,4
41,9,924121430,0,1,0,0,2,1,30,2,42,0,1,6,4
41,10,1882606634,0,2,0,0,3,0,30,4,8,34,1,6,5
41,11,3694030701,0,3,0,0,0,1,30,6,35,7,1,7,5
42,0,272983691,0,0,0,0,1,0,30,4,28,14,0,1,0
42,1,1179748021,0,1,0,0,2,1,30,5,18,24,0,1,1
42,2,4285716873,0,2,0,0,3,0,30,0,35,7,0,2,1
42,3,3949657292,0,3,0,0,0,1,30,5,25,17,0,2,2
42,4,712514087,0,0,0,0,1,0,30,5,25,17,0,3,2
42,5,1619278417,0,1,0,0,2,1,30,4,30,12,1,4,2
42,6,3430702484,0,2,0,0,3,0,30,5,29,13,0,5,2
42,7,94220392,0,3,0,0,0,1,30,4,41,1,1,6,2
42,8,1905644459,0,0,0,0,1,0,30,2,14,28,0,7,2
43,0,2195529600,0,0,0,0,1,0,30,6,0,42,1,0,1
43,1,1859470019,0,1,0,0,2,1,30,2,29,13,0,0,2
43,2,670471575,0,2,0,0,3,0,30,5,24,18,0,1,2
43,3,334411994,0,3,0,0,0,1,30,5,42,0,1,2,2
43,4,1241176324,0,0,0,0,1,0,30,6,31,11,0,3,2
43,5,2299000415,0,1,0,0,2,1,30,5,24,18,0,3,3
43,6,1962940834,0,2,0,0,3,0,30,0,35,7,0,4,3
43,7,773942390,0,3,0,0,0,1,30,6,29,13,0,4,4
43,8,3927529255,0,0,0,0,1,0,30,5,41,1,0,5,4
43,9,1344647139,0,1,0,0,2,1,30,4,30,12,1,6,4
43,10,2402471230,0,2,0,0,3,0,30,1,34,8,0,7,4
44,0,2257154012,0,0,0,0,1,0,30,4,6,36,1,0,1
44,1,1115773581,0,1,0,0,2,1,30,4,22,20,0,0,2
44,2,2074258785,0,2,0,0,3,0,30,6,18,24,0,1,2
44,3,3885682852,0,3,0,0,0,1,30,5,15,27,0,1,3
44,4,3549623271,0,0,0,0,1,0,30,4,3,39,1,1,4
44,5,1555303977,0,1,0,0,2,1,30,4,31,11,1,2,4
44,6,1219244396,0,2,0,0,3,0,30,5,26,16,0,3,4
44,7,30245952,0,3,0,0,0,1,30,4,30,12,1,4,4
44,8,3989153667,0,0,0,0,1,0,30,4,24,18,0,5,4
44,9,1994834373,0,1,0,0,2,1,30,4,31,11,1,6,4
44,10,1658774792,0,2,0,0,3,0,30,4,35,7,0,7,4
45,0,2032216273,0,0,0,0,1,0,30,5,14,28,0,1,0
45,1,1696156692,0,1,0,0,2,1,30,4,26,16,0,1,1
45,2,3507580759,0,2,0,0,3,0,30,2,22,20,0,2,1
45,3,2417921202,0,3,0,0,0,1,30,6,42,0,1,3,1
45,4,3324685532,0,0,0,0,1,0,30,4,1,41,1,3,2
45,5,2135687088,0,1,0,0,2,1,30,5,24,18,0,3,3
45,6,3947111155,0,2,0,0,3,0,30,6,13,29,0,4,3
45,7,2857451598,0,3,0,0,0,1,30,0,34,8,1,5,3
45,8,3764215928,0,0,0,0,1,0,30,5,31,11,0,6,3
45,9,1280672699,0,1,0,0,2,1,30,3,42,0,1,7,3
46,0,4119181406,0,0,0,0,1,0,30,0,33,9,0,1,0
46,1,3783121825,0,1,0,0,2,1,30,5,17,25,0,1,1
46,2,2594123381,0,2,0,0,3,0,30,6,0,42,1,1,2
46,3,110580152,0,3,0,0,0,1,30,5,42,0,1,2,2
46,4,263744506,0,0,0,0,1,0,30,5,18,24,0,3,2
46,5,4222652221,0,1,0,0,2,1,30,1,42,0,1,4,2
46,6,1739108992,0,2,0,0,3,0,30,4,24,18,0,5,2
46,7,2697594196,0,3,0,0,0,1,30,5,19,23,0,5,3
46,8,214050967,0,0,0,0,1,0,30,5,31,11,0,6,3
46,9,367215321,0,1,0,0,2,1,30,4,42,0,1,7,3
47,0,2132661057,0,0,0,0,1,0,30,4,17,25,0,1,0
47,1,3944085124,0,1,0,0,2,1,30,4,29,13,0,1,1
47,2,1850426943,0,2,0,0,3,0,30,3,34,8,0,2,1
47,3,1514367362,0,3,0,0,0,1,30,4,18,24,0,2,2
47,4,2572191453,0,0,0,0,1,0,30,5,42,0,0,3,2
47,5,2236131872,0,1,0,0,2,1,30,4,8,34,0,3,3
47,6,995412554,0,2,0,0,3,0,30,3,35,7,0,4,3
47,7,1953897758,0,3,0,0,0,1,30,4,29,13,0,4,4
47,8,3765321825,0,0,0,0,1,0,30,5,17,25,0,5,4
47,9,2675662268,0,1,0,0,2,1,30,5,36,6,1,6,4
47,10,1434942950,0,2,0,0,3,0,30,1,36,6,0,7,4
48,0,565560520,0,0,0,0,1,0,30,5,22,20,0,1,0
48,1,3719147385,0,1,0,0,2,1,30,5,35,7,1,2,0
48,2,2530148941,0,2,0,0,3,0,30,6,22,20,0,3,0
48,3,2194089360,0,3,0,0,0,1,30,4,40,2,1,4,0
48,4,1858029779,0,0,0,0,1,0,30,5,35,7,0,5,0
48,5,4158677781,0,1,0,0,2,1,30,4,36,6,1,6,0
48,6,3822618200,0,2,0,0,3,0,30,4,28,14,0,7,0
49,0,4116831378,0,0,0,0,1,0,30,5,42,0,0,1,0
49,1,3780771797,0,1,0,0,2,1,30,5,40,2,1,2,0
49,2,3933936151,0,2,0,0,3,0,30,0,18,24,0,3,0
49,3,1450392922,0,3,0,0,0,1,30,5,8,34,0,3,1
49,4,1114333341,0,0,0,0,1,0,30,3,12,30,1,3,2
49,5,4220302193,0,1,0,0,2,1,30,5,31,11,1,4,2
49,6,3078921762,0,2,0,0,3,0,30,5,24,18,0,5,2
49,7,1889923318,0,3,0,0,0,1,30,5,42,0,1,6,2
49,8,1553863737,0,0,0,0,1,0,30,4,29,13,0,7,2
50,0,180765379,0,0,0,0,1,0,30,1,30,12,0,1,0
50,1,1992189446,0,1,0,0,2,1,30,4,1,41,0,1,1
50,2,902529889,0,2,0,0,3,0,30,4,33,9,0,2,1
50,3,467131421,0,3,0,0,0,1,30,5,30,12,1,3,1
50,4,3620718286,0,0,0,0,1,0,30,6,14,28,0,4,1
50,5,2431719842,0,1,0,0,2,1,30,4,30,12,1,5,1
50,6,2095660261,0,2,0,0,3,0,30,4,12,30,1,5,2
50,7,3153484352,0,3,0,0,0,1,30,3,34,8,1,6,2
50,8,4060248682,0,0,0,0,1,0,30,3,11,31,1,6,3
50,9,723766590,0,1,0,0,2,1,30,5,26,16,0,6,4
50,10,2535190657,0,2,0,0,3,0,30,0,18,24,0,7,4
51,0,2489212326,0,0,0,0,1,0,30,4,25,17,0,1,0
51,1,5669097,0,1,0,0,2,1,30,3,29,13,0,1,1
51,2,158833451,0,2,0,0,3,0,30,5,29,13,0,2,1
51,3,1970257518,0,3,0,0,0,1,30,4,19,23,0,2,2
51,4,2928742722,0,0,0,0,1,0,30,4,7,35,1,2,3
51,5,445199493,0,1,0,0,2,1,30,5,30,12,1,3,3
51,6,3598786358,0,2,0,0,3,0,30,5,25,17,0,4,3
51,7,262304266,0,3,0,0,0,1,30,1,42,0,1,5,3
51,8,2073728333,0,0,0,0,1,0,30,4,25,17,0,6,3
51,9,884729889,0,1,0,0,2,1,30,6,30,12,1,7,3
52,0,116790939,0,0,0,0,1,0,30,5,40,2,0,1,0
52,1,4075698654,0,1,0,0,2,1,30,2,29,13,0,1,1
52,2,3739639073,0,2,0,0,3,0,30,5,29,13,0,2,1
52,3,2550640629,0,3,0,0,0,1,30,5,20,22,0,2,2
52,4,2214581048,0,0,0,0,1,0,30,3,27,15,0,3,2
52,5,220261754,0,1,0,0,2,1,30,5,29,13,0,3,3
52,6,4179169469,0,2,0,0,3,0,30,5,36,6,0,4,3
52,7,2990171025,0,3,0,0,0,1,30,4,22,20,0,4,4
52,8,2654111444,0,0,0,0,1,0,30,5,34,8,0,5,4
52,9,1512731013,0,1,0,0,2,1,30,5,42,0,1,6,4
52,10,323732569,0,2,0,0,3,0,30,4,24,18,0,7,4
53,0,2425237886,0,0,0,0,1,0,30,6,28,14,0,1,0
53,1,2089178305,0,1,0,0,2,1,30,3,40,2,1,2,0
53,2,94859011,0,2,0,0,3,0,30,6,7,35,1,2,1
53,3,4053766726,0,3,0,0,0,1,30,0,2,40,0,2,2
53,4,3717707145,0,0,0,0,1,0,30,4,35,7,0,3,2
53,5,2528708701,0,1,0,0,2,1,30,5,42,0,1,4,2
53,6,1387328270,0,2,0,0,3,0,30,4,14,28,0,5,2
53,7,198329826,0,3,0,0,0,1,30,4,42,0,1,6,2
53,8,4157237541,0,0,0,0,1,0,30,4,23,19,0,7,2
54,0,2265380484,0,0,0,0,1,0,30,6,33,9,0,1,0
54,1,1929320903,0,1,0,0,2,1,30,6,30,12,1,2,0
54,2,4229968905,0,2,0,0,3,0,30,4,40,2,0,3,0
54,3,3893909324,0,3,0,0,0,1,30,4,23,19,0,3,1
54,4,2704910880,0,0,0,0,1,0,30,1,12,30,1,3,2
54,5,2368851299,0,1,0,0,2,1,30,0,35,7,1,4,2
54,6,1179852855,0,2,0,0,3,0,30,4,11,31,1,4,3
54,7,38472424,0,3,0,0,0,1,30,6,30,12,1,5,3
54,8,3997380139,0,0,0,0,1,0,30,5,17,25,0,6,3
54,9,2808381695,0,1,0,0,2,1,30,6,35,7,1,7,3
55,0,797618834,0,0,0,0,1,0,30,4,34,8,0,1,0
55,1,3851866812,0,1,0,0,2,1,30,4,39,3,1,2,0
55,2,2762207255,0,2,0,0,3,0,30,4,14,28,0,3,0
55,3,278664026,0,3,0,0,0,1,30,2,29,13,0,3,1
55,4,1990749206,0,0,0,0,1,0,30,5,28,14,0,4,1
55,5,2143913560,0,1,0,0,2,1,30,5,30,12,1,5,1
55,6,3955337627,0,2,0,0,3,0,30,4,41,1,0,6,1
55,7,718194422,0,3,0,0,0,1,30,5,29,13,0,6,2
55,8,382134841,0,0,0,0,1,0,30,5,24,18,0,7,2
56,0,53922396,0,0,0,0,1,0,30,5,24,18,0,1,0
56,1,1865346463,0,1,0,0,2,1,30,6,36,6,1,2,0
56,2,2823831667,0,2,0,0,3,0,30,5,24,18,0,3,0
56,3,3829934884,0,3,0,0,0,1,30,4,34,8,1,4,0
56,4,493452792,0,0,0,0,1,0,30,4,14,28,0,5,0
56,5,2304876859,0,1,0,0,2,1,30,6,42,0,1,6,0
56,6,1968817278,0,2,0,0,3,0,30,4,36,6,0,7,0
57,0,2781789155,0,0,0,0,1,0,30,4,41,1,0,1,0
57,1,2445729574,0,1,0,0,2,1,30,4,7,35,0,1,1
57,2,1304349143,0,2,0,0,3,0,30,5,42,0,0,2,1
57,3,115350699,0,3,0,0,0,1,30,2,35,7,1,3,1
57,4,4074258414,0,0,0,0,1,0,30,4,40,2,0,4,1
57,5,2885259970,0,1,0,0,2,1,30,5,23,19,0,4,2
57,6,1743879539,0,2,0,0,3,0,30,4,11,31,1,4,3
57,7,554881095,0,3,0,0,0,1,30,3,29,13,0,4,4
57,8,218821514,0,0,0,0,1,0,30,2,11,31,1,4,5
57,9,2030245581,0,1,0,0,2,1,30,4,30,12,1,5,5
57,10,2183409935,0,2,0,0,3,0,30,5,31,11,0,6,5
57,11,3994834002,0,3,0,0,0,1,30,4,30,12,1,7,5
58,0,4284915252,0,0,0,0,1,0,30,1,0,42,1,0,1
58,1,3948855671,0,1,0,0,2,1,30,3,30,12,1,1,1
58,2,2759857227,0,2,0,0,3,0,30,3,7,35,1,1,2
58,3,1618476796,0,3,0,0,0,1,30,4,18,24,0,1,3
58,4,1282417215,0,0,0,0,1,0,30,1,36,6,0,2,3
58,5,93418771,0,1,0,0,2,1,30,5,25,17,0,2,4
58,6,4052326486,0,2,0,0,3,0,30,3,13,29,0,3,4
58,7,2058007192,0,3,0,0,0,1,30,5,18,24,0,3,5
58,8,1721947611,0,0,0,0,1,0,30,5,23,19,0,4,5
58,9,3533371678,0,1,0,0,2,1,30,6,24,18,0,4,6
58,10,196889586,0,2,0,0,3,0,30,5,8,34,1,4,7
59,0,3301653751,0,0,0,0,1,0,30,3,35,7,0,1,0
59,1,2160273320,0,1,0,0,2,1,30,4,8,34,0,1,1
59,2,3118758524,0,2,0,0,3,0,30,5,41,1,0,2,1
59,3,635215295,0,3,0,0,0,1,30,2,41,1,1,3,1
59,4,299155714,0,0,0,0,1,0,30,3,30,12,0,4,1
59,5,2599803716,0,1,0,0,2,1,30,5,39,3,1,5,1
59,6,2263744135,0,2,0,0,3,0,30,1,7,35,1,5,2
59,7,1074745691,0,3,0,0,0,1,30,5,35,7,1,6,2
59,8,738686110,0,0,0,0,1,0,30,4,29,13,0,7,2
60,0,2657296200,0,0,0,0,1,0,30,4,23,19,0,1,0
60,1,173752971,0,1,0,0,2,1,30,4,41,1,1,2,0
60,2,326917325,0,2,0,0,3,0,30,4,42,0,0,3,0
60,3,2138341392,0,3,0,0,0,1,30,5,20,22,0,3,1
60,4,3850426572,0,0,0,0,1,0,30,6,29,13,0,4,1
60,5,613283367,0,1,0,0,2,1,30,5,41,1,1,5,1
60,6,277223786,0,2,0,0,3,0,30,4,35,7,0,6,1
60,7,2577871788,0,3,0,0,0,1,30,4,34,8,1,7,1
61,0,1913599762,0,0,0,0,1,0,30,1,24,18,0,1,0
61,1,3725023829,0,1,0,0,2,1,30,5,40,2,1,2,0
61,2,388541737,0,2,0,0,3,0,30,2,34,8,0,3,0
61,3,2199965804,0,3,0,0,0,1,30,4,41,1,1,4,0
61,4,2353130158,0,0,0,0,1,0,30,5,30,12,0,5,0
61,5,4164554225,0,1,0,0,2,1,30,5,31,11,1,6,0
61,6,3828494644,0,2,0,0,3,0,30,5,30,12,0,7,0
62,0,346499225,0,0,0,0,1,0,30,4,18,24,0,1,0
62,1,10439644,0,1,0,0,2,1,30,4,42,0,1,2,0
62,2,1821863711,0,2,0,0,3,0,30,5,30,12,0,3,0
62,3,1975028065,0,3,0,0,0,1,30,6,31,11,1,4,0
62,4,1638968484,0,0,0,0,1,0,30,4,34,8,0,5,0
62,5,449970040,0,1,0,0,2,1,30,4,29,13,0,5,1
62,6,113910459,0,2,0,0,3,0,30,3,31,11,0,6,1
62,7,2414558461,0,3,0,0,0,1,30,5,24,18,0,6,2
62,8,2078498880,0,0,0,0,1,0,30,4,34,8,0,7,2
63,0,2433464358,0,0,0,0,1,0,30,6,20,22,0,1,0
63,1,2097404777,0,1,0,0,2,1,30,5,7,35,0,1,1
63,2,908406333,0,2,0,0,3,0,30,4,24,18,0,2,1
63,3,4061993198,0,3,0,0,0,1,30,3,35,7,1,3,1
63,4,2872994754,0,0,0,0,1,0,30,3,14,28,0,4,1
63,5,2536935173,0,1,0,0,2,1,30,5,9,33,0,4,2
63,6,53391944,0,2,0,0,3,0,30,4,24,18,0,5,2
63,7,206556298,0,3,0,0,0,1,30,5,26,16,0,5,3
63,8,4165464013,0,0,0,0,1,0,30,5,8,34,1,5,4
63,9,2976465569,0,1,0,0,2,1,30,5,13,29,0,5,5
63,10,492922340,0,2,0,0,3,0,30,4,35,7,0,6,5
63,11,1451407544,0,3,0,0,0,1,30,4,8,34,0,6,6
63,12,310027113,0,0,0,0,1,0,30,6,11,31,1,6,7
64,0,866363821,0,0,0,0,1,0,30,5,29,13,0,1,0
64,1,530304240,0,1,0,0,2,1,30,5,42,0,1,2,0
64,2,683468594,0,2,0,0,3,0,30,5,29,13,0,3,0
64,3,2494892661,0,3,0,0,0,1,30,5,29,13,0,3,1
64,4,2158833080,0,0,0,0,1,0,30,6,41,1,0,4,1
64,5,969834636,0,1,0,0,2,1,30,5,9,33,0,4,2
64,6,4123421501,0,2,0,0,3,0,30,5,40,2,0,5,2
64,7,2934423057,0,3,0,0,0,1,30,2,31,11,1,6,2
64,8,2598363476,0,0,0,0,1,0,30,5,25,17,0,7,2
65,0,222006270,0,0,0,0,1,0,30,4,41,1,0,1,0
65,1,2033430337,0,1,0,0,2,1,30,4,9,33,0,1,1
65,2,2991915541,0,2,0,0,3,0,30,5,34,8,0,2,1
65,3,508372312,0,3,0,0,0,1,30,4,20,22,0,2,2
65,4,1415136642,0,0,0,0,1,0,30,4,40,2,0,3,2
65,5,2472960733,0,1,0,0,2,1,30,4,6,36,0,3,3
65,6,2136901152,0,2,0,0,3,0,30,4,31,11,0,4,3
65,7,947902708,0,3,0,0,0,1,30,4,16,26,0,4,4
65,8,4101489573,0,0,0,0,1,0,30,5,23,19,0,5,4
65,9,2912491129,0,1,0,0,2,1,30,4,29,13,0,5,5
65,10,2576431548,0,2,0,0,3,0,30,4,11,31,1,5,6
65,11,2240371967,0,3,0,0,0,1,30,5,31,11,1,6,6
65,12,246052673,0,0,0,0,1,0,30,2,8,34,1,6,7
66,0,2431114330,0,0,0,0,1,0,30,5,41,1,0,1,0
66,1,1289733899,0,1,0,0,2,1,30,6,14,28,0,1,1
66,2,2248219103,0,2,0,0,3,0,30,6,0,42,1,1,2
66,3,4059643170,0,3,0,0,0,1,30,6,36,6,1,2,2
66,4,723161078,0,0,0,0,1,0,30,0,25,17,0,3,2
66,5,1729264295,0,1,0,0,2,1,30,5,23,19,0,3,3
66,6,1393204714,0,2,0,0,3,0,30,5,19,23,0,4,3
66,7,204206270,0,3,0,0,0,1,30,6,35,7,1,5,3
66,8,4163113985,0,0,0,0,1,0,30,4,24,18,0,6,3
66,9,21311043,0,1,0,0,2,1,30,0,36,6,1,7,3
67,0,2790015627,0,0,0,0,1,0,30,6,40,2,0,1,0
67,1,2453956046,0,1,0,0,2,1,30,5,15,27,0,1,1
67,2,3511780137,0,2,0,0,3,0,30,5,9,33,1,1,2
67,3,123577171,0,3,0,0,0,1,30,5,29,13,0,1,3
67,4,3229546023,0,0,0,0,1,0,30,5,36,6,0,2,3
67,5,2893486442,0,1,0,0,2,1,30,5,19,23,0,2,4
67,6,409943213,0,2,0,0,3,0,30,4,14,28,0,3,4
67,7,563107567,0,3,0,0,0,1,30,0,42,0,1,4,4
67,8,2374531634,0,0,0,0,1,0,30,5,12,30,1,4,5
67,9,3333016838,0,1,0,0,2,1,30,6,30,12,1,5,5
67,10,849473609,0,2,0,0,3,0,30,4,40,2,0,6,5
67,11,1002637963,0,3,0,0,0,1,30,1,39,3,1,7,5
68,0,4293141724,0,0,0,0,1,0,30,5,42,0,0,1,0
68,1,3957082143,0,1,0,0,2,1,30,4,36,6,1,2,0
68,2,2768083699,0,2,0,0,3,0,30,4,1,41,1,2,1
68,3,2432024118,0,3,0,0,0,1,30,6,40,2,1,3,1
68,4,437704824,0,0,0,0,1,0,30,4,42,0,0,4,1
68,5,101645243,0,1,0,0,2,1,30,4,13,29,0,4,2
68,6,1913069310,0,2,0,0,3,0,30,5,17,25,0,5,2
68,7,2871554514,0,3,0,0,0,1,30,5,24,18,0,5,3
68,8,388011285,0,0,0,0,1,0,30,1,6,36,1,5,4
68,9,541175639,0,1,0,0,2,1,30,4,15,27,0,5,5
68,10,2352599706,0,2,0,0,3,0,30,4,35,7,0,6,5
68,11,3311084910,0,3,0,0,0,1,30,4,8,34,0,6,6
68,12,827541681,0,0,0,0,1,0,30,3,23,19,0,7,6
69,0,2726041187,0,0,0,0,1,0,30,4,23,19,0,1,0
69,1,2389981606,0,1,0,0,2,1,30,4,1,41,0,1,1
69,2,1200983162,0,2,0,0,3,0,30,4,13,29,0,2,1
69,3,59602731,0,3,0,0,0,1,30,5,30,12,1,3,1
69,4,4018510446,0,0,0,0,1,0,30,6,31,11,0,4,1
69,5,2829512002,0,1,0,0,2,1,30,4,6,36,0,4,2
69,6,2493452421,0,2,0,0,3,0,30,5,17,25,0,5,2
69,7,1304453977,0,3,0,0,0,1,30,3,31,11,1,6,2
69,8,163073546,0,0,0,0,1,0,30,5,29,13,0,7,2
70,0,739520838,0,0,0,0,1,0,30,4,18,24,0,1,0
70,1,3893107703,0,1,0,0,2,1,30,4,30,12,1,2,0
70,2,556625611,0,2,0,0,3,0,30,6,23,19,0,3,0
70,3,2368049678,0,3,0,0,0,1,30,0,31,11,1,4,0
70,4,2031990097,0,0,0,0,1,0,30,4,16,26,0,5,0
70,5,37670803,0,1,0,0,2,1,30,1,19,23,0,5,1
70,6,3996578518,0,2,0,0,3,0,30,5,31,11,0,6,1
70,7,2807580074,0,3,0,0,0,1,30,6,24,18,0,6,2
70,8,2471520493,0,0,0,0,1,0,30,6,6,36,1,6,3
70,9,477201199,0,1,0,0,2,1,30,4,29,13,0,6,4
70,10,141141618,0,2,0,0,3,0,30,4,30,12,0,7,4
71,0,1098422135,0,0,0,0,1,0,30,4,20,22,0,1,0
71,1,2909846202,0,1,0,0,2,1,30,5,14,28,0,1,1
71,2,3868331406,0,2,0,0,3,0,30,4,40,2,0,2,1
71,3,2726950975,0,3,0,0,0,1,30,4,31,11,1,3,1
71,4,1537952531,0,0,0,0,1,0,30,4,0,42,1,3,2
71,5,3349376598,0,1,0,0,2,1,30,4,17,25,0,3,3
71,6,3013317017,0,2,0,0,3,0,30,4,41,1,0,4,3
71,7,3166481371,0,3,0,0,0,1,30,5,26,16,0,4,4
71,8,682938142,0,0,0,0,1,0,30,4,36,6,0,5,4
71,9,1641423346,0,1,0,0,2,1,30,5,31,11,1,6,4
71,10,3452847413,0,2,0,0,3,0,30,5,13,29,0,7,4
72,0,354725697,0,0,0,0,1,0,30,1,25,17,0,1,0
72,1,18666116,0,1,0,0,2,1,30,4,24,18,0,1,1
72,2,1076490207,0,2,0,0,3,0,30,5,41,1,0,2,1
72,3,2887914274,0,3,0,0,0,1,30,4,7,35,0,2,2
72,4,794256093,0,0,0,0,1,0,30,4,7,35,1,2,3
72,5,458196512,0,1,0,0,2,1,30,4,41,1,1,3,3
72,6,2269620579,0,2,0,0,3,0,30,5,40,2,0,4,3
72,7,1179961022,0,3,0,0,0,1,30,1,38,4,1,5,3
72,8,4234209000,0,0,0,0,1,0,30,4,30,12,0,6,3
72,9,897726908,0,1,0,0,2,1,30,5,8,34,0,6,4
72,10,2709150975,0,2,0,0,3,0,30,4,35,7,0,7,4
73,0,2663172644,0,0,0,0,1,0,30,3,28,14,0,1,0
73,1,179629415,0,1,0,0,2,1,30,5,34,8,1,2,0
73,2,332793769,0,2,0,0,3,0,30,2,42,0,0,3,0
73,3,4291701484,0,3,0,0,0,1,30,4,0,42,0,3,1
73,4,3102703040,0,0,0,0,1,0,30,4,41,1,0,4,1
73,5,2766643459,0,1,0,0,2,1,30,5,41,1,1,5,1
73,6,3772746676,0,2,0,0,3,0,30,4,29,13,0,6,1
73,7,436264584,0,3,0,0,0,1,30,4,2,40,0,6,2
73,8,2247688651,0,0,0,0,1,0,30,5,6,36,1,6,3
73,9,3206173855,0,1,0,0,2,1,30,5,25,17,0,6,4
73,10,4212277072,0,2,0,0,3,0,30,4,7,35,1,6,5
73,11,875794980,0,3,0,0,0,1,30,5,24,18,0,6,6
73,12,2687219047,0,0,0,0,1,0,30,4,13,29,0,7,6
74,0,2438234905,0,0,0,0,1,0,30,3,12,30,1,0,1
74,1,4249658972,0,1,0,0,2,1,30,4,36,6,1,1,1
74,2,3060660528,0,2,0,0,3,0,30,6,34,8,0,2,1
74,3,2724600947,0,3,0,0,0,1,30,4,33,9,1,3,1
74,4,2388541366,0,0,0,0,1,0,30,5,29,13,0,4,1
74,5,394222072,0,1,0,0,2,1,30,6,14,28,0,4,2
74,6,58162491,0,2,0,0,3,0,30,5,18,24,0,5,2
74,7,3164131343,0,3,0,0,0,1,30,4,30,12,1,6,2
74,8,2828071762,0,0,0,0,1,0,30,4,40,2,0,7,2
75,0,3183037240,0,0,0,0,1,0,30,4,18,24,0,1,0
75,1,2041656809,0,1,0,0,2,1,30,5,29,13,0,1,1
75,2,852658365,0,2,0,0,3,0,30,5,30,12,0,2,1
75,3,516598784,0,3,0,0,0,1,30,5,35,7,1,3,1
75,4,3622567636,0,0,0,0,1,0,30,5,35,7,0,4,1
75,5,2481187205,0,1,0,0,2,1,30,5,12,30,0,4,2
75,6,1292188761,0,2,0,0,3,0,30,0,24,18,0,5,2
75,7,956129180,0,3,0,0,0,1,30,5,23,19,0,5,3
75,8,620069599,0,0,0,0,1,0,30,5,33,9,0,6,3
75,9,2920717601,0,1,0,0,2,1,30,3,42,0,1,7,3
76,0,2958099501,0,0,0,0,1,0,30,6,35,7,0,1,0
76,1,474556272,0,1,0,0,2,1,30,4,40,2,1,2,0
76,2,1433041476,0,2,0,0,3,0,30,4,36,6,0,3,0
76,3,3244465543,0,3,0,0,0,1,30,6,26,16,0,3,1
76,4,3397629897,0,0,0,0,1,0,30,4,26,16,0,4,1
76,5,3061570316,0,1,0,0,2,1,30,5,24,18,0,4,2
76,6,578027087,0,2,0,0,3,0,30,5,30,12,0,5,2
76,7,3683995939,0,3,0,0,0,1,30,3,30,12,1,6,2
76,8,2542615508,0,0,0,0,1,0,30,4,40,2,0,7,2
77,0,971579152,0,0,0,0,1,0,30,4,24,18,0,1,0
77,1,1878343482,0,1,0,0,2,1,30,1,30,12,1,2,0
77,2,2936167573,0,2,0,0,3,0,30,5,29,13,0,3,0
77,3,452624344,0,3,0,0,0,1,30,6,30,12,1,4,0
77,4,1411109548,0,0,0,0,1,0,30,5,34,8,0,5,0
77,5,2317873878,0,1,0,0,2,1,30,2,42,0,1,6,0
77,6,4129297945,0,2,0,0,3,0,30,5,30,12,0,7,0
78,0,2894125061,0,0,0,0,1,0,30,0,36,6,0,1,0
78,1,2558065480,0,1,0,0,2,1,30,4,41,1,1,2,0
78,2,1369067036,0,2,0,0,3,0,30,2,23,19,0,3,0
78,3,1033007455,0,3,0,0,0,1,30,5,19,23,0,3,1
78,4,4186594320,0,0,0,0,1,0,30,1,41,1,0,4,1
78,5,2997595876,0,1,0,0,2,1,30,6,30,12,1,5,1
78,6,2661536295,0,2,0,0,3,0,30,4,1,41,1,5,2
78,7,1472537851,0,3,0,0,0,1,30,0,26,16,0,5,3
78,8,1136478270,0,0,0,0,1,0,30,4,22,20,0,6,3
78,9,4290065135,0,1,0,0,2,1,30,4,20,22,0,6,4
78,10,3101066691,0,2,0,0,3,0,30,5,8,34,1,6,5
78,11,617523462,0,3,0,0,0,1,30,2,35,7,1,7,5
79,0,3539588509,0,0,0,0,1,0,30,5,34,8,0,1,0
79,1,2398208078,0,1,0,0,2,1,30,4,29,13,0,1,1
79,2,1209209634,0,2,0,0,3,0,30,5,42,0,0,2,1
79,3,873150053,0,3,0,0,0,1,30,4,7,35,0,2,2
79,4,3979118905,0,0,0,0,1,0,30,5,22,20,0,3,2
79,5,2837738474,0,1,0,0,2,1,30,4,42,0,1,4,2
79,6,2501678893,0,2,0,0,3,0,30,4,40,2,0,5,2
79,7,1312680449,0,3,0,0,0,1,30,4,24,18,0,5,3
79,8,3124104516,0,0,0,0,1,0,30,5,31,11,0,6,3
79,9,3277268870,0,1,0,0,2,1,30,1,29,13,0,6,4
79,10,2941209289,0,2,0,0,3,0,30,5,40,2,0,7,4
80,0,747747310,0,0,0,0,1,0,30,5,36,6,0,1,0
80,1,411687729,0,1,0,0,2,1,30,5,20,22,0,1,1
80,2,2712335731,0,2,0,0,3,0,30,5,41,1,0,2,1
80,3,2376276150,0,3,0,0,0,1,30,5,19,23,0,2,2
80,4,1187277706,0,0,0,0,1,0,30,5,35,7,0,3,2
80,5,851218125,0,1,0,0,2,1,30,5,24,18,0,3,3
80,6,3151866127,0,2,0,0,3,0,30,4,28,14,0,4,3
80,7,2815806546,0,3,0,0,0,1,30,5,31,11,1,5,3
80,8,2479746965,0,0,0,0,1,0,30,5,1,41,1,5,4
80,9,1290748521,0,1,0,0,2,1,30,2,40,2,1,6,4
80,10,149368090,0,2,0,0,3,0,30,5,24,18,0,7,4
81,0,1328130421,0,0,0,0,1,0,30,5,41,1,0,1,0
81,1,2334233638,0,1,0,0,2,1,30,5,18,24,0,1,1
81,2,3292718842,0,2,0,0,3,0,30,5,39,3,0,2,1
81,3,809175613,0,3,0,0,0,1,30,4,20,22,0,2,2
81,4,1767660817,0,0,0,0,1,0,30,4,28,14,0,3,2
81,5,626280386,0,1,0,0,2,1,30,6,40,2,1,4,2
81,6,2437704453,0,2,0,0,3,0,30,5,7,35,1,4,3
81,7,1248706009,0,3,0,0,0,1,30,4,19,23,0,4,4
81,8,912646428,0,0,0,0,1,0,30,0,40,2,0,5,4
81,9,1065810782,0,1,0,0,2,1,30,6,42,0,1,6,4
81,10,2877234849,0,2,0,0,3,0,30,4,36,6,0,7,4
82,0,2831256518,0,0,0,0,1,0,30,4,41,1,0,1,0
82,1,347713289,0,1,0,0,2,1,30,5,42,0,1,2,0
82,2,500877643,0,2,0,0,3,0,30,4,41,1,0,3,0
82,3,164818062,0,3,0,0,0,1,30,5,36,6,1,4,0
82,4,3270786914,0,0,0,0,1,0,30,4,41,1,0,5,0
82,5,787243685,0,1,0,0,2,1,30,5,30,12,1,6,0
82,6,451184104,0,2,0,0,3,0,30,3,14,28,0,7,0
83,0,1264155981,0,0,0,0,1,0,30,5,42,0,0,1,0
83,1,122775550,0,1,0,0,2,1,30,6,19,23,0,1,1
83,2,3228744402,0,2,0,0,3,0,30,3,6,36,1,1,2
83,3,2892684821,0,3,0,0,0,1,30,0,36,6,1,2,2
83,4,2556625240,0,0,0,0,1,0,30,4,14,28,0,3,2
83,5,1367626796,0,1,0,0,2,1,30,5,13,29,0,3,3
83,6,226246365,0,2,0,0,3,0,30,6,29,13,0,4,3
83,7,3332215217,0,3,0,0,0,1,30,2,42,0,1,5,3
83,8,2996155636,0,0,0,0,1,0,30,4,25,17,0,6,3
83,9,512612407,0,1,0,0,2,1,30,2,41,1,1,7,3
84,0,1104298579,0,0,0,0,1,0,30,3,23,19,0,1,0
84,1,768238998,0,1,0,0,2,1,30,4,24,18,0,1,1
84,2,3068887000,0,2,0,0,3,0,30,3,7,35,1,1,2
84,3,2732827419,0,3,0,0,0,1,30,6,40,2,1,2,2
84,4,1543828975,0,0,0,0,1,0,30,5,29,13,0,3,2
84,5,1207769394,0,1,0,0,2,1,30,5,17,25,0,3,3
84,6,66388963,0,2,0,0,3,0,30,4,34,8,0,4,3
84,7,3172357815,0,3,0,0,0,1,30,4,15,27,0,4,4
84,8,2836298234,0,0,0,0,1,0,30,1,40,2,0,5,4
84,9,1647299790,0,1,0,0,2,1,30,4,41,1,1,6,4
84,10,505919359,0,2,0,0,3,0,30,0,29,13,0,7,4
85,0,1784020577,0,0,0,0,1,0,30,4,30,12,0,1,0
85,1,2690784907,0,1,0,0,2,1,30,4,31,11,1,2,0
85,2,1601125350,0,2,0,0,3,0,30,5,19,23,0,3,0
85,3,3412549417,0,3,0,0,0,1,30,4,35,7,1,4,0
85,4,3076489836,0,0,0,0,1,0,30,1,28,14,0,5,0
85,5,1082170542,0,1,0,0,2,1,30,1,29,13,0,5,1
85,6,2794255722,0,2,0,0,3,0,30,4,29,13,0,6,1
85,7,3852079813,0,3,0,0,0,1,30,4,42,0,1,7,1
86,0,3187807787,0,0,0,0,1,0,30,5,25,17,0,1,0
86,1,704264558,0,1,0,0,2,1,30,4,8,34,0,1,1
86,2,857428912,0,2,0,0,3,0,30,0,25,17,0,2,1
86,3,2668852979,0,3,0,0,0,1,30,5,31,11,1,3,1
86,4,3627338183,0,0,0,0,1,0,30,4,42,0,0,4,1
86,5,1143794954,0,1,0,0,2,1,30,5,31,11,1,5,1
86,6,2414523,0,2,0,0,3,0,30,5,29,13,0,6,1
86,7,3108383375,0,3,0,0,0,1,30,3,41,1,1,7,1
87,0,395966588,0,0,0,0,1,0,30,2,24,18,0,1,0
87,1,2207390655,0,1,0,0,2,1,30,4,41,1,1,2,0
87,2,3165875859,0,2,0,0,3,0,30,4,22,20,0,3,0
87,3,682332630,0,3,0,0,0,1,30,6,42,0,1,4,0
87,4,835496984,0,0,0,0,1,0,30,4,35,7,0,5,0
87,5,2646921051,0,1,0,0,2,1,30,4,35,7,1,6,0
87,6,2310861470,0,2,0,0,3,0,30,4,26,16,0,7,0
88,0,3707672383,0,0,0,0,1,0,30,1,14,28,0,1,0
88,1,3371612802,0,1,0,0,2,1,30,5,42,0,1,2,0
88,2,1377293508,0,2,0,0,3,0,30,5,7,35,1,2,1
88,3,1041233927,0,3,0,0,0,1,30,4,30,12,1,3,1
88,4,4147202779,0,0,0,0,1,0,30,6,14,28,0,4,1
88,5,3811143198,0,1,0,0,2,1,30,4,42,0,1,5,1
88,6,522279119,0,2,0,0,3,0,30,6,42,0,0,6,1
88,7,1480764323,0,3,0,0,0,1,30,4,41,1,1,7,1
89,0,2963975945,0,0,0,0,1,0,30,5,23,19,0,1,0
89,1,2627916364,0,1,0,0,2,1,30,4,41,1,1,2,0
89,2,3685740455,0,2,0,0,3,0,30,1,12,30,1,2,1
89,3,297537489,0,3,0,0,0,1,30,4,36,6,1,3,1
89,4,3403506341,0,0,0,0,1,0,30,5,42,0,0,4,1
89,5,3067446760,0,1,0,0,2,1,30,5,30,12,1,5,1
89,6,583903531,0,2,0,0,3,0,30,0,13,29,0,6,1
89,7,737067885,0,3,0,0,0,1,30,5,42,0,1,7,1
90,0,3643697943,0,0,0,0,1,0,30,6,35,7,0,1,0
90,1,3307638362,0,1,0,0,2,1,30,1,41,1,1,2,0
90,2,3460802716,0,2,0,0,3,0,30,5,35,7,0,3,0
90,3,977259487,0,3,0,0,0,1,30,5,25,17,0,3,1
90,4,641199906,0,0,0,0,1,0,30,3,39,3,0,4,1
90,5,3747168758,0,1,0,0,2,1,30,5,41,1,1,5,1
90,6,2605788327,0,2,0,0,3,0,30,5,41,1,0,6,1
90,7,1416789883,0,3,0,0,0,1,30,4,36,6,1,7,1
91,0,752517857,0,0,0,0,1,0,30,5,25,17,0,1,0
91,1,2563941924,0,1,0,0,2,1,30,0,41,1,1,2,0
91,2,3522427128,0,2,0,0,3,0,30,5,19,23,0,3,0
91,3,233563049,0,3,0,0,0,1,30,4,19,23,0,3,1
91,4,4192470764,0,0,0,0,1,0,30,3,23,19,0,4,1
91,5,3003472320,0,1,0,0,2,1,30,4,42,0,1,5,1
91,6,2667412739,0,2,0,0,3,0,30,5,35,7,0,6,1
91,7,1478414295,0,3,0,0,0,1,30,2,42,0,1,7,1
92,0,691999342,0,0,0,0,1,0,30,5,0,42,1,0,1
92,1,1650484546,0,1,0,0,2,1,30,1,15,27,0,0,2
92,2,3461908613,0,2,0,0,3,0,30,4,34,8,0,1,2
92,3,3125849032,0,3,0,0,0,1,30,0,29,13,0,1,3
92,4,1131529738,0,0,0,0,1,0,30,2,15,27,0,2,3
92,5,795470157,0,1,0,0,2,1,30,5,24,18,0,2,4
92,6,3901439009,0,2,0,0,3,0,30,2,17,25,0,3,4
92,7,3565379428,0,3,0,0,0,1,30,4,24,18,0,3,5
92,8,177176462,0,0,0,0,1,0,30,4,40,2,0,4,5
92,9,1235000553,0,1,0,0,2,1,30,4,7,35,0,4,6
92,10,898940972,0,2,0,0,3,0,30,5,2,40,1,4,7
93,0,1272382453,0,0,0,0,1,0,30,3,13,29,0,1,0
93,1,936322872,0,1,0,0,2,1,30,5,41,1,1,2,0
93,2,4042291724,0,2,0,0,3,0,30,1,30,12,0,3,0
93,3,2900911293,0,3,0,0,0,1,30,4,15,27,0,3,1
93,4,1711912849,0,0,0,0,1,0,30,5,13,29,0,4,1
93,5,1375853268,0,1,0,0,2,1,30,2,35,7,1,5,1
93,6,3187277335,0,2,0,0,3,0,30,2,34,8,0,6,1
93,7,3340441689,0,3,0,0,0,1,30,5,8,34,0,6,2
93,8,856898460,0,0,0,0,1,0,30,6,35,7,0,7,2
94,0,528686015,0,0,0,0,1,0,30,4,15,27,0,1,0
94,1,192626434,0,1,0,0,2,1,30,5,25,17,0,1,1
94,2,1250450525,0,2,0,0,3,0,30,5,31,11,0,2,1
94,3,914390944,0,3,0,0,0,1,30,5,8,34,0,2,2
94,4,968216411,0,0,0,0,1,0,30,4,33,9,0,3,2
94,5,632156830,0,1,0,0,2,1,30,4,42,0,1,4,2
94,6,2443580897,0,2,0,0,3,0,30,5,40,2,0,5,2
94,7,1353921340,0,3,0,0,0,1,30,4,7,35,0,5,3
94,8,2260685670,0,0,0,0,1,0,30,5,23,19,0,6,3
94,9,3318509761,0,1,0,0,2,1,30,4,18,24,0,6,4
94,10,2883111293,0,2,0,0,3,0,30,5,27,15,0,7,4
95,0,1208408013,0,0,0,0,1,0,30,4,16,26,0,1,0
95,1,872348432,0,1,0,0,2,1,30,5,29,13,0,1,1
95,2,3978317284,0,2,0,0,3,0,30,5,34,8,0,2,1
95,3,2836936853,0,3,0,0,0,1,30,5,41,1,1,3,1
95,4,2500877272,0,0,0,0,1,0,30,2,18,24,0,4,1
95,5,1311878828,0,1,0,0,2,1,30,5,36,6,1,5,1
95,6,975819247,0,2,0,0,3,0,30,4,16,26,0,6,1
95,7,3276467249,0,3,0,0,0,1,30,6,17,25,0,6,2
95,8,2940407668,0,0,0,0,1,0,30,5,13,29,0,7,2
96,0,1048550611,0,0,0,0,1,0,30,6,6,36,1,0,1
96,1,712491030,0,1,0,0,2,1,30,5,8,34,0,0,2
96,2,3818459882,0,2,0,0,3,0,30,6,29,13,0,1,2
96,3,3482400301,0,3,0,0,0,1,30,0,29,13,0,1,3
96,4,1488081007,0,0,0,0,1,0,30,4,0,42,1,1,4
96,5,1152021426,0,1,0,0,2,1,30,3,36,6,1,2,4
96,6,4257990278,0,2,0,0,3,0,30,5,23,19,0,3,4
96,7,3921930697,0,3,0,0,0,1,30,4,23,19,0,3,5
96,8,2780550266,0,0,0,0,1,0,30,4,41,1,0,4,5
96,9,1591551822,0,1,0,0,2,1,30,4,42,0,1,5,5
96,10,1255492241,0,2,0,0,3,0,30,4,25,17,0,6,5
96,11,66493797,0,3,0,0,0,1,30,4,20,22,0,6,6
96,12,3220080662,0,0,0,0,1,0,30,6,35,7,0,7,6
97,0,3875756257,0,0,0,0,1,0,30,5,39,3,0,1,0
97,1,3440357789,0,1,0,0,2,1,30,5,41,1,1,2,0
97,2,2350698232,0,2,0,0,3,0,30,6,29,13,0,3,0
97,3,3257462562,0,3,0,0,0,1,30,5,1,41,0,3,1
97,4,20319357,0,0,0,0,1,0,30,1,2,40,1,3,2
97,5,1831743424,0,1,0,0,2,1,30,5,30,12,1,4,2
97,6,3543828604,0,2,0,0,3,0,30,4,12,30,1,4,3
97,7,3696992958,0,3,0,0,0,1,30,5,18,24,0,4,4
97,8,1213449729,0,0,0,0,1,0,30,5,36,6,0,5,4
97,9,123790172,0,1,0,0,2,1,30,5,29,13,0,5,5
97,10,1935214239,0,2,0,0,3,0,30,3,19,23,0,6,5
97,11,4136523354,0,3,0,0,0,1,30,3,41,1,1,7,5
98,0,3132059819,0,0,0,0,1,0,30,5,24,18,0,1,0
98,1,2796000238,0,1,0,0,2,1,30,4,18,24,0,1,1
98,2,1607001794,0,2,0,0,3,0,30,6,11,31,1,1,2
98,3,3418425861,0,3,0,0,0,1,30,4,20,22,0,1,3
98,4,3571590215,0,0,0,0,1,0,30,0,24,18,0,2,3
98,5,3235530634,0,1,0,0,2,1,30,4,19,23,0,2,4
98,6,751987405,0,2,0,0,3,0,30,3,24,18,0,3,4
98,7,1710472609,0,3,0,0,0,1,30,5,36,6,1,4,4
98,8,2716575826,0,0,0,0,1,0,30,5,30,12,0,5,4
98,9,3675061030,0,1,0,0,2,1,30,4,7,35,0,5,5
98,10,1191517801,0,2,0,0,3,0,30,4,19,23,0,6,5
98,11,2150003005,0,3,0,0,0,1,30,5,18,24,0,6,6
98,12,3156106222,0,0,0,0,1,0,30,4,23,19,0,7,6
99,0,1145539470,0,0,0,0,1,0,30,4,2,40,1,0,1
99,1,2052303800,0,1,0,0,2,1,30,6,12,30,0,0,2
99,2,3110127891,0,2,0,0,3,0,30,5,42,0,0,1,2
99,3,2774068310,0,3,0,0,0,1,30,6,42,0,1,2,2
99,4,1585069866,0,0,0,0,1,0,30,5,19,23,0,3,2
99,5,2491834196,0,1,0,0,2,1,30,5,8,34,0,3,3
99,6,8290967,0,2,0,0,3,0,30,5,30,12,0,4,3
99,7,3213598706,0,3,0,0,0,1,30,4,42,0,1,5,3
99,8,730055477,0,0,0,0,1,0,30,6,12,30,1,5,4
99,9,1688540681,0,1,0,0,2,1,30,4,23,19,0,5,5
99,10,447821363,0,2,0,0,3,0,30,6,1,41,1,5,6
99,11,3653129102,0,3,0,0,0,1,30,6,36,6,1,6,6
99,12,1169585873,0,0,0,0,1,0,30,5,23,19,0,7,6
100,0,3651924415,0,0,0,0,1,0,30,4,0,42,1,0,1
100,1,3315864834,0,1,0,0,2,1,30,5,30,12,1,1,1
100,2,2126866390,0,2,0,0,3,0,30,5,19,23,0,2,1
100,3,985485959,0,3,0,0,0,1,30,4,36,6,1,3,1
100,4,4091454811,0,0,0,0,1,0,30,4,7,35,1,3,2
100,5,3755395230,0,1,0,0,2,1,30,0,35,7,1,4,2
100,6,2566396786,0,2,0,0,3,0,30,4,40,2,0,5,2
100,7,2230337205,0,3,0,0,0,1,30,4,25,17,0,5,3
100,8,1088956774,0,0,0,0,1,0,30,5,24,18,0,6,3
100,9,4194925626,0,1,0,0,2,1,30,5,20,22,0,6,4
100,10,3858866045,0,2,0,0,3,0,30,4,36,6,0,7,4
101,0,3713548827,0,0,0,0,1,0,30,5,42,0,0,1,0
101,1,2572168396,0,1,0,0,2,1,30,5,7,35,0,1,1
101,2,1383169952,0,2,0,0,3,0,30,6,20,22,0,2,1
101,3,1047110371,0,3,0,0,0,1,30,2,31,11,1,3,1
101,4,4153079223,0,0,0,0,1,0,30,5,41,1,0,4,1
101,5,3011698792,0,1,0,0,2,1,30,5,19,23,0,4,2
101,6,1822700348,0,2,0,0,3,0,30,4,35,7,0,5,2
101,7,1486640767,0,3,0,0,0,1,30,4,19,23,0,5,3
101,8,1150581186,0,0,0,0,1,0,30,6,41,1,0,6,3
101,9,3451229188,0,1,0,0,2,1,30,4,35,7,1,7,3
102,0,1440466327,0,0,0,0,1,0,30,5,8,34,1,0,1
102,1,3251890394,0,1,0,0,2,1,30,5,40,2,1,1,1
102,2,4210375598,0,2,0,0,3,0,30,1,39,3,0,2,1
102,3,1726832369,0,3,0,0,0,1,30,5,18,24,0,2,2
102,4,1879996723,0,0,0,0,1,0,30,4,1,41,1,2,3
102,5,1543937142,0,1,0,0,2,1,30,2,36,6,1,3,3
102,6,3355361209,0,2,0,0,3,0,30,4,23,19,0,4,3
102,7,2166362765,0,3,0,0,0,1,30,5,41,1,1,5,3
102,8,3073127095,0,0,0,0,1,0,30,2,34,8,0,6,3
102,9,1983467538,0,1,0,0,2,1,30,4,42,0,1,7,3
103,0,1502090739,0,0,0,0,1,0,30,6,35,7,0,1,0
103,1,360710308,0,1,0,0,2,1,30,5,26,16,0,1,1
103,2,3466679160,0,2,0,0,3,0,30,5,34,8,0,2,1
103,3,983135931,0,3,0,0,0,1,30,4,29,13,0,2,2
103,4,1941621135,0,0,0,0,1,0,30,4,27,15,0,3,2
103,5,800240704,0,1,0,0,2,1,30,5,35,7,1,4,2
103,6,2611664771,0,2,0,0,3,0,30,4,24,18,0,5,2
103,7,3570149975,0,3,0,0,0,1,30,5,24,18,0,5,3
103,8,1086606746,0,0,0,0,1,0,30,5,7,35,1,5,4
103,9,1239771100,0,1,0,0,2,1,30,5,40,2,1,6,4
103,10,3051195167,0,2,0,0,3,0,30,5,41,1,0,7,4
104,0,4008475684,0,0,0,0,1,0,30,0,35,7,0,1,0
104,1,3672416103,0,1,0,0,2,1,30,5,36,6,1,2,0
104,2,2483417659,0,2,0,0,3,0,30,4,6,36,1,2,1
104,3,1342037228,0,3,0,0,0,1,30,5,9,33,0,2,2
104,4,153038784,0,0,0,0,1,0,30,0,11,31,1,2,3
104,5,4111946499,0,1,0,0,2,1,30,4,23,19,0,2,4
104,6,1628403270,0,2,0,0,3,0,30,4,4,38,1,2,5
104,7,1781567624,0,3,0,0,0,1,30,5,42,0,1,3,5
104,8,1445508043,0,0,0,0,1,0,30,5,17,25,0,4,5
104,9,256509599,0,1,0,0,2,1,30,4,30,12,1,5,5
104,10,4215417314,0,2,0,0,3,0,30,4,42,0,0,6,5
104,11,2221098020,0,3,0,0,0,1,30,6,19,23,0,6,6
104,12,1885038439,0,0,0,0,1,0,30,2,18,24,0,7,6
105,0,1216634485,0,0,0,0,1,0,30,4,24,18,0,1,0
105,1,880574904,0,1,0,0,2,1,30,5,35,7,1,2,0
105,2,3986543756,0,2,0,0,3,0,30,5,19,23,0,3,0
105,3,3650484175,0,3,0,0,0,1,30,4,24,18,0,3,1
105,4,2461485731,0,0,0,0,1,0,30,6,26,16,0,4,1
105,5,1320105300,0,1,0,0,2,1,30,5,34,8,1,5,1
105,6,131106856,0,2,0,0,3,0,30,5,30,12,0,6,1
105,7,4090014571,0,3,0,0,0,1,30,5,24,18,0,6,2
105,8,1606471342,0,0,0,0,1,0,30,5,19,23,0,7,2
106,0,1278258897,0,0,0,0,1,0,30,4,18,24,0,1,0
106,1,942199316,0,1,0,0,2,1,30,5,19,23,0,1,1
106,2,3242847318,0,2,0,0,3,0,30,4,22,20,0,2,1
106,3,2906787737,0,3,0,0,0,1,30,5,29,13,0,2,2
106,4,1717789293,0,0,0,0,1,0,30,6,40,2,0,3,2
106,5,1381729712,0,1,0,0,2,1,30,3,42,0,1,4,2
106,6,3682377714,0,2,0,0,3,0,30,5,34,8,0,5,2
106,7,3346318133,0,3,0,0,0,1,30,4,13,29,0,5,3
106,8,3010258552,0,0,0,0,1,0,30,5,23,19,0,6,3
106,9,4068082643,0,1,0,0,2,1,30,4,30,12,1,7,3
107,0,4105464543,0,0,0,0,1,0,30,4,35,7,0,1,0
107,1,816600464,0,1,0,0,2,1,30,5,22,20,0,1,1
107,2,1775085668,0,2,0,0,3,0,30,5,29,13,0,2,1
107,3,3586509735,0,3,0,0,0,1,30,4,20,22,0,2,2
107,4,250027643,0,0,0,0,1,0,30,6,32,10,0,3,2
107,5,3403614508,0,1,0,0,2,1,30,4,30,12,1,4,2
107,6,920071279,0,2,0,0,3,0,30,6,28,14,0,5,2
107,7,4026040131,0,3,0,0,0,1,30,4,42,0,1,6,2
107,8,3689980550,0,0,0,0,1,0,30,3,23,19,0,7,2
108,0,3361768105,0,0,0,0,1,0,30,6,9,33,1,0,1
108,1,878224876,0,1,0,0,2,1,30,5,9,33,0,0,2
108,2,1031389230,0,2,0,0,3,0,30,0,28,14,0,1,2
108,3,695329649,0,3,0,0,0,1,30,5,24,18,0,1,3
108,4,3801298501,0,0,0,0,1,0,30,4,41,1,0,2,3
108,5,1317755272,0,1,0,0,2,1,30,5,36,6,1,3,3
108,6,176374841,0,2,0,0,3,0,30,5,19,23,0,4,3
108,7,1134860045,0,3,0,0,0,1,30,5,24,18,0,4,4
108,8,2946284112,0,0,0,0,1,0,30,1,6,36,1,4,5
108,9,1757285668,0,1,0,0,2,1,30,5,6,36,0,4,6
108,10,1421226087,0,2,0,0,3,0,30,4,13,29,0,5,6
108,11,1574390441,0,3,0,0,0,1,30,4,29,13,0,5,7
109,0,1573185754,0,0,0,0,1,0,30,6,41,1,0,1,0
109,1,1237126173,0,1,0,0,2,1,30,5,25,17,0,1,1
109,2,48127729,0,2,0,0,3,0,30,5,35,7,0,2,1
109,3,4007035444,0,3,0,0,0,1,30,5,40,2,1,3,1
109,4,2012716150,0,0,0,0,1,0,30,0,28,14,0,4,1
109,5,1676656569,0,1,0,0,2,1,30,6,42,0,1,5,1
109,6,3488080636,0,2,0,0,3,0,30,5,41,1,0,6,1
109,7,151598544,0,3,0,0,0,1,30,4,21,21,0,6,2
109,8,3305185409,0,0,0,0,1,0,30,4,16,26,0,7,2
110,0,3881632701,0,0,0,0,1,0,30,4,6,36,1,0,1
110,1,3545573120,0,1,0,0,2,1,30,1,35,7,1,1,1
110,2,1551253826,0,2,0,0,3,0,30,5,36,6,0,2,1
110,3,1215194245,0,3,0,0,0,1,30,5,24,18,0,2,2
110,4,26195801,0,0,0,0,1,0,30,3,7,35,1,2,3
110,5,3985103516,0,1,0,0,2,1,30,5,24,18,0,2,4
110,6,1990784222,0,2,0,0,3,0,30,4,14,28,0,3,4
110,7,1654724641,0,3,0,0,0,1,30,6,42,0,1,4,4
110,8,1318665060,0,0,0,0,1,0,30,1,34,8,0,5,4
110,9,129666616,0,1,0,0,2,1,30,4,35,7,1,6,4
110,10,3283253481,0,2,0,0,3,0,30,0,23,19,0,7,4
111,0,3137936263,0,0,0,0,1,0,30,4,36,6,0,1,0
111,1,2801876682,0,1,0,0,2,1,30,4,42,0,1,2,0
111,2,3859700773,0,2,0,0,3,0,30,3,34,8,0,3,0
111,3,471497807,0,3,0,0,0,1,30,4,40,2,1,4,0
111,4,1529321898,0,0,0,0,1,0,30,5,4,38,1,4,1
111,5,3241407078,0,1,0,0,2,1,30,4,2,40,0,4,2
111,6,4263873,0,2,0,0,3,0,30,1,30,12,0,5,2
111,7,911028203,0,3,0,0,0,1,30,5,6,36,0,5,3
111,8,574968622,0,0,0,0,1,0,30,2,23,19,0,6,3
111,9,1632792713,0,1,0,0,2,1,30,4,23,19,0,6,4
111,10,3344877893,0,2,0,0,3,0,30,4,17,25,0,7,4
112,0,1670174613,0,0,0,0,1,0,30,5,13,29,0,1,0
112,1,3481598680,0,1,0,0,2,1,30,0,24,18,0,1,1
112,2,3634763034,0,2,0,0,3,0,30,4,25,17,0,2,1
112,3,1151219805,0,3,0,0,0,1,30,5,34,8,1,3,1
112,4,2109705009,0,0,0,0,1,0,30,4,24,18,0,4,1
112,5,3921129076,0,1,0,0,2,1,30,2,40,2,1,5,1
112,6,2779748645,0,2,0,0,3,0,30,4,14,28,0,6,1
112,7,1590750201,0,3,0,0,0,1,30,5,30,12,1,7,1
113,0,3657800859,0,0,0,0,1,0,30,5,19,23,0,1,0
113,1,321318767,0,1,0,0,2,1,30,5,36,6,1,2,0
113,2,3474905632,0,2,0,0,3,0,30,5,17,25,0,3,0
113,3,991362403,0,3,0,0,0,1,30,4,1,41,0,3,1
113,4,4097331255,0,0,0,0,1,0,30,4,0,42,1,3,2
113,5,3761271674,0,1,0,0,2,1,30,4,42,0,1,4,2
113,6,2572273230,0,2,0,0,3,0,30,4,42,0,0,5,2
113,7,1430892799,0,3,0,0,0,1,30,4,30,12,1,6,2
113,8,2389378003,0,0,0,0,1,0,30,4,8,34,1,6,3
113,9,4200802070,0,1,0,0,2,1,30,0,23,19,0,6,4
113,10,3864742489,0,2,0,0,3,0,30,4,31,11,0,7,4
114,0,2190039209,0,0,0,0,1,0,30,5,42,0,0,1,0
114,1,3096803539,0,1,0,0,2,1,30,5,22,20,0,1,1
114,2,1907805095,0,2,0,0,3,0,30,5,31,11,0,2,1
114,3,1571745514,0,3,0,0,0,1,30,6,30,12,1,3,1
114,4,2629569605,0,0,0,0,1,0,30,5,42,0,0,4,1
114,5,2293510024,0,1,0,0,2,1,30,1,20,22,0,4,2
114,6,1052790706,0,2,0,0,3,0,30,4,31,11,0,5,2
114,7,2011275910,0,3,0,0,0,1,30,6,24,18,0,5,3
114,8,3822699977,0,0,0,0,1,0,30,6,18,24,0,6,3
114,9,2733040420,0,1,0,0,2,1,30,3,40,2,1,7,3
115,0,1446342771,0,0,0,0,1,0,30,6,35,7,0,1,0
115,1,1110283190,0,1,0,0,2,1,30,4,18,24,0,1,1
115,2,4216252042,0,2,0,0,3,0,30,4,34,8,0,2,1
115,3,3074871611,0,3,0,0,0,1,30,5,15,27,0,2,2
115,4,1885873167,0,0,0,0,1,0,30,4,25,17,0,3,2
115,5,1549813586,0,1,0,0,2,1,30,5,25,17,0,3,3
115,6,360815142,0,2,0,0,3,0,30,2,31,11,0,4,3
115,7,3514402007,0,3,0,0,0,1,30,4,19,23,0,4,4
115,8,3178342426,0,0,0,0,1,0,30,4,36,6,0,5,4
115,9,1989343982,0,1,0,0,2,1,30,4,39,3,1,6,4
115,10,3800768049,0,2,0,0,3,0,30,5,42,0,0,7,4
116,0,4174209530,0,0,0,0,1,0,30,1,25,17,0,1,0
116,1,3838149949,0,1,0,0,2,1,30,5,31,11,1,2,0
116,2,3991314303,0,2,0,0,3,0,30,4,24,18,0,3,0
116,3,1507771074,0,3,0,0,0,1,30,3,36,6,1,4,0
116,4,1171711493,0,0,0,0,1,0,30,1,24,18,0,5,0
116,5,4277680345,0,1,0,0,2,1,30,4,19,23,0,5,1
116,6,3136299914,0,2,0,0,3,0,30,6,28,14,0,6,1
116,7,1947301470,0,3,0,0,0,1,30,4,10,32,0,6,2
116,8,1611241889,0,0,0,0,1,0,30,4,23,19,0,7,2
117,0,1966207367,0,0,0,0,1,0,30,6,28,14,0,1,0
117,1,2924692571,0,1,0,0,2,1,30,5,25,17,0,1,1
117,2,3930795788,0,2,0,0,3,0,30,5,17,25,0,2,1
117,3,3594736207,0,3,0,0,0,1,30,4,14,28,0,2,2
117,4,2405737763,0,0,0,0,1,0,30,5,42,0,0,3,2
117,5,2069678182,0,1,0,0,2,1,30,4,40,2,1,4,2
117,6,2222842536,0,2,0,0,3,0,30,4,40,2,0,5,2
117,7,4034266603,0,3,0,0,0,1,30,5,22,20,0,5,3
117,8,3698207022,0,0,0,0,1,0,30,5,42,0,0,6,3
117,9,2509208578,0,1,0,0,2,1,30,4,9,33,0,6,4
117,10,2173148997,0,2,0,0,3,0,30,4,29,13,0,7,4
118,0,1222510929,0,0,0,0,1,0,30,5,12,30,1,0,1
118,1,2180996133,0,1,0,0,2,1,30,4,13,29,0,0,2
118,2,3992420200,0,2,0,0,3,0,30,3,21,21,0,1,2
118,3,3656360619,0,3,0,0,0,1,30,4,22,20,0,1,3
118,4,1662041325,0,0,0,0,1,0,30,0,34,8,0,2,3
118,5,1325981744,0,1,0,0,2,1,30,0,28,14,0,2,4
118,6,136983300,0,2,0,0,3,0,30,6,26,16,0,3,4
118,7,4095891015,0,3,0,0,0,1,30,5,24,18,0,3,5
118,8,4249055369,0,0,0,0,1,0,30,6,16,26,0,4,5
118,9,1765512140,0,1,0,0,2,1,30,2,42,0,1,5,5
118,10,1429452559,0,2,0,0,3,0,30,5,40,2,0,6,5
118,11,240454115,0,3,0,0,0,1,30,5,39,3,1,7,5
119,0,4049716575,0,0,0,0,1,0,30,5,23,19,0,1,0
119,1,3713656994,0,1,0,0,2,1,30,4,31,11,1,2,0
119,2,2524658550,0,2,0,0,3,0,30,4,29,13,0,3,0
119,3,3431422880,0,3,0,0,0,1,30,2,25,17,0,3,1
119,4,194279675,0,0,0,0,1,0,30,4,42,0,0,4,1
119,5,4153187390,0,1,0,0,2,1,30,4,24,18,0,4,2
119,6,1669644161,0,2,0,0,3,0,30,2,29,13,0,5,2
119,7,3870953276,0,3,0,0,0,1,30,5,1,41,0,5,3
119,8,1387410047,0,0,0,0,1,0,30,6,6,36,1,5,4
119,9,297750490,0,1,0,0,2,1,30,5,24,18,0,5,5
119,10,2109174557,0,2,0,0,3,0,30,0,19,23,0,6,5
119,11,2262338911,0,3,0,0,0,1,30,5,41,1,1,7,5
120,0,3306020137,0,0,0,0,1,0,30,5,18,24,0,1,0
120,1,2969960556,0,1,0,0,2,1,30,4,24,18,0,1,1
120,2,1780962112,0,2,0,0,3,0,30,5,19,23,0,2,1
120,3,1444902531,0,3,0,0,0,1,30,5,36,6,1,3,1
120,4,3745550533,0,0,0,0,1,0,30,5,34,8,0,4,1
120,5,3409490952,0,1,0,0,2,1,30,4,7,35,0,4,2
120,6,2220492508,0,2,0,0,3,0,30,4,6,36,1,4,3
120,7,1884432927,0,3,0,0,0,1,30,6,41,1,1,5,3
120,8,743052496,0,0,0,0,1,0,30,5,22,20,0,6,3
120,9,3849021348,0,1,0,0,2,1,30,5,23,19,0,6,4
120,10,1365478119,0,2,0,0,3,0,30,6,32,10,0,7,4
121,0,2322758636,0,0,0,0,1,0,30,4,41,1,0,1,0
121,1,1986699055,0,1,0,0,2,1,30,4,14,28,0,1,1
121,2,4287347057,0,2,0,0,3,0,30,4,34,8,0,2,1
121,3,3951287476,0,3,0,0,0,1,30,4,24,18,0,2,2
121,4,2762289032,0,0,0,0,1,0,30,4,2,40,1,2,3
121,5,2426229451,0,1,0,0,2,1,30,4,42,0,1,3,3
121,6,431910157,0,2,0,0,3,0,30,4,36,6,0,4,3
121,7,95850576,0,3,0,0,0,1,30,6,18,24,0,4,4
121,8,4054758291,0,0,0,0,1,0,30,5,18,24,0,5,4
121,9,2865759847,0,1,0,0,2,1,30,6,35,7,1,6,4
121,10,1724379416,0,2,0,0,3,0,30,5,24,18,0,7,4
122,0,3825884733,0,0,0,0,1,0,30,4,41,1,0,1,0
122,1,489402641,0,1,0,0,2,1,30,4,30,12,1,2,0
122,2,2300826708,0,2,0,0,3,0,30,5,36,6,0,3,0
122,3,1159446277,0,3,0,0,0,1,30,4,35,7,1,4,0
122,4,4265415129,0,0,0,0,1,0,30,2,40,2,0,5,0
122,5,3929355548,0,1,0,0,2,1,30,4,24,18,0,5,1
122,6,2740357104,0,2,0,0,3,0,30,5,40,2,0,6,1
122,7,2404297523,0,3,0,0,0,1,30,5,24,18,0,6,2
122,8,1262917092,0,0,0,0,1,0,30,4,2,40,1,6,3
122,9,73918648,0,1,0,0,2,1,30,5,23,19,0,6,4
122,10,4032826363,0,2,0,0,3,0,30,5,36,6,0,7,4
123,0,111300548,0,0,0,0,1,0,30,4,16,26,0,1,0
123,1,1922724615,0,1,0,0,2,1,30,6,19,23,0,1,1
123,2,2075888969,0,2,0,0,3,0,30,6,24,18,0,2,1
123,3,1739829388,0,3,0,0,0,1,30,4,25,17,0,2,2
123,4,550830944,0,0,0,0,1,0,30,5,0,42,1,2,3
123,5,2362255011,0,1,0,0,2,1,30,5,6,36,0,2,4
123,6,1220874580,0,2,0,0,3,0,30,6,14,28,0,3,4
123,7,2179359784,0,3,0,0,0,1,30,4,35,7,1,4,4
123,8,3990783851,0,0,0,0,1,0,30,5,30,12,0,5,4
123,9,654301759,0,1,0,0,2,1,30,5,19,23,0,5,5
123,10,2465725826,0,2,0,0,3,0,30,2,35,7,0,6,5
123,11,2618890180,0,3,0,0,0,1,30,2,36,6,1,7,5
124,0,1614426645,0,0,0,0,1,0,30,5,36,6,0,1,0
124,1,1278367064,0,1,0,0,2,1,30,0,34,8,1,2,0
124,2,89368620,0,2,0,0,3,0,30,5,19,23,0,3,0
124,3,1900792687,0,3,0,0,0,1,30,5,29,13,0,3,1
124,4,2053957041,0,0,0,0,1,0,30,5,8,34,1,3,2
124,5,1717897460,0,1,0,0,2,1,30,6,19,23,0,3,3
124,6,3529321527,0,2,0,0,3,0,30,5,42,0,0,4,3
124,7,192839435,0,3,0,0,0,1,30,5,2,40,0,4,4
124,8,3247087413,0,0,0,0,1,0,30,1,16,26,0,5,4
124,9,2157427856,0,1,0,0,2,1,30,5,18,24,0,5,5
124,10,3968851923,0,2,0,0,3,0,30,5,34,8,0,6,5
124,11,632369831,0,3,0,0,0,1,30,4,14,28,0,6,6
124,12,3686617809,0,0,0,0,1,0,30,3,34,8,0,7,6
125,0,1454569243,0,0,0,0,1,0,30,4,35,7,0,1,0
125,1,265570799,0,1,0,0,2,1,30,4,7,35,0,1,1
125,2,4224478514,0,2,0,0,3,0,30,4,42,0,0,2,1
125,3,1740935285,0,3,0,0,0,1,30,1,31,11,1,3,1
125,4,1894099639,0,0,0,0,1,0,30,4,42,0,0,4,1
125,5,3705523706,0,1,0,0,2,1,30,4,31,11,1,5,1
125,6,369041614,0,2,0,0,3,0,30,6,19,23,0,6,1
125,7,2180465681,0,3,0,0,0,1,30,2,25,17,0,6,2
125,8,2333630035,0,0,0,0,1,0,30,5,35,7,0,7,2
126,0,4182436002,0,0,0,0,1,0,30,3,13,29,0,1,0
126,1,3846376421,0,1,0,0,2,1,30,5,12,30,0,1,1
126,2,2657377977,0,2,0,0,3,0,30,5,13,29,0,2,1
126,3,1515997546,0,3,0,0,0,1,30,5,35,7,1,3,1
126,4,326999102,0,0,0,0,1,0,30,3,11,31,1,3,2
126,5,4285906817,0,1,0,0,2,1,30,5,35,7,1,4,2
126,6,1048763612,0,2,0,0,3,0,30,1,36,6,0,5,2
126,7,1955527942,0,3,0,0,0,1,30,1,42,0,1,6,2
126,8,1619468361,0,0,0,0,1,0,30,4,17,25,0,7,2
127,0,1390594803,0,0,0,0,1,0,30,0,42,0,0,1,0
127,1,1054535222,0,1,0,0,2,1,30,5,31,11,1,2,0
127,2,4160504074,0,2,0,0,3,0,30,4,23,19,0,3,0
127,3,3824444493,0,3,0,0,0,1,30,4,24,18,0,3,1
127,4,2635446049,0,0,0,0,1,0,30,0,41,1,0,4,1
127,5,1494065618,0,1,0,0,2,1,30,4,13,29,0,4,2
127,6,305067174,0,2,0,0,3,0,30,4,36,6,0,5,2
127,7,4263974889,0,3,0,0,0,1,30,5,42,0,1,6,2
127,8,3927915308,0,0,0,0,1,0,30,4,20,22,0,7,2
0,0,1909233376,1,0,0,0,1,1,30,5,34,8,1,1,0
0,1,767852945,1,1,0,0,2,0,30,4,25,17,0,2,0
0,2,431793364,1,2,0,0,3,1,30,6,14,28,0,2,1
0,3,3537762216,1,3,0,0,0,0,30,4,36,6,0,3,1
0,4,3201702635,1,0,0,0,1,1,30,5,25,17,0,3,2
0,5,1207383341,1,1,0,0,2,0,30,0,24,18,0,4,2
0,6,871323760,1,2,0,0,3,1,30,4,18,24,0,4,3
0,7,3977292612,1,3,0,0,0,0,30,5,27,15,0,5,3
0,8,3641233031,1,0,0,0,1,1,30,5,42,0,1,6,3
0,9,2499852600,1,1,0,0,2,0,30,4,36,6,0,7,3
1,0,3412359473,1,0,0,0,1,1,30,5,42,0,1,1,0
1,1,3076299892,1,1,0,0,2,0,30,1,11,31,1,1,1
1,2,3983064222,1,2,0,0,3,1,30,5,7,35,0,1,2
1,3,745921017,1,3,0,0,0,0,30,5,41,1,0,2,2
1,4,409861436,1,0,0,0,1,1,30,4,41,1,1,3,2
1,5,3515830288,1,1,0,0,2,0,30,0,28,14,0,4,2
1,6,3179770707,1,2,0,0,3,1,30,5,30,12,1,5,2
1,7,1185451413,1,3,0,0,0,0,30,5,34,8,0,6,2
1,8,849391832,1,0,0,0,1,1,30,3,30,12,1,7,2
2,0,2668663035,1,0,0,0,1,1,30,5,29,13,0,0,1
2,1,2332603454,1,1,0,0,2,0,30,2,19,23,0,1,1
2,2,1143605010,1,2,0,0,3,1,30,5,18,24,0,1,2
2,3,807545429,1,3,0,0,0,0,30,4,2,40,1,1,3
2,4,3961132294,1,0,0,0,1,1,30,1,30,12,1,2,3
2,5,2772133850,1,1,0,0,2,0,30,5,28,14,0,3,3
2,6,2436074269,1,2,0,0,3,1,30,2,25,17,0,3,4
2,7,1247075825,1,3,0,0,0,0,30,0,28,14,0,4,4
2,8,105695394,1,0,0,0,1,1,30,5,19,23,0,4,5
2,9,4064603109,1,1,0,0,2,0,30,2,42,0,0,5,5
2,10,2875604665,1,2,0,0,3,1,30,4,42,0,1,6,5
2,11,392061436,1,3,0,0,0,0,30,5,13,29,0,7,5
3,0,1954501361,1,0,0,0,1,1,30,5,31,11,1,1,0
3,1,864841804,1,1,0,0,2,0,30,4,8,34,1,1,1
3,2,2676265871,1,2,0,0,3,1,30,5,42,0,1,2,1
3,3,582607690,1,3,0,0,0,0,30,5,36,6,0,3,1
3,4,2394031757,1,0,0,0,1,1,30,6,42,0,1,4,1
3,5,1304372200,1,1,0,0,2,0,30,4,42,0,0,5,1
3,6,3115796267,1,2,0,0,3,1,30,4,18,24,0,5,2
3,7,4022560597,1,3,0,0,0,0,30,5,42,0,0,6,2
3,8,2833562153,1,0,0,0,1,1,30,4,30,12,1,7,2
4,0,1041043983,1,0,0,0,1,1,30,5,7,35,0,0,1
4,1,2852468050,1,1,0,0,2,0,30,5,19,23,0,1,1
4,2,3810953254,1,2,0,0,3,1,30,5,25,17,0,1,2
4,3,522089175,1,3,0,0,0,0,30,0,17,25,0,2,2
4,4,186029594,1,0,0,0,1,1,30,4,41,1,1,3,2
4,5,3291998446,1,1,0,0,2,0,30,5,40,2,0,4,2
4,6,2955938865,1,2,0,0,3,1,30,4,34,8,1,5,2
4,7,3109103219,1,3,0,0,0,0,30,2,23,19,0,6,2
4,8,625559990,1,0,0,0,1,1,30,2,36,6,1,7,2
5,0,3768910742,1,0,0,0,1,1,30,5,42,0,1,1,0
5,1,3432851161,1,1,0,0,2,0,30,3,30,12,0,2,0
5,2,2291470730,1,2,0,0,3,1,30,4,30,12,1,3,0
5,3,1102472286,1,3,0,0,0,0,30,4,30,12,0,4,0
5,4,766412705,1,0,0,0,1,1,30,3,42,0,1,5,0
5,5,3872381557,1,1,0,0,2,0,30,4,23,19,0,6,0
5,6,2731001126,1,2,0,0,3,1,30,5,29,13,0,6,1
5,7,1542002682,1,3,0,0,0,0,30,5,30,12,0,7,1
6,0,977069543,1,0,0,0,1,1,30,5,30,12,1,1,0
6,1,641009962,1,1,0,0,2,0,30,4,22,20,0,2,0
6,2,304950381,1,2,0,0,3,1,30,4,34,8,1,3,0
6,3,3410919233,1,3,0,0,0,0,30,5,41,1,0,4,0
6,4,2269538802,1,0,0,0,1,1,30,2,39,3,1,5,0
6,5,1080540358,1,1,0,0,2,0,30,1,23,19,0,6,0
6,6,744480777,1,2,0,0,3,1,30,6,41,1,1,7,0
7,0,262907869,1,0,0,0,1,1,30,5,13,29,0,0,1
7,1,3368876721,1,1,0,0,2,0,30,2,31,11,0,1,1
7,2,2227496290,1,2,0,0,3,1,30,5,42,0,1,2,1
7,3,3185981494,1,3,0,0,0,0,30,4,39,3,0,3,1
7,4,702438265,1,0,0,0,1,1,30,4,39,3,1,4,1
7,5,3808407117,1,1,0,0,2,0,30,4,13,29,0,5,1
7,6,3472347536,1,2,0,0,3,1,30,5,41,1,1,6,1
7,7,2330967105,1,3,0,0,0,0,30,5,7,35,1,6,2
7,8,1141968661,1,0,0,0,1,1,30,5,28,14,0,6,3
7,9,805909080,1,1,0,0,2,0,30,4,41,1,0,7,3
8,0,3644417787,1,0,0,0,1,1,30,5,18,24,0,0,1
8,1,3209019319,1,1,0,0,2,0,30,4,17,25,0,1,1
8,2,4266843410,1,2,0,0,3,1,30,4,41,1,1,2,1
8,3,878640444,1,3,0,0,0,0,30,4,17,25,0,3,1
8,4,542580863,1,0,0,0,1,1,30,5,9,33,0,3,2
8,5,1600404954,1,1,0,0,2,0,30,4,25,17,0,4,2
8,6,3312490134,1,2,0,0,3,1,30,4,41,1,1,5,2
8,7,1318170840,1,3,0,0,0,0,30,5,28,14,0,6,2
8,8,982111259,1,0,0,0,1,1,30,4,14,28,0,6,3
8,9,2039935350,1,1,0,0,2,0,30,5,0,42,1,6,4
8,10,1703875769,1,2,0,0,3,1,30,4,24,18,0,6,5
8,11,2610640099,1,3,0,0,0,0,30,6,12,30,1,6,6
8,12,1421641655,1,0,0,0,1,1,30,4,2,40,0,6,7
9,0,2900721349,1,0,0,0,1,1,30,4,25,17,0,0,1
9,1,417178120,1,1,0,0,2,0,30,3,11,31,1,0,2
9,2,1375663324,1,2,0,0,3,1,30,0,19,23,0,0,3
9,3,3187087391,1,3,0,0,0,0,30,4,23,19,0,1,3
9,4,2045706960,1,0,0,0,1,1,30,6,30,12,1,2,3
9,5,856708516,1,1,0,0,2,0,30,5,24,18,0,3,3
9,6,520648935,1,2,0,0,3,1,30,5,40,2,1,4,3
9,7,3626617787,1,3,0,0,0,0,30,6,42,0,0,5,3
9,8,3290558206,1,0,0,0,1,1,30,5,25,17,0,5,4
9,9,1296238912,1,1,0,0,2,0,30,1,24,18,0,6,4
9,10,960179331,1,2,0,0,3,1,30,4,23,19,0,6,5
9,11,624119750,1,3,0,0,0,0,30,4,25,17,0,7,5
10,0,1333620812,1,0,0,0,1,1,30,2,20,22,0,0,1
10,1,997561231,1,1,0,0,2,0,30,4,24,18,0,1,1
10,2,2808985298,1,2,0,0,3,1,30,2,36,6,1,2,1
10,3,2962149652,1,3,0,0,0,0,30,5,33,9,0,3,1
10,4,2626090071,1,0,0,0,1,1,30,5,15,27,0,3,2
10,5,1437091627,1,1,0,0,2,0,30,1,11,31,1,3,3
10,6,1101032046,1,2,0,0,3,1,30,1,18,24,0,3,4
10,7,3401680048,1,3,0,0,0,0,30,5,41,1,0,4,4
10,8,3065620467,1,0,0,0,1,1,30,4,19,23,0,4,5
10,9,582077238,1,1,0,0,2,0,30,4,19,23,0,5,5
10,10,1540562442,1,2,0,0,3,1,30,2,41,1,1,6,5
10,11,3351986509,1,3,0,0,0,0,30,4,21,21,0,7,5
11,0,3642067759,1,0,0,0,1,1,30,6,24,18,0,0,1
11,1,2500687328,1,1,0,0,2,0,30,6,27,15,0,1,1
11,2,2164627747,1,2,0,0,3,1,30,4,1,41,0,1,2
11,3,975629303,1,3,0,0,0,0,30,5,29,13,0,2,2
11,4,639569722,1,0,0,0,1,1,30,5,41,1,1,3,2
11,5,2940217724,1,1,0,0,2,0,30,6,34,8,0,4,2
11,6,2604158143,1,2,0,0,3,1,30,5,30,12,1,5,2
11,7,1415159699,1,3,0,0,0,0,30,2,38,4,0,6,2
11,8,1079100118,1,0,0,0,1,1,30,4,24,18,0,6,3
11,9,2085203335,1,1,0,0,2,0,30,4,18,24,0,7,3
12,0,2122585235,1,0,0,0,1,1,30,4,15,27,0,0,1
12,1,933586791,1,1,0,0,2,0,30,5,15,27,0,1,1
12,2,597527210,1,2,0,0,3,1,30,3,26,16,0,1,2
12,3,3703496062,1,3,0,0,0,0,30,5,18,24,0,2,2
12,4,2562115631,1,0,0,0,1,1,30,4,18,24,0,2,3
12,5,1373117187,1,1,0,0,2,0,30,4,34,8,0,3,3
12,6,1037057606,1,2,0,0,3,1,30,5,19,23,0,3,4
12,7,700998025,1,3,0,0,0,0,30,1,41,1,0,4,4
12,8,3001646027,1,0,0,0,1,1,30,2,36,6,1,5,4
12,9,2665586446,1,1,0,0,2,0,30,4,40,2,0,6,4
12,10,1476588002,1,2,0,0,3,1,30,4,3,39,0,6,5
12,11,1140528421,1,3,0,0,0,0,30,4,33,9,0,7,5
13,0,1209127857,1,0,0,0,1,1,30,6,29,13,0,0,1
13,1,773729389,1,1,0,0,2,0,30,5,23,19,0,1,1
13,2,3979037128,1,2,0,0,3,1,30,0,31,11,1,2,1
13,3,1495493899,1,3,0,0,0,0,30,4,28,14,0,3,1
13,4,2402258229,1,0,0,0,1,1,30,5,35,7,1,4,1
13,5,3460082320,1,1,0,0,2,0,30,4,40,2,0,5,1
13,6,877200204,1,2,0,0,3,1,30,6,30,12,1,6,1
13,7,1935024295,1,3,0,0,0,0,30,5,23,19,0,7,1
14,0,3936994616,1,0,0,0,1,1,30,5,41,1,1,1,0
14,1,3600935035,1,1,0,0,2,0,30,4,17,25,0,2,0
14,2,1117391806,1,2,0,0,3,1,30,4,23,19,0,2,1
14,3,1270556160,1,3,0,0,0,0,30,2,19,23,0,3,1
14,4,934496579,1,0,0,0,1,1,30,4,18,24,0,3,2
14,5,4040465431,1,1,0,0,2,0,30,5,23,19,0,4,2
14,6,1556922202,1,2,0,0,3,1,30,4,41,1,1,5,2
14,7,415541771,1,3,0,0,0,0,30,5,40,2,0,6,2
14,8,1374026975,1,0,0,0,1,1,30,1,34,8,1,7,2
15,0,3193298178,1,0,0,0,1,1,30,4,36,6,1,1,0
15,1,2857238597,1,1,0,0,2,0,30,4,30,12,0,2,0
15,2,373695368,1,2,0,0,3,1,30,4,8,34,0,2,1
15,3,1332180572,1,3,0,0,0,0,30,5,30,12,0,3,1
15,4,190800141,1,0,0,0,1,1,30,4,42,0,1,4,1
15,5,3296768993,1,1,0,0,2,0,30,5,29,13,0,5,1
15,6,2960709412,1,2,0,0,3,1,30,4,29,13,0,5,2
15,7,4018533503,1,3,0,0,0,0,30,4,12,30,1,5,3
15,8,3583135035,1,0,0,0,1,1,30,4,2,40,0,5,4
15,9,2441754604,1,1,0,0,2,0,30,4,29,13,0,6,4
15,10,3400239808,1,2,0,0,3,1,30,4,33,9,1,7,4
16,0,1206777829,1,0,0,0,1,1,30,5,31,11,1,1,0
16,1,870718248,1,1,0,0,2,0,30,4,20,22,0,2,0
16,2,4024305113,1,2,0,0,3,1,30,5,17,25,0,2,1
16,3,2835306669,1,3,0,0,0,0,30,5,22,20,0,3,1
16,4,2499247088,1,0,0,0,1,1,30,0,19,23,0,3,2
16,5,1310248644,1,1,0,0,2,0,30,5,31,11,0,4,2
16,6,168868213,1,2,0,0,3,1,30,2,28,14,0,4,3
16,7,3274837065,1,3,0,0,0,0,30,4,39,3,0,5,3
16,8,2938777484,1,0,0,0,1,1,30,5,41,1,1,6,3
16,9,455234255,1,1,0,0,2,0,30,3,1,41,1,6,4
16,10,608398609,1,2,0,0,3,1,30,2,18,24,0,6,5
16,11,2419822676,1,3,0,0,0,0,30,0,30,12,0,7,5
17,0,3713162774,1,0,0,0,1,1,30,5,25,17,0,0,1
17,1,3377103193,1,1,0,0,2,0,30,4,35,7,0,1,1
17,2,2188104749,1,2,0,0,3,1,30,4,7,35,0,1,2
17,3,1852045168,1,3,0,0,0,0,30,5,40,2,0,2,2
17,4,710664737,1,0,0,0,1,1,30,0,41,1,1,3,2
17,5,3816633589,1,1,0,0,2,0,30,4,28,14,0,4,2
17,6,3480574008,1,2,0,0,3,1,30,6,25,17,0,4,3
17,7,2291575564,1,3,0,0,0,0,30,4,30,12,0,5,3
17,8,1150195133,1,0,0,0,1,1,30,4,30,12,1,6,3
17,9,814135552,1,1,0,0,2,0,30,4,25,17,0,7,3
18,0,1726642425,1,0,0,0,1,1,30,4,1,41,0,0,1
18,1,2633406755,1,1,0,0,2,0,30,4,29,13,0,1,1
18,2,1543747198,1,2,0,0,3,1,30,4,24,18,0,1,2
18,3,3355171265,1,3,0,0,0,0,30,0,26,16,0,2,2
18,4,3019111684,1,0,0,0,1,1,30,0,14,28,0,2,3
18,5,1024792390,1,1,0,0,2,0,30,6,25,17,0,3,3
18,6,2736877570,1,2,0,0,3,1,30,5,25,17,0,3,4
18,7,3794701661,1,3,0,0,0,0,30,6,29,13,0,4,4
18,8,3458642080,1,0,0,0,1,1,30,4,8,34,0,4,5
18,9,2269643636,1,1,0,0,2,0,30,5,41,1,0,5,5
18,10,1128263205,1,2,0,0,3,1,30,5,29,13,0,5,6
18,11,792203624,1,3,0,0,0,0,30,5,24,18,0,6,6
18,12,3898172476,1,0,0,0,1,1,30,4,29,13,0,6,7
19,0,1501704686,1,0,0,0,1,1,30,4,30,12,1,1,0
19,1,1165645105,1,1,0,0,2,0,30,0,35,7,0,2,0
19,2,2977069172,1,2,0,0,3,1,30,5,21,21,0,2,1
19,3,3935554376,1,3,0,0,0,0,30,0,6,36,1,2,2
19,4,2794173945,1,0,0,0,1,1,30,4,40,2,1,3,2
19,5,1605175501,1,1,0,0,2,0,30,5,27,15,0,4,2
19,6,3416599568,1,2,0,0,3,1,30,4,19,23,0,4,3
19,7,3080539987,1,3,0,0,0,0,30,6,25,17,0,5,3
19,8,3233704341,1,0,0,0,1,1,30,4,7,35,0,5,4
19,9,750161112,1,1,0,0,2,0,30,6,27,15,0,6,4
19,10,3856129964,1,2,0,0,3,1,30,1,41,1,1,7,4
20,0,3810151633,1,0,0,0,1,1,30,1,42,0,1,1,0
20,1,3474092052,1,1,0,0,2,0,30,4,22,20,0,2,0
20,2,85889086,1,2,0,0,3,1,30,4,41,1,1,3,0
20,3,3191857938,1,3,0,0,0,0,30,0,16,26,0,4,0
20,4,708314709,1,0,0,0,1,1,30,6,12,30,0,4,1
20,5,3913622448,1,1,0,0,2,0,30,6,12,30,1,4,2
20,6,525419482,1,2,0,0,3,1,30,5,16,26,0,4,3
20,7,1583243573,1,3,0,0,0,0,30,5,41,1,0,5,3
20,8,1147845105,1,0,0,0,1,1,30,5,25,17,0,5,4
20,9,811785524,1,1,0,0,2,0,30,3,13,29,0,6,4
20,10,964949878,1,2,0,0,3,1,30,1,34,8,1,7,4
21,0,3650294231,1,0,0,0,1,1,30,2,42,0,1,1,0
21,1,1166751002,1,1,0,0,2,0,30,4,34,8,0,2,0
21,2,1319915356,1,2,0,0,3,1,30,4,19,23,0,2,1
21,3,983855775,1,3,0,0,0,0,30,3,24,18,0,3,1
21,4,4089824627,1,0,0,0,1,1,30,4,24,18,0,3,2
21,5,3753765046,1,1,0,0,2,0,30,6,28,14,0,4,2
21,6,464900967,1,2,0,0,3,1,30,6,24,18,0,4,3
21,7,1423386171,1,3,0,0,0,0,30,5,34,8,0,5,3
21,8,3234810238,1,0,0,0,1,1,30,3,23,19,0,5,4
21,9,4193295442,1,1,0,0,2,0,30,4,35,7,0,6,4
21,10,904431363,1,2,0,0,3,1,30,2,42,0,1,7,4
22,0,2083193694,1,0,0,0,1,1,30,4,35,7,1,1,0
22,1,941813263,1,1,0,0,2,0,30,2,0,42,1,1,1
22,2,4047782115,1,2,0,0,3,1,30,6,30,12,1,2,1
22,3,3711722534,1,3,0,0,0,0,30,6,13,29,0,3,1
22,4,3375662953,1,0,0,0,1,1,30,0,14,28,0,3,2
22,5,1381343659,1,1,0,0,2,0,30,5,24,18,0,4,2
22,6,1045284078,1,2,0,0,3,1,30,5,12,30,0,4,3
22,7,4151252930,1,3,0,0,0,0,30,4,35,7,0,5,3
22,8,3815193349,1,0,0,0,1,1,30,0,42,0,1,6,3
22,9,2673812918,1,1,0,0,2,0,30,4,33,9,0,7,3
23,0,3586319791,1,0,0,0,1,1,30,4,14,28,0,0,1
23,1,3250260210,1,1,0,0,2,0,30,5,24,18,0,1,1
23,2,3403424564,1,2,0,0,3,1,30,5,7,35,0,1,2
23,3,919881335,1,3,0,0,0,0,30,2,19,23,0,2,2
23,4,583821754,1,0,0,0,1,1,30,4,13,29,0,2,3
23,5,3689790606,1,1,0,0,2,0,30,4,36,6,0,3,3
23,6,3353731025,1,2,0,0,3,1,30,5,22,20,0,3,4
23,7,1359411731,1,3,0,0,0,0,30,5,29,13,0,4,4
23,8,1023352150,1,0,0,0,1,1,30,5,24,18,0,4,5
23,9,4129321002,1,1,0,0,2,0,30,6,42,0,0,5,5
23,10,3793261421,1,2,0,0,3,1,30,1,42,0,1,6,5
23,11,2651880990,1,3,0,0,0,0,30,5,31,11,0,7,5
24,0,4166702902,1,0,0,0,1,1,30,2,41,1,1,1,0
24,1,3025322471,1,1,0,0,2,0,30,6,36,6,0,2,0
24,2,541779242,1,2,0,0,3,1,30,6,41,1,1,3,0
24,3,1500264446,1,3,0,0,0,0,30,4,17,25,0,4,0
24,4,3311688513,1,0,0,0,1,1,30,5,25,17,0,4,1
24,5,3464852867,1,1,0,0,2,0,30,5,22,20,0,5,1
24,6,981309638,1,2,0,0,3,1,30,4,35,7,1,6,1
24,7,645250057,1,3,0,0,0,0,30,6,20,22,0,7,1
25,0,1958700739,1,0,0,0,1,1,30,5,26,16,0,0,1
25,1,1523302271,1,1,0,0,2,0,30,4,8,34,1,0,2
25,2,1676466625,1,2,0,0,3,1,30,1,18,24,0,0,3
25,3,3487890692,1,3,0,0,0,0,30,2,31,11,0,1,3
25,4,3151831111,1,0,0,0,1,1,30,3,30,12,1,2,3
25,5,4209655202,1,1,0,0,2,0,30,4,13,29,0,3,3
25,6,821452236,1,2,0,0,3,1,30,4,8,34,0,3,4
25,7,1779937440,1,3,0,0,0,0,30,5,33,9,0,4,4
25,8,3591361507,1,0,0,0,1,1,30,4,30,12,1,5,4
25,9,354218302,1,1,0,0,2,0,30,6,30,12,0,6,4
25,10,1260982632,1,2,0,0,3,1,30,5,22,20,0,6,5
25,11,924923051,1,3,0,0,0,0,30,4,42,0,0,7,5
26,0,391600202,1,0,0,0,1,1,30,5,24,18,0,0,1
26,1,3545187067,1,1,0,0,2,0,30,5,35,7,0,1,1
26,2,3209127486,1,2,0,0,3,1,30,2,35,7,1,2,1
26,3,2020129042,1,3,0,0,0,0,30,4,23,19,0,3,1
26,4,1684069461,1,0,0,0,1,1,30,4,25,17,0,3,2
26,5,3984717463,1,1,0,0,2,0,30,3,17,25,0,4,2
26,6,3648657882,1,2,0,0,3,1,30,5,13,29,0,4,3
26,7,2459659438,1,3,0,0,0,0,30,4,35,7,0,5,3
26,8,2123599857,1,0,0,0,1,1,30,3,42,0,1,6,3
26,9,3030364187,1,1,0,0,2,0,30,3,6,36,1,6,4
26,10,4088188278,1,2,0,0,3,1,30,4,23,19,0,6,5
26,11,1604645049,1,3,0,0,0,0,30,5,29,13,0,7,5
27,0,3942871060,1,0,0,0,1,1,30,5,30,12,1,1,0
27,1,3606811479,1,1,0,0,2,0,30,5,29,13,0,2,0
27,2,1612492185,1,2,0,0,3,1,30,2,42,0,1,3,0
27,3,1276432604,1,3,0,0,0,0,30,5,19,23,0,4,0
27,4,940373023,1,0,0,0,1,1,30,6,13,29,0,4,1
27,5,4046341875,1,1,0,0,2,0,30,3,22,20,0,5,1
27,6,2904961444,1,2,0,0,3,1,30,4,31,11,1,6,1
27,7,1715963000,1,3,0,0,0,0,30,5,35,7,0,7,1
28,0,1151029861,1,0,0,0,1,1,30,5,31,11,1,1,0
28,1,814970280,1,1,0,0,2,0,30,5,19,23,0,2,0
28,2,3920939132,1,2,0,0,3,1,30,5,29,13,0,2,1
28,3,3584879551,1,3,0,0,0,0,30,6,33,9,0,3,1
28,4,2443499120,1,0,0,0,1,1,30,5,13,29,0,3,2
28,5,1254500676,1,1,0,0,2,0,30,5,36,6,0,4,2
28,6,918441095,1,2,0,0,3,1,30,4,25,17,0,4,3
28,7,4024409947,1,3,0,0,0,0,30,4,25,17,0,5,3
28,8,2883029516,1,0,0,0,1,1,30,4,19,23,0,5,4
28,9,1694031072,1,1,0,0,2,0,30,5,16,26,0,6,4
28,10,1357971491,1,2,0,0,3,1,30,5,29,13,0,6,5
28,11,3169395558,1,3,0,0,0,0,30,4,28,14,0,7,5
29,0,2315252008,1,0,0,0,1,1,30,6,7,35,0,0,1
29,1,3321355225,1,1,0,0,2,0,30,4,29,13,0,1,1
29,2,4279840429,1,2,0,0,3,1,30,1,36,6,1,2,1
29,3,1796297200,1,3,0,0,0,0,30,4,36,6,0,3,1
29,4,1460237619,1,0,0,0,1,1,30,4,31,11,1,4,1
29,5,271239175,1,1,0,0,2,0,30,4,19,23,0,5,1
29,6,3424826040,1,2,0,0,3,1,30,4,30,12,1,6,1
29,7,2235827596,1,3,0,0,0,0,30,5,34,8,0,7,1
30,0,3818378105,1,0,0,0,1,1,30,2,40,2,1,1,0
30,1,3382979637,1,1,0,0,2,0,30,1,41,1,0,2,0
30,2,2293320080,1,2,0,0,3,1,30,4,6,36,0,2,1
30,3,1052600762,1,3,0,0,0,0,30,0,24,18,0,3,1
30,4,716541181,1,0,0,0,1,1,30,4,41,1,1,4,1
30,5,1774365272,1,1,0,0,2,0,30,4,40,2,0,5,1
30,6,3486450452,1,2,0,0,3,1,30,6,31,11,1,6,1
30,7,3639614806,1,3,0,0,0,0,30,5,25,17,0,7,1
31,0,2251277568,1,0,0,0,1,1,30,1,29,13,0,0,1
31,1,1915217987,1,1,0,0,2,0,30,0,36,6,0,1,1
31,2,773837556,1,2,0,0,3,1,30,4,24,18,0,1,2
31,3,3879806408,1,3,0,0,0,0,30,2,28,14,0,2,2
31,4,3543746827,1,0,0,0,1,1,30,4,41,1,1,3,2
31,5,2354748383,1,1,0,0,2,0,30,0,24,18,0,4,2
31,6,1213367952,1,2,0,0,3,1,30,4,2,40,0,4,3
31,7,24369508,1,3,0,0,0,0,30,2,34,8,0,5,3
31,8,3983277223,1,0,0,0,1,1,30,5,9,33,0,5,4
31,9,1499733994,1,1,0,0,2,0,30,4,31,11,0,6,4
31,10,1652898348,1,2,0,0,3,1,30,3,40,2,1,7,4
32,0,1507581130,1,0,0,0,1,1,30,5,42,0,1,1,0
32,1,1171521549,1,1,0,0,2,0,30,6,17,25,0,2,0
32,2,835461968,1,2,0,0,3,1,30,4,34,8,1,3,0
32,3,3136109970,1,3,0,0,0,0,30,4,26,16,0,4,0
32,4,2800050389,1,0,0,0,1,1,30,5,8,34,0,4,1
32,5,1611051945,1,1,0,0,2,0,30,5,40,2,0,5,1
32,6,1274992364,1,2,0,0,3,1,30,4,40,2,1,6,1
32,7,3575640366,1,3,0,0,0,0,30,4,41,1,0,7,1
33,0,2771142164,1,0,0,0,1,1,30,5,19,23,0,0,1
33,1,3677906494,1,1,0,0,2,0,30,5,25,17,0,1,1
33,2,2588246937,1,2,0,0,3,1,30,5,31,11,1,2,1
33,3,2152848469,1,3,0,0,0,0,30,4,36,6,0,3,1
33,4,1816788888,1,0,0,0,1,1,30,6,9,33,0,3,2
33,5,4117436890,1,1,0,0,2,0,30,4,23,19,0,4,2
33,6,3781377309,1,2,0,0,3,1,30,2,24,18,0,4,3
33,7,544234104,1,3,0,0,0,0,30,6,17,25,0,5,3
33,8,2256319284,1,0,0,0,1,1,30,3,35,7,1,6,3
33,9,3314143375,1,1,0,0,2,0,30,6,26,16,0,7,3
34,0,4174929374,1,0,0,0,1,1,30,6,28,14,0,0,1
34,1,1691386145,1,1,0,0,2,0,30,3,30,12,0,1,1
34,2,502387701,1,2,0,0,3,1,30,4,22,20,0,1,2
34,3,3655974566,1,3,0,0,0,0,30,4,41,1,0,2,2
34,4,3319914985,1,0,0,0,1,1,30,4,28,14,0,2,3
34,5,2130916541,1,1,0,0,2,0,30,2,18,24,0,3,3
34,6,1794856960,1,2,0,0,3,1,30,2,35,7,1,4,3
34,7,4095504962,1,3,0,0,0,0,30,4,25,17,0,5,3
34,8,3759445381,1,0,0,0,1,1,30,3,40,2,1,6,3
34,9,2570446937,1,1,0,0,2,0,30,4,12,30,1,6,4
34,10,2234387356,1,2,0,0,3,1,30,4,36,6,1,7,4
35,0,1383088175,1,0,0,0,1,1,30,6,15,27,0,0,1
35,1,3194512242,1,1,0,0,2,0,30,3,28,14,0,1,1
35,2,4152997446,1,2,0,0,3,1,30,4,42,0,1,2,1
35,3,1669454217,1,3,0,0,0,0,30,4,21,21,0,3,1
35,4,2576218547,1,0,0,0,1,1,30,5,8,34,0,3,2
35,5,3634042638,1,1,0,0,2,0,30,2,23,19,0,4,2
35,6,3297983057,1,2,0,0,3,1,30,4,31,11,1,5,2
35,7,2108984613,1,3,0,0,0,0,30,5,34,8,0,6,2
35,8,3015748943,1,0,0,0,1,1,30,5,30,12,1,7,2
36,0,4110954934,1,0,0,0,1,1,30,5,25,17,0,0,1
36,1,3774895353,1,1,0,0,2,0,30,4,18,24,0,1,1
36,2,1291352124,1,2,0,0,3,1,30,5,24,18,0,1,2
36,3,1444516478,1,3,0,0,0,0,30,5,30,12,0,2,2
36,4,1108456897,1,0,0,0,1,1,30,5,34,8,1,3,2
36,5,4214425749,1,1,0,0,2,0,30,1,12,30,1,3,3
36,6,3878366168,1,2,0,0,3,1,30,4,24,18,0,3,4
36,7,1884046874,1,3,0,0,0,0,30,5,23,19,0,4,4
36,8,1547987293,1,0,0,0,1,1,30,4,24,18,0,4,5
36,9,3359411360,1,1,0,0,2,0,30,4,18,24,0,5,5
36,10,22929268,1,2,0,0,3,1,30,1,30,12,1,6,5
36,11,1029032485,1,3,0,0,0,0,30,4,18,24,0,7,5
37,0,3367258496,1,0,0,0,1,1,30,6,30,12,1,1,0
37,1,3031198915,1,1,0,0,2,0,30,5,40,2,0,2,0
37,2,2695139334,1,2,0,0,3,1,30,4,42,0,1,3,0
37,3,1506140890,1,3,0,0,0,0,30,6,42,0,0,4,0
37,4,1170081309,1,0,0,0,1,1,30,4,23,19,0,4,1
37,5,3470729311,1,1,0,0,2,0,30,4,18,24,0,5,1
37,6,3134669730,1,2,0,0,3,1,30,4,30,12,1,6,1
37,7,4192493821,1,3,0,0,0,0,30,4,19,23,0,7,1
38,0,335852234,1,0,0,0,1,1,30,4,41,1,1,1,0
38,1,4294759949,1,1,0,0,2,0,30,4,41,1,0,2,0
38,2,152957007,1,2,0,0,3,1,30,5,17,25,0,2,1
38,3,4012525835,1,3,0,0,0,0,30,6,25,17,0,3,1
38,4,3676466254,1,0,0,0,1,1,30,5,7,35,0,3,2
38,5,439323049,1,1,0,0,2,0,30,2,19,23,0,4,2
38,6,103263468,1,2,0,0,3,1,30,4,41,1,1,5,2
38,7,2403911470,1,3,0,0,0,0,30,5,18,24,0,6,2
38,8,2067851889,1,0,0,0,1,1,30,4,26,16,0,6,3
38,9,878853445,1,1,0,0,2,0,30,3,24,18,0,7,3
39,0,1739639444,1,0,0,0,1,1,30,6,35,7,1,1,0
39,1,3551063511,1,1,0,0,2,0,30,5,12,30,1,1,1
39,2,214581419,1,2,0,0,3,1,30,5,17,25,0,1,2
39,3,2026005486,1,3,0,0,0,0,30,4,18,24,0,2,2
39,4,884625055,1,0,0,0,1,1,30,3,25,17,0,2,3
39,5,3990593907,1,1,0,0,2,0,30,4,35,7,0,3,3
39,6,3654534326,1,2,0,0,3,1,30,1,22,20,0,3,4
39,7,2465535882,1,3,0,0,0,0,30,2,1,41,1,3,5
39,8,1324155451,1,0,0,0,1,1,30,1,40,2,1,4,5
39,9,135157007,1,1,0,0,2,0,30,5,41,1,0,5,5
39,10,4094064722,1,2,0,0,3,1,30,4,20,22,0,5,6
39,11,3758005141,1,3,0,0,0,0,30,6,22,20,0,6,6
39,12,1763685847,1,0,0,0,1,1,30,5,19,23,0,6,7
40,0,172538907,1,0,0,0,1,1,30,5,23,19,0,0,1
40,1,4131446622,1,1,0,0,2,0,30,5,41,1,0,1,1
40,2,1647903393,1,2,0,0,3,1,30,5,30,12,1,2,1
40,3,1801067747,1,3,0,0,0,0,30,5,34,8,0,3,1
40,4,1465008166,1,0,0,0,1,1,30,4,41,1,1,4,1
40,5,276009722,1,1,0,0,2,0,30,4,6,36,1,4,2
40,6,2087433789,1,2,0,0,3,1,30,4,24,18,0,4,3
40,7,2240598143,1,3,0,0,0,0,30,6,19,23,0,5,3
40,8,1904538562,1,0,0,0,1,1,30,5,7,35,0,5,4
40,9,3715962629,1,1,0,0,2,0,30,4,36,6,0,6,4
40,10,2526964185,1,2,0,0,3,1,30,4,35,7,1,7,4
41,0,1675665004,1,0,0,0,1,1,30,0,40,2,1,1,0
41,1,1339605423,1,1,0,0,2,0,30,4,40,2,0,2,0
41,2,3151029490,1,2,0,0,3,1,30,2,24,18,0,2,1
41,3,4109514694,1,3,0,0,0,0,30,0,18,24,0,3,1
41,4,2968134263,1,0,0,0,1,1,30,5,41,1,1,4,1
41,5,1779135819,1,1,0,0,2,0,30,6,35,7,0,5,1
41,6,1443076238,1,2,0,0,3,1,30,4,22,20,0,5,2
41,7,254077794,1,3,0,0,0,0,30,5,41,1,0,6,2
41,8,3407664659,1,0,0,0,1,1,30,5,41,1,1,7,2
42,0,272983691,1,0,0,0,1,1,30,4,13,29,0,0,1
42,1,1179748021,1,1,0,0,2,0,30,5,23,19,0,1,1
42,2,4285716873,1,2,0,0,3,1,30,0,18,24,0,1,2
42,3,3949657292,1,3,0,0,0,0,30,5,30,12,0,2,2
42,4,712514087,1,0,0,0,1,1,30,5,24,18,0,2,3
42,5,1619278417,1,1,0,0,2,0,30,4,28,14,0,3,3
42,6,3430702484,1,2,0,0,3,1,30,5,39,3,1,4,3
42,7,94220392,1,3,0,0,0,0,30,4,7,35,1,4,4
42,8,1905644459,1,0,0,0,1,1,30,2,24,18,0,4,5
42,9,2058808813,1,1,0,0,2,0,30,4,9,33,1,4,6
42,10,3870232880,1,2,0,0,3,1,30,2,42,0,1,5,6
42,11,533750788,1,3,0,0,0,0,30,5,27,15,0,6,6
42,12,2345174855,1,0,0,0,1,1,30,4,36,6,1,7,6
43,0,2195529600,1,0,0,0,1,1,30,6,42,0,1,1,0
43,1,1859470019,1,1,0,0,2,0,30,2,24,18,0,2,0
43,2,670471575,1,2,0,0,3,1,30,5,41,1,1,3,0
43,3,334411994,1,3,0,0,0,0,30,5,6,36,1,3,1
43,4,1241176324,1,0,0,0,1,1,30,6,23,19,0,3,2
43,5,2299000415,1,1,0,0,2,0,30,5,42,0,0,4,2
43,6,1962940834,1,2,0,0,3,1,30,0,34,8,1,5,2
43,7,773942390,1,3,0,0,0,0,30,6,31,11,0,6,2
43,8,3927529255,1,0,0,0,1,1,30,5,24,18,0,6,3
43,9,1344647139,1,1,0,0,2,0,30,4,23,19,0,7,3
44,0,2257154012,1,0,0,0,1,1,30,4,42,0,1,1,0
44,1,1115773581,1,1,0,0,2,0,30,4,20,22,0,2,0
44,2,2074258785,1,2,0,0,3,1,30,6,30,12,1,3,0
44,3,3885682852,1,3,0,0,0,0,30,5,29,13,0,4,0
44,4,3549623271,1,0,0,0,1,1,30,4,41,1,1,5,0
44,5,1555303977,1,1,0,0,2,0,30,4,36,6,0,6,0
44,6,1219244396,1,2,0,0,3,1,30,5,22,20,0,6,1
44,7,30245952,1,3,0,0,0,0,30,4,25,17,0,7,1
45,0,2032216273,1,0,0,0,1,1,30,5,35,7,1,1,0
45,1,1696156692,1,1,0,0,2,0,30,4,28,14,0,2,0
45,2,3507580759,1,2,0,0,3,1,30,2,40,2,1,3,0
45,3,2417921202,1,3,0,0,0,0,30,6,23,19,0,4,0
45,4,3324685532,1,0,0,0,1,1,30,4,42,0,1,5,0
45,5,2135687088,1,1,0,0,2,0,30,5,30,12,0,6,0
45,6,3947111155,1,2,0,0,3,1,30,6,42,0,1,7,0
46,0,4119181406,1,0,0,0,1,1,30,0,41,1,1,1,0
46,1,3783121825,1,1,0,0,2,0,30,5,36,6,0,2,0
46,2,2594123381,1,2,0,0,3,1,30,6,42,0,1,3,0
46,3,110580152,1,3,0,0,0,0,30,5,18,24,0,4,0
46,4,263744506,1,0,0,0,1,1,30,5,25,17,0,4,1
46,5,4222652221,1,1,0,0,2,0,30,1,24,18,0,5,1
46,6,1739108992,1,2,0,0,3,1,30,4,36,6,1,6,1
46,7,2697594196,1,3,0,0,0,0,30,5,25,17,0,7,1
47,0,2132661057,1,0,0,0,1,1,30,4,29,13,0,0,1
47,1,3944085124,1,1,0,0,2,0,30,4,17,25,0,1,1
47,2,1850426943,1,2,0,0,3,1,30,3,40,2,1,2,1
47,3,1514367362,1,3,0,0,0,0,30,4,25,17,0,3,1
47,4,2572191453,1,0,0,0,1,1,30,5,12,30,0,3,2
47,5,2236131872,1,1,0,0,2,0,30,4,35,7,0,4,2
47,6,995412554,1,2,0,0,3,1,30,3,35,7,1,5,2
47,7,1953897758,1,3,0,0,0,0,30,4,34,8,0,6,2
47,8,3765321825,1,0,0,0,1,1,30,5,30,12,1,7,2
48,0,565560520,1,0,0,0,1,1,30,5,41,1,1,1,0
48,1,3719147385,1,1,0,0,2,0,30,5,12,30,1,1,1
48,2,2530148941,1,2,0,0,3,1,30,6,41,1,1,2,1
48,3,2194089360,1,3,0,0,0,0,30,4,29,13,0,3,1
48,4,1858029779,1,0,0,0,1,1,30,5,13,29,0,3,2
48,5,4158677781,1,1,0,0,2,0,30,4,1,41,1,3,3
48,6,3822618200,1,2,0,0,3,1,30,4,42,0,1,4,3
48,7,2633619756,1,3,0,0,0,0,30,5,31,11,0,5,3
48,8,2297560175,1,0,0,0,1,1,30,3,29,13,0,5,4
48,9,3204324505,1,1,0,0,2,0,30,4,29,13,0,6,4
48,10,4262148596,1,2,0,0,3,1,30,5,12,30,0,6,5
48,11,3926089015,1,3,0,0,0,0,30,4,41,1,0,7,5
49,0,4116831378,1,0,0,0,1,1,30,5,24,18,0,0,1
49,1,3780771797,1,1,0,0,2,0,30,5,24,18,0,1,1
49,2,3933936151,1,2,0,0,3,1,30,0,29,13,0,1,2
49,3,1450392922,1,3,0,0,0,0,30,5,40,2,0,2,2
49,4,1114333341,1,0,0,0,1,1,30,3,42,0,1,3,2
49,5,4220302193,1,1,0,0,2,0,30,5,39,3,0,4,2
49,6,3078921762,1,2,0,0,3,1,30,5,40,2,1,5,2
49,7,1889923318,1,3,0,0,0,0,30,5,16,26,0,6,2
49,8,1553863737,1,0,0,0,1,1,30,4,18,24,0,6,3
49,9,364865293,1,1,0,0,2,0,30,5,14,28,0,7,3
50,0,180765379,1,0,0,0,1,1,30,1,19,23,0,0,1
50,1,1992189446,1,1,0,0,2,0,30,4,40,2,0,1,1
50,2,902529889,1,2,0,0,3,1,30,4,25,17,0,1,2
50,3,467131421,1,3,0,0,0,0,30,5,41,1,0,2,2
50,4,3620718286,1,0,0,0,1,1,30,6,35,7,1,3,2
50,5,2431719842,1,1,0,0,2,0,30,4,27,15,0,4,2
50,6,2095660261,1,2,0,0,3,1,30,4,42,0,1,5,2
50,7,3153484352,1,3,0,0,0,0,30,3,39,3,0,6,2
50,8,4060248682,1,0,0,0,1,1,30,3,36,6,1,7,2
51,0,2489212326,1,0,0,0,1,1,30,4,13,29,0,0,1
51,1,5669097,1,1,0,0,2,0,30,3,40,2,0,1,1
51,2,158833451,1,2,0,0,3,1,30,5,24,18,0,1,2
51,3,1970257518,1,3,0,0,0,0,30,4,29,13,0,2,2
51,4,2928742722,1,0,0,0,1,1,30,4,40,2,1,3,2
51,5,445199493,1,1,0,0,2,0,30,5,24,18,0,4,2
51,6,3598786358,1,2,0,0,3,1,30,5,24,18,0,4,3
51,7,262304266,1,3,0,0,0,0,30,1,23,19,0,5,3
51,8,2073728333,1,0,0,0,1,1,30,4,24,18,0,5,4
51,9,884729889,1,1,0,0,2,0,30,6,12,30,1,5,5
51,10,4038316754,1,2,0,0,3,1,30,0,42,0,1,6,5
51,11,3702257173,1,3,0,0,0,0,30,4,39,3,0,7,5
52,0,116790939,1,0,0,0,1,1,30,5,16,26,0,0,1
52,1,4075698654,1,1,0,0,2,0,30,2,25,17,0,1,1
52,2,3739639073,1,2,0,0,3,1,30,5,23,19,0,1,2
52,3,2550640629,1,3,0,0,0,0,30,5,29,13,0,2,2
52,4,2214581048,1,0,0,0,1,1,30,3,20,22,0,2,3
52,5,220261754,1,1,0,0,2,0,30,5,18,24,0,3,3
52,6,4179169469,1,2,0,0,3,1,30,5,12,30,0,3,4
52,7,2990171025,1,3,0,0,0,0,30,4,30,12,0,4,4
52,8,2654111444,1,0,0,0,1,1,30,5,13,29,0,4,5
52,9,1512731013,1,1,0,0,2,0,30,5,24,18,0,5,5
52,10,323732569,1,2,0,0,3,1,30,4,33,9,1,6,5
52,11,2135156636,1,3,0,0,0,0,30,1,11,31,1,6,6
52,12,3093641840,1,0,0,0,1,1,30,5,19,23,0,6,7
53,0,2425237886,1,0,0,0,1,1,30,6,30,12,1,1,0
53,1,2089178305,1,1,0,0,2,0,30,3,24,18,0,2,0
53,2,94859011,1,2,0,0,3,1,30,6,35,7,1,3,0
53,3,4053766726,1,3,0,0,0,0,30,0,28,14,0,4,0
53,4,3717707145,1,0,0,0,1,1,30,4,7,35,0,4,1
53,5,2528708701,1,1,0,0,2,0,30,5,7,35,1,4,2
53,6,1387328270,1,2,0,0,3,1,30,4,41,1,1,5,2
53,7,198329826,1,3,0,0,0,0,30,4,0,42,1,5,3
53,8,4157237541,1,0,0,0,1,1,30,4,31,11,1,6,3
53,9,1673694312,1,1,0,0,2,0,30,5,41,1,0,7,3
54,0,2265380484,1,0,0,0,1,1,30,6,41,1,1,1,0
54,1,1929320903,1,1,0,0,2,0,30,6,19,23,0,2,0
54,2,4229968905,1,2,0,0,3,1,30,4,21,21,0,2,1
54,3,3893909324,1,3,0,0,0,0,30,4,24,18,0,3,1
54,4,2704910880,1,0,0,0,1,1,30,1,42,0,1,4,1
54,5,2368851299,1,1,0,0,2,0,30,0,24,18,0,5,1
54,6,1179852855,1,2,0,0,3,1,30,4,42,0,1,6,1
54,7,38472424,1,3,0,0,0,0,30,6,25,17,0,7,1
55,0,797618834,1,0,0,0,1,1,30,4,23,19,0,0,1
55,1,3851866812,1,1,0,0,2,0,30,4,9,33,1,0,2
55,2,2762207255,1,2,0,0,3,1,30,4,34,8,1,1,2
55,3,278664026,1,3,0,0,0,0,30,2,18,24,0,2,2
55,4,1990749206,1,0,0,0,1,1,30,5,41,1,1,3,2
55,5,2143913560,1,1,0,0,2,0,30,5,17,25,0,4,2
55,6,3955337627,1,2,0,0,3,1,30,4,22,20,0,4,3
55,7,718194422,1,3,0,0,0,0,30,5,17,25,0,5,3
55,8,382134841,1,0,0,0,1,1,30,5,12,30,0,5,4
55,9,3488103693,1,1,0,0,2,0,30,4,42,0,0,6,4
55,10,99900727,1,2,0,0,3,1,30,4,30,12,1,7,4
56,0,53922396,1,0,0,0,1,1,30,5,34,8,1,1,0
56,1,1865346463,1,1,0,0,2,0,30,6,0,42,1,1,1
56,2,2823831667,1,2,0,0,3,1,30,5,29,13,0,1,2
56,3,3829934884,1,3,0,0,0,0,30,4,7,35,1,1,3
56,4,493452792,1,0,0,0,1,1,30,4,30,12,1,2,3
56,5,2304876859,1,1,0,0,2,0,30,6,12,30,1,2,4
56,6,1968817278,1,2,0,0,3,1,30,4,10,32,0,2,5
56,7,2121981632,1,3,0,0,0,0,30,5,14,28,0,3,5
56,8,3933405699,1,0,0,0,1,1,30,2,28,14,0,3,6
56,9,2744407255,1,1,0,0,2,0,30,4,33,9,0,4,6
56,10,2408347674,1,2,0,0,3,1,30,5,42,0,1,5,6
56,11,1266967243,1,3,0,0,0,0,30,3,0,42,1,5,7
57,0,2781789155,1,0,0,0,1,1,30,4,40,2,1,1,0
57,1,2445729574,1,1,0,0,2,0,30,4,42,0,0,2,0
57,2,1304349143,1,2,0,0,3,1,30,5,28,14,0,2,1
57,3,115350699,1,3,0,0,0,0,30,2,29,13,0,3,1
57,4,4074258414,1,0,0,0,1,1,30,4,12,30,0,3,2
57,5,2885259970,1,1,0,0,2,0,30,5,36,6,0,4,2
57,6,1743879539,1,2,0,0,3,1,30,4,31,11,1,5,2
57,7,554881095,1,3,0,0,0,0,30,3,28,14,0,6,2
57,8,218821514,1,0,0,0,1,1,30,2,42,0,1,7,2
58,0,4284915252,1,0,0,0,1,1,30,1,36,6,1,1,0
58,1,3948855671,1,1,0,0,2,0,30,3,23,19,0,2,0
58,2,2759857227,1,2,0,0,3,1,30,3,36,6,1,3,0
58,3,1618476796,1,3,0,0,0,0,30,4,19,23,0,4,0
58,4,1282417215,1,0,0,0,1,1,30,1,29,13,0,4,1
58,5,93418771,1,1,0,0,2,0,30,5,1,41,1,4,2
58,6,4052326486,1,2,0,0,3,1,30,3,35,7,1,5,2
58,7,2058007192,1,3,0,0,0,0,30,5,41,1,0,6,2
58,8,1721947611,1,0,0,0,1,1,30,5,42,0,1,7,2
59,0,3301653751,1,0,0,0,1,1,30,3,35,7,1,1,0
59,1,2160273320,1,1,0,0,2,0,30,4,40,2,0,2,0
59,2,3118758524,1,2,0,0,3,1,30,5,14,28,0,2,1
59,3,635215295,1,3,0,0,0,0,30,2,28,14,0,3,1
59,4,299155714,1,0,0,0,1,1,30,3,34,8,1,4,1
59,5,2599803716,1,1,0,0,2,0,30,5,25,17,0,5,1
59,6,2263744135,1,2,0,0,3,1,30,1,41,1,1,6,1
59,7,1074745691,1,3,0,0,0,0,30,5,13,29,0,7,1
60,0,2657296200,1,0,0,0,1,1,30,4,30,12,1,1,0
60,1,173752971,1,1,0,0,2,0,30,4,3,39,1,1,1
60,2,326917325,1,2,0,0,3,1,30,4,6,36,0,1,2
60,3,2138341392,1,3,0,0,0,0,30,5,38,4,0,2,2
60,4,3850426572,1,0,0,0,1,1,30,6,40,2,1,3,2
60,5,613283367,1,1,0,0,2,0,30,5,30,12,0,4,2
60,6,277223786,1,2,0,0,3,1,30,4,42,0,1,5,2
60,7,2577871788,1,3,0,0,0,0,30,4,8,34,1,5,3
60,8,2241812207,1,0,0,0,1,1,30,0,40,2,1,6,3
60,9,1052813763,1,1,0,0,2,0,30,5,34,8,0,7,3
61,0,1913599762,1,0,0,0,1,1,30,1,41,1,1,1,0
61,1,3725023829,1,1,0,0,2,0,30,5,1,41,1,1,1
61,2,388541737,1,2,0,0,3,1,30,2,42,0,1,2,1
61,3,2199965804,1,3,0,0,0,0,30,4,27,15,0,3,1
61,4,2353130158,1,0,0,0,1,1,30,5,30,12,1,4,1
61,5,4164554225,1,1,0,0,2,0,30,5,29,13,0,5,1
61,6,3828494644,1,2,0,0,3,1,30,5,24,18,0,5,2
61,7,2639496200,1,3,0,0,0,0,30,3,36,6,0,6,2
61,8,1498115769,1,0,0,0,1,1,30,4,29,13,0,6,3
61,9,309117325,1,1,0,0,2,0,30,1,29,13,0,7,3
62,0,346499225,1,0,0,0,1,1,30,4,25,17,0,0,1
62,1,10439644,1,1,0,0,2,0,30,4,0,42,1,0,2
62,2,1821863711,1,2,0,0,3,1,30,5,26,16,0,0,3
62,3,1975028065,1,3,0,0,0,0,30,6,6,36,1,0,4
62,4,1638968484,1,0,0,0,1,1,30,4,14,28,0,0,5
62,5,449970040,1,1,0,0,2,0,30,4,35,7,0,1,5
62,6,113910459,1,2,0,0,3,1,30,3,12,30,0,1,6
62,7,2414558461,1,3,0,0,0,0,30,5,41,1,0,2,6
62,8,2078498880,1,0,0,0,1,1,30,4,41,1,1,3,6
62,9,3889922947,1,1,0,0,2,0,30,5,24,18,0,4,6
62,10,2800263390,1,2,0,0,3,1,30,1,42,0,1,5,6
62,11,1559544072,1,3,0,0,0,0,30,4,42,0,0,6,6
62,12,2518029276,1,0,0,0,1,1,30,5,24,18,0,6,7
63,0,2433464358,1,0,0,0,1,1,30,6,28,14,0,0,1
63,1,2097404777,1,1,0,0,2,0,30,5,24,18,0,1,1
63,2,908406333,1,2,0,0,3,1,30,4,41,1,1,2,1
63,3,4061993198,1,3,0,0,0,0,30,3,24,18,0,3,1
63,4,2872994754,1,0,0,0,1,1,30,3,35,7,1,4,1
63,5,2536935173,1,1,0,0,2,0,30,5,40,2,0,5,1
63,6,53391944,1,2,0,0,3,1,30,4,30,12,1,6,1
63,7,206556298,1,3,0,0,0,0,30,5,23,19,0,7,1
64,0,866363821,1,0,0,0,1,1,30,5,13,29,0,0,1
64,1,530304240,1,1,0,0,2,0,30,5,0,42,1,0,2
64,2,683468594,1,2,0,0,3,1,30,5,24,18,0,0,3
64,3,2494892661,1,3,0,0,0,0,30,5,29,13,0,1,3
64,4,2158833080,1,0,0,0,1,1,30,6,7,35,0,1,4
64,5,969834636,1,1,0,0,2,0,30,5,35,7,0,2,4
64,6,4123421501,1,2,0,0,3,1,30,5,26,16,0,2,5
64,7,2934423057,1,3,0,0,0,0,30,2,23,19,0,3,5
64,8,2598363476,1,0,0,0,1,1,30,5,17,25,0,3,6
64,9,1409365032,1,1,0,0,2,0,30,5,42,0,0,4,6
64,10,1073305451,1,2,0,0,3,1,30,5,41,1,1,5,6
64,11,4226892316,1,3,0,0,0,0,30,4,39,3,0,6,6
64,12,3037893872,1,0,0,0,1,1,30,5,36,6,1,7,6
65,0,222006270,1,0,0,0,1,1,30,4,13,29,0,0,1
65,1,2033430337,1,1,0,0,2,0,30,4,29,13,0,1,1
65,2,2991915541,1,2,0,0,3,1,30,5,8,34,0,1,2
65,3,508372312,1,3,0,0,0,0,30,4,24,18,0,2,2
65,4,1415136642,1,0,0,0,1,1,30,4,8,34,0,2,3
65,5,2472960733,1,1,0,0,2,0,30,4,42,0,0,3,3
65,6,2136901152,1,2,0,0,3,1,30,4,12,30,0,3,4
65,7,947902708,1,3,0,0,0,0,30,4,33,9,0,4,4
65,8,4101489573,1,0,0,0,1,1,30,5,8,34,0,4,5
65,9,2912491129,1,1,0,0,2,0,30,4,7,35,1,4,6
65,10,2576431548,1,2,0,0,3,1,30,4,42,0,1,5,6
65,11,2240371967,1,3,0,0,0,0,30,5,33,9,0,6,6
65,12,246052673,1,0,0,0,1,1,30,2,41,1,1,7,6
66,0,2431114330,1,0,0,0,1,1,30,5,1,41,0,0,1
66,1,1289733899,1,1,0,0,2,0,30,6,36,6,0,1,1
66,2,2248219103,1,2,0,0,3,1,30,6,42,0,1,2,1
66,3,4059643170,1,3,0,0,0,0,30,6,12,30,1,2,2
66,4,723161078,1,0,0,0,1,1,30,0,34,8,1,3,2
66,5,1729264295,1,1,0,0,2,0,30,5,35,7,0,4,2
66,6,1393204714,1,2,0,0,3,1,30,5,41,1,1,5,2
66,7,204206270,1,3,0,0,0,0,30,6,13,29,0,6,2
66,8,4163113985,1,0,0,0,1,1,30,4,24,18,0,6,3
66,9,21311043,1,1,0,0,2,0,30,0,17,25,0,7,3
67,0,2790015627,1,0,0,0,1,1,30,6,20,22,0,0,1
67,1,2453956046,1,1,0,0,2,0,30,5,28,14,0,1,1
67,2,3511780137,1,2,0,0,3,1,30,5,40,2,1,2,1
67,3,123577171,1,3,0,0,0,0,30,5,30,12,0,3,1
67,4,3229546023,1,0,0,0,1,1,30,5,9,33,0,3,2
67,5,2893486442,1,1,0,0,2,0,30,5,28,14,0,4,2
67,6,409943213,1,2,0,0,3,1,30,4,41,1,1,5,2
67,7,563107567,1,3,0,0,0,0,30,0,1,41,1,5,3
67,8,2374531634,1,0,0,0,1,1,30,5,20,22,0,5,4
67,9,3333016838,1,1,0,0,2,0,30,6,24,18,0,6,4
67,10,849473609,1,2,0,0,3,1,30,4,3,39,0,6,5
67,11,1002637963,1,3,0,0,0,0,30,1,13,29,0,7,5
68,0,4293141724,1,0,0,0,1,1,30,5,19,23,0,0,1
68,1,3957082143,1,1,0,0,2,0,30,4,23,19,0,1,1
68,2,2768083699,1,2,0,0,3,1,30,4,31,11,1,2,1
68,3,2432024118,1,3,0,0,0,0,30,6,29,13,0,3,1
68,4,437704824,1,0,0,0,1,1,30,4,22,20,0,3,2
68,5,101645243,1,1,0,0,2,0,30,4,35,7,0,4,2
68,6,1913069310,1,2,0,0,3,1,30,5,31,11,1,5,2
68,7,2871554514,1,3,0,0,0,0,30,5,41,1,0,6,2
68,8,388011285,1,0,0,0,1,1,30,1,20,22,0,6,3
68,9,541175639,1,1,0,0,2,0,30,4,40,2,0,7,3
69,0,2726041187,1,0,0,0,1,1,30,4,42,0,1,1,0
69,1,2389981606,1,1,0,0,2,0,30,4,42,0,0,2,0
69,2,1200983162,1,2,0,0,3,1,30,4,14,28,0,2,1
69,3,59602731,1,3,0,0,0,0,30,5,29,13,0,3,1
69,4,4018510446,1,0,0,0,1,1,30,6,18,24,0,3,2
69,5,2829512002,1,1,0,0,2,0,30,4,36,6,0,4,2
69,6,2493452421,1,2,0,0,3,1,30,5,31,11,1,5,2
69,7,1304453977,1,3,0,0,0,0,30,3,13,29,0,6,2
69,8,163073546,1,0,0,0,1,1,30,5,18,24,0,6,3
69,9,3269042398,1,1,0,0,2,0,30,4,41,1,0,7,3
70,0,739520838,1,0,0,0,1,1,30,4,41,1,1,1,0
70,1,3893107703,1,1,0,0,2,0,30,4,39,3,0,2,0
70,2,556625611,1,2,0,0,3,1,30,6,40,2,1,3,0
70,3,2368049678,1,3,0,0,0,0,30,0,11,31,1,3,1
70,4,2031990097,1,0,0,0,1,1,30,4,26,16,0,3,2
70,5,37670803,1,1,0,0,2,0,30,1,23,19,0,4,2
70,6,3996578518,1,2,0,0,3,1,30,5,24,18,0,4,3
70,7,2807580074,1,3,0,0,0,0,30,6,12,30,1,4,4
70,8,2471520493,1,0,0,0,1,1,30,6,41,1,1,5,4
70,9,477201199,1,1,0,0,2,0,30,4,24,18,0,6,4
70,10,141141618,1,2,0,0,3,1,30,4,18,24,0,6,5
70,11,4100049333,1,3,0,0,0,0,30,4,23,19,0,7,5
71,0,1098422135,1,0,0,0,1,1,30,4,18,24,0,0,1
71,1,2909846202,1,1,0,0,2,0,30,5,28,14,0,1,1
71,2,3868331406,1,2,0,0,3,1,30,4,39,3,1,2,1
71,3,2726950975,1,3,0,0,0,0,30,4,40,2,0,3,1
71,4,1537952531,1,0,0,0,1,1,30,4,42,0,1,4,1
71,5,3349376598,1,1,0,0,2,0,30,4,42,0,0,5,1
71,6,3013317017,1,2,0,0,3,1,30,4,8,34,0,5,2
71,7,3166481371,1,3,0,0,0,0,30,5,17,25,0,6,2
71,8,682938142,1,0,0,0,1,1,30,4,31,11,1,7,2
72,0,354725697,1,0,0,0,1,1,30,1,29,13,0,0,1
72,1,18666116,1,1,0,0,2,0,30,4,24,18,0,1,1
72,2,1076490207,1,2,0,0,3,1,30,5,17,25,0,1,2
72,3,2887914274,1,3,0,0,0,0,30,4,36,6,0,2,2
72,4,794256093,1,0,0,0,1,1,30,4,35,7,1,3,2
72,5,458196512,1,1,0,0,2,0,30,4,33,9,0,4,2
72,6,2269620579,1,2,0,0,3,1,30,5,31,11,1,5,2
72,7,1179961022,1,3,0,0,0,0,30,1,31,11,0,6,2
72,8,4234209000,1,0,0,0,1,1,30,4,20,22,0,6,3
72,9,897726908,1,1,0,0,2,0,30,5,25,17,0,7,3
73,0,2663172644,1,0,0,0,1,1,30,3,20,22,0,0,1
73,1,179629415,1,1,0,0,2,0,30,5,18,24,0,1,1
73,2,332793769,1,2,0,0,3,1,30,2,27,15,0,1,2
73,3,4291701484,1,3,0,0,0,0,30,4,42,0,0,2,2
73,4,3102703040,1,0,0,0,1,1,30,4,1,41,0,2,3
73,5,2766643459,1,1,0,0,2,0,30,5,1,41,1,2,4
73,6,3772746676,1,2,0,0,3,1,30,4,36,6,1,3,4
73,7,436264584,1,3,0,0,0,0,30,4,41,1,0,4,4
73,8,2247688651,1,0,0,0,1,1,30,5,36,6,1,5,4
73,9,3206173855,1,1,0,0,2,0,30,5,40,2,0,6,4
73,10,4212277072,1,2,0,0,3,1,30,4,42,0,1,7,4
74,0,2438234905,1,0,0,0,1,1,30,3,41,1,1,1,0
74,1,4249658972,1,1,0,0,2,0,30,4,40,2,0,2,0
74,2,3060660528,1,2,0,0,3,1,30,6,40,2,1,3,0
74,3,2724600947,1,3,0,0,0,0,30,4,30,12,0,4,0
74,4,2388541366,1,0,0,0,1,1,30,5,41,1,1,5,0
74,5,394222072,1,1,0,0,2,0,30,6,35,7,0,6,0
74,6,58162491,1,2,0,0,3,1,30,5,13,29,0,6,1
74,7,3164131343,1,3,0,0,0,0,30,4,19,23,0,7,1
75,0,3183037240,1,0,0,0,1,1,30,4,21,21,0,0,1
75,1,2041656809,1,1,0,0,2,0,30,5,25,17,0,1,1
75,2,852658365,1,2,0,0,3,1,30,5,30,12,1,2,1
75,3,516598784,1,3,0,0,0,0,30,5,23,19,0,3,1
75,4,3622567636,1,0,0,0,1,1,30,5,24,18,0,3,2
75,5,2481187205,1,1,0,0,2,0,30,5,41,1,0,4,2
75,6,1292188761,1,2,0,0,3,1,30,0,13,29,0,4,3
75,7,956129180,1,3,0,0,0,0,30,5,24,18,0,5,3
75,8,620069599,1,0,0,0,1,1,30,5,20,22,0,5,4
75,9,2920717601,1,1,0,0,2,0,30,3,16,26,0,6,4
75,10,2584658020,1,2,0,0,3,1,30,0,41,1,1,7,4
76,0,2958099501,1,0,0,0,1,1,30,6,24,18,0,0,1
76,1,474556272,1,1,0,0,2,0,30,4,11,31,1,0,2
76,2,1433041476,1,2,0,0,3,1,30,4,2,40,0,0,3
76,3,3244465543,1,3,0,0,0,0,30,6,18,24,0,1,3
76,4,3397629897,1,0,0,0,1,1,30,4,33,9,1,2,3
76,5,3061570316,1,1,0,0,2,0,30,5,18,24,0,3,3
76,6,578027087,1,2,0,0,3,1,30,5,30,12,1,4,3
76,7,3683995939,1,3,0,0,0,0,30,3,10,32,1,4,4
76,8,2542615508,1,0,0,0,1,1,30,4,8,34,0,4,5
76,9,3501100712,1,1,0,0,2,0,30,6,31,11,0,5,5
76,10,1017557483,1,2,0,0,3,1,30,1,36,6,1,6,5
76,11,681497902,1,3,0,0,0,0,30,5,40,2,0,7,5
77,0,971579152,1,0,0,0,1,1,30,4,41,1,1,1,0
77,1,1878343482,1,1,0,0,2,0,30,1,24,18,0,2,0
77,2,2936167573,1,2,0,0,3,1,30,5,27,15,0,2,1
77,3,452624344,1,3,0,0,0,0,30,6,1,41,1,2,2
77,4,1411109548,1,0,0,0,1,1,30,5,20,22,0,2,3
77,5,2317873878,1,1,0,0,2,0,30,2,27,15,0,3,3
77,6,4129297945,1,2,0,0,3,1,30,5,23,19,0,3,4
77,7,3039638388,1,3,0,0,0,0,30,6,14,28,0,4,4
77,8,556095159,1,0,0,0,1,1,30,4,29,13,0,4,5
77,9,3662064011,1,1,0,0,2,0,30,5,9,33,1,4,6
77,10,273861045,1,2,0,0,3,1,30,0,42,0,1,5,6
77,11,3479168784,1,3,0,0,0,0,30,5,31,11,0,6,6
77,12,995625555,1,0,0,0,1,1,30,5,35,7,1,7,6
78,0,2894125061,1,0,0,0,1,1,30,0,23,19,0,0,1
78,1,2558065480,1,1,0,0,2,0,30,4,7,35,1,0,2
78,2,1369067036,1,2,0,0,3,1,30,2,24,18,0,0,3
78,3,1033007455,1,3,0,0,0,0,30,5,41,1,0,1,3
78,4,4186594320,1,0,0,0,1,1,30,1,29,13,0,1,4
78,5,2997595876,1,1,0,0,2,0,30,6,24,18,0,2,4
78,6,2661536295,1,2,0,0,3,1,30,4,42,0,1,3,4
78,7,1472537851,1,3,0,0,0,0,30,0,0,42,1,3,5
78,8,1136478270,1,0,0,0,1,1,30,4,36,6,1,4,5
78,9,4290065135,1,1,0,0,2,0,30,4,24,18,0,5,5
78,10,3101066691,1,2,0,0,3,1,30,5,41,1,1,6,5
78,11,617523462,1,3,0,0,0,0,30,2,24,18,0,7,5
79,0,3539588509,1,0,0,0,1,1,30,5,14,28,0,0,1
79,1,2398208078,1,1,0,0,2,0,30,4,35,7,0,1,1
79,2,1209209634,1,2,0,0,3,1,30,5,18,24,0,1,2
79,3,873150053,1,3,0,0,0,0,30,4,20,22,0,2,2
79,4,3979118905,1,0,0,0,1,1,30,5,35,7,1,3,2
79,5,2837738474,1,1,0,0,2,0,30,4,7,35,1,3,3
79,6,2501678893,1,2,0,0,3,1,30,4,25,17,0,3,4
79,7,1312680449,1,3,0,0,0,0,30,4,36,6,0,4,4
79,8,3124104516,1,0,0,0,1,1,30,5,8,34,0,4,5
79,9,3277268870,1,1,0,0,2,0,30,1,20,22,0,5,5
79,10,2941209289,1,2,0,0,3,1,30,5,19,23,0,5,6
79,11,1752210845,1,3,0,0,0,0,30,5,41,1,0,6,6
79,12,1416151264,1,0,0,0,1,1,30,6,41,1,1,7,6
80,0,747747310,1,0,0,0,1,1,30,5,8,34,0,0,1
80,1,411687729,1,1,0,0,2,0,30,5,34,8,0,1,1
80,2,2712335731,1,2,0,0,3,1,30,5,25,17,0,1,2
80,3,2376276150,1,3,0,0,0,0,30,5,36,6,0,2,2
80,4,1187277706,1,0,0,0,1,1,30,5,15,27,0,2,3
80,5,851218125,1,1,0,0,2,0,30,5,28,14,0,3,3
80,6,3151866127,1,2,0,0,3,1,30,4,31,11,1,4,3
80,7,2815806546,1,3,0,0,0,0,30,5,27,15,0,5,3
80,8,2479746965,1,0,0,0,1,1,30,5,41,1,1,6,3
80,9,1290748521,1,1,0,0,2,0,30,2,17,25,0,7,3
81,0,1328130421,1,0,0,0,1,1,30,5,23,19,0,0,1
81,1,2334233638,1,1,0,0,2,0,30,5,19,23,0,1,1
81,2,3292718842,1,2,0,0,3,1,30,5,30,12,1,2,1
81,3,809175613,1,3,0,0,0,0,30,4,40,2,0,3,1
81,4,1767660817,1,0,0,0,1,1,30,4,40,2,1,4,1
81,5,626280386,1,1,0,0,2,0,30,6,40,2,0,5,1
81,6,2437704453,1,2,0,0,3,1,30,5,35,7,1,6,1
81,7,1248706009,1,3,0,0,0,0,30,4,19,23,0,7,1
82,0,2831256518,1,0,0,0,1,1,30,4,7,35,0,0,1
82,1,347713289,1,1,0,0,2,0,30,5,17,25,0,1,1
82,2,500877643,1,2,0,0,3,1,30,4,24,18,0,1,2
82,3,164818062,1,3,0,0,0,0,30,5,12,30,1,1,3
82,4,3270786914,1,0,0,0,1,1,30,4,18,24,0,1,4
82,5,787243685,1,1,0,0,2,0,30,5,24,18,0,2,4
82,6,451184104,1,2,0,0,3,1,30,3,34,8,1,3,4
82,7,604348458,1,3,0,0,0,0,30,4,23,19,0,4,4
82,8,2415772525,1,0,0,0,1,1,30,5,25,17,0,4,5
82,9,1226774081,1,1,0,0,2,0,30,4,30,12,0,5,5
82,10,890714500,1,2,0,0,3,1,30,6,20,22,0,5,6
82,11,1043878854,1,3,0,0,0,0,30,5,40,2,0,6,6
82,12,2855302921,1,0,0,0,1,1,30,4,42,0,1,7,6
83,0,1264155981,1,0,0,0,1,1,30,5,13,29,0,0,1
83,1,122775550,1,1,0,0,2,0,30,6,14,28,0,1,1
83,2,3228744402,1,2,0,0,3,1,30,3,36,6,1,2,1
83,3,2892684821,1,3,0,0,0,0,30,0,17,25,0,3,1
83,4,2556625240,1,0,0,0,1,1,30,4,40,2,1,4,1
83,5,1367626796,1,1,0,0,2,0,30,5,24,18,0,5,1
83,6,226246365,1,2,0,0,3,1,30,6,19,23,0,5,2
83,7,3332215217,1,3,0,0,0,0,30,2,12,30,1,5,3
83,8,2996155636,1,0,0,0,1,1,30,4,36,6,1,6,3
83,9,512612407,1,1,0,0,2,0,30,2,13,29,0,7,3
84,0,1104298579,1,0,0,0,1,1,30,3,31,11,1,1,0
84,1,768238998,1,1,0,0,2,0,30,4,39,3,0,2,0
84,2,3068887000,1,2,0,0,3,1,30,3,31,11,1,3,0
84,3,2732827419,1,3,0,0,0,0,30,6,14,28,0,4,0
84,4,1543828975,1,0,0,0,1,1,30,5,30,12,1,5,0
84,5,1207769394,1,1,0,0,2,0,30,5,42,0,0,6,0
84,6,66388963,1,2,0,0,3,1,30,4,23,19,0,6,1
84,7,3172357815,1,3,0,0,0,0,30,4,42,0,0,7,1
85,0,1784020577,1,0,0,0,1,1,30,4,7,35,0,0,1
85,1,2690784907,1,1,0,0,2,0,30,4,40,2,0,1,1
85,2,1601125350,1,2,0,0,3,1,30,5,19,23,0,1,2
85,3,3412549417,1,3,0,0,0,0,30,4,24,18,0,2,2
85,4,3076489836,1,0,0,0,1,1,30,1,41,1,1,3,2
85,5,1082170542,1,1,0,0,2,0,30,1,18,24,0,4,2
85,6,2794255722,1,2,0,0,3,1,30,4,20,22,0,4,3
85,7,3852079813,1,3,0,0,0,0,30,4,0,42,1,4,4
85,8,3516020232,1,0,0,0,1,1,30,4,31,11,1,5,4
85,9,1521700938,1,1,0,0,2,0,30,0,18,24,0,6,4
85,10,1185641357,1,2,0,0,3,1,30,4,42,0,1,7,4
86,0,3187807787,1,0,0,0,1,1,30,5,8,34,0,0,1
86,1,704264558,1,1,0,0,2,0,30,4,36,6,0,1,1
86,2,857428912,1,2,0,0,3,1,30,0,24,18,0,1,2
86,3,2668852979,1,3,0,0,0,0,30,5,30,12,0,2,2
86,4,3627338183,1,0,0,0,1,1,30,4,1,41,0,2,3
86,5,1143794954,1,1,0,0,2,0,30,5,40,2,0,3,3
86,6,2414523,1,2,0,0,3,1,30,5,13,29,0,3,4
86,7,3108383375,1,3,0,0,0,0,30,3,13,29,0,4,4
86,8,2772323794,1,0,0,0,1,1,30,5,19,23,0,4,5
86,9,1583325350,1,1,0,0,2,0,30,4,22,20,0,5,5
86,10,1247265769,1,2,0,0,3,1,30,5,30,12,1,6,5
86,11,105885338,1,3,0,0,0,0,30,4,17,25,0,7,5
87,0,395966588,1,0,0,0,1,1,30,2,30,12,1,1,0
87,1,2207390655,1,1,0,0,2,0,30,4,23,19,0,2,0
87,2,3165875859,1,2,0,0,3,1,30,4,39,3,1,3,0
87,3,682332630,1,3,0,0,0,0,30,6,0,42,1,3,1
87,4,835496984,1,0,0,0,1,1,30,4,31,11,1,4,1
87,5,2646921051,1,1,0,0,2,0,30,4,24,18,0,5,1
87,6,2310861470,1,2,0,0,3,1,30,4,34,8,1,6,1
87,7,1121863026,1,3,0,0,0,0,30,4,40,2,0,7,1
88,0,3707672383,1,0,0,0,1,1,30,1,23,19,0,0,1
88,1,3371612802,1,1,0,0,2,0,30,5,6,36,1,0,2
88,2,1377293508,1,2,0,0,3,1,30,5,34,8,1,1,2
88,3,1041233927,1,3,0,0,0,0,30,4,24,18,0,2,2
88,4,4147202779,1,0,0,0,1,1,30,6,28,14,0,2,3
88,5,3811143198,1,1,0,0,2,0,30,4,0,42,1,2,4
88,6,522279119,1,2,0,0,3,1,30,6,18,24,0,2,5
88,7,1480764323,1,3,0,0,0,0,30,4,18,24,0,3,5
88,8,3292188390,1,0,0,0,1,1,30,3,42,0,1,4,5
88,9,4250673594,1,1,0,0,2,0,30,4,11,31,1,4,6
88,10,3109293163,1,2,0,0,3,1,30,5,19,23,0,4,7
89,0,2963975945,1,0,0,0,1,1,30,5,31,11,1,1,0
89,1,2627916364,1,1,0,0,2,0,30,4,12,30,1,1,1
89,2,3685740455,1,2,0,0,3,1,30,1,42,0,1,2,1
89,3,297537489,1,3,0,0,0,0,30,4,7,35,1,2,2
89,4,3403506341,1,0,0,0,1,1,30,5,24,18,0,2,3
89,5,3067446760,1,1,0,0,2,0,30,5,23,19,0,3,3
89,6,583903531,1,2,0,0,3,1,30,0,30,12,1,4,3
89,7,737067885,1,3,0,0,0,0,30,5,19,23,0,5,3
89,8,401008304,1,0,0,0,1,1,30,5,13,29,0,5,4
89,9,3506977156,1,1,0,0,2,0,30,4,34,8,0,6,4
89,10,1023433927,1,2,0,0,3,1,30,1,14,28,0,6,5
89,11,1176598281,1,3,0,0,0,0,30,5,41,1,0,7,5
90,0,3643697943,1,0,0,0,1,1,30,6,9,33,0,0,1
90,1,3307638362,1,1,0,0,2,0,30,1,17,25,0,1,1
90,2,3460802716,1,2,0,0,3,1,30,5,18,24,0,1,2
90,3,977259487,1,3,0,0,0,0,30,5,39,3,0,2,2
90,4,641199906,1,0,0,0,1,1,30,3,10,32,0,2,3
90,5,3747168758,1,1,0,0,2,0,30,5,9,33,1,2,4
90,6,2605788327,1,2,0,0,3,1,30,5,23,19,0,2,5
90,7,1416789883,1,3,0,0,0,0,30,4,0,42,1,2,6
90,8,1080730302,1,0,0,0,1,1,30,5,14,28,0,2,7
91,0,752517857,1,0,0,0,1,1,30,5,20,22,0,0,1
91,1,2563941924,1,1,0,0,2,0,30,0,12,30,1,0,2
91,2,3522427128,1,2,0,0,3,1,30,5,27,15,0,0,3
91,3,233563049,1,3,0,0,0,0,30,4,29,13,0,1,3
91,4,4192470764,1,0,0,0,1,1,30,3,36,6,1,2,3
91,5,3003472320,1,1,0,0,2,0,30,4,0,42,1,2,4
91,6,2667412739,1,2,0,0,3,1,30,5,8,34,0,2,5
91,7,1478414295,1,3,0,0,0,0,30,2,1,41,1,2,6
91,8,337033864,1,0,0,0,1,1,30,1,41,1,1,3,6
91,9,3443002716,1,1,0,0,2,0,30,6,20,22,0,4,6
91,10,3106943135,1,2,0,0,3,1,30,4,2,40,0,4,7
92,0,691999342,1,0,0,0,1,1,30,5,41,1,1,1,0
92,1,1650484546,1,1,0,0,2,0,30,1,27,15,0,2,0
92,2,3461908613,1,2,0,0,3,1,30,4,25,17,0,2,1
92,3,3125849032,1,3,0,0,0,0,30,0,25,17,0,3,1
92,4,1131529738,1,0,0,0,1,1,30,2,3,39,0,3,2
92,5,795470157,1,1,0,0,2,0,30,5,40,2,0,4,2
92,6,3901439009,1,2,0,0,3,1,30,2,41,1,1,5,2
92,7,3565379428,1,3,0,0,0,0,30,4,41,1,0,6,2
92,8,177176462,1,0,0,0,1,1,30,4,39,3,1,7,2
93,0,1272382453,1,0,0,0,1,1,30,3,40,2,1,1,0
93,1,936322872,1,1,0,0,2,0,30,5,18,24,0,2,0
93,2,4042291724,1,2,0,0,3,1,30,1,18,24,0,2,1
93,3,2900911293,1,3,0,0,0,0,30,4,35,7,0,3,1
93,4,1711912849,1,0,0,0,1,1,30,5,30,12,1,4,1
93,5,1375853268,1,1,0,0,2,0,30,2,30,12,0,5,1
93,6,3187277335,1,2,0,0,3,1,30,2,42,0,1,6,1
93,7,3340441689,1,3,0,0,0,0,30,5,25,17,0,7,1
94,0,528686015,1,0,0,0,1,1,30,4,28,14,0,0,1
94,1,192626434,1,1,0,0,2,0,30,5,29,13,0,1,1
94,2,1250450525,1,2,0,0,3,1,30,5,20,22,0,1,2
94,3,914390944,1,3,0,0,0,0,30,5,31,11,0,2,2
94,4,968216411,1,0,0,0,1,1,30,4,36,6,1,3,2
94,5,632156830,1,1,0,0,2,0,30,4,16,26,0,4,2
94,6,2443580897,1,2,0,0,3,1,30,5,24,18,0,4,3
94,7,1353921340,1,3,0,0,0,0,30,4,41,1,0,5,3
94,8,2260685670,1,0,0,0,1,1,30,5,42,0,1,6,3
94,9,3318509761,1,1,0,0,2,0,30,4,36,6,0,7,3
95,0,1208408013,1,0,0,0,1,1,30,4,25,17,0,0,1
95,1,872348432,1,1,0,0,2,0,30,5,40,2,0,1,1
95,2,3978317284,1,2,0,0,3,1,30,5,4,38,0,1,2
95,3,2836936853,1,3,0,0,0,0,30,5,0,42,1,1,3
95,4,2500877272,1,0,0,0,1,1,30,2,35,7,1,2,3
95,5,1311878828,1,1,0,0,2,0,30,5,18,24,0,3,3
95,6,975819247,1,2,0,0,3,1,30,4,36,6,1,4,3
95,7,3276467249,1,3,0,0,0,0,30,6,31,11,0,5,3
95,8,2940407668,1,0,0,0,1,1,30,5,36,6,1,6,3
95,9,1751409224,1,1,0,0,2,0,30,4,34,8,0,7,3
96,0,1048550611,1,0,0,0,1,1,30,6,42,0,1,1,0
96,1,712491030,1,1,0,0,2,0,30,5,35,7,0,2,0
96,2,3818459882,1,2,0,0,3,1,30,6,35,7,1,3,0
96,3,3482400301,1,3,0,0,0,0,30,0,29,13,0,4,0
96,4,1488081007,1,0,0,0,1,1,30,4,25,17,0,4,1
96,5,1152021426,1,1,0,0,2,0,30,3,24,18,0,5,1
96,6,4257990278,1,2,0,0,3,1,30,5,30,12,1,6,1
96,7,3921930697,1,3,0,0,0,0,30,4,31,11,0,7,1
97,0,3875756257,1,0,0,0,1,1,30,5,30,12,1,1,0
97,1,3440357789,1,1,0,0,2,0,30,5,25,17,0,2,0
97,2,2350698232,1,2,0,0,3,1,30,6,30,12,1,3,0
97,3,3257462562,1,3,0,0,0,0,30,5,42,0,0,4,0
97,4,20319357,1,0,0,0,1,1,30,1,35,7,1,5,0
97,5,1831743424,1,1,0,0,2,0,30,5,41,1,0,6,0
97,6,3543828604,1,2,0,0,3,1,30,4,42,0,1,7,0
98,0,3132059819,1,0,0,0,1,1,30,5,24,18,0,0,1
98,1,2796000238,1,1,0,0,2,0,30,4,39,3,0,1,1
98,2,1607001794,1,2,0,0,3,1,30,6,42,0,1,2,1
98,3,3418425861,1,3,0,0,0,0,30,4,33,9,0,3,1
98,4,3571590215,1,0,0,0,1,1,30,0,23,19,0,3,2
98,5,3235530634,1,1,0,0,2,0,30,4,29,13,0,4,2
98,6,751987405,1,2,0,0,3,1,30,3,35,7,1,5,2
98,7,1710472609,1,3,0,0,0,0,30,5,3,39,1,5,3
98,8,2716575826,1,0,0,0,1,1,30,5,13,29,0,5,4
98,9,3675061030,1,1,0,0,2,0,30,4,36,6,0,6,4
98,10,1191517801,1,2,0,0,3,1,30,4,25,17,0,6,5
98,11,2150003005,1,3,0,0,0,0,30,5,31,11,0,7,5
99,0,1145539470,1,0,0,0,1,1,30,4,41,1,1,1,0
99,1,2052303800,1,1,0,0,2,0,30,6,36,6,0,2,0
99,2,3110127891,1,2,0,0,3,1,30,5,16,26,0,2,1
99,3,2774068310,1,3,0,0,0,0,30,6,11,31,1,2,2
99,4,1585069866,1,0,0,0,1,1,30,5,29,13,0,2,3
99,5,2491834196,1,1,0,0,2,0,30,5,26,16,0,3,3
99,6,8290967,1,2,0,0,3,1,30,5,40,2,1,4,3
99,7,3213598706,1,3,0,0,0,0,30,4,12,30,1,4,4
99,8,730055477,1,0,0,0,1,1,30,6,36,6,1,5,4
99,9,1688540681,1,1,0,0,2,0,30,4,30,12,0,6,4
99,10,447821363,1,2,0,0,3,1,30,6,35,7,1,7,4
100,0,3651924415,1,0,0,0,1,1,30,4,42,0,1,1,0
100,1,3315864834,1,1,0,0,2,0,30,5,25,17,0,2,0
100,2,2126866390,1,2,0,0,3,1,30,5,24,18,0,2,1
100,3,985485959,1,3,0,0,0,0,30,4,12,30,1,2,2
100,4,4091454811,1,0,0,0,1,1,30,4,41,1,1,3,2
100,5,3755395230,1,1,0,0,2,0,30,0,13,29,0,4,2
100,6,2566396786,1,2,0,0,3,1,30,4,6,36,0,4,3
100,7,2230337205,1,3,0,0,0,0,30,4,30,12,0,5,3
100,8,1088956774,1,0,0,0,1,1,30,5,36,6,1,6,3
100,9,4194925626,1,1,0,0,2,0,30,5,35,7,0,7,3
101,0,3713548827,1,0,0,0,1,1,30,5,13,29,0,0,1
101,1,2572168396,1,1,0,0,2,0,30,5,35,7,0,1,1
101,2,1383169952,1,2,0,0,3,1,30,6,35,7,1,2,1
101,3,1047110371,1,3,0,0,0,0,30,2,24,18,0,3,1
101,4,4153079223,1,0,0,0,1,1,30,5,17,25,0,3,2
101,5,3011698792,1,1,0,0,2,0,30,5,29,13,0,4,2
101,6,1822700348,1,2,0,0,3,1,30,4,23,19,0,4,3
101,7,1486640767,1,3,0,0,0,0,30,4,41,1,0,5,3
101,8,1150581186,1,0,0,0,1,1,30,6,18,24,0,5,4
101,9,3451229188,1,1,0,0,2,0,30,4,25,17,0,6,4
101,10,3115169607,1,2,0,0,3,1,30,4,17,25,0,6,5
101,11,1926171163,1,3,0,0,0,0,30,4,18,24,0,7,5
102,0,1440466327,1,0,0,0,1,1,30,5,42,0,1,1,0
102,1,3251890394,1,1,0,0,2,0,30,5,9,33,1,1,1
102,2,4210375598,1,2,0,0,3,1,30,1,31,11,1,2,1
102,3,1726832369,1,3,0,0,0,0,30,5,25,17,0,3,1
102,4,1879996723,1,0,0,0,1,1,30,4,42,0,1,4,1
102,5,1543937142,1,1,0,0,2,0,30,2,22,20,0,5,1
102,6,3355361209,1,2,0,0,3,1,30,4,42,0,1,6,1
102,7,2166362765,1,3,0,0,0,0,30,5,12,30,1,6,2
102,8,3073127095,1,0,0,0,1,1,30,2,36,6,1,7,2
103,0,1502090739,1,0,0,0,1,1,30,6,13,29,0,0,1
103,1,360710308,1,1,0,0,2,0,30,5,35,7,0,1,1
103,2,3466679160,1,2,0,0,3,1,30,5,17,25,0,1,2
103,3,983135931,1,3,0,0,0,0,30,4,41,1,0,2,2
103,4,1941621135,1,0,0,0,1,1,30,4,36,6,1,3,2
103,5,800240704,1,1,0,0,2,0,30,5,8,34,1,3,3
103,6,2611664771,1,2,0,0,3,1,30,4,29,13,0,3,4
103,7,3570149975,1,3,0,0,0,0,30,5,33,9,0,4,4
103,8,1086606746,1,0,0,0,1,1,30,5,39,3,1,5,4
103,9,1239771100,1,1,0,0,2,0,30,5,1,41,1,5,5
103,10,3051195167,1,2,0,0,3,1,30,5,16,26,0,5,6
103,11,4009680371,1,3,0,0,0,0,30,4,7,35,1,5,7
104,0,4008475684,1,0,0,0,1,1,30,0,24,18,0,0,1
104,1,3672416103,1,1,0,0,2,0,30,5,24,18,0,1,1
104,2,2483417659,1,2,0,0,3,1,30,4,41,1,1,2,1
104,3,1342037228,1,3,0,0,0,0,30,5,30,12,0,3,1
104,4,153038784,1,0,0,0,1,1,30,0,31,11,1,4,1
104,5,4111946499,1,1,0,0,2,0,30,4,23,19,0,5,1
104,6,1628403270,1,2,0,0,3,1,30,4,41,1,1,6,1
104,7,1781567624,1,3,0,0,0,0,30,5,8,34,1,6,2
104,8,1445508043,1,0,0,0,1,1,30,5,41,1,1,7,2
105,0,1216634485,1,0,0,0,1,1,30,4,19,23,0,0,1
105,1,880574904,1,1,0,0,2,0,30,5,11,31,1,0,2
105,2,3986543756,1,2,0,0,3,1,30,5,13,29,0,0,3
105,3,3650484175,1,3,0,0,0,0,30,4,30,12,0,1,3
105,4,2461485731,1,0,0,0,1,1,30,6,29,13,0,1,4
105,5,1320105300,1,1,0,0,2,0,30,5,25,17,0,2,4
105,6,131106856,1,2,0,0,3,1,30,5,17,25,0,2,5
105,7,4090014571,1,3,0,0,0,0,30,5,28,14,0,3,5
105,8,1606471342,1,0,0,0,1,1,30,5,19,23,0,3,6
105,9,1759635696,1,1,0,0,2,0,30,4,34,8,0,4,6
105,10,1423576115,1,2,0,0,3,1,30,4,30,12,1,5,6
105,11,234577671,1,3,0,0,0,0,30,6,6,36,1,5,7
106,0,1278258897,1,0,0,0,1,1,30,4,31,11,1,1,0
106,1,942199316,1,1,0,0,2,0,30,5,42,0,0,2,0
106,2,3242847318,1,2,0,0,3,1,30,4,36,6,1,3,0
106,3,2906787737,1,3,0,0,0,0,30,5,14,28,0,4,0
106,4,1717789293,1,0,0,0,1,1,30,6,30,12,1,5,0
106,5,1381729712,1,1,0,0,2,0,30,3,7,35,1,5,1
106,6,3682377714,1,2,0,0,3,1,30,5,31,11,1,6,1
106,7,3346318133,1,3,0,0,0,0,30,4,35,7,0,7,1
107,0,4105464543,1,0,0,0,1,1,30,4,24,18,0,0,1
107,1,816600464,1,1,0,0,2,0,30,5,36,6,0,1,1
107,2,1775085668,1,2,0,0,3,1,30,5,29,13,0,1,2
107,3,3586509735,1,3,0,0,0,0,30,4,30,12,0,2,2
107,4,250027643,1,0,0,0,1,1,30,6,41,1,1,3,2
107,5,3403614508,1,1,0,0,2,0,30,4,31,11,0,4,2
107,6,920071279,1,2,0,0,3,1,30,6,15,27,0,4,3
107,7,4026040131,1,3,0,0,0,0,30,4,12,30,1,4,4
107,8,3689980550,1,0,0,0,1,1,30,3,41,1,1,5,4
107,9,3843144904,1,1,0,0,2,0,30,5,24,18,0,6,4
107,10,1359601675,1,2,0,0,3,1,30,2,41,1,1,7,4
108,0,3361768105,1,0,0,0,1,1,30,6,26,16,0,0,1
108,1,878224876,1,1,0,0,2,0,30,5,23,19,0,1,1
108,2,1031389230,1,2,0,0,3,1,30,0,35,7,1,2,1
108,3,695329649,1,3,0,0,0,0,30,5,19,23,0,3,1
108,4,3801298501,1,0,0,0,1,1,30,4,2,40,0,3,2
108,5,1317755272,1,1,0,0,2,0,30,5,1,41,1,3,3
108,6,176374841,1,2,0,0,3,1,30,5,25,17,0,3,4
108,7,1134860045,1,3,0,0,0,0,30,5,31,11,0,4,4
108,8,2946284112,1,0,0,0,1,1,30,1,36,6,1,5,4
108,9,1757285668,1,1,0,0,2,0,30,5,42,0,0,6,4
108,10,1421226087,1,2,0,0,3,1,30,4,41,1,1,7,4
109,0,1573185754,1,0,0,0,1,1,30,6,17,25,0,0,1
109,1,1237126173,1,1,0,0,2,0,30,5,35,7,0,1,1
109,2,48127729,1,2,0,0,3,1,30,5,28,14,0,1,2
109,3,4007035444,1,3,0,0,0,0,30,5,17,25,0,2,2
109,4,2012716150,1,0,0,0,1,1,30,0,31,11,1,3,2
109,5,1676656569,1,1,0,0,2,0,30,6,12,30,1,3,3
109,6,3488080636,1,2,0,0,3,1,30,5,24,18,0,3,4
109,7,151598544,1,3,0,0,0,0,30,4,17,25,0,4,4
109,8,3305185409,1,0,0,0,1,1,30,4,26,16,0,4,5
109,9,2116186965,1,1,0,0,2,0,30,5,34,8,0,5,5
109,10,1780127384,1,2,0,0,3,1,30,0,24,18,0,5,6
109,11,591128940,1,3,0,0,0,0,30,4,40,2,0,6,6
109,12,2402553007,1,0,0,0,1,1,30,4,6,36,0,6,7
110,0,3881632701,1,0,0,0,1,1,30,4,35,7,1,1,0
110,1,3545573120,1,1,0,0,2,0,30,1,14,28,0,2,0
110,2,1551253826,1,2,0,0,3,1,30,5,6,36,0,2,1
110,3,1215194245,1,3,0,0,0,0,30,5,24,18,0,3,1
110,4,26195801,1,0,0,0,1,1,30,3,41,1,1,4,1
110,5,3985103516,1,1,0,0,2,0,30,5,41,1,0,5,1
110,6,1990784222,1,2,0,0,3,1,30,4,24,18,0,5,2
110,7,1654724641,1,3,0,0,0,0,30,6,25,17,0,6,2
110,8,1318665060,1,0,0,0,1,1,30,1,30,12,1,7,2
111,0,3137936263,1,0,0,0,1,1,30,4,18,24,0,0,1
111,1,2801876682,1,1,0,0,2,0,30,4,7,35,1,0,2
111,2,3859700773,1,2,0,0,3,1,30,3,17,25,0,0,3
111,3,471497807,1,3,0,0,0,0,30,4,34,8,0,1,3
111,4,1529321898,1,0,0,0,1,1,30,5,42,0,1,2,3
111,5,3241407078,1,1,0,0,2,0,30,4,40,2,0,3,3
111,6,4263873,1,2,0,0,3,1,30,1,35,7,1,4,3
111,7,911028203,1,3,0,0,0,0,30,5,36,6,0,5,3
111,8,574968622,1,0,0,0,1,1,30,2,31,11,1,6,3
111,9,1632792713,1,1,0,0,2,0,30,4,40,2,0,7,3
112,0,1670174613,1,0,0,0,1,1,30,5,30,12,1,1,0
112,1,3481598680,1,1,0,0,2,0,30,0,24,18,0,2,0
112,2,3634763034,1,2,0,0,3,1,30,4,13,29,0,2,1
112,3,1151219805,1,3,0,0,0,0,30,5,30,12,0,3,1
112,4,2109705009,1,0,0,0,1,1,30,4,24,18,0,3,2
112,5,3921129076,1,1,0,0,2,0,30,2,18,24,0,4,2
112,6,2779748645,1,2,0,0,3,1,30,4,41,1,1,5,2
112,7,1590750201,1,3,0,0,0,0,30,5,25,17,0,6,2
112,8,1254690620,1,0,0,0,1,1,30,4,22,20,0,6,3
112,9,65692176,1,1,0,0,2,0,30,4,17,25,0,7,3
113,0,3657800859,1,0,0,0,1,1,30,5,18,24,0,0,1
113,1,321318767,1,1,0,0,2,0,30,5,23,19,0,1,1
113,2,3474905632,1,2,0,0,3,1,30,5,42,0,1,2,1
113,3,991362403,1,3,0,0,0,0,30,4,42,0,0,3,1
113,4,4097331255,1,0,0,0,1,1,30,4,41,1,1,4,1
113,5,3761271674,1,1,0,0,2,0,30,4,0,42,1,4,2
113,6,2572273230,1,2,0,0,3,1,30,4,13,29,0,4,3
113,7,1430892799,1,3,0,0,0,0,30,4,22,20,0,5,3
113,8,2389378003,1,0,0,0,1,1,30,4,30,12,1,6,3
113,9,4200802070,1,1,0,0,2,0,30,0,40,2,0,7,3
114,0,2190039209,1,0,0,0,1,1,30,5,6,36,0,0,1
114,1,3096803539,1,1,0,0,2,0,30,5,42,0,0,1,1
114,2,1907805095,1,2,0,0,3,1,30,5,31,11,1,2,1
114,3,1571745514,1,3,0,0,0,0,30,6,24,18,0,3,1
114,4,2629569605,1,0,0,0,1,1,30,5,25,17,0,3,2
114,5,2293510024,1,1,0,0,2,0,30,1,22,20,0,4,2
114,6,1052790706,1,2,0,0,3,1,30,4,8,34,0,4,3
114,7,2011275910,1,3,0,0,0,0,30,6,41,1,0,5,3
114,8,3822699977,1,0,0,0,1,1,30,6,40,2,1,6,3
114,9,2733040420,1,1,0,0,2,0,30,3,18,24,0,7,3
115,0,1446342771,1,0,0,0,1,1,30,6,24,18,0,0,1
115,1,1110283190,1,1,0,0,2,0,30,4,35,7,0,1,1
115,2,4216252042,1,2,0,0,3,1,30,4,9,33,0,1,2
115,3,3074871611,1,3,0,0,0,0,30,5,18,24,0,2,2
115,4,1885873167,1,0,0,0,1,1,30,4,8,34,0,2,3
115,5,1549813586,1,1,0,0,2,0,30,5,17,25,0,3,3
115,6,360815142,1,2,0,0,3,1,30,2,18,24,0,3,4
115,7,3514402007,1,3,0,0,0,0,30,4,40,2,0,4,4
115,8,3178342426,1,0,0,0,1,1,30,4,12,30,0,4,5
115,9,1989343982,1,1,0,0,2,0,30,4,23,19,0,5,5
115,10,3800768049,1,2,0,0,3,1,30,5,11,31,0,5,6
115,11,3953932403,1,3,0,0,0,0,30,4,11,31,1,5,7
116,0,4174209530,1,0,0,0,1,1,30,1,34,8,1,1,0
116,1,3838149949,1,1,0,0,2,0,30,5,11,31,1,1,1
116,2,3991314303,1,2,0,0,3,1,30,4,24,18,0,1,2
116,3,1507771074,1,3,0,0,0,0,30,3,7,35,1,1,3
116,4,1171711493,1,0,0,0,1,1,30,1,30,12,1,2,3
116,5,4277680345,1,1,0,0,2,0,30,4,20,22,0,3,3
116,6,3136299914,1,2,0,0,3,1,30,6,36,6,1,4,3
116,7,1947301470,1,3,0,0,0,0,30,4,40,2,0,5,3
116,8,1611241889,1,0,0,0,1,1,30,4,42,0,1,6,3
116,9,422243445,1,1,0,0,2,0,30,6,35,7,0,7,3
117,0,1966207367,1,0,0,0,1,1,30,6,31,11,1,1,0
117,1,2924692571,1,1,0,0,2,0,30,5,29,13,0,2,0
117,2,3930795788,1,2,0,0,3,1,30,5,29,13,0,2,1
117,3,3594736207,1,3,0,0,0,0,30,4,29,13,0,3,1
117,4,2405737763,1,0,0,0,1,1,30,5,19,23,0,3,2
117,5,2069678182,1,1,0,0,2,0,30,4,19,23,0,4,2
117,6,2222842536,1,2,0,0,3,1,30,4,36,6,1,5,2
117,7,4034266603,1,3,0,0,0,0,30,5,42,0,0,6,2
117,8,3698207022,1,0,0,0,1,1,30,5,13,29,0,6,3
117,9,2509208578,1,1,0,0,2,0,30,4,31,11,0,7,3
118,0,1222510929,1,0,0,0,1,1,30,5,41,1,1,1,0
118,1,2180996133,1,1,0,0,2,0,30,4,29,13,0,2,0
118,2,3992420200,1,2,0,0,3,1,30,3,41,1,1,3,0
118,3,3656360619,1,3,0,0,0,0,30,4,30,12,0,4,0
118,4,1662041325,1,0,0,0,1,1,30,0,35,7,1,5,0
118,5,1325981744,1,1,0,0,2,0,30,0,42,0,0,6,0
118,6,136983300,1,2,0,0,3,1,30,6,34,8,1,7,0
119,0,4049716575,1,0,0,0,1,1,30,5,34,8,1,1,0
119,1,3713656994,1,1,0,0,2,0,30,4,39,3,0,2,0
119,2,2524658550,1,2,0,0,3,1,30,4,36,6,1,3,0
119,3,3431422880,1,3,0,0,0,0,30,2,39,3,0,4,0
119,4,194279675,1,0,0,0,1,1,30,4,8,34,0,4,1
119,5,4153187390,1,1,0,0,2,0,30,4,19,23,0,5,1
119,6,1669644161,1,2,0,0,3,1,30,2,23,19,0,5,2
119,7,3870953276,1,3,0,0,0,0,30,5,26,16,0,6,2
119,8,1387410047,1,0,0,0,1,1,30,6,41,1,1,7,2
120,0,3306020137,1,0,0,0,1,1,30,5,39,3,1,1,0
120,1,2969960556,1,1,0,0,2,0,30,4,18,24,0,2,0
120,2,1780962112,1,2,0,0,3,1,30,5,23,19,0,2,1
120,3,1444902531,1,3,0,0,0,0,30,5,12,30,1,2,2
120,4,3745550533,1,0,0,0,1,1,30,5,8,34,0,2,3
120,5,3409490952,1,1,0,0,2,0,30,4,40,2,0,3,3
120,6,2220492508,1,2,0,0,3,1,30,4,36,6,1,4,3
120,7,1884432927,1,3,0,0,0,0,30,6,22,20,0,5,3
120,8,743052496,1,0,0,0,1,1,30,5,25,17,0,5,4
120,9,3849021348,1,1,0,0,2,0,30,5,42,0,0,6,4
120,10,1365478119,1,2,0,0,3,1,30,6,25,17,0,6,5
120,11,2323963323,1,3,0,0,0,0,30,4,42,0,0,7,5
121,0,2322758636,1,0,0,0,1,1,30,4,13,29,0,0,1
121,1,1986699055,1,1,0,0,2,0,30,4,2,40,1,0,2
121,2,4287347057,1,2,0,0,3,1,30,4,24,18,0,0,3
121,3,3951287476,1,3,0,0,0,0,30,4,35,7,0,1,3
121,4,2762289032,1,0,0,0,1,1,30,4,41,1,1,2,3
121,5,2426229451,1,1,0,0,2,0,30,4,18,24,0,3,3
121,6,431910157,1,2,0,0,3,1,30,4,7,35,0,3,4
121,7,95850576,1,3,0,0,0,0,30,6,41,1,0,4,4
121,8,4054758291,1,0,0,0,1,1,30,5,26,16,0,4,5
121,9,2865759847,1,1,0,0,2,0,30,6,25,17,0,5,5
121,10,1724379416,1,2,0,0,3,1,30,5,15,27,0,5,6
121,11,535380972,1,3,0,0,0,0,30,5,35,7,0,6,6
121,12,199321391,1,0,0,0,1,1,30,5,35,7,1,7,6
122,0,3825884733,1,0,0,0,1,1,30,4,23,19,0,0,1
122,1,489402641,1,1,0,0,2,0,30,4,23,19,0,1,1
122,2,2300826708,1,2,0,0,3,1,30,5,7,35,0,1,2
122,3,1159446277,1,3,0,0,0,0,30,4,34,8,0,2,2
122,4,4265415129,1,0,0,0,1,1,30,2,31,11,1,3,2
122,5,3929355548,1,1,0,0,2,0,30,4,41,1,0,4,2
122,6,2740357104,1,2,0,0,3,1,30,5,6,36,0,4,3
122,7,2404297523,1,3,0,0,0,0,30,5,31,11,0,5,3
122,8,1262917092,1,0,0,0,1,1,30,4,42,0,1,6,3
122,9,73918648,1,1,0,0,2,0,30,5,42,0,0,7,3
123,0,111300548,1,0,0,0,1,1,30,4,36,6,1,1,0
123,1,1922724615,1,1,0,0,2,0,30,6,29,13,0,2,0
123,2,2075888969,1,2,0,0,3,1,30,6,26,16,0,2,1
123,3,1739829388,1,3,0,0,0,0,30,4,22,20,0,3,1
123,4,550830944,1,0,0,0,1,1,30,5,35,7,1,4,1
123,5,2362255011,1,1,0,0,2,0,30,5,36,6,0,5,1
123,6,1220874580,1,2,0,0,3,1,30,6,41,1,1,6,1
123,7,2179359784,1,3,0,0,0,0,30,4,29,13,0,7,1
124,0,1614426645,1,0,0,0,1,1,30,5,13,29,0,0,1
124,1,1278367064,1,1,0,0,2,0,30,0,24,18,0,1,1
124,2,89368620,1,2,0,0,3,1,30,5,41,1,1,2,1
124,3,1900792687,1,3,0,0,0,0,30,5,39,3,0,3,1
124,4,2053957041,1,0,0,0,1,1,30,5,40,2,1,4,1
124,5,1717897460,1,1,0,0,2,0,30,6,16,26,0,5,1
124,6,3529321527,1,2,0,0,3,1,30,5,19,23,0,5,2
124,7,192839435,1,3,0,0,0,0,30,5,42,0,0,6,2
124,8,3247087413,1,0,0,0,1,1,30,1,42,0,1,7,2
125,0,1454569243,1,0,0,0,1,1,30,4,42,0,1,1,0
125,1,265570799,1,1,0,0,2,0,30,4,41,1,0,2,0
125,2,4224478514,1,2,0,0,3,1,30,4,6,36,0,2,1
125,3,1740935285,1,3,0,0,0,0,30,1,17,25,0,3,1
125,4,1894099639,1,0,0,0,1,1,30,4,13,29,0,3,2
125,5,3705523706,1,1,0,0,2,0,30,4,34,8,0,4,2
125,6,369041614,1,2,0,0,3,1,30,6,35,7,1,5,2
125,7,2180465681,1,3,0,0,0,0,30,2,17,25,0,6,2
125,8,2333630035,1,0,0,0,1,1,30,5,13,29,0,6,3
125,9,1997570454,1,1,0,0,2,0,30,5,41,1,0,7,3
126,0,4182436002,1,0,0,0,1,1,30,3,35,7,1,1,0
126,1,3846376421,1,1,0,0,2,0,30,5,41,1,0,2,0
126,2,2657377977,1,2,0,0,3,1,30,5,42,0,1,3,0
126,3,1515997546,1,3,0,0,0,0,30,5,24,18,0,4,0
126,4,326999102,1,0,0,0,1,1,30,3,42,0,1,5,0
126,5,4285906817,1,1,0,0,2,0,30,5,14,28,0,6,0
126,6,1048763612,1,2,0,0,3,1,30,1,28,14,0,6,1
126,7,1955527942,1,3,0,0,0,0,30,1,12,30,1,6,2
126,8,1619468361,1,0,0,0,1,1,30,4,42,0,1,7,2
127,0,1390594803,1,0,0,0,1,1,30,0,16,26,0,0,1
127,1,1054535222,1,1,0,0,2,0,30,5,35,7,0,1,1
127,2,4160504074,1,2,0,0,3,1,30,4,26,16,0,1,2
127,3,3824444493,1,3,0,0,0,0,30,4,35,7,0,2,2
127,4,2635446049,1,0,0,0,1,1,30,0,18,24,0,2,3
127,5,1494065618,1,1,0,0,2,0,30,4,40,2,0,3,3
127,6,305067174,1,2,0,0,3,1,30,4,23,19,0,3,4
127,7,4263974889,1,3,0,0,0,0,30,5,19,23,0,4,4
127,8,3927915308,1,0,0,0,1,1,30,4,40,2,1,5,4
127,9,1933596014,1,1,0,0,2,0,30,5,30,12,0,6,4
127,10,1597536433,1,2,0,0,3,1,30,4,30,12,1,7,4
