Model,R^2,RMSE
Simple (fixed coef),0.5519950556025036,6.964344908173345
Learned coef,0.7587726106369809,5.110368013906258
Learned + depth,0.759191894209241,5.105924850881042
