depth,n_states,compression
4,259,1.0401606425702812
8,8530,1.02082336045955
12,12587,1.0046292601165296
16,2241,1.0004464285714285
