depth,branching_factor
0,0.00047193742109796235
1,1.0
2,1.0
3,1.0
4,0.0046467007709075974
5,1.6851256652989688
6,1.6802457282785437
7,2.0
8,0.037179086666720144
9,2.1405102942143315
10,2.145407529552313
11,3.0
12,0.19926002356795086
13,2.4259617337032973
14,2.4469050243392294
15,4.0
16,0.6779566782657841
17,2.5589857483440945
18,2.601320826790034
19,5.0
20,1.6393682159755079
21,2.541287972557202
22,2.6255338904363974
23,6.0
24,2.597684515195369
25,1.9088397790055245
26,2.585714285714286
27,7.0
