metric,value
mean_alpha,31.527515467553346
std_alpha,40.72205507990071
mean_H,0.9254008013305249
std_H,0.1223034770324838
shuffled_alpha,0.555291450715042
shuffled_H,0.6139622467350865
