feature,coefficient
depth,1.5995415630373833
team0_counts,3.7257772869214296
team1_counts,3.795648945484472
intercept,15.07668
