component,variance,pct_total
total,189.02305136757838,100.0
count_capture,147.30457238158772,77.9294225311896
residual,41.71847898599067,22.070577468810406
