feature,correlation_with_V
n_trump,0.2605259595103495
count_points,0.23417352211542766
n_doubles,0.1950723003302686
total_pips,0.19302476097899257
high_pips,0.09439450755013519
n_suits,-0.09916212515814228
longest_suit,-0.10247692952807573
