feature,correlation_with_V
n_trump,0.272519544177322
n_doubles,0.17813708330769687
total_pips,0.1264422716838404
count_points,0.08328217171065061
high_pips,0.05978173571111696
longest_suit,-0.03073905064055817
n_suits,-0.05615356264277421
