depth,n_states,n_consistent,consistency_rate
1,2,2,1.0
2,2,2,1.0
3,3,3,1.0
4,1,1,1.0
5,57,32,0.5614035087719298
6,46,17,0.3695652173913043
7,29,16,0.5517241379310345
8,20,16,0.8
9,10,1,0.1
10,4,2,0.5
11,4,1,0.25
12,2,2,1.0
16,1,0,0.0
