base_seed,decl_id,n_common_states,n_consistent,consistency_rate
7,7,29,14,0.4827586206896552
19,9,43,20,0.46511627906976744
21,1,51,27,0.5294117647058824
26,6,58,34,0.5862068965517241
