metric,value,n_states,n_actions,pct_high_variance
overall_mean_q_std,7.488190450302534,95982085,135077770,0.9527021834841125
