slot,mean_std,median_std,std_of_std,pct_high_var,n_observations
0,5.768759840263351,6.29262014728681,1.6174488216582779,0.6513409961685823,261
1,6.134389334170693,6.241656461606111,1.2795491053610366,0.8892857142857142,280
2,6.078403328253382,6.0741433572161965,1.8394104877717732,0.701195219123506,251
3,6.3722766628677725,6.350657053952361,2.18091303594528,0.7016129032258065,248
4,7.028784527180587,6.875413762639724,2.10763780909337,0.7972350230414746,217
5,6.975731034522122,7.005584194191706,2.313786942243355,0.7464788732394366,213
6,7.443017357798588,7.507850365736083,1.8710203667907612,0.8898305084745762,118
