count,p_team0_holds,n_team0,n_team1,v_when_team0_holds,v_when_team1_holds,v_diff
3-2,0.6314907872696818,377,220,12.440318302387269,16.6,-4.159681697612733
4-1,0.47068676716917923,281,316,12.896797153024911,14.930379746835444,-2.0335825938105323
5-0,0.34505862646566166,206,391,15.320388349514563,13.263427109974424,2.056961239540138
5-5,0.5745393634840871,343,254,20.314868804664723,5.409448818897638,14.905419985767086
6-4,0.3785594639865997,226,371,18.238938053097346,11.374663072776281,6.864274980321065
