count,mean_p_capture,std_p_capture,min_p_capture,max_p_capture,median_p_capture
3-2,0.4318015873015873,0.20664030916579185,0.017460317460317464,0.9,0.4373015873015873
4-1,0.3376111111111111,0.25607837172259734,0.0,0.9,0.3
5-0,0.2805674603174603,0.2659098763538685,0.004761904761904762,0.9,0.1904761904761905
5-5,0.4371547619047619,0.23236555696329478,0.1507936507936508,0.9,0.30317460317460315
6-4,0.30215079365079367,0.23760165227226315,0.0015873015873015817,0.9,0.2761904761904762
