feature,coefficient,abs_coef
total_pips,-6.482285136455023,6.482285136455023
n_5_high,-5.490186507108368,5.490186507108368
n_doubles,3.0476713310630283,3.0476713310630283
has_trump_double,2.251795419922007,2.251795419922007
trump_count,1.8771141768206918,1.8771141768206918
n_6_high,-1.7945964784612558,1.7945964784612558
max_suit_length,1.2602057108814821,1.2602057108814821
count_points,0.7774694224152645,0.7774694224152645
