feature,correlation,abs_corr
n_doubles,0.3953004007890241,0.3953004007890241
has_trump_double,0.2420119735723673,0.2420119735723673
trump_count,0.22876920600346984,0.22876920600346984
count_points,0.19677121271101636,0.19677121271101636
n_6_high,-0.1605390826543947,0.1605390826543947
max_suit_length,-0.08362149855212288,0.08362149855212288
n_5_high,0.07797772479628642,0.07797772479628642
total_pips,0.03535229347687584,0.03535229347687584
