intercept,r2,cv_r2_mean,cv_r2_std,coef_n_doubles,coef_trump_count,coef_n_6_high,coef_n_5_high,coef_count_points,coef_total_pips,coef_has_trump_double,coef_max_suit_length
-4.128628127460539,0.24664707942989683,0.18160315530555216,0.08074037242473879,6.396980710467886,3.2388286842319074,-1.2283540440951843,-0.2696387525739097,0.2424938117455162,0.04529666881389849,2.1601182296141515,0.21219996183046674
