count,corr_with_holding,best_feature,best_feature_corr
3-2,0.5061669577859975,count_points,0.333340814943583
4-1,0.6749545121670254,count_points,0.18958779141374568
5-0,0.812859097717837,n_5_high,0.426304663099958
5-5,0.7869026977193238,count_points,0.4942683362841387
6-4,0.8110866663763824,count_points,0.5412996668677954
