feature,correlation,abs_corr
count_points,0.6065767884250421,0.6065767884250421
n_doubles,0.26221720728541886,0.26221720728541886
trump_count,0.20253105971239108,0.20253105971239108
n_5_high,0.17515742574215978,0.17515742574215978
n_6_high,-0.17072700339341648,0.17072700339341648
has_trump_double,0.16331321820159986,0.16331321820159986
max_suit_length,-0.06730351944564278,0.06730351944564278
total_pips,0.012902158920602754,0.012902158920602754
