feature,coefficient
n_doubles,0.029344634912565504
trump_count,0.029565214263621572
n_6_high,-0.011953729046515957
n_5_high,0.008368494131837063
count_points,0.11540801418224549
total_pips,-0.0318197665699957
has_trump_double,0.002122522391070994
max_suit_length,0.0011999024770214708
