trump_vs_locks,trump_vs_capture,trump_vs_ev,trump_vs_spread,n_samples
-0.05117631508950375,-0.06965651405480378,0.22876920600346984,-0.09380703201840354,200
