slot,robust,fragile,total,robust_pct,mean_q_var
0,70558,13943,84501,83.49960355498752,6.369831594735101
1,58295,11970,70265,82.9644915676368,6.424716276183695
2,46937,12652,59589,78.76789340314487,6.259119626350811
3,47881,12229,60110,79.65563134253868,6.748595606951257
4,42746,11885,54631,78.24495249949662,6.92761200474473
5,33822,12582,46404,72.88595810705974,6.6368826996779156
6,22677,9587,32264,70.28576741879495,6.402747037394381
