n_states,n_robust_best,n_fragile_best,robust_pct,robust_q_var_mean,fragile_q_var_mean
898967,755911,143056,84.08662386939676,7.345144465590066,7.614031220340976
