depth,robust,fragile,total,robust_pct
1,3592,0,3592,100.0
5,195310,2613,197923,98.67978961515337
9,74798,5706,80504,92.91215343336977
13,1048,209,1257,83.3731105807478
17,1,0,1,100.0
25,1,1,2,50.0
