total_moves,pct_robust,pct_mixed,pct_fragile,mean_q_std,pct_best_robust,n_samples
1770418,24.684904920758825,56.11042138071348,19.204673698527692,6.575041918609575,27.728629120663022,200
