r2_std,cv_r2_std_mean,cv_r2_std_std,r2_spread,cv_r2_spread_mean,cv_r2_spread_std,ev_std_corr,n_samples
0.8332811836632025,-207618.5993961529,346860.4978630447,0.8607068353056053,-133.19259806297458,252.1346939470502,-0.5520604032270761,10
