n_counts_vs_ev,count_points_vs_ev,counts_vs_bid,n_samples
0.3051830508443688,0.19677121271101636,0.3332272821410988,200
