n_seeds,n_states,mean_info_gain,median_info_gain,max_info_gain,pct_benefit_any,pct_benefit_significant,pct_benefit_large,action_agreement_rate
50,84182,0.8366198661660416,0.0,31.33333396911621,26.701670190777126,16.581929628661708,6.278064194245801,74.73846348783984
