Target,Model,Train_R2,CV_R2_mean,CV_R2_std,Overfit_ratio
E[V],Napkin (2 features),0.2331514587906337,0.15200315848573345,0.21373514861711662,1.5338593034072814
E[V],Full (10 features),0.2589233742020369,0.10896001706218698,0.24508556638613535,2.376315470419402
E[V],Ridge Full,0.2589148430898931,0.1111164586315422,0.24319638549096878,2.3301214444607576
σ(V),Napkin (2 features),0.029932499465780915,-0.0648875382332964,0.1647571576651987,
σ(V),Full (10 features),0.08053557514484111,-0.12566298795442155,0.2012105580456487,
σ(V),Ridge Full,0.08052793131378388,-0.12262692658333973,0.19960300212755672,
