prefix_len,plays,trick,train_acc,test_acc
9,9,3,1.0,0.9772727272727273
12,12,4,1.0,0.9590909090909091
16,16,5,1.0,0.9636363636363636
20,20,6,1.0,0.9590909090909091
24,24,7,1.0,0.9590909090909091
28,28,8,1.0,0.9590909090909091
29,29,8,1.0,0.9681818181818181
