trick,n_states,mean_spread,std_spread,median_spread,p25,p75,max_spread
1,1,22.0,0.0,22.0,22.0,22.0,22.0
2,98,5.346938775510204,10.007244356389847,0.0,0.0,4.0,44.0
3,4751,6.891180804041254,12.03005025466652,0.0,0.0,12.0,76.0
4,81879,5.507126369398747,10.078273998196998,0.0,0.0,10.0,74.0
5,292931,4.191212265004387,8.386388836960448,0.0,0.0,2.0,66.0
6,118880,2.5585969044414534,6.525329706275599,0.0,0.0,0.0,64.0
7,1460,0.0,0.0,0.0,0.0,0.0,0.0
