trick,is_trump,is_count,is_double,high_pip,n_leads
3,0.27906976744186046,0.11627906976744186,0.3953488372093023,2.5348837209302326,43
4,0.32152347209920284,0.11603188662533215,0.33480956598759964,2.7192205491585475,1129
5,0.3116591928251121,0.13629083920563742,0.3329596412556054,2.846252402306214,6244
6,0.2847331240188383,0.1501177394034537,0.3228021978021978,3.09478021978022,5096
7,0.21348314606741572,0.19662921348314608,0.24719101123595505,3.747191011235955,178
