metric,value
n_seeds,30.0
n_observations,90.0
mean_V,13.88888888888889
total_variance,550.4144818976279
between_seed_variance,170.5466155810983
within_seed_variance,569.1555555555555
pct_deal,23.05611937288626
pct_opponent,76.94388062711374
ICC,-0.03485904143905822
f_stat,0.8989455373828001
p_value,0.6147563609043717
